{"type":"FeatureCollection","features":[{"type":"Feature","properties":{"province":"Bagmati Province","district":"Sindhuli","municipality":"Marin Rural Municipality","ward":"5","wardNumber":5,"sourceMunicipality":"Marin","sourceType":"Gaunpalika"},"geometry":{"type":"Polygon","coordinates":[[[85.79690896482869,27.2585463931899],[85.79661122952906,27.258462621319747],[85.79616356430002,27.258375286601144],[85.7959526724961,27.258256065919095],[85.79587045342174,27.258151599128134],[85.79586432520942,27.258018372020977],[85.79597430134604,27.25782975324166],[85.79595260395104,27.25761962916828],[85.7959508526984,27.257601561689995],[85.79539320720001,27.257316920228597],[85.79530667309413,27.257146870562202],[85.79541177190507,27.25691530182566],[85.79551749724574,27.256801142430497],[85.79564404190994,27.25656976110757],[85.79576958384725,27.25622547120073],[85.79580896948278,27.255824103371754],[85.79567591437174,27.25519323096532],[85.79567234524588,27.254732846407794],[85.79581933355576,27.254388744008235],[85.79585802988508,27.253872216868615],[85.79559580101208,27.253127437418584],[85.79552908558658,27.252783774818095],[85.79554865250796,27.252553769462118],[85.7954815610811,27.252153714997352],[85.79524184193528,27.251521907125614],[85.79523858622521,27.2511201633889],[85.79519400489774,27.250891847431394],[85.79510747179198,27.250719546995008],[85.79471863551997,27.250188082055377],[85.79422363639515,27.24971213381118],[85.79392296087104,27.249522205184643],[85.79372938849697,27.249351281752787],[85.79362140873434,27.249178794155064],[85.79316892489332,27.248664834530054],[85.79265003857142,27.247865916639327],[85.79178307786108,27.24626501582096],[85.7916513375834,27.245805757161524],[85.7916250082175,27.2451736348243],[85.79172716432377,27.24454244845813],[85.79191541592373,27.244024982211716],[85.79197856335628,27.243910447867798],[85.79227523170988,27.24362186069325],[85.79261360102399,27.243159784918394],[85.79265561537336,27.24304506359193],[85.79271895058801,27.242986920575344],[85.79280285466312,27.24275741536485],[85.79282242166963,27.24252740995706],[85.79277784064921,27.242299030392658],[85.79275019681789,27.24149535718979],[85.79257581536869,27.24103791217578],[85.79257356245598,27.24075120298108],[85.79267966239766,27.240655111317416],[85.79312720070749,27.240516754584576],[85.79357417528402,27.240285870198512],[85.79370128303617,27.24016964730598],[85.79412412006604,27.2395932245813],[85.7942073981772,27.239307264919262],[85.79422201976516,27.23844526201172],[85.79445259813353,27.237869465523836],[85.7946848674954,27.237523862789512],[85.79493996027392,27.237370253134237],[85.79602691964837,27.23705690157575],[85.79634590948852,27.23686553052603],[85.79660144035704,27.236786442406437],[85.79698601972599,27.236803319118387],[85.79722066799317,27.23676468152191],[85.79751814965887,27.236570871839046],[85.79760274231685,27.23645652532133],[85.79772822221997,27.236091916833672],[85.79785595660742,27.2360343366036],[85.79796155610757,27.235899858807898],[85.79815087148859,27.235495175707236],[85.79826952798652,27.23429100898217],[85.79820243693098,27.23388864134848],[85.79796209103894,27.233202754329398],[85.79785048139627,27.232572069911114],[85.79782571754859,27.232170138995283],[85.79773693015485,27.231711192728085],[85.79760644222405,27.231425734784533],[85.79742717782167,27.23033629193772],[85.79738359786478,27.23022082066076],[85.79716751488107,27.229916545068455],[85.79699545030459,27.22974580869114],[85.79678055667115,27.229592703147343],[85.79647900491739,27.22925160567683],[85.79615475549272,27.2287364571598],[85.79606884875953,27.228679315775818],[85.7960038861157,27.228565908496265],[85.79597974802839,27.228220369146182],[85.79635762840508,27.227359176237396],[85.79635600139633,27.227185375249068],[85.79626978127823,27.22707177978769],[85.79592640266303,27.226863471714516],[85.79547673588063,27.22671293111765],[85.79526240605982,27.22660046209725],[85.79521819995891,27.226428599370713],[85.79521688483422,27.226254798795097],[85.7953217965191,27.226007412762094],[85.79536418677999,27.225967150186364],[85.79570506016708,27.225850425205017],[85.79585330074202,27.225677936195776],[85.79585136043667,27.225447680963143],[85.79578664747156,27.225334272963316],[85.79559269925545,27.22514303088846],[85.79559125985459,27.224953475202273],[85.79601666381946,27.224720090698852],[85.796334840434,27.224452010144127],[85.796526848234,27.224410745689294],[85.79708211459408,27.224426808965255],[85.79725242681485,27.224349284688955],[85.7973584021467,27.224235062714175],[85.79735740020556,27.224099710278736],[85.79731413390219,27.22404281869253],[85.79714288228027,27.223969173506614],[85.79697175701472,27.223949607078577],[85.79671610131525,27.224008376039013],[85.79650170853753,27.223952361421315],[85.79639410622944,27.22383857924419],[85.79647800884749,27.22360913615986],[85.79671009094845,27.223243214420606],[85.79700769873288,27.223126115224563],[85.79711348708005,27.223030086099822],[85.79721889930539,27.222857033905736],[85.79717400563688,27.2226287801822],[85.79706471181203,27.222341196454728],[85.79704095016444,27.222054362562456],[85.79708252672255,27.221919260166572],[85.7972303918332,27.22178515637804],[85.79735850224793,27.2217839681545],[85.79767987159141,27.221953764656053],[85.79782955193215,27.22197308148065],[85.79789320062673,27.221953325865833],[85.79799892490979,27.221836852779983],[85.79812478175795,27.221607721712953],[85.79816285257162,27.221088944876026],[85.79809576267931,27.220745281992635],[85.79809319627705,27.22045863533859],[85.79815534164806,27.220229004327003],[85.79815302580977,27.219998749446493],[85.79806261189091,27.21942470621883],[85.798167334777,27.219195388208306],[85.79844249594905,27.21896300555451],[85.79856897842282,27.218790265631686],[85.79861061747692,27.218675544823412],[85.79860898993823,27.218501743796786],[85.79837158659092,27.218158956926924],[85.79800206847926,27.21741542973204],[85.79784763119821,27.216840824137236],[85.7977565279466,27.21615393592298],[85.79760365509524,27.21575313182844],[85.79725889854433,27.215352954574602],[85.79723613858214,27.215181216589873],[85.79736255804535,27.214988222132558],[85.79759570500124,27.2148141688663],[85.79797477559634,27.21421705240873],[85.79820767116823,27.21400686371692],[85.79839867831026,27.21388889008556],[85.79878194307173,27.2138109263525],[85.79922860531785,27.213654502026166],[85.80006053660829,27.213648056383313],[85.80018808324616,27.213608542923797],[85.8005080132161,27.213588659928575],[85.80084794895228,27.213433611036248],[85.80097480699173,27.21331732614142],[85.80105889920544,27.21318259889698],[85.80150343344692,27.212777913204008],[85.80158846376185,27.212737963799444],[85.80218092551475,27.212160726876316],[85.80237055495752,27.21187120235183],[85.80255793069807,27.211315287990764],[85.80266309258568,27.211160491497598],[85.8028959881995,27.210948052375937],[85.80321429111878,27.21075443027531],[85.80372472662411,27.210560119257533],[85.80397988271879,27.210481030892133],[85.8047040218244,27.210342797026964],[85.80491647427148,27.21024526683213],[85.80512792500453,27.210034890744968],[85.80512667195063,27.209861089645514],[85.80478316830485,27.20963477540203],[85.80467456365731,27.20940589696215],[85.80452131560261,27.208946387986785],[85.80443083821488,27.208315891577133],[85.80423307043365,27.20762812847467],[85.8040801983131,27.207227324205615],[85.8040157985458,27.207170433385198],[85.80386423966,27.206884663016403],[85.80358357031461,27.20648279728355],[85.80319554783144,27.206025854109203],[85.80284916407652,27.205397672714334],[85.80278276186249,27.205110463635226],[85.80269103271966,27.20436487065895],[85.80251564928317,27.20367504392577],[85.80216287438724,27.20172197321148],[85.80174939482389,27.200287555176285],[85.80150597716012,27.19879355595599],[85.80146101945698,27.19839143813613],[85.8014537545215,27.197240287786745],[85.80127836929333,27.196378849240016],[85.80125391714745,27.19591821362162],[85.80116569190996,27.195400625033734],[85.80120601609647,27.195055647923464],[85.80119799933847,27.193733009526678],[85.80112865224206,27.192870257274404],[85.801166220864,27.19206477034046],[85.80135215492058,27.191201952378382],[85.80143305290075,27.190511999115802],[85.80144823545267,27.18953258671953],[85.80163341865118,27.18849590590533],[85.80167205074777,27.187864282409546],[85.80162678026714,27.187462164360376],[85.80162615365997,27.18734706856309],[85.80162446255784,27.1870581712048],[85.80168654494207,27.186772024153118],[85.80172317368664,27.185851503550616],[85.80167990726676,27.185736094352475],[85.80152308650898,27.184470662166397],[85.80128593097476,27.183954137376844],[85.800878401414,27.18344055249039],[85.80049175299135,27.182866261347407],[85.800339191641,27.182291656773323],[85.80012323161323,27.181775319172203],[85.80005751724075,27.181488047788076],[85.79994922453793,27.18120271461964],[85.79988520005746,27.181143447700915],[85.79982067547834,27.181009783928765],[85.79964904701787,27.18080066154002],[85.79926409045507,27.180515268618677],[85.79892252579833,27.18032502855952],[85.79849605479616,27.180174675148677],[85.7976425499192,27.1797768772182],[85.7972162667848,27.1796626597448],[85.79696123566607,27.179703361974607],[85.79679129913951,27.179780885400778],[85.79657853375465,27.179763319723378],[85.79584875526257,27.17877072185368],[85.79546367260943,27.178408556503026],[85.79499362084083,27.17808402677083],[85.7946519942799,27.177932172871092],[85.79379748714291,27.177362825530828],[85.79345535791047,27.177057488740715],[85.79309491566822,27.177309377358803],[85.79279805843296,27.177482930829065],[85.79235408723594,27.177907934538613],[85.79190936524786,27.178253915148964],[85.7912311195309,27.178661102945966],[85.7908072796648,27.178968946614514],[85.79057519802656,27.179278413844326],[85.7905334961949,27.17943152169904],[85.79007164911961,27.180429693888634],[85.78971233531192,27.180950224716867],[85.7893525817016,27.181317273048677],[85.78886465582768,27.181626805719194],[85.78767478626999,27.18217172531711],[85.78631372724335,27.18252565251539],[85.78546254120427,27.18270333671846],[85.78444273373614,27.183152664826068],[85.78418764098548,27.18322950198296],[85.78376085790762,27.18313779119201],[85.7834198573127,27.183100970511923],[85.78299263565034,27.18293029904907],[85.78271559628531,27.182876035188052],[85.78241773813748,27.18297269080473],[85.78224786403182,27.183070533249516],[85.78212063019295,27.1831665005097],[85.78171873737689,27.183630201784695],[85.78159156732251,27.18374642440543],[85.78142163052924,27.183823948700855],[85.78065616393512,27.184038518504394],[85.78023138451715,27.184253772114864],[85.77963635607625,27.18448784605839],[85.77870032670523,27.18468509905044],[85.77827548470324,27.18488003512208],[85.77740385571673,27.185190695470975],[85.7770863670433,27.185519670089217],[85.77698314738427,27.18607627174128],[85.77694100788132,27.186152668969754],[85.77681383704132,27.186268892016162],[85.7766439630018,27.18636673429206],[85.77630365151332,27.186445010681897],[85.77519436608114,27.1861848183001],[85.77493870890652,27.186166815154266],[85.77459814656922,27.186206703956696],[85.77417299193905,27.186342935396844],[85.77391827513583,27.186498732584514],[85.7736631197252,27.18657775796744],[85.77349324605441,27.186673287514434],[85.772771923656,27.187177066237123],[85.77249657452852,27.187427455028907],[85.77219990537611,27.187697974473608],[85.77194562758086,27.18793048187456],[85.77177550252576,27.187989938580824],[85.77160581633186,27.188105911620116],[85.77135084872181,27.18822094686496],[85.7709265710081,27.188530916892233],[85.7708223494882,27.188915968283496],[85.77080253180883,27.189146035310277],[85.77067680189134,27.189530900078523],[85.77052918713862,27.1897597804865],[85.77033830705827,27.18993420853431],[85.77018981495401,27.190011857491886],[85.76984925294134,27.190051746929846],[85.7691683168485,27.190228616932888],[85.76857228651771,27.19029114035734],[85.767975942061,27.190294896367178],[85.76748563668275,27.190240947019106],[85.7672101625968,27.190473267067503],[85.76670003905076,27.190667390833077],[85.7664238767568,27.190823001525732],[85.76585041866672,27.191095585758713],[85.76548997723279,27.19142193431364],[85.7652577704436,27.19176972643892],[85.76500718752354,27.192634169945478],[85.7647551008287,27.193268419944292],[85.7646723872187,27.19367172711045],[85.76446256582915,27.194247648032515],[85.76427324989263,27.194652267881107],[85.76382959320023,27.195287082837094],[85.76300248358122,27.195925277534393],[85.76283317291382,27.196117897389804],[85.76279109594486,27.196214614359096],[85.76272895100331,27.196500698693786],[85.76253957291551,27.196905256741037],[85.7624982478888,27.197135137063455],[85.7623934623145,27.19742309679603],[85.7622455352254,27.19765422889839],[85.76218263909378,27.19782746766363],[85.76205766061408,27.19834549541266],[85.76195694584484,27.199324159046704],[85.76226332267134,27.20076001559118],[85.7622468248709,27.201565627742028],[85.76216411173641,27.20202757604131],[85.76225459232654,27.202946970605645],[85.76236257153656,27.203175850019104],[85.76245060851824,27.20363479610837],[85.76258053540492,27.20403766368067],[85.76303183227775,27.204666844826836],[85.76320477454063,27.20506783563076],[85.76329368956105,27.20570052091762],[85.76318921680833,27.206047248745406],[85.76238699724182,27.207317628579315],[85.76243270611162,27.207834904942782],[85.76258545680706,27.208465901957776],[85.76248067067777,27.208753861711116],[85.76248192407252,27.208984054982945],[85.76280473533177,27.209499266081128],[85.76287001194646,27.209730083504432],[85.76285107125015,27.210131639113975],[85.76272483955643,27.210419411531074],[85.76272546608678,27.21053457087027],[85.76279049252119,27.210706620820964],[85.76289753228006,27.21078433034292],[85.76300444656319,27.210821402547726],[85.76326016641954,27.210839405761483],[85.76373065414428,27.211123422753083],[85.76381700059562,27.21131379106333],[85.76381756471228,27.21142888704228],[85.76367013863599,27.21171872368047],[85.7637137179963,27.21189064805032],[85.76390672926597,27.21210002052097],[85.76409905035484,27.212176166538338],[85.76435489485753,27.212212300559003],[85.76452570850908,27.212288258603472],[85.76469752346856,27.21247712510886],[85.76476248656635,27.212649175655066],[85.76463782212781,27.213225908303244],[85.76464032643881,27.21362765096901],[85.76470723115803,27.214145115145865],[85.7646469025713,27.21472234789482],[85.76454180393071,27.215010308408537],[85.76424607426304,27.21541399112493],[85.76382411434376,27.216164089858253],[85.76371901555429,27.216395658688583],[85.7636568709794,27.216681680719518],[85.76365749687035,27.216796839935178],[85.76380962021872,27.217254097655623],[85.76381080986724,27.217427899338755],[85.76372684421621,27.217657342273604],[85.76370702653541,27.217887409950702],[85.76390141452327,27.21828633807877],[85.76390204078659,27.218401434069445],[85.76362938461301,27.219089701412333],[85.76360950508526,27.21931970664271],[85.76376131523602,27.21972051019328],[85.76431927602827,27.220348377495096],[85.76451203679052,27.22049904508831],[85.76493969635504,27.22072623394574],[85.76511138595195,27.22089703226019],[85.76521974131744,27.22120268377617],[85.76509388521922,27.22150852469419],[85.76475651670549,27.222083320853166],[85.76467255111551,27.222312764272793],[85.76467380320206,27.22248656499933],[85.76508352467289,27.223284671702867],[85.7651273551511,27.223456534203606],[85.7652350212761,27.22362902098227],[85.76538683086078,27.22402976256789],[85.7654976916328,27.224716963935805],[85.76552696501825,27.225976583804286],[85.76557643193665,27.22710553933903],[85.76557768371711,27.227277090472537],[85.76562220389096,27.227561798201133],[85.76560507877544,27.228250000699983],[85.76544071563151,27.229225975793725],[85.76529335171988,27.229513498954073],[85.76503988702801,27.229858853052807],[85.76455221175563,27.23026528856587],[85.76391504445787,27.230632089104024],[85.76346869398476,27.230806456507942],[85.76327762571746,27.23096050257431],[85.76276819129437,27.23124940473549],[85.7618754291468,27.231638776019533],[85.7616844852044,27.231754498673318],[85.76157844740634,27.231868658835843],[85.76153705901307,27.232042084919158],[85.76188551156524,27.233243559944743],[85.76229579564703,27.23410030821026],[85.76268563648381,27.235071964982467],[85.76283807326362,27.235587927952487],[85.76290560403055,27.23616178351042],[85.76312306575917,27.23684760852278],[85.76316915101467,27.237421276518123],[85.7632126681151,27.237590950605544],[85.76321429649869,27.237821205927645],[85.7631322089072,27.238337358440415],[85.7631562217691,27.238739225989473],[85.76343777031143,27.239482004092263],[85.76341914308131,27.23988355981721],[85.76304188965776,27.240918429706642],[85.76278873759124,27.241320236912504],[85.76264068485463,27.241494977147756],[85.76255640552039,27.241665715244753],[85.76251595650514,27.242010691895274],[85.76269052796215,27.242639687942155],[85.7626914670195,27.242813488669935],[85.76273435846167,27.242870255109214],[85.76280063667792,27.243213855535465],[85.76295219658147,27.243612471903354],[85.76336191456639,27.24418482411187],[85.7636415209022,27.24446940558664],[85.76374987531945,27.244698346875307],[85.76379439378121,27.24492897617555],[85.7637776441908,27.24556066259638],[85.76365385485667,27.246135206959618],[85.76352787396793,27.246422979676606],[85.76340164219278,27.246652048309556],[85.76285144564719,27.247285926117307],[85.76244842578339,27.247614151213376],[85.7621509437113,27.247767260519158],[85.76117039737548,27.247945946601835],[85.76091417723163,27.247909812688345],[85.76046488542075,27.24777721513803],[85.76008086917885,27.247760275384145],[85.75969603915524,27.24768688161959],[85.75912070367514,27.247785665334302],[85.75880058614392,27.24778729363129],[85.758097828684,27.247905271707037],[85.75682167599264,27.248354351126046],[85.75671582592085,27.248450505766062],[85.7564200964947,27.248872194123003],[85.75635619773927,27.248909955461976],[85.75620845868781,27.249141149629978],[85.7560166386833,27.24916203215156],[85.7556325581232,27.249068320639836],[85.75467264197594,27.24897855190488],[85.7542882487487,27.248828448588934],[85.7540322171052,27.248830700723968],[85.75383983367864,27.248754492525972],[85.75307255044173,27.24872061418066],[85.75288029181738,27.24866472379191],[85.75268834680963,27.248665287998488],[85.75217797360638,27.248859349050935],[85.75192306802138,27.24901508452473],[85.75154080504372,27.249189951283242],[85.75134942296191,27.249305612319517],[85.75115872988405,27.24947772690566],[85.7507779063132,27.249939240250647],[85.75054551176976,27.250284781290414],[85.75035575771608,27.250630633882537],[85.75018863965076,27.251204679336148],[85.74999982458951,27.251663377814456],[85.74983089054756,27.251950776291476],[85.74972635522629,27.252238736962678],[85.74964326622397,27.2526419807511],[85.74945438920632,27.253100741630117],[85.74922474974308,27.25390441688266],[85.74890795017919,27.25436655518661],[85.74867918042574,27.254533793934787],[85.74834937261784,27.25460981926063],[85.74803081968564,27.254839451787117],[85.74755583780518,27.25536786018677],[85.74740747150364,27.25545226173277],[85.74641855768112,27.256707325075485],[85.74587348759712,27.257203538449673],[85.74557212880103,27.257392658792114],[85.74484467542855,27.257596036553302],[85.74437562786514,27.257587350194456],[85.74375446298797,27.25771945657119],[85.74213092967524,27.257851633420564],[85.7416174318493,27.258264571087892],[85.74165594797984,27.258461253709463],[85.74224810637057,27.258719324340692],[85.74292704564085,27.258901497443475],[85.74318245253937,27.258926315525038],[85.74378029662886,27.258877546537114],[85.74446173560003,27.258926492934947],[85.74556595668763,27.259175619597748],[85.74633142680743,27.259302150842014],[85.74675564675513,27.25942324585373],[85.74718080400638,27.259487948444345],[85.74785974294741,27.259670059219996],[85.7482362581692,27.25984723283746],[85.74866710538424,27.259941319817074],[85.748898191714,27.26008104618426],[85.74935642698206,27.260493726575735],[85.74964541175848,27.26084607815982],[85.74991570108249,27.261101275928684],[85.75024470134419,27.26154877918791],[85.75066867857433,27.262401213457576],[85.75091402334591,27.2627915763295],[85.75114060950423,27.263084723395693],[85.75153850826695,27.26336136350716],[85.75176909499064,27.263519158609167],[85.75240314329936,27.26376403730497],[85.75303962878039,27.26393220688749],[85.7534230208483,27.263978467703495],[85.75387156065253,27.263989217025152],[85.75425732715915,27.26395882977884],[85.75444902290302,27.26398308606467],[85.75457825813993,27.263945886116492],[85.75541050260975,27.26400295896088],[85.75674512217496,27.264416444207843],[85.7570639283135,27.264480210511877],[85.75924435537716,27.26447244033666],[85.75950201250673,27.264438616259444],[85.75982588052356,27.264330894083347],[85.75995317745144,27.264354587984062],[85.76040309263799,27.264324700098893],[85.7618241739601,27.263973898613106],[85.76234292538798,27.26377308507092],[85.76266916884353,27.263588716164207],[85.76286348920817,27.263515880361812],[85.76338567879796,27.26320222185145],[85.76397089074209,27.262927511820823],[85.7642292982952,27.26285536276453],[85.7649445576277,27.26252757363625],[85.76526755068264,27.26243791963619],[85.76565388014107,27.2623894021641],[85.76602032637327,27.2622820551142],[85.76697986694482,27.262360445835945],[85.7671694381481,27.262461411146806],[85.76786950971366,27.262648085064686],[85.76825446380055,27.26263795423541],[85.76902118487101,27.262732725377166],[85.76959820942784,27.26274453747349],[85.7703040946168,27.262721399720206],[85.7707550095115,27.26265537620693],[85.7711389004951,27.262683569523713],[85.7714602070009,27.26267056267265],[85.77171798867988,27.262618670690948],[85.77345018750155,27.262600025593972],[85.77408929891169,27.262670916969874],[85.77491410513416,27.26297612483088],[85.77522941052517,27.263157174868358],[85.77554715366165,27.263259265135126],[85.77586652126114,27.263304901008798],[85.77644260902419,27.2633370306958],[85.7767008289015,27.263285138427474],[85.77772945632027,27.26319260232686],[85.77804876179371,27.263238176209807],[85.77845628634653,27.263189783451217],[85.77951035923088,27.262962020800405],[85.77970549250566,27.26287124211834],[85.78009313363373,27.262763957873066],[85.78061313486293,27.262527009081055],[85.78117740252493,27.262231729928462],[85.78214644336131,27.261985086578783],[85.78253277300072,27.261936507413676],[85.78285314085572,27.26194381869712],[85.78310842285117,27.26198664225559],[85.78406983897814,27.262008515381492],[85.78439120740885,27.261977441351974],[85.78503594308597,27.261856651004297],[85.7861355316247,27.261536673150392],[85.78716347207775,27.261482336070888],[85.78800340400727,27.261288771921787],[85.78877725014796,27.26117129358917],[85.7892311029152,27.261008180092897],[85.78987802676022,27.260828683765247],[85.79013862136124,27.26069995636443],[85.79117743644929,27.26030276890562],[85.7915041802418,27.260097894056383],[85.79169881323054,27.260027371820406],[85.7920203692208,27.26001436450133],[85.79240288581998,27.260139523091706],[85.7927236919216,27.26016484122256],[85.79414452531346,27.25997164700325],[85.79466265164834,27.25984966979182],[85.79479319916892,27.25977639713718],[85.79507398877449,27.259706561963686],[85.7951627712643,27.259612533704704],[85.79524880264371,27.259595215310153],[85.79544662366199,27.259429914957988],[85.79622896995895,27.259066489427063],[85.79690896482869,27.2585463931899]]]}},{"type":"Feature","properties":{"province":"Bagmati Province","district":"Sindhuli","municipality":"Marin Rural Municipality","ward":"7","wardNumber":7,"sourceMunicipality":"Marin","sourceType":"Gaunpalika"},"geometry":{"type":"Polygon","coordinates":[[[85.80172192486879,27.30104583596665],[85.80132632908268,27.299830482399212],[85.80124492268513,27.299674062154896],[85.80109254681102,27.29898210978193],[85.8009706247451,27.298748604545665],[85.80087189786296,27.2984407652899],[85.80076935794638,27.298284157799287],[85.80067275622238,27.29789967012829],[85.80055289591084,27.29758945563333],[85.80051650527106,27.29735895035184],[85.80031698869202,27.296817793419073],[85.8000728948902,27.296353033650952],[85.79983736189514,27.29558137178694],[85.79989937743858,27.294893543708135],[85.79994368976676,27.293284696106284],[85.79990742459829,27.293054191534882],[85.79974667406387,27.292666890913804],[85.79963312602223,27.29212648376869],[85.79970139179441,27.291208463116735],[85.79959196965007,27.290516886508215],[85.79958752413721,27.289902893283426],[85.79951861727614,27.289288526461643],[85.79936655408996,27.288596574492857],[85.79890599742271,27.287434798855955],[85.79886960670441,27.287204232130247],[85.7986899105418,27.286740034487774],[85.7984495585506,27.28535669271643],[85.79812167415794,27.284044872378804],[85.79771720384053,27.28319275077394],[85.79754125784035,27.282577383689677],[85.79750699172216,27.282270106543347],[85.79730372614027,27.281880180514083],[85.79713885006753,27.281648551823377],[85.79705488074156,27.281589160251098],[85.79684867674938,27.28129620092138],[85.79657732511197,27.28104112821066],[85.79634998842504,27.280748043566458],[85.796078635259,27.280492908420573],[85.79565891496415,27.280177819774778],[85.79525807823008,27.2799576955099],[85.79463034118528,27.27942648242105],[85.79450341938498,27.27936671576346],[85.79427558210524,27.27909382509665],[85.79417529295387,27.278842502091994],[85.79405968295943,27.27837880424761],[85.79404480046246,27.278148486468826],[85.79398490161851,27.277994504104793],[85.79397839379676,27.2774572844384],[85.79408511280376,27.27669312141034],[85.79448569184548,27.276145832540536],[85.79470545868303,27.275940082831873],[85.79492372467136,27.27579297538141],[85.79555189023417,27.275538833101415],[85.7958346808426,27.275371969219083],[85.79620650211041,27.27509307187918],[85.79640144746276,27.275020235734324],[85.79651154981784,27.274908327062494],[85.79674156561428,27.274337032330592],[85.79674369097904,27.274260322475858],[85.79687842609385,27.27403356718039],[85.79694869889798,27.273806187596467],[85.79722060600848,27.27327590490015],[85.79733795846523,27.272895541996572],[85.79753821644492,27.272630837250837],[85.79844498540086,27.272363251192704],[85.7986396810447,27.27229047852137],[85.79890133757127,27.27212342684697],[85.7992040106232,27.272015393199453],[85.79955276218108,27.27179495019855],[85.79986093480068,27.271495172015612],[85.79999573223641,27.271266104208863],[85.80008957573735,27.270962201095113],[85.80052178796191,27.270051867976346],[85.80070147601637,27.269750965342038],[85.80121059415237,27.269148159023032],[85.80140791572805,27.269000864363615],[85.8018195652396,27.268857694012112],[85.80203445648334,27.2688437508572],[85.80255308425433,27.26870370565355],[85.8031565545813,27.268602795577664],[85.8034169615825,27.268494449254433],[85.80378672166972,27.268312518121533],[85.80409295728633,27.268109705718384],[85.80424888712301,27.267903394126414],[85.80431984874312,27.267676076456258],[85.80417598055799,27.267460451632843],[85.80379758833206,27.267204442314856],[85.80369373662636,27.267086157955177],[85.80353179922105,27.266757500768797],[85.80355774396563,27.26660426772689],[85.80373861961047,27.26628529782612],[85.80370222953887,27.26605479321896],[85.8037346745859,27.265673617858074],[85.80367715070528,27.265442925647534],[85.80366464328594,27.265135835587984],[85.80369271345366,27.264905892634363],[85.8035537840203,27.264521031150668],[85.80345093209911,27.264366611495483],[85.80341279117998,27.264212879463003],[85.80335945543716,27.263828767156678],[85.80337939238,27.26314056474296],[85.80324502505438,27.262602220254923],[85.80315561094577,27.261987602389066],[85.8029442744123,27.26114166824855],[85.80290369595666,27.261064584001463],[85.80281922768081,27.261023196883983],[85.8026829851386,27.260541307351932],[85.80253905431114,27.26032793311435],[85.80222618635982,27.260034099020285],[85.80201585719142,27.25989462250435],[85.80188843518302,27.259852923842427],[85.80169867687572,27.25973395331845],[85.80157075485,27.259712573059907],[85.80087136942734,27.259426681667982],[85.79991401472637,27.25917474121905],[85.79972119328268,27.259170865978483],[85.79940145021324,27.25910491208588],[85.79857464290644,27.258779635630685],[85.79819187548084,27.258674795961678],[85.79722977078767,27.25857402362538],[85.79690896482869,27.2585463931899],[85.79622896995895,27.259066489427063],[85.79544662366199,27.259429914957988],[85.79524880264371,27.259595215310153],[85.7951627712643,27.259612533704704],[85.79507398877449,27.259706561963686],[85.79479319916892,27.25977639713718],[85.79466265164834,27.25984966979182],[85.79414452531346,27.25997164700325],[85.7927236919216,27.26016484122256],[85.79240288581998,27.260139523091706],[85.7920203692208,27.26001436450133],[85.79169881323054,27.260027371820406],[85.7915041802418,27.260097894056383],[85.79117743644929,27.26030276890562],[85.79013862136124,27.26069995636443],[85.78987802676022,27.260828683765247],[85.7892311029152,27.261008180092897],[85.78877725014796,27.26117129358917],[85.78800340400727,27.261288771921787],[85.78716347207775,27.261482336070888],[85.7861355316247,27.261536673150392],[85.78503594308597,27.261856651004297],[85.78439120740885,27.261977441351974],[85.78406983897814,27.262008515381492],[85.78310842285117,27.26198664225559],[85.78285314085572,27.26194381869712],[85.78253277300072,27.261936507413676],[85.78214644336131,27.261985086578783],[85.78117740252493,27.262231729928462],[85.78061313486293,27.262527009081055],[85.78009313363373,27.262763957873066],[85.77970549250566,27.26287124211834],[85.77951035923088,27.262962020800405],[85.77845628634653,27.263189783451217],[85.77804876179371,27.263238176209807],[85.77772945632027,27.26319260232686],[85.7767008289015,27.263285138427474],[85.77644260902419,27.2633370306958],[85.77586652126114,27.263304901008798],[85.77554715366165,27.263259265135126],[85.77522941052517,27.263157174868358],[85.77491410513416,27.26297612483088],[85.77408929891169,27.262670916969874],[85.77345018750155,27.262600025593972],[85.77171798867988,27.262618670690948],[85.7714602070009,27.26267056267265],[85.7711389004951,27.262683569523713],[85.7707550095115,27.26265537620693],[85.7703040946168,27.262721399720206],[85.76959820942784,27.26274453747349],[85.76902118487101,27.262732725377166],[85.76825446380055,27.26263795423541],[85.76786950971366,27.262648085064686],[85.7671694381481,27.262461411146806],[85.76697986694482,27.262360445835945],[85.76602032637327,27.2622820551142],[85.76565388014107,27.2623894021641],[85.76526755068264,27.26243791963619],[85.7649445576277,27.26252757363625],[85.7642292982952,27.26285536276453],[85.76397089074209,27.262927511820823],[85.76338567879796,27.26320222185145],[85.76286348920817,27.263515880361812],[85.76266916884353,27.263588716164207],[85.76234292538798,27.26377308507092],[85.7618241739601,27.263973898613106],[85.76040309263799,27.264324700098893],[85.75995317745144,27.264354587984062],[85.75982588052356,27.264330894083347],[85.75950201250673,27.264438616259444],[85.75924435537716,27.26447244033666],[85.7570639283135,27.264480210511877],[85.75674512217496,27.264416444207843],[85.75541050260975,27.26400295896088],[85.75457825813993,27.263945886116492],[85.75444902290302,27.26398308606467],[85.75425732715915,27.26395882977884],[85.75387156065253,27.263989217025152],[85.7534230208483,27.263978467703495],[85.75303962878039,27.26393220688749],[85.75240314329936,27.26376403730497],[85.75176909499064,27.263519158609167],[85.75153850826695,27.26336136350716],[85.75114060950423,27.263084723395693],[85.75091402334591,27.2627915763295],[85.75066867857433,27.262401213457576],[85.75024470134419,27.26154877918791],[85.74991570108249,27.261101275928684],[85.74964541175848,27.26084607815982],[85.74935642698206,27.260493726575735],[85.748898191714,27.26008104618426],[85.74866710538424,27.259941319817074],[85.7482362581692,27.25984723283746],[85.74785974294741,27.259670059219996],[85.74718080400638,27.259487948444345],[85.74675564675513,27.25942324585373],[85.74633142680743,27.259302150842014],[85.74556595668763,27.259175619597748],[85.74446173560003,27.258926492934947],[85.74378029662886,27.258877546537114],[85.74318245253937,27.258926315525038],[85.74292704564085,27.258901497443475],[85.74224810637057,27.258719324340692],[85.74165594797984,27.258461253709463],[85.7416174318493,27.258264571087892],[85.74125311107261,27.25832221587134],[85.74065432984072,27.258425188841752],[85.74048245434825,27.25850039993827],[85.73968166606603,27.259154473101837],[85.73916104205375,27.259662126246337],[85.738511309416,27.260225047057702],[85.7383602546526,27.260318450754312],[85.73788195810296,27.260826478339297],[85.73773077920472,27.260938075243825],[85.7372087174082,27.261520062186598],[85.73688110142736,27.261955004998743],[85.73639861861193,27.26269091253311],[85.73583335454306,27.263292968794698],[85.73546147230475,27.263822252495057],[85.73506958301527,27.26427463832713],[85.73432288230165,27.265484375287937],[85.73423491449499,27.265637045262867],[85.73401321192009,27.26609093049919],[85.73383915067335,27.26629930596341],[85.7334273146092,27.26667248066362],[85.73325137818608,27.266957503260475],[85.73311402011541,27.267488910796885],[85.7330630685404,27.26794654590823],[85.73306038148145,27.26810002781105],[85.7332018128924,27.26852340092611],[85.73330654054485,27.268639434792078],[85.73343290005651,27.268717331614084],[85.73445383977119,27.268868680435045],[85.73464547279055,27.268870429480998],[85.7351605975596,27.26868774689149],[85.7357341226387,27.268812528322528],[85.73618397497883,27.268705993697907],[85.73641793636578,27.268728436014896],[85.73660725670605,27.268883605350013],[85.73677182124865,27.269212325009654],[85.73693863495852,27.269423761320713],[85.73731702663335,27.269718282055212],[85.737887864983,27.26999429657145],[85.73801328693959,27.270130835056037],[85.73819960882985,27.270439424443705],[85.73868304033782,27.270827471873016],[85.73918541811256,27.27135337287703],[85.7395568121018,27.27204732307824],[85.73999666508789,27.272493638743796],[85.7402014325502,27.272953647168666],[85.7403876917831,27.273262235740386],[85.74064592307012,27.274336611821106],[85.7408381922227,27.27548713620208],[85.74085132644865,27.27594539584053],[85.74096975052848,27.27648136423081],[85.74131020072615,27.277709909992808],[85.74155792149809,27.27817260630715],[85.7419221915553,27.279247919531144],[85.74200472324844,27.279402088570947],[85.7421246472887,27.279863598754677],[85.74231166852766,27.281316524003714],[85.74226240389584,27.281679443162034],[85.74204438885158,27.281943772363014],[85.74195823233251,27.281999414478335],[85.74171852201599,27.28228168696156],[85.7414151005652,27.28256333437304],[85.74085214851718,27.283032227036085],[85.74059092975587,27.28331424945735],[85.74039373540211,27.283617152021016],[85.74016665933405,27.284375689292307],[85.74016134813566,27.28468259171292],[85.74025970125443,27.285141664011256],[85.7404445233291,27.285526962922017],[85.74063284450874,27.285740836885616],[85.7422477668302,27.287256269297835],[85.74239507179719,27.287354484383883],[85.74277290180706,27.287705521361467],[85.74310627891917,27.288130581337114],[85.74356739006667,27.28857702122342],[85.74371257066674,27.288808587794197],[85.74383243233008,27.289270035659566],[85.74386944928463,27.28957506239023],[85.74379586513906,27.29010934474785],[85.74378786650746,27.290567416212152],[85.74388328232479,27.291179908720675],[85.74380557379324,27.291942070148806],[85.74369353560523,27.292245722824454],[85.74364558414517,27.292552250883872],[85.74363577340718,27.293087032983937],[85.7436530941129,27.293315162452608],[85.74373306482956,27.29362281470787],[85.74393933214279,27.29400836342762],[85.74425107639689,27.294453492216057],[85.74466860963656,27.294956011059792],[85.74487868897238,27.29514975418533],[85.74512778405467,27.295517609741957],[85.74564942014673,27.296174611353656],[85.74610953190626,27.29667969366597],[85.74635869021938,27.297047611798952],[85.74675777826894,27.297396398712955],[85.74715530384672,27.29782427134533],[85.74768056472699,27.298271335788915],[85.74791046392248,27.298523908341547],[85.74828929384188,27.29881617864247],[85.74885663236729,27.299315507835605],[85.75000649854285,27.299768131753623],[85.75025940498654,27.299908045414103],[85.75036650689766,27.29991129551464],[85.75071563332804,27.29966840938312],[85.75116898615913,27.29954374414278],[85.75207706708373,27.299217828783014],[85.75246808446398,27.29901595393133],[85.75272692928775,27.298945993218812],[85.75298814891504,27.298797197638898],[85.75413762871078,27.298265657137527],[85.7547479748941,27.29787616302846],[85.75494535805599,27.29770861193326],[85.75538932817784,27.297143818081004],[85.75552950855091,27.297490356223438],[85.75565556317592,27.29833554067378],[85.75591016512527,27.299184225488897],[85.755942181232,27.29956821315213],[85.7561048691196,27.29987880257823],[85.75614113515117,27.30010937017249],[85.75638166672147,27.300689225943668],[85.75677481678458,27.301175740954545],[85.75708262236103,27.301641125286988],[85.75749934198855,27.302053367916432],[85.75804585961384,27.30240803010968],[85.75850572019039,27.302802454844844],[85.75881758824201,27.303134737002363],[85.7590894404437,27.303369678518187],[85.75981759103605,27.3041118907859],[85.76056318722448,27.30500771081435],[85.76070918041495,27.305146688050215],[85.76085142284074,27.305416515887533],[85.76108088428784,27.305632952638994],[85.76143351863483,27.306042257318765],[85.76187255915625,27.306414113474887],[85.76212502838676,27.306574282672173],[85.76237856011295,27.30669394136871],[85.76282416381419,27.30683779262672],[85.76307988305616,27.306880740257963],[85.76333391564106,27.30698220599764],[85.7635219861411,27.30713962500314],[85.76376870583512,27.307507418612143],[85.76387969013994,27.308122285707263],[85.76386494037119,27.30865931887747],[85.7637576579655,27.30942116852932],[85.76353933687565,27.310335563676002],[85.76331232082022,27.310791762258123],[85.76297957740411,27.311206324251852],[85.76273661525836,27.31146827773982],[85.76181490918218,27.31227264690141],[85.76159020579804,27.312649821779928],[85.76119518832176,27.312987173916504],[85.76059641286433,27.31371983205009],[85.76036964628904,27.31417596719825],[85.76035458419983,27.314710749312933],[85.76047013106795,27.31517219631333],[85.76061349845129,27.315405952093137],[85.76066770973392,27.315751740364053],[85.7608514057009,27.316080585144174],[85.76158636875094,27.316594918105764],[85.76184102595244,27.316676127742184],[85.76209718313747,27.31670100785795],[85.76312656182179,27.316646858526717],[85.76415406560562,27.316649163582426],[85.76492928655384,27.316493486035107],[85.76544385083538,27.31646422315704],[85.76570038301162,27.316489041357766],[85.76603900885537,27.316631955725736],[85.7667127607649,27.31702831598791],[85.76781829639698,27.317320142926697],[85.76815686025813,27.31746080695059],[85.76883623715042,27.317665423863716],[85.76926464437825,27.317655604884223],[85.7699527719327,27.317555569560312],[85.77063846166145,27.317532245450607],[85.77150034003824,27.317338931685388],[85.7721921545855,27.317105794583764],[85.77345798767455,27.31625247132755],[85.77405063762133,27.315727250000748],[85.77517572684111,27.3145454563313],[85.77603115995626,27.313817172961144],[85.77616383231089,27.31366706506377],[85.77658985737828,27.312986923910483],[85.77665550606928,27.3129310945006],[85.7769057799714,27.31239837399813],[85.77747773478498,27.311857210004693],[85.77761465712928,27.311553682379063],[85.77766811040807,27.311170506515765],[85.77778383712287,27.310866791933158],[85.77813802648436,27.31045235488175],[85.77821923700755,27.309841424846063],[85.7781912841524,27.30930626713449],[85.77813588567207,27.308998928017665],[85.77814851098302,27.308538542291235],[85.77828993294759,27.30808159419425],[85.77851663674574,27.307627709862707],[85.77867294181446,27.307401079173093],[85.77911316271053,27.306969324128584],[85.77933561614556,27.306668858930994],[85.77953399937154,27.306462921307993],[85.78016897760413,27.3059584553549],[85.78145288871245,27.30598539030423],[85.78162501402988,27.305950754428718],[85.7821393283633,27.305941685004864],[85.78325886372843,27.305716671545234],[85.7837743653235,27.305651210698507],[85.78437471052418,27.305627074408367],[85.78506327583835,27.305506657815048],[85.785841934757,27.305235759806507],[85.78644571802764,27.305096588990466],[85.7870511256185,27.3048986506406],[85.78765928475141,27.304585678363996],[85.78826469229216,27.304387803515024],[85.78913200809806,27.30400487111345],[85.78990960436914,27.303772358711193],[85.79051070072185,27.303727841190497],[85.79085301408558,27.303735278019396],[85.7912777971511,27.303878941845436],[85.79196267433844,27.303893878055387],[85.79222076881814,27.3038622410304],[85.79291533384466,27.30353420138997],[85.79332992106332,27.30325561651473],[85.79359051561867,27.303126951295987],[85.7944507058127,27.302992154632182],[85.79547232604332,27.302441235149573],[85.79624879788112,27.30224704609899],[85.79676304902941,27.302240164620514],[85.79753852052774,27.30208430039617],[85.79831099152106,27.302025526348842],[85.79874177474,27.30193893518203],[85.79908540046146,27.30190798542462],[85.80037924922904,27.301591819732057],[85.80115747047799,27.301320858550923],[85.80172192486879,27.30104583596665]]]}},{"type":"Feature","properties":{"province":"Bagmati Province","district":"Sindhuli","municipality":"Marin Rural Municipality","ward":"4","wardNumber":4,"sourceMunicipality":"Marin","sourceType":"Gaunpalika"},"geometry":{"type":"Polygon","coordinates":[[[85.6778400743169,27.2759296971835],[85.67822802722151,27.275725759109815],[85.67855264439935,27.275480497182848],[85.67926321571329,27.275146393085187],[85.67977790428866,27.27503835721461],[85.68087242832081,27.27472825839784],[85.68151722610345,27.274508625993377],[85.68267565061105,27.274239662834287],[85.68453777134225,27.274058532957074],[85.68479486563689,27.274024833862224],[85.68558709414,27.273941928184904],[85.68610115692668,27.273854210660897],[85.68706394815611,27.273791060366158],[85.6874494023248,27.27374047982603],[85.68867222440548,27.273472079084215],[85.69194442739519,27.273295001108142],[85.69329285934464,27.273163139586153],[85.69483511286273,27.27295631734409],[85.69624981787695,27.272691853819676],[85.69779444579058,27.272333798688738],[85.69837340743803,27.27222857553423],[85.70037057498968,27.271646764780545],[85.70094978614466,27.271521223366708],[85.7013362405083,27.271414313816575],[85.70256162389315,27.27097417488818],[85.7032059223888,27.27079280423177],[85.70449789171398,27.270220188566867],[85.7056616896144,27.269644135154383],[85.70617850312445,27.269423253810285],[85.70656495585808,27.26931396881663],[85.70727371380781,27.269020314408536],[85.70817141815883,27.268843504937944],[85.70849284788969,27.268733657416206],[85.70907262122809,27.268474889719148],[85.70935297240406,27.268287894887333],[85.70995800240476,27.267781179352287],[85.71015288537065,27.267611439958472],[85.71030362711419,27.26751797383517],[85.71075772773358,27.267124980313202],[85.71090847027875,27.267031576748387],[85.71112636005562,27.26674917900684],[85.71130098389982,27.266502542985453],[85.71141077293454,27.266313923876737],[85.71160565522516,27.266144185303645],[85.71182304494246,27.265879918328697],[85.71195209216782,27.265804332824658],[85.71317035047356,27.265594323731552],[85.71374862368067,27.265412328909093],[85.71432602280926,27.265307043313232],[85.71464745319577,27.26521745160108],[85.71484058514523,27.265144741117755],[85.71542117203906,27.264867905468893],[85.71600313203666,27.264532489895434],[85.71651900749055,27.264311483894787],[85.71677616373213,27.26423933568588],[85.71703356987237,27.264149181993712],[85.71845321079401,27.263464781734175],[85.71916071873198,27.263247775338716],[85.7199278145109,27.2632795913219],[85.72069290916946,27.26340618451696],[85.72164870036366,27.263613613348483],[85.72216038953916,27.263622736998016],[85.72312255360033,27.263466745758354],[85.72401919578311,27.26340490845969],[85.72433993851277,27.26335364059303],[85.72466143067895,27.26326179865125],[85.72504888369944,27.263059923474874],[85.72562753227604,27.262895933794248],[85.72626876795262,27.26281146639607],[85.72652592381714,27.262739317724435],[85.72710625969032,27.26248280034653],[85.72738586172828,27.262352134436117],[85.72755879928562,27.262222845231967],[85.72801152518464,27.261942571883772],[85.72890916648035,27.261824280084863],[85.72987451855327,27.26149673856427],[85.73060759629911,27.261049726768658],[85.73110640026438,27.26058027273829],[85.7318184703206,27.260115067325273],[85.73233378261826,27.25991206671487],[85.73284809529515,27.259767769823057],[85.73381363557692,27.25942209852619],[85.73452083059941,27.259223096842486],[85.73477723770243,27.259189272614673],[85.73586994860256,27.258901241870895],[85.73619062946456,27.258849973456456],[85.73702393409776,27.258749125532947],[85.7381107725021,27.258786064823962],[85.73868717175756,27.258737046263132],[85.73907100032841,27.25874273189554],[85.73939118045827,27.25871178321873],[85.73990549263773,27.25856742384038],[85.74048245434825,27.25850039993827],[85.74065432984072,27.258425188841752],[85.74125311107261,27.25832221587134],[85.7416174318493,27.258264571087892],[85.74213092967524,27.257851633420564],[85.74375446298797,27.25771945657119],[85.74437562786514,27.257587350194456],[85.74484467542855,27.257596036553302],[85.74557212880103,27.257392658792114],[85.74587348759712,27.257203538449673],[85.74641855768112,27.256707325075485],[85.74740747150364,27.25545226173277],[85.74755583780518,27.25536786018677],[85.74803081968564,27.254839451787117],[85.74834937261784,27.25460981926063],[85.74867918042574,27.254533793934787],[85.74890795017919,27.25436655518661],[85.74922474974308,27.25390441688266],[85.74945438920632,27.253100741630117],[85.74964326622397,27.2526419807511],[85.74972635522629,27.252238736962678],[85.74983089054756,27.251950776291476],[85.74999982458951,27.251663377814456],[85.75018863965076,27.251204679336148],[85.75035575771608,27.250630633882537],[85.75054551176976,27.250284781290414],[85.7507779063132,27.249939240250647],[85.75115872988405,27.24947772690566],[85.75134942296191,27.249305612319517],[85.75154080504372,27.249189951283242],[85.75192306802138,27.24901508452473],[85.75217797360638,27.248859349050935],[85.75268834680963,27.248665287998488],[85.75288029181738,27.24866472379191],[85.75307255044173,27.24872061418066],[85.75383983367864,27.248754492525972],[85.7540322171052,27.248830700723968],[85.7542882487487,27.248828448588934],[85.75467264197594,27.24897855190488],[85.7556325581232,27.249068320639836],[85.7560166386833,27.24916203215156],[85.75620845868781,27.249141149629978],[85.75635619773927,27.248909955461976],[85.7564200964947,27.248872194123003],[85.75671582592085,27.248450505766062],[85.75682167599264,27.248354351126046],[85.758097828684,27.247905271707037],[85.75880058614392,27.24778729363129],[85.75912070367514,27.247785665334302],[85.75969603915524,27.24768688161959],[85.76008086917885,27.247760275384145],[85.76046488542075,27.24777721513803],[85.76091417723163,27.247909812688345],[85.76117039737548,27.247945946601835],[85.7621509437113,27.247767260519158],[85.76244842578339,27.247614151213376],[85.76285144564719,27.247285926117307],[85.76340164219278,27.246652048309556],[85.76352787396793,27.246422979676606],[85.76365385485667,27.246135206959618],[85.7637776441908,27.24556066259638],[85.76379439378121,27.24492897617555],[85.76374987531945,27.244698346875307],[85.7636415209022,27.24446940558664],[85.76336191456639,27.24418482411187],[85.76295219658147,27.243612471903354],[85.76280063667792,27.243213855535465],[85.76273435846167,27.242870255109214],[85.7626914670195,27.242813488669935],[85.76269052796215,27.242639687942155],[85.76251595650514,27.242010691895274],[85.76255640552039,27.241665715244753],[85.76264068485463,27.241494977147756],[85.76278873759124,27.241320236912504],[85.76304188965776,27.240918429706642],[85.76341914308131,27.23988355981721],[85.76343777031143,27.239482004092263],[85.7631562217691,27.238739225989473],[85.7631322089072,27.238337358440415],[85.76321429649869,27.237821205927645],[85.7632126681151,27.237590950605544],[85.76316915101467,27.237421276518123],[85.76312306575917,27.23684760852278],[85.76290560403055,27.23616178351042],[85.76283807326362,27.235587927952487],[85.76268563648381,27.235071964982467],[85.76229579564703,27.23410030821026],[85.76188551156524,27.233243559944743],[85.76153705901307,27.232042084919158],[85.76157844740634,27.231868658835843],[85.7616844852044,27.231754498673318],[85.7618754291468,27.231638776019533],[85.76276819129437,27.23124940473549],[85.76327762571746,27.23096050257431],[85.76346869398476,27.230806456507942],[85.76391504445787,27.230632089104024],[85.76455221175563,27.23026528856587],[85.76503988702801,27.229858853052807],[85.76529335171988,27.229513498954073],[85.76544071563151,27.229225975793725],[85.76560507877544,27.228250000699983],[85.76562220389096,27.227561798201133],[85.76557768371711,27.227277090472537],[85.76557643193665,27.22710553933903],[85.76552696501825,27.225976583804286],[85.7654976916328,27.224716963935805],[85.76538683086078,27.22402976256789],[85.7652350212761,27.22362902098227],[85.7651273551511,27.223456534203606],[85.76508352467289,27.223284671702867],[85.76467380320206,27.22248656499933],[85.76467255111551,27.222312764272793],[85.76475651670549,27.222083320853166],[85.76509388521922,27.22150852469419],[85.76521974131744,27.22120268377617],[85.76511138595195,27.22089703226019],[85.76493969635504,27.22072623394574],[85.76451203679052,27.22049904508831],[85.76431927602827,27.220348377495096],[85.76376131523602,27.21972051019328],[85.76360950508526,27.21931970664271],[85.76362938461301,27.219089701412333],[85.76390204078659,27.218401434069445],[85.76390141452327,27.21828633807877],[85.76370702653541,27.217887409950702],[85.76372684421621,27.217657342273604],[85.76381080986724,27.217427899338755],[85.76380962021872,27.217254097655623],[85.76365749687035,27.216796839935178],[85.7636568709794,27.216681680719518],[85.76371901555429,27.216395658688583],[85.76382411434376,27.216164089858253],[85.76424607426304,27.21541399112493],[85.76454180393071,27.215010308408537],[85.7646469025713,27.21472234789482],[85.76470723115803,27.214145115145865],[85.76464032643881,27.21362765096901],[85.76463782212781,27.213225908303244],[85.76476248656635,27.212649175655066],[85.76469752346856,27.21247712510886],[85.76452570850908,27.212288258603472],[85.76435489485753,27.212212300559003],[85.76409905035484,27.212176166538338],[85.76390672926597,27.21210002052097],[85.7637137179963,27.21189064805032],[85.76367013863599,27.21171872368047],[85.76381756471228,27.21142888704228],[85.76381700059562,27.21131379106333],[85.76373065414428,27.211123422753083],[85.76326016641954,27.210839405761483],[85.76300444656319,27.210821402547726],[85.76289753228006,27.21078433034292],[85.76279049252119,27.210706620820964],[85.76272546608678,27.21053457087027],[85.76272483955643,27.210419411531074],[85.76285107125015,27.210131639113975],[85.76287001194646,27.209730083504432],[85.76280473533177,27.209499266081128],[85.76248192407252,27.208984054982945],[85.76248067067777,27.208753861711116],[85.76258545680706,27.208465901957776],[85.76243270611162,27.207834904942782],[85.76238699724182,27.207317628579315],[85.76318921680833,27.206047248745406],[85.76329368956105,27.20570052091762],[85.76320477454063,27.20506783563076],[85.76303183227775,27.204666844826836],[85.76258053540492,27.20403766368067],[85.76245060851824,27.20363479610837],[85.76236257153656,27.203175850019104],[85.76225459232654,27.202946970605645],[85.76216411173641,27.20202757604131],[85.7622468248709,27.201565627742028],[85.76226332267134,27.20076001559118],[85.76195694584484,27.199324159046704],[85.76205766061408,27.19834549541266],[85.76218263909378,27.19782746766363],[85.7622455352254,27.19765422889839],[85.7623934623145,27.19742309679603],[85.7624982478888,27.197135137063455],[85.76253957291551,27.196905256741037],[85.76272895100331,27.196500698693786],[85.76279109594486,27.196214614359096],[85.76283317291382,27.196117897389804],[85.76300248358122,27.195925277534393],[85.76382959320023,27.195287082837094],[85.76427324989263,27.194652267881107],[85.76446256582915,27.194247648032515],[85.7646723872187,27.19367172711045],[85.7647551008287,27.193268419944292],[85.76500718752354,27.192634169945478],[85.7652577704436,27.19176972643892],[85.76548997723279,27.19142193431364],[85.76585041866672,27.191095585758713],[85.7664238767568,27.190823001525732],[85.76670003905076,27.190667390833077],[85.7672101625968,27.190473267067503],[85.76748563668275,27.190240947019106],[85.76610037576569,27.19011598321647],[85.76490768815773,27.190179949525092],[85.76388631487345,27.19036057347801],[85.76329141117992,27.190630720403288],[85.76295116193123,27.190729251716654],[85.76278128868871,27.190827094025188],[85.76227085194364,27.19096476402103],[85.76193091587727,27.19111974983265],[85.76159066685935,27.19121828153604],[85.76074067090966,27.191567453244105],[85.7605707964401,27.19166523341267],[85.76031708161848,27.192012837031385],[85.76002066349784,27.192339748184526],[85.7598300328191,27.19251411341113],[85.75966022169104,27.192609643203237],[85.75932016043953,27.192746623543716],[85.75872469335299,27.192924180497826],[85.75812910083856,27.193061100300067],[85.75710697591218,27.193162638018222],[85.7565106318023,27.19316639448462],[85.75582988355195,27.193325133515867],[85.75531994818951,27.193557581524438],[85.75472479394054,27.193773524607458],[85.75429907554775,27.193832919965136],[85.75387310700458,27.1938359248009],[85.75293488566797,27.193707957420997],[85.75199779150991,27.193713216083047],[85.75140138574812,27.193775614299977],[85.75106101151096,27.193853826951838],[85.75021120302802,27.194261641011096],[85.74953095537725,27.19451509595752],[85.74917038782293,27.194766923145856],[85.7489379300102,27.19507401533235],[85.74874924133782,27.195611799884382],[85.74855892457107,27.195901261283396],[85.74839292833232,27.196100633785967],[85.748284639318,27.1961944746651],[85.74683985815271,27.196249251821992],[85.74649748168433,27.196140160290437],[85.74586893187323,27.195552242330162],[85.74539206763937,27.19536294128404],[85.74463722761406,27.19531555839472],[85.74392171521367,27.195392649010564],[85.74241741641455,27.195864486818316],[85.74147257678031,27.19664140973082],[85.74118409935262,27.196959318340966],[85.7406319623021,27.197347124175558],[85.73905532846246,27.19813643057726],[85.73850256425187,27.198323302369044],[85.73803239266367,27.198359692047298],[85.73721890451245,27.198282426273376],[85.73663318792337,27.198123696448217],[85.7359236778943,27.198171466536582],[85.73489461321053,27.19832020519455],[85.73454461138915,27.198468251903353],[85.73404167772108,27.198572036028892],[85.73034026898122,27.200086948368806],[85.7294268147547,27.200724205241286],[85.72865272165099,27.201071562908886],[85.72777940540912,27.201562401919333],[85.72624497777916,27.202731194809154],[85.72547863581097,27.202972458799437],[85.72437798230327,27.2030866260795],[85.72360794787495,27.202903578730243],[85.72337092117967,27.20271871304376],[85.72300659486154,27.202263895608404],[85.72270816497269,27.20147804194687],[85.72075683566588,27.202816699897333],[85.71904684172314,27.203769368584794],[85.7181253871225,27.204681831231692],[85.71579030867493,27.207779571776445],[85.71567108365292,27.20834949076118],[85.71565470914746,27.209064825598393],[85.71556186599743,27.209407052050167],[85.71464366017953,27.210145713793892],[85.71383736830936,27.210537772109678],[85.71316874885342,27.210723519782604],[85.71179287357963,27.211306764579227],[85.71057467779517,27.21150995863726],[85.70922349839121,27.21194209632021],[85.70773183030774,27.212519777820805],[85.7072499676421,27.212765853563745],[85.70664606540176,27.213473503606195],[85.70547902200205,27.214546077736692],[85.70494563451169,27.214171033800117],[85.70434353560626,27.213951036625755],[85.70381083386636,27.21329391041086],[85.7035931268427,27.21315643464177],[85.70290893660365,27.212996642640583],[85.70224581332945,27.212514318760405],[85.70164727859844,27.21228763139383],[85.70113146223416,27.212172226520067],[85.69953087297804,27.212091965324092],[85.69901705589146,27.21171710943142],[85.69830222750075,27.211428342810887],[85.69783086600934,27.21131112490869],[85.6965722178822,27.21160190680343],[85.69599200558783,27.211646174307575],[85.69494192546829,27.21103825413796],[85.69432401062214,27.210933290317605],[85.69406122449998,27.210768306727836],[85.69337353081053,27.210477601544635],[85.69229588443821,27.210370453471132],[85.69102598027833,27.210403785270994],[85.69034973227308,27.210492254117113],[85.6899133859163,27.210646178423605],[85.68911359266,27.210710952985742],[85.68715219202794,27.2115931651157],[85.68677398831431,27.211339092988204],[85.68671290221859,27.211221184090544],[85.686755664909,27.21088527253676],[85.68645111313174,27.210726728223136],[85.68628441949423,27.209923931324862],[85.68625396695143,27.209479050768927],[85.68648629882615,27.20912006859075],[85.68647873187639,27.20898684224999],[85.68623389149624,27.208952958740532],[85.68590727299018,27.209092064896918],[85.6857025122487,27.209302316226673],[85.68516931880622,27.20956827288761],[85.68464513026953,27.20996952017759],[85.68398419941903,27.209985904838874],[85.6829495023364,27.209585732466202],[85.68203985064491,27.20909196976502],[85.68141543368009,27.20903420792048],[85.6812894484089,27.208935991969103],[85.68107592938655,27.208631591438337],[85.68081720889542,27.208599771587078],[85.68033146907915,27.20866291937033],[85.67949629165298,27.209140316148332],[85.67903987859125,27.209657345933056],[85.67891020610944,27.209712551187646],[85.67834662296261,27.209630530826903],[85.67818068980513,27.209843407579108],[85.67824647026619,27.21052560702266],[85.67800957272466,27.210730982130862],[85.67783769743752,27.21077680900574],[85.67772803151918,27.21071029060052],[85.67759072799421,27.210395261483892],[85.67748375061095,27.210394261974354],[85.67738978120305,27.210630394940065],[85.67743067646043,27.211228820487385],[85.67736921828423,27.21138174034651],[85.67687878992105,27.21154635512722],[85.67640280722084,27.21203844087812],[85.67625350678969,27.212549342470464],[85.67558120255467,27.213125328878846],[85.67515698790321,27.213563648644477],[85.67476316231276,27.214203151925147],[85.67442354113352,27.21455882160562],[85.67406859827258,27.214657040476247],[85.67334402018784,27.214715625812893],[85.67271104118171,27.21511362251738],[85.67213082961575,27.215290991751026],[85.67203710687228,27.21518402304236],[85.6720323531265,27.21494470320655],[85.67215833282228,27.21459159880678],[85.67206479779857,27.21449363306225],[85.67189686034231,27.21444918395082],[85.67154273314804,27.214721203881734],[85.6711230242623,27.21557033127439],[85.67031066322151,27.215603285093813],[85.66981885588591,27.215406730347134],[85.66948761320472,27.215848238153022],[85.6687693522013,27.216146143126664],[85.66838390274836,27.216636727906977],[85.66779268971112,27.21717957961354],[85.66734071929089,27.21798325622729],[85.66733740712283,27.218127673593237],[85.66750940829304,27.21823539149314],[85.66785303497478,27.21820700580604],[85.66810194001745,27.218401248683485],[85.66814226876141,27.218516719101096],[85.66812557815427,27.218803178775843],[85.66825281269699,27.218854068114386],[85.66862657465299,27.21878992128303],[85.66882908748501,27.21892270860802],[85.66885872492219,27.219038116748862],[85.66858793908979,27.21920479289073],[85.66852066588419,27.21933958311956],[85.6685504900354,27.219454929522055],[85.668847288026,27.219575149730463],[85.6692312428342,27.21963972846444],[85.66964139204296,27.219460735273014],[85.67007061142793,27.219403902436113],[85.67041111292913,27.219486111623077],[85.67054366334582,27.21967247845871],[85.67050146308722,27.22003989886273],[85.67074236662091,27.22026565120844],[85.67082983632854,27.22023939267326],[85.67106579415653,27.21990085390889],[85.6712597406252,27.219828205975936],[85.67150207910169,27.219832705527075],[85.671547909906,27.219961805548504],[85.67122223450552,27.22062675367235],[85.67096808046547,27.22087489103479],[85.67086854582611,27.22112446436316],[85.67100698058931,27.221987905164443],[85.67115209741381,27.222149513859613],[85.6714662191585,27.222703174026478],[85.67184210922008,27.22293698977454],[85.67236767878808,27.223088655164197],[85.6724616519807,27.22320687682358],[85.6726323441088,27.223630562082242],[85.67313059425851,27.224064061213873],[85.67337237585204,27.22465091865231],[85.67371481773655,27.224970135083247],[85.67374108049415,27.225338243303206],[85.67391996087466,27.225581437581617],[85.67404719569839,27.22563226438852],[85.67424101546031,27.2254400194234],[85.67449298112487,27.22529566253321],[85.67486055447037,27.225362366399015],[85.67493283321186,27.22557067678429],[85.67478972214657,27.225932659625038],[85.67478272279503,27.2262553165053],[85.67554882574366,27.22723753701016],[85.67586989224455,27.2284006888061],[85.67570784639192,27.22974877362057],[85.67552690851075,27.230205283681155],[85.67536104555775,27.23129604280244],[85.67535598830133,27.232045263578343],[85.67513110336282,27.233076818142838],[85.67482581073217,27.233778088692397],[85.67447713262153,27.23510410568891],[85.6746274483431,27.23624531532089],[85.67452166283029,27.236596356269153],[85.67433290891594,27.23691957777913],[85.67397759438991,27.237288626523405],[85.67382904265314,27.237542264707347],[85.67371463248706,27.23832887171196],[85.67356076745014,27.238717862247142],[85.67310991866613,27.239176250090217],[85.67261311292745,27.23941982550475],[85.67226598588839,27.239515856259622],[85.67102402836849,27.23937995078116],[85.67031370544038,27.239447788347864],[85.6697686936498,27.239568890936457],[85.66940837524288,27.239775392178572],[85.66925482046385,27.23997257566309],[85.66905975255027,27.24037019405706],[85.66871237811098,27.24073024035912],[85.66820775664603,27.240908296602274],[85.66727147540556,27.24097157161173],[85.66621740205737,27.241191769807905],[85.66536615448534,27.241483861862406],[85.66480801654643,27.241966070202672],[85.66435829549165,27.242702040129576],[85.6638601234716,27.243875388347327],[85.6638480618198,27.244437303756282],[85.66362967531992,27.245148388997766],[85.66361879917902,27.245369453735062],[85.66373265376338,27.24537958107471],[85.66382837555874,27.24537145333973],[85.66549549061824,27.245468531074028],[85.66645609507175,27.245590560016115],[85.66814609134259,27.245620118353145],[85.66876244532644,27.24581554568911],[85.6694618304428,27.246142698760632],[85.67033703286738,27.246717486303368],[85.67043138171209,27.246849273947486],[85.67049421901791,27.24703038974581],[85.67031884794221,27.247638131589085],[85.6701450361034,27.24786213683651],[85.66972294467527,27.248054508481868],[85.66874390429084,27.24878998221432],[85.66851232124534,27.249042808251723],[85.66853114166291,27.24915815439529],[85.66865794006318,27.249247367097677],[85.66933531571192,27.24948849502447],[85.66959135024662,27.249698554936476],[85.66981731678378,27.25058087506901],[85.670040213206,27.25078837175679],[85.67096030192391,27.250853508999597],[85.67142441149811,27.251002361950054],[85.6725443282221,27.251493684465256],[85.67339896038057,27.25198926140309],[85.67374396593708,27.25239200183074],[85.6738580101752,27.252650389675157],[85.67398112368816,27.2532631308064],[85.6739389877637,27.253702885533922],[85.6736849617904,27.254199221174876],[85.67340617253683,27.254338764047557],[85.67234909965578,27.254674120066337],[85.67177645396401,27.254968836080703],[85.67115129107634,27.255454921125544],[85.67004565325571,27.25735605131731],[85.66989528879716,27.25773610128573],[85.66973735872979,27.258059572813988],[85.66983846060971,27.258322336724415],[85.67002390768482,27.25870776037254],[85.67008399480684,27.258938515712845],[85.67011857383127,27.259399275379746],[85.67009437893432,27.25955025758006],[85.67015446572839,27.259781011946277],[85.67050272755598,27.260628383311413],[85.67068267479563,27.261318460258753],[85.67086632184449,27.263003890973074],[85.67086358398495,27.264380545619456],[85.67081619348035,27.264648687252997],[85.67074017235176,27.265336327346525],[85.67048533901547,27.266482665689324],[85.67044152356304,27.267782235321796],[85.67049079985381,27.268626795207624],[85.67056839516472,27.269087930690915],[85.67090871993183,27.27039343636074],[85.67096605736285,27.270777610908496],[85.67099944978025,27.27131508086444],[85.67095438433371,27.27269136100822],[85.67099177586557,27.27299870117325],[85.67105186220431,27.2732294553574],[85.67138267774502,27.273846446453533],[85.67161232795056,27.274155598784887],[85.67186392293681,27.274428801475572],[85.67226057399905,27.27494938937718],[85.67246952849526,27.275222217509345],[85.67259370097099,27.27545359734103],[85.67273538312843,27.27591529402294],[85.67279153292858,27.276373991442558],[85.67301287190463,27.27714346509243],[85.67305126301329,27.27739441359953],[85.67392921039011,27.277271745538204],[85.6748296025936,27.277092936966035],[85.6757326817372,27.276742514470122],[85.67599127525216,27.27661191152404],[85.67689335465052,27.276318006010843],[85.67766776132935,27.276004782503062],[85.6778400743169,27.2759296971835]]]}},{"type":"Feature","properties":{"province":"Bagmati Province","district":"Sindhuli","municipality":"Marin Rural Municipality","ward":"3","wardNumber":3,"sourceMunicipality":"Marin","sourceType":"Gaunpalika"},"geometry":{"type":"Polygon","coordinates":[[[85.62956119037429,27.283613507347273],[85.62966991656953,27.283501723201102],[85.6298636114631,27.283388501569004],[85.63070241612317,27.282961119766394],[85.63143530641607,27.282494351847937],[85.63180331428033,27.282175192612343],[85.63219095479982,27.281951061314558],[85.63251225980154,27.281859406890383],[85.63289671357808,27.281808951640283],[85.6333441277561,27.2818155755634],[85.63436881696505,27.28173529478052],[85.63443265294661,27.28175623767792],[85.63500942724298,27.281687338190522],[85.63590438160479,27.28170058496581],[85.63635129670251,27.281745532420764],[85.63699134423302,27.281717956997806],[85.63769435373965,27.281729267630997],[85.63833240135332,27.281814475280445],[85.63865045717394,27.281914627669043],[85.63922448194208,27.28201946650822],[85.63999207714492,27.281993077640433],[85.64043874205521,27.282056093012383],[85.6406932112993,27.282137552544825],[85.64088434471978,27.28217775084744],[85.64111836834823,27.28220031825503],[85.64156578357989,27.282227259660033],[85.64213949498664,27.282332099087068],[85.64322139634697,27.282635992363595],[85.64379510811607,27.282740831182007],[85.64462610257335,27.28277145885346],[85.64513854009871,27.282722253211045],[85.64577790046054,27.282730688921607],[85.64730965418597,27.282907979188387],[85.64756537278994,27.282912665710807],[85.64786579490901,27.2828004436906],[85.64834321592006,27.282328863481453],[85.6487323568902,27.282030210654696],[85.64905441188553,27.281900169972516],[85.64969627165497,27.281775441047838],[85.64990991219211,27.281759434269915],[85.65008059999074,27.281742991275525],[85.6505285774477,27.2817496148756],[85.65110310193973,27.28181606701876],[85.6514851810051,27.281919032019943],[85.65225190206068,27.281967102948958],[85.65263598062496,27.281954908979035],[85.65301887233018,27.28201729884215],[85.65359414647398,27.282045365846642],[85.65500197680183,27.282029538103423],[85.65596464245854,27.28185147864515],[85.65686447086128,27.281616340182413],[85.65724936175573,27.28154556591647],[85.65737853413094,27.28149036150005],[85.6580206443379,27.281345313842944],[85.65872777741488,27.281146687761538],[85.66032667867198,27.28117099541114],[85.66116010993689,27.28108640119014],[85.6618642432135,27.281059325702486],[85.66231490731924,27.280894336440994],[85.66276350975038,27.280844443426073],[85.66321373658543,27.280715589126796],[85.66372917413673,27.280494833621617],[85.66424373768923,27.280348474053795],[85.6650807930429,27.280036000897113],[85.66598262150657,27.27976247561479],[85.66707952124115,27.279337279786667],[85.66785199135573,27.279137028002353],[85.66843045344982,27.27903193013415],[85.6692680092755,27.278775786395805],[85.6703644089192,27.27836865755853],[85.67210804273476,27.277590791408482],[85.67275209118036,27.277407294741842],[85.67305126301329,27.27739441359953],[85.67301287190463,27.27714346509243],[85.67279153292858,27.276373991442558],[85.67273538312843,27.27591529402294],[85.67259370097099,27.27545359734103],[85.67246952849526,27.275222217509345],[85.67226057399905,27.27494938937718],[85.67186392293681,27.274428801475572],[85.67161232795056,27.274155598784887],[85.67138267774502,27.273846446453533],[85.67105186220431,27.2732294553574],[85.67099177586557,27.27299870117325],[85.67095438433371,27.27269136100822],[85.67099944978025,27.27131508086444],[85.67096605736285,27.270777610908496],[85.67090871993183,27.27039343636074],[85.67056839516472,27.269087930690915],[85.67049079985381,27.268626795207624],[85.67044152356304,27.267782235321796],[85.67048533901547,27.266482665689324],[85.67074017235176,27.265336327346525],[85.67081619348035,27.264648687252997],[85.67086358398495,27.264380545619456],[85.67086632184449,27.263003890973074],[85.67068267479563,27.261318460258753],[85.67050272755598,27.260628383311413],[85.67015446572839,27.259781011946277],[85.67009437893432,27.25955025758006],[85.67011857383127,27.259399275379746],[85.67008399480684,27.258938515712845],[85.67002390768482,27.25870776037254],[85.66983846060971,27.258322336724415],[85.66973735872979,27.258059572813988],[85.66989528879716,27.25773610128573],[85.67004565325571,27.25735605131731],[85.67115129107634,27.255454921125544],[85.67177645396401,27.254968836080703],[85.67234909965578,27.254674120066337],[85.67340617253683,27.254338764047557],[85.6736849617904,27.254199221174876],[85.6739389877637,27.253702885533922],[85.67398112368816,27.2532631308064],[85.6738580101752,27.252650389675157],[85.67374396593708,27.25239200183074],[85.67339896038057,27.25198926140309],[85.6725443282221,27.251493684465256],[85.67142441149811,27.251002361950054],[85.67096030192391,27.250853508999597],[85.670040213206,27.25078837175679],[85.66981731678378,27.25058087506901],[85.66959135024662,27.249698554936476],[85.66933531571192,27.24948849502447],[85.66865794006318,27.249247367097677],[85.66853114166291,27.24915815439529],[85.66851232124534,27.249042808251723],[85.66874390429084,27.24878998221432],[85.66972294467527,27.248054508481868],[85.6701450361034,27.24786213683651],[85.67031884794221,27.247638131589085],[85.67049421901791,27.24703038974581],[85.67043138171209,27.246849273947486],[85.67033703286738,27.246717486303368],[85.6694618304428,27.246142698760632],[85.66876244532644,27.24581554568911],[85.66814609134259,27.245620118353145],[85.66645609507175,27.245590560016115],[85.66549549061824,27.245468531074028],[85.66382837555874,27.24537145333973],[85.66373265376338,27.24537958107471],[85.66361879917902,27.245369453735062],[85.66362967531992,27.245148388997766],[85.6638480618198,27.244437303756282],[85.6638601234716,27.243875388347327],[85.66435829549165,27.242702040129576],[85.66480801654643,27.241966070202672],[85.66536615448534,27.241483861862406],[85.66621740205737,27.241191769807905],[85.66727147540556,27.24097157161173],[85.66820775664603,27.240908296602274],[85.66871237811098,27.24073024035912],[85.66905975255027,27.24037019405706],[85.66925482046385,27.23997257566309],[85.66940837524288,27.239775392178572],[85.6697686936498,27.239568890936457],[85.67031370544038,27.239447788347864],[85.67102402836849,27.23937995078116],[85.67226598588839,27.239515856259622],[85.67261311292745,27.23941982550475],[85.67310991866613,27.239176250090217],[85.67356076745014,27.238717862247142],[85.67371463248706,27.23832887171196],[85.67382904265314,27.237542264707347],[85.67397759438991,27.237288626523405],[85.67433290891594,27.23691957777913],[85.67452166283029,27.236596356269153],[85.6746274483431,27.23624531532089],[85.67447713262153,27.23510410568891],[85.67482581073217,27.233778088692397],[85.67513110336282,27.233076818142838],[85.67535598830133,27.232045263578343],[85.67536104555775,27.23129604280244],[85.67552690851075,27.230205283681155],[85.67570784639192,27.22974877362057],[85.67586989224455,27.2284006888061],[85.67554882574366,27.22723753701016],[85.67478272279503,27.2262553165053],[85.67478972214657,27.225932659625038],[85.67493283321186,27.22557067678429],[85.67486055447037,27.225362366399015],[85.67449298112487,27.22529566253321],[85.67424101546031,27.2254400194234],[85.67404719569839,27.22563226438852],[85.67391996087466,27.225581437581617],[85.67374108049415,27.225338243303206],[85.67371481773655,27.224970135083247],[85.67337237585204,27.22465091865231],[85.67313059425851,27.224064061213873],[85.6726323441088,27.223630562082242],[85.6724616519807,27.22320687682358],[85.67236767878808,27.223088655164197],[85.67184210922008,27.22293698977454],[85.6714662191585,27.222703174026478],[85.67115209741381,27.222149513859613],[85.67100698058931,27.221987905164443],[85.67086854582611,27.22112446436316],[85.67096808046547,27.22087489103479],[85.67122223450552,27.22062675367235],[85.671547909906,27.219961805548504],[85.67150207910169,27.219832705527075],[85.6712597406252,27.219828205975936],[85.67106579415653,27.21990085390889],[85.67082983632854,27.22023939267326],[85.67074236662091,27.22026565120844],[85.67050146308722,27.22003989886273],[85.67054366334582,27.21967247845871],[85.67041111292913,27.219486111623077],[85.67007061142793,27.219403902436113],[85.66964139204296,27.219460735273014],[85.6692312428342,27.21963972846444],[85.668847288026,27.219575149730463],[85.6685504900354,27.219454929522055],[85.66852066588419,27.21933958311956],[85.66858793908979,27.21920479289073],[85.66885872492219,27.219038116748862],[85.66882908748501,27.21892270860802],[85.66862657465299,27.21878992128303],[85.66825281269699,27.218854068114386],[85.66812557815427,27.218803178775843],[85.66814226876141,27.218516719101096],[85.66810194001745,27.218401248683485],[85.66785303497478,27.21820700580604],[85.66750940829304,27.21823539149314],[85.66733740712283,27.218127673593237],[85.66734071929089,27.21798325622729],[85.66779268971112,27.21717957961354],[85.66838390274836,27.216636727906977],[85.6687693522013,27.216146143126664],[85.66948761320472,27.215848238153022],[85.66981885588591,27.215406730347134],[85.67031066322151,27.215603285093813],[85.6711230242623,27.21557033127439],[85.67154273314804,27.214721203881734],[85.67189686034231,27.21444918395082],[85.67206479779857,27.21449363306225],[85.67215833282228,27.21459159880678],[85.6720323531265,27.21494470320655],[85.67203710687228,27.21518402304236],[85.67213082961575,27.215290991751026],[85.67271104118171,27.21511362251738],[85.67334402018784,27.214715625812893],[85.67406859827258,27.214657040476247],[85.67442354113352,27.21455882160562],[85.67476316231276,27.214203151925147],[85.67515698790321,27.213563648644477],[85.67558120255467,27.213125328878846],[85.67625350678969,27.212549342470464],[85.67640280722084,27.21203844087812],[85.67687878992105,27.21154635512722],[85.67736921828423,27.21138174034651],[85.67743067646043,27.211228820487385],[85.67738978120305,27.210630394940065],[85.67748375061095,27.210394261974354],[85.67759072799421,27.210395261483892],[85.67772803151918,27.21071029060052],[85.67783769743752,27.21077680900574],[85.67800957272466,27.210730982130862],[85.67824647026619,27.21052560702266],[85.67818068980513,27.209843407579108],[85.67834662296261,27.209630530826903],[85.67891020610944,27.209712551187646],[85.67903987859125,27.209657345933056],[85.67949629165298,27.209140316148332],[85.68033146907915,27.20866291937033],[85.68081720889542,27.208599771587078],[85.68107592938655,27.208631591438337],[85.6812894484089,27.208935991969103],[85.68141543368009,27.20903420792048],[85.68203985064491,27.20909196976502],[85.6829495023364,27.209585732466202],[85.68398419941903,27.209985904838874],[85.68464513026953,27.20996952017759],[85.68516931880622,27.20956827288761],[85.6857025122487,27.209302316226673],[85.68590727299018,27.209092064896918],[85.68623389149624,27.208952958740532],[85.68647873187639,27.20898684224999],[85.68648629882615,27.20912006859075],[85.68625396695143,27.209479050768927],[85.68628441949423,27.209923931324862],[85.68645111313174,27.210726728223136],[85.686755664909,27.21088527253676],[85.68671290221859,27.211221184090544],[85.68677398831431,27.211339092988204],[85.68715219202794,27.2115931651157],[85.68911359266,27.210710952985742],[85.6899133859163,27.210646178423605],[85.69034973227308,27.210492254117113],[85.69102598027833,27.210403785270994],[85.69229588443821,27.210370453471132],[85.69337353081053,27.210477601544635],[85.69406122449998,27.210768306727836],[85.69432401062214,27.210933290317605],[85.69494192546829,27.21103825413796],[85.69599200558783,27.211646174307575],[85.6965722178822,27.21160190680343],[85.69783086600934,27.21131112490869],[85.69830222750075,27.211428342810887],[85.69901705589146,27.21171710943142],[85.69953087297804,27.212091965324092],[85.70113146223416,27.212172226520067],[85.70164727859844,27.21228763139383],[85.70224581332945,27.212514318760405],[85.70290893660365,27.212996642640583],[85.7035931268427,27.21315643464177],[85.70381083386636,27.21329391041086],[85.70434353560626,27.213951036625755],[85.70494563451169,27.214171033800117],[85.70547902200205,27.214546077736692],[85.70664606540176,27.213473503606195],[85.7072499676421,27.212765853563745],[85.70773183030774,27.212519777820805],[85.70922349839121,27.21194209632021],[85.71057467779517,27.21150995863726],[85.71179287357963,27.211306764579227],[85.71316874885342,27.210723519782604],[85.71383736830936,27.210537772109678],[85.71464366017953,27.210145713793892],[85.71556186599743,27.209407052050167],[85.71565470914746,27.209064825598393],[85.71567108365292,27.20834949076118],[85.71579030867493,27.207779571776445],[85.7181253871225,27.204681831231692],[85.71904684172314,27.203769368584794],[85.72075683566588,27.202816699897333],[85.72270816497269,27.20147804194687],[85.72214851104204,27.200364781293672],[85.72157359797293,27.198894791790053],[85.7209407985789,27.19846698403558],[85.72039846958002,27.198015167626927],[85.7192452830024,27.19671141935581],[85.7185435810823,27.196075300261775],[85.71757584655835,27.195689569672254],[85.71644148984024,27.19545125795362],[85.71573973378442,27.19561637448323],[85.71527031108592,27.195641448188717],[85.71364045776951,27.195188702991334],[85.71277895190872,27.195040854273742],[85.71053962089783,27.194252952874425],[85.70905788624688,27.193930182157057],[85.70895290911758,27.193870540012053],[85.70883893025561,27.193876229949133],[85.70880354182835,27.19387816850072],[85.70881848512386,27.193839907415423],[85.70865542466315,27.193836157607983],[85.70755632945564,27.193496565956508],[85.70660772724383,27.193074824759066],[85.70572377423701,27.19281613039543],[85.70444305266366,27.192632836845046],[85.70343718361516,27.19271380552161],[85.70236229146902,27.193013089666294],[85.7015754427481,27.19331049515805],[85.70047554405193,27.193941314009923],[85.70000874881435,27.194072419409917],[85.69966080880013,27.194116622355512],[85.6990704019278,27.19390575268026],[85.69788664615483,27.193057450158452],[85.69706571454134,27.192564623876954],[85.69560117009726,27.191939388887164],[85.69488377164622,27.190926097056977],[85.69465768386377,27.190371060502507],[85.69444677974974,27.188890815005713],[85.69405757084924,27.188555407569414],[85.69330985488556,27.188232505522155],[85.69296997772689,27.18799237515066],[85.69229590924857,27.18714875801278],[85.69083573283083,27.185604878151754],[85.68868330512231,27.184379722495162],[85.68823182495917,27.184190420016172],[85.687956473364,27.184156224836432],[85.68669519873106,27.18429339937363],[85.68656815099699,27.184253826738427],[85.68633124846536,27.183879218388103],[85.68630586076246,27.183508859710273],[85.68655682310893,27.18301471265868],[85.68636612167393,27.18237646382467],[85.68605043787318,27.181829555953012],[85.68546108915068,27.181101847103125],[85.68395745367178,27.179009118900034],[85.68320254366903,27.178203075046113],[85.68242005891368,27.17718915797079],[85.68084503196481,27.176106852390784],[85.68021435930928,27.17573981170657],[85.67950409673665,27.175539071057084],[85.67823406294927,27.175026055152074],[85.67653887538005,27.17480700386648],[85.6755928393162,27.17474618037073],[85.67489014699325,27.17506452934446],[85.67445329852522,27.175082975539137],[85.67411930080227,27.175025711662162],[85.67177418238089,27.17430389243156],[85.6708958503244,27.173327361836765],[85.67080105871506,27.172620030007636],[85.67059203939253,27.172105755587296],[85.67031212122606,27.17187287713037],[85.66821240127761,27.17071548999001],[85.66774879360698,27.170731373720642],[85.66752414819933,27.170659353962364],[85.66714769331634,27.170294687223688],[85.66683920338372,27.170077313037755],[85.66651008316222,27.170166717097263],[85.66641611054303,27.170080067000264],[85.66628755876795,27.169593612962373],[85.66651326287105,27.169182740895973],[85.66651613734966,27.16906995738502],[85.66637214461203,27.168847393158668],[85.66592341305989,27.16835562727196],[85.66588201688707,27.167748136261608],[85.6654036464675,27.167021363799158],[85.66494097304476,27.16659267971019],[85.664539317551,27.165830520776428],[85.66313753577188,27.164000368957247],[85.66222863668818,27.16374798948485],[85.6619621641898,27.163743177471186],[85.66153363249151,27.16383164455648],[85.6612461511063,27.163824393930852],[85.6611621824321,27.16377619354128],[85.66036176416168,27.16381821193062],[85.65935189085083,27.16362128672928],[85.65846787790865,27.163506759137015],[85.6567546800581,27.162910347246672],[85.65643218358318,27.162609386239843],[85.65628375225457,27.1623574386342],[85.6562900015651,27.16209792467814],[85.65647387922795,27.161835658866195],[85.65700932294773,27.161531565565962],[85.65720814264122,27.16115201506876],[85.65721439280905,27.1608948138077],[85.6570221925747,27.16045287371149],[85.65679323169829,27.16028588857745],[85.65625815911949,27.160195053047946],[85.65604708220876,27.16025394697553],[85.65588396095752,27.160394552107352],[85.65536871100224,27.160538598580537],[85.65526004680515,27.160630126168073],[85.65455722829232,27.160797243416567],[85.65418265183138,27.16073266420214],[85.65342780850315,27.160371064276298],[85.65304453986577,27.159979201542004],[85.65288654118989,27.159711374146248],[85.65283626727879,27.159092505754355],[85.65262087321834,27.15885118579853],[85.6519641294445,27.158565044073427],[85.651211351762,27.158454017411504],[85.65097395022713,27.158259899943335],[85.65063588394172,27.157782699467607],[85.65026892906967,27.1569553972382],[85.6499848740057,27.15557368066522],[85.64927278768916,27.154309752637314],[85.6486183525694,27.153490953838805],[85.64799405510591,27.152873339785884],[85.64746710665128,27.152450720027755],[85.64711272586949,27.152309618563308],[85.64644159998812,27.151915007588602],[85.64552619483307,27.151183925119835],[85.64508340583936,27.15100818878905],[85.64448556089125,27.15102050912538],[85.64417520230053,27.1515456035637],[85.64335747479626,27.152691009121373],[85.64311051423583,27.15324379755914],[85.64289681285106,27.15346517713587],[85.64252461557749,27.153730195062867],[85.64208277039907,27.154226969538144],[85.64193434580055,27.15471298835737],[85.64191740841984,27.1554102560511],[85.64173047054915,27.155952354130655],[85.64172241711015,27.157270303816873],[85.64181352125537,27.15818976040037],[85.6417461974321,27.15956135134563],[85.64160958784444,27.159903077816573],[85.64167199021401,27.160377591609475],[85.6420008635032,27.160696807628497],[85.6420511955107,27.1608123413756],[85.64201181701667,27.161987875049103],[85.64185483105491,27.16289364225067],[85.64177155229865,27.16310270374847],[85.64166332588262,27.163158096253678],[85.64126955522141,27.1631407193224],[85.64116114184714,27.16321424171002],[85.6410494774286,27.163422990822674],[85.64112625759645,27.163644930708873],[85.64157536560903,27.164251855322494],[85.6416421421234,27.16444434947916],[85.6415318004032,27.165612380498757],[85.64154606172858,27.166262509096544],[85.6413083041547,27.16810636470847],[85.64073935058181,27.168698918029087],[85.64037915733667,27.168878286124766],[85.63992518081272,27.16920113454821],[85.63930902005043,27.169493099956956],[85.6388904940237,27.169879465979548],[85.63861939835003,27.170228945899698],[85.63845540434201,27.170638130217764],[85.63841751809017,27.170962725664666],[85.63861110184013,27.172266857051483],[85.63884500524058,27.172804012871016],[85.63895367405416,27.173233888860985],[85.63900463877022,27.174107832679894],[85.63910699134004,27.174406731714047],[85.63927943260248,27.17473332663445],[85.64037284455058,27.175773123562475],[85.64053746946354,27.176007191103395],[85.6406209395946,27.176249449719695],[85.64072755051572,27.177189475064182],[85.64066953709408,27.17799908847728],[85.64053499295582,27.17863421354284],[85.64072600665291,27.179193500706823],[85.6409884156129,27.1792570172998],[85.64154455692562,27.179178865383108],[85.64221230440104,27.179392923653918],[85.64260695223902,27.179739834470467],[85.64262533582338,27.17985511840917],[85.64241957856594,27.180489556416887],[85.64233392347325,27.180662545257377],[85.64185406385413,27.18110699208842],[85.64172551865087,27.181299862636877],[85.64178379123037,27.181517112913436],[85.6421379222997,27.18160632397529],[85.6430618869686,27.1815610537668],[85.64318887145255,27.18160062751832],[85.64430622770094,27.1824396775767],[85.64488738543118,27.183140441683374],[85.6452382079186,27.18387277890577],[85.64540659121492,27.184745596748563],[85.64523746827844,27.185005799276937],[85.64531431204877,27.18522992739373],[85.64552026465154,27.185520823714427],[85.64546630782927,27.185545143739965],[85.64649562962978,27.186132808750813],[85.64707634625265,27.186558178713614],[85.6477079599703,27.18724137509851],[85.64917075955788,27.18845834654277],[85.64990409619526,27.188919038496447],[85.65050182010782,27.18945294156683],[85.65099851163576,27.190367205683945],[85.65108948719813,27.190855598355157],[85.65109881339532,27.191943542777164],[85.65067928873266,27.192436003985897],[85.65033279626785,27.193466371166153],[85.65008195737347,27.193834105972577],[85.64953769890096,27.194255421363685],[85.64914068229032,27.19471199629649],[85.64849644786625,27.194945069165215],[85.64841479319317,27.19501646637055],[85.64827487018333,27.195367195004827],[85.64843205562423,27.195705043286438],[85.64910624456894,27.195998124482],[85.64942317686624,27.1963871110862],[85.64963338905604,27.197418287013004],[85.64955555048054,27.197704184631352],[85.64895289689987,27.198253600172073],[85.64821344036058,27.198533125683344],[85.64806826115256,27.198486550830836],[85.64785518030851,27.19817983725473],[85.64772969565874,27.198090624187902],[85.64753818720942,27.198068493929863],[85.64740851576383,27.198141641933717],[85.64729916478844,27.19838883974689],[85.64733061626771,27.198585460578755],[85.64777828569741,27.19911342392362],[85.6477738475629,27.199300729725685],[85.64763829913933,27.19944614843664],[85.64721814581249,27.199563936193744],[85.64659622955783,27.19949023149646],[85.64630624823342,27.199570945043966],[85.64560899544406,27.19988247869273],[85.64421655249272,27.20061608036891],[85.64401422869477,27.2006727858717],[85.64323700444912,27.200552443701575],[85.64212396646978,27.200119637405198],[85.64178902834982,27.199874942871165],[85.64143946187272,27.199792546322715],[85.64108351944795,27.199953846537014],[85.64081467646622,27.20055615086025],[85.64074177829443,27.200900752007698],[85.64082362908266,27.20179526444391],[85.64058404610378,27.202300726909158],[85.64010687284606,27.202594067248306],[85.63997220062986,27.20282294748148],[85.63992781222252,27.203120410162715],[85.64019103599573,27.20332828156175],[85.6402675655033,27.203550284247118],[85.64019629159507,27.203730149859833],[85.63907107212619,27.204486568328733],[85.63885774564662,27.204696693545905],[85.63848505188112,27.205275366756734],[85.63783394163187,27.20572269011736],[85.6375629681209,27.205850917417212],[85.63678637007668,27.20588174509029],[85.63622860679908,27.206239729750536],[85.63579520233331,27.206847161109582],[85.63551429190484,27.20740188871882],[85.63561207945362,27.20753373950487],[85.63592619830058,27.207961049410983],[85.63597959700617,27.208399428215216],[85.63512273266194,27.209812974462928],[85.63457153689748,27.210480175279297],[85.6343074416985,27.210662667836854],[85.63326868226618,27.21047649602038],[85.63314026082013,27.210502317253464],[85.63298695578167,27.21065430022635],[85.63306705077815,27.211020719738492],[85.63382064751198,27.2117931288305],[85.63400215605635,27.21223050529348],[85.63384924234624,27.21408417608907],[85.63405919976579,27.214697855498308],[85.63386269371651,27.214998382052617],[85.63332780922946,27.2150540897753],[85.63300825652337,27.215276658369582],[85.63293079217728,27.21539106690633],[85.63301169798096,27.21556561802726],[85.63333369503324,27.215968233381577],[85.63332807096138,27.216223184037073],[85.6329665656148,27.21649501607421],[85.63254297424872,27.216687263146202],[85.6321717151295,27.2170086108291],[85.632048424192,27.217415918638444],[85.63234822670086,27.21798533383909],[85.63220486618076,27.218457848535703],[85.63210708144075,27.218583323417036],[85.63151649216188,27.218879977491994],[85.63144978096787,27.218994449447237],[85.6315550104356,27.219370121413245],[85.63219319164138,27.220272318852054],[85.6325482608878,27.22042248556864],[85.63322025550094,27.220151400633586],[85.63357838748315,27.22015714966096],[85.63375188936133,27.22026718080868],[85.6338635568655,27.220478179410232],[85.63387368895236,27.220758136561848],[85.63377552865767,27.220863230438614],[85.63350461734655,27.22100727544744],[85.63331129909571,27.22130555165523],[85.63344372537941,27.22149416861726],[85.63425971384669,27.221610446217753],[85.63447048032646,27.22174342177018],[85.63450705881566,27.222107153316358],[85.63437751516389,27.22250983462649],[85.63436951598571,27.22285506175526],[85.63458266084535,27.223313069597594],[85.63531293769367,27.224193572338145],[85.63600656918243,27.22438087274035],[85.63643723031034,27.224597182634323],[85.6369349761331,27.22464494268005],[85.63751525086495,27.22459861267926],[85.63813485614898,27.224850681590333],[85.63842446581718,27.225092688410626],[85.63854488775891,27.225441414591426],[85.63891771755881,27.22597994501874],[85.63904382687451,27.22606915844893],[85.63943872196657,27.226059464565893],[85.63957158433863,27.22614198791174],[85.63970451602304,27.226967041384455],[85.63981918415551,27.22703812393776],[85.64026284594078,27.226886701424746],[85.64049599400624,27.226891201304216],[85.64082036620245,27.227235175098482],[85.64102707055106,27.227526008598378],[85.64144385659758,27.228417017288947],[85.64154646057361,27.22875430285354],[85.64145387045187,27.22946882612674],[85.64154071972331,27.229932336147773],[85.64254829838966,27.232165172000457],[85.64241394394968,27.232992166081985],[85.64273087506255,27.233220918901598],[85.64333121988939,27.233113882425346],[85.64358431422116,27.233195279315563],[85.64374818915249,27.233474485443054],[85.64394514680114,27.234467150595314],[85.64389100940478,27.235364914325384],[85.64448917725406,27.236406591338216],[85.64477347805499,27.237327922028765],[85.64473009073247,27.237704408423156],[85.64439422378965,27.23838723587704],[85.64434170824069,27.23884036972379],[85.64440574447744,27.240201894531232],[85.64419148981352,27.241447948935292],[85.64384931202606,27.242573094729398],[85.64374415729633,27.243434160895422],[85.64372702624712,27.243549132412518],[85.64371752444147,27.24365510104915],[85.64362505440117,27.243861850356453],[85.64287603326676,27.24435337496632],[85.64153135075462,27.244227536131827],[85.63985535264545,27.243592861627793],[85.6379447036673,27.24269192445021],[85.63680990895594,27.242382966577853],[85.63616904551854,27.242135211759663],[85.63575702015766,27.242219301973616],[85.63561540636368,27.24234202628026],[85.63527184367025,27.242431242183414],[85.63448886923567,27.242599672650087],[85.6341689395606,27.24259198514393],[85.63391647003822,27.242433815545215],[85.63356958821274,27.24204451669238],[85.63344303884244,27.24167765940273],[85.6331905688215,27.241517239765727],[85.63238946046454,27.241367263799862],[85.6314513036927,27.241473177188148],[85.63116469795787,27.241425290386147],[85.63055659440619,27.240922834839946],[85.62978837142492,27.2406083725743],[85.62806523336323,27.2401785095863],[85.6266574646118,27.240047418685577],[85.62512408444398,27.239693826832397],[85.62479727919569,27.239882509903524],[85.62449848101302,27.239875071690857],[85.62394765233697,27.23969814938712],[85.62331354083437,27.239414320220533],[85.62293740440055,27.239564054307554],[85.62254269984174,27.239907846524684],[85.62251306442222,27.239959361678164],[85.62213230758873,27.240840372727124],[85.62140392512715,27.241936825590766],[85.62098777283066,27.24202529226234],[85.62075162507385,27.24225992501718],[85.61985118058819,27.243456283258052],[85.6195593281185,27.244060462676206],[85.61905371179715,27.244773176189053],[85.61892066371908,27.24491859534801],[85.61847937723851,27.245042884338854],[85.61806491213896,27.24499593640869],[85.61791341805976,27.244917664494075],[85.61740897923715,27.244567440562637],[85.61669983731912,27.243838231176063],[85.61642167087435,27.24366618295964],[85.6156931504705,27.243462691477117],[85.61534977406093,27.24343218508588],[85.61385410196736,27.243798865905205],[85.61282522454648,27.243842824227794],[85.61216542034161,27.244005564069894],[85.61105188688954,27.244100663117973],[85.61013811456033,27.24433079977868],[85.60941266363182,27.24464414661986],[85.60861143294957,27.24480320002764],[85.60779832119496,27.24483121397892],[85.60747507681137,27.244753505480357],[85.60710831444723,27.244526504841794],[85.60674986944575,27.244414599589927],[85.60625143245679,27.2440598112868],[85.60580132763074,27.243883825691704],[85.60567202693423,27.243519218912162],[85.60565276772125,27.24326395637449],[85.60603334076939,27.242766682663664],[85.60616407320732,27.24240463796593],[85.60616875914698,27.242129370048474],[85.60585226681403,27.241945692920535],[85.60548563404768,27.242210585830357],[85.60528237287396,27.242386889457627],[85.6045454883689,27.24359374907134],[85.60443151562245,27.24430802238862],[85.60426783362301,27.244728459515784],[85.60438732039366,27.245246486221472],[85.60419769119173,27.245542511785526],[85.60375509985106,27.246585258863085],[85.60361267434331,27.246771189310465],[85.60289535177438,27.247235705765732],[85.60232827266935,27.247704035690006],[85.6022203604535,27.24798055533216],[85.60250871917563,27.24824750661166],[85.60297382965487,27.24846425425733],[85.60311794641858,27.248576286166667],[85.60348783745488,27.249060675671714],[85.6036941675235,27.249525373207113],[85.60372855753104,27.249803329576405],[85.60367347576485,27.249917863540656],[85.60316266671657,27.250382253885828],[85.60307564022463,27.250907220889992],[85.6031223498172,27.251492204860124],[85.60307308837788,27.2521980996482],[85.60327172712455,27.252545388213637],[85.6033005547235,27.253096361946806],[85.60308985599383,27.253459908072195],[85.60244156133065,27.254134986545946],[85.6024716986986,27.254250394495333],[85.60280663706291,27.254603558202703],[85.60275674836657,27.255038624105175],[85.60257605861577,27.25527381960204],[85.60212751984086,27.25540023523963],[85.60129602932403,27.255753032573185],[85.60129509195313,27.25580042162765],[85.60106163226206,27.25591770771042],[85.60061722227555,27.256267626422098],[85.60038445203897,27.2566534908181],[85.6001858837251,27.257161579113582],[85.60018101028756,27.257448163396646],[85.60032094061312,27.257871537090157],[85.6003502663057,27.258149430297742],[85.60054684138069,27.258465146948055],[85.60060198658144,27.258472460982745],[85.60051764668066,27.258853011204863],[85.60045650791969,27.259829611456293],[85.60039330021833,27.260115633281945],[85.60018153946005,27.26069124124229],[85.6000125467061,27.26137794401594],[85.59967330323175,27.262126166647022],[85.5995251905253,27.262584990158803],[85.59944116410642,27.263042311832],[85.5993566973074,27.26331001608563],[85.59935789036597,27.263770464197346],[85.59946587073632,27.264171018934448],[85.59957585956055,27.265377246732655],[85.59951277761371,27.265721973864558],[85.59949264882071,27.26612346673099],[85.59949584626585,27.26715489443194],[85.59954030644869,27.26778726740786],[85.59949898384176,27.268342055752033],[85.59952168427704,27.268800377904725],[85.59948117563998,27.269488330521206],[85.599356139017,27.270599720088622],[85.5993583343314,27.271306177431757],[85.59940154006665,27.27153680760055],[85.59936096933156,27.272281151504338],[85.59938448441073,27.273028433882843],[85.59947076995141,27.273372346223436],[85.59996565160205,27.274749434823697],[85.6000513719939,27.274863154653854],[85.60043833480681,27.275781046724276],[85.60050267207107,27.275838125757634],[85.60075995855611,27.276298821574343],[85.60119025190885,27.27738863824117],[85.60119156972763,27.27796193207657],[85.60106446429836,27.27830822194153],[85.60063937663362,27.278996802575666],[85.60049032271712,27.279151099173745],[85.60076811258405,27.279131278409487],[85.60110942487938,27.279053441001704],[85.60234562359193,27.278343535177374],[85.60319849666357,27.27805638261273],[85.60507455474351,27.277176860158086],[85.6051595230311,27.27709871215699],[85.60641710374269,27.276391244886202],[85.60797335878483,27.27577930375649],[85.60865623424087,27.275682269909723],[85.60993714313341,27.27573783885473],[85.61096239709856,27.275910507582967],[85.61130421221117,27.276044856841636],[85.61198834217684,27.276408146014543],[85.61267240897476,27.276674469251688],[85.6130140976058,27.276770369789542],[85.61335572411343,27.276846014584592],[85.61421054167432,27.27717041613695],[85.61497957649826,27.27730438736584],[85.61566308040749,27.27753457434598],[85.6160050189249,27.277592089105998],[85.61703077446104,27.277933994495424],[85.61771402674177,27.27801069965654],[85.61779943400957,27.2780498976486],[85.61805590291648,27.27806821364654],[85.61848287336773,27.27816273803983],[85.61873928130909,27.278183304798656],[85.61925103101346,27.278086772962578],[85.61959253073212,27.277970548592158],[85.62036062458158,27.2778765153038],[85.62104312421191,27.277684641442658],[85.62178977279859,27.27758817005703],[85.62217491779903,27.277874064115217],[85.62303061227938,27.278410590304986],[85.62327382880672,27.278609333911195],[85.62371480798215,27.27902664047276],[85.6241290917006,27.27972134211908],[85.62435849112904,27.28001248780732],[85.62469005583226,27.280552831998428],[85.62498229165253,27.280921250048426],[85.62518855870782,27.281307049748452],[85.62550042778248,27.28177274698839],[85.62595935260522,27.282352725833707],[85.62648223703889,27.28291757560064],[85.62667193329234,27.28305261364441],[85.62711553676142,27.283289430450928],[85.62800599243923,27.283571256630754],[85.62877208686808,27.283641896449012],[85.6292837755731,27.28362882617928],[85.62956119037429,27.283613507347273]]]}},{"type":"Feature","properties":{"province":"Bagmati Province","district":"Sindhuli","municipality":"Marin Rural Municipality","ward":"2","wardNumber":2,"sourceMunicipality":"Marin","sourceType":"Gaunpalika"},"geometry":{"type":"Polygon","coordinates":[[[85.62956119037429,27.283613507347273],[85.6292837755731,27.28362882617928],[85.62877208686808,27.283641896449012],[85.62800599243923,27.283571256630754],[85.62711553676142,27.283289430450928],[85.62667193329234,27.28305261364441],[85.62648223703889,27.28291757560064],[85.62595935260522,27.282352725833707],[85.62550042778248,27.28177274698839],[85.62518855870782,27.281307049748452],[85.62498229165253,27.280921250048426],[85.62469005583226,27.280552831998428],[85.62435849112904,27.28001248780732],[85.6241290917006,27.27972134211908],[85.62371480798215,27.27902664047276],[85.62327382880672,27.278609333911195],[85.62303061227938,27.278410590304986],[85.62217491779903,27.277874064115217],[85.62178977279859,27.27758817005703],[85.62104312421191,27.277684641442658],[85.62036062458158,27.2778765153038],[85.61959253073212,27.277970548592158],[85.61925103101346,27.278086772962578],[85.61873928130909,27.278183304798656],[85.61848287336773,27.27816273803983],[85.61805590291648,27.27806821364654],[85.61779943400957,27.2780498976486],[85.61771402674177,27.27801069965654],[85.61703077446104,27.277933994495424],[85.6160050189249,27.277592089105998],[85.61566308040749,27.27753457434598],[85.61497957649826,27.27730438736584],[85.61421054167432,27.27717041613695],[85.61335572411343,27.276846014584592],[85.6130140976058,27.276770369789542],[85.61267240897476,27.276674469251688],[85.61198834217684,27.276408146014543],[85.61130421221117,27.276044856841636],[85.61096239709856,27.275910507582967],[85.60993714313341,27.27573783885473],[85.60865623424087,27.275682269909723],[85.60797335878483,27.27577930375649],[85.60641710374269,27.276391244886202],[85.6051595230311,27.27709871215699],[85.60507455474351,27.277176860158086],[85.60319849666357,27.27805638261273],[85.60234562359193,27.278343535177374],[85.60110942487938,27.279053441001704],[85.60076811258405,27.279131278409487],[85.60049032271712,27.279151099173745],[85.60025648909789,27.27943987253711],[85.59955304669343,27.27984362156095],[85.59944669687158,27.28001404769388],[85.59953279249815,27.280224796339997],[85.59968234929498,27.280359459896093],[85.5999178118517,27.280492684379873],[85.60019560326178,27.28062634699437],[85.60034540929242,27.280740691687843],[85.60045245010679,27.280895236860026],[85.60066734577127,27.281353307187633],[85.60077551540003,27.281871208013698],[85.60120574680762,27.2830197922628],[85.6013985704168,27.283306000187046],[85.60148472901356,27.283534816842344],[85.60165591904237,27.28370805412665],[85.60208332781387,27.283897356080434],[85.6025105487478,27.283994131345583],[85.60285280112015,27.284126230782967],[85.60336549052353,27.284259953890874],[85.60439080668975,27.284412366078367],[85.60473211974987,27.284411237909588],[85.60490337174659,27.284505451734585],[85.60511751505375,27.284773966277523],[85.60537530303058,27.285347445304176],[85.60546208884472,27.2858064551127],[85.60546328106999,27.286266902824465],[85.6054210175931,27.28644026602389],[85.60529378551858,27.28666914685557],[85.60457008875608,27.287476701723158],[85.60412261521418,27.28786044341879],[85.6034407428541,27.2883004520924],[85.60322760353804,27.28847444232],[85.60299333219048,27.288722579564418],[85.60280232807882,27.289126949854467],[85.60278157197473,27.289298250187375],[85.60284603480478,27.289470425680133],[85.60293175507155,27.289586396205937],[85.6031455849403,27.28975775789117],[85.60368034834224,27.29010160454154],[85.6039368808791,27.29021476059541],[85.60427894537929,27.290310723862977],[85.60470597761753,27.29032847607167],[85.60487710398303,27.290404684913604],[85.60521879236366,27.290482579968955],[85.60581726523526,27.290730023364667],[85.60678006272079,27.291360201725],[85.60695137829121,27.29155150674876],[85.60697282393048,27.29162846667669],[85.60688817027169,27.291934556686513],[85.6067393683214,27.29214518260914],[85.60659012601475,27.292261092621786],[85.60641968998549,27.29235643462981],[85.60592907306442,27.2925478689546],[85.60565222267672,27.2927211720603],[85.6055456849115,27.29285552492607],[85.60554618678886,27.293047331337274],[85.60569630615869,27.29323844825837],[85.60593164432723,27.293410059812558],[85.60650886047297,27.29371602032772],[85.6065732591782,27.293793293123624],[85.6066590421612,27.29392733141982],[85.60676727390918,27.294442982470176],[85.6066827461206,27.294789709353257],[85.60651312598019,27.295248408023447],[85.60647148917639,27.295651964299676],[85.60632325029434,27.296016072390767],[85.60630236870502,27.296169367425847],[85.60604771826817,27.29676266893052],[85.60600570458652,27.29699242432022],[85.60585734184896,27.2973949187223],[85.60553816527052,27.297816106957164],[85.60538911170808,27.297990596876247],[85.60515465271217,27.29818234233889],[85.60492012978841,27.298297377954917],[85.60460013737732,27.298355147208195],[85.60440781713781,27.298355461666652],[85.60402304815389,27.298184601535613],[85.60368085779253,27.297973604829547],[85.60346652616698,27.29766682880987],[85.60299572481776,27.29730547548705],[85.60269636341495,27.29722795551682],[85.6024403947761,27.29726834363287],[85.60231253567495,27.2973438041464],[85.60220606053755,27.29749847544565],[85.6021637967232,27.297669589088038],[85.60214347914953,27.297958236577895],[85.60218693568672,27.29824531996062],[85.6024239667799,27.298990162599065],[85.60272433257805,27.29956414100303],[85.60274640567523,27.299794583430174],[85.60264005551598,27.299967322906245],[85.60244855004498,27.300179824073243],[85.60187484696007,27.30115805311826],[85.60162032127991,27.301733286498735],[85.60157799587522,27.30196535523649],[85.60160025660585,27.302252188933334],[85.6017077348875,27.302424739383213],[85.60177169679892,27.30248181781983],[85.60204980002581,27.302597412534663],[85.60264783303914,27.302653049393165],[85.6029039272132,27.302633041068017],[85.60316058458838,27.302689743234343],[85.60333114791332,27.302689180035497],[85.6040151511949,27.30284271936872],[85.60418602595188,27.302842156053803],[85.60452802869011,27.30299451032078],[85.60467789757622,27.303108855436093],[85.604763680056,27.303242894583356],[85.6050647982212,27.3039906117513],[85.60510894380185,27.30445149703478],[85.60495982787269,27.30460573088262],[85.60468366783594,27.305124322980586],[85.60455612308274,27.30529681191508],[85.60421550092684,27.305643228278967],[85.60410933851344,27.305872421258957],[85.60411015426449,27.30616125634826],[85.60423939324033,27.30656199774714],[85.60432686799896,27.30719480813828],[85.60452113503881,27.308000168709018],[85.6046737007401,27.309035346000794],[85.60471910035542,27.30990016265718],[85.60465689609116,27.31059017818802],[85.60480852140212,27.311338709572894],[85.6048092737121,27.311510197541384],[85.60461833279052,27.312029663872675],[85.60438449928402,27.312316187118242],[85.60412953429596,27.312778574807986],[85.60389551420987,27.313103484722863],[85.60376784358752,27.313314359815436],[85.60366187056658,27.313602195670196],[85.60364174067485,27.31394729691238],[85.60368563603734,27.314408119086334],[85.60362336924723,27.315041681145658],[85.60339022667279,27.31567580633384],[85.60326355933289,27.31613494204752],[85.6029455124384,27.316941994362743],[85.60258400830286,27.317459711563856],[85.6019040196574,27.31866938412285],[85.60164886598758,27.319016613120777],[85.60128780137981,27.319649426565082],[85.60118151290848,27.31976352360786],[85.60090610519696,27.320340757415124],[85.60073648217525,27.320571513783957],[85.60060918703105,27.32082071305382],[85.600163152464,27.321357937201],[85.60005736564865,27.321530675764784],[85.59975969644944,27.321818824772823],[85.59924982680253,27.322452389640013],[85.59905932272687,27.322856760395187],[85.59812567868991,27.324239860658906],[85.59808316399318,27.324354581812848],[85.59801957889869,27.324412599579315],[85.59787127721557,27.324699998166103],[85.59768096162497,27.325217151336776],[85.59730239777333,27.326637446312557],[85.59728139100196,27.326752355205986],[85.59732453332583,27.32688820700545],[85.59732516036135,27.32706188278821],[85.59732603690136,27.32727188194666],[85.59736955556512,27.327500261918374],[85.59739344506998,27.328191089519756],[85.59763185493226,27.329227079220377],[85.5978520780901,27.33101003922696],[85.59798294595473,27.331758320570376],[85.59807242697858,27.332907907013247],[85.5980299738801,27.332966174760205],[85.59805235899618,27.333196617057684],[85.59792863714847,27.33434864377541],[85.59793371399003,27.335727611565787],[85.59780923974046,27.33670808786628],[85.59783124912362,27.336821121058698],[85.59770940759596,27.33854869190974],[85.59771454636869,27.33992990963691],[85.59776295307884,27.34142447365204],[85.59785205621111,27.34223102256867],[85.59785637833099,27.343090962920172],[85.59773202638983,27.34383899556726],[85.59771841171094,27.34544796883689],[85.5979806437725,27.346653508493887],[85.597983212846,27.347228989506643],[85.59807099984506,27.34768806127866],[85.59805193427329,27.348148259098597],[85.59811959149063,27.34889597870766],[85.59818442851834,27.349068091183092],[85.59825070738454,27.349526912684507],[85.59835874966703,27.349755916655617],[85.59849049276079,27.350560714104404],[85.59862048176984,27.35090493940037],[85.59877128984645,27.351193148526804],[85.59913592812192,27.351594012891255],[85.59932950144982,27.351880346124524],[85.59945823790657,27.351994441007356],[85.59962967708434,27.352129291610982],[85.59971389448336,27.351938360411047],[85.59973414958145,27.351708355234116],[85.59986106871636,27.35143877452833],[85.60009440223054,27.35113193268381],[85.60026452584404,27.35103659156551],[85.60056382468095,27.35113211746612],[85.6011404756095,27.35122589078208],[85.6017166257295,27.351206818467315],[85.60248559737205,27.351320595696226],[85.60280596538233,27.351319280373485],[85.60370260908395,27.351393671131415],[85.60408775211349,27.35154646252018],[85.60485709974817,27.351775274520282],[85.60530551547993,27.351793338937526],[85.60562613407434,27.351850665563052],[85.60598920678628,27.351944565999702],[85.60675824078706,27.352019957060445],[85.60874284663197,27.35195842432074],[85.60938270629676,27.35188127260353],[85.60963836213074,27.351746167983052],[85.60989408077285,27.351687836745064],[85.61027759490885,27.351515533539814],[85.61066098544782,27.351399746252522],[85.61161933431269,27.350937541115655],[85.61193907657929,27.350861766501296],[85.61264352425792,27.35089808406991],[85.61289980588104,27.350936718472852],[85.6132635661609,27.351089261217094],[85.61358468637408,27.351279751628976],[85.61373493161533,27.35147080711435],[85.61435704107203,27.35208185654904],[85.61446476945316,27.352236339057598],[85.61476450756912,27.352444709925305],[85.6155342927927,27.352693777430456],[85.61720066045324,27.35299691715411],[85.61745731783805,27.35309194296779],[85.61803396924822,27.35318571604998],[85.61841873730087,27.353320377921076],[85.61918758262178,27.353337002202203],[85.61963537292682,27.353278231544838],[85.62001957683074,27.35327747818541],[85.6204036547411,27.353238401715746],[85.6208512566448,27.353143495779797],[85.62091528035485,27.35310354608244],[85.62193890572031,27.35292854912304],[85.62298935434546,27.35285764520373],[85.62360045372368,27.352753048053764],[85.62453648830713,27.352996986978976],[85.62513089736134,27.35321498486989],[85.62572380548926,27.35351200507924],[85.6260186668597,27.353763076777472],[85.62633591001305,27.35393993886997],[85.62642400386811,27.353789643490007],[85.62671635431734,27.35298678092003],[85.62668489903687,27.352354532488043],[85.6266279995256,27.351950039156076],[85.62681418487931,27.351089722282396],[85.62723789397278,27.350116683937472],[85.6273539318674,27.3496009686121],[85.62780583593445,27.348226499138494],[85.62798902193236,27.347537670734216],[85.62832501249017,27.346678853606434],[85.62839497272458,27.346334188920206],[85.62855058839702,27.345936196259604],[85.62881599348135,27.345365651298554],[85.62903363339069,27.345081128709165],[85.62918787582046,27.344796043849556],[85.62942808560736,27.34445531678446],[85.6296041472431,27.34411177691169],[85.62971543543344,27.343826254628077],[85.62971924743361,27.343596062601545],[85.62958281433768,27.34279126447761],[85.62935941375324,27.34209850054896],[85.62923530252678,27.34186480738248],[85.62891980940603,27.341572848736103],[85.6287321128503,27.341340844571445],[85.62848476738945,27.340875709594368],[85.62844518827399,27.340703847340155],[85.62845574948633,27.34012836615499],[85.62837690497955,27.339782327021105],[85.62825716845764,27.339320754787575],[85.62807397179182,27.33885630787177],[85.62801526056391,27.338569098819068],[85.62804595449599,27.3380503211446],[85.62817725051586,27.33788014533492],[85.62869743829168,27.337427070768076],[85.62904600052141,27.337031013883966],[85.62919949201235,27.33680232046473],[85.6291684744374,27.33616782237668],[85.62906812216686,27.33582153363664],[85.62883891008971,27.33553044936428],[85.62869316724817,27.335337143934908],[85.62804260907278,27.33475078893664],[85.6277926395128,27.3344210690283],[85.62749984089197,27.334111293050924],[85.6266180713084,27.333348825839987],[85.62600759193363,27.332900448113804],[85.62569103625377,27.33272133526854],[85.62510306563503,27.332214566107893],[85.62498157956105,27.331868090234487],[85.62496738355217,27.33148422729083],[85.62499014073605,27.331407767313358],[85.62512756224241,27.33089230298447],[85.62555152138022,27.329862809528816],[85.62569337881607,27.329117152036194],[85.62602899385755,27.328258334940973],[85.62605275184067,27.3281231072375],[85.62611890053243,27.32801094921194],[85.62674293963195,27.327712419039262],[85.626831345879,27.327541743578447],[85.6269005556146,27.327253532785697],[85.62691342893149,27.326563079879485],[85.6267950685942,27.32604505379996],[85.62672234799584,27.325353788825787],[85.62674791733028,27.325123783899688],[85.62673389737165,27.323568701919154],[85.62655344977784,27.322932766103964],[85.62649580046552,27.32258685300062],[85.62592101557831,27.32137156236429],[85.6258422333756,27.32102321046913],[85.62584523286829,27.32085172257871],[85.62598377765084,27.32027755318718],[85.62614058194563,27.319877372525887],[85.62616615175101,27.31964742982389],[85.62650707906887,27.318502028333665],[85.62667219404379,27.317641523751767],[85.6267444665136,27.31718182597495],[85.62683724720489,27.3167810196808],[85.62689032347835,27.316206038497157],[85.6271591035942,27.315520334598194],[85.6274882201116,27.315006743609025],[85.62805348525734,27.314420942788384],[85.6285340942706,27.313814073169446],[85.62885908649947,27.313530612584138],[85.6290959852425,27.313399759829142],[85.62959491432262,27.312946498216743],[85.62998705402129,27.31249223619956],[85.63020682001833,27.312131003663414],[85.63049004573624,27.311811032474303],[85.63077108512465,27.311603906922393],[85.63120511607283,27.311188344260568],[85.6315291080421,27.31096133819015],[85.63198170987515,27.310699445455743],[85.63223961641339,27.310609416996193],[85.63262738249827,27.31038297250367],[85.63294981231988,27.310255244668838],[85.63342442112209,27.309955215927282],[85.63390078120354,27.309558095578574],[85.63403176511189,27.309387857273787],[85.63409891284613,27.30921699410333],[85.63412542017298,27.308930659220074],[85.63402381733155,27.308640762687926],[85.63370988657567,27.308328485826106],[85.63335043992397,27.308151248444876],[85.63305689135451,27.30787754525724],[85.63239507470168,27.306756159145408],[85.63224808213096,27.306639625860093],[85.63190958075049,27.306480643772726],[85.63163391611134,27.306398934894744],[85.63146516566621,27.30630021955767],[85.63127603255558,27.306144925187162],[85.63106726565589,27.305912671063602],[85.63086024863311,27.305563132404668],[85.63078009186357,27.305275673380294],[85.63078859065004,27.304815350977652],[85.63083773029923,27.304470561910364],[85.63082259628543,27.30412508478687],[85.6308692988038,27.303895329405726],[85.63098015000399,27.30366626166182],[85.63092043829627,27.30343544397686],[85.63094700785057,27.303149110339913],[85.63107899225412,27.302920166640856],[85.63151389716307,27.302448212437845],[85.63179524953136,27.30222301894019],[85.63194786621143,27.30203264984043],[85.63224985074669,27.301846029908113],[85.63257484238413,27.30156256889457],[85.63283518605938,27.301319121191945],[85.63290102177469,27.301204649462534],[85.63297560633477,27.300629917289385],[85.6330661994478,27.300323826577998],[85.63311015276668,27.30026787293883],[85.63323907420705,27.30021266754005],[85.63364459859032,27.300180530125274],[85.63383910630131,27.300028984620567],[85.63397133967119,27.299802292214277],[85.63406243247552,27.29945787777113],[85.63415096356498,27.29926919616388],[85.6347833143344,27.29845607746209],[85.6351728291175,27.298134918223084],[85.63538971982535,27.297909037585832],[85.63554683557948,27.297452464459713],[85.63555089782209,27.297222334288833],[85.63544929528506,27.296934688524356],[85.63526034817883,27.29675907552644],[85.63501169123074,27.296352645327897],[85.63487225887675,27.29577585229542],[85.63487482106486,27.295642626083048],[85.6349406566698,27.29552815438812],[85.63513428991588,27.295417244850572],[85.63573038430464,27.29548169742424],[85.63592326767768,27.295409112016696],[85.63611827494069,27.29523949767674],[85.63622768909718,27.29506900939311],[85.63629758661027,27.29472665820211],[85.636280203062,27.294496278296002],[85.63621949145825,27.294321915105854],[85.63593094176488,27.293743622428966],[85.6358494101415,27.293512617314317],[85.63581089374378,27.29328205064793],[85.63585578351699,27.293149323326304],[85.63585984555272,27.292919130760154],[85.63575818089261,27.292631609353876],[85.63576049288493,27.29249613202447],[85.63584752355384,27.292402229475123],[85.63610549286825,27.292271563480515],[85.63661980530044,27.292127579727754],[85.63696324333564,27.291979721671485],[85.63720164103538,27.291751840634795],[85.63727078917817,27.29146588058241],[85.6372534055183,27.291235500749806],[85.63717143583317,27.291042882007332],[85.63696304405438,27.290754236755355],[85.63673183250424,27.290578186474907],[85.6364778000558,27.290458403313682],[85.63630811254971,27.290418393177525],[85.63571239214774,27.29035162779729],[85.63511798516515,27.290208152906583],[85.63475778841651,27.290069239433745],[85.63463117813792,27.289991280301837],[85.63452682690158,27.28987518458166],[85.63440371566433,27.289585100107114],[85.63443603434185,27.288953476551907],[85.63435512700269,27.28870440369382],[85.63408196171152,27.2884693370805],[85.63365805425913,27.28832973700063],[85.63319375610018,27.288054409186064],[85.63256176918873,27.287623975589952],[85.63184631314465,27.287075319409322],[85.6308128015963,27.28642876212762],[85.63058208984658,27.286214388540664],[85.63043584700176,27.286039150384685],[85.63020938426348,27.28557657857509],[85.63014942220573,27.285345761670897],[85.63015448467273,27.285059177611735],[85.6301149053553,27.284887314928778],[85.62991076269549,27.284366225864563],[85.62956119037429,27.283613507347273]]]}},{"type":"Feature","properties":{"province":"Bagmati Province","district":"Sindhuli","municipality":"Marin Rural Municipality","ward":"6","wardNumber":6,"sourceMunicipality":"Marin","sourceType":"Gaunpalika"},"geometry":{"type":"Polygon","coordinates":[[[85.73510987420794,27.323359367529797],[85.73526161573704,27.32320950970043],[85.73558460808563,27.323002570758945],[85.73669963910865,27.32258156325432],[85.73746842132381,27.32247790210088],[85.73823845387048,27.322317786137493],[85.73874970416028,27.32232691010186],[85.7395187985658,27.32222324832901],[85.73986223643428,27.322077390444683],[85.74020586124931,27.321908962987646],[85.74048614975837,27.321703838238914],[85.7408319620227,27.32140224645435],[85.74106867226612,27.321253138799648],[85.74154428107359,27.320842138766064],[85.74169502295723,27.320748735323832],[85.74212824120076,27.32031479159848],[85.74236495142537,27.32016568366938],[85.7431365454701,27.319890472055874],[85.74330748307887,27.319855898063754],[85.74373695180144,27.31967021520879],[85.7444263262602,27.319204634706512],[85.7447908968031,27.319056713768255],[85.74498265403355,27.319060713359683],[85.74549471816053,27.3190291373925],[85.74575168645909,27.318956989161585],[85.74609318674636,27.318923914037757],[85.74720678102933,27.318597621938522],[85.74788959475954,27.31854954005019],[85.74846943377094,27.31855922592411],[85.74847574816735,27.318559350814354],[85.74896636477311,27.31841249109481],[85.74961422698046,27.318215115493942],[85.7500256263949,27.31805181406817],[85.750375690329,27.31779311011796],[85.75057419900266,27.317584984765322],[85.75092213756385,27.31740074087885],[85.75135898252836,27.317086332538864],[85.7517501246897,27.31688226924228],[85.75216158665529,27.316718905022363],[85.75255110438208,27.316575734956338],[85.7528957923638,27.316506462107455],[85.75341454408823,27.316326092925287],[85.75401820280267,27.31618473356188],[85.75496461196221,27.31603293142914],[85.75550481002003,27.315852624387578],[85.75589538917933,27.31566881699129],[85.7565861414312,27.315474066642402],[85.75675782953932,27.31545749758737],[85.75755774672339,27.315187036785446],[85.75798827887301,27.315100570875185],[85.7587619374288,27.315003598058823],[85.75953209627747,27.315019472292647],[85.75980926121649,27.315062544846324],[85.76008430212408,27.31518457875527],[85.76066770973392,27.315751740364053],[85.76061349845129,27.315405952093137],[85.76047013106795,27.31517219631333],[85.76035458419983,27.314710749312933],[85.76036964628904,27.31417596719825],[85.76059641286433,27.31371983205009],[85.76119518832176,27.312987173916504],[85.76159020579804,27.312649821779928],[85.76181490918218,27.31227264690141],[85.76273661525836,27.31146827773982],[85.76297957740411,27.311206324251852],[85.76331232082022,27.310791762258123],[85.76353933687565,27.310335563676002],[85.7637576579655,27.30942116852932],[85.76386494037119,27.30865931887747],[85.76387969013994,27.308122285707263],[85.76376870583512,27.307507418612143],[85.7635219861411,27.30713962500314],[85.76333391564106,27.30698220599764],[85.76307988305616,27.306880740257963],[85.76282416381419,27.30683779262672],[85.76237856011295,27.30669394136871],[85.76212502838676,27.306574282672173],[85.76187255915625,27.306414113474887],[85.76143351863483,27.306042257318765],[85.76108088428784,27.305632952638994],[85.76085142284074,27.305416515887533],[85.76070918041495,27.305146688050215],[85.76056318722448,27.30500771081435],[85.75981759103605,27.3041118907859],[85.7590894404437,27.303369678518187],[85.75881758824201,27.303134737002363],[85.75850572019039,27.302802454844844],[85.75804585961384,27.30240803010968],[85.75749934198855,27.302053367916432],[85.75708262236103,27.301641125286988],[85.75677481678458,27.301175740954545],[85.75638166672147,27.300689225943668],[85.75614113515117,27.30010937017249],[85.7561048691196,27.29987880257823],[85.755942181232,27.29956821315213],[85.75591016512527,27.299184225488897],[85.75565556317592,27.29833554067378],[85.75552950855091,27.297490356223438],[85.75538932817784,27.297143818081004],[85.75494535805599,27.29770861193326],[85.7547479748941,27.29787616302846],[85.75413762871078,27.298265657137527],[85.75298814891504,27.298797197638898],[85.75272692928775,27.298945993218812],[85.75246808446398,27.29901595393133],[85.75207706708373,27.299217828783014],[85.75116898615913,27.29954374414278],[85.75071563332804,27.29966840938312],[85.75036650689766,27.29991129551464],[85.75025940498654,27.299908045414103],[85.75000649854285,27.299768131753623],[85.74885663236729,27.299315507835605],[85.74828929384188,27.29881617864247],[85.74791046392248,27.298523908341547],[85.74768056472699,27.298271335788915],[85.74715530384672,27.29782427134533],[85.74675777826894,27.297396398712955],[85.74635869021938,27.297047611798952],[85.74610953190626,27.29667969366597],[85.74564942014673,27.296174611353656],[85.74512778405467,27.295517609741957],[85.74487868897238,27.29514975418533],[85.74466860963656,27.294956011059792],[85.74425107639689,27.294453492216057],[85.74393933214279,27.29400836342762],[85.74373306482956,27.29362281470787],[85.7436530941129,27.293315162452608],[85.74363577340718,27.293087032983937],[85.74364558414517,27.292552250883872],[85.74369353560523,27.292245722824454],[85.74380557379324,27.291942070148806],[85.74388328232479,27.291179908720675],[85.74378786650746,27.290567416212152],[85.74379586513906,27.29010934474785],[85.74386944928463,27.28957506239023],[85.74383243233008,27.289270035659566],[85.74371257066674,27.288808587794197],[85.74356739006667,27.28857702122342],[85.74310627891917,27.288130581337114],[85.74277290180706,27.287705521361467],[85.74239507179719,27.287354484383883],[85.7422477668302,27.287256269297835],[85.74063284450874,27.285740836885616],[85.7404445233291,27.285526962922017],[85.74025970125443,27.285141664011256],[85.74016134813566,27.28468259171292],[85.74016665933405,27.284375689292307],[85.74039373540211,27.283617152021016],[85.74059092975587,27.28331424945735],[85.74085214851718,27.283032227036085],[85.7414151005652,27.28256333437304],[85.74171852201599,27.28228168696156],[85.74195823233251,27.281999414478335],[85.74204438885158,27.281943772363014],[85.74226240389584,27.281679443162034],[85.74231166852766,27.281316524003714],[85.7421246472887,27.279863598754677],[85.74200472324844,27.279402088570947],[85.7419221915553,27.279247919531144],[85.74155792149809,27.27817260630715],[85.74131020072615,27.277709909992808],[85.74096975052848,27.27648136423081],[85.74085132644865,27.27594539584053],[85.7408381922227,27.27548713620208],[85.74064592307012,27.274336611821106],[85.7403876917831,27.273262235740386],[85.7402014325502,27.272953647168666],[85.73999666508789,27.272493638743796],[85.7395568121018,27.27204732307824],[85.73918541811256,27.27135337287703],[85.73868304033782,27.270827471873016],[85.73819960882985,27.270439424443705],[85.73801328693959,27.270130835056037],[85.737887864983,27.26999429657145],[85.73731702663335,27.269718282055212],[85.73693863495852,27.269423761320713],[85.73677182124865,27.269212325009654],[85.73660725670605,27.268883605350013],[85.73641793636578,27.268728436014896],[85.73618397497883,27.268705993697907],[85.7357341226387,27.268812528322528],[85.7351605975596,27.26868774689149],[85.73464547279055,27.268870429480998],[85.73445383977119,27.268868680435045],[85.73343290005651,27.268717331614084],[85.73330654054485,27.268639434792078],[85.7332018128924,27.26852340092611],[85.73306038148145,27.26810002781105],[85.7330630685404,27.26794654590823],[85.73311402011541,27.267488910796885],[85.73325137818608,27.266957503260475],[85.7334273146092,27.26667248066362],[85.73383915067335,27.26629930596341],[85.73401321192009,27.26609093049919],[85.73423491449499,27.265637045262867],[85.73432288230165,27.265484375287937],[85.73506958301527,27.26427463832713],[85.73546147230475,27.263822252495057],[85.73583335454306,27.263292968794698],[85.73639861861193,27.26269091253311],[85.73688110142736,27.261955004998743],[85.7372087174082,27.261520062186598],[85.73773077920472,27.260938075243825],[85.73788195810296,27.260826478339297],[85.7383602546526,27.260318450754312],[85.738511309416,27.260225047057702],[85.73916104205375,27.259662126246337],[85.73968166606603,27.259154473101837],[85.74048245434825,27.25850039993827],[85.73990549263773,27.25856742384038],[85.73939118045827,27.25871178321873],[85.73907100032841,27.25874273189554],[85.73868717175756,27.258737046263132],[85.7381107725021,27.258786064823962],[85.73702393409776,27.258749125532947],[85.73619062946456,27.258849973456456],[85.73586994860256,27.258901241870895],[85.73477723770243,27.259189272614673],[85.73452083059941,27.259223096842486],[85.73381363557692,27.25942209852619],[85.73284809529515,27.259767769823057],[85.73233378261826,27.25991206671487],[85.7318184703206,27.260115067325273],[85.73110640026438,27.26058027273829],[85.73060759629911,27.261049726768658],[85.72987451855327,27.26149673856427],[85.72890916648035,27.261824280084863],[85.72801152518464,27.261942571883772],[85.72755879928562,27.262222845231967],[85.72738586172828,27.262352134436117],[85.72710625969032,27.26248280034653],[85.72652592381714,27.262739317724435],[85.72626876795262,27.26281146639607],[85.72562753227604,27.262895933794248],[85.72504888369944,27.263059923474874],[85.72466143067895,27.26326179865125],[85.72433993851277,27.26335364059303],[85.72401919578311,27.26340490845969],[85.72312255360033,27.263466745758354],[85.72216038953916,27.263622736998016],[85.72164870036366,27.263613613348483],[85.72069290916946,27.26340618451696],[85.7199278145109,27.2632795913219],[85.71916071873198,27.263247775338716],[85.71845321079401,27.263464781734175],[85.71703356987237,27.264149181993712],[85.71677616373213,27.26423933568588],[85.71651900749055,27.264311483894787],[85.71600313203666,27.264532489895434],[85.71542117203906,27.264867905468893],[85.71484058514523,27.265144741117755],[85.71464745319577,27.26521745160108],[85.71432602280926,27.265307043313232],[85.71374862368067,27.265412328909093],[85.71317035047356,27.265594323731552],[85.71195209216782,27.265804332824658],[85.71182304494246,27.265879918328697],[85.71160565522516,27.266144185303645],[85.71141077293454,27.266313923876737],[85.71130098389982,27.266502542985453],[85.71112636005562,27.26674917900684],[85.71090847027875,27.267031576748387],[85.71075772773358,27.267124980313202],[85.71030362711419,27.26751797383517],[85.71015288537065,27.267611439958472],[85.70995800240476,27.267781179352287],[85.70935297240406,27.268287894887333],[85.70907262122809,27.268474889719148],[85.70849284788969,27.268733657416206],[85.70817141815883,27.268843504937944],[85.70727371380781,27.269020314408536],[85.70656495585808,27.26931396881663],[85.70617850312445,27.269423253810285],[85.7056616896144,27.269644135154383],[85.70449789171398,27.270220188566867],[85.7032059223888,27.27079280423177],[85.70256162389315,27.27097417488818],[85.7013362405083,27.271414313816575],[85.70094978614466,27.271521223366708],[85.70037057498968,27.271646764780545],[85.69837340743803,27.27222857553423],[85.69779444579058,27.272333798688738],[85.69624981787695,27.272691853819676],[85.69483511286273,27.27295631734409],[85.69329285934464,27.273163139586153],[85.69194442739519,27.273295001108142],[85.68867222440548,27.273472079084215],[85.6874494023248,27.27374047982603],[85.68706394815611,27.273791060366158],[85.68610115692668,27.273854210660897],[85.68558709414,27.273941928184904],[85.68479486563689,27.274024833862224],[85.68453777134225,27.274058532957074],[85.68267565061105,27.274239662834287],[85.68151722610345,27.274508625993377],[85.68087242832081,27.27472825839784],[85.67977790428866,27.27503835721461],[85.67926321571329,27.275146393085187],[85.67855264439935,27.275480497182848],[85.67822802722151,27.275725759109815],[85.6778400743169,27.2759296971835],[85.67800770021562,27.276123127519394],[85.67844124320305,27.2769735609447],[85.67877543332241,27.277416813813275],[85.67968990892462,27.27888561329277],[85.68019309891238,27.27942983202601],[85.68065146160248,27.280106651713865],[85.68091981557184,27.28064630874233],[85.68104123890245,27.281031107982756],[85.68114477939284,27.28122391418193],[85.68137642850898,27.281417969386233],[85.68163127319185,27.28149705249566],[85.68194745504351,27.281750562079704],[85.68239105770111,27.28202557708569],[85.68264346609493,27.282258081396847],[85.6827449436184,27.28256604579248],[85.68274231951705,27.28271946575646],[85.68254037521743,27.283290822601742],[85.68260196130606,27.28342686252001],[85.68319593222486,27.283664865065678],[85.68357626280243,27.283918999371604],[85.6837440757768,27.284094361585904],[85.68411821957204,27.28469134685006],[85.68430647858709,27.284925664723445],[85.68436806517852,27.28505939016589],[85.68448711371695,27.285597672895005],[85.68449787359037,27.2862093519772],[85.68444854687888,27.28659259052837],[85.68450869696885,27.286823407889884],[85.68469576822402,27.28713205939964],[85.68494742570546,27.287403011981873],[85.68567889162318,27.288332904332126],[85.68591079168212,27.288508891828865],[85.6860141434901,27.28871976575987],[85.68601289397763,27.28879647578669],[85.68575180074582,27.28906255534655],[85.68546776216996,27.289421038465687],[85.68537579473632,27.289803838508792],[85.68547814722108,27.290073354546887],[85.68570904748844,27.290305733610776],[85.68608937657598,27.290539486538517],[85.68647070635267,27.290737167111867],[85.68729570279824,27.291207610983157],[85.68754811025798,27.291442428615476],[85.68779901824699,27.291751704764177],[85.68790230800991,27.291964766725773],[85.68792006645386,27.292174890666093],[85.6878719265272,27.292481355625274],[85.68734092920047,27.29354617249787],[85.68725021144421,27.293850013137867],[85.68716218010647,27.294002620526122],[85.6870033766532,27.294536028646462],[85.68693141727788,27.294993538593165],[85.68689553696109,27.29583503652383],[85.68700639994199,27.29683364127129],[85.68716421634034,27.297600177614935],[85.68736998370642,27.29806475017189],[85.68810451111149,27.298820966398775],[85.68831177838595,27.29918851059459],[85.68847228081475,27.29980162639462],[85.68848397805294,27.300338908908966],[85.6883678159403,27.30087494294024],[85.68794160752769,27.30201971923847],[85.68767751400296,27.302455099446107],[85.68700414780248,27.303078475820357],[85.68678519514384,27.303383379037772],[85.68663001599184,27.303686594376934],[85.68662607900836,27.30391672447163],[85.68670736070806,27.30414772962415],[85.68712114582414,27.304921203543707],[85.68756507326434,27.306385567080554],[85.68797342226176,27.307463693360006],[85.68792528233764,27.30777015884986],[85.68779454759832,27.30790213612983],[85.6876182357546,27.30820741426862],[85.68757165808411,27.30843491929949],[85.68781706724684,27.30905334867405],[85.68787690359906,27.309284103881513],[85.68789410048176,27.309514483712842],[85.68799407790219,27.309899096046216],[85.68818747261949,27.311051933555817],[85.68839324108767,27.31149618726273],[85.68855611801608,27.31195819690234],[85.68876300961695,27.312343745473132],[85.688925512389,27.312807943531933],[85.68891726332261,27.31326826621774],[85.68880659959599,27.313495208290036],[85.68864742164973,27.314030867077],[85.68863948492064,27.31449118954678],[85.6887212677895,27.314683808747393],[85.68882630696824,27.31479984181583],[85.68901637818813,27.314916749529658],[85.68914380026821,27.314958510428607],[85.68933593410743,27.31497838980698],[85.68969950539508,27.314945689928102],[85.6898267400373,27.31500558172049],[85.69007852293912,27.315276534479306],[85.69032661842628,27.315741481183064],[85.69038976790519,27.315800748510217],[85.69058133868897,27.31584094665185],[85.69103150397814,27.31575035397103],[85.69186599806032,27.315724276744962],[85.69218811606942,27.315650565315753],[85.69244671018247,27.315519774921956],[85.69302792233458,27.31529951849521],[85.69360688387451,27.31519210731528],[85.69489604267908,27.31482492655452],[85.69611717828799,27.314687376824647],[85.696373585783,27.314692001013643],[85.6968241250273,27.314601408877525],[85.69733825183016,27.314552015267076],[85.69778954134075,27.31442303664699],[85.69811078525855,27.3143899615117],[85.69901380196156,27.314093617443753],[85.69991281997487,27.31402977893671],[85.70023437529743,27.313976323747035],[85.70068341571623,27.3139827591609],[85.70119729176749,27.313931115022083],[85.7026696482564,27.31410496753552],[85.70388166151719,27.314504387574832],[85.70439435037825,27.31452945393463],[85.70456472577561,27.314569401476952],[85.7046710148493,27.314610975542898],[85.7047763673181,27.31470675261534],[85.70500226820437,27.315245971913047],[85.70510255907877,27.315630583775466],[85.70526837370576,27.315939048402896],[85.70549458701205,27.316478267349236],[85.70595063857776,27.31732657510253],[85.70609369487694,27.317711624556146],[85.70621799241097,27.317942941589553],[85.70638130721305,27.318404826207864],[85.70639769111685,27.318711978481918],[85.70630934741499,27.318864649793365],[85.70609295770437,27.31903413795136],[85.70523276799487,27.31931053902835],[85.704891516628,27.319266778572896],[85.70446392228898,27.319260655149083],[85.7034361069676,27.319343625344764],[85.70298575459799,27.319413898947946],[85.70281369139126,27.319489047809732],[85.70252915257387,27.319867848614297],[85.70213757559488,27.32026590584391],[85.70180939618605,27.320700785945252],[85.70145196059904,27.321615995759945],[85.70103125112159,27.322453932320304],[85.70060304407522,27.323749941117832],[85.70036828178989,27.32497324033684],[85.70027887663265,27.325220688551212],[85.70049314239691,27.325184300560174],[85.70083595629382,27.325151351580047],[85.7015182711277,27.325257001906454],[85.70228236770555,27.325591343811492],[85.7031048654709,27.3262737878543],[85.70343999244285,27.32668084259622],[85.70371009631558,27.32714378917034],[85.70398345005081,27.327432933965262],[85.70423791964068,27.327552654511237],[85.70457823371987,27.327652869030246],[85.70526192421893,27.32769981480245],[85.7056882684247,27.327762392754863],[85.70619833356491,27.327961196846797],[85.70655721842377,27.32823308657542],[85.70691672786447,27.328448584481247],[85.70751338540683,27.328476587904774],[85.70768519792075,27.32840150193749],[85.70819719882844,27.32840849999123],[85.70870707522286,27.328512463882696],[85.70929942179141,27.32880685901571],[85.70959259497471,27.32913676549793],[85.70967569004553,27.32927299292317],[85.70977723036462,27.329560513710966],[85.70987614660051,27.330021835778876],[85.70986858536693,27.33048222139679],[85.70990928915025,27.330597630059188],[85.71035176740321,27.330908655154722],[85.71075597951916,27.330971107483094],[85.7112650442029,27.331151781654416],[85.71168557694573,27.331501005920664],[85.71181131236177,27.331637545494036],[85.71185220327136,27.331732698128945],[85.71191047857471,27.332078549038922],[85.71188247160805,27.332480041828735],[85.71177112089556,27.332767815170598],[85.71152959837836,27.33316518376821],[85.71139286539953,27.333680711479545],[85.71138986633794,27.33385451191157],[85.7115568678431,27.334086204214387],[85.71176738457903,27.334241622565074],[85.71193676023073,27.334319894737412],[85.7123619799381,27.334402853515854],[85.71295870020015,27.33443085701292],[85.71363832673093,27.33461090410655],[85.71380770241119,27.334691489270078],[85.71406142267193,27.334827027364916],[85.71429282189513,27.33500282632542],[85.71439742494685,27.335139178842955],[85.71502703690588,27.33574085065289],[85.71548639948129,27.33634089775997],[85.71568985520528,27.336918253052538],[85.71578977160698,27.337320932853984],[85.71593432728459,27.337611142379313],[85.7162924619914,27.337864901289063],[85.71654674463177,27.337982371600052],[85.71677870642455,27.338140228617767],[85.71705212160482,27.33837292011545],[85.7172806472052,27.338720332295456],[85.71727264909799,27.339198723030506],[85.7171195942723,27.33942754173482],[85.71693928424493,27.339999148338197],[85.71708184004483,27.340404390845894],[85.71727047412789,27.340597946949313],[85.7174664192723,27.340371816146742],[85.71759696615533,27.34021952021277],[85.71798616869334,27.339898110566498],[85.7187902686396,27.339009467679755],[85.71916146284492,27.33851638315303],[85.71931133008333,27.338479371052795],[85.71956936146778,27.33834858033591],[85.71978550182334,27.338179029067742],[85.71995975112333,27.33797071653924],[85.72007004017334,27.337743773573532],[85.72027379601481,27.33705725804058],[85.72029886527869,27.336827315594412],[85.72070450153926,27.33552874288633],[85.72105849992195,27.33476914225298],[85.72107799538664,27.33362055464136],[85.72116952493171,27.3332377542055],[85.72124504666382,27.33255005180125],[85.72127197819734,27.330941141351996],[85.72136775651606,27.33032808535056],[85.72135137267904,27.330023245759755],[85.72142295714282,27.32956348566277],[85.72142839362563,27.329256707809876],[85.72135204792076,27.32871880061485],[85.72133685121042,27.328337313053105],[85.72140487326543,27.328107620272352],[85.7214925293313,27.327954950330334],[85.72175374734809,27.327652734087454],[85.72212069297501,27.327389716715018],[85.72254878731214,27.327298811289392],[85.72288947529049,27.327342571420818],[85.7232288515503,27.327442660324035],[85.72365675839033,27.32737213682638],[85.72406653104905,27.327089237814462],[85.72426166403423,27.326901430854253],[85.7247363356378,27.32658070804004],[85.7249752956495,27.326316566485136],[85.72536487327588,27.32597708833403],[85.72588118645014,27.325715445080075],[85.72611902211513,27.325528075139427],[85.72637630374169,27.325453676798503],[85.72663214778095,27.325458238846444],[85.72739824293733,27.325562262840762],[85.72782358846248,27.325627028513818],[85.72850615175734,27.325635525869092],[85.72910112283509,27.325758306987566],[85.72961237412439,27.325803503475218],[85.72986721842373,27.325864519758085],[85.73072053203813,27.32585644760501],[85.73166081517853,27.32575441095476],[85.73200693914012,27.325452818923132],[85.73274439094061,27.3246605806301],[85.73324056974005,27.32430390967866],[85.73364896826527,27.32408190307764],[85.73424968753413,27.323843641321833],[85.73496181847935,27.323299351048533],[85.73510987420794,27.323359367529797]]]}},{"type":"Feature","properties":{"province":"Bagmati Province","district":"Sindhuli","municipality":"Marin Rural Municipality","ward":"1","wardNumber":1,"sourceMunicipality":"Marin","sourceType":"Gaunpalika"},"geometry":{"type":"Polygon","coordinates":[[[85.66036515609173,27.34276427441825],[85.66057917162307,27.34272794922462],[85.6610070155354,27.342639482500125],[85.66134851661678,27.34264279353718],[85.66168764267815,27.342763388739407],[85.6618964721136,27.343054284663264],[85.66207985746983,27.343593129841008],[85.66255591683844,27.344518522260667],[85.66309949890824,27.345216535992414],[85.66343675090516,27.34547029532579],[85.66377543913309,27.345629277433343],[85.66437003497475,27.34581095094257],[85.66460255960175,27.345946363517246],[85.6648961084226,27.346258327981484],[85.66504410163923,27.346356793225244],[85.66544806375812,27.34649608162054],[85.66578994047522,27.346519648263776],[85.66596106554624,27.346503204667634],[85.66630619112867,27.346334965297277],[85.66682062984596,27.3462450594487],[85.6669916302164,27.34626700231483],[85.66741685087153,27.346426795943902],[85.66784407099276,27.34645123725848],[85.66818469783703,27.346551451778033],[85.66856527808307,27.346825904424687],[85.66906584573006,27.347636388892177],[85.66929643354698,27.347927472564344],[85.66963418525673,27.34819923739419],[85.66980393610565,27.348297889982288],[85.67022840717377,27.348493756204096],[85.67039884536784,27.348536017944394],[85.67116400515178,27.348832161556388],[85.67150519427494,27.348914370594034],[85.67227472782211,27.348923930121224],[85.67270101043121,27.349025018763403],[85.67278560535817,27.349084535425416],[85.67291221484857,27.34920081895397],[85.67299480961877,27.349375368935796],[85.67301263117596,27.3496034986841],[85.67285651462852,27.35000374246082],[85.67268095273744,27.35028870257224],[85.67222366430623,27.35080116931206],[85.6722192909119,27.35108775337989],[85.67238316760972,27.351549762425567],[85.67252922408791,27.351781329691693],[85.67276049944216,27.3520137087288],[85.67312025947172,27.35226765503265],[85.67337529175205,27.352367120153303],[85.67371766699573,27.352352300781607],[85.67421397287364,27.352090657336408],[85.6746270586837,27.351656777267262],[85.67490872226655,27.351431458141082],[85.67533912958729,27.351264030692217],[85.67559634916101,27.351228081057634],[85.6759375373816,27.351290033778877],[85.67610697581435,27.351388748868604],[85.676447665154,27.35148890102927],[85.67678735393636,27.351647882402567],[85.67780348558546,27.35231194505647],[85.67803657206663,27.35244960842175],[85.67863110621677,27.352725997418702],[85.67914179646709,27.35290460886289],[85.67982361154316,27.35306677557972],[85.68050742709437,27.35311384696387],[85.6808507396987,27.353042636050382],[85.68108801414513,27.352911720210344],[85.68132747387276,27.35264539074303],[85.68137255184233,27.352494596044412],[85.68139893421373,27.35218788027942],[85.68131815064231,27.35188029119303],[85.68130164171082,27.351573138451684],[85.68123993055332,27.35141903132605],[85.6812221091148,27.351188713372757],[85.6812886949001,27.351035855841356],[85.68146325709148,27.350809537801908],[85.68172341267437,27.350584032385417],[85.68213337400687,27.35035771243774],[85.68264837550466,27.350249739344143],[85.68290515761262,27.350254426155963],[85.683333377174,27.350222288525405],[85.68384837872632,27.350114315571272],[85.68419294120605,27.349964080994237],[85.68494521686065,27.349725129597473],[85.685140224032,27.3495554536135],[85.68524976352815,27.349405283389174],[85.6855359261188,27.348870811850755],[85.68569422914312,27.34833740425835],[85.68572029791453,27.348030751306382],[85.68596169592918,27.34765157544705],[85.68613725772838,27.347366615134867],[85.68637721834384,27.347064149450603],[85.68644367854264,27.346911292115475],[85.686639499458,27.34670329149875],[85.68739471064062,27.346290539315895],[85.68752463209931,27.34617894371518],[85.68786938327064,27.346010641285872],[85.68810859406676,27.345764692559243],[85.68817511692822,27.345611771435905],[85.68792252092753,27.3453588870736],[85.68756382385261,27.345048610823145],[85.68731141534701,27.344777658769214],[85.6869510311321,27.344580165328196],[85.68644302748437,27.344230129366366],[85.68606363401061,27.34387896637658],[85.68564684911996,27.34318445355682],[85.68552348828308,27.34287636398721],[85.68548415933385,27.342645796478735],[85.68531784510006,27.342337269808407],[85.68500185061684,27.342045436285158],[85.68485523224723,27.341834188250537],[85.68460288665507,27.341560984117546],[85.6844985333606,27.34140656457206],[85.68447990071358,27.34125289519488],[85.6846120095438,27.34102620264009],[85.6848298371695,27.34079794650624],[85.68509011879607,27.340590570445265],[85.68539291567302,27.340383507956155],[85.6857377919042,27.340235586516265],[85.68590947890148,27.340198824560044],[85.68623378460701,27.339994199328046],[85.68688395662015,27.33948573256945],[85.68727465992087,27.339146379267284],[85.68762859546652,27.338461300554556],[85.68791275929705,27.33810062990805],[85.6879860308861,27.337564159664755],[85.68809956968445,27.337183797184856],[85.68832002227332,27.336804433443376],[85.68852159096491,27.33626921286903],[85.68861355831497,27.33588866249236],[85.68862268146427,27.335351567472202],[85.68871346239102,27.335045476350892],[85.6888671412146,27.334819033524038],[85.68911553832251,27.33405624549199],[85.68906694918084,27.333134975171106],[85.6892084938508,27.332353119100745],[85.6891925472545,27.332046028938667],[85.68915752940504,27.331585332154763],[85.68936172343302,27.3308988787513],[85.6893684721097,27.33051526611592],[85.68922510314351,27.33013027927875],[85.68884758527271,27.32970465689013],[85.68866038809765,27.329396005207368],[85.68851983092361,27.32885753578289],[85.68878398609127,27.328419905092044],[85.68908959530238,27.328059421613194],[85.68993277540935,27.327516630662018],[85.69027802592323,27.327330260865317],[85.69085955041268,27.327087434745913],[85.69127063624448,27.32680691152849],[85.69133628506977,27.326730826776082],[85.69144819805058,27.326424860592404],[85.69139079826351,27.326040685941695],[85.69101590486092,27.325443638195384],[85.69087166063251,27.325135299172445],[85.69089679263024,27.324905356228022],[85.69100620697779,27.324752935941138],[85.6912647386761,27.3246424633874],[85.69160830135608,27.324568939401384],[85.69272002365483,27.324583872612017],[85.69314830561717,27.324531478557034],[85.69349036941956,27.324536852469066],[85.69391659014818,27.324637878926673],[85.69417299736058,27.324642565966087],[85.69425884114155,27.324622997284354],[85.69441052104634,27.324511588590905],[85.69454069213803,27.324397678778727],[85.69465023128932,27.324245257903858],[85.69508145097485,27.324021314267803],[85.69533942026632,27.32394922808642],[85.69602354703387,27.32395785040367],[85.69636461059805,27.324019741065015],[85.69653423604244,27.324098138208647],[85.69687311285351,27.324295318184763],[85.69782403231548,27.32495863018326],[85.69875925503675,27.325296847246253],[85.6990147243247,27.325357988701473],[85.69944238192426,27.325361861569704],[85.6998931094582,27.32525320083253],[85.70027887663265,27.325220688551212],[85.70036828178989,27.32497324033684],[85.70060304407522,27.323749941117832],[85.70103125112159,27.322453932320304],[85.70145196059904,27.321615995759945],[85.70180939618605,27.320700785945252],[85.70213757559488,27.32026590584391],[85.70252915257387,27.319867848614297],[85.70281369139126,27.319489047809732],[85.70298575459799,27.319413898947946],[85.7034361069676,27.319343625344764],[85.70446392228898,27.319260655149083],[85.704891516628,27.319266778572896],[85.70523276799487,27.31931053902835],[85.70609295770437,27.31903413795136],[85.70630934741499,27.318864649793365],[85.70639769111685,27.318711978481918],[85.70638130721305,27.318404826207864],[85.70621799241097,27.317942941589553],[85.70609369487694,27.317711624556146],[85.70595063857776,27.31732657510253],[85.70549458701205,27.316478267349236],[85.70526837370576,27.315939048402896],[85.70510255907877,27.315630583775466],[85.70500226820437,27.315245971913047],[85.7047763673181,27.31470675261534],[85.7046710148493,27.314610975542898],[85.70456472577561,27.314569401476952],[85.70439435037825,27.31452945393463],[85.70388166151719,27.314504387574832],[85.7026696482564,27.31410496753552],[85.70119729176749,27.313931115022083],[85.70068341571623,27.3139827591609],[85.70023437529743,27.313976323747035],[85.69991281997487,27.31402977893671],[85.69901380196156,27.314093617443753],[85.69811078525855,27.3143899615117],[85.69778954134075,27.31442303664699],[85.69733825183016,27.314552015267076],[85.6968241250273,27.314601408877525],[85.696373585783,27.314692001013643],[85.69611717828799,27.314687376824647],[85.69489604267908,27.31482492655452],[85.69360688387451,27.31519210731528],[85.69302792233458,27.31529951849521],[85.69244671018247,27.315519774921956],[85.69218811606942,27.315650565315753],[85.69186599806032,27.315724276744962],[85.69103150397814,27.31575035397103],[85.69058133868897,27.31584094665185],[85.69038976790519,27.315800748510217],[85.69032661842628,27.315741481183064],[85.69007852293912,27.315276534479306],[85.6898267400373,27.31500558172049],[85.68969950539508,27.314945689928102],[85.68933593410743,27.31497838980698],[85.68914380026821,27.314958510428607],[85.68901637818813,27.314916749529658],[85.68882630696824,27.31479984181583],[85.6887212677895,27.314683808747393],[85.68863948492064,27.31449118954678],[85.68864742164973,27.314030867077],[85.68880659959599,27.313495208290036],[85.68891726332261,27.31326826621774],[85.688925512389,27.312807943531933],[85.68876300961695,27.312343745473132],[85.68855611801608,27.31195819690234],[85.68839324108767,27.31149618726273],[85.68818747261949,27.311051933555817],[85.68799407790219,27.309899096046216],[85.68789410048176,27.309514483712842],[85.68787690359906,27.309284103881513],[85.68781706724684,27.30905334867405],[85.68757165808411,27.30843491929949],[85.6876182357546,27.30820741426862],[85.68779454759832,27.30790213612983],[85.68792528233764,27.30777015884986],[85.68797342226176,27.307463693360006],[85.68756507326434,27.306385567080554],[85.68712114582414,27.304921203543707],[85.68670736070806,27.30414772962415],[85.68662607900836,27.30391672447163],[85.68663001599184,27.303686594376934],[85.68678519514384,27.303383379037772],[85.68700414780248,27.303078475820357],[85.68767751400296,27.302455099446107],[85.68794160752769,27.30201971923847],[85.6883678159403,27.30087494294024],[85.68848397805294,27.300338908908966],[85.68847228081475,27.29980162639462],[85.68831177838595,27.29918851059459],[85.68810451111149,27.298820966398775],[85.68736998370642,27.29806475017189],[85.68716421634034,27.297600177614935],[85.68700639994199,27.29683364127129],[85.68689553696109,27.29583503652383],[85.68693141727788,27.294993538593165],[85.6870033766532,27.294536028646462],[85.68716218010647,27.294002620526122],[85.68725021144421,27.293850013137867],[85.68734092920047,27.29354617249787],[85.6878719265272,27.292481355625274],[85.68792006645386,27.292174890666093],[85.68790230800991,27.291964766725773],[85.68779901824699,27.291751704764177],[85.68754811025798,27.291442428615476],[85.68729570279824,27.291207610983157],[85.68647070635267,27.290737167111867],[85.68608937657598,27.290539486538517],[85.68570904748844,27.290305733610776],[85.68547814722108,27.290073354546887],[85.68537579473632,27.289803838508792],[85.68546776216996,27.289421038465687],[85.68575180074582,27.28906255534655],[85.68601289397763,27.28879647578669],[85.6860141434901,27.28871976575987],[85.68591079168212,27.288508891828865],[85.68567889162318,27.288332904332126],[85.68494742570546,27.287403011981873],[85.68469576822402,27.28713205939964],[85.68450869696885,27.286823407889884],[85.68444854687888,27.28659259052837],[85.68449787359037,27.2862093519772],[85.68448711371695,27.285597672895005],[85.68436806517852,27.28505939016589],[85.68430647858709,27.284925664723445],[85.68411821957204,27.28469134685006],[85.6837440757768,27.284094361585904],[85.68357626280243,27.283918999371604],[85.68319593222486,27.283664865065678],[85.68260196130606,27.28342686252001],[85.68254037521743,27.283290822601742],[85.68274231951705,27.28271946575646],[85.6827449436184,27.28256604579248],[85.68264346609493,27.282258081396847],[85.68239105770111,27.28202557708569],[85.68194745504351,27.281750562079704],[85.68163127319185,27.28149705249566],[85.68137642850898,27.281417969386233],[85.68114477939284,27.28122391418193],[85.68104123890245,27.281031107982756],[85.68091981557184,27.28064630874233],[85.68065146160248,27.280106651713865],[85.68019309891238,27.27942983202601],[85.67968990892462,27.27888561329277],[85.67877543332241,27.277416813813275],[85.67844124320305,27.2769735609447],[85.67800770021562,27.276123127519394],[85.6778400743169,27.2759296971835],[85.67766776132935,27.276004782503062],[85.67689335465052,27.276318006010843],[85.67599127525216,27.27661191152404],[85.6757326817372,27.276742514470122],[85.6748296025936,27.277092936966035],[85.67392921039011,27.277271745538204],[85.67305126301329,27.27739441359953],[85.67275209118036,27.277407294741842],[85.67210804273476,27.277590791408482],[85.6703644089192,27.27836865755853],[85.6692680092755,27.278775786395805],[85.66843045344982,27.27903193013415],[85.66785199135573,27.279137028002353],[85.66707952124115,27.279337279786667],[85.66598262150657,27.27976247561479],[85.6650807930429,27.280036000897113],[85.66424373768923,27.280348474053795],[85.66372917413673,27.280494833621617],[85.66321373658543,27.280715589126796],[85.66276350975038,27.280844443426073],[85.66231490731924,27.280894336440994],[85.6618642432135,27.281059325702486],[85.66116010993689,27.28108640119014],[85.66032667867198,27.28117099541114],[85.65872777741488,27.281146687761538],[85.6580206443379,27.281345313842944],[85.65737853413094,27.28149036150005],[85.65724936175573,27.28154556591647],[85.65686447086128,27.281616340182413],[85.65596464245854,27.28185147864515],[85.65500197680183,27.282029538103423],[85.65359414647398,27.282045365846642],[85.65301887233018,27.28201729884215],[85.65263598062496,27.281954908979035],[85.65225190206068,27.281967102948958],[85.6514851810051,27.281919032019943],[85.65110310193973,27.28181606701876],[85.6505285774477,27.2817496148756],[85.65008059999074,27.281742991275525],[85.64990991219211,27.281759434269915],[85.64969627165497,27.281775441047838],[85.64905441188553,27.281900169972516],[85.6487323568902,27.282030210654696],[85.64834321592006,27.282328863481453],[85.64786579490901,27.2828004436906],[85.64756537278994,27.282912665710807],[85.64730965418597,27.282907979188387],[85.64577790046054,27.282730688921607],[85.64513854009871,27.282722253211045],[85.64462610257335,27.28277145885346],[85.64379510811607,27.282740831182007],[85.64322139634697,27.282635992363595],[85.64213949498664,27.282332099087068],[85.64156578357989,27.282227259660033],[85.64111836834823,27.28220031825503],[85.64088434471978,27.28217775084744],[85.6406932112993,27.282137552544825],[85.64043874205521,27.282056093012383],[85.63999207714492,27.281993077640433],[85.63922448194208,27.28201946650822],[85.63865045717394,27.281914627669043],[85.63833240135332,27.281814475280445],[85.63769435373965,27.281729267630997],[85.63699134423302,27.281717956997806],[85.63635129670251,27.281745532420764],[85.63590438160479,27.28170058496581],[85.63500942724298,27.281687338190522],[85.63443265294661,27.28175623767792],[85.63436881696505,27.28173529478052],[85.6333441277561,27.2818155755634],[85.63289671357808,27.281808951640283],[85.63251225980154,27.281859406890383],[85.63219095479982,27.281951061314558],[85.63180331428033,27.282175192612343],[85.63143530641607,27.282494351847937],[85.63070241612317,27.282961119766394],[85.6298636114631,27.283388501569004],[85.62966991656953,27.283501723201102],[85.62956119037429,27.283613507347273],[85.62991076269549,27.284366225864563],[85.6301149053553,27.284887314928778],[85.63015448467273,27.285059177611735],[85.63014942220573,27.285345761670897],[85.63020938426348,27.28557657857509],[85.63043584700176,27.286039150384685],[85.63058208984658,27.286214388540664],[85.6308128015963,27.28642876212762],[85.63184631314465,27.287075319409322],[85.63256176918873,27.287623975589952],[85.63319375610018,27.288054409186064],[85.63365805425913,27.28832973700063],[85.63408196171152,27.2884693370805],[85.63435512700269,27.28870440369382],[85.63443603434185,27.288953476551907],[85.63440371566433,27.289585100107114],[85.63452682690158,27.28987518458166],[85.63463117813792,27.289991280301837],[85.63475778841651,27.290069239433745],[85.63511798516515,27.290208152906583],[85.63571239214774,27.29035162779729],[85.63630811254971,27.290418393177525],[85.6364778000558,27.290458403313682],[85.63673183250424,27.290578186474907],[85.63696304405438,27.290754236755355],[85.63717143583317,27.291042882007332],[85.6372534055183,27.291235500749806],[85.63727078917817,27.29146588058241],[85.63720164103538,27.291751840634795],[85.63696324333564,27.291979721671485],[85.63661980530044,27.292127579727754],[85.63610549286825,27.292271563480515],[85.63584752355384,27.292402229475123],[85.63576049288493,27.29249613202447],[85.63575818089261,27.292631609353876],[85.63585984555272,27.292919130760154],[85.63585578351699,27.293149323326304],[85.63581089374378,27.29328205064793],[85.6358494101415,27.293512617314317],[85.63593094176488,27.293743622428966],[85.63621949145825,27.294321915105854],[85.636280203062,27.294496278296002],[85.63629758661027,27.29472665820211],[85.63622768909718,27.29506900939311],[85.63611827494069,27.29523949767674],[85.63592326767768,27.295409112016696],[85.63573038430464,27.29548169742424],[85.63513428991588,27.295417244850572],[85.6349406566698,27.29552815438812],[85.63487482106486,27.295642626083048],[85.63487225887675,27.29577585229542],[85.63501169123074,27.296352645327897],[85.63526034817883,27.29675907552644],[85.63544929528506,27.296934688524356],[85.63555089782209,27.297222334288833],[85.63554683557948,27.297452464459713],[85.63538971982535,27.297909037585832],[85.6351728291175,27.298134918223084],[85.6347833143344,27.29845607746209],[85.63415096356498,27.29926919616388],[85.63406243247552,27.29945787777113],[85.63397133967119,27.299802292214277],[85.63383910630131,27.300028984620567],[85.63364459859032,27.300180530125274],[85.63323907420705,27.30021266754005],[85.63311015276668,27.30026787293883],[85.6330661994478,27.300323826577998],[85.63297560633477,27.300629917289385],[85.63290102177469,27.301204649462534],[85.63283518605938,27.301319121191945],[85.63257484238413,27.30156256889457],[85.63224985074669,27.301846029908113],[85.63194786621143,27.30203264984043],[85.63179524953136,27.30222301894019],[85.63151389716307,27.302448212437845],[85.63107899225412,27.302920166640856],[85.63094700785057,27.303149110339913],[85.63092043829627,27.30343544397686],[85.63098015000399,27.30366626166182],[85.6308692988038,27.303895329405726],[85.63082259628543,27.30412508478687],[85.63083773029923,27.304470561910364],[85.63078859065004,27.304815350977652],[85.63078009186357,27.305275673380294],[85.63086024863311,27.305563132404668],[85.63106726565589,27.305912671063602],[85.63127603255558,27.306144925187162],[85.63146516566621,27.30630021955767],[85.63163391611134,27.306398934894744],[85.63190958075049,27.306480643772726],[85.63224808213096,27.306639625860093],[85.63239507470168,27.306756159145408],[85.63305689135451,27.30787754525724],[85.63335043992397,27.308151248444876],[85.63370988657567,27.308328485826106],[85.63402381733155,27.308640762687926],[85.63412542017298,27.308930659220074],[85.63409891284613,27.30921699410333],[85.63403176511189,27.309387857273787],[85.63390078120354,27.309558095578574],[85.63342442112209,27.309955215927282],[85.63294981231988,27.310255244668838],[85.63262738249827,27.31038297250367],[85.63223961641339,27.310609416996193],[85.63198170987515,27.310699445455743],[85.6315291080421,27.31096133819015],[85.63120511607283,27.311188344260568],[85.63077108512465,27.311603906922393],[85.63049004573624,27.311811032474303],[85.63020682001833,27.312131003663414],[85.62998705402129,27.31249223619956],[85.62959491432262,27.312946498216743],[85.6290959852425,27.313399759829142],[85.62885908649947,27.313530612584138],[85.6285340942706,27.313814073169446],[85.62805348525734,27.314420942788384],[85.6274882201116,27.315006743609025],[85.6271591035942,27.315520334598194],[85.62689032347835,27.316206038497157],[85.62683724720489,27.3167810196808],[85.6267444665136,27.31718182597495],[85.62667219404379,27.317641523751767],[85.62650707906887,27.318502028333665],[85.62616615175101,27.31964742982389],[85.62614058194563,27.319877372525887],[85.62598377765084,27.32027755318718],[85.62584523286829,27.32085172257871],[85.6258422333756,27.32102321046913],[85.62592101557831,27.32137156236429],[85.62649580046552,27.32258685300062],[85.62655344977784,27.322932766103964],[85.62673389737165,27.323568701919154],[85.62674791733028,27.325123783899688],[85.62672234799584,27.325353788825787],[85.6267950685942,27.32604505379996],[85.62691342893149,27.326563079879485],[85.6269005556146,27.327253532785697],[85.626831345879,27.327541743578447],[85.62674293963195,27.327712419039262],[85.62611890053243,27.32801094921194],[85.62605275184067,27.3281231072375],[85.62602899385755,27.328258334940973],[85.62569337881607,27.329117152036194],[85.62555152138022,27.329862809528816],[85.62512756224241,27.33089230298447],[85.62499014073605,27.331407767313358],[85.62496738355217,27.33148422729083],[85.62498157956105,27.331868090234487],[85.62510306563503,27.332214566107893],[85.62569103625377,27.33272133526854],[85.62600759193363,27.332900448113804],[85.6266180713084,27.333348825839987],[85.62749984089197,27.334111293050924],[85.6277926395128,27.3344210690283],[85.62804260907278,27.33475078893664],[85.62869316724817,27.335337143934908],[85.62883891008971,27.33553044936428],[85.62906812216686,27.33582153363664],[85.6291684744374,27.33616782237668],[85.62919949201235,27.33680232046473],[85.62904600052141,27.337031013883966],[85.62869743829168,27.337427070768076],[85.62817725051586,27.33788014533492],[85.62804595449599,27.3380503211446],[85.62801526056391,27.338569098819068],[85.62807397179182,27.33885630787177],[85.62825716845764,27.339320754787575],[85.62837690497955,27.339782327021105],[85.62845574948633,27.34012836615499],[85.62844518827399,27.340703847340155],[85.62848476738945,27.340875709594368],[85.6287321128503,27.341340844571445],[85.62891980940603,27.341572848736103],[85.62923530252678,27.34186480738248],[85.62935941375324,27.34209850054896],[85.62958281433768,27.34279126447761],[85.62971924743361,27.343596062601545],[85.62971543543344,27.343826254628077],[85.6296041472431,27.34411177691169],[85.62942808560736,27.34445531678446],[85.62918787582046,27.344796043849556],[85.62903363339069,27.345081128709165],[85.62881599348135,27.345365651298554],[85.62855058839702,27.345936196259604],[85.62839497272458,27.346334188920206],[85.62832501249017,27.346678853606434],[85.62798902193236,27.347537670734216],[85.62780583593445,27.348226499138494],[85.6273539318674,27.3496009686121],[85.62723789397278,27.350116683937472],[85.62681418487931,27.351089722282396],[85.6266279995256,27.351950039156076],[85.62668489903687,27.352354532488043],[85.62671635431734,27.35298678092003],[85.62642400386811,27.353789643490007],[85.62633591001305,27.35393993886997],[85.62656887246524,27.354059596429803],[85.62775906385002,27.354421132013215],[85.62818365954423,27.354578736905257],[85.62852209901304,27.35477616759089],[85.62869228688908,27.35481617793341],[85.62962244753624,27.355384963669355],[85.6297925729105,27.35542503654171],[85.62998314434633,27.355523939031883],[85.6302634340917,27.355393585903503],[85.63077837190295,27.35526767055753],[85.63146174896208,27.35529467289363],[85.6318876567556,27.355377819287742],[85.63214137758132,27.35553367547651],[85.63226755022093,27.355650084207124],[85.63241348061548,27.355863645546144],[85.63251252053284,27.356286643611153],[85.63258386719089,27.357093129967918],[85.63266683714807,27.357229294724803],[85.63313694748746,27.357236168126644],[85.63339416652741,27.357182212941318],[85.63390773080646,27.357148886451917],[85.63433357552725,27.357232033029465],[85.63503027463659,27.35772179686626],[85.63540604301865,27.358206185949005],[85.63561381025771,27.3585534743225],[85.63565338871025,27.35872764986819],[85.63562688147842,27.35901404662641],[85.63555960896028,27.35918716036071],[85.63534196820518,27.359412978990413],[85.63512557762903,27.35956433763481],[85.63475844429608,27.35977065053992],[85.63430652895404,27.35995577124314],[85.63413277923831,27.360107566416648],[85.63397691197096,27.360449105707648],[85.6339749129871,27.360564202032865],[85.6340990227623,27.360797832567467],[85.6342886570627,27.360953188830102],[85.63454237695858,27.361109107731053],[85.63486043335195,27.36124764608978],[85.63562509197179,27.361507841550928],[85.63588106148859,27.361530659243098],[85.63613859406028,27.361476766381266],[85.6365665635171,27.361442627800383],[85.63716772147639,27.36129720543454],[85.63759869096363,27.36109376783119],[85.63811831588426,27.360717403394805],[85.63824811326091,27.360621623911484],[85.63863819171925,27.360320720257615],[85.63892204313063,27.359978179900413],[85.63905408926145,27.3597696177148],[85.63916781563363,27.359387004838045],[85.63915193106332,27.3590799771067],[85.63920275883864,27.358620029103054],[85.63931517234892,27.358316439513843],[85.63942446073922,27.358164080984956],[85.63960227252129,27.357782092565536],[85.63962746694233,27.357552149953303],[85.6397401923512,27.357171849339476],[85.63987311353186,27.356866196537407],[85.63998215308132,27.35671602683157],[85.64013276950351,27.356640753472238],[85.64043206777096,27.356607553970754],[85.64077200571909,27.356687637613657],[85.64110975793875,27.35692332931297],[85.64127763369996,27.357098754105877],[85.64136022865542,27.357271117020247],[85.64128683147658,27.357845911107596],[85.64147521620833,27.35807791511319],[85.64162308383554,27.358156062108833],[85.6418365372729,27.358160374621576],[85.64209394354671,27.358068095158895],[85.64248358381691,27.357728867700946],[85.64266089563856,27.357310806035198],[85.64279631615061,27.356851732577766],[85.64280100225598,27.35654708086148],[85.64276079899633,27.35639322347398],[85.64257503884618,27.356005486145996],[85.64230362259778,27.35563950556937],[85.64205152823482,27.355404563611273],[85.64186070719938,27.355325979447947],[85.64166863550396,27.355321916929398],[85.64141172974873,27.355375809411722],[85.64123916689236,27.355507286909745],[85.64093487106685,27.355847389435052],[85.64056823764183,27.35609208854543],[85.64037591659812,27.3561082824596],[85.64012207271305,27.355990686973502],[85.63993225097302,27.35585346113897],[85.6398080153767,27.355601700690897],[85.63979431830971,27.355141190641937],[85.6399070442,27.35476089076831],[85.63991079274518,27.35453069749837],[85.64002345605594,27.354150397366652],[85.64034869756695,27.35382855083429],[85.64049962762768,27.35373520996022],[85.64118675340154,27.353457560115597],[85.64152769140756,27.353481189500826],[85.64178253597022,27.35354233075732],[85.64212172499606,27.353683306892048],[85.64288644586162,27.35388479804701],[85.6432258848324,27.354005455468577],[85.64365291711371,27.353991510924697],[85.64382397978142,27.353957061930643],[85.64414747232979,27.353750374202747],[85.644431822679,27.35331299379678],[85.64447690083878,27.35316219855082],[85.64448283694814,27.352778586416914],[85.64444269469942,27.35262472875046],[85.64431845933751,27.3523933495109],[85.64381470687829,27.351887454434355],[85.64326518845577,27.35155486059089],[85.64240348876974,27.35075657073729],[85.64234265203169,27.350564264472812],[85.64236503454013,27.35048767924587],[85.64247382328422,27.350355576973453],[85.64255985463177,27.350318003258486],[85.64343923803837,27.350024097559594],[85.64429811377966,27.349673612709605],[85.64464280190307,27.349467049735736],[85.64490039577076,27.349356702690688],[85.64531016914188,27.349094372826485],[85.6457393875514,27.348927008004072],[85.64604118460079,27.34874032571338],[85.64617054388764,27.348646796738095],[85.64634635638446,27.348323513597926],[85.64667159722899,27.348003917151818],[85.64732389342458,27.347227121545124],[85.6477627973382,27.346468520525683],[85.6481969533184,27.34599425240304],[85.64854657741736,27.345483037261673],[85.6487627173235,27.345295543063063],[85.64880785767753,27.345142498150352],[85.64913403641117,27.344764258978838],[85.64986892673292,27.344162014215748],[85.65004248849404,27.343971831776933],[85.65041505771434,27.34336608852542],[85.65071891673944,27.34302592414565],[85.65098469599911,27.342416930898654],[85.6510323362472,27.342110403056832],[85.65114499840165,27.341727851828516],[85.65134025610946,27.34151985215673],[85.65153326463067,27.3414652719768],[85.65187445250147,27.341470833338807],[85.6523006100245,27.341497463203748],[85.65289664287553,27.34158223409694],[85.65332036271586,27.341760095551695],[85.653741396622,27.34211169529243],[85.65399561664752,27.342229290290785],[85.65501724354603,27.342360946099472],[85.6554434633342,27.34238532504039],[85.6557839022998,27.342447278607267],[85.65671787386381,27.34272929142546],[85.65688749961807,27.342807688709698],[85.65748203321488,27.342971356856616],[85.65824969144997,27.343001296976087],[85.65893344195047,27.34291532978177],[85.65978763112463,27.34286930912382],[85.66036515609173,27.34276427441825]]]}}]}