{"type":"FeatureCollection","features":[{"type":"Feature","properties":{"province":"Bagmati Province","district":"Chitwan","municipality":"Khairhani Municipality","ward":"1","wardNumber":1,"sourceMunicipality":"Khairahani","sourceType":"Nagarpalika"},"geometry":{"type":"Polygon","coordinates":[[[84.5517343333627,27.643116421447278],[84.55174283544044,27.64290648473045],[84.55163554413771,27.64236745143058],[84.55134399607024,27.64159666367068],[84.55115673696463,27.64090227228727],[84.55095722469387,27.640532914869937],[84.55061021940196,27.6400828457323],[84.55049061152044,27.639850840577235],[84.5503833833352,27.639311807532238],[84.5504075146204,27.63870231557065],[84.55043740042639,27.63847424860203],[84.55069974734101,27.638351336441357],[84.55078702902102,27.63831482538285],[84.55107313444432,27.638133209325133],[84.55125151218039,27.637949592184892],[84.55155149541184,27.636871774305035],[84.5516675998877,27.63664783362134],[84.55171968123686,27.636419703888215],[84.55200328408345,27.635741441545797],[84.55227494391893,27.634835236848463],[84.55247939424936,27.63453652331349],[84.55296094643677,27.634286260911278],[84.55331144887694,27.633553607557676],[84.55337884864676,27.633481086365457],[84.55339560395434,27.633289154903817],[84.55340460741293,27.633180810138686],[84.55336140335929,27.63316743162498],[84.55333839453036,27.633122355805718],[84.5532346050913,27.632777442148566],[84.55321653483644,27.63245253419978],[84.55321722267817,27.632337375621844],[84.55348094258378,27.631614099348518],[84.55367688936066,27.631270185086343],[84.55391503930697,27.63100516993225],[84.5541298057752,27.63087338036427],[84.55432293926914,27.630854561561897],[84.55449356600816,27.630894510841156],[84.55496280286285,27.63108900363974],[84.55530455379461,27.631148582783517],[84.55568919616182,27.631151520711047],[84.55581824405941,27.6311148845867],[84.55601087788656,27.63111644696314],[84.55661209964133,27.630852118052943],[84.55687125784787,27.630607357762894],[84.55695941412311,27.630376726920787],[84.55696172642517,27.630090079839523],[84.55694184376028,27.629918654561447],[84.55679597664954,27.629517475016154],[84.55675552299297,27.629287407616665],[84.55658733446879,27.628978880107926],[84.55646047419486,27.628825897186218],[84.55614266811656,27.62849986518106],[84.55597360484008,27.628268109452215],[84.55571900956882,27.628036605432424],[84.55570168991385,27.627616857099614],[84.55587444054912,27.627446868698527],[84.55602480839885,27.627369470252056],[84.55623932569793,27.627314516148683],[84.55679796871698,27.62703236980125],[84.55725213562698,27.626520468073807],[84.55766191067056,27.626236695761513],[84.55804780392207,27.62612453683669],[84.55894619860642,27.62612991163189],[84.55905380113018,27.62611140608242],[84.5593116467106,27.625981741928353],[84.55954904528006,27.625714412563156],[84.55965821066583,27.625486095519285],[84.55983796127026,27.624589206676397],[84.55992680585652,27.624245792370402],[84.55995081413006,27.623979339387645],[84.55995256434475,27.623825856419153],[84.55964050808966,27.622888206598006],[84.55947256977177,27.622523225094074],[84.55941067075244,27.62229321980994],[84.55922178665448,27.621910295795136],[84.55909486497704,27.621736995181692],[84.55885915235474,27.621735682443823],[84.55866745606129,27.621657472817514],[84.55822066455009,27.621386207078828],[84.55796494439653,27.621308246930575],[84.55751790319715,27.621093309697123],[84.55694162685869,27.620899316750062],[84.5568140796491,27.620859180456595],[84.55662150870019,27.620857680140105],[84.55591718436564,27.62064386938206],[84.55540424387272,27.620562409368578],[84.55514858636423,27.620484450045968],[84.55476381948512,27.62044312568189],[84.55425175381748,27.62028714399399],[84.55380346303878,27.620207683954852],[84.55309913852702,27.61999156014332],[84.55275926289481,27.619798817098218],[84.5525058551378,27.619547055737087],[84.55237980824995,27.619299296382405],[84.55236442562669,27.618762137808012],[84.55243107406145,27.618533883207032],[84.55269229496035,27.618076935512697],[84.5530606165149,27.617621801432488],[84.55310482059073,27.6174681312651],[84.55308456223014,27.617355347669378],[84.55306392970738,27.617278700750138],[84.55138117996378,27.616750487305946],[84.55048659771003,27.616474158119676],[84.5502317527771,27.61631942610371],[84.55010689305564,27.6160513476941],[84.55002423630603,27.615744694467733],[84.55002692437864,27.615516753192413],[84.5498602991282,27.61513370353478],[84.54975457160305,27.61501673163826],[84.54945708643162,27.614823800691486],[84.54909495153584,27.614744028617586],[84.54890238079977,27.614742466007684],[84.54822006566035,27.614605301793077],[84.54781541480915,27.614505335978155],[84.54755919462522,27.614465700062865],[84.54751674134432,27.61444556971939],[84.54740939018326,27.614522717271278],[84.54721550617181,27.614636313698313],[84.5465937765963,27.614841937882478],[84.54652925244807,27.614860256141014],[84.5464653536652,27.614878574605612],[84.54640026782421,27.614917210703783],[84.54625002457561,27.615010301328443],[84.54599005445708,27.615352152015085],[84.54590202281321,27.61560078763478],[84.54589577151992,27.61613575780486],[84.54618550710161,27.6170555274115],[84.54624590563813,27.617359991280896],[84.54623940472766,27.617971671066435],[84.5460645915258,27.618353846343105],[84.54576385527447,27.618522021496208],[84.54542085371682,27.61859785709216],[84.54516425913361,27.618594357162955],[84.54482394524369,27.618439937919955],[84.54448325582732,27.618341971995278],[84.54416444989327,27.61816717146242],[84.54399438681833,27.618127223189294],[84.54331325925656,27.617854582020986],[84.54288710110913,27.617756929161445],[84.54263056851745,27.61777374718113],[84.54252302865766,27.617792190957314],[84.54222235575686,27.617980747046932],[84.54142437408647,27.61866332416067],[84.54129401429215,27.618814994414354],[84.541205482459,27.619120021240118],[84.54118022390047,27.619501571305467],[84.54123943478379,27.61996176904984],[84.54138449038707,27.62034494333792],[84.5415104124909,27.62057463584873],[84.54182621781102,27.6210158267017],[84.54214339932496,27.621344110546904],[84.54228932901285,27.621650512896597],[84.54222355517473,27.62180199460908],[84.5419871553698,27.62191577861494],[84.54164559183477,27.621894523456355],[84.54121712099695,27.621986488845536],[84.54072300086926,27.622250255434576],[84.54052930490926,27.62240223778232],[84.54039950780371,27.622554033176193],[84.54016004446731,27.62295215062518],[84.53966404998354,27.623351331201793],[84.53940620504058,27.623483245951164],[84.53863529449518,27.62362847830411],[84.53829273095123,27.623663613738405],[84.53769450884121,27.623641171808217],[84.53726703853019,27.623674432172812],[84.53675259831024,27.62380509687679],[84.53593573538289,27.62427548756289],[84.53550676438083,27.624387708803194],[84.5344546884093,27.62483646832198],[84.53423898411268,27.62502689954334],[84.53415226455598,27.62517838174059],[84.53415138985841,27.625255154384416],[84.53425442921136,27.62560013053119],[84.53454866450862,27.62604138418052],[84.53465301638546,27.626271201475753],[84.53469346932016,27.62650126960149],[84.53466921093106,27.62673158724733],[84.53455973369704,27.627016421181676],[84.5344509440246,27.627188347025808],[84.53434052949602,27.62753188604273],[84.53435972467317,27.62770331133347],[84.53446507700218,27.62787673627193],[84.53474049187388,27.628087860966534],[84.53501665717545,27.628204144469958],[84.53516539923055,27.62830285979416],[84.53537729080298,27.62849385309056],[84.53554735406335,27.62855418336967],[84.53614738917564,27.628425456052586],[84.5366622036881,27.628238337538388],[84.53683270407059,27.628258092812942],[84.53700420524873,27.628221206257898],[84.53726086249202,27.628222581074347],[84.53751645821063,27.628282411073634],[84.53772828671244,27.628455398396923],[84.53781213120728,27.62862888726889],[84.537917857576,27.628743608238818],[84.53825773425669,27.628920596749587],[84.53870196294629,27.629325088984665],[84.53914462829312,27.629919262972244],[84.53927173861882,27.630015791197987],[84.53965206779579,27.630440914822504],[84.53966444749702,27.63049730644016],[84.54005378084925,27.630825339621108],[84.54047568783584,27.63132473455533],[84.54094054958749,27.631805937508375],[84.54115137828256,27.632152726659836],[84.54121365266582,27.63232402715661],[84.5412315354752,27.632725706913966],[84.54107941658846,27.63297459289697],[84.54084251698326,27.633124450745747],[84.54054196848494,27.633218166063514],[84.54016858046552,27.63328737457013],[84.54000589557509,27.633317322111036],[84.53976449408717,27.633462740231497],[84.5396641444434,27.63353082249525],[84.53954478787644,27.633610284249073],[84.53951934210819,27.633723254504936],[84.53949108120106,27.633894930082565],[84.53966420839613,27.634061229024052],[84.5399036106944,27.63429054585555],[84.54019103043768,27.634625768652022],[84.54050383488045,27.634845706682288],[84.54079456817107,27.635083838590386],[84.54089823180429,27.635162424609945],[84.5410632307046,27.6353400381146],[84.54134777472869,27.635731715004212],[84.5417184135472,27.63612520512008],[84.54243493203035,27.636989144234562],[84.54294393518009,27.637675532740737],[84.54322291482869,27.638220692373142],[84.54341355050151,27.63883837347157],[84.54347526033723,27.638896827661906],[84.5434940180334,27.638975725821908],[84.543776311491,27.639423794613773],[84.54421159824541,27.63980127946511],[84.54484070779424,27.640164446927994],[84.54552483781325,27.640759869827296],[84.54602414879285,27.641137041745832],[84.54722541136749,27.64276195414624],[84.54747381713479,27.643000211118853],[84.5478505823317,27.643222149902194],[84.54810448925475,27.643304736032384],[84.5483611465059,27.64331267521107],[84.54875041525143,27.643229837919485],[84.54900763622506,27.643217583565487],[84.5495901018556,27.643120427915957],[84.55075121849762,27.643043590548455],[84.55145616705734,27.643106169235402],[84.5517343333627,27.643116421447278]]]}},{"type":"Feature","properties":{"province":"Bagmati Province","district":"Chitwan","municipality":"Khairhani Municipality","ward":"2","wardNumber":2,"sourceMunicipality":"Khairahani","sourceType":"Nagarpalika"},"geometry":{"type":"Polygon","coordinates":[[[84.58086956837768,27.681863793880638],[84.5807021315435,27.681744884682832],[84.58052062577796,27.681452236600045],[84.58006532836897,27.680463259915108],[84.57960227923465,27.67968203120211],[84.57923576693827,27.679173445092136],[84.57882448745166,27.678721439005095],[84.57848004614527,27.67819478469907],[84.57829034778203,27.67755684780978],[84.57826896311812,27.6769836172596],[84.5783656861379,27.67669884557346],[84.57852199299423,27.67653117098823],[84.57863803516246,27.676304979390054],[84.57901992289003,27.675280927016505],[84.57921086856228,27.674966459072753],[84.5793856194087,27.674678999230455],[84.57983022014803,27.67425281044182],[84.58020473265952,27.673993920903058],[84.58055492434316,27.67381411747408],[84.58073224043117,27.673668948941764],[84.58086697632186,27.673501337189748],[84.5810062771088,27.673238947049462],[84.58125211735492,27.67298062056621],[84.58134627781054,27.67292604174371],[84.58153709825271,27.672816884213418],[84.58188560186896,27.672675466504995],[84.58215069946891,27.672473468690608],[84.58228612370505,27.672305919477406],[84.5824037283847,27.67202327331298],[84.58243198843125,27.671853848510306],[84.58235533435459,27.671621717967177],[84.58198775937969,27.67115151850571],[84.58197356553339,27.67098003010466],[84.58189691205718,27.67074790016179],[84.58191254147715,27.670348407608586],[84.58217226003912,27.66972653679228],[84.58251594795543,27.66916537041536],[84.5827860469928,27.668830146051924],[84.58303132464765,27.668589887995264],[84.58438063330804,27.66750756585003],[84.5846551710167,27.667057245446355],[84.58466417377527,27.666829241270655],[84.58471387846622,27.6666575023606],[84.5846223434092,27.666253821720257],[84.58458151623577,27.666197618337318],[84.58457176117017,27.66591097085707],[84.58449954536599,27.6655637443368],[84.58448541319505,27.66482121380725],[84.58468554705642,27.664082246000667],[84.58475094474181,27.663513203891252],[84.58475469176439,27.66231016267832],[84.58490787165846,27.661686604138644],[84.58494282017219,27.661343378232772],[84.58482583871154,27.661034662749408],[84.58483027733283,27.6609195034029],[84.58470072754332,27.66040091418857],[84.58460612711146,27.659539098883656],[84.58464182497616,27.658624829965795],[84.58476393158581,27.65822933849229],[84.58477049215996,27.65696990544615],[84.58470502850098,27.656453191455462],[84.58459198461654,27.65604976097518],[84.58407110091271,27.655117488580157],[84.58366951315413,27.654437601743144],[84.58346868740097,27.654088562863468],[84.58260805039922,27.652534858248455],[84.58239078118783,27.652070785095336],[84.58222740686904,27.651854784537],[84.58200732438362,27.651467483958463],[84.58176754490965,27.65046862862091],[84.58160779532182,27.649625130774808],[84.58155827564832,27.64924164322386],[84.58157609299839,27.648783384038758],[84.58149024724817,27.648246601420496],[84.58139489832081,27.647940011199704],[84.58134631716706,27.647872491570382],[84.5810290110532,27.647431487925484],[84.58088445701213,27.647292134416034],[84.58057759155608,27.64690070809348],[84.58031443036033,27.646511344599453],[84.5797989874244,27.645978564015113],[84.57961748212776,27.64568591618927],[84.57933187318845,27.644761707889504],[84.57931273927869,27.644150090508738],[84.57921801484544,27.643841250542952],[84.57903307091796,27.64362537501892],[84.57877272340117,27.643159238577905],[84.57827828789543,27.642646714561742],[84.57818012639231,27.642414646073085],[84.5781918164333,27.64210986952488],[84.57830510796123,27.64196044963592],[84.57843653154538,27.641889929009473],[84.5787584009538,27.641881738408287],[84.57953850145388,27.641677676408683],[84.57971237824606,27.641606967461065],[84.58024101018486,27.641261677347742],[84.5805409949677,27.640718704122573],[84.58071180638639,27.6401897985769],[84.58080458975574,27.6400043685232],[84.58072074626237,27.639961793986902],[84.58023781695515,27.63969752984327],[84.58002973863698,27.639538108338904],[84.57970693020603,27.639013580292627],[84.57951735735982,27.638377893811278],[84.5791808556199,27.637659308225786],[84.5788962492288,27.637270007648482],[84.5784527076905,27.636549609640802],[84.57795489601037,27.63611154450683],[84.57776445105733,27.636049151690898],[84.57757181705861,27.63604321289984],[84.5773769325637,27.636093666089216],[84.57707156936989,27.636216827903258],[84.57695996646173,27.636327861265467],[84.57667561101468,27.63647127893703],[84.57615273087337,27.636681092127937],[84.57584517989754,27.63688102650316],[84.57558345865506,27.636988183725975],[84.57534211972943,27.63713135086306],[84.57499374157598,27.637272768301575],[84.57473420761924,27.63732122073001],[84.57441465118207,27.637272895626346],[84.57437101072668,27.637291150877935],[84.5740774011339,27.63712760314806],[84.57361879307544,27.636788692784403],[84.57252232111722,27.635759517736066],[84.57202125947853,27.63541848190878],[84.57151625827869,27.635172286071644],[84.57105714968696,27.634853693636277],[84.5693520140377,27.63349973767976],[84.56912155350236,27.6332884885417],[84.56900951151933,27.633185145698434],[84.56897906201392,27.633178456495727],[84.56819183161691,27.632752895638394],[84.56806440893695,27.632617981736615],[84.56791735352877,27.632368096576677],[84.56770564965146,27.632100330801318],[84.56723853813914,27.63169596271665],[84.56685545826275,27.631501156496764],[84.56645205696384,27.63117331130276],[84.56628174422694,27.6310769085913],[84.56526411399282,27.630074428651557],[84.56505328493441,27.629730016067526],[84.56478036952039,27.62915559778567],[84.56446737533209,27.628292344980284],[84.56425629661523,27.628022328410758],[84.56398013084512,27.627790948571526],[84.56338453437661,27.627425530370164],[84.56287528126227,27.626942327827546],[84.56257785830111,27.62676971511227],[84.56238572411434,27.626729891236543],[84.5617648695339,27.626743709236898],[84.56144462592499,27.626684005214685],[84.56084771623424,27.626413364582866],[84.56115589032801,27.62549797027756],[84.56113694514302,27.625249771778975],[84.56090592020773,27.624788011537895],[84.56060874641095,27.624538689370116],[84.56022572953546,27.62434388294763],[84.56009743133674,27.624285741207043],[84.55992680585652,27.624245792370402],[84.55983796127026,27.624589206676397],[84.55965821066583,27.625486095519285],[84.55954904528006,27.625714412563156],[84.5593116467106,27.625981741928353],[84.55905380113018,27.62611140608242],[84.55894619860642,27.62612991163189],[84.55804780392207,27.62612453683669],[84.55766191067056,27.626236695761513],[84.55725213562698,27.626520468073807],[84.55679796871698,27.62703236980125],[84.55623932569793,27.627314516148683],[84.55602480839885,27.627369470252056],[84.55587444054912,27.627446868698527],[84.55570168991385,27.627616857099614],[84.55571900956882,27.628036605432424],[84.55597360484008,27.628268109452215],[84.55614266811656,27.62849986518106],[84.55646047419486,27.628825897186218],[84.55658733446879,27.628978880107926],[84.55675552299297,27.629287407616665],[84.55679597664954,27.629517475016154],[84.55694184376028,27.629918654561447],[84.55696172642517,27.630090079839523],[84.55695941412311,27.630376726920787],[84.55687125784787,27.630607357762894],[84.55661209964133,27.630852118052943],[84.55601087788656,27.63111644696314],[84.55581824405941,27.6311148845867],[84.55568919616182,27.631151520711047],[84.55530455379461,27.631148582783517],[84.55496280286285,27.63108900363974],[84.55449356600816,27.630894510841156],[84.55432293926914,27.630854561561897],[84.5541298057752,27.63087338036427],[84.55391503930697,27.63100516993225],[84.55367688936066,27.631270185086343],[84.55348094258378,27.631614099348518],[84.55321722267817,27.632337375621844],[84.55321653483644,27.63245253419978],[84.5532346050913,27.632777442148566],[84.55333839453036,27.633122355805718],[84.55336140335929,27.63316743162498],[84.55340460741293,27.633180810138686],[84.55339560395434,27.633289154903817],[84.55337884864676,27.633481086365457],[84.55331144887694,27.633553607557676],[84.55296094643677,27.634286260911278],[84.55247939424936,27.63453652331349],[84.55227494391893,27.634835236848463],[84.55200328408345,27.635741441545797],[84.55171968123686,27.636419703888215],[84.5516675998877,27.63664783362134],[84.55155149541184,27.636871774305035],[84.55125151218039,27.637949592184892],[84.55107313444432,27.638133209325133],[84.55078702902102,27.63831482538285],[84.55069974734101,27.638351336441357],[84.55043740042639,27.63847424860203],[84.5504075146204,27.63870231557065],[84.5503833833352,27.639311807532238],[84.55049061152044,27.639850840577235],[84.55061021940196,27.6400828457323],[84.55095722469387,27.640532914869937],[84.55115673696463,27.64090227228727],[84.55134399607024,27.64159666367068],[84.55163554413771,27.64236745143058],[84.55174283544044,27.64290648473045],[84.5517343333627,27.643116421447278],[84.55188345089032,27.643140615747136],[84.55245353768082,27.643368556852764],[84.55263954428673,27.64354617043126],[84.55292527658943,27.643917403703934],[84.55328722699494,27.64507618134703],[84.55363029326188,27.645620965380154],[84.5537936043829,27.645836965588583],[84.55411428630852,27.645846968434217],[84.55428603757267,27.64585309476312],[84.55488107033909,27.64598613151498],[84.55556626170511,27.64601044944215],[84.55634204913741,27.645921546646516],[84.55745439821939,27.645977998372757],[84.55771399506496,27.645929545284236],[84.55814121592418,27.645961678512982],[84.55883253407694,27.64583251442625],[84.55961282199941,27.645630702891594],[84.56039473534399,27.645370249475235],[84.56100496111985,27.645123987375804],[84.56169571595262,27.645012828326053],[84.56186509163386,27.6450572784168],[84.56203290479955,27.64515818251881],[84.56213563017218,27.645275154517677],[84.56224961082638,27.645642574478963],[84.56230075619582,27.6459876756904],[84.56230150859213,27.646502327381068],[84.56249333104333,27.647079371372097],[84.56260181071677,27.647598023434288],[84.56277431381832,27.64812098915986],[84.5628590342282,27.648693906807033],[84.56314001735926,27.649733274574835],[84.563205418169,27.65025223878567],[84.5633801713923,27.65071412399511],[84.56344782297673,27.651174384765884],[84.56356524256546,27.65146496987677],[84.56380627042782,27.651874776729358],[84.56399340331613,27.652032010135187],[84.56460331728536,27.652338785968272],[84.56494238129844,27.652445691408616],[84.5652790061849,27.65260911336587],[84.56561288101048,27.652831178388887],[84.56582033334152,27.653008604553857],[84.56617021426706,27.65338415179243],[84.56621054147637,27.653460736217205],[84.56693231131594,27.65419132431015],[84.56727769109584,27.65467965439787],[84.56736103419975,27.654740297406835],[84.56772348391515,27.655343660901863],[84.56778644447078,27.655384047537726],[84.56784540376952,27.65551921181326],[84.56794131575724,27.65580773436465],[84.56788842378919,27.656606969593415],[84.56801566061145,27.657184326169393],[84.56813089144238,27.657531365501587],[84.56825062422895,27.65776337088738],[84.56849840452847,27.65800156521824],[84.56877331859609,27.6581065329808],[84.5689450080108,27.658092277816696],[84.56964532870708,27.657735046524248],[84.57028387626485,27.657317109484957],[84.57063231689649,27.657175753814936],[84.57123810409385,27.657042338722558],[84.57141266855795,27.656971629942355],[84.57253358333716,27.656820269980024],[84.5734783076938,27.656793759390027],[84.57475984576777,27.656930670810212],[84.57501206463952,27.65705370682995],[84.57557346185314,27.65751183982964],[84.5758036096041,27.65765300582315],[84.57597529803856,27.657659132403015],[84.5764088339419,27.657539970890106],[84.57658052236722,27.657525716222867],[84.57692346191054,27.657537781286965],[84.57718180764324,27.65750745908731],[84.57735193334672,27.65755184703829],[84.57760533979707,27.65765681399603],[84.57819099537845,27.65803817449973],[84.57844377704733,27.65814082946027],[84.57895340346977,27.658271866760316],[84.57922831879058,27.658376834424082],[84.57947784944966,27.658576642035012],[84.579239012833,27.659198325371822],[84.57887156603033,27.659816070321767],[84.57864610878308,27.66009465266462],[84.57852781596816,27.660374985915396],[84.5784140237806,27.660544785680067],[84.57821607820638,27.6612249861789],[84.57820851497723,27.661967579260143],[84.57810960439805,27.66230880537558],[84.57799356246322,27.662532746071467],[84.57749856833716,27.663126171647797],[84.5769853178398,27.663624882748177],[84.57651183177403,27.66421818334582],[84.57629087527232,27.664383920029827],[84.57579863176352,27.664900573116554],[84.57542411935145,27.665154898782855],[84.57526612399046,27.66536095995676],[84.57521185515927,27.665645606319977],[84.57522667341797,27.665817093969846],[84.57534421780613,27.66610774149811],[84.57533971640527,27.666220586878765],[84.57541643317268,27.666452780110255],[84.5755167836872,27.666628393756177],[84.57565077221729,27.6670318875093],[84.57564183152968,27.6672621426999],[84.57545945302064,27.66754047429979],[84.57512470495028,27.66787369871304],[84.57478658091875,27.668301700066536],[84.5747390016564,27.668414733768223],[84.57474713091258,27.66876002224284],[84.57478358181467,27.668933698548983],[84.57488399485736,27.669107061563682],[84.57497996890245,27.66939783426653],[84.57516741588809,27.67009222563853],[84.57518067104375,27.67032235573638],[84.57533391729294,27.670786678675473],[84.57551323463221,27.671138031868395],[84.57566941876554,27.67154365010036],[84.57591113530928,27.67195345797003],[84.57606669406681,27.6723613272337],[84.57612909231699,27.67241978140282],[84.5762631436688,27.672825463226918],[84.57629053007057,27.673229394537604],[84.576236885792,27.673513977901727],[84.57585136968646,27.674077582101912],[84.57557451969794,27.674586607601775],[84.57543978214117,27.674756470461407],[84.57535150046624,27.674966719905356],[84.57529766887824,27.675095570248434],[84.57514136107683,27.67526324487731],[84.57498724208092,27.675374527670346],[84.57481386528933,27.67542716871601],[84.57470563798823,27.675461429381],[84.57453107291076,27.675532137913024],[84.57394466865793,27.67574451483121],[84.57339840505142,27.676017595762673],[84.57182226163829,27.676888606175275],[84.57146919356725,27.677147370950866],[84.57109080474328,27.67751910581825],[84.5707754394875,27.67793116571146],[84.57061569377221,27.678175612502574],[84.57045044573852,27.67857354283754],[84.57044438216116,27.678745092675012],[84.57050165340004,27.678918644123318],[84.5706639020894,27.679152712388973],[84.57101503355435,27.679507878253567],[84.57152610027742,27.680155817328274],[84.5717076686598,27.680446214792166],[84.57184222010844,27.68085420876999],[84.5721276387035,27.6812435098646],[84.57253885520589,27.68169770472649],[84.57255767546553,27.681774352579016],[84.5727216121639,27.681970034738033],[84.57275962601047,27.682087256343653],[84.57275512498524,27.682200164617715],[84.57266121601674,27.682428482227095],[84.57231584032516,27.683050603595888],[84.57217435148242,27.68338976603049],[84.57209244706985,27.68384827620262],[84.57206618950109,27.684534540384064],[84.57198209834779,27.685049504274282],[84.57167742700919,27.686305686107758],[84.571626033904,27.686533815975512],[84.5717325102571,27.686535629236488],[84.57244446151934,27.68642215632369],[84.57375950879889,27.685658302938066],[84.57435447766115,27.685233739093672],[84.57500453117258,27.685043744220415],[84.57552140960405,27.684980599161715],[84.57604116439678,27.68484305804667],[84.57630238537232,27.68473583831819],[84.57636640924291,27.684737837945807],[84.57675911664062,27.68455790970413],[84.57728431101314,27.684266822686833],[84.57774554303705,27.683973735376878],[84.57801120275465,27.683751418619657],[84.57855915523776,27.6834421388439],[84.57900213112313,27.683054337000055],[84.57931762161354,27.682660282373124],[84.57978154143048,27.682292610767675],[84.57982743379269,27.682215775171173],[84.5800251313617,27.68208854958268],[84.58048017464387,27.681948945443782],[84.58086956837768,27.681863793880638]]]}},{"type":"Feature","properties":{"province":"Bagmati Province","district":"Chitwan","municipality":"Khairhani Municipality","ward":"3","wardNumber":3,"sourceMunicipality":"Khairahani","sourceType":"Nagarpalika"},"geometry":{"type":"Polygon","coordinates":[[[84.59642405654752,27.692164153483596],[84.59668527840813,27.69205693426944],[84.5968614677802,27.691929770620217],[84.59712494041338,27.691766097173332],[84.59753746814106,27.691624366582392],[84.59786608867658,27.691442437116052],[84.59811024151556,27.691220183596123],[84.59946017334008,27.689539561114866],[84.60038863766601,27.688228673254113],[84.60056701567824,27.688042805507713],[84.60100655209915,27.687749780966598],[84.60129603372003,27.68747088622045],[84.60143520962653,27.68718811464949],[84.601478348063,27.686614633958857],[84.60165847477144,27.685817148559728],[84.60185623290614,27.685134572459678],[84.60197227303351,27.6843328996937],[84.60190155840516,27.683929156015086],[84.60193363211782,27.683642383679256],[84.60181821275823,27.683295282179568],[84.60153610639831,27.68282708345188],[84.60129870438038,27.682302179728257],[84.60111538551547,27.682047917395508],[84.6001435848018,27.681117772203773],[84.5999210628494,27.680766606829454],[84.59986754207236,27.680477959624486],[84.59988085871922,27.68013254569439],[84.60000509032614,27.67967834944696],[84.60001403009676,27.679448094561984],[84.59989867453747,27.679101054959123],[84.59979644815475,27.678963764967868],[84.59925368287225,27.678582404931984],[84.59866227616432,27.67835477649774],[84.59823661733003,27.678282131406778],[84.59798364852205,27.678161346821554],[84.59773468096327,27.677941220030547],[84.59749346465847,27.677533726412257],[84.59733940550318,27.677069465608344],[84.59695463637341,27.676481981622523],[84.59684146831886,27.67607623697805],[84.59689336166646,27.67582997707426],[84.59692043298769,27.675676369600595],[84.59711387841065,27.675109014859203],[84.59714538918253,27.674968973863702],[84.59716520913852,27.67488082282435],[84.59717477208183,27.67407952468038],[84.59747600437113,27.672945190165045],[84.59773909763955,27.67169363445473],[84.59778292442692,27.67112240398018],[84.59774784663789,27.670377747949885],[84.5976331761879,27.669459603300723],[84.59755645942168,27.6692274726769],[84.59745735722525,27.668480816477516],[84.59761778731261,27.667112351364896],[84.59764004257413,27.66654118323973],[84.5974784806996,27.665733946474386],[84.59725289398611,27.664926834652807],[84.59709283379264,27.66463631249543],[84.5969967970493,27.664345601839646],[84.59673857501488,27.663823074115705],[84.59642739431308,27.663011837088046],[84.59620937450957,27.662547826536795],[84.59598159904087,27.661797231378525],[84.5959286409965,27.661508521441807],[84.59594427110504,27.66110896688406],[84.59609363466724,27.660027210469217],[84.59605117935888,27.659454104792175],[84.59598121477963,27.659050298827655],[84.59576607097547,27.658529896752643],[84.595614950526,27.658009181177793],[84.59519447982899,27.657252648242093],[84.5950411081599,27.65679057492675],[84.59498596258007,27.656558319570347],[84.59491449568117,27.655642300084693],[84.59463094918902,27.65465938751992],[84.59391642979594,27.653206650069404],[84.59376087044825,27.652801093365078],[84.5936984722472,27.652742638826528],[84.59352646923183,27.65222198662522],[84.59338872773407,27.651360421066496],[84.59339760491987,27.651132354281014],[84.59325167193447,27.649925500144416],[84.59306410028557,27.64923335996256],[84.59279105916652,27.64853703054199],[84.59240929003472,27.64789546842155],[84.5919501795458,27.64702396331461],[84.59156622298673,27.64644104323412],[84.59130581272439,27.645974907079797],[84.59112199323718,27.645738713297465],[84.59084451340263,27.64515985585228],[84.59034420027916,27.644265906910736],[84.59017751303556,27.64414699757151],[84.59007484981448,27.644027838059312],[84.5900776005041,27.6439533165597],[84.59041710138453,27.644039902954763],[84.59130518145221,27.64433404987695],[84.59156471469578,27.644285534780803],[84.59171870876762,27.64417425143122],[84.59178498347192,27.644119797703322],[84.59203344920516,27.64378469836909],[84.59210635058164,27.64355869445443],[84.59211241493988,27.64338714411385],[84.59208046452386,27.64310068545168],[84.59180454782079,27.642463061325085],[84.59133880973367,27.641763043710434],[84.59103976021346,27.641181998895046],[84.59093715868995,27.641065090445355],[84.59050286968453,27.64008061461944],[84.59025952838523,27.63972957443573],[84.5901204756707,27.63944124059068],[84.58975521418196,27.638914648960014],[84.58926352944094,27.638327665181297],[84.58816937045175,27.637282736039456],[84.58800324653404,27.637143570897724],[84.5878604430749,27.63696808199794],[84.58771738950966,27.636772337157566],[84.58723946112423,27.636395165114763],[84.58703538481397,27.63614096586186],[84.58666343284715,27.63578592583095],[84.58627509960252,27.635315851231407],[84.58602669450303,27.635079906868842],[84.58579829746448,27.634902605586028],[84.58537945372666,27.63465841011717],[84.58512510963212,27.634612021833025],[84.5849522955215,27.63464434452462],[84.58469182461855,27.63474925102002],[84.58445067316511,27.634912800078567],[84.58410241944131,27.635072285530374],[84.58375804205856,27.63513693010764],[84.5835008840999,27.635147059050325],[84.5830764767741,27.63505853389717],[84.5823081297347,27.63497601208494],[84.58179931540661,27.634847225641305],[84.58150845762286,27.63460928137923],[84.58134639689692,27.634512878039626],[84.58123635614527,27.634447859373893],[84.58047751115707,27.634117014548515],[84.58013469715902,27.634104948772215],[84.57979406998383,27.634036367340308],[84.57910787917645,27.634052748561846],[84.57867565635752,27.634133586165085],[84.57850115497253,27.634204295475172],[84.57817040837307,27.634440428248073],[84.57795789173001,27.6343961657152],[84.57793800933304,27.634357841437872],[84.57794476162034,27.634186291080887],[84.57779820444748,27.63355041717047],[84.57771873764624,27.633376928688467],[84.57761938715352,27.633287090460097],[84.57753916974121,27.633215194555465],[84.57720091828438,27.63262752243531],[84.57709950293899,27.632014029853874],[84.57697539319076,27.63155633373209],[84.57698389298588,27.630637689026887],[84.5769218694533,27.630407683764616],[84.57684189996196,27.62979644137344],[84.57689072911852,27.629184511385876],[84.57704565971221,27.628651229330586],[84.57698276071062,27.628497935188985],[84.57691954907426,27.62840115613771],[84.57681332213413,27.628324884822188],[84.57612881826262,27.628282561452156],[84.57542411967648,27.62812301620841],[84.57491092921155,27.628120641557732],[84.5745260995183,27.628079318516654],[84.57420654281049,27.627904642669062],[84.57395276076936,27.627596428184848],[84.57386872863742,27.627404934711656],[84.57387072850496,27.627176992227607],[84.57382933809951,27.62702363523586],[84.57376712740073,27.62687046488511],[84.57363926714726,27.62677393731926],[84.57323299124525,27.62675074370208],[84.57295213836024,27.62707471519106],[84.5727591297078,27.627111601571272],[84.57263089488288,27.627071527086255],[84.57224625172968,27.627050522413903],[84.57192632067829,27.626932238352428],[84.57171336636472,27.626797698770243],[84.5716502176427,27.626721239788605],[84.5715025993482,27.626471291034175],[84.57141900582279,27.626241411043615],[84.57129214546819,27.626106497618192],[84.57105774560256,27.625969770494304],[84.57069461066394,27.62594870238627],[84.57056631328837,27.625890560487797],[84.57041757052315,27.625794157640126],[84.5702485698192,27.625582658103912],[84.5699505216694,27.625407858202816],[84.56943764361576,27.625346716177198],[84.56911652485256,27.6253638476049],[84.56854006148644,27.625264694698917],[84.56802680794172,27.625241939358187],[84.56783448670734,27.625184048111052],[84.56764197851403,27.62518260986713],[84.56732210916196,27.62508464484038],[84.56721594492315,27.625006059930662],[84.56706976465018,27.624566493122312],[84.56690051376191,27.624411448337472],[84.56655938667421,27.62423683488677],[84.56617549400222,27.62411880136342],[84.56559778014774,27.62413468239443],[84.56521388749427,27.624016586605855],[84.56444885283533,27.62345773675043],[84.56381074021516,27.62306987480104],[84.56330111243543,27.622647627138523],[84.56266637547228,27.6219166013691],[84.56243278760155,27.621703163719427],[84.56239014696138,27.62166496488504],[84.56230549018508,27.621588568245787],[84.56187858169686,27.621488727293045],[84.56089334236898,27.62159657453272],[84.5603796525756,27.621612205446777],[84.55978005547617,27.62168460252533],[84.5594805073746,27.621701608834808],[84.55935195935126,27.621720176884494],[84.55909486497704,27.621736995181692],[84.55922178665448,27.621910295795136],[84.55941067075244,27.62229321980994],[84.55947256977177,27.622523225094074],[84.55964050808966,27.622888206598006],[84.55995256434475,27.623825856419153],[84.55995081413006,27.623979339387645],[84.55992680585652,27.624245792370402],[84.56009743133674,27.624285741207043],[84.56022572953546,27.62434388294763],[84.56060874641095,27.624538689370116],[84.56090592020773,27.624788011537895],[84.56113694514302,27.625249771778975],[84.56115589032801,27.62549797027756],[84.56084771623424,27.626413364582866],[84.56144462592499,27.626684005214685],[84.5617648695339,27.626743709236898],[84.56238572411434,27.626729891236543],[84.56257785830111,27.62676971511227],[84.56287528126227,27.626942327827546],[84.56338453437661,27.627425530370164],[84.56398013084512,27.627790948571526],[84.56425629661523,27.628022328410758],[84.56446737533209,27.628292344980284],[84.56478036952039,27.62915559778567],[84.56505328493441,27.629730016067526],[84.56526411399282,27.630074428651557],[84.56628174422694,27.6310769085913],[84.56645205696384,27.63117331130276],[84.56685545826275,27.631501156496764],[84.56723853813914,27.63169596271665],[84.56770564965146,27.632100330801318],[84.56791735352877,27.632368096576677],[84.56806440893695,27.632617981736615],[84.56819183161691,27.632752895638394],[84.56897906201392,27.633178456495727],[84.56900951151933,27.633185145698434],[84.56912155350236,27.6332884885417],[84.5693520140377,27.63349973767976],[84.57105714968696,27.634853693636277],[84.57151625827869,27.635172286071644],[84.57202125947853,27.63541848190878],[84.57252232111722,27.635759517736066],[84.57361879307544,27.636788692784403],[84.5740774011339,27.63712760314806],[84.57437101072668,27.637291150877935],[84.57441465118207,27.637272895626346],[84.57473420761924,27.63732122073001],[84.57499374157598,27.637272768301575],[84.57534211972943,27.63713135086306],[84.57558345865506,27.636988183725975],[84.57584517989754,27.63688102650316],[84.57615273087337,27.636681092127937],[84.57667561101468,27.63647127893703],[84.57695996646173,27.636327861265467],[84.57707156936989,27.636216827903258],[84.5773769325637,27.636093666089216],[84.57757181705861,27.63604321289984],[84.57776445105733,27.636049151690898],[84.57795489601037,27.63611154450683],[84.5784527076905,27.636549609640802],[84.5788962492288,27.637270007648482],[84.5791808556199,27.637659308225786],[84.57951735735982,27.638377893811278],[84.57970693020603,27.639013580292627],[84.58002973863698,27.639538108338904],[84.58023781695515,27.63969752984327],[84.58072074626237,27.639961793986902],[84.58080458975574,27.6400043685232],[84.58071180638639,27.6401897985769],[84.5805409949677,27.640718704122573],[84.58024101018486,27.641261677347742],[84.57971237824606,27.641606967461065],[84.57953850145388,27.641677676408683],[84.5787584009538,27.641881738408287],[84.57843653154538,27.641889929009473],[84.57830510796123,27.64196044963592],[84.5781918164333,27.64210986952488],[84.57818012639231,27.642414646073085],[84.57827828789543,27.642646714561742],[84.57877272340117,27.643159238577905],[84.57903307091796,27.64362537501892],[84.57921801484544,27.643841250542952],[84.57931273927869,27.644150090508738],[84.57933187318845,27.644761707889504],[84.57961748212776,27.64568591618927],[84.5797989874244,27.645978564015113],[84.58031443036033,27.646511344599453],[84.58057759155608,27.64690070809348],[84.58088445701213,27.647292134416034],[84.5810290110532,27.647431487925484],[84.58134631716706,27.647872491570382],[84.58139489832081,27.647940011199704],[84.58149024724817,27.648246601420496],[84.58157609299839,27.648783384038758],[84.58155827564832,27.64924164322386],[84.58160779532182,27.649625130774808],[84.58176754490965,27.65046862862091],[84.58200732438362,27.651467483958463],[84.58222740686904,27.651854784537],[84.58239078118783,27.652070785095336],[84.58260805039922,27.652534858248455],[84.58346868740097,27.654088562863468],[84.58366951315413,27.654437601743144],[84.58407110091271,27.655117488580157],[84.58459198461654,27.65604976097518],[84.58470502850098,27.656453191455462],[84.58477049215996,27.65696990544615],[84.58476393158581,27.65822933849229],[84.58464182497616,27.658624829965795],[84.58460612711146,27.659539098883656],[84.58470072754332,27.66040091418857],[84.58483027733283,27.6609195034029],[84.58482583871154,27.661034662749408],[84.58494282017219,27.661343378232772],[84.58490787165846,27.661686604138644],[84.58475469176439,27.66231016267832],[84.58475094474181,27.663513203891252],[84.58468554705642,27.664082246000667],[84.58448541319505,27.66482121380725],[84.58449954536599,27.6655637443368],[84.58457176117017,27.66591097085707],[84.58458151623577,27.666197618337318],[84.5846223434092,27.666253821720257],[84.58471387846622,27.6666575023606],[84.58466417377527,27.666829241270655],[84.5846551710167,27.667057245446355],[84.58438063330804,27.66750756585003],[84.58303132464765,27.668589887995264],[84.5827860469928,27.668830146051924],[84.58251594795543,27.66916537041536],[84.58217226003912,27.66972653679228],[84.58191254147715,27.670348407608586],[84.58189691205718,27.67074790016179],[84.58197356553339,27.67098003010466],[84.58198775937969,27.67115151850571],[84.58235533435459,27.671621717967177],[84.58243198843125,27.671853848510306],[84.5824037283847,27.67202327331298],[84.58228612370505,27.672305919477406],[84.58215069946891,27.672473468690608],[84.58188560186896,27.672675466504995],[84.58153709825271,27.672816884213418],[84.58134627781054,27.67292604174371],[84.58125211735492,27.67298062056621],[84.5810062771088,27.673238947049462],[84.58086697632186,27.673501337189748],[84.58073224043117,27.673668948941764],[84.58055492434316,27.67381411747408],[84.58020473265952,27.673993920903058],[84.57983022014803,27.67425281044182],[84.5793856194087,27.674678999230455],[84.57921086856228,27.674966459072753],[84.57901992289003,27.675280927016505],[84.57863803516246,27.676304979390054],[84.57852199299423,27.67653117098823],[84.5783656861379,27.67669884557346],[84.57826896311812,27.6769836172596],[84.57829034778203,27.67755684780978],[84.57848004614527,27.67819478469907],[84.57882448745166,27.678721439005095],[84.57923576693827,27.679173445092136],[84.57960227923465,27.67968203120211],[84.58006532836897,27.680463259915108],[84.58052062577796,27.681452236600045],[84.5807021315435,27.681744884682832],[84.58086956837768,27.681863793880638],[84.58134649567998,27.681909181592342],[84.58144603297856,27.68192005937912],[84.58182704947285,27.68204709575309],[84.58251661890486,27.682506853464307],[84.58282523386697,27.68284188882107],[84.58294496681727,27.683076082022154],[84.58309621211542,27.68361711570756],[84.58310884337969,27.68384730843061],[84.58297554533877,27.684531760026253],[84.58285494160732,27.685446403877442],[84.58293597435407,27.68613898274129],[84.5831131032784,27.68654678956357],[84.58329917284841,27.686724278042572],[84.58342565825627,27.686786859064423],[84.5838617579169,27.687143963114845],[84.58480317136096,27.68774713753787],[84.58524496084844,27.687970952257867],[84.58580754654014,27.688390636417257],[84.58624764808299,27.688652900062007],[84.58699749043946,27.68923194311315],[84.58731110697462,27.68943381404975],[84.58755963799625,27.689669757755475],[84.58782404901433,27.690043304306666],[84.58802056125577,27.690507314753155],[84.58807639559919,27.69073963290427],[84.5881961276758,27.690973888796634],[84.58837825850183,27.691246218814946],[84.58860571937167,27.69146415682705],[84.58892327470352,27.691568873990178],[84.5898223576305,27.69159663022584],[84.59109420609681,27.691981677196804],[84.5916640422819,27.69220943023411],[84.59273487957647,27.69279847545842],[84.59305237261192,27.69290319234118],[84.59401166618056,27.693047982699923],[84.5942044244589,27.693053983590257],[84.59465721758751,27.692973021546635],[84.59478588971312,27.692976959461625],[84.59511069764348,27.692889807936933],[84.59565746220314,27.692600784132306],[84.59614464129787,27.692194662880482],[84.59627437648808,27.69216027806025],[84.59642405654752,27.692164153483596]]]}},{"type":"Feature","properties":{"province":"Bagmati Province","district":"Chitwan","municipality":"Khairhani Municipality","ward":"10","wardNumber":10,"sourceMunicipality":"Khairahani","sourceType":"Nagarpalika"},"geometry":{"type":"Polygon","coordinates":[[[84.60508604368465,27.61116076301451],[84.60566425649375,27.610900934778538],[84.60577123443483,27.61088236705696],[84.60581362508601,27.61088217953872],[84.60570889692883,27.61061410031385],[84.60549894246446,27.61009813744816],[84.60541784809502,27.609410059882045],[84.60548437112384,27.609066708809316],[84.60548687151868,27.608723608240428],[84.60557402729451,27.608438836535065],[84.6055790894056,27.607752635055025],[84.60549518230619,27.60746411354116],[84.60541446275593,27.6068347408618],[84.60541502472982,27.606719644164627],[84.60550074366375,27.60664474711564],[84.60603381676579,27.606820797697946],[84.60654444406207,27.607055489849895],[84.60731216682031,27.607291432053934],[84.60763222267187,27.607314813455424],[84.60801705238907,27.607261171153414],[84.60846646791457,27.607092182846248],[84.6088313521069,27.606867115565475],[84.608938454728,27.606753832181468],[84.60941106564974,27.606415418494993],[84.60975369180666,27.60619047668975],[84.60996795807628,27.606096948892613],[84.6104178744181,27.605909892730708],[84.61067478170894,27.605854625533926],[84.61105911078064,27.605821302575517],[84.61189210683146,27.605828926664962],[84.61229794485858,27.605793228168313],[84.61242655443304,27.605794915798313],[84.61251139835667,27.605796853123373],[84.61268214891227,27.6058547448765],[84.6130887991449,27.605744586474056],[84.6133880348252,27.605671063629273],[84.61353783984674,27.605616234528856],[84.61428699199045,27.605355593353135],[84.61441547635911,27.60531889482215],[84.61462930609436,27.605281821433575],[84.61651137545664,27.604860441619866],[84.61666143162094,27.60484393695107],[84.61676834530763,27.60482543063214],[84.61728116080315,27.604773476145642],[84.61788006890342,27.604608301762354],[84.61794440523494,27.604551597168026],[84.61796666325597,27.604456693882028],[84.61794690448693,27.60420849571863],[84.61786262312192,27.60397861628339],[84.61756726213494,27.603496913089153],[84.61754600368077,27.60344058451339],[84.61746372138667,27.603000830360415],[84.61744515073418,27.602619467797698],[84.6173616817529,27.60231287868691],[84.61704506237974,27.601756778047736],[84.61691957684576,27.601299206420116],[84.61692163861767,27.60099217857761],[84.61701110730016,27.60045914712254],[84.61716291197816,27.600079284967276],[84.61748653022217,27.599624150273772],[84.61772199169519,27.599474105146196],[84.61825712723326,27.599345315767724],[84.61870535544986,27.599311742262763],[84.61919672523173,27.59929823741232],[84.61979425844655,27.599437776688372],[84.62013576049915,27.59945884405396],[84.62081882598417,27.59950316806472],[84.62150120385378,27.599644519343656],[84.62209767590612,27.599840450719523],[84.62246074760581,27.599863643530174],[84.62296580940422,27.599888462116358],[84.6230280820716,27.599831758166165],[84.62331543792818,27.59956642903551],[84.62349275260388,27.599339924244493],[84.62382887422282,27.598733494964897],[84.62415386648615,27.597743390878144],[84.62420819771657,27.597285006338826],[84.62420494383883,27.596594303462226],[84.62410984411929,27.596132042773625],[84.6240643875793,27.59538513552843],[84.62396734975755,27.595017715277955],[84.62380560149502,27.59465054519799],[84.62365941856282,27.59367163359564],[84.62348253877465,27.593074270549064],[84.623487164879,27.592882401897832],[84.62328658825531,27.59236193678995],[84.62329089968011,27.591671234469242],[84.62302749048571,27.591792020281517],[84.62231991688493,27.592117993431973],[84.62199823624316,27.592342872615017],[84.62135537493931,27.592679848931816],[84.62092640476489,27.592981938489462],[84.6208830764133,27.593056648405494],[84.62066818470917,27.59324495443848],[84.62015443280207,27.593450390709457],[84.619469742771,27.593672395632126],[84.61912749197516,27.593746105728034],[84.61887108430348,27.593763048969823],[84.61835939458891,27.593663770795565],[84.61801795550568,27.593545675389556],[84.61731613205998,27.593194448780043],[84.61714594342371,27.5931162389018],[84.61678437139528,27.592903427123215],[84.61657110441665,27.592825342667204],[84.61637984571048,27.592708871490306],[84.61623097816596,27.592594400604924],[84.61563575601882,27.592168276956837],[84.61555159929488,27.59205349387156],[84.61548888841551,27.59184155600882],[84.61521459833713,27.5916103022035],[84.6151701439763,27.591572165483942],[84.61508498733377,27.591534154639405],[84.61485240067549,27.591282393654765],[84.61425930473665,27.59077943575754],[84.61415395219282,27.59062645300557],[84.61377199747696,27.59039338543787],[84.61358167696154,27.590220460826835],[84.61332639456691,27.590101926372736],[84.61319903374661,27.589987392885995],[84.61285965816404,27.589774456851654],[84.6120094670718,27.589383281009294],[84.61115827540928,27.589050685713488],[84.61090274352769,27.5889909188463],[84.61030470962619,27.588966476682703],[84.60979358185567,27.58884681771432],[84.60911101637014,27.588764045033255],[84.60877076562966,27.58862788079491],[84.60862289740766,27.588454705536154],[84.60858106899133,27.588337546070075],[84.60845470956271,27.588166559278992],[84.60820111465107,27.587894541858038],[84.60790619144215,27.587471543600106],[84.60777958170301,27.587356947526388],[84.6074606504762,27.5871823347241],[84.6073332903701,27.58706548804319],[84.60699603926236,27.58666068331891],[84.60678364719956,27.58650588821588],[84.606530865622,27.58614134399699],[84.60542757968228,27.58544426715705],[84.60415060477212,27.584953251354918],[84.60372457215527,27.584873916962792],[84.60312710138572,27.584829092979437],[84.60269938034293,27.58490092757686],[84.60235675445648,27.585013024435092],[84.60192859569722,27.585123183126672],[84.60199574474757,27.584779831673963],[84.60199786988508,27.584587963121333],[84.60189726726693,27.583920329824814],[84.6016481108435,27.583172047273425],[84.60124789802845,27.582595941765472],[84.60093121638326,27.582247465044542],[84.60070169394618,27.581970822710275],[84.60005901789366,27.581876608513586],[84.5995458282599,27.581948756988325],[84.59935275684389,27.582080545583143],[84.5991588114434,27.582289045535923],[84.59877141901,27.582552498600272],[84.59836364416695,27.58279582148587],[84.59802101690694,27.582925922893033],[84.59780581297066,27.583057775222585],[84.59716470092305,27.58312823488051],[84.59688653625744,27.583222013074014],[84.5965659177469,27.583198569578226],[84.59643843234397,27.58316074675288],[84.59590742235017,27.58286734886575],[84.59565339000696,27.58261790143032],[84.59453709676649,27.581022435481525],[84.59392880475377,27.579925802672726],[84.59316783288025,27.579136822888206],[84.59285015257579,27.578826732800557],[84.59270209740217,27.578730329889066],[84.59219134486054,27.578554154444905],[84.59178631951704,27.57849270019299],[84.59155010808196,27.57860429537877],[84.59142099778289,27.5787380232939],[84.59122280167735,27.57932800903488],[84.59094132417918,27.579744507567668],[84.59042369710914,27.58029291966887],[84.59003680466084,27.58053836822819],[84.58969367839182,27.580688788647155],[84.5893729974667,27.580760122309325],[84.5891603559593,27.580663969971148],[84.58882085432617,27.58041264722384],[84.58805713237763,27.579946324753724],[84.58729191088575,27.57955690009794],[84.58690876880877,27.57943892843014],[84.58665204898377,27.579512200954493],[84.58639601665138,27.579472690065305],[84.58594772560525,27.579485882816016],[84.58575496675294,27.57956115526311],[84.585581778161,27.57974921133011],[84.58547248882648,27.580036357940145],[84.5854100350727,27.582097339155624],[84.5852939335457,27.58301423404048],[84.58505353330895,27.583642731398495],[84.58492292406478,27.583868986255627],[84.58459924310434,27.584211150001707],[84.58438291392454,27.584494233718303],[84.58429700682574,27.584532932924898],[84.58428619008298,27.58453299485891],[84.58376412209788,27.58448779605774],[84.58382477027311,27.5848148293138],[84.5837793798424,27.585099413417318],[84.58362513652577,27.585614689777643],[84.58340743321584,27.586012807610796],[84.58327775996857,27.586164602531102],[84.58306268158515,27.58633477798245],[84.5826550931497,27.586503515975327],[84.58246283455516,27.58655853295799],[84.58227032641803,27.58655715848754],[84.58214196650376,27.586593731910884],[84.58184298102628,27.58659048186747],[84.58177827003922,27.586685572004207],[84.58185980130081,27.587030547942796],[84.58179427769282,27.58720009864781],[84.58155662747647,27.58752381867676],[84.58134598745494,27.587574397209153],[84.58132129057184,27.58757902331563],[84.58112865758164,27.587557267115407],[84.5809370859839,27.587499376370587],[84.58049066983556,27.587266495916886],[84.58036312319041,27.587228673046727],[84.57961853386954,27.58691583266779],[84.57891721009224,27.5865102155724],[84.57840733291825,27.586259518101926],[84.57795947962747,27.586121478667557],[84.57757602465809,27.58606215023643],[84.57719157011144,27.586059150374293],[84.57680667776023,27.58609472419898],[84.57635601164628,27.58626358730134],[84.57597080674914,27.586355491005225],[84.57545574207741,27.58656299091784],[84.57462030846241,27.58680350074546],[84.57417114302575,27.58689565432609],[84.57346238134663,27.58725519900123],[84.5732686850529,27.58738692629001],[84.57303122296024,27.58763393677872],[84.57279294903698,27.587975724941185],[84.57261869750712,27.588317263929092],[84.57257461980127,27.58848900130949],[84.57222636766518,27.58911793776857],[84.57211607804344,27.589459162734382],[84.57180803015035,27.590394876549837],[84.57174100548103,27.590661517497335],[84.57171924775976,27.59073610163425],[84.5716522239446,27.59100493101042],[84.57156212961696,27.59146125267674],[84.57145840465643,27.591608421586585],[84.57128052667166,27.591861933416187],[84.57087200188914,27.59210731914478],[84.57039995232103,27.592312505827767],[84.56962848052288,27.592557142530147],[84.56911510295545,27.59260890942523],[84.56866537489945,27.59272138059781],[84.56776360418328,27.593115561788885],[84.5673133133825,27.593246101258206],[84.56680043601285,27.593279799886236],[84.56647906724938,27.593355572858968],[84.56615707341487,27.5935442540855],[84.56577080695664,27.593694799742597],[84.56557786012645,27.593731685369132],[84.56545031315422,27.5936915493275],[84.56498332667223,27.593402340740997],[84.5647276688486,27.593322130222766],[84.56447113649965,27.59332088066693],[84.56421435492507,27.59339634054936],[84.56376312536607,27.593603652607666],[84.56328907613742,27.594018650670712],[84.56313695808181,27.594247218302932],[84.56302660639356,27.594590694421466],[84.56293513712633,27.59516442609047],[84.56278139326879,27.595564544021514],[84.56249872856128,27.59601942883625],[84.56204412432571,27.596551648644137],[84.56163484821765,27.596894125358133],[84.56127002624204,27.597024289223885],[84.56096972861545,27.597136073115085],[84.56064835997879,27.59721190855267],[84.56020031822578,27.597168585053833],[84.55990214575925,27.597070493814623],[84.55945491687599,27.596934580178495],[84.55913579852452,27.596836552152386],[84.55913392311075,27.59696971689478],[84.5591753764334,27.59714339291479],[84.55934231440754,27.59746773742296],[84.55985156712137,27.59783584452601],[84.56019231809415,27.597951814735396],[84.56070213293195,27.598186757441347],[84.5608727579902,27.59822439373618],[84.56104238384636,27.59834111449948],[84.56116968202784,27.5984557109094],[84.56127497097205,27.59861100625829],[84.56148236240226,27.599165417828814],[84.56177847291066,27.599473445778987],[84.56218199817397,27.599724580952454],[84.56228809997587,27.599782847641144],[84.56284130519775,27.59995883551743],[84.56326715090448,27.600115192260546],[84.56369330917538,27.600214970894367],[84.56480347040369,27.60029849290479],[84.56531684702526,27.600244475473993],[84.56583128734935,27.60013406679525],[84.56737567008372,27.59953407335777],[84.56780432761917,27.59940365936688],[84.56823223643036,27.59935001733087],[84.5688303326344,27.59937239726364],[84.5693420223084,27.599489867970814],[84.56951221074051,27.599568203476373],[84.56974498472574,27.599743316219467],[84.57025511185945,27.600032337419993],[84.57099876352201,27.600401694138498],[84.57210642478465,27.600733413308507],[84.57278942802729,27.60089083336321],[84.57330143060517,27.60104900332105],[84.57449662334749,27.601285569405345],[84.57475378148158,27.601289007772465],[84.57586731867913,27.60116246756308],[84.57655338371528,27.600938400025765],[84.57696297239238,27.60065456482948],[84.57735130187446,27.60029408319655],[84.57767385831032,27.600087334223222],[84.57836042402398,27.599842948212178],[84.57844695623642,27.599786180593338],[84.57939017896736,27.599563300229676],[84.57999083868593,27.599357613227795],[84.58041962189135,27.599245204036137],[84.58134596400473,27.5991713675822],[84.58213294325932,27.599107096687415],[84.58230438157901,27.59907027227842],[84.58234733497855,27.599049766735643],[84.58401882722393,27.598796687877474],[84.58466175280635,27.598687904268896],[84.58534906872713,27.59846377381852],[84.58620632318676,27.598279592623516],[84.5866350440676,27.598262023004917],[84.58697742013844,27.598208631925726],[84.58809220778706,27.597969120595877],[84.58869111558917,27.597804133322573],[84.58911846156113,27.59775042856239],[84.58928908735442,27.597808320186964],[84.5896912375524,27.598271580780015],[84.58983941815919,27.598501147062144],[84.59011527111271,27.59879116956251],[84.59045339814344,27.599250116356792],[84.59081215782433,27.59988511395847],[84.59112952720459,27.60034418555611],[84.59125507479601,27.600632582769595],[84.5917196863028,27.60137992560007],[84.59182416405386,27.60172477644849],[84.59197234508238,27.60195440614277],[84.59205593860352,27.6021842860021],[84.59209708014677,27.60241435388044],[84.59235017468984,27.602837602162808],[84.59260264488792,27.60325860093819],[84.59283723286036,27.603413332913878],[84.5931992416779,27.603590008519998],[84.59371074403231,27.603766184090254],[84.59405180856307,27.60382563827246],[84.59415891032539,27.603827450598175],[84.59469223309502,27.6039470473545],[84.5951184543061,27.60404676299622],[84.59571473774535,27.604319591281563],[84.59588417612164,27.604492641806797],[84.59603173156067,27.60472220823974],[84.59607237334659,27.605085440634497],[84.59602860726216,27.60519847378532],[84.59598296674966,27.60565685860762],[84.59589518611651,27.605941630065086],[84.5958939361586,27.60617188467],[84.5961437188824,27.60691791608153],[84.59622575042187,27.60731928348391],[84.59626432898953,27.607779606434395],[84.59625795380985,27.608467996061226],[84.59629909449284,27.60869581340313],[84.59625282855143,27.609041352731325],[84.59633642346856,27.609271232319873],[84.59650642398458,27.609423963848744],[84.59689031637014,27.609541935573674],[84.5975502501186,27.60998600114463],[84.59774069634385,27.610179245039863],[84.5979752210531,27.610315909699757],[84.59829346420126,27.610603493418804],[84.5986103332707,27.611085133972594],[84.59890763186557,27.61135464997592],[84.59909932876036,27.611432859972325],[84.59952686184845,27.611530324999944],[84.60003805243089,27.611765079932646],[84.60027213948447,27.61193788025435],[84.60095464303309,27.612210270112925],[84.60206718006957,27.612239275724992],[84.60309343462322,27.612020396514744],[84.60395056304013,27.611666790071258],[84.60429387626051,27.61143959699094],[84.60480731593597,27.61127254707886],[84.60508604368465,27.61116076301451]]]}},{"type":"Feature","properties":{"province":"Bagmati Province","district":"Chitwan","municipality":"Khairhani Municipality","ward":"9","wardNumber":9,"sourceMunicipality":"Khairahani","sourceType":"Nagarpalika"},"geometry":{"type":"Polygon","coordinates":[[[84.60581362508601,27.61088217953872],[84.60577123443483,27.61088236705696],[84.60566425649375,27.610900934778538],[84.60508604368465,27.61116076301451],[84.60497731725653,27.611427529609735],[84.60443861944236,27.61207090745296],[84.60411643873496,27.61235449165481],[84.60379507107378,27.612540984425145],[84.60325949802626,27.612728354306988],[84.60289623903674,27.61279993812379],[84.602511158917,27.612815131179893],[84.60216953193094,27.61277374563167],[84.60165427964027,27.612961051553004],[84.60096471337216,27.613471890940048],[84.60081253353542,27.61368251628068],[84.60065972766591,27.614005861190975],[84.6003359212181,27.614327832279184],[84.60018499067998,27.614420984686234],[84.5995854562195,27.614493570016993],[84.59924351695263,27.61439579217564],[84.59879435084463,27.614390917292443],[84.59840802066392,27.614523519826463],[84.59816999626946,27.61478866130999],[84.5981632460089,27.615533505140174],[84.5981195431239,27.61564878929843],[84.59798880766232,27.61583896982543],[84.59783843984282,27.615914117471707],[84.59691847422404,27.615886487012734],[84.59640553357325,27.615807402305073],[84.59602239090025,27.6155924032799],[84.59587352358234,27.615477869511402],[84.59564149892593,27.61509294469954],[84.59547193504896,27.61490182643766],[84.59534519953424,27.614669946551675],[84.59505283861293,27.61390378414321],[84.59492591680147,27.613750802428513],[84.59420214713711,27.613322866433055],[84.59373247281556,27.613166884475024],[84.59334764248021,27.613107555450412],[84.59321965787402,27.613105867416746],[84.59287615606532,27.61319989583726],[84.59261787338919,27.61334994110228],[84.59216458141053,27.613767190036448],[84.59188322830082,27.61408891019303],[84.59117146759523,27.61471490878588],[84.59108543555281,27.614751419818255],[84.5907633786696,27.614825004190724],[84.59024912646584,27.6148587655929],[84.58986504638354,27.614799499604604],[84.58941644291497,27.614681778237102],[84.58901222985556,27.61443070625293],[84.58888555673671,27.61419876314471],[84.58861051575423,27.61383428167412],[84.5880581850706,27.613371709891318],[84.58788993450479,27.613063181780692],[84.5875723781241,27.612678569617962],[84.5872146808946,27.612007498581686],[84.58672937325323,27.611278223297642],[84.58673212324318,27.610971258340975],[84.58686460823868,27.610514748690083],[84.58692944431345,27.610437726119798],[84.58701691408805,27.61020940862449],[84.58749296286035,27.609679251262158],[84.58779663694926,27.609242309865092],[84.5878631607934,27.609011803918836],[84.5878884812009,27.608553544091908],[84.58780582387949,27.608246891573472],[84.58778906620428,27.607712046954592],[84.58794305878054,27.607255475426683],[84.58818320889216,27.606798528226122],[84.58829143580822,27.606664863389877],[84.58863631301269,27.606363210840403],[84.5886185544594,27.60599991657137],[84.58832200596859,27.605633247556288],[84.58811005160524,27.60544006645868],[84.58781194109653,27.605247198018205],[84.58678899820318,27.60477981328287],[84.58646856700751,27.604681847981123],[84.58608373692843,27.60462258141808],[84.58512381744232,27.604328685166784],[84.5847389252646,27.60424903808778],[84.58428969612906,27.604244162981278],[84.5837752559619,27.604336628425827],[84.58319704219295,27.60435038439636],[84.58300497115651,27.604330879588673],[84.582748688343,27.604250668433007],[84.58266390624168,27.60415626664634],[84.58257668719921,27.60430781146037],[84.58238055397338,27.604708179074567],[84.58216253744028,27.605165001738754],[84.58136136882752,27.606152481755142],[84.5813456130806,27.60616611041258],[84.58095153059463,27.60651083746689],[84.58056195051539,27.60698654160786],[84.58021707373294,27.607290381771122],[84.57993572144977,27.607632357721087],[84.57984987717548,27.60768912428345],[84.57963329782791,27.607936072547986],[84.57935319516429,27.6081629529772],[84.57898599799697,27.608561758228944],[84.57844636249914,27.609053779676604],[84.57829430696633,27.609282409099833],[84.57721328590576,27.610555411070646],[84.57699401872205,27.61112732984989],[84.57685953343842,27.61181409465859],[84.57685134665066,27.61267403536448],[84.57676418979402,27.612845960487647],[84.5766971027167,27.61311260145473],[84.57663114160546,27.613322788749844],[84.5765861258617,27.613550918293576],[84.57666934547487,27.613839503153887],[84.57674637665482,27.614755521689272],[84.57678851819281,27.614814039240635],[84.57682634632134,27.61538720757694],[84.57681984603259,27.616075597475596],[84.57702573773908,27.616936974425606],[84.57712540221387,27.617683631466726],[84.57712346495701,27.617911636261365],[84.57718505056273,27.618179964601133],[84.57727058284297,27.6181795893723],[84.57761189621411,27.61827974249983],[84.57816672781946,27.618491866238504],[84.5784432053213,27.61866672905833],[84.57880246521782,27.619148244845295],[84.57890694279467,27.61937806193381],[84.57890625526076,27.61949090749023],[84.57883998135802,27.61966264609936],[84.57875382416024,27.61977817976032],[84.57862196488199,27.620119593642265],[84.57857626131626,27.62046506977537],[84.57866023018134,27.620656563526172],[84.57931772578647,27.621233856559133],[84.57931666378201,27.62138740165021],[84.57910052126438,27.621614031495458],[84.57871531648675,27.621611093669046],[84.57839544805044,27.621495060398342],[84.57820175173653,27.62164710562036],[84.57783317912659,27.622158756913425],[84.57770219438929,27.62244596722108],[84.577657240352,27.62267409657674],[84.5776243538892,27.6228073859316],[84.5776336072847,27.622884095456488],[84.57761022502157,27.623132481821287],[84.57756389646671,27.623475769857468],[84.57725572280515,27.624391165004248],[84.57709972974001,27.625077991665453],[84.57700244803591,27.626337862160074],[84.57701420619185,27.627371541458185],[84.5769035414199,27.627771471601033],[84.57692117439993,27.628229606310335],[84.57691954907426,27.62840115613771],[84.57698276071062,27.628497935188985],[84.57704565971221,27.628651229330586],[84.57689072911852,27.629184511385876],[84.57684189996196,27.62979644137344],[84.5769218694533,27.630407683764616],[84.57698389298588,27.630637689026887],[84.57697539319076,27.63155633373209],[84.57709950293899,27.632014029853874],[84.57720091828438,27.63262752243531],[84.57753916974121,27.633215194555465],[84.57761938715352,27.633287090460097],[84.57771873764624,27.633376928688467],[84.57779820444748,27.63355041717047],[84.57794476162034,27.634186291080887],[84.57793800933304,27.634357841437872],[84.57795789173001,27.6343961657152],[84.57817040837307,27.634440428248073],[84.57850115497253,27.634204295475172],[84.57867565635752,27.634133586165085],[84.57910787917645,27.634052748561846],[84.57979406998383,27.634036367340308],[84.58013469715902,27.634104948772215],[84.58047751115707,27.634117014548515],[84.58123635614527,27.634447859373893],[84.58134639689692,27.634512878039626],[84.58150845762286,27.63460928137923],[84.58179931540661,27.634847225641305],[84.5823081297347,27.63497601208494],[84.5830764767741,27.63505853389717],[84.5835008840999,27.635147059050325],[84.58375804205856,27.63513693010764],[84.58410241944131,27.635072285530374],[84.58445067316511,27.634912800078567],[84.58469182461855,27.63474925102002],[84.5849522955215,27.63464434452462],[84.58512510963212,27.634612021833025],[84.58537945372666,27.63465841011717],[84.58579829746448,27.634902605586028],[84.58602669450303,27.635079906868842],[84.58627509960252,27.635315851231407],[84.58666343284715,27.63578592583095],[84.58703538481397,27.63614096586186],[84.58723946112423,27.636395165114763],[84.58771738950966,27.636772337157566],[84.5878604430749,27.63696808199794],[84.58800324653404,27.637143570897724],[84.58803525672465,27.636858987452406],[84.58817155683089,27.63663498344029],[84.58832505064119,27.636546269535035],[84.58877928079235,27.636408853085012],[84.58920969030446,27.63632807750234],[84.58980960043293,27.636309758291237],[84.59057113250664,27.636525381944995],[84.59108325966,27.636561578811904],[84.59177257709074,27.636432226564434],[84.59220692542361,27.63625661123252],[84.59232234180524,27.63603267015542],[84.59232784399913,27.635881375270504],[84.59231452508102,27.63565124541747],[84.5922191141029,27.635344655354608],[84.59186879311137,27.634418509805734],[84.59080395761274,27.633287742148955],[84.59076125445877,27.633242854411847],[84.59078613846411,27.633152453049366],[84.59098189787333,27.63303873126065],[84.59087898380078,27.632637488524576],[84.59096614030176,27.632465500015574],[84.59107386745335,27.632352154531123],[84.59141830690308,27.632183666807755],[84.59186947235014,27.63195603617287],[84.59212744290484,27.631862382634367],[84.59251514835948,27.631616934463967],[84.59264350788901,27.631580297855788],[84.59296681496801,27.63137354913531],[84.5932247219023,27.631259577408322],[84.59367688886145,27.63097774323011],[84.59380587373936,27.630941107383634],[84.59412861742773,27.63075236359097],[84.59445104878473,27.630620073608025],[84.59595729159787,27.629733308834755],[84.59630285617534,27.629431656329114],[84.59632505130902,27.629316434987096],[84.5962622146543,27.629181270392476],[84.59569081293773,27.62849081940954],[84.59558533608588,27.62831745612768],[84.59556526607908,27.62812571234515],[84.59565210967054,27.62801249124405],[84.59578115791872,27.62797354206806],[84.59593121280594,27.627957099198397],[84.59676571010176,27.627982855094736],[84.59685124164959,27.62798247944784],[84.59708689109446,27.627965723459234],[84.59717317215171,27.62787050813922],[84.59708889089302,27.62775572409673],[84.5965137394268,27.627426441857953],[84.59613203453165,27.627021823920398],[84.59583723605705,27.626521990381665],[84.59575664148431,27.62591068567127],[84.5958236022685,27.62564404507512],[84.59586899317779,27.625375278265828],[84.59604155674973,27.625187160286657],[84.59610651842027,27.625130455791005],[84.59645120733921,27.62490326330295],[84.5968813661144,27.62467794536047],[84.59718310167523,27.62446900855508],[84.59759256479866,27.62414672510316],[84.59823680279817,27.62390477704652],[84.59881589150598,27.62379386826504],[84.59952434046583,27.62358993155439],[84.59988960005018,27.62342131830358],[84.60008467194129,27.623174432499745],[84.60021678225026,27.62277212628989],[84.60021865634504,27.622544122146987],[84.6001350619725,27.622314241925565],[84.60009498451355,27.62204591338415],[84.60009485894675,27.622027783236952],[84.60003277253061,27.621797840256768],[84.6000125148185,27.62168280704198],[84.60001876424388,27.62097403607364],[84.60010548364367,27.62084274703577],[84.60021346088664,27.620765536539906],[84.60124377897405,27.6204676963002],[84.60195272798195,27.62013059539861],[84.60233912067942,27.620018248541452],[84.6026614894657,27.619867891488028],[84.60371662802285,27.619226762511865],[84.6039750351702,27.618999882246595],[84.60419205169288,27.61871461020442],[84.60458706977225,27.617627227449546],[84.60471767997247,27.61741897842613],[84.60484766463189,27.617210791603075],[84.6049794619634,27.61686712750969],[84.60507130623633,27.61618055067091],[84.60522586125806,27.61560656873848],[84.60544381476177,27.6150368385197],[84.60576755833733,27.614581766588625],[84.60587622215928,27.614296869955236],[84.60600545660581,27.614070616003048],[84.60632920014586,27.61361554366282],[84.60648125504119,27.61327406799152],[84.60661236511486,27.61281755831466],[84.60659466825027,27.61224432759322],[84.60587771111692,27.610902247727097],[84.60581362508601,27.61088217953872]]]}},{"type":"Feature","properties":{"province":"Bagmati Province","district":"Chitwan","municipality":"Khairhani Municipality","ward":"7","wardNumber":7,"sourceMunicipality":"Khairahani","sourceType":"Nagarpalika"},"geometry":{"type":"Polygon","coordinates":[[[84.60508604368465,27.61116076301451],[84.60480731593597,27.61127254707886],[84.60429387626051,27.61143959699094],[84.60395056304013,27.611666790071258],[84.60309343462322,27.612020396514744],[84.60206718006957,27.612239275724992],[84.60095464303309,27.612210270112925],[84.60027213948447,27.61193788025435],[84.60003805243089,27.611765079932646],[84.59952686184845,27.611530324999944],[84.59909932876036,27.611432859972325],[84.59890763186557,27.61135464997592],[84.5986103332707,27.611085133972594],[84.59829346420126,27.610603493418804],[84.5979752210531,27.610315909699757],[84.59774069634385,27.610179245039863],[84.5975502501186,27.60998600114463],[84.59689031637014,27.609541935573674],[84.59650642398458,27.609423963848744],[84.59633642346856,27.609271232319873],[84.59625282855143,27.609041352731325],[84.59629909449284,27.60869581340313],[84.59625795380985,27.608467996061226],[84.59626432898953,27.607779606434395],[84.59622575042187,27.60731928348391],[84.5961437188824,27.60691791608153],[84.5958939361586,27.60617188467],[84.59589518611651,27.605941630065086],[84.59598296674966,27.60565685860762],[84.59602860726216,27.60519847378532],[84.59607237334659,27.605085440634497],[84.59603173156067,27.60472220823974],[84.59588417612164,27.604492641806797],[84.59571473774535,27.604319591281563],[84.5951184543061,27.60404676299622],[84.59469223309502,27.6039470473545],[84.59415891032539,27.603827450598175],[84.59405180856307,27.60382563827246],[84.59371074403231,27.603766184090254],[84.5931992416779,27.603590008519998],[84.59283723286036,27.603413332913878],[84.59260264488792,27.60325860093819],[84.59235017468984,27.602837602162808],[84.59209708014677,27.60241435388044],[84.59205593860352,27.6021842860021],[84.59197234508238,27.60195440614277],[84.59182416405386,27.60172477644849],[84.5917196863028,27.60137992560007],[84.59125507479601,27.600632582769595],[84.59112952720459,27.60034418555611],[84.59081215782433,27.59988511395847],[84.59045339814344,27.599250116356792],[84.59011527111271,27.59879116956251],[84.58983941815919,27.598501147062144],[84.5896912375524,27.598271580780015],[84.58928908735442,27.597808320186964],[84.58911846156113,27.59775042856239],[84.58869111558917,27.597804133322573],[84.58809220778706,27.597969120595877],[84.58697742013844,27.598208631925726],[84.5866350440676,27.598262023004917],[84.58620632318676,27.598279592623516],[84.58534906872713,27.59846377381852],[84.58466175280635,27.598687904268896],[84.58401882722393,27.598796687877474],[84.58234733497855,27.599049766735643],[84.58230438157901,27.59907027227842],[84.58213294325932,27.599107096687415],[84.58134596400473,27.5991713675822],[84.58041962189135,27.599245204036137],[84.57999083868593,27.599357613227795],[84.57939017896736,27.599563300229676],[84.57844695623642,27.599786180593338],[84.57836042402398,27.599842948212178],[84.57767385831032,27.600087334223222],[84.57735130187446,27.60029408319655],[84.57696297239238,27.60065456482948],[84.57655338371528,27.600938400025765],[84.57586731867913,27.60116246756308],[84.57475378148158,27.601289007772465],[84.57449662334749,27.601285569405345],[84.57330143060517,27.60104900332105],[84.57278942802729,27.60089083336321],[84.57210642478465,27.600733413308507],[84.57099876352201,27.600401694138498],[84.57025511185945,27.600032337419993],[84.56974498472574,27.599743316219467],[84.56951221074051,27.599568203476373],[84.5693420223084,27.599489867970814],[84.5688303326344,27.59937239726364],[84.56823223643036,27.59935001733087],[84.56780432761917,27.59940365936688],[84.56737567008372,27.59953407335777],[84.56583128734935,27.60013406679525],[84.56531684702526,27.600244475473993],[84.56480347040369,27.60029849290479],[84.56369330917538,27.600214970894367],[84.56326715090448,27.600115192260546],[84.56284130519775,27.59995883551743],[84.56228809997587,27.599782847641144],[84.56224414633627,27.59985974513855],[84.56217587205605,27.600259550789286],[84.56195423069148,27.601023338247238],[84.5618345028782,27.602244947207705],[84.56178386133752,27.602989978904567],[84.56180493190881,27.6030282404736],[84.56195111242172,27.60337296606712],[84.56216112775184,27.603681368956444],[84.56224459784507,27.60391124803494],[84.5625581527353,27.604523927331414],[84.56280837279618,27.60513904491579],[84.56291103635296,27.60552009431771],[84.56295061516194,27.605826934377525],[84.56321877983434,27.606746703991455],[84.56323422506239,27.607281548396458],[84.56318914655576,27.60750974113377],[84.56307960654085,27.607758438945954],[84.56299201258524,27.60796875161119],[84.56328812270198,27.608276716067305],[84.5634363659416,27.608411567494155],[84.56373060090648,27.608832440306042],[84.56392098469576,27.609025746939473],[84.56417389230582,27.60942873957924],[84.5645554720508,27.609833482368092],[84.56485102084525,27.6102746737554],[84.56538071846347,27.610793888187057],[84.56561455574027,27.610930615290634],[84.5660621588389,27.611125171152302],[84.56642379429714,27.611356175059825],[84.56661542789432,27.611434323014205],[84.56695561720683,27.611665452224226],[84.56712630545218,27.611723406729077],[84.5682966160576,27.612382222146824],[84.5685949138974,27.612498380624626],[84.56902275983755,27.612541704269354],[84.56936569887645,27.612465806384087],[84.56987882650043,27.61247049402089],[84.57030667255556,27.61251162973944],[84.57039264202888,27.612475119139727],[84.57058508848078,27.612456299824117],[84.57094753531273,27.612592464339823],[84.57124620834428,27.612652168360846],[84.57150280355079,27.612653355881754],[84.5716742422871,27.61261653175844],[84.57208251788609,27.612429788356472],[84.57227565182531,27.612410906976418],[84.57253174644028,27.612450480584585],[84.5731495382815,27.612723309322845],[84.57374807326273,27.612824650049404],[84.57400335516358,27.61294087060825],[84.57428058282078,27.613018830305176],[84.57504918080123,27.613175874360763],[84.57539149544857,27.61321732391902],[84.57556299552151,27.61318050016037],[84.57582321631787,27.612782194678626],[84.5758881775602,27.612743495756096],[84.57597370899998,27.6127431827699],[84.57646370364532,27.61291942083664],[84.57661288426691,27.61297750021405],[84.5766971027167,27.61311260145473],[84.57676418979402,27.612845960487647],[84.57685134665066,27.61267403536448],[84.57685953343842,27.61181409465859],[84.57699401872205,27.61112732984989],[84.57721328590576,27.610555411070646],[84.57829430696633,27.609282409099833],[84.57844636249914,27.609053779676604],[84.57898599799697,27.608561758228944],[84.57935319516429,27.6081629529772],[84.57963329782791,27.607936072547986],[84.57984987717548,27.60768912428345],[84.57993572144977,27.607632357721087],[84.58021707373294,27.607290381771122],[84.58056195051539,27.60698654160786],[84.58095153059463,27.60651083746689],[84.5813456130806,27.60616611041258],[84.58136136882752,27.606152481755142],[84.58216253744028,27.605165001738754],[84.58238055397338,27.604708179074567],[84.58257668719921,27.60430781146037],[84.58266390624168,27.60415626664634],[84.582748688343,27.604250668433007],[84.58300497115651,27.604330879588673],[84.58319704219295,27.60435038439636],[84.5837752559619,27.604336628425827],[84.58428969612906,27.604244162981278],[84.5847389252646,27.60424903808778],[84.58512381744232,27.604328685166784],[84.58608373692843,27.60462258141808],[84.58646856700751,27.604681847981123],[84.58678899820318,27.60477981328287],[84.58781194109653,27.605247198018205],[84.58811005160524,27.60544006645868],[84.58832200596859,27.605633247556288],[84.5886185544594,27.60599991657137],[84.58863631301269,27.606363210840403],[84.58829143580822,27.606664863389877],[84.58818320889216,27.606798528226122],[84.58794305878054,27.607255475426683],[84.58778906620428,27.607712046954592],[84.58780582387949,27.608246891573472],[84.5878884812009,27.608553544091908],[84.5878631607934,27.609011803918836],[84.58779663694926,27.609242309865092],[84.58749296286035,27.609679251262158],[84.58701691408805,27.61020940862449],[84.58692944431345,27.610437726119798],[84.58686460823868,27.610514748690083],[84.58673212324318,27.610971258340975],[84.58672937325323,27.611278223297642],[84.5872146808946,27.612007498581686],[84.5875723781241,27.612678569617962],[84.58788993450479,27.613063181780692],[84.5880581850706,27.613371709891318],[84.58861051575423,27.61383428167412],[84.58888555673671,27.61419876314471],[84.58901222985556,27.61443070625293],[84.58941644291497,27.614681778237102],[84.58986504638354,27.614799499604604],[84.59024912646584,27.6148587655929],[84.5907633786696,27.614825004190724],[84.59108543555281,27.614751419818255],[84.59117146759523,27.61471490878588],[84.59188322830082,27.61408891019303],[84.59216458141053,27.613767190036448],[84.59261787338919,27.61334994110228],[84.59287615606532,27.61319989583726],[84.59321965787402,27.613105867416746],[84.59334764248021,27.613107555450412],[84.59373247281556,27.613166884475024],[84.59420214713711,27.613322866433055],[84.59492591680147,27.613750802428513],[84.59505283861293,27.61390378414321],[84.59534519953424,27.614669946551675],[84.59547193504896,27.61490182643766],[84.59564149892593,27.61509294469954],[84.59587352358234,27.615477869511402],[84.59602239090025,27.6155924032799],[84.59640553357325,27.615807402305073],[84.59691847422404,27.615886487012734],[84.59783843984282,27.615914117471707],[84.59798880766232,27.61583896982543],[84.5981195431239,27.61564878929843],[84.5981632460089,27.615533505140174],[84.59816999626946,27.61478866130999],[84.59840802066392,27.614523519826463],[84.59879435084463,27.614390917292443],[84.59924351695263,27.61439579217564],[84.5995854562195,27.614493570016993],[84.60018499067998,27.614420984686234],[84.6003359212181,27.614327832279184],[84.60065972766591,27.614005861190975],[84.60081253353542,27.61368251628068],[84.60096471337216,27.613471890940048],[84.60165427964027,27.612961051553004],[84.60216953193094,27.61277374563167],[84.602511158917,27.612815131179893],[84.60289623903674,27.61279993812379],[84.60325949802626,27.612728354306988],[84.60379507107378,27.612540984425145],[84.60411643873496,27.61235449165481],[84.60443861944236,27.61207090745296],[84.60497731725653,27.611427529609735],[84.60508604368465,27.61116076301451]]]}},{"type":"Feature","properties":{"province":"Bagmati Province","district":"Chitwan","municipality":"Khairhani Municipality","ward":"8","wardNumber":8,"sourceMunicipality":"Khairahani","sourceType":"Nagarpalika"},"geometry":{"type":"Polygon","coordinates":[[[84.57718505056273,27.618179964601133],[84.57684042451784,27.618425162486226],[84.57649623440642,27.618634225320978],[84.57606826364793,27.618687929849813],[84.57572651193756,27.618628413195577],[84.57534036902734,27.6186819295225],[84.57527590858484,27.618720566525734],[84.57499505580962,27.619042286037974],[84.57482274233475,27.619155820182037],[84.57465124083973,27.61919264400962],[84.57396723725833,27.61911193487086],[84.57345692251029,27.61880265768397],[84.57328629689219,27.61876270895698],[84.5729436703068,27.618779964425798],[84.57249150381318,27.619063924527076],[84.57227704913551,27.61911900351822],[84.57200057167037,27.618944077766347],[84.57178936769478,27.61865605673256],[84.57164381148056,27.61819623403835],[84.57126360649099,27.617696713758246],[84.57094742592686,27.617199193140287],[84.57071296356305,27.61706246620844],[84.57003064688833,27.616810268310985],[84.56979512256298,27.61684509213817],[84.5696658883287,27.616960750899718],[84.56914657246998,27.61760612954764],[84.56884408682082,27.61790984479477],[84.56867171086847,27.618023378847706],[84.56850033506956,27.61807827025193],[84.56807205152325,27.61807552053412],[84.56781583093901,27.618015628257346],[84.56758024371874,27.618034634528716],[84.56751578341913,27.61807102079524],[84.56732089964238,27.618356229676845],[84.56708068683491,27.61883337138588],[84.56677882595149,27.619137148229285],[84.56660651283457,27.619250682191943],[84.56624106535435,27.61940116500884],[84.5656410931192,27.61950969865411],[84.56504149649105,27.619564091392547],[84.56469849484162,27.61965574347381],[84.56435461825909,27.61980616391798],[84.56399023368118,27.619900192969176],[84.56345559780216,27.619895568010953],[84.56260078073042,27.619756841757958],[84.56242971771937,27.61975527908528],[84.56230092073285,27.619830301627328],[84.56223514621244,27.619981783535334],[84.56223227140062,27.62028874888401],[84.56229429571226,27.620518753315867],[84.5623712012686,27.62143483491331],[84.56230549018508,27.621588568245787],[84.56239014696138,27.62166496488504],[84.56243278760155,27.621703163719427],[84.56266637547228,27.6219166013691],[84.56330111243543,27.622647627138523],[84.56381074021516,27.62306987480104],[84.56444885283533,27.62345773675043],[84.56521388749427,27.624016586605855],[84.56559778014774,27.62413468239443],[84.56617549400222,27.62411880136342],[84.56655938667421,27.62423683488677],[84.56690051376191,27.624411448337472],[84.56706976465018,27.624566493122312],[84.56721594492315,27.625006059930662],[84.56732210916196,27.62508464484038],[84.56764197851403,27.62518260986713],[84.56783448670734,27.625184048111052],[84.56802680794172,27.625241939358187],[84.56854006148644,27.625264694698917],[84.56911652485256,27.6253638476049],[84.56943764361576,27.625346716177198],[84.5699505216694,27.625407858202816],[84.5702485698192,27.625582658103912],[84.57041757052315,27.625794157640126],[84.57056631328837,27.625890560487797],[84.57069461066394,27.62594870238627],[84.57105774560256,27.625969770494304],[84.57129214546819,27.626106497618192],[84.57141900582279,27.626241411043615],[84.5715025993482,27.626471291034175],[84.5716502176427,27.626721239788605],[84.57171336636472,27.626797698770243],[84.57192632067829,27.626932238352428],[84.57224625172968,27.627050522413903],[84.57263089488288,27.627071527086255],[84.5727591297078,27.627111601571272],[84.57295213836024,27.62707471519106],[84.57323299124525,27.62675074370208],[84.57363926714726,27.62677393731926],[84.57376712740073,27.62687046488511],[84.57382933809951,27.62702363523586],[84.57387072850496,27.627176992227607],[84.57386872863742,27.627404934711656],[84.57395276076936,27.627596428184848],[84.57420654281049,27.627904642669062],[84.5745260995183,27.628079318516654],[84.57491092921155,27.628120641557732],[84.57542411967648,27.62812301620841],[84.57612881826262,27.628282561452156],[84.57681332213413,27.628324884822188],[84.57691954907426,27.62840115613771],[84.57692117439993,27.628229606310335],[84.5769035414199,27.627771471601033],[84.57701420619185,27.627371541458185],[84.57700244803591,27.626337862160074],[84.57709972974001,27.625077991665453],[84.57725572280515,27.624391165004248],[84.57756389646671,27.623475769857468],[84.57761022502157,27.623132481821287],[84.5776336072847,27.622884095456488],[84.5776243538892,27.6228073859316],[84.577657240352,27.62267409657674],[84.57770219438929,27.62244596722108],[84.57783317912659,27.622158756913425],[84.57820175173653,27.62164710562036],[84.57839544805044,27.621495060398342],[84.57871531648675,27.621611093669046],[84.57910052126438,27.621614031495458],[84.57931666378201,27.62138740165021],[84.57931772578647,27.621233856559133],[84.57866023018134,27.620656563526172],[84.57857626131626,27.62046506977537],[84.57862196488199,27.620119593642265],[84.57875382416024,27.61977817976032],[84.57883998135802,27.61966264609936],[84.57890625526076,27.61949090749023],[84.57890694279467,27.61937806193381],[84.57880246521782,27.619148244845295],[84.5784432053213,27.61866672905833],[84.57816672781946,27.618491866238504],[84.57761189621411,27.61827974249983],[84.57727058284297,27.6181795893723],[84.57718505056273,27.618179964601133]]]}},{"type":"Feature","properties":{"province":"Bagmati Province","district":"Chitwan","municipality":"Khairhani Municipality","ward":"6","wardNumber":6,"sourceMunicipality":"Khairahani","sourceType":"Nagarpalika"},"geometry":{"type":"Polygon","coordinates":[[[84.56230549018508,27.621588568245787],[84.5623712012686,27.62143483491331],[84.56229429571226,27.620518753315867],[84.56223227140062,27.62028874888401],[84.56223514621244,27.619981783535334],[84.56230092073285,27.619830301627328],[84.56242971771937,27.61975527908528],[84.56260078073042,27.619756841757958],[84.56345559780216,27.619895568010953],[84.56399023368118,27.619900192969176],[84.56435461825909,27.61980616391798],[84.56469849484162,27.61965574347381],[84.56504149649105,27.619564091392547],[84.5656410931192,27.61950969865411],[84.56624106535435,27.61940116500884],[84.56660651283457,27.619250682191943],[84.56677882595149,27.619137148229285],[84.56708068683491,27.61883337138588],[84.56732089964238,27.618356229676845],[84.56751578341913,27.61807102079524],[84.56758024371874,27.618034634528716],[84.56781583093901,27.618015628257346],[84.56807205152325,27.61807552053412],[84.56850033506956,27.61807827025193],[84.56867171086847,27.618023378847706],[84.56884408682082,27.61790984479477],[84.56914657246998,27.61760612954764],[84.5696658883287,27.616960750899718],[84.56979512256298,27.61684509213817],[84.57003064688833,27.616810268310985],[84.57071296356305,27.61706246620844],[84.57094742592686,27.617199193140287],[84.57126360649099,27.617696713758246],[84.57164381148056,27.61819623403835],[84.57178936769478,27.61865605673256],[84.57200057167037,27.618944077766347],[84.57227704913551,27.61911900351822],[84.57249150381318,27.619063924527076],[84.5729436703068,27.618779964425798],[84.57328629689219,27.61876270895698],[84.57345692251029,27.61880265768397],[84.57396723725833,27.61911193487086],[84.57465124083973,27.61919264400962],[84.57482274233475,27.619155820182037],[84.57499505580962,27.619042286037974],[84.57527590858484,27.618720566525734],[84.57534036902734,27.6186819295225],[84.57572651193756,27.618628413195577],[84.57606826364793,27.618687929849813],[84.57649623440642,27.618634225320978],[84.57684042451784,27.618425162486226],[84.57718505056273,27.618179964601133],[84.57712346495701,27.617911636261365],[84.57712540221387,27.617683631466726],[84.57702573773908,27.616936974425606],[84.57681984603259,27.616075597475596],[84.57682634632134,27.61538720757694],[84.57678851819281,27.614814039240635],[84.57674637665482,27.614755521689272],[84.57666934547487,27.613839503153887],[84.5765861258617,27.613550918293576],[84.57663114160546,27.613322788749844],[84.5766971027167,27.61311260145473],[84.57661288426691,27.61297750021405],[84.57646370364532,27.61291942083664],[84.57597370899998,27.6127431827699],[84.5758881775602,27.612743495756096],[84.57582321631787,27.612782194678626],[84.57556299552151,27.61318050016037],[84.57539149544857,27.61321732391902],[84.57504918080123,27.613175874360763],[84.57428058282078,27.613018830305176],[84.57400335516358,27.61294087060825],[84.57374807326273,27.612824650049404],[84.5731495382815,27.612723309322845],[84.57253174644028,27.612450480584585],[84.57227565182531,27.612410906976418],[84.57208251788609,27.612429788356472],[84.5716742422871,27.61261653175844],[84.57150280355079,27.612653355881754],[84.57124620834428,27.612652168360846],[84.57094753531273,27.612592464339823],[84.57058508848078,27.612456299824117],[84.57039264202888,27.612475119139727],[84.57030667255556,27.61251162973944],[84.56987882650043,27.61247049402089],[84.56936569887645,27.612465806384087],[84.56902275983755,27.612541704269354],[84.5685949138974,27.612498380624626],[84.5682966160576,27.612382222146824],[84.56712630545218,27.611723406729077],[84.56695561720683,27.611665452224226],[84.56661542789432,27.611434323014205],[84.56642379429714,27.611356175059825],[84.5660621588389,27.611125171152302],[84.56561455574027,27.610930615290634],[84.56538071846347,27.610793888187057],[84.56485102084525,27.6102746737554],[84.5645554720508,27.609833482368092],[84.56417389230582,27.60942873957924],[84.56392098469576,27.609025746939473],[84.56373060090648,27.608832440306042],[84.5634363659416,27.608411567494155],[84.56328812270198,27.608276716067305],[84.56299201258524,27.60796875161119],[84.56286359010774,27.608005387148744],[84.56284214466737,27.60802351768082],[84.56264869771834,27.6080987901633],[84.56226336804066,27.608190630837772],[84.56196350711231,27.608266341440558],[84.5615342867139,27.608435079897685],[84.56050528169746,27.60875298842431],[84.55938937064906,27.609184117523007],[84.5583586155889,27.609653258106665],[84.55758657976223,27.609933968184638],[84.5571581716097,27.610025995611068],[84.5569863586004,27.61012146164933],[84.55645022326156,27.610326773922242],[84.55638457405855,27.61048050626669],[84.55638176156002,27.610708511385084],[84.5564440980559,27.61086174391004],[84.55652494162455,27.611321878680993],[84.55667068461568,27.611704990909466],[84.5567754739952,27.611878353506444],[84.55687770036583,27.612300040258038],[84.5571098494673,27.612606067088475],[84.55712954551457,27.612741418842916],[84.55710709976573,27.612816003385],[84.55704270075202,27.612854577564004],[84.55678654347518,27.612815004463915],[84.55642359622931,27.612811941828014],[84.55563205371286,27.612882839624994],[84.55535320120532,27.612976429849194],[84.55498719116189,27.613260139771935],[84.55434176649092,27.613655444507042],[84.55408473390709,27.61369258140377],[84.55357266860403,27.61364950747967],[84.55314463587645,27.61368508202019],[84.55297413479778,27.61366545127714],[84.55271666471131,27.613740974277736],[84.55252390562258,27.613834252477094],[84.55224374092042,27.614043063781384],[84.55206911430695,27.614346215846936],[84.55204648151748,27.614499761680516],[84.55206580216847,27.61469156745199],[84.55215008379255,27.614824356104],[84.55246832679947,27.614999156839946],[84.55259518687554,27.615152201724626],[84.55263595248712,27.615325752931806],[84.55280495318353,27.615537252197882],[84.55333546288327,27.615846591344773],[84.55386747340236,27.61607922089983],[84.55405779406733,27.616252271557602],[84.55405604365929,27.616405753801466],[84.55392462178646,27.616729037000766],[84.55357911977494,27.617053195750735],[84.55308456223014,27.617355347669378],[84.55310482059073,27.6174681312651],[84.5530606165149,27.617621801432488],[84.55269229496035,27.618076935512697],[84.55243107406145,27.618533883207032],[84.55236442562669,27.618762137808012],[84.55237980824995,27.619299296382405],[84.5525058551378,27.619547055737087],[84.55275926289481,27.619798817098218],[84.55309913852702,27.61999156014332],[84.55380346303878,27.620207683954852],[84.55425175381748,27.62028714399399],[84.55476381948512,27.62044312568189],[84.55514858636423,27.620484450045968],[84.55540424387272,27.620562409368578],[84.55591718436564,27.62064386938206],[84.55662150870019,27.620857680140105],[84.5568140796491,27.620859180456595],[84.55694162685869,27.620899316750062],[84.55751790319715,27.621093309697123],[84.55796494439653,27.621308246930575],[84.55822066455009,27.621386207078828],[84.55866745606129,27.621657472817514],[84.55885915235474,27.621735682443823],[84.55909486497704,27.621736995181692],[84.55935195935126,27.621720176884494],[84.5594805073746,27.621701608834808],[84.55978005547617,27.62168460252533],[84.5603796525756,27.621612205446777],[84.56089334236898,27.62159657453272],[84.56187858169686,27.621488727293045],[84.56230549018508,27.621588568245787]]]}},{"type":"Feature","properties":{"province":"Bagmati Province","district":"Chitwan","municipality":"Khairhani Municipality","ward":"5","wardNumber":5,"sourceMunicipality":"Khairahani","sourceType":"Nagarpalika"},"geometry":{"type":"Polygon","coordinates":[[[84.56299201258524,27.60796875161119],[84.56307960654085,27.607758438945954],[84.56318914655576,27.60750974113377],[84.56323422506239,27.607281548396458],[84.56321877983434,27.606746703991455],[84.56295061516194,27.605826934377525],[84.56291103635296,27.60552009431771],[84.56280837279618,27.60513904491579],[84.5625581527353,27.604523927331414],[84.56224459784507,27.60391124803494],[84.56216112775184,27.603681368956444],[84.56195111242172,27.60337296606712],[84.56180493190881,27.6030282404736],[84.56178386133752,27.602989978904567],[84.5618345028782,27.602244947207705],[84.56195423069148,27.601023338247238],[84.56217587205605,27.600259550789286],[84.56224414633627,27.59985974513855],[84.56228809997587,27.599782847641144],[84.56218199817397,27.599724580952454],[84.56177847291066,27.599473445778987],[84.56148236240226,27.599165417828814],[84.56127497097205,27.59861100625829],[84.56116968202784,27.5984557109094],[84.56104238384636,27.59834111449948],[84.5608727579902,27.59822439373618],[84.56070213293195,27.598186757441347],[84.56019231809415,27.597951814735396],[84.55985156712137,27.59783584452601],[84.55934231440754,27.59746773742296],[84.5591753764334,27.59714339291479],[84.55913392311075,27.59696971689478],[84.55913579852452,27.596836552152386],[84.55905157996457,27.596721768819066],[84.55886244636983,27.59639529803877],[84.55873658623506,27.596183611221793],[84.55854632803582,27.596010561427953],[84.55803726343044,27.595662773283],[84.55786707517963,27.595584500250865],[84.55729492442981,27.595160189867077],[84.55712548635297,27.594987076722532],[84.55691321963123,27.594832218837887],[84.5562801082091,27.594139579840668],[84.55611110679823,27.593910012629674],[84.55598624709523,27.593641934025747],[84.55579630131555,27.593410179055898],[84.55552101090296,27.593199117599312],[84.55518069718329,27.593042510555513],[84.55458447641733,27.592866647726645],[84.55304990661415,27.59251154755027],[84.5527082802476,27.59247009790649],[84.55253827965238,27.592412081731545],[84.55194118404522,27.592312866680444],[84.55151365052978,27.59230780376363],[84.55125799272055,27.592229843453875],[84.55083146033888,27.592170577780795],[84.54989236218975,27.592086305266815],[84.54929445343726,27.59208199322541],[84.54895195206232,27.592117129436527],[84.54884403664359,27.592194276728872],[84.54875738018134,27.592345884492122],[84.54871398919785,27.592402463496025],[84.5488776770909,27.593092478551853],[84.54891281730279,27.59378080523126],[84.54884323094207,27.594313712626345],[84.54866691681329,27.594772597894135],[84.54866404192691,27.59507731186861],[84.54880884721658,27.595537197024235],[84.54895483989888,27.595843598817055],[84.54901586281167,27.596150314352894],[84.5489491518844,27.59636050146642],[84.54884042458058,27.59653023921758],[84.54866773570699,27.596702414667824],[84.54832367184697,27.59692954478511],[84.5481522965981,27.596984373961455],[84.54772351254665,27.597114726153585],[84.54742321480033,27.597228760561517],[84.5470790251443,27.597435571489395],[84.54692915800771,27.59749252602624],[84.54699230633261,27.597569048405276],[84.54707558818443,27.597760541920678],[84.54728266638953,27.598391727296367],[84.54734531446009,27.598506573458017],[84.54742815911048,27.598736515927374],[84.54749012004501,27.59896645796975],[84.54746592387718,27.599196776355537],[84.54729279816407,27.59940515032204],[84.54701413321474,27.59953712707327],[84.54680011614414,27.59955388258743],[84.5465440210706,27.59951418425938],[84.54635101269685,27.599551070638167],[84.54626573091002,27.59958976931186],[84.5460267063454,27.599931495238014],[84.54555378196551,27.60023358557565],[84.54527436657477,27.600345306591798],[84.54508242026742,27.600343806369747],[84.54437459654443,27.600549681071357],[84.54398851741395,27.600718231657268],[84.5436859683289,27.601021884260575],[84.54357724156722,27.601193872302847],[84.5434458814305,27.60153522284366],[84.54320654374193,27.601935654210866],[84.5430766214605,27.602049063059138],[84.54262514248938,27.60233296001636],[84.54241068784071,27.602387914243355],[84.54168154418029,27.602632300142922],[84.54116685435,27.602819418980634],[84.54090863396607,27.602989719421636],[84.5400711998308,27.603365394582454],[84.53987750436126,27.60351512620792],[84.53966398840362,27.603640101402178],[84.53949029865534,27.603742319136664],[84.53912341461256,27.604102675698172],[84.53908008559074,27.604179573499056],[84.53867056063973,27.60449941855968],[84.53839076955528,27.604669782159064],[84.53813336242214,27.604745242626173],[84.53768125793616,27.605047207269514],[84.53716569325327,27.60530878562161],[84.53665150382776,27.605477836315686],[84.53574998355394,27.605833443055403],[84.53568595934337,27.605833692989794],[84.5349138000646,27.606093959458367],[84.53446319638982,27.606301083424352],[84.53420485136313,27.606451066188395],[84.53388179454718,27.606716394398486],[84.53336529177123,27.60705699615931],[84.5331920411645,27.60724498961856],[84.53310607170576,27.607283688344257],[84.53293332065792,27.607453676005683],[84.53252423243707,27.607737322768482],[84.53155831367344,27.608149571828147],[84.53089269346185,27.608450099183113],[84.53072088021246,27.6085433146578],[84.53059145765421,27.608638592698693],[84.53063403538442,27.608658723300493],[84.53069718435972,27.608753313451096],[84.53082310713073,27.60898531864859],[84.53094359063799,27.609673271096682],[84.53082911357855,27.610359848111848],[84.53063085420943,27.610893254740073],[84.53062791668052,27.611200283294753],[84.53077303386095,27.611601463030624],[84.53094184718937,27.61181296226838],[84.5311541762063,27.61194987652528],[84.53179303858461,27.61214599589561],[84.53249804907327,27.612131989505002],[84.53294790334049,27.612021956212757],[84.53333479521018,27.611853405799963],[84.53357094558564,27.611701298355495],[84.53380922025656,27.611454349768056],[84.53389456408969,27.611417901087677],[84.53454173953673,27.610848857373853],[84.53467122477743,27.61077389747749],[84.53505655435346,27.61068211957059],[84.53544119668155,27.610703187461873],[84.53552629063866,27.610743449479312],[84.53563195557525,27.610858170214588],[84.53579858085524,27.61124128201689],[84.53579676845415,27.61139476464722],[84.53560113400975,27.611679911238838],[84.53547196136216,27.61181357616026],[84.5353619223421,27.612116415060107],[84.53540081196076,27.612423255316717],[84.53550616475032,27.61259661857958],[84.53639543382354,27.61334933735825],[84.53669141866008,27.613637108761328],[84.5371373977614,27.613890432014127],[84.5374565787031,27.614006527797795],[84.53764921175146,27.61400802842159],[84.53797064320683,27.613934568493892],[84.53822661365678,27.61393806892757],[84.5389988979033,27.613695807626577],[84.5395122132458,27.61360352986014],[84.53966401937173,27.613557828612485],[84.54054134287152,27.613285745815865],[84.54105434550746,27.613270240160894],[84.54169327012687,27.613466358548944],[84.54260635985369,27.6140269584032],[84.5429260415279,27.614107044277215],[84.54335363703603,27.61410979414196],[84.54361148206094,27.613977941678847],[84.54382762421302,27.613751374372868],[84.5439363507673,27.613579448610704],[84.54402525783304,27.61323597285021],[84.5440278833376,27.613005780044595],[84.54384100002548,27.612489629184257],[84.54384531286668,27.612087823426112],[84.54386757032692,27.611972664455187],[84.54402075153206,27.611687642841854],[84.54419337679309,27.611497336323122],[84.54451612060302,27.611308842547736],[84.54477296622895,27.611235507625093],[84.54567186011614,27.61110784316256],[84.54586530700854,27.611032570723392],[84.54676245144363,27.61105838880654],[84.547146156896,27.611156166544987],[84.54740143851443,27.611272512257756],[84.54761314270122,27.611427432406863],[84.54773987801656,27.61156234618606],[84.54792982380582,27.61179410150123],[84.54811708238825,27.6122537988319],[84.54804868289717,27.612635535765364],[84.54743952324357,27.61370103808722],[84.54737287395429,27.613929230941658],[84.5473693118797,27.61423619579881],[84.54745309327679,27.614389365525554],[84.54751674134432,27.61444556971939],[84.54755919462522,27.614465700062865],[84.54781541480915,27.614505335978155],[84.54822006566035,27.614605301793077],[84.54890238079977,27.614742466007684],[84.54909495153584,27.614744028617586],[84.54945708643162,27.614823800691486],[84.54975457160305,27.61501673163826],[84.5498602991282,27.61513370353478],[84.55002692437864,27.615516753192413],[84.55002423630603,27.615744694467733],[84.55010689305564,27.6160513476941],[84.5502317527771,27.61631942610371],[84.55048659771003,27.616474158119676],[84.55138117996378,27.616750487305946],[84.55306392970738,27.617278700750138],[84.55308456223014,27.617355347669378],[84.55357911977494,27.617053195750735],[84.55392462178646,27.616729037000766],[84.55405604365929,27.616405753801466],[84.55405779406733,27.616252271557602],[84.55386747340236,27.61607922089983],[84.55333546288327,27.615846591344773],[84.55280495318353,27.615537252197882],[84.55263595248712,27.615325752931806],[84.55259518687554,27.615152201724626],[84.55246832679947,27.614999156839946],[84.55215008379255,27.614824356104],[84.55206580216847,27.61469156745199],[84.55204648151748,27.614499761680516],[84.55206911430695,27.614346215846936],[84.55224374092042,27.614043063781384],[84.55252390562258,27.613834252477094],[84.55271666471131,27.613740974277736],[84.55297413479778,27.61366545127714],[84.55314463587645,27.61368508202019],[84.55357266860403,27.61364950747967],[84.55408473390709,27.61369258140377],[84.55434176649092,27.613655444507042],[84.55498719116189,27.613260139771935],[84.55535320120532,27.612976429849194],[84.55563205371286,27.612882839624994],[84.55642359622931,27.612811941828014],[84.55678654347518,27.612815004463915],[84.55704270075202,27.612854577564004],[84.55710709976573,27.612816003385],[84.55712954551457,27.612741418842916],[84.5571098494673,27.612606067088475],[84.55687770036583,27.612300040258038],[84.5567754739952,27.611878353506444],[84.55667068461568,27.611704990909466],[84.55652494162455,27.611321878680993],[84.5564440980559,27.61086174391004],[84.55638176156002,27.610708511385084],[84.55638457405855,27.61048050626669],[84.55645022326156,27.610326773922242],[84.5569863586004,27.61012146164933],[84.5571581716097,27.610025995611068],[84.55758657976223,27.609933968184638],[84.5583586155889,27.609653258106665],[84.55938937064906,27.609184117523007],[84.56050528169746,27.60875298842431],[84.5615342867139,27.608435079897685],[84.56196350711231,27.608266341440558],[84.56226336804066,27.608190630837772],[84.56264869771834,27.6080987901633],[84.56284214466737,27.60802351768082],[84.56286359010774,27.608005387148744],[84.56299201258524,27.60796875161119]]]}},{"type":"Feature","properties":{"province":"Bagmati Province","district":"Chitwan","municipality":"Khairhani Municipality","ward":"13","wardNumber":13,"sourceMunicipality":"Khairahani","sourceType":"Nagarpalika"},"geometry":{"type":"Polygon","coordinates":[[[84.54692915800771,27.59749252602624],[84.5470790251443,27.597435571489395],[84.54742321480033,27.597228760561517],[84.54772351254665,27.597114726153585],[84.5481522965981,27.596984373961455],[84.54832367184697,27.59692954478511],[84.54866773570699,27.596702414667824],[84.54884042458058,27.59653023921758],[84.5489491518844,27.59636050146642],[84.54901586281167,27.596150314352894],[84.54895483989888,27.595843598817055],[84.54880884721658,27.595537197024235],[84.54866404192691,27.59507731186861],[84.54866691681329,27.594772597894135],[84.54884323094207,27.594313712626345],[84.54891281730279,27.59378080523126],[84.5488776770909,27.593092478551853],[84.54871398919785,27.592402463496025],[84.54875738018134,27.592345884492122],[84.54865246608522,27.59213413482777],[84.54833884793662,27.591609419347176],[84.5481485270073,27.591289700290965],[84.54802685500513,27.590640134674093],[84.54788242454589,27.590123795707918],[84.54777769775825,27.589950432466654],[84.54773555695488,27.58989191555784],[84.54769372872052,27.58975893912399],[84.54765265011089,27.58964396779029],[84.54740161835295,27.589107811302927],[84.54731908667715,27.588801096723707],[84.54730107883229,27.588494255855647],[84.54735290822687,27.587577736386017],[84.54751171367427,27.586662905092066],[84.5474960183457,27.586051287924],[84.54716170487315,27.58530325617773],[84.54674229689827,27.584517151167205],[84.54665964062723,27.584210561025568],[84.54664313276538,27.58367565403341],[84.54658117194099,27.583445774203874],[84.54637021757165,27.583157627538583],[84.54603102853635,27.582849725214643],[84.54588353576335,27.58259977749728],[84.54584220750132,27.58244648256929],[84.5458893480938,27.58198809738303],[84.54578543416072,27.5816047982359],[84.5457883710409,27.58130008341447],[84.54587759059973,27.580918283724547],[84.54600763768445,27.5806897781693],[84.54613743550189,27.58055836433069],[84.5465021331011,27.580407943991908],[84.54701644760834,27.580297597887036],[84.54729561328584,27.580145240330847],[84.54759716162475,27.5799183605166],[84.5477718492111,27.57951811743999],[84.54777478774365,27.579213402538862],[84.54766943547854,27.579040039507422],[84.54745710627225,27.578885119645086],[84.54732980875194,27.578750204999825],[84.547120104424,27.578349275579214],[84.54707877614649,27.57819598002559],[84.54710347235846,27.577812180211005],[84.54719300350156,27.57735585853234],[84.54717618301626,27.576895473047333],[84.54698561181385,27.576645712865925],[84.54666793113873,27.576319679633116],[84.54639126576325,27.576201145839416],[84.54630648379425,27.576086362674122],[84.54626528058299,27.575953323420386],[84.54628760158667,27.57585848272751],[84.54622626477179,27.575513381745232],[84.54582436493351,27.57503192846302],[84.54544322218862,27.574665509239168],[84.54531767483363,27.57437936292312],[84.54536187857389,27.57422569254582],[84.5454699184221,27.57405376686134],[84.54590201352627,27.573580314762594],[84.54605231910845,27.573505229737403],[84.54680284643521,27.573263031625903],[84.5479637732643,27.572545192569784],[84.5484148149751,27.572338068015274],[84.54875887860563,27.57211312619494],[84.54899552865989,27.571942887865607],[84.54916871680753,27.571752643931276],[84.54931895962497,27.571657240756583],[84.5503530269879,27.57078641918117],[84.55056904320516,27.570539533867745],[84.55061293427647,27.57044450550759],[84.55065744966736,27.57023450647805],[84.55049094916194,27.56973636024265],[84.55040723006773,27.569583190816875],[84.55002633792648,27.569140124146315],[84.54975248521306,27.568698744693037],[84.54965038381536,27.568164150876907],[84.5496573210471,27.567398988763173],[84.54959360934414,27.567322528930507],[84.54951070296282,27.567072330550527],[84.54936327300736,27.56684270048859],[84.54891879403007,27.566343367518922],[84.54881419263135,27.56607291362962],[84.54879649720759,27.565691550821633],[84.5488209425254,27.565386711218594],[84.54890953688856,27.5650049114491],[84.54910454552433,27.56473783282485],[84.54929817936303,27.5645881003399],[84.55004864403611,27.56436390794633],[84.5502853560074,27.564211737626817],[84.55043634811229,27.564023806733225],[84.55054582519226,27.56375704100606],[84.55057052121036,27.56337324085747],[84.55070688109869,27.562535243590712],[84.55090370197186,27.562001836677755],[84.55103412472933,27.56175301334965],[84.55112253110099,27.561447923077957],[84.5510408122838,27.56106456091956],[84.55099873390128,27.561008294304244],[84.55051048963473,27.560621994847022],[84.55025439536863,27.560562165127525],[84.5498921976819,27.56042587565402],[84.54940264168603,27.560154672163243],[84.54885224867905,27.55961514050738],[84.54862041085381,27.55921208503046],[84.54847241792552,27.558867296987376],[84.547788665034,27.55901446662542],[84.54708209216372,27.559141380200316],[84.5463117451417,27.55919408515556],[84.54618338457047,27.55923072187727],[84.54522159172517,27.55922322146285],[84.544258860355,27.559310562061587],[84.54316858218203,27.559303563504415],[84.54214426544267,27.55908412642207],[84.5417597477799,27.55904273978107],[84.54041681221621,27.558668758771574],[84.53966334542058,27.558531783033892],[84.53964808993041,27.558529594433917],[84.5390091035069,27.55837179955247],[84.53824131960987,27.558289027274693],[84.53798484927457,27.5582855265324],[84.53740969872673,27.558109413727152],[84.53677121123418,27.55793130061835],[84.5363879440183,27.55775675044882],[84.53617592807193,27.557640216369137],[84.53581535626638,27.557330126130015],[84.53541164370125,27.557117252477795],[84.53490064160424,27.556979338640183],[84.5346657426068,27.556977963045345],[84.5343655062898,27.557089746716187],[84.53412979521129,27.55718314974107],[84.53350900368663,27.557386461254715],[84.5332310879767,27.557385274350423],[84.53308165783073,27.557383586602196],[84.53218407542197,27.55743441632784],[84.53186295760959,27.55754632457953],[84.53083576571028,27.557766892362185],[84.53019502843235,27.55777845932529],[84.5299391217289,27.557759017132806],[84.5294276820491,27.557657176146805],[84.52904322761376,27.557636045461493],[84.52865927210479,27.557574340540782],[84.52814827062898,27.55743636389167],[84.52733784531137,27.55731533012808],[84.5267405618438,27.557272444456988],[84.52629164582383,27.5572673811204],[84.5256527215121,27.557127592070067],[84.52450054498998,27.55702362663505],[84.52328359439309,27.55701243851568],[84.52311259393326,27.55701081347989],[84.52244997374558,27.557081023165658],[84.5218083000491,27.55715342137769],[84.52101825708975,27.55718349457242],[84.520718834144,27.55720043773338],[84.52005758903066,27.557155488798962],[84.51969470563209,27.557134295377345],[84.51854371631265,27.556894853263486],[84.51790385405972,27.556813706294285],[84.51649727080832,27.556475922665314],[84.51598595612057,27.55639433750457],[84.51579401022359,27.55637470651913],[84.5154950244201,27.556353263898536],[84.51444582489555,27.55660996720713],[84.51410313577838,27.55672181276174],[84.51393188450186,27.556778892329994],[84.51367891700224,27.55685429051977],[84.51384485342658,27.55698689157462],[84.51388680607384,27.557027340502728],[84.514013916345,27.557123994152352],[84.51462814566685,27.557681406009895],[84.51505080342275,27.558162859266456],[84.51530452240331,27.55839442702612],[84.51560188354553,27.558607800896127],[84.51627863560603,27.559264242171867],[84.51661801170832,27.559533883240565],[84.51676531673934,27.55974550794507],[84.51689298927776,27.559842035785323],[84.51718841189704,27.560188574478325],[84.51754848400823,27.560537051077546],[84.51794963342743,27.561018566506828],[84.51852047201743,27.561614490286612],[84.51913207575345,27.562422601245466],[84.51936497470278,27.562654231257923],[84.52063626048599,27.563696722188826],[84.52146456925807,27.56423981732212],[84.5217393588056,27.564509645488453],[84.52226824365107,27.56506743337767],[84.52256379130539,27.565434165319036],[84.52271115914623,27.565663858109385],[84.52279394088407,27.565893800218003],[84.52285340214183,27.566410451824385],[84.52267371340754,27.567383925806855],[84.52256429876037,27.56766875937579],[84.52219591454126,27.568238865345123],[84.52187167000652,27.568637420935175],[84.52139768384768,27.569092868838077],[84.5210300495855,27.569548003088716],[84.5200823890428,27.570418261399027],[84.51951974501891,27.5711584175857],[84.51910972036038,27.571615927874365],[84.51833456029082,27.57227787485164],[84.51803344905689,27.572466367917322],[84.51783975376573,27.5726363561668],[84.51773158858543,27.572788025791684],[84.51759966635852,27.573151882757056],[84.5176409317814,27.573305240235744],[84.51774622088337,27.573476352697625],[84.51795792477608,27.573651653988097],[84.5185103808337,27.573981374762077],[84.51882874845802,27.574212629565583],[84.51931449313305,27.57475253701671],[84.51950400164915,27.57505881383877],[84.5195662750171,27.57523236517403],[84.51960591540384,27.575577528718036],[84.51958190743022,27.57586204972749],[84.51932124963938,27.576318872016245],[84.51888921703113,27.5768126429988],[84.51867401274889,27.576982694103975],[84.51835195599811,27.57717125015381],[84.51768739873405,27.577394879604043],[84.51697913744161,27.577733918465142],[84.5164418151351,27.578074457085645],[84.51601065692044,27.57850946141472],[84.51533841096357,27.579518634061152],[84.51512114477133,27.579916689385975],[84.51503361256337,27.5801472573532],[84.51487993192032,27.580603766765844],[84.51478965045062,27.581062277252997],[84.51478677543871,27.581405377469743],[84.514827165787,27.581635445545363],[84.51491094757631,27.58180893321393],[84.5149724077935,27.582095393061223],[84.51509826821218,27.582327398024407],[84.5154775345389,27.582845111944135],[84.51596427869647,27.583328565267777],[84.51626157684305,27.583521558398363],[84.5165159848436,27.583753126251],[84.5169829704298,27.58406284112096],[84.51791819291333,27.584567174779227],[84.51817378836373,27.584645259523107],[84.51842844513678,27.584781986191746],[84.51876832220782,27.58501317878509],[84.51912783113347,27.58536165492299],[84.51950772328871,27.58588161930286],[84.51973893514312,27.586284799662707],[84.51980114609748,27.58645609999173],[84.51980045790575,27.586571196314733],[84.52000834964969,27.587145989848622],[84.52017247538498,27.58783606754634],[84.52059288316435,27.588604166539035],[84.52090981403427,27.58893251290549],[84.52099409567676,27.589067614780344],[84.52122605653229,27.589373703993754],[84.52194463812386,27.590239957295758],[84.52260025756009,27.590935034324634],[84.5229590799717,27.591396293899503],[84.5230226029099,27.59143442990008],[84.52317415966495,27.591607668382956],[84.52359256636834,27.592089058977223],[84.52386835656118,27.592282177145673],[84.52446370222025,27.592537188121575],[84.52471917190955,27.592594955118322],[84.52489023536928,27.59259651687661],[84.52510275140847,27.592674727697652],[84.52535984717673,27.592657972053157],[84.52587178642885,27.592701170769637],[84.52638610153419,27.59257050613257],[84.52666532932986,27.592420523312985],[84.52698888573688,27.592137127562477],[84.52718439471228,27.591831599500164],[84.52722866103339,27.591680304664603],[84.52722447141389,27.591608095876428],[84.52721071527353,27.59137340181656],[84.5270017618323,27.59085506247434],[84.52695955804982,27.590778478010748],[84.5266644474851,27.59039361598259],[84.5263267586529,27.589970554437244],[84.52624247741872,27.589817384568878],[84.52615794577046,27.58975905571954],[84.52586308531886,27.589297482605833],[84.52541916939086,27.58877776874589],[84.52522959799155,27.58847149130459],[84.52503927774573,27.58827812248549],[84.52470208907299,27.587816675833327],[84.5246186196179,27.58758679527222],[84.52462043259534,27.58743331301482],[84.5247082759447,27.587128222863925],[84.52492560546109,27.586748235977733],[84.52507647378202,27.586652895249195],[84.52548262333853,27.586561054498873],[84.52582375053558,27.586640952368356],[84.5263552599346,27.58693016071045],[84.52684344231315,27.587298455968742],[84.52720463841926,27.587493449743096],[84.52737526462775,27.58753114741867],[84.52780273477934,27.587515954879745],[84.52874502008834,27.587236995003636],[84.52943021082201,27.587089950021912],[84.53019968388861,27.58707800782869],[84.53122331282133,27.587238802333793],[84.53182003400919,27.587396785188332],[84.53224581763494,27.58757114739369],[84.53250147426078,27.587651483194247],[84.53316040736978,27.58798070312409],[84.53358631501045,27.588157379182523],[84.5341812862337,27.5884665306045],[84.53447858400709,27.588661774638016],[84.53471110857662,27.588929477885173],[84.53475268737083,27.589026381768047],[84.5347937648569,27.589256448803006],[84.53481302260485,27.589448192360322],[84.53483290628643,27.58961968091372],[84.53474231152276,27.590134644555285],[84.53471592816592,27.59070806357194],[84.53484047568716,27.59105291387667],[84.53509363311326,27.5913995154044],[84.53533090914856,27.591608514270877],[84.53568647945251,27.591920792018062],[84.53596226882715,27.592113911235533],[84.53615259046897,27.592307280053674],[84.53670417091611,27.592675323733072],[84.5369593276415,27.59279167014374],[84.5376400801243,27.59302604994239],[84.53789617501667,27.593065685476244],[84.53849195909422,27.593282310334857],[84.53921322797639,27.593764762794525],[84.53966383366716,27.594200889597783],[84.53988972968419,27.594418953270726],[84.54048251309946,27.594922224410418],[84.54067202242933,27.59520812044883],[84.54075399089956,27.595514711039293],[84.54066633434613,27.5957250855115],[84.54060056062998,27.59587650457575],[84.5402318626842,27.596372339034577],[84.54020966756711,27.596485122063687],[84.54020791692261,27.596658985512196],[84.54037435454627,27.59702177944695],[84.5404801444642,27.59713868840954],[84.54064814519329,27.597424709958492],[84.54092306001442,27.597694476304593],[84.54149596105223,27.598024009026442],[84.54209236978129,27.598220315092945],[84.5426049967865,27.59826113866347],[84.54286177891973,27.598187990975035],[84.54363131425163,27.598173672879255],[84.54414475354884,27.59811971813881],[84.54440159898691,27.59806451313842],[84.54628642027053,27.597639508826784],[84.54671476595998,27.597547543450194],[84.54692915800771,27.59749252602624]]]}},{"type":"Feature","properties":{"province":"Bagmati Province","district":"Chitwan","municipality":"Khairhani Municipality","ward":"12","wardNumber":12,"sourceMunicipality":"Khairahani","sourceType":"Nagarpalika"},"geometry":{"type":"Polygon","coordinates":[[[84.58376412209788,27.58448779605774],[84.58374373923591,27.584354694301013],[84.58353453515062,27.583951576092105],[84.58332258154655,27.583758332350286],[84.58281270393145,27.58350544709947],[84.5823866082697,27.583405669252798],[84.5817916372865,27.583112522322345],[84.58136835414075,27.582708029198933],[84.58134597057087,27.582667454837587],[84.58124236988718,27.58247833710126],[84.5808419070554,27.581958622587788],[84.58069472666185,27.58167253906887],[84.5805703666778,27.581269046388808],[84.58055235881292,27.58098246211066],[84.58059837481242,27.580582782139135],[84.58112568945808,27.57909540620254],[84.58119352600956,27.578751992312327],[84.58124047999503,27.57829366952112],[84.58134570434517,27.577830533508234],[84.58139640967659,27.5776090929633],[84.58140034836133,27.577263741749423],[84.58146918434129,27.576748840639837],[84.58145055095659,27.576462256233057],[84.5814087852406,27.576347347543965],[84.5814316054749,27.57623212593941],[84.58134557363674,27.576008998244447],[84.58130637119238,27.57590759336671],[84.58111686218128,27.57563757688032],[84.58062868080596,27.575292039708366],[84.58001195190002,27.575057597023346],[84.57973609936941,27.57486466658477],[84.57963024640168,27.574729689297573],[84.57952614457795,27.574443542826373],[84.57948662934108,27.574156958779934],[84.57953070716073,27.57398522084703],[84.5798126854225,27.573546153597622],[84.58002795203423,27.573414363888407],[84.57968588821063,27.573393234331515],[84.57915244069258,27.57335034755688],[84.5787689233582,27.573272950812655],[84.577552098051,27.573205809279756],[84.57735915160772,27.573242695592704],[84.5767828759156,27.573238321154157],[84.57665389050483,27.5732772701111],[84.57639742121385,27.573273707962567],[84.57594863043724,27.57332759924374],[84.57556430065631,27.573324662470636],[84.5754572606938,27.573325100425727],[84.5753288380333,27.573343730980646],[84.57492268794907,27.573415378415227],[84.57376719919706,27.573580429685634],[84.57274194447136,27.57357336808404],[84.57216641873906,27.573471902369185],[84.57159164270072,27.573277908827652],[84.57108132786936,27.57304534198329],[84.57069887302166,27.572812149355187],[84.56999686287537,27.572501309761854],[84.56965754895663,27.57227024325176],[84.56929753962204,27.57196246617609],[84.56902293735155,27.571636308096352],[84.56874914636242,27.571233440617107],[84.56853731820931,27.571040197260512],[84.56841195791176,27.57081050457974],[84.56828716069055,27.57042726754588],[84.56816123830576,27.57019757510806],[84.56807920656503,27.569890922830144],[84.56795328423478,27.56966123107748],[84.56793458958197,27.56935432864999],[84.56781241699638,27.568743086318214],[84.56766667411834,27.568360036527153],[84.56750211153722,27.56774679454055],[84.56738156453733,27.566982132985064],[84.56736136925643,27.5668670987755],[84.5673401731598,27.56681076971542],[84.56715772799453,27.565816103150436],[84.56699297730867,27.565182542549003],[84.56689112554588,27.56472478302877],[84.56679277397399,27.563806513739756],[84.56668948401467,27.563423276044052],[84.56639587355774,27.562733761903825],[84.56633566238862,27.56235033672962],[84.56642338141579,27.562045246333724],[84.56668528845108,27.5615115894065],[84.56673061655471,27.561206624500088],[84.5669044299254,27.560903410351134],[84.5669485714203,27.560749802065917],[84.56697407869581,27.56029147991712],[84.56676599994086,27.559601652819932],[84.56655573314738,27.559218790445687],[84.56638692017496,27.559025358987565],[84.56607048872311,27.55856397465487],[84.56594231640294,27.55850583284633],[84.56572961193368,27.558389299189717],[84.56551697121662,27.558293146651078],[84.5653258375386,27.558176550415947],[84.56449552838188,27.557769120441986],[84.56340793808526,27.557435024532413],[84.56302392044982,27.557375633310684],[84.56257556754723,27.557352628040046],[84.56251141886553,27.55731449166048],[84.562383495758,27.55731274170654],[84.56097516201257,27.55703410097894],[84.56001361857464,27.556950015902245],[84.55950074119681,27.556947517049785],[84.5591167238701,27.556885874121022],[84.5586049717737,27.556729955063627],[84.55856189321213,27.556730080153315],[84.55785975717906,27.55636053592564],[84.55739183325781,27.55610958818438],[84.55681705710379,27.555874833294695],[84.55624121846698,27.555698907869694],[84.55592122563658,27.555639266680274],[84.55528030039612,27.55561476116078],[84.55489453297945,27.555706601766204],[84.55457372726336,27.555741737848894],[84.55380106758436,27.55608115134312],[84.55304897795662,27.556476894504776],[84.55253441376075,27.55664369543448],[84.55202078631797,27.55673609895579],[84.55163464341892,27.55688426783423],[84.55157068220673,27.55688451822287],[84.55124800138671,27.55705513156657],[84.55073362400739,27.557260318644687],[84.5505398653772,27.55737391451269],[84.55015216029717,27.557714016085217],[84.5500006051193,27.557922264823425],[84.54980647159336,27.558094566005227],[84.54972050275154,27.558131077293428],[84.54948366550455,27.558357706642685],[84.54909614808986,27.55862334866507],[84.54855970071014,27.55884885352053],[84.54847241792552,27.558867296987376],[84.54862041085381,27.55921208503046],[84.54885224867905,27.55961514050738],[84.54940264168603,27.560154672163243],[84.5498921976819,27.56042587565402],[84.55025439536863,27.560562165127525],[84.55051048963473,27.560621994847022],[84.55099873390128,27.561008294304244],[84.5510408122838,27.56106456091956],[84.55112253110099,27.561447923077957],[84.55103412472933,27.56175301334965],[84.55090370197186,27.562001836677755],[84.55070688109869,27.562535243590712],[84.55057052121036,27.56337324085747],[84.55054582519226,27.56375704100606],[84.55043634811229,27.564023806733225],[84.5502853560074,27.564211737626817],[84.55004864403611,27.56436390794633],[84.54929817936303,27.5645881003399],[84.54910454552433,27.56473783282485],[84.54890953688856,27.5650049114491],[84.5488209425254,27.565386711218594],[84.54879649720759,27.565691550821633],[84.54881419263135,27.56607291362962],[84.54891879403007,27.566343367518922],[84.54936327300736,27.56684270048859],[84.54951070296282,27.567072330550527],[84.54959360934414,27.567322528930507],[84.5496573210471,27.567398988763173],[84.54965038381536,27.568164150876907],[84.54975248521306,27.568698744693037],[84.55002633792648,27.569140124146315],[84.55040723006773,27.569583190816875],[84.55049094916194,27.56973636024265],[84.55065744966736,27.57023450647805],[84.55061293427647,27.57044450550759],[84.55056904320516,27.570539533867745],[84.5503530269879,27.57078641918117],[84.54931895962497,27.571657240756583],[84.54916871680753,27.571752643931276],[84.54899552865989,27.571942887865607],[84.54875887860563,27.57211312619494],[84.5484148149751,27.572338068015274],[84.5479637732643,27.572545192569784],[84.54680284643521,27.573263031625903],[84.54605231910845,27.573505229737403],[84.54590201352627,27.573580314762594],[84.5454699184221,27.57405376686134],[84.54536187857389,27.57422569254582],[84.54531767483363,27.57437936292312],[84.54544322218862,27.574665509239168],[84.54582436493351,27.57503192846302],[84.54622626477179,27.575513381745232],[84.54628760158667,27.57585848272751],[84.54626528058299,27.575953323420386],[84.54630648379425,27.576086362674122],[84.54639126576325,27.576201145839416],[84.54666793113873,27.576319679633116],[84.54698561181385,27.576645712865925],[84.54717618301626,27.576895473047333],[84.54719300350156,27.57735585853234],[84.54710347235846,27.577812180211005],[84.54707877614649,27.57819598002559],[84.547120104424,27.578349275579214],[84.54732980875194,27.578750204999825],[84.54745710627225,27.578885119645086],[84.54766943547854,27.579040039507422],[84.54777478774365,27.579213402538862],[84.5477718492111,27.57951811743999],[84.54759716162475,27.5799183605166],[84.54729561328584,27.580145240330847],[84.54701644760834,27.580297597887036],[84.5465021331011,27.580407943991908],[84.54613743550189,27.58055836433069],[84.54600763768445,27.5806897781693],[84.54587759059973,27.580918283724547],[84.5457883710409,27.58130008341447],[84.54578543416072,27.5816047982359],[84.5458893480938,27.58198809738303],[84.54584220750132,27.58244648256929],[84.54588353576335,27.58259977749728],[84.54603102853635,27.582849725214643],[84.54637021757165,27.583157627538583],[84.54658117194099,27.583445774203874],[84.54664313276538,27.58367565403341],[84.54665964062723,27.584210561025568],[84.54674229689827,27.584517151167205],[84.54716170487315,27.58530325617773],[84.5474960183457,27.586051287924],[84.54751171367427,27.586662905092066],[84.54735290822687,27.587577736386017],[84.54730107883229,27.588494255855647],[84.54731908667715,27.588801096723707],[84.54740161835295,27.589107811302927],[84.54765265011089,27.58964396779029],[84.54769372872052,27.58975893912399],[84.54773555695488,27.58989191555784],[84.54777769775825,27.589950432466654],[84.54788242454589,27.590123795707918],[84.54802685500513,27.590640134674093],[84.5481485270073,27.591289700290965],[84.54833884793662,27.591609419347176],[84.54865246608522,27.59213413482777],[84.54875738018134,27.592345884492122],[84.54884403664359,27.592194276728872],[84.54895195206232,27.592117129436527],[84.54929445343726,27.59208199322541],[84.54989236218975,27.592086305266815],[84.55083146033888,27.592170577780795],[84.55125799272055,27.592229843453875],[84.55151365052978,27.59230780376363],[84.55194118404522,27.592312866680444],[84.55253827965238,27.592412081731545],[84.5527082802476,27.59247009790649],[84.55304990661415,27.59251154755027],[84.55458447641733,27.592866647726645],[84.55518069718329,27.593042510555513],[84.55552101090296,27.593199117599312],[84.55579630131555,27.593410179055898],[84.55598624709523,27.593641934025747],[84.55611110679823,27.593910012629674],[84.5562801082091,27.594139579840668],[84.55691321963123,27.594832218837887],[84.55712548635297,27.594987076722532],[84.55729492442981,27.595160189867077],[84.55786707517963,27.595584500250865],[84.55803726343044,27.595662773283],[84.55854632803582,27.596010561427953],[84.55873658623506,27.596183611221793],[84.55886244636983,27.59639529803877],[84.55905157996457,27.596721768819066],[84.55913579852452,27.596836552152386],[84.55945491687599,27.596934580178495],[84.55990214575925,27.597070493814623],[84.56020031822578,27.597168585053833],[84.56064835997879,27.59721190855267],[84.56096972861545,27.597136073115085],[84.56127002624204,27.597024289223885],[84.56163484821765,27.596894125358133],[84.56204412432571,27.596551648644137],[84.56249872856128,27.59601942883625],[84.56278139326879,27.595564544021514],[84.56293513712633,27.59516442609047],[84.56302660639356,27.594590694421466],[84.56313695808181,27.594247218302932],[84.56328907613742,27.594018650670712],[84.56376312536607,27.593603652607666],[84.56421435492507,27.59339634054936],[84.56447113649965,27.59332088066693],[84.5647276688486,27.593322130222766],[84.56498332667223,27.593402340740997],[84.56545031315422,27.5936915493275],[84.56557786012645,27.593731685369132],[84.56577080695664,27.593694799742597],[84.56615707341487,27.5935442540855],[84.56647906724938,27.593355572858968],[84.56680043601285,27.593279799886236],[84.5673133133825,27.593246101258206],[84.56776360418328,27.593115561788885],[84.56866537489945,27.59272138059781],[84.56911510295545,27.59260890942523],[84.56962848052288,27.592557142530147],[84.57039995232103,27.592312505827767],[84.57087200188914,27.59210731914478],[84.57128052667166,27.591861933416187],[84.57145840465643,27.591608421586585],[84.57156212961696,27.59146125267674],[84.5716522239446,27.59100493101042],[84.57171924775976,27.59073610163425],[84.57174100548103,27.590661517497335],[84.57180803015035,27.590394876549837],[84.57211607804344,27.589459162734382],[84.57222636766518,27.58911793776857],[84.57257461980127,27.58848900130949],[84.57261869750712,27.588317263929092],[84.57279294903698,27.587975724941185],[84.57303122296024,27.58763393677872],[84.5732686850529,27.58738692629001],[84.57346238134663,27.58725519900123],[84.57417114302575,27.58689565432609],[84.57462030846241,27.58680350074546],[84.57545574207741,27.58656299091784],[84.57597080674914,27.586355491005225],[84.57635601164628,27.58626358730134],[84.57680667776023,27.58609472419898],[84.57719157011144,27.586059150374293],[84.57757602465809,27.58606215023643],[84.57795947962747,27.586121478667557],[84.57840733291825,27.586259518101926],[84.57891721009224,27.5865102155724],[84.57961853386954,27.58691583266779],[84.58036312319041,27.587228673046727],[84.58049066983556,27.587266495916886],[84.5809370859839,27.587499376370587],[84.58112865758164,27.587557267115407],[84.58132129057184,27.58757902331563],[84.58134598745494,27.587574397209153],[84.58155662747647,27.58752381867676],[84.58179427769282,27.58720009864781],[84.58185980130081,27.587030547942796],[84.58177827003922,27.586685572004207],[84.58184298102628,27.58659048186747],[84.58214196650376,27.586593731910884],[84.58227032641803,27.58655715848754],[84.58246283455516,27.58655853295799],[84.5826550931497,27.586503515975327],[84.58306268158515,27.58633477798245],[84.58327775996857,27.586164602531102],[84.58340743321584,27.586012807610796],[84.58362513652577,27.585614689777643],[84.5837793798424,27.585099413417318],[84.58382477027311,27.5848148293138],[84.58376412209788,27.58448779605774]]]}},{"type":"Feature","properties":{"province":"Bagmati Province","district":"Chitwan","municipality":"Khairhani Municipality","ward":"11","wardNumber":11,"sourceMunicipality":"Khairahani","sourceType":"Nagarpalika"},"geometry":{"type":"Polygon","coordinates":[[[84.62329089968011,27.591671234469242],[84.62329114957893,27.591610278463673],[84.62329352446147,27.591249172725735],[84.62336529963679,27.59094414536436],[84.62354555233762,27.5905640956021],[84.62355530465292,27.590162290181627],[84.62371104912977,27.589933659429143],[84.62387335701735,27.58940025242694],[84.62400759349002,27.589173935676577],[84.62412175967567,27.588868720303086],[84.62452171807274,27.588261978349568],[84.62474092313208,27.588055604687554],[84.6251531380536,27.587814469990867],[84.62549670213072,27.58774526161226],[84.6256672649913,27.58778733541991],[84.6259206717718,27.58790580775985],[84.62609117227153,27.587927626223713],[84.6267854307991,27.588400700473244],[84.62727029879028,27.588678405480728],[84.62769376883254,27.58885933258076],[84.62784057349415,27.58895798646295],[84.628349575244,27.589140725419707],[84.62886370327459,27.589111278524303],[84.62950994108108,27.588932286370976],[84.62988007784631,27.58865301560124],[84.6300357587645,27.588406254682315],[84.63013004237776,27.588062778989457],[84.63011259824101,27.58788904023071],[84.63018381141312,27.587604331206716],[84.63019256326919,27.5872589797327],[84.63011522028447,27.586911753293965],[84.63012809808949,27.586394788450104],[84.63009064643045,27.58616472080726],[84.62996891307125,27.585912521967664],[84.62980297535226,27.585698835086067],[84.6297431402972,27.585525284621564],[84.6295362501311,27.58523282362833],[84.62947635228211,27.585059335610516],[84.6294379626649,27.584885597152354],[84.62945490357946,27.584197206879466],[84.6295021080339,27.584025468863377],[84.62954149495799,27.583278187390324],[84.62948322222455,27.58304593180218],[84.62917348112934,27.58260048931493],[84.6290137333284,27.58213622826093],[84.62891081932122,27.581962927274944],[84.6288939994154,27.581789188952918],[84.62877576738539,27.581383444849347],[84.62878139333955,27.5811554407098],[84.62882753453268,27.58102208812019],[84.62902666963856,27.580736753895394],[84.62924481284512,27.580568766577425],[84.62937479839256,27.580493681663178],[84.62963345567013,27.58042253541338],[84.6300194735182,27.580373394302534],[84.63036097486946,27.580398900885115],[84.6305759923566,27.580346010159243],[84.63063932784452,27.580366015507597],[84.6314339969423,27.58022697231818],[84.63162656736172,27.58023059785115],[84.63201308580183,27.580161138750366],[84.63233620426752,27.580071674329346],[84.63268176947082,27.579925629697463],[84.63320202365381,27.579647859568436],[84.63369858107626,27.579444735886625],[84.63417163117752,27.579338703414308],[84.63442816325758,27.579344328806478],[84.63495911082752,27.579506625290904],[84.63542403314273,27.579728001931418],[84.63624415126507,27.58027947320137],[84.63722870681053,27.581123593793595],[84.63754007290427,27.581512644808143],[84.63768650290477,27.581649621762676],[84.63822695410434,27.582123384711128],[84.63837719793592,27.582255860744983],[84.63858702615029,27.58241290588575],[84.63888301125424,27.58255369652381],[84.6392235748167,27.582635656898105],[84.63954456918485,27.58262290295708],[84.63967255383108,27.582626840993854],[84.63993008676978,27.582591767081617],[84.64031716691996,27.58250417772247],[84.64072731803803,27.58235788384595],[84.64100679624852,27.582286611947335],[84.64145996288102,27.582121999519558],[84.64189506081696,27.58180621855032],[84.64238148832301,27.58116296491161],[84.6426031315793,27.58084143264299],[84.64304035409474,27.580446689943145],[84.64343406157418,27.58009045904294],[84.64322154479378,27.580028253852515],[84.64309468542841,27.579988242889534],[84.6428621616157,27.57986739532202],[84.64267277871325,27.57974861135747],[84.64205936309702,27.579469405596047],[84.64120892182405,27.579261159368965],[84.64095188956665,27.57927591496044],[84.64032934751941,27.579380321980576],[84.6402422529898,27.579434901270734],[84.6399622746018,27.5795264912758],[84.6391830501248,27.579913794875765],[84.63866748434495,27.58001776452888],[84.63798298170421,27.580025456376838],[84.63745103421056,27.57991955186471],[84.6369385316346,27.57989029496631],[84.63608915381782,27.579643662706076],[84.63549674616671,27.579384524896618],[84.6348249337518,27.57885268356205],[84.63430380074246,27.578306649209086],[84.63358046780108,27.57729654218109],[84.63337107640471,27.57711917877386],[84.63284269279177,27.576859729096146],[84.63250319154578,27.576739444169533],[84.63207834716209,27.576635290000137],[84.6312249057238,27.57656245812604],[84.63062637118745,27.576549394028408],[84.6297744304316,27.576417795237973],[84.62951802389334,27.57641448268341],[84.62883652070606,27.576286634162543],[84.62832351902513,27.576275444836426],[84.62780807821106,27.576381602677998],[84.62729395037253,27.576411050414286],[84.62651978988363,27.576586041578885],[84.62609075671837,27.576635370140483],[84.6255772538096,27.576646749278787],[84.6242800226661,27.576372735283567],[84.62381366209316,27.57621006400529],[84.62360064547642,27.57616817710385],[84.62313341053887,27.5761928108419],[84.62302755922745,27.576188810194793],[84.62290032409628,27.576184871398294],[84.62234911891046,27.575799134819935],[84.62107220748364,27.575310557418987],[84.62062497877845,27.57517251815222],[84.61998530362962,27.575051359542574],[84.61947405217568,27.574893377041242],[84.61851407082088,27.574789286484243],[84.61819370297334,27.574806542691153],[84.6179376706596,27.5747647813759],[84.6171676980478,27.574892383182263],[84.6168465175484,27.5749840987161],[84.61626730446908,27.575246240171378],[84.61588109942815,27.575376591927316],[84.61523755001,27.57569549961964],[84.61498076781227,27.575750766854984],[84.61466033654533,27.5757477040954],[84.61453197671092,27.575784402944755],[84.61421154541607,27.5757835285319],[84.6135087849078,27.57558578491671],[84.61261676486855,27.57506157069655],[84.61216997422011,27.574885208252592],[84.61178626926473,27.57478536721862],[84.61140237777575,27.574762236467905],[84.61082503934676,27.57479637328014],[84.61069667928415,27.57483307220397],[84.61005631715528,27.57480881658338],[84.60928628225282,27.57491603774863],[84.6087732799733,27.57491147516536],[84.60813473070783,27.57475180496125],[84.60787894804382,27.574653589342187],[84.60743103272958,27.574612703619373],[84.60691690536439,27.57474136825161],[84.60678804536242,27.574816390356833],[84.6064669272759,27.574910355963684],[84.60614618328991,27.574963685145917],[84.60582575188403,27.574960560442342],[84.60544229775161,27.574899043367868],[84.60503802271344,27.574742810983114],[84.60490991226875,27.57472305531363],[84.60476135700237,27.574644720607495],[84.604420356199,27.574583016076318],[84.60418595711837,27.574563698604535],[84.60380150229433,27.57455863584228],[84.6030956164363,27.574706118232402],[84.60271003631466,27.57483421975805],[84.60213238522438,27.574924747452478],[84.60187566543813,27.574998082235364],[84.60170479075379,27.57501690099729],[84.60131964778952,27.575108929278187],[84.6012556870906,27.575106866110794],[84.60074074695761,27.57533255856952],[84.60022755798434,27.575402518077524],[84.5995233593643,27.57539651864778],[84.59875395029408,27.575503677058283],[84.59849741794957,27.575500302321334],[84.59753381231747,27.575777573333994],[84.59702081049004,27.575888169659017],[84.59670000474188,27.57594143674314],[84.59612366621995,27.57591680564038],[84.59561291341466,27.57574063088702],[84.5953581944592,27.5755860232781],[84.59455464429125,27.574794980963574],[84.5937705396754,27.574175426007994],[84.59313386448926,27.573787688852835],[84.59287870777868,27.573671404892565],[84.59236714317007,27.5735697517831],[84.59183657034582,27.573240218192346],[84.5915173896109,27.573121997129462],[84.59062155809345,27.5730377872679],[84.5903652759118,27.57307273548009],[84.58985402317964,27.57291462795098],[84.58915345058874,27.57252714095409],[84.5889626294191,27.572372221333307],[84.58860018216394,27.572330897380002],[84.5880881804511,27.57226763074776],[84.58776831230387,27.572246375287637],[84.58706355095136,27.572258380669936],[84.58674280765298,27.57231170931768],[84.585654592438,27.572262135732288],[84.58524888039443,27.572297709507197],[84.58494945622888,27.57231477786892],[84.58462877606293,27.572386112151932],[84.58404906266539,27.572686452292803],[84.5831248477931,27.573347211628366],[84.5828462449488,27.573477000420155],[84.58271782244161,27.573495630571443],[84.58239582939754,27.573682061226375],[84.58188220155772,27.573792533038187],[84.58134562841188,27.57375189788103],[84.58130636403982,27.573749896911224],[84.58034713316376,27.573532648495664],[84.58002795203423,27.573414363888407],[84.5798126854225,27.573546153597622],[84.57953070716073,27.57398522084703],[84.57948662934108,27.574156958779934],[84.57952614457795,27.574443542826373],[84.57963024640168,27.574729689297573],[84.57973609936941,27.57486466658477],[84.58001195190002,27.575057597023346],[84.58062868080596,27.575292039708366],[84.58111686218128,27.57563757688032],[84.58130637119238,27.57590759336671],[84.58134557363674,27.576008998244447],[84.5814316054749,27.57623212593941],[84.5814087852406,27.576347347543965],[84.58145055095659,27.576462256233057],[84.58146918434129,27.576748840639837],[84.58140034836133,27.577263741749423],[84.58139640967659,27.5776090929633],[84.58134570434517,27.577830533508234],[84.58124047999503,27.57829366952112],[84.58119352600956,27.578751992312327],[84.58112568945808,27.57909540620254],[84.58059837481242,27.580582782139135],[84.58055235881292,27.58098246211066],[84.5805703666778,27.581269046388808],[84.58069472666185,27.58167253906887],[84.5808419070554,27.581958622587788],[84.58124236988718,27.58247833710126],[84.58134597057087,27.582667454837587],[84.58136835414075,27.582708029198933],[84.5817916372865,27.583112522322345],[84.5823866082697,27.583405669252798],[84.58281270393145,27.58350544709947],[84.58332258154655,27.583758332350286],[84.58353453515062,27.583951576092105],[84.58374373923591,27.584354694301013],[84.58376412209788,27.58448779605774],[84.58428619008298,27.58453299485891],[84.58429700682574,27.584532932924898],[84.58438291392454,27.584494233718303],[84.58459924310434,27.584211150001707],[84.58492292406478,27.583868986255627],[84.58505353330895,27.583642731398495],[84.5852939335457,27.58301423404048],[84.5854100350727,27.582097339155624],[84.58547248882648,27.580036357940145],[84.585581778161,27.57974921133011],[84.58575496675294,27.57956115526311],[84.58594772560525,27.579485882816016],[84.58639601665138,27.579472690065305],[84.58665204898377,27.579512200954493],[84.58690876880877,27.57943892843014],[84.58729191088575,27.57955690009794],[84.58805713237763,27.579946324753724],[84.58882085432617,27.58041264722384],[84.5891603559593,27.580663969971148],[84.5893729974667,27.580760122309325],[84.58969367839182,27.580688788647155],[84.59003680466084,27.58053836822819],[84.59042369710914,27.58029291966887],[84.59094132417918,27.579744507567668],[84.59122280167735,27.57932800903488],[84.59142099778289,27.5787380232939],[84.59155010808196,27.57860429537877],[84.59178631951704,27.57849270019299],[84.59219134486054,27.578554154444905],[84.59270209740217,27.578730329889066],[84.59285015257579,27.578826732800557],[84.59316783288025,27.579136822888206],[84.59392880475377,27.579925802672726],[84.59453709676649,27.581022435481525],[84.59565339000696,27.58261790143032],[84.59590742235017,27.58286734886575],[84.59643843234397,27.58316074675288],[84.5965659177469,27.583198569578226],[84.59688653625744,27.583222013074014],[84.59716470092305,27.58312823488051],[84.59780581297066,27.583057775222585],[84.59802101690694,27.582925922893033],[84.59836364416695,27.58279582148587],[84.59877141901,27.582552498600272],[84.5991588114434,27.582289045535923],[84.59935275684389,27.582080545583143],[84.5995458282599,27.581948756988325],[84.60005901789366,27.581876608513586],[84.60070169394618,27.581970822710275],[84.60093121638326,27.582247465044542],[84.60124789802845,27.582595941765472],[84.6016481108435,27.583172047273425],[84.60189726726693,27.583920329824814],[84.60199786988508,27.584587963121333],[84.60199574474757,27.584779831673963],[84.60192859569722,27.585123183126672],[84.60235675445648,27.585013024435092],[84.60269938034293,27.58490092757686],[84.60312710138572,27.584829092979437],[84.60372457215527,27.584873916962792],[84.60415060477212,27.584953251354918],[84.60542757968228,27.58544426715705],[84.606530865622,27.58614134399699],[84.60678364719956,27.58650588821588],[84.60699603926236,27.58666068331891],[84.6073332903701,27.58706548804319],[84.6074606504762,27.5871823347241],[84.60777958170301,27.587356947526388],[84.60790619144215,27.587471543600106],[84.60820111465107,27.587894541858038],[84.60845470956271,27.588166559278992],[84.60858106899133,27.588337546070075],[84.60862289740766,27.588454705536154],[84.60877076562966,27.58862788079491],[84.60911101637014,27.588764045033255],[84.60979358185567,27.58884681771432],[84.61030470962619,27.588966476682703],[84.61090274352769,27.5889909188463],[84.61115827540928,27.589050685713488],[84.6120094670718,27.589383281009294],[84.61285965816404,27.589774456851654],[84.61319903374661,27.589987392885995],[84.61332639456691,27.590101926372736],[84.61358167696154,27.590220460826835],[84.61377199747696,27.59039338543787],[84.61415395219282,27.59062645300557],[84.61425930473665,27.59077943575754],[84.61485240067549,27.591282393654765],[84.61508498733377,27.591534154639405],[84.6151701439763,27.591572165483942],[84.61521459833713,27.5916103022035],[84.61548888841551,27.59184155600882],[84.61555159929488,27.59205349387156],[84.61563575601882,27.592168276956837],[84.61623097816596,27.592594400604924],[84.61637984571048,27.592708871490306],[84.61657110441665,27.592825342667204],[84.61678437139528,27.592903427123215],[84.61714594342371,27.5931162389018],[84.61731613205998,27.593194448780043],[84.61801795550568,27.593545675389556],[84.61835939458891,27.593663770795565],[84.61887108430348,27.593763048969823],[84.61912749197516,27.593746105728034],[84.619469742771,27.593672395632126],[84.62015443280207,27.593450390709457],[84.62066818470917,27.59324495443848],[84.6208830764133,27.593056648405494],[84.62092640476489,27.592981938489462],[84.62135537493931,27.592679848931816],[84.62199823624316,27.592342872615017],[84.62231991688493,27.592117993431973],[84.62302749048571,27.591792020281517],[84.62329089968011,27.591671234469242]]]}},{"type":"Feature","properties":{"province":"Bagmati Province","district":"Chitwan","municipality":"Khairhani Municipality","ward":"4","wardNumber":4,"sourceMunicipality":"Khairahani","sourceType":"Nagarpalika"},"geometry":{"type":"Polygon","coordinates":[[[84.571626033904,27.686533815975512],[84.57167742700919,27.686305686107758],[84.57198209834779,27.685049504274282],[84.57206618950109,27.684534540384064],[84.57209244706985,27.68384827620262],[84.57217435148242,27.68338976603049],[84.57231584032516,27.683050603595888],[84.57266121601674,27.682428482227095],[84.57275512498524,27.682200164617715],[84.57275962601047,27.682087256343653],[84.5727216121639,27.681970034738033],[84.57255767546553,27.681774352579016],[84.57253885520589,27.68169770472649],[84.5721276387035,27.6812435098646],[84.57184222010844,27.68085420876999],[84.5717076686598,27.680446214792166],[84.57152610027742,27.680155817328274],[84.57101503355435,27.679507878253567],[84.5706639020894,27.679152712388973],[84.57050165340004,27.678918644123318],[84.57044438216116,27.678745092675012],[84.57045044573852,27.67857354283754],[84.57061569377221,27.678175612502574],[84.5707754394875,27.67793116571146],[84.57109080474328,27.67751910581825],[84.57146919356725,27.677147370950866],[84.57182226163829,27.676888606175275],[84.57339840505142,27.676017595762673],[84.57394466865793,27.67574451483121],[84.57453107291076,27.675532137913024],[84.57470563798823,27.675461429381],[84.57481386528933,27.67542716871601],[84.57498724208092,27.675374527670346],[84.57514136107683,27.67526324487731],[84.57529766887824,27.675095570248434],[84.57535150046624,27.674966719905356],[84.57543978214117,27.674756470461407],[84.57557451969794,27.674586607601775],[84.57585136968646,27.674077582101912],[84.576236885792,27.673513977901727],[84.57629053007057,27.673229394537604],[84.5762631436688,27.672825463226918],[84.57612909231699,27.67241978140282],[84.57606669406681,27.6723613272337],[84.57591113530928,27.67195345797003],[84.57566941876554,27.67154365010036],[84.57551323463221,27.671138031868395],[84.57533391729294,27.670786678675473],[84.57518067104375,27.67032235573638],[84.57516741588809,27.67009222563853],[84.57497996890245,27.66939783426653],[84.57488399485736,27.669107061563682],[84.57478358181467,27.668933698548983],[84.57474713091258,27.66876002224284],[84.5747390016564,27.668414733768223],[84.57478658091875,27.668301700066536],[84.57512470495028,27.66787369871304],[84.57545945302064,27.66754047429979],[84.57564183152968,27.6672621426999],[84.57565077221729,27.6670318875093],[84.5755167836872,27.666628393756177],[84.57541643317268,27.666452780110255],[84.57533971640527,27.666220586878765],[84.57534421780613,27.66610774149811],[84.57522667341797,27.665817093969846],[84.57521185515927,27.665645606319977],[84.57526612399046,27.66536095995676],[84.57542411935145,27.665154898782855],[84.57579863176352,27.664900573116554],[84.57629087527232,27.664383920029827],[84.57651183177403,27.66421818334582],[84.5769853178398,27.663624882748177],[84.57749856833716,27.663126171647797],[84.57799356246322,27.662532746071467],[84.57810960439805,27.66230880537558],[84.57820851497723,27.661967579260143],[84.57821607820638,27.6612249861789],[84.5784140237806,27.660544785680067],[84.57852781596816,27.660374985915396],[84.57864610878308,27.66009465266462],[84.57887156603033,27.659816070321767],[84.579239012833,27.659198325371822],[84.57947784944966,27.658576642035012],[84.57922831879058,27.658376834424082],[84.57895340346977,27.658271866760316],[84.57844377704733,27.65814082946027],[84.57819099537845,27.65803817449973],[84.57760533979707,27.65765681399603],[84.57735193334672,27.65755184703829],[84.57718180764324,27.65750745908731],[84.57692346191054,27.657537781286965],[84.57658052236722,27.657525716222867],[84.5764088339419,27.657539970890106],[84.57597529803856,27.657659132403015],[84.5758036096041,27.65765300582315],[84.57557346185314,27.65751183982964],[84.57501206463952,27.65705370682995],[84.57475984576777,27.656930670810212],[84.5734783076938,27.656793759390027],[84.57253358333716,27.656820269980024],[84.57141266855795,27.656971629942355],[84.57123810409385,27.657042338722558],[84.57063231689649,27.657175753814936],[84.57028387626485,27.657317109484957],[84.56964532870708,27.657735046524248],[84.5689450080108,27.658092277816696],[84.56877331859609,27.6581065329808],[84.56849840452847,27.65800156521824],[84.56825062422895,27.65776337088738],[84.56813089144238,27.657531365501587],[84.56801566061145,27.657184326169393],[84.56788842378919,27.656606969593415],[84.56794131575724,27.65580773436465],[84.56784540376952,27.65551921181326],[84.56778644447078,27.655384047537726],[84.56772348391515,27.655343660901863],[84.56736103419975,27.654740297406835],[84.56727769109584,27.65467965439787],[84.56693231131594,27.65419132431015],[84.56621054147637,27.653460736217205],[84.56617021426706,27.65338415179243],[84.56582033334152,27.653008604553857],[84.56561288101048,27.652831178388887],[84.5652790061849,27.65260911336587],[84.56494238129844,27.652445691408616],[84.56460331728536,27.652338785968272],[84.56399340331613,27.652032010135187],[84.56380627042782,27.651874776729358],[84.56356524256546,27.65146496987677],[84.56344782297673,27.651174384765884],[84.5633801713923,27.65071412399511],[84.563205418169,27.65025223878567],[84.56314001735926,27.649733274574835],[84.5628590342282,27.648693906807033],[84.56277431381832,27.64812098915986],[84.56260181071677,27.647598023434288],[84.56249333104333,27.647079371372097],[84.56230150859213,27.646502327381068],[84.56230075619582,27.6459876756904],[84.56224961082638,27.645642574478963],[84.56213563017218,27.645275154517677],[84.56203290479955,27.64515818251881],[84.56186509163386,27.6450572784168],[84.56169571595262,27.645012828326053],[84.56100496111985,27.645123987375804],[84.56039473534399,27.645370249475235],[84.55961282199941,27.645630702891594],[84.55883253407694,27.64583251442625],[84.55814121592418,27.645961678512982],[84.55771399506496,27.645929545284236],[84.55745439821939,27.645977998372757],[84.55634204913741,27.645921546646516],[84.55556626170511,27.64601044944215],[84.55488107033909,27.64598613151498],[84.55428603757267,27.64585309476312],[84.55411428630852,27.645846968434217],[84.5537936043829,27.645836965588583],[84.55399542990712,27.646147681824406],[84.5541779993279,27.646420011566477],[84.5544446631816,27.64726988494529],[84.55469676019175,27.64849899553032],[84.5545775974031,27.650487955273135],[84.55457834998968,27.651025113800834],[84.55445755817465,27.651939757374965],[84.55452514655121,27.6524021429208],[84.55451614470627,27.652630148079954],[84.55471665886468,27.653557044485503],[84.55487328044394,27.65394459554567],[84.55503540375956,27.65417872663512],[84.55538828759072,27.655032726649846],[84.55550745713492,27.655285050421636],[84.55556641757049,27.655420214664254],[84.55566908103015,27.655537186990365],[84.55584658547507,27.655926926071295],[84.55604985118211,27.656774799266287],[84.55608123905284,27.657081639548746],[84.55604597856079,27.65800040909356],[84.5559723268387,27.65822866454245],[84.55597464394033,27.659300729796982],[84.55584141137437,27.660522338652825],[84.55581427669533,27.660675946504536],[84.55580927508608,27.660809235491655],[84.55578495340626,27.660886008220896],[84.5557767660173,27.66165117056666],[84.55591688452324,27.663034201738377],[84.55598728717541,27.66341987701113],[84.55600435581957,27.663534911192553],[84.55604130810922,27.663690518896967],[84.5560329305315,27.66391852396018],[84.55614447495917,27.664917941705855],[84.55612096798743,27.6655296848812],[84.55614973226494,27.666450392031877],[84.55644503269184,27.667686191902483],[84.55656558030803,27.66845535590523],[84.5565879654619,27.66899245100591],[84.55665555404386,27.669452586136973],[84.55696967488797,27.670764970382915],[84.55705945907322,27.671227293452745],[84.55708740817745,27.671610906242663],[84.55723509058545,27.67222871294329],[84.55724765879694,27.672458905647762],[84.55737376941744,27.67307683620837],[84.55760760862736,27.67369651807306],[84.557890341339,27.674699812097092],[84.55799819443591,27.674968015919603],[84.55863437316637,27.67654085095208],[84.55872359551073,27.67700317471309],[84.55872165844039,27.677614854208286],[84.55862162257627,27.677994465664305],[84.55775211809537,27.679424450451314],[84.55753597767165,27.68003019159724],[84.55749433861887,27.68056528716394],[84.55767697365346,27.681950380508628],[84.55807387470637,27.683339162604927],[84.55823055892284,27.683726776013916],[84.55851673103464,27.684655485741274],[84.55883560102313,27.685277168246802],[84.559590071627,27.68629434038025],[84.55995983471979,27.686708085457393],[84.56016241074177,27.687018739023586],[84.56042000891057,27.687563961036876],[84.56112914968098,27.68863758692502],[84.5615646870425,27.689012821551945],[84.56195777239263,27.689388180714932],[84.56252929688539,27.689577672052966],[84.56334753916369,27.690041556084836],[84.56365940533227,27.69028181318913],[84.56374887615303,27.690188911436948],[84.56396876962962,27.690041367433555],[84.56429301431976,27.689974471181],[84.56453441631666,27.689829052958828],[84.56494475489059,27.689743839354637],[84.56513801441251,27.6897317734289],[84.56533296145895,27.68967906946862],[84.56559480825709,27.68955384495907],[84.56586053086902,27.689331590730287],[84.5663290153725,27.68884663520053],[84.56705940894406,27.68825683463375],[84.56804420936476,27.687711046938084],[84.56882637367647,27.687445966999697],[84.56915386967975,27.687284417996047],[84.56947917788365,27.68717932383506],[84.56980836142168,27.686977013602377],[84.57026684269272,27.686760699046214],[84.57104606890552,27.68655432336091],[84.57136756253588,27.68656432579933],[84.571626033904,27.686533815975512]]]}}]}