{"type":"FeatureCollection","features":[{"type":"Feature","properties":{"province":"Bagmati Province","district":"Nuwakot","municipality":"Bidur Municipality","ward":"1","wardNumber":1,"sourceMunicipality":"Bidur","sourceType":"Nagarpalika"},"geometry":{"type":"Polygon","coordinates":[[[85.18091238030588,27.9352782258312],[85.18087336366166,27.934953568385577],[85.18070629715645,27.93443591699108],[85.18043144272278,27.93405236827363],[85.17979201356032,27.933608804091776],[85.17934522006131,27.933186057978908],[85.17890042564834,27.93264827670291],[85.17862407055335,27.93235950643788],[85.17781157888425,27.93206623685998],[85.17736134876888,27.93196864814067],[85.17614401596775,27.931367478950847],[85.17544018960389,27.93096048822109],[85.17428594426048,27.930494231927913],[85.17383546327429,27.930432591397633],[85.17357818074184,27.930430280150745],[85.17338417043719,27.930468042328076],[85.17280520545565,27.93044360012536],[85.17184147000528,27.930208099384537],[85.17145563872218,27.930184343742734],[85.17100240988006,27.930391282143344],[85.17080921276826,27.93044711244967],[85.17046377365638,27.930635107333767],[85.17014077843118,27.930728198372442],[85.16988262012727,27.930764148353568],[85.16956200038985,27.93066530786337],[85.16911370725015,27.930396106257096],[85.1682207437106,27.929586748396172],[85.16794470117743,27.92925959132134],[85.16769091726043,27.928875855533096],[85.16718091181887,27.92841528577544],[85.1666488982045,27.92797065769658],[85.16577450709046,27.927411623517113],[85.1654336283377,27.927141482976843],[85.16504954578826,27.926928047139203],[85.16489692679096,27.926854901663255],[85.16402416155779,27.926442535340538],[85.16344869502488,27.92609306100283],[85.16287172899234,27.925840740001654],[85.16235803676743,27.925682508813765],[85.16210200252658,27.925565100496893],[85.16184603174577,27.925391238844174],[85.16126950256943,27.925118474246492],[85.16114539315708,27.92503832590431],[85.16082239645128,27.9248288917223],[85.16065302002846,27.924615954493188],[85.16061287891057,27.924424461451267],[85.16074555095929,27.924118683221035],[85.161071795447,27.923797712216945],[85.16129024946247,27.92349343415991],[85.16133495213633,27.923339576534726],[85.16142704784451,27.923162774051494],[85.16096919150012,27.92341266165873],[85.16051683655525,27.92352482248404],[85.16012844299895,27.923674743493304],[85.15960919010533,27.92401315793941],[85.15928625790109,27.924106124438655],[85.15909274859071,27.924123568147735],[85.15825624933957,27.92407874747347],[85.15787066856666,27.92401654404803],[85.15742162519543,27.92389844856951],[85.1571655915289,27.923780978472703],[85.15697245713403,27.923778103981824],[85.15665146220192,27.92369951985359],[85.15600747271854,27.923711714274344],[85.1557501893533,27.923652948558008],[85.15549421896971,27.923535477473116],[85.15485160397849,27.92343482684023],[85.15440049947823,27.923488282300802],[85.15414209064497,27.923562680312536],[85.15369104776143,27.92355743186124],[85.15343482736145,27.923478347105476],[85.15330740448991,27.92338238201517],[85.15322387169287,27.923170882469147],[85.15322493422462,27.923094173148222],[85.15316140995454,27.923036093385782],[85.15305730704,27.92280446320983],[85.15276056958953,27.922495499256854],[85.1525900684235,27.922417914740706],[85.15241844160911,27.922396784661014],[85.15177376507974,27.92246768405569],[85.15151541906602,27.922542019736316],[85.15138643345499,27.922540895637876],[85.1508699300631,27.92265124307124],[85.15009364295761,27.922951147742857],[85.14996359505554,27.923026733472877],[85.14912403449775,27.923227796995],[85.14841152220704,27.923547456894376],[85.14801937905938,27.924004343444448],[85.14792990989605,27.924251103346247],[85.1477700430076,27.924997199048292],[85.14775591345922,27.925037835589087],[85.14761480089341,27.925454334223012],[85.14762768658998,27.926311835434376],[85.147535906261,27.926883566257956],[85.14750558764833,27.927684989986318],[85.14748595728004,27.927924372661185],[85.14745663598427,27.928276663490223],[85.1473864889866,27.928848207200073],[85.14740656011233,27.928945110852304],[85.14770485998827,27.929156983733655],[85.1477896420121,27.929253323509997],[85.14763733646437,27.929500585277193],[85.14761301724995,27.929728714947867],[85.14767979598119,27.930333016997448],[85.14741101032128,27.93056546160329],[85.14721856273695,27.93050838314754],[85.14707013203586,27.930353901109886],[85.14687724754077,27.930312639642192],[85.14676920701606,27.93036990777125],[85.14672506711483,27.93052151487897],[85.1470823917502,27.93121134029453],[85.14752193734213,27.932284215789245],[85.14796417026933,27.93312902414494],[85.14827779233607,27.933893747430364],[85.14861423433834,27.93458601110069],[85.14882162904257,27.93527483717303],[85.14882006658648,27.935426069054657],[85.14870909057159,27.93580618159352],[85.14862137188156,27.935978420350143],[85.1484912617409,27.936110397325574],[85.14814576005219,27.9362983287735],[85.14782295200992,27.93635290898286],[85.14769390461959,27.93640817600122],[85.14762863134513,27.936483198950523],[85.14725506021016,27.937321321491055],[85.14721029441222,27.9374729293663],[85.14718403769785,27.937931251801608],[85.14726688335178,27.938199142288905],[85.14745933095965,27.938314924974872],[85.14784566144694,27.938318423901173],[85.14829726662893,27.93818825885203],[85.14870691749047,27.93805846831251],[85.14890255159861,27.937813082863475],[85.14918415492374,27.937587327347583],[85.14946263310144,27.937607581669514],[85.14965508011021,27.93766684843871],[85.14971816702464,27.937801762611365],[85.14984496612168,27.93801282322025],[85.15001334287959,27.938318349991924],[85.15043244307536,27.939314578193528],[85.1504935303829,27.93962097982372],[85.15046571179664,27.940230596497027],[85.1505468081606,27.94069029424952],[85.15061095740866,27.94074843554955],[85.15073725574443,27.940977502217862],[85.15100911160319,27.941629754764797],[85.1511789255348,27.94182243534308],[85.15137137291833,27.94193815630569],[85.15156388319708,27.941997484647704],[85.15169255569225,27.94197835373884],[85.15197290910888,27.94186763169221],[85.15218948849329,27.941678512995278],[85.15286404549477,27.940826571099755],[85.15331896228203,27.940409759136497],[85.15362144874184,27.940240207600066],[85.15394450537538,27.94014949204947],[85.15445957183721,27.940133859409585],[85.15529263463094,27.94050377578081],[85.15556955176548,27.94073615544584],[85.15567521708496,27.940870694132087],[85.155780570338,27.94109994833018],[85.15586322812597,27.941406225304906],[85.1559854029288,27.942019030026625],[85.15598184171041,27.942400454765945],[85.15608657000071,27.94262970847639],[85.15623431363525,27.94284064512907],[85.15653511300634,27.94286296279932],[85.15687724089165,27.942961614856316],[85.15796596263635,27.943582102933373],[85.15802967427695,27.943658313068212],[85.15837099038377,27.943851742434145],[85.1588396051839,27.944181775001894],[85.15930728187608,27.944663100730423],[85.15947797111468,27.944758690625612],[85.15992513982624,27.94510697803537],[85.16043739477604,27.945359924680453],[85.16078008547785,27.945440508607568],[85.1609522746306,27.94544132056503],[85.1612965271561,27.945368422195845],[85.16155518521589,27.945255700254318],[85.16170642807272,27.945141540784686],[85.16196633542728,27.944915911338644],[85.16207531236667,27.94476380310375],[85.16218841374008,27.94423027112642],[85.1623405936794,27.944021333379425],[85.16272923655472,27.94377657185827],[85.16324748971066,27.943514929953146],[85.16346375712013,27.94336413483262],[85.1636375072742,27.943155071745288],[85.16370346904753,27.94302359608062],[85.1637722413265,27.94256489778989],[85.16390322626889,27.94233808088676],[85.1640985469866,27.942128830926283],[85.16418476658266,27.94211226327256],[85.16444342503452,27.941999540595454],[85.16470227016066,27.941907074576672],[85.16489752979484,27.9418647485671],[85.16530449325451,27.94177784573201],[85.16608078052346,27.941477878413465],[85.16666311999356,27.941159218987856],[85.16705382462898,27.940799298637053],[85.16713935633813,27.940780543214114],[85.16739870248603,27.94061136705867],[85.16757132833061,27.940535405802578],[85.16774364264032,27.940500082654204],[85.16808683282416,27.94050170568418],[85.16834542863721,27.940447563389228],[85.16860408646004,27.940334716601523],[85.16935942682981,27.93991990263577],[85.16959757675119,27.93973053396355],[85.16977026523035,27.939656885834506],[85.17070016872843,27.938996749386742],[85.17095882735447,27.93888396507369],[85.17164739458126,27.93869753105037],[85.17199264662919,27.938547923276886],[85.17210068608405,27.938434139208994],[85.17253365779747,27.938112229366244],[85.17322459936679,27.93773624086296],[85.17348325735553,27.937623455525074],[85.17374122841268,27.937569313126527],[85.17408410582584,27.93760919821178],[85.17460067243512,27.937498788498367],[85.17494529982068,27.93740782175638],[85.17554870987857,27.9371634346314],[85.17598061892572,27.93691823495967],[85.17647755218682,27.936580007958735],[85.17708139994366,27.936317614935305],[85.17733936995342,27.936261221754805],[85.17768443456217,27.936093483252158],[85.17800961567113,27.93579057963792],[85.17822757013687,27.935447915607075],[85.17846653150364,27.93516376821599],[85.17866122805832,27.935013160999674],[85.17892044905956,27.934900376185286],[85.17960701664448,27.93488543021685],[85.18003523895426,27.935003650243488],[85.18063383862085,27.935258033878846],[85.18091238030588,27.9352782258312]]]}},{"type":"Feature","properties":{"province":"Bagmati Province","district":"Nuwakot","municipality":"Bidur Municipality","ward":"2","wardNumber":2,"sourceMunicipality":"Bidur","sourceType":"Nagarpalika"},"geometry":{"type":"Polygon","coordinates":[[[85.17571940875769,27.90274375979206],[85.17565544803305,27.902703686035746],[85.17540060132984,27.902511755484777],[85.17422841175289,27.901887578599574],[85.17401614313673,27.90169308556428],[85.17361155387125,27.901459518886174],[85.17337790339647,27.901285531941753],[85.17273816312749,27.900972756270768],[85.17213943983587,27.900813149684364],[85.17171046717783,27.900789707634292],[85.17136796410259,27.900709123352172],[85.17077099088047,27.90041629069455],[85.16994180342114,27.899854630393097],[85.16921871866843,27.899348485670686],[85.1690273967682,27.899212446243936],[85.16885720718058,27.899096538148118],[85.16835051438359,27.898459916714685],[85.16765187439631,27.897687193886842],[85.16707740849961,27.89735591155699],[85.16682018774337,27.897297145591683],[85.16656296655357,27.897294772038876],[85.16621890153785,27.897367670042982],[85.16544242815249,27.897685705289902],[85.16509755097235,27.89779692696812],[85.16489728900837,27.89783931581414],[85.16449495251086,27.897923968064898],[85.16355110106805,27.897916095102342],[85.1630367217424,27.897855017733015],[85.16218077748297,27.897692974765405],[85.16177587563264,27.897479664495417],[85.16060556084742,27.896722386248026],[85.16009330619289,27.896505450305792],[85.15983589736608,27.896485069987317],[85.15906398573888,27.896457753855962],[85.15895663273628,27.896458629459207],[85.15895444578493,27.896609861794307],[85.15872999223556,27.897356456913393],[85.15837736689086,27.898117745002054],[85.15817404668528,27.898882283365985],[85.15812715651117,27.89918731127681],[85.15770494465181,27.90033283721829],[85.15750056133524,27.901174084973235],[85.15734538185369,27.90157482938348],[85.15691053586018,27.90200952147599],[85.15675916781213,27.90210561277073],[85.15598175567443,27.902461972061538],[85.15520459400258,27.902836336043286],[85.15473048106911,27.902987007685432],[85.15458123772696,27.90292730344992],[85.15453890917405,27.902889293124282],[85.15456047966364,27.902830463167465],[85.15499538820409,27.90239577052139],[85.15506147450108,27.90228011139052],[85.15504271662807,27.902070361883897],[85.1548301988934,27.901914191841048],[85.15388941022171,27.901657997379612],[85.1528611519217,27.901533465718085],[85.1525185859995,27.901452881786913],[85.15226230253775,27.901355729626253],[85.15166576579932,27.901044766786686],[85.15106797962606,27.900790257133725],[85.15074398577404,27.900957683305325],[85.1503999200897,27.901032706975215],[85.14988410365532,27.90108447539602],[85.14949652287181,27.901178004426367],[85.14930132697106,27.901346617544764],[85.14919072473785,27.9015754980055],[85.1490163492061,27.90178456018105],[85.14841225104118,27.90206720880064],[85.14813033548707,27.90225689171896],[85.14799603829461,27.90271390102928],[85.14815835335126,27.903405353863334],[85.1481125253775,27.903633671071592],[85.14791601616997,27.90391969319637],[85.14739638798987,27.90426029685556],[85.1472204499152,27.904564136759138],[85.14715305084604,27.904792641721826],[85.14714817753789,27.905176379015128],[85.14718919314483,27.905329423831976],[85.1471373658452,27.9060182521399],[85.14700094429878,27.906628682216667],[85.14690485185494,27.907394594647467],[85.14687465769137,27.908083235080152],[85.14694856600086,27.909003317265498],[85.14680770783075,27.909920712072324],[85.14674024707082,27.91014921726858],[85.14672293674171,27.91145153742327],[85.14667660846035,27.911756627445303],[85.14661934467493,27.9128290676079],[85.14643859462896,27.913516645589162],[85.14628385219162,27.913899321852334],[85.14556296596622,27.914868985478392],[85.14545011356168,27.91524909745312],[85.14549000574391,27.915478914786295],[85.14561636634627,27.915710356941897],[85.1461657002168,27.916366984919314],[85.14622766153907,27.916519967054786],[85.14622678730574,27.916616995174024],[85.14618270849164,27.916712148327026],[85.14598694986547,27.916883074559514],[85.1455350321107,27.916974853990286],[85.14536240655332,27.917048501688107],[85.14527606174727,27.917105643717186],[85.14514420164427,27.917314330838856],[85.14505248301556,27.917773215689117],[85.14513226642613,27.918232975885466],[85.14512745461214,27.918616650663783],[85.14501191553538,27.91922920629433],[85.14477139151266,27.91960813127578],[85.14424938801693,27.920102091818645],[85.1439872303624,27.92048126775512],[85.14357983950137,27.922086990980716],[85.14333712817408,27.922621586966653],[85.14311848613504,27.92290548373543],[85.1429232900883,27.923076410157673],[85.14255484152203,27.923320921799107],[85.14248850608546,27.923474967228124],[85.14248363120234,27.923856391882822],[85.14262762569052,27.92431777621372],[85.14283751887201,27.924701950769638],[85.14308373799335,27.925038486040663],[85.14325967975698,27.925280743856455],[85.14368515283867,27.925627030414077],[85.14419878225453,27.925785199700353],[85.14483858547382,27.926154554766285],[85.14587904249953,27.927231365340468],[85.14647539255698,27.92769581054202],[85.14685984890176,27.92788892773922],[85.14748595728004,27.927924372661185],[85.14750558764833,27.927684989986318],[85.147535906261,27.926883566257956],[85.14762768658998,27.926311835434376],[85.14761480089341,27.925454334223012],[85.14775591345922,27.925037835589087],[85.1477700430076,27.924997199048292],[85.14792990989605,27.924251103346247],[85.14801937905938,27.924004343444448],[85.14841152220704,27.923547456894376],[85.14912403449775,27.923227796995],[85.14996359505554,27.923026733472877],[85.15009364295761,27.922951147742857],[85.1508699300631,27.92265124307124],[85.15138643345499,27.922540895637876],[85.15151541906602,27.922542019736316],[85.15177376507974,27.92246768405569],[85.15241844160911,27.922396784661014],[85.1525900684235,27.922417914740706],[85.15276056958953,27.922495499256854],[85.15305730704,27.92280446320983],[85.15316140995454,27.923036093385782],[85.15322493422462,27.923094173148222],[85.15322387169287,27.923170882469147],[85.15330740448991,27.92338238201517],[85.15343482736145,27.923478347105476],[85.15369104776143,27.92355743186124],[85.15414209064497,27.923562680312536],[85.15440049947823,27.923488282300802],[85.15485160397849,27.92343482684023],[85.15549421896971,27.923535477473116],[85.1557501893533,27.923652948558008],[85.15600747271854,27.923711714274344],[85.15665146220192,27.92369951985359],[85.15697245713403,27.923778103981824],[85.1571655915289,27.923780978472703],[85.15742162519543,27.92389844856951],[85.15787066856666,27.92401654404803],[85.15825624933957,27.92407874747347],[85.15909274859071,27.924123568147735],[85.15928625790109,27.924106124438655],[85.15960919010533,27.92401315793941],[85.16012844299895,27.923674743493304],[85.16051683655525,27.92352482248404],[85.16096919150012,27.92341266165873],[85.16142704784451,27.923162774051494],[85.16133495213633,27.923339576534726],[85.16129024946247,27.92349343415991],[85.161071795447,27.923797712216945],[85.16074555095929,27.924118683221035],[85.16061287891057,27.924424461451267],[85.16065302002846,27.924615954493188],[85.16082239645128,27.9248288917223],[85.16114539315708,27.92503832590431],[85.16126950256943,27.925118474246492],[85.16184603174577,27.925391238844174],[85.16210200252658,27.925565100496893],[85.16235803676743,27.925682508813765],[85.16287172899234,27.925840740001654],[85.16344869502488,27.92609306100283],[85.16402416155779,27.926442535340538],[85.16489692679096,27.926854901663255],[85.16504954578826,27.926928047139203],[85.1654336283377,27.927141482976843],[85.16577450709046,27.927411623517113],[85.1666488982045,27.92797065769658],[85.16718091181887,27.92841528577544],[85.16769091726043,27.928875855533096],[85.16794470117743,27.92925959132134],[85.1682207437106,27.929586748396172],[85.16911370725015,27.930396106257096],[85.16956200038985,27.93066530786337],[85.16988262012727,27.930764148353568],[85.17014077843118,27.930728198372442],[85.17046377365638,27.930635107333767],[85.17080921276826,27.93044711244967],[85.17100240988006,27.930391282143344],[85.17145563872218,27.930184343742734],[85.17184147000528,27.930208099384537],[85.17280520545565,27.93044360012536],[85.17338417043719,27.930468042328076],[85.17357818074184,27.930430280150745],[85.17383546327429,27.930432591397633],[85.17428594426048,27.930494231927913],[85.17544018960389,27.93096048822109],[85.17614401596775,27.931367478950847],[85.17736134876888,27.93196864814067],[85.17781157888425,27.93206623685998],[85.17862407055335,27.93235950643788],[85.17836959905452,27.932032224181704],[85.17820109695496,27.93172669742662],[85.17816008071459,27.931573590461323],[85.17816464136781,27.931115455978162],[85.1784085395542,27.93035510589408],[85.17832469363448,27.930123350710105],[85.17811192595683,27.929951426504353],[85.17761980391184,27.92979538386029],[85.17729855960243,27.92975299815854],[85.17672178017249,27.92946229100029],[85.1761475634583,27.92894364130248],[85.17583025434458,27.928501762957595],[85.17557490820673,27.928271509783283],[85.17546818038859,27.92821374335278],[85.17525453738372,27.928077891739676],[85.1750622781927,27.928038943907186],[85.17486826864908,27.92807445580482],[85.17467582232904,27.928015126641863],[85.1744197881898,27.927841327451723],[85.17431374793682,27.92772710658981],[85.1741661910054,27.92747790892331],[85.17406146346089,27.92724859226798],[85.17397874221658,27.926942377602785],[85.17398636545681,27.926177278094546],[85.17392565237176,27.925796354471096],[85.17378140776981,27.925260509689597],[85.17379616159735,27.92503919510712],[85.17380710175489,27.92487889778994],[85.17376608582333,27.924725727789987],[85.17359714568823,27.92449472373543],[85.17319336880246,27.92416644222285],[85.1730676953825,27.923937312365943],[85.17304824984464,27.92378401762073],[85.17315928916993,27.923478427210032],[85.17368879059735,27.92233646403338],[85.17375875078072,27.92187776676073],[85.17378988177391,27.92111466682572],[85.17360474634643,27.92050017473471],[85.17345656449018,27.92030961973617],[85.17328481354377,27.920344943681492],[85.17324098540566,27.9204017103348],[85.17319665724783,27.920535249975952],[85.17319403276292,27.92070905142762],[85.17306123578727,27.92105096507002],[85.17295257060294,27.921164748782214],[85.17273742830798,27.921182379827638],[85.17263157564544,27.921086227245954],[85.17258987242391,27.920989512123345],[85.17262037898318,27.920282867028888],[85.17254303205273,27.919595227622292],[85.1722564180969,27.918521163992263],[85.17226485460631,27.917835024296906],[85.17237695607876,27.91745272422062],[85.17255283189782,27.917148758636536],[85.1728401217336,27.916462492836448],[85.17295222265047,27.91608025548994],[85.17300236249713,27.9155449729546],[85.17306969916199,27.915314092133595],[85.17307232334726,27.91508608786286],[85.17316241691563,27.914780747284077],[85.17333754226814,27.914474593531377],[85.17396895960114,27.9137740721156],[85.17418841386173,27.91339308373196],[85.1745370408864,27.912974834359595],[85.17484440077125,27.91244186386521],[85.17517183252097,27.912003545204982],[85.17556322499121,27.911605238982045],[85.17616976044191,27.911132908770394],[85.17656052762962,27.910793306987294],[85.17686507687354,27.91047021064116],[85.17738564234811,27.910034705143076],[85.17777847165523,27.909541620640514],[85.17862478127685,27.908803148453526],[85.17879734479075,27.908727250433],[85.17918442617999,27.90863590910433],[85.17961464745932,27.908544192167067],[85.17976614061764,27.90845035166039],[85.17985354799028,27.90831643678534],[85.1798776804109,27.908144760682074],[85.17979346079821,27.907989715958905],[85.17968829497987,27.907837171731494],[85.17953961399462,27.907718825402632],[85.17928608071865,27.907411861826926],[85.1790735001558,27.90725569202184],[85.17884234939858,27.906851449442957],[85.17869398043814,27.90669696733997],[85.17854729907094,27.906465774924072],[85.17780639316467,27.905673234065997],[85.17727825433654,27.90499847600487],[85.1762626191676,27.903878777699923],[85.17609480478971,27.90357100056366],[85.1759932633362,27.903109240688675],[85.17584639501887,27.902859980566042],[85.17571940875769,27.90274375979206]]]}},{"type":"Feature","properties":{"province":"Bagmati Province","district":"Nuwakot","municipality":"Bidur Municipality","ward":"4","wardNumber":4,"sourceMunicipality":"Bidur","sourceType":"Nagarpalika"},"geometry":{"type":"Polygon","coordinates":[[[85.14748595728004,27.927924372661185],[85.14685984890176,27.92788892773922],[85.14647539255698,27.92769581054202],[85.14587904249953,27.927231365340468],[85.14483858547382,27.926154554766285],[85.14419878225453,27.925785199700353],[85.14368515283867,27.925627030414077],[85.14325967975698,27.925280743856455],[85.14308373799335,27.925038486040663],[85.14283751887201,27.924701950769638],[85.14262762569052,27.92431777621372],[85.14248363120234,27.923856391882822],[85.14248850608546,27.923474967228124],[85.14255484152203,27.923320921799107],[85.1429232900883,27.923076410157673],[85.14311848613504,27.92290548373543],[85.14333712817408,27.922621586966653],[85.14357983950137,27.922086990980716],[85.1439872303624,27.92048126775512],[85.14424938801693,27.920102091818645],[85.14477139151266,27.91960813127578],[85.14501191553538,27.91922920629433],[85.14512745461214,27.918616650663783],[85.14513226642613,27.918232975885466],[85.14505248301556,27.917773215689117],[85.14514420164427,27.917314330838856],[85.14527606174727,27.917105643717186],[85.14536240655332,27.917048501688107],[85.1455350321107,27.916974853990286],[85.14598694986547,27.916883074559514],[85.14618270849164,27.916712148327026],[85.14622678730574,27.916616995174024],[85.14622766153907,27.916519967054786],[85.1461657002168,27.916366984919314],[85.14561636634627,27.915710356941897],[85.14549000574391,27.915478914786295],[85.14545011356168,27.91524909745312],[85.14556296596622,27.914868985478392],[85.14628385219162,27.913899321852334],[85.14643859462896,27.913516645589162],[85.14661934467493,27.9128290676079],[85.14667660846035,27.911756627445303],[85.14672293674171,27.91145153742327],[85.14674024707082,27.91014921726858],[85.14680770783075,27.909920712072324],[85.14694856600086,27.909003317265498],[85.14687465769137,27.908083235080152],[85.14690485185494,27.907394594647467],[85.14700094429878,27.906628682216667],[85.1471373658452,27.9060182521399],[85.14718919314483,27.905329423831976],[85.14714817753789,27.905176379015128],[85.14715305084604,27.904792641721826],[85.1472204499152,27.904564136759138],[85.14739638798987,27.90426029685556],[85.14791601616997,27.90391969319637],[85.1481125253775,27.903633671071592],[85.14815835335126,27.903405353863334],[85.14799603829461,27.90271390102928],[85.14813033548707,27.90225689171896],[85.14841225104118,27.90206720880064],[85.1490163492061,27.90178456018105],[85.14919072473785,27.9015754980055],[85.14930132697106,27.901346617544764],[85.14949652287181,27.901178004426367],[85.14988410365532,27.90108447539602],[85.1503999200897,27.901032706975215],[85.15074398577404,27.900957683305325],[85.15106797962606,27.900790257133725],[85.15092423533206,27.90029042398027],[85.15079862416607,27.90005904388217],[85.15062999831747,27.899848295014568],[85.1500742903249,27.899670121394458],[85.14952126895378,27.899261754087334],[85.14941585446276,27.899147533371913],[85.14909210991343,27.899278886185677],[85.14896293663706,27.899316085871146],[85.14864050440143,27.89933234218685],[85.14773816927317,27.89928570827979],[85.14644900248227,27.89929190408832],[85.14593218542616,27.899363928447492],[85.14547920545938,27.89953241778251],[85.14509149966467,27.899623696687947],[85.1437362463712,27.89974555250451],[85.14334722823418,27.89989547295971],[85.14304261727347,27.900218507626253],[85.1428223505524,27.900714529392197],[85.14247216134699,27.901227494512504],[85.14231891863678,27.901513141454615],[85.14224877109459,27.90197183903108],[85.14224414692717,27.90237358212669],[85.1421221098239,27.903636141485837],[85.14201082125781,27.903980117589484],[85.14187789855315,27.904265577257505],[85.1417692337898,27.90437929905184],[85.14168145292156,27.90455160024135],[85.14163624969757,27.904723463094122],[85.14165450790223,27.905009922529608],[85.14199020060359,27.905702248501225],[85.14228462615868,27.906223463011568],[85.14249270670419,27.906740676505404],[85.14248745755867,27.907142482295793],[85.14233490166299,27.907315220864103],[85.14205423628188,27.90744619804432],[85.14177475694794,27.907500465876073],[85.14113083037383,27.907514786320466],[85.14093788310423,27.90747352503159],[85.14061595153184,27.90747171350227],[85.14042237896665,27.907489094853673],[85.14016340807227,27.907563492509407],[85.13938505948235,27.907958112600987],[85.13860983395983,27.90810215980911],[85.13815529197852,27.908367740249133],[85.13800361117227,27.908499841672256],[85.13815210538168,27.908616000195476],[85.13905169147371,27.908931275467875],[85.14001123970293,27.909399595416094],[85.140415891522,27.909651167362806],[85.14069055865788,27.909980638066386],[85.1411958133413,27.91073023019248],[85.14138401131572,27.91111452972552],[85.14146541906545,27.9114230571773],[85.14148098988733,27.91188100445331],[85.14141246665787,27.91218859453814],[85.14119282548398,27.912569520300103],[85.14114812205325,27.91272112797336],[85.14090740995753,27.913081985516655],[85.14075310441862,27.91338788847659],[85.14016514069812,27.91407209252598],[85.14007717139935,27.914224012582874],[85.13989854562172,27.914758107806236],[85.13971335856267,27.91575271320278],[85.13942256928851,27.916669046410345],[85.13933085123278,27.91712793250512],[85.13906206899843,27.917967429722736],[85.13871238043065,27.918480395022357],[85.13836381496087,27.91886013367734],[85.13814423638694,27.91924112192766],[85.13805739154544,27.919316331651576],[85.1374916853561,27.91988743978813],[85.13738339559944,27.919980843056717],[85.13712211300461,27.920265178172937],[85.13657666478812,27.920951195036693],[85.13579444108983,27.921650467395335],[85.13542624383787,27.92191535878771],[85.13508055383177,27.92208516110919],[85.13492862261195,27.922199257558347],[85.13470904382683,27.92258024597261],[85.13466315309351,27.922808625294767],[85.13476556912923,27.923193675590284],[85.13493294593752,27.923519458382255],[85.13514502575624,27.923693757954116],[85.13565646852811,27.924005471982692],[85.1359552048909,27.924140697678933],[85.13605949533728,27.92433387858764],[85.13644532655346,27.92441421285956],[85.13715209022669,27.92451667670969],[85.1383070845272,27.924834389171647],[85.13860650914701,27.92491316063726],[85.13873568178032,27.924875961047164],[85.1395723684177,27.924882583727733],[85.1399818336291,27.925039377442392],[85.14034159368525,27.925176353177537],[85.14119491408047,27.92568156037564],[85.14170498275531,27.926162511046236],[85.14195851706906,27.9265283042566],[85.14217097256976,27.926738677496495],[85.14250997611494,27.92720074946199],[85.14274212808968,27.927584736180634],[85.1430595615099,27.92798829019247],[85.14376232602066,27.928490245943976],[85.14401898430302,27.92860771681104],[85.14440431669398,27.92870605613105],[85.14498309494093,27.928768946461545],[85.14575631972161,27.928719615180455],[85.14633484791669,27.928820891838992],[85.1466996707753,27.92884264651981],[85.14717065885361,27.92892216751053],[85.14740656011233,27.928945110852304],[85.1473864889866,27.928848207200073],[85.14745663598427,27.928276663490223],[85.14748595728004,27.927924372661185]]]}},{"type":"Feature","properties":{"province":"Bagmati Province","district":"Nuwakot","municipality":"Bidur Municipality","ward":"5","wardNumber":5,"sourceMunicipality":"Bidur","sourceType":"Nagarpalika"},"geometry":{"type":"Polygon","coordinates":[[[85.15895663273628,27.896458629459207],[85.1585713645026,27.896358040201243],[85.15833746352469,27.896222376563372],[85.1578913579465,27.89583564026779],[85.15768058968328,27.895546368654873],[85.15759812061883,27.8953168641594],[85.15753797037955,27.89496982522147],[85.15756541480783,27.894511440519313],[85.15744174093295,27.89410851046885],[85.1572309736595,27.893819176606858],[85.15695874398976,27.893300149873802],[85.15662167808695,27.89283807872054],[85.1564567382498,27.89231811445347],[85.15592778730851,27.891663550026806],[85.1553970233949,27.891083507501488],[85.15501444152355,27.890754975722423],[85.15459040515493,27.890234950410488],[85.1544032691725,27.88971523627048],[85.15434180739105,27.889426839135027],[85.1542862184749,27.88868030775216],[85.154355616708,27.888221609868896],[85.1542352544756,27.887532032916837],[85.1540886978831,27.88718574458409],[85.15385842095777,27.88666634332266],[85.15314239599228,27.8853769054149],[85.15288779984007,27.88514433883548],[85.15235716065168,27.884566546924685],[85.15171748255786,27.884120544225787],[85.15137585488695,27.88394518203622],[85.15086259973843,27.883748564554608],[85.15034803301188,27.88366710578278],[85.14985397406097,27.883662170066394],[85.14972505116877,27.883660982402226],[85.14900991183102,27.883768517792316],[85.14817497662291,27.88389505941922],[85.14765866014602,27.883949077979032],[85.14649879131397,27.88391813794123],[85.14588099786981,27.883681759090955],[85.14548134674486,27.88336010468128],[85.14521812282429,27.883147918285772],[85.14500460539192,27.88301200427132],[85.14481290738044,27.882837579567514],[85.14442863750588,27.88258575789704],[85.14419461219757,27.882373321181092],[85.14398203108972,27.882083987632424],[85.14379370787485,27.881566461495886],[85.14375250385628,27.88139303559724],[85.1437558772384,27.881047684267806],[85.14380039304424,27.880875820738154],[85.14388817444527,27.88064487794846],[85.14406292481213,27.880359105416957],[85.14417427539532,27.879956424221383],[85.14437197057453,27.879496662341083],[85.14469927712976,27.87898163510343],[85.1447654242352,27.878750941231566],[85.14476742455543,27.878579391327374],[85.14470533705001,27.878349699137445],[85.14389671828957,27.87748076045401],[85.1437509109226,27.877019313387624],[85.14375297225948,27.876789120913376],[85.143906777512,27.87644483096706],[85.14414498932511,27.876217137617232],[85.14474971256726,27.875932238512707],[85.14511728496863,27.875685477041667],[85.14546347432903,27.87540051589432],[85.14565917017897,27.87517094773978],[85.14574757647637,27.874883550195573],[85.14574957479316,27.874653357337383],[85.14558107331865,27.874325262190638],[85.1454107583969,27.87413258181735],[85.14498353541101,27.873901453033888],[85.14464046965314,27.873820806223996],[85.1443826870153,27.87382068312182],[85.14369430667061,27.873930218694547],[85.14205638909178,27.874440315025705],[85.14154013467056,27.874494208211107],[85.14119613247233,27.874569294542646],[85.14050887684809,27.87454566632559],[85.1400805913693,27.874388997847618],[85.13952625811466,27.873964813907275],[85.13941965502852,27.873848341927665],[85.13925021499165,27.873617275100507],[85.13899718062652,27.873098061337295],[85.13867930916274,27.87263573983235],[85.13853012810182,27.87251964461954],[85.13758933692331,27.872053512277066],[85.13698967575523,27.871839515071567],[85.13596004190113,27.87167878591435],[85.13570269579826,27.87159963878713],[85.13540420822278,27.87140802200263],[85.13523483141309,27.87111831264499],[85.13521594681241,27.870829602489362],[85.13550204846078,27.87008244451174],[85.1357416973277,27.86973965475257],[85.13578552574566,27.86962424576024],[85.13581053256354,27.86927876918244],[85.13577001551691,27.868990184295797],[85.13570724167474,27.868816946832826],[85.13560157560431,27.868605697230468],[85.13553836372755,27.86845271510271],[85.13502823211395,27.867872422694777],[85.13479383132082,27.867621600207972],[85.13449490695538,27.867445800496668],[85.13410913674224,27.86729100630416],[85.13365921913032,27.867190854328125],[85.13307887835566,27.867186606223285],[85.13243376441048,27.86723931277061],[85.13204593338752,27.867314712176615],[85.13152899190679,27.86748370167474],[85.13120624733531,27.86752021393896],[85.13101186318646,27.86757598134619],[85.13062515699086,27.86757242022597],[85.12998116717976,27.867491962501166],[85.12959452356637,27.867488338388714],[85.12888407247077,27.867618318278687],[85.12873320357899,27.86763532348024],[85.12826052846152,27.867670774327035],[85.12806733130984,27.867649831027368],[85.12761766322178,27.86745490121543],[85.12716899483968,27.8671651939726],[85.12674339560067,27.86671956542525],[85.12601693550117,27.86627412558847],[85.12569481580091,27.866193290980206],[85.12524402263553,27.86619016741179],[85.12498442761007,27.866381850076365],[85.12466030846142,27.8665334591386],[85.12448705804555,27.866724453459724],[85.12407646843553,27.866930953967227],[85.12354946078382,27.867048053733228],[85.12321464795444,27.866901886997997],[85.12312598996382,27.866861938757722],[85.12252820400897,27.866645690904488],[85.12208141060016,27.86635366931803],[85.12170207953058,27.865889597369105],[85.12164455518821,27.865429650422662],[85.12158309397977,27.865256412377416],[85.12139245934334,27.865063856503905],[85.12113655055875,27.864926067205943],[85.1207934232808,27.86490400012151],[85.12044992058425,27.864900000706587],[85.1203853968172,27.864918569684956],[85.12021258245647,27.86497414905378],[85.12006015115759,27.865085994843618],[85.11971439906162,27.865235478155842],[85.11902539331732,27.865342638292987],[85.11842273260993,27.865392718777144],[85.11790560331082,27.865482622999146],[85.11730400495368,27.865514635343956],[85.11687434525733,27.865529391828147],[85.11670228214227,27.86552626689471],[85.11601727571814,27.865346780103028],[85.11580400918145,27.865287576323617],[85.11550214697439,27.865321587789516],[85.11532914515887,27.865415554036524],[85.11498470569325,27.865449940947272],[85.11481351679717,27.865408429593767],[85.11455823290443,27.86527282915118],[85.11404522843027,27.865094154084936],[85.11378700771672,27.865109784629148],[85.11363588939714,27.865167427184048],[85.11343994311522,27.865317973155843],[85.11321973899108,27.86569664791665],[85.11312883192358,27.866001987771178],[85.11310394952024,27.866232493331047],[85.11297102647697,27.86645924778614],[85.11268823558699,27.866687191087887],[85.11217066846554,27.8668538685409],[85.111912822541,27.866849180237203],[85.11148541372279,27.866710454369212],[85.11097359655719,27.866457320770227],[85.11063146856826,27.866338224391797],[85.11037368545722,27.866335787703417],[85.10968505466091,27.866422567091234],[85.10907951885471,27.866684709339417],[85.10864710931766,27.866871016167696],[85.1082158253605,27.866980550442932],[85.10804351122232,27.86701581184089],[85.1073339980578,27.867046325029275],[85.10749868712894,27.8675076466404],[85.10764518079183,27.86773890196271],[85.10804651990993,27.86818252943679],[85.10836420221818,27.868455420980936],[85.10913086570876,27.868923117151873],[85.10964068252221,27.869293598108822],[85.10976760542124,27.86940994366909],[85.11001957648872,27.86977579996259],[85.11027404763739,27.87000843009378],[85.11078561394265,27.870243558353028],[85.11129586809822,27.870593659178738],[85.11186708399538,27.87113525242985],[85.11203589821078,27.871368632449432],[85.11213981318681,27.87159794988701],[85.11222047039277,27.871906539960726],[85.11233751883887,27.87267282719596],[85.11235346479089,27.87305418848365],[85.11243405919411,27.87336271655394],[85.1125380369891,27.873592033062845],[85.11289623528212,27.874038287767057],[85.11304491660573,27.874172450960533],[85.11312844932634,27.87432749663479],[85.11322948884677,27.874710358512832],[85.11357943848991,27.8757095876383],[85.1137036740134,27.875997421248115],[85.11376644819536,27.876114267439593],[85.11391356665938,27.87634552288526],[85.11452673629871,27.876945383048945],[85.11501567012994,27.877313800880504],[85.11505799865559,27.877354125052545],[85.1155682532091,27.8777042881677],[85.11607794477756,27.878054513454067],[85.11652367550639,27.878423244453774],[85.11722587699161,27.878850865993794],[85.11799428907761,27.879167329821367],[85.11895371136126,27.87965603165698],[85.11933710594099,27.879889910955672],[85.1199774082539,27.880164550118668],[85.12086986880782,27.880807234600077],[85.12131697487764,27.881060869021223],[85.12176564227276,27.88121972607053],[85.12221499786273,27.88131987783251],[85.12240756935594,27.881397274363053],[85.12266272821044,27.88157345030926],[85.12309589047666,27.881838525404735],[85.12321512255319,27.881875910965196],[85.12391463423424,27.882095847216245],[85.12408626127176,27.88211703968411],[85.12468629748435,27.882294839012832],[85.12545702309077,27.8825865452451],[85.12558525900991,27.8826441872326],[85.12592669998472,27.882876065330386],[85.12607588120291,27.882992223652423],[85.12618204611223,27.88312901367858],[85.12626495346346,27.88328180798331],[85.12625876447684,27.883358580640902],[85.12625363746213,27.883417347808383],[85.12634861224264,27.883637662156485],[85.12634392552795,27.884039405678923],[85.12634298767706,27.884134245885065],[85.12737524674081,27.8840490899232],[85.1279770946342,27.88403508321394],[85.12849053677242,27.884193376882966],[85.12883254016252,27.884348483019384],[85.12951560865746,27.88475822521757],[85.130028113951,27.8850112962897],[85.13045696081886,27.8850912551236],[85.13183203489852,27.885066365585395],[85.13234622683987,27.88522465923724],[85.1325163530641,27.88534062983767],[85.13262233069365,27.8854571012055],[85.13276970000271,27.885706361407102],[85.13300322649734,27.88599556991024],[85.13351273209507,27.886499152785653],[85.1335964516993,27.886672265954868],[85.13382954018094,27.886979541905315],[85.13408557421184,27.887117330919835],[85.13434273195077,27.887176159508332],[85.13477251723467,27.88716134039799],[85.13537592780465,27.886993850816364],[85.13606661958148,27.886733145529437],[85.13649765491333,27.886659621809304],[85.13666915633776,27.886662683512117],[85.13709781650122,27.88678102854419],[85.13743913177882,27.886994839949118],[85.13779983138667,27.887362008668436],[85.13811757711176,27.887747557327543],[85.13835179041354,27.88792167020947],[85.1389503272197,27.888196559923767],[85.13929414195472,27.888218502181797],[85.1395512388277,27.888277330455697],[85.13972230252824,27.888354914631446],[85.1399127502878,27.88858804460092],[85.13991112548202,27.888741464526742],[85.13997327489403,27.888912514370396],[85.1399585905352,27.890176448872264],[85.14006325511497,27.890408016200254],[85.14021174911387,27.890580566521162],[85.14046678299336,27.89079512741484],[85.14080897422764,27.890970552351785],[85.14106625723234,27.891029380589433],[85.14140976025557,27.891033255514913],[85.14166691836616,27.891092145944395],[85.14232829228213,27.891481506874342],[85.14275626540683,27.891658493921557],[85.14309920594778,27.89171888523654],[85.14361446018783,27.891741638733],[85.14429984095086,27.89193906797018],[85.14547540696685,27.892486660154734],[85.14573125287302,27.89266064748662],[85.14590225435818,27.892740420544875],[85.14637080559804,27.893088582843493],[85.14645671332265,27.893108212537363],[85.14692507707825,27.89343830731194],[85.14711683700091,27.893612794631434],[85.14734867523872,27.893978651583744],[85.14741144998835,27.89415188964581],[85.1474068258413,27.89455363202846],[85.14746903837815,27.89472468201556],[85.14744540486676,27.894898608264214],[85.14748654710353,27.895069783426663],[85.14769725248958,27.895417821921047],[85.14803731836477,27.89574447917451],[85.14846491650286,27.895941784788665],[85.14876327899405,27.89617403850457],[85.14903857069882,27.89650113294249],[85.14922814356528,27.896829103625777],[85.14935106836343,27.89734713045646],[85.14941390430872,27.897461726036347],[85.14951469570845,27.89803639385975],[85.14950538598028,27.898842130791234],[85.14941585446276,27.899147533371913],[85.14952126895378,27.899261754087334],[85.1500742903249,27.899670121394458],[85.15062999831747,27.899848295014568],[85.15079862416607,27.90005904388217],[85.15092423533206,27.90029042398027],[85.15106797962606,27.900790257133725],[85.15166576579932,27.901044766786686],[85.15226230253775,27.901355729626253],[85.1525185859995,27.901452881786913],[85.1528611519217,27.901533465718085],[85.15388941022171,27.901657997379612],[85.1548301988934,27.901914191841048],[85.15504271662807,27.902070361883897],[85.15506147450108,27.90228011139052],[85.15499538820409,27.90239577052139],[85.15456047966364,27.902830463167465],[85.15453890917405,27.902889293124282],[85.15458123772696,27.90292730344992],[85.15473048106911,27.902987007685432],[85.15520459400258,27.902836336043286],[85.15598175567443,27.902461972061538],[85.15675916781213,27.90210561277073],[85.15691053586018,27.90200952147599],[85.15734538185369,27.90157482938348],[85.15750056133524,27.901174084973235],[85.15770494465181,27.90033283721829],[85.15812715651117,27.89918731127681],[85.15817404668528,27.898882283365985],[85.15837736689086,27.898117745002054],[85.15872999223556,27.897356456913393],[85.15895444578493,27.896609861794307],[85.15895663273628,27.896458629459207]]]}},{"type":"Feature","properties":{"province":"Bagmati Province","district":"Nuwakot","municipality":"Bidur Municipality","ward":"6","wardNumber":6,"sourceMunicipality":"Bidur","sourceType":"Nagarpalika"},"geometry":{"type":"Polygon","coordinates":[[[85.14941585446276,27.899147533371913],[85.14950538598028,27.898842130791234],[85.14951469570845,27.89803639385975],[85.14941390430872,27.897461726036347],[85.14935106836343,27.89734713045646],[85.14922814356528,27.896829103625777],[85.14903857069882,27.89650113294249],[85.14876327899405,27.89617403850457],[85.14846491650286,27.895941784788665],[85.14803731836477,27.89574447917451],[85.14769725248958,27.895417821921047],[85.14748654710353,27.895069783426663],[85.14744540486676,27.894898608264214],[85.14746903837815,27.89472468201556],[85.1474068258413,27.89455363202846],[85.14741144998835,27.89415188964581],[85.14734867523872,27.893978651583744],[85.14711683700091,27.893612794631434],[85.14692507707825,27.89343830731194],[85.14645671332265,27.893108212537363],[85.14637080559804,27.893088582843493],[85.14590225435818,27.892740420544875],[85.14573125287302,27.89266064748662],[85.14547540696685,27.892486660154734],[85.14429984095086,27.89193906797018],[85.14361446018783,27.891741638733],[85.14309920594778,27.89171888523654],[85.14275626540683,27.891658493921557],[85.14232829228213,27.891481506874342],[85.14166691836616,27.891092145944395],[85.14140976025557,27.891033255514913],[85.14106625723234,27.891029380589433],[85.14080897422764,27.890970552351785],[85.14046678299336,27.89079512741484],[85.14021174911387,27.890580566521162],[85.14006325511497,27.890408016200254],[85.1399585905352,27.890176448872264],[85.13997327489403,27.888912514370396],[85.13991112548202,27.888741464526742],[85.1399127502878,27.88858804460092],[85.13972230252824,27.888354914631446],[85.1395512388277,27.888277330455697],[85.13929414195472,27.888218502181797],[85.1389503272197,27.888196559923767],[85.13835179041354,27.88792167020947],[85.13811757711176,27.887747557327543],[85.13779983138667,27.887362008668436],[85.13743913177882,27.886994839949118],[85.13709781650122,27.88678102854419],[85.13666915633776,27.886662683512117],[85.13649765491333,27.886659621809304],[85.13606661958148,27.886733145529437],[85.13537592780465,27.886993850816364],[85.13477251723467,27.88716134039799],[85.13434273195077,27.887176159508332],[85.13408557421184,27.887117330919835],[85.13382954018094,27.886979541905315],[85.1335964516993,27.886672265954868],[85.13351273209507,27.886499152785653],[85.13300322649734,27.88599556991024],[85.13276970000271,27.885706361407102],[85.13262233069365,27.8854571012055],[85.1325163530641,27.88534062983767],[85.13234622683987,27.88522465923724],[85.13183203489852,27.885066365585395],[85.13045696081886,27.8850912551236],[85.130028113951,27.8850112962897],[85.12951560865746,27.88475822521757],[85.12883254016252,27.884348483019384],[85.12849053677242,27.884193376882966],[85.1279770946342,27.88403508321394],[85.12737524674081,27.8840490899232],[85.12634298767706,27.884134245885065],[85.12634392552795,27.884039405678923],[85.12634861224264,27.883637662156485],[85.12625363746213,27.883417347808383],[85.12625876447684,27.883358580640902],[85.12626495346346,27.88328180798331],[85.12618204611223,27.88312901367858],[85.12607588120291,27.882992223652423],[85.12592669998472,27.882876065330386],[85.12558525900991,27.8826441872326],[85.12545702309077,27.8825865452451],[85.12468629748435,27.882294839012832],[85.12408626127176,27.88211703968411],[85.12391463423424,27.882095847216245],[85.12321512255319,27.881875910965196],[85.12309589047666,27.881838525404735],[85.12266272821044,27.88157345030926],[85.12240756935594,27.881397274363053],[85.12221499786273,27.88131987783251],[85.12176564227276,27.88121972607053],[85.12131697487764,27.881060869021223],[85.12086986880782,27.880807234600077],[85.1199774082539,27.880164550118668],[85.11933710594099,27.879889910955672],[85.11895371136126,27.87965603165698],[85.11799428907761,27.879167329821367],[85.11722587699161,27.878850865993794],[85.11652367550639,27.878423244453774],[85.11607794477756,27.878054513454067],[85.1155682532091,27.8777042881677],[85.11505799865559,27.877354125052545],[85.11501567012994,27.877313800880504],[85.11447128380651,27.87778763096402],[85.11366548844846,27.878466709173036],[85.11360002716802,27.87852366415187],[85.11331723596498,27.878749356680657],[85.11305539030819,27.879033628991507],[85.11278679487843,27.87971958241732],[85.11305221136352,27.88058408493516],[85.11306503246267,27.881157190261202],[85.11320815103758,27.88161870024742],[85.11334733287285,27.882366793972597],[85.11336159194919,27.882827117411328],[85.11325468011638,27.88336058644587],[85.11320691440022,27.88359796953808],[85.11321066771859,27.88396351445648],[85.11316546519919,27.88413537734775],[85.1131829109251,27.884478290138695],[85.11328751375626,27.88470992043473],[85.11332796836038,27.884939800248986],[85.11332390573202,27.885285089670656],[85.1132563203154,27.885569985837893],[85.11325425839473,27.885741536675482],[85.11344326883003,27.886089825213446],[85.11369636471144,27.886437551387846],[85.11375782708905,27.886667306073907],[85.11375370222967,27.88701034359013],[85.11370981207558,27.887125815951325],[85.11353562363803,27.887352883170035],[85.11284274589664,27.88803327395072],[85.11236900850488,27.888276348478758],[85.11191652965388,27.888557620159787],[85.1114400434738,27.88902863607618],[85.11109410347596,27.8892932159218],[85.11087933748942,27.889405499542644],[85.1104928812511,27.889496653813858],[85.11030024714124,27.889473397961943],[85.10997862783272,27.88950759692429],[85.1097206572434,27.889620256233854],[85.10952646172937,27.889752671558437],[85.10926855354056,27.88980668905054],[85.10901014518299,27.889937416033213],[85.10830157152819,27.890139479203395],[85.10810756182167,27.890231319642897],[85.1076749662715,27.890647756785107],[85.10694382092109,27.890886142898456],[85.10670617192899,27.891113710600404],[85.10642250656885,27.891569596623125],[85.106292772123,27.89168131752181],[85.10601304387679,27.891773783011956],[85.10588424577476,27.891849306422735],[85.10571124532228,27.89199960164545],[85.10518961836047,27.89266279880715],[85.10542289333195,27.892875360097737],[85.10561327846652,27.893049848167898],[85.10607882976997,27.89355386828456],[85.10629078457119,27.89372823156855],[85.10660765493377,27.894095775352735],[85.10766724240645,27.895064429509695],[85.10817562215526,27.895529750962215],[85.10834462315245,27.89572474488839],[85.10898036353771,27.89628609393548],[85.10917249808159,27.89632741721405],[85.10925878031385,27.896308661421664],[85.10947485922797,27.896139923629413],[85.10962841371996,27.895815889550033],[85.10997579053355,27.89537982255923],[85.11017036144715,27.89521127171207],[85.11047397185978,27.894852227384863],[85.11075876207869,27.894319568806623],[85.1108235986514,27.894262676988827],[85.11103786493213,27.894227040937544],[85.11129377338199,27.894344636034962],[85.11163265191148,27.894635282387572],[85.1120343664993,27.895099166457044],[85.11213921879923,27.895292410141632],[85.11268805320861,27.895987611399597],[85.11327740266726,27.896856238762677],[85.11373845543268,27.897780008152743],[85.11405370050363,27.898301034369258],[85.11434462615215,27.89905031495503],[85.11453432343043,27.899339836625703],[85.1148521307335,27.899610352658655],[85.11531999412645,27.89990443651055],[85.11549037099884,27.89998202099227],[85.11555408220079,27.90000183822293],[85.11576722460474,27.900099428402708],[85.11591778067236,27.90004403695592],[85.11649855736958,27.89982265629163],[85.1173982040142,27.899795018331226],[85.11765567509048,27.899759068672374],[85.1183003498525,27.899519120250346],[85.11875345469826,27.899237847604113],[85.11901142472058,27.89912518840508],[85.11926914493426,27.8990531029655],[85.11946227912186,27.89905604033416],[85.11956850676147,27.89907554577385],[85.11980390634528,27.89911649372758],[85.12134004329172,27.89959362642581],[85.12217422940954,27.899681647398378],[85.12275150713222,27.89974466257594],[85.12321436583822,27.89972959403997],[85.12347177458732,27.899750098735137],[85.12366484677501,27.899809364463884],[85.12437067303094,27.90008350401181],[85.12507712458886,27.900280870477356],[85.12539818261953,27.90037977355899],[85.12591143794555,27.90063503289119],[85.12623255798543,27.90073180936217],[85.12642581689934,27.900752752491584],[85.12664077160117,27.900717178482275],[85.12679220249856,27.900623399509996],[85.12720560296799,27.900186707156287],[85.1272946350295,27.899958014717512],[85.12729800919503,27.899671367838387],[85.12745393871455,27.899211981422354],[85.127759112203,27.89881223758208],[85.12828155279453,27.898243755447012],[85.12882537635784,27.8977134717222],[85.1294329119688,27.89720069296016],[85.12960772525562,27.896973563273143],[85.12982780419377,27.89651592686142],[85.12987500607213,27.896172450795135],[85.13007613935777,27.895484748202456],[85.13010314591723,27.895024112391052],[85.13019217780575,27.894795482230144],[85.1303022166238,27.894566601772684],[85.1309340091918,27.89382569339617],[85.13113245557135,27.893368183144844],[85.13111350940387,27.893196883183297],[85.13105317263337,27.89283171364596],[85.13126606501255,27.892967627114686],[85.13177863210137,27.893279403294308],[85.13231308221955,27.8934939010401],[85.13248383448911,27.893612122935952],[85.13306036354393,27.893903017452995],[85.13344269518947,27.89427224861181],[85.13393325469758,27.89460221799674],[85.1342941414135,27.894987454513092],[85.13454911281939,27.89519970315882],[85.13484647503306,27.89550866716093],[85.13516659533143,27.89570466066388],[85.13548746578887,27.895841886999754],[85.1362548794853,27.89634553038608],[85.13676900943948,27.89650382457696],[85.13713177050477,27.896699442904836],[85.13740837520113,27.896911565844146],[85.13761989281086,27.89721896747489],[85.13772299656354,27.897604080143715],[85.13772080876312,27.897757562352563],[85.13765128643237,27.898216322527926],[85.13744952870725,27.898903963440368],[85.1370019352294,27.900431039862575],[85.13684825485286,27.900734692200487],[85.1365353950416,27.901728047716702],[85.13646855920321,27.90195655326027],[85.13635364579193,27.902569108462934],[85.13632357763359,27.90333439592087],[85.13644381445226,27.904023972970368],[85.13660950445984,27.904562004905323],[85.13711301164072,27.905638818627505],[85.13732127979084,27.906176475739443],[85.13733647651901,27.906713508604998],[85.13722325101803,27.90724704018848],[85.1373241667644,27.907785510781835],[85.13779046914411,27.908343672050208],[85.13800361117227,27.908499841672256],[85.13815529197852,27.908367740249133],[85.13860983395983,27.90810215980911],[85.13938505948235,27.907958112600987],[85.14016340807227,27.907563492509407],[85.14042237896665,27.907489094853673],[85.14061595153184,27.90747171350227],[85.14093788310423,27.90747352503159],[85.14113083037383,27.907514786320466],[85.14177475694794,27.907500465876073],[85.14205423628188,27.90744619804432],[85.14233490166299,27.907315220864103],[85.14248745755867,27.907142482295793],[85.14249270670419,27.906740676505404],[85.14228462615868,27.906223463011568],[85.14199020060359,27.905702248501225],[85.14165450790223,27.905009922529608],[85.14163624969757,27.904723463094122],[85.14168145292156,27.90455160024135],[85.1417692337898,27.90437929905184],[85.14187789855315,27.904265577257505],[85.14201082125781,27.903980117589484],[85.1421221098239,27.903636141485837],[85.14224414692717,27.90237358212669],[85.14224877109459,27.90197183903108],[85.14231891863678,27.901513141454615],[85.14247216134699,27.901227494512504],[85.1428223505524,27.900714529392197],[85.14304261727347,27.900218507626253],[85.14334722823418,27.89989547295971],[85.1437362463712,27.89974555250451],[85.14509149966467,27.899623696687947],[85.14547920545938,27.89953241778251],[85.14593218542616,27.899363928447492],[85.14644900248227,27.89929190408832],[85.14773816927317,27.89928570827979],[85.14864050440143,27.89933234218685],[85.14896293663706,27.899316085871146],[85.14909210991343,27.899278886185677],[85.14941585446276,27.899147533371913]]]}},{"type":"Feature","properties":{"province":"Bagmati Province","district":"Nuwakot","municipality":"Bidur Municipality","ward":"8","wardNumber":8,"sourceMunicipality":"Bidur","sourceType":"Nagarpalika"},"geometry":{"type":"Polygon","coordinates":[[[85.15299204223246,27.969922242593082],[85.1525867020594,27.969632285226897],[85.15207588365527,27.96911075927272],[85.1514160720229,27.968549848557277],[85.15088030845234,27.968373737328168],[85.15023694373255,27.96829115362312],[85.1498518612935,27.968174746341663],[85.1495311790298,27.968017202053883],[85.14908107274552,27.967881039326635],[85.14863184153985,27.967704302517312],[85.14792701472584,27.967335509964123],[85.1474144466843,27.96700579100242],[85.14730884369504,27.966871314870236],[85.14728827276787,27.966736087683483],[85.14735629597482,27.96643306040049],[85.14733778685017,27.96612628307999],[85.1472114260284,27.96589715460209],[85.14710526076622,27.96578068309045],[85.14659362972989,27.965412639942603],[85.14642394025418,27.96522220979628],[85.14625543826864,27.96491437054267],[85.14619328894533,27.964684741181667],[85.14596326225123,27.96414727139311],[85.14581533035424,27.963918330471742],[85.1456450786087,27.96374377998741],[85.14549602252758,27.963647939870597],[85.14491774335575,27.963469953828756],[85.14446988744409,27.963180308562098],[85.14427862742455,27.96300588260941],[85.14423654859708,27.96292948612086],[85.14421604058482,27.962852963171905],[85.1442599311328,27.962739742730086],[85.1443248292552,27.962682787725544],[85.1444110487032,27.962663968987524],[85.14466902031809,27.962666343626836],[85.14496744526008,27.962821825009364],[85.14520184592067,27.962995937223024],[85.14530926046334,27.962997312764877],[85.1453527144764,27.96295855069256],[85.14533308030053,27.962787188594493],[85.14495093595467,27.96240220179315],[85.14471609730788,27.96224622018118],[85.1442889371505,27.9620534156061],[85.14418308428434,27.9618984959799],[85.1440792306514,27.96157221334595],[85.14413024442496,27.960808988218442],[85.14404914914348,27.960351541774546],[85.14381805985523,27.959890845270436],[85.14364830753537,27.959698164928493],[85.14349856409513,27.959602387739196],[85.1427924244359,27.959405208606835],[85.1426645018917,27.959327185900072],[85.14232562276607,27.958885433123495],[85.14215918218062,27.958349713626458],[85.14203282050727,27.95811827147786],[85.14171444958815,27.957753103562933],[85.14210459267883,27.957451950205837],[85.14255832251618,27.957150359863626],[85.1428178557688,27.956999251736598],[85.14324888916526,27.956830824451853],[85.14385373786511,27.956530170237617],[85.14417773241722,27.95634242589231],[85.14437292838532,27.956171499947718],[85.1449821501181,27.95537657543921],[85.14544112828489,27.95461672507475],[85.14604984981139,27.95389625984126],[85.14626636644566,27.953763532419888],[85.14622341328999,27.95372552176945],[85.14618108438006,27.953687510409907],[85.14594912032624,27.953321591413687],[85.14569333678887,27.953109343254738],[85.14563049976506,27.95299474747489],[85.14533863509651,27.952132870651806],[85.14530074343112,27.951675048824963],[85.14507034131256,27.951099193697072],[85.14490615014782,27.950412242318993],[85.1445534483214,27.94926196915417],[85.144256897863,27.948858164251792],[85.1441292244523,27.948744194273996],[85.14391845635511,27.94839840675964],[85.1435996483438,27.94810988568927],[85.1433012861016,27.947895761772955],[85.14278884355495,27.947624685385662],[85.14253199766857,27.9475456003889],[85.14244684054837,27.947487646305085],[85.14218955715828,27.947428818571687],[85.1415685742043,27.94728953028026],[85.14157575957863,27.946583135319212],[85.14158007145674,27.94620171106702],[85.14175625862696,27.94574432573234],[85.14188793179565,27.945517570935856],[85.14202047793114,27.94513508267314],[85.14204517301741,27.94483018026776],[85.14187841974723,27.944371171783317],[85.14166696443152,27.9440818374746],[85.14147582937795,27.94390966300891],[85.14117902979075,27.943544245300988],[85.140946940529,27.943160258689396],[85.14080057054487,27.942777833939264],[85.14076111612553,27.94247124438722],[85.14076786417608,27.941785105017242],[85.14084369752774,27.94071704117904],[85.1407189615849,27.940334367015083],[85.14034006568016,27.93964247862767],[85.14036363554702,27.939414285986256],[85.14043047168526,27.939185843509023],[85.14097723047729,27.938197300515927],[85.14108602039099,27.938085829479057],[85.14121544346007,27.938010306612764],[85.14147316386865,27.937992362262193],[85.14181516684091,27.938129400997877],[85.14215779480293,27.938210110326644],[85.14275864375404,27.938252494401237],[85.14292995819497,27.938291692954405],[85.14353149361133,27.93822123080343],[85.14379077638615,27.938108508928977],[85.1439641528721,27.937919702928163],[85.14396546440226,27.937806856693726],[85.14388124505942,27.937651874873445],[85.14379615075417,27.937593983159427],[85.14364734360292,27.937401052221098],[85.14320154974632,27.936939856631643],[85.14286117147363,27.9366515860865],[85.1422267416927,27.935767642492273],[85.14162989184761,27.935379906232935],[85.14131052077113,27.935091511255365],[85.1409293135984,27.934609434004667],[85.14059249689936,27.933996068467852],[85.14026249011818,27.932696688479727],[85.13992367337521,27.932252621916813],[85.13960524068716,27.931946096285166],[85.13905134415266,27.931519599145297],[85.1387530438157,27.931307725415262],[85.13849782218041,27.931077346791994],[85.13687833785241,27.929973718849656],[85.13662330397328,27.929761345189505],[85.13653820935204,27.929646999764376],[85.13653995902088,27.92951158527181],[85.13660573226663,27.929359789586883],[85.13686838923478,27.928904092151658],[85.1371286089571,27.928640013322227],[85.13721595365719,27.92848815534854],[85.13752587451216,27.927576073280324],[85.13789550952383,27.927139693317297],[85.13815573005606,27.92693219336794],[85.13847959961832,27.926744449034896],[85.13860933396708,27.926630539767626],[85.13882672564392,27.926346643101486],[85.13893788937541,27.92598459848874],[85.13893945110527,27.925831178040074],[85.1388984977932,27.925680321504206],[85.13865421552642,27.925039134715654],[85.13860650914701,27.92491316063726],[85.1383070845272,27.924834389171647],[85.13715209022669,27.92451667670969],[85.13644532655346,27.92441421285956],[85.13605949533728,27.92433387858764],[85.13582047036803,27.924561572098277],[85.13560414125226,27.924712304843556],[85.13531222211854,27.925039714889145],[85.13514703670583,27.925223832370104],[85.13495190240583,27.92539469672939],[85.13469261976184,27.925563872365274],[85.13348542493837,27.926088407859066],[85.13322682834223,27.926142424828484],[85.13262647967531,27.926079659627824],[85.13219719576352,27.92609447923719],[85.1314219705865,27.926317548990497],[85.13081849831667,27.926559435219737],[85.13047430819958,27.926632271534263],[85.12996086616563,27.926494295438665],[85.1288462009259,27.92632975379545],[85.12833069663186,27.926363266098452],[85.12807272575465,27.926419534150185],[85.12721147018782,27.926677114148454],[85.12695287452217,27.92678977384532],[85.12677999827271,27.926904057639813],[85.12531383163385,27.927518558676944],[85.12470942103138,27.9278011453354],[85.1235008504235,27.928382008974257],[85.12321530891815,27.92865746704846],[85.12314234495268,27.928727988236126],[85.12273044293434,27.929011198583417],[85.12247140965194,27.929085533903734],[85.12212547032402,27.92923270407915],[85.12179778838782,27.92961231744694],[85.12166611572621,27.929841384829466],[85.12153150561862,27.930221622676783],[85.1213343711618,27.93050533224488],[85.12100825227773,27.930790104455436],[85.12079104696163,27.93092045709349],[85.12031343501864,27.931299008415145],[85.12002870559903,27.931657927431864],[85.11983350931595,27.931828791319177],[85.11948781937095,27.93193988832205],[85.1191438788982,27.93197427481457],[85.11871415649117,27.931948457362815],[85.1185417172919,27.93198596891786],[85.11819665222941,27.932097128943337],[85.11776380516564,27.93232182179835],[85.11748307682099,27.932394032360737],[85.11750220960555,27.932585712858977],[85.11753603857716,27.933217336405885],[85.11776031572738,27.934079901244058],[85.11788392682791,27.934485081768788],[85.11790081081857,27.93482799475676],[85.11805956312206,27.935747451519077],[85.1181217119643,27.93592075264104],[85.11843583325802,27.9364981700981],[85.118793532626,27.937057207272797],[85.11893965088808,27.937365234578536],[85.11955575870819,27.93784993658161],[85.11966186142381,27.937966408047732],[85.11991158291005,27.938524070328373],[85.11999130318313,27.938983829976802],[85.1201158512237,27.939291981981196],[85.12015792991126,27.939368379430057],[85.12030698597654,27.939466470102253],[85.1205418239674,27.93956380967008],[85.12105732833129,27.93958900218933],[85.12123020559375,27.939533422042032],[85.12181592032518,27.93909985395971],[85.12259633254482,27.93863077507881],[85.12321524866532,27.938458721229654],[85.12384617059357,27.938282041102212],[85.12438130680286,27.9382979802501],[85.12480990448012,27.938398320068472],[85.12506581333636,27.938572245086586],[85.12532034733456,27.93880262354817],[85.12542663759548,27.938937162261983],[85.1256367179659,27.93934165551656],[85.12578571235932,27.93949382451672],[85.12614922317384,27.939630862580174],[85.12640594434193,27.939691941735134],[85.12666254047213,27.939807161246705],[85.12700291920449,27.9400977454826],[85.12725889039847,27.940215278128687],[85.12749366665302,27.94036907228125],[85.12783291998932,27.94073417780548],[85.12781028759134,27.940887785532976],[85.12765773225534,27.941058336583787],[85.12746316046102,27.94122688695716],[85.12685812555013,27.941565864971093],[85.12651087334977,27.94190721648216],[85.1264446622502,27.94207701680609],[85.12650681145477,27.942306771616924],[85.12678235428257,27.942595604695473],[85.1269936847466,27.9429413929549],[85.12711667189349,27.94345948210763],[85.12711123508802,27.943974071294367],[85.12693148641259,27.944718040782377],[85.12675517349369,27.945116658647756],[85.12629794513487,27.945743282136593],[85.12620872619433,27.946028366913744],[85.12622692254133,27.94637127962259],[85.12632890124117,27.94683085195809],[85.12641330856594,27.947003902089595],[85.12643287965565,27.94717526486386],[85.12614852709976,27.947631149816765],[85.12608162799833,27.947859718151012],[85.12624569441776,27.948605373603176],[85.12657994913215,27.949466937241066],[85.1266204660564,27.94969681670215],[85.126618653772,27.949829980991147],[85.12665629642545,27.950328502823783],[85.12662991445848,27.950786762076344],[85.12651706299718,27.951299975740028],[85.12649005631765,27.951814752121127],[85.12648599481898,27.95216010379705],[85.12654602019194,27.952617738311087],[85.12698437824338,27.95376738621323],[85.12742811123447,27.95445883643217],[85.12806528960277,27.95505613353528],[85.12866120222289,27.95553870958963],[85.12895793981303,27.955904128223807],[85.12976305944667,27.956942429285366],[85.1301654619329,27.95744238646463],[85.13069591310641,27.95803830891137],[85.13107887063482,27.958384971044428],[85.13188336498536,27.959423209507527],[85.13207499925691,27.959577377917277],[85.13254261439914,27.96005870496341],[85.13288330511502,27.960311026852324],[85.13341263200066,27.96104005115526],[85.1337319401356,27.961310440918567],[85.13422231202875,27.961602086372164],[85.13439356420194,27.961679608353464],[85.13511877483954,27.962124985161097],[85.1356729212096,27.96249277854949],[85.13590663448366,27.962723281887676],[85.13614153579384,27.962879327006945],[85.13654431377789,27.963358965137648],[85.13669030775435,27.963761708195804],[85.13677271587359,27.964106308923565],[85.1367490831456,27.964278046873243],[85.13655251225656,27.964620461024303],[85.13600937624966,27.965186880556978],[85.13561979628649,27.965431579265168],[85.13488646313341,27.96578968819371],[85.13423909901775,27.966050080950996],[85.13352621130443,27.966482461883515],[85.13307229334843,27.966707405048837],[85.13261825161702,27.967047319613933],[85.13242193109649,27.967353660698087],[85.13226856377639,27.9676957000756],[85.1321167584458,27.967827864570147],[85.13177313023573,27.96784424591203],[85.13164433208969,27.967804672443016],[85.13119647623012,27.967514964796536],[85.13093956717805,27.96743588047617],[85.13074593285513,27.96745326172046],[85.1306166973194,27.967490398371165],[85.13035772686479,27.967641506598884],[85.12990368543284,27.967981483732547],[85.12893151472143,27.9685446541916],[85.12847697252113,27.968884694053514],[85.12810890079312,27.969246552136834],[85.12771638317929,27.969816221522528],[85.12741027310554,27.970387453464593],[85.12710147675097,27.971245269944138],[85.12705621142486,27.97147358666785],[85.12701225788443,27.971586807871496],[85.12731268289835,27.97157080189506],[85.12757121612607,27.971496466258845],[85.12780880285527,27.97136586430144],[85.12815461848598,27.971139608235635],[85.12854494835696,27.970779813022954],[85.12889038776028,27.970571625234744],[85.12992514561155,27.970159123299023],[85.13044108686235,27.97008941273544],[85.1306984329414,27.97014824087682],[85.13112584332391,27.970361363853375],[85.13146834681694,27.970480459426234],[85.13172506835357,27.9705392257624],[85.13206894609793,27.970543162461087],[85.13241363583364,27.97045007032981],[85.13301735930287,27.970205870384994],[85.13327545524153,27.970151853334716],[85.13361864517941,27.970153539582046],[85.13387642866621,27.97019436247384],[85.13456349723943,27.970202111714276],[85.13568172518549,27.970057500335994],[85.13611076000242,27.970060686538535],[85.13713939473968,27.97033882514929],[85.13859656438134,27.970638155783735],[85.13919597558582,27.970834022257055],[85.13945225936179,27.970969560849223],[85.1398619111876,27.970821765326782],[85.14001477877292,27.970554185368957],[85.14010368458368,27.97024878264708],[85.14019109095763,27.970096925230592],[85.14038653749866,27.96988986322275],[85.14073597629357,27.969279870384156],[85.14093029767022,27.969147455285018],[85.14108072892772,27.969130323892227],[85.14125235531056,27.969131136393255],[85.14142391950334,27.969190652765477],[85.1416364996708,27.969403276871],[85.14195693309264,27.96959695668565],[85.14281331555385,27.969871908224228],[85.14338959482384,27.97022144467946],[85.14432732412575,27.970974161433894],[85.14484007925164,27.9712091022493],[85.14509767550342,27.971288249209064],[85.14561293052208,27.971272616999624],[85.1469047837368,27.9709594556158],[85.14707678442258,27.970883556761397],[85.14767938298546,27.97077470959198],[85.14913948984416,27.970805335972972],[85.15012891915367,27.97062327653111],[85.15021476384146,27.970624776377274],[85.15057996197974,27.970608270109803],[85.15135349901176,27.970556625662606],[85.1516968779447,27.97058081856134],[85.1519555987826,27.97052448836088],[85.15268961835662,27.97010986203395],[85.15299204223246,27.969922242593082]]]}},{"type":"Feature","properties":{"province":"Bagmati Province","district":"Nuwakot","municipality":"Bidur Municipality","ward":"9","wardNumber":9,"sourceMunicipality":"Bidur","sourceType":"Nagarpalika"},"geometry":{"type":"Polygon","coordinates":[[[85.16304098902305,27.96351399385124],[85.16284997831612,27.9633011818781],[85.16270460849941,27.96284211064191],[85.16268866133574,27.962307391370103],[85.16289791712978,27.96078225400861],[85.16311880668664,27.96017332405056],[85.16316450996031,27.959868296861465],[85.16319376471557,27.95910525977427],[85.16315318639813,27.958877630559304],[85.16315843442365,27.95841949648358],[85.16322570811492,27.958114281146916],[85.16323445484896,27.95727465988304],[85.1633491178577,27.956531128141513],[85.16334980496097,27.956474799360443],[85.16339807016053,27.955998159014012],[85.16327520761344,27.955385354688033],[85.16300104001066,27.954943100739214],[85.16253461192615,27.954348991300424],[85.16196076954853,27.953807710966846],[85.16181121362976,27.953730001074337],[85.1616198281404,27.95353750812424],[85.16132384022829,27.953077374382516],[85.16111482101309,27.952542031018965],[85.16100896882257,27.952387236385377],[85.16090574017747,27.952004436405833],[85.16077937878534,27.951775307574863],[85.1605491638576,27.95116344132569],[85.16004628159985,27.95001216829803],[85.15989978691171,27.949629744360067],[85.15985926955474,27.949399926759696],[85.15960810944595,27.948788186583297],[85.15939690377122,27.948404074809343],[85.15925109688965,27.948021650513944],[85.1589556076769,27.94748474422553],[85.15851106418886,27.94690851523499],[85.15777103107705,27.94579312862094],[85.15743208906471,27.945351376161096],[85.15665085254366,27.944123519318616],[85.1565033579197,27.943817868184038],[85.15637662218523,27.943663198297696],[85.15620855717899,27.943280961985568],[85.15623431363525,27.94284064512907],[85.15608657000071,27.94262970847639],[85.15598184171041,27.942400454765945],[85.1559854029288,27.942019030026625],[85.15586322812597,27.941406225304906],[85.155780570338,27.94109994833018],[85.15567521708496,27.940870694132087],[85.15556955176548,27.94073615544584],[85.15529263463094,27.94050377578081],[85.15445957183721,27.940133859409585],[85.15394450537538,27.94014949204947],[85.15362144874184,27.940240207600066],[85.15331896228203,27.940409759136497],[85.15286404549477,27.940826571099755],[85.15218948849329,27.941678512995278],[85.15197290910888,27.94186763169221],[85.15169255569225,27.94197835373884],[85.15156388319708,27.941997484647704],[85.15137137291833,27.94193815630569],[85.1511789255348,27.94182243534308],[85.15100911160319,27.941629754764797],[85.15073725574443,27.940977502217862],[85.15061095740866,27.94074843554955],[85.1505468081606,27.94069029424952],[85.15046571179664,27.940230596497027],[85.1504935303829,27.93962097982372],[85.15043244307536,27.939314578193528],[85.15001334287959,27.938318349991924],[85.14984496612168,27.93801282322025],[85.14971816702464,27.937801762611365],[85.14965508011021,27.93766684843871],[85.14946263310144,27.937607581669514],[85.14918415492374,27.937587327347583],[85.14890255159861,27.937813082863475],[85.14870691749047,27.93805846831251],[85.14829726662893,27.93818825885203],[85.14784566144694,27.938318423901173],[85.14745933095965,27.938314924974872],[85.14726688335178,27.938199142288905],[85.14718403769785,27.937931251801608],[85.14721029441222,27.9374729293663],[85.14725506021016,27.937321321491055],[85.14762863134513,27.936483198950523],[85.14769390461959,27.93640817600122],[85.14782295200992,27.93635290898286],[85.14814576005219,27.9362983287735],[85.1484912617409,27.936110397325574],[85.14862137188156,27.935978420350143],[85.14870909057159,27.93580618159352],[85.14882006658648,27.935426069054657],[85.14882162904257,27.93527483717303],[85.14861423433834,27.93458601110069],[85.14827779233607,27.933893747430364],[85.14796417026933,27.93312902414494],[85.14752193734213,27.932284215789245],[85.1470823917502,27.93121134029453],[85.14672506711483,27.93052151487897],[85.14676920701606,27.93036990777125],[85.14687724754077,27.930312639642192],[85.14707013203586,27.930353901109886],[85.14721856273695,27.93050838314754],[85.14741101032128,27.93056546160329],[85.14767979598119,27.930333016997448],[85.14761301724995,27.929728714947867],[85.14763733646437,27.929500585277193],[85.1477896420121,27.929253323509997],[85.14770485998827,27.929156983733655],[85.14740656011233,27.928945110852304],[85.14717065885361,27.92892216751053],[85.1466996707753,27.92884264651981],[85.14633484791669,27.928820891838992],[85.14575631972161,27.928719615180455],[85.14498309494093,27.928768946461545],[85.14440431669398,27.92870605613105],[85.14401898430302,27.92860771681104],[85.14376232602066,27.928490245943976],[85.1430595615099,27.92798829019247],[85.14274212808968,27.927584736180634],[85.14250997611494,27.92720074946199],[85.14217097256976,27.926738677496495],[85.14195851706906,27.9265283042566],[85.14170498275531,27.926162511046236],[85.14119491408047,27.92568156037564],[85.14034159368525,27.925176353177537],[85.1399818336291,27.925039377442392],[85.1395723684177,27.924882583727733],[85.13873568178032,27.924875961047164],[85.13860650914701,27.92491316063726],[85.13865421552642,27.925039134715654],[85.1388984977932,27.925680321504206],[85.13893945110527,27.925831178040074],[85.13893788937541,27.92598459848874],[85.13882672564392,27.926346643101486],[85.13860933396708,27.926630539767626],[85.13847959961832,27.926744449034896],[85.13815573005606,27.92693219336794],[85.13789550952383,27.927139693317297],[85.13752587451216,27.927576073280324],[85.13721595365719,27.92848815534854],[85.1371286089571,27.928640013322227],[85.13686838923478,27.928904092151658],[85.13660573226663,27.929359789586883],[85.13653995902088,27.92951158527181],[85.13653820935204,27.929646999764376],[85.13662330397328,27.929761345189505],[85.13687833785241,27.929973718849656],[85.13849782218041,27.931077346791994],[85.1387530438157,27.931307725415262],[85.13905134415266,27.931519599145297],[85.13960524068716,27.931946096285166],[85.13992367337521,27.932252621916813],[85.14026249011818,27.932696688479727],[85.14059249689936,27.933996068467852],[85.1409293135984,27.934609434004667],[85.14131052077113,27.935091511255365],[85.14162989184761,27.935379906232935],[85.1422267416927,27.935767642492273],[85.14286117147363,27.9366515860865],[85.14320154974632,27.936939856631643],[85.14364734360292,27.937401052221098],[85.14379615075417,27.937593983159427],[85.14388124505942,27.937651874873445],[85.14396546440226,27.937806856693726],[85.1439641528721,27.937919702928163],[85.14379077638615,27.938108508928977],[85.14353149361133,27.93822123080343],[85.14292995819497,27.938291692954405],[85.14275864375404,27.938252494401237],[85.14215779480293,27.938210110326644],[85.14181516684091,27.938129400997877],[85.14147316386865,27.937992362262193],[85.14121544346007,27.938010306612764],[85.14108602039099,27.938085829479057],[85.14097723047729,27.938197300515927],[85.14043047168526,27.939185843509023],[85.14036363554702,27.939414285986256],[85.14034006568016,27.93964247862767],[85.1407189615849,27.940334367015083],[85.14084369752774,27.94071704117904],[85.14076786417608,27.941785105017242],[85.14076111612553,27.94247124438722],[85.14080057054487,27.942777833939264],[85.140946940529,27.943160258689396],[85.14117902979075,27.943544245300988],[85.14147582937795,27.94390966300891],[85.14166696443152,27.9440818374746],[85.14187841974723,27.944371171783317],[85.14204517301741,27.94483018026776],[85.14202047793114,27.94513508267314],[85.14188793179565,27.945517570935856],[85.14175625862696,27.94574432573234],[85.14158007145674,27.94620171106702],[85.14157575957863,27.946583135319212],[85.1415685742043,27.94728953028026],[85.14218955715828,27.947428818571687],[85.14244684054837,27.947487646305085],[85.14253199766857,27.9475456003889],[85.14278884355495,27.947624685385662],[85.1433012861016,27.947895761772955],[85.1435996483438,27.94810988568927],[85.14391845635511,27.94839840675964],[85.1441292244523,27.948744194273996],[85.144256897863,27.948858164251792],[85.1445534483214,27.94926196915417],[85.14490615014782,27.950412242318993],[85.14507034131256,27.951099193697072],[85.14530074343112,27.951675048824963],[85.14533863509651,27.952132870651806],[85.14563049976506,27.95299474747489],[85.14569333678887,27.953109343254738],[85.14594912032624,27.953321591413687],[85.14618108438006,27.953687510409907],[85.14622341328999,27.95372552176945],[85.14626636644566,27.953763532419888],[85.14604984981139,27.95389625984126],[85.14544112828489,27.95461672507475],[85.1449821501181,27.95537657543921],[85.14437292838532,27.956171499947718],[85.14417773241722,27.95634242589231],[85.14385373786511,27.956530170237617],[85.14324888916526,27.956830824451853],[85.1428178557688,27.956999251736598],[85.14255832251618,27.957150359863626],[85.14210459267883,27.957451950205837],[85.14171444958815,27.957753103562933],[85.14203282050727,27.95811827147786],[85.14215918218062,27.958349713626458],[85.14232562276607,27.958885433123495],[85.1426645018917,27.959327185900072],[85.1427924244359,27.959405208606835],[85.14349856409513,27.959602387739196],[85.14364830753537,27.959698164928493],[85.14381805985523,27.959890845270436],[85.14404914914348,27.960351541774546],[85.14413024442496,27.960808988218442],[85.1440792306514,27.96157221334595],[85.14418308428434,27.9618984959799],[85.1442889371505,27.9620534156061],[85.14471609730788,27.96224622018118],[85.14495093595467,27.96240220179315],[85.14533308030053,27.962787188594493],[85.1453527144764,27.96295855069256],[85.14530926046334,27.962997312764877],[85.14520184592067,27.962995937223024],[85.14496744526008,27.962821825009364],[85.14466902031809,27.962666343626836],[85.1444110487032,27.962663968987524],[85.1443248292552,27.962682787725544],[85.1442599311328,27.962739742730086],[85.14421604058482,27.962852963171905],[85.14423654859708,27.96292948612086],[85.14427862742455,27.96300588260941],[85.14446988744409,27.963180308562098],[85.14491774335575,27.963469953828756],[85.14549602252758,27.963647939870597],[85.1456450786087,27.96374377998741],[85.14581533035424,27.963918330471742],[85.14596326225123,27.96414727139311],[85.14619328894533,27.964684741181667],[85.14625543826864,27.96491437054267],[85.14642394025418,27.96522220979628],[85.14659362972989,27.965412639942603],[85.14710526076622,27.96578068309045],[85.1472114260284,27.96589715460209],[85.14733778685017,27.96612628307999],[85.14735629597482,27.96643306040049],[85.14728827276787,27.966736087683483],[85.14730884369504,27.966871314870236],[85.1474144466843,27.96700579100242],[85.14792701472584,27.967335509964123],[85.14863184153985,27.967704302517312],[85.14908107274552,27.967881039326635],[85.1495311790298,27.968017202053883],[85.1498518612935,27.968174746341663],[85.15023694373255,27.96829115362312],[85.15088030845234,27.968373737328168],[85.1514160720229,27.968549848557277],[85.15207588365527,27.96911075927272],[85.1525867020594,27.969632285226897],[85.15299204223246,27.969922242593082],[85.15366122684968,27.969564571515953],[85.15474087367627,27.968905560171805],[85.15510894642567,27.96862034884772],[85.15620978997606,27.96803785960725],[85.15664082397475,27.967869494825305],[85.15724660910533,27.967358904824298],[85.15739878879191,27.96714996688837],[85.1576588217269,27.966922086187772],[85.15798200326537,27.96671627377941],[85.15837208423972,27.96646926167395],[85.15882687591734,27.9660930244348],[85.15916894109772,27.966227812172438],[85.15933963102768,27.96632565167788],[85.15965881434198,27.96663442870725],[85.15982625167757,27.96671651383022],[85.15989390190283,27.96674977343308],[85.16057959556095,27.966870368319274],[85.16075247216224,27.96681472558922],[85.1608569477255,27.966716820837394],[85.16131617823781,27.966284129356794],[85.16144916302675,27.96588582413369],[85.1617327652102,27.9654298135708],[85.1621883689316,27.965013000692846],[85.16264422302774,27.96455999090482],[85.16295095810621,27.963950372522444],[85.16304098902305,27.96351399385124]]]}},{"type":"Feature","properties":{"province":"Bagmati Province","district":"Nuwakot","municipality":"Bidur Municipality","ward":"12","wardNumber":12,"sourceMunicipality":"Bidur","sourceType":"Nagarpalika"},"geometry":{"type":"Polygon","coordinates":[[[85.11748307682099,27.932394032360737],[85.11776380516564,27.93232182179835],[85.11819665222941,27.932097128943337],[85.1185417172919,27.93198596891786],[85.11871415649117,27.931948457362815],[85.1191438788982,27.93197427481457],[85.11948781937095,27.93193988832205],[85.11983350931595,27.931828791319177],[85.12002870559903,27.931657927431864],[85.12031343501864,27.931299008415145],[85.12079104696163,27.93092045709349],[85.12100825227773,27.930790104455436],[85.1213343711618,27.93050533224488],[85.12153150561862,27.930221622676783],[85.12166611572621,27.929841384829466],[85.12179778838782,27.92961231744694],[85.12212547032402,27.92923270407915],[85.12247140965194,27.929085533903734],[85.12273044293434,27.929011198583417],[85.12314234495268,27.928727988236126],[85.12321530891815,27.92865746704846],[85.1235008504235,27.928382008974257],[85.12470942103138,27.9278011453354],[85.12531383163385,27.927518558676944],[85.12677999827271,27.926904057639813],[85.12695287452217,27.92678977384532],[85.12721147018782,27.926677114148454],[85.12807272575465,27.926419534150185],[85.12833069663186,27.926363266098452],[85.1288462009259,27.92632975379545],[85.12996086616563,27.926494295438665],[85.13047430819958,27.926632271534263],[85.13081849831667,27.926559435219737],[85.1314219705865,27.926317548990497],[85.13219719576352,27.92609447923719],[85.13262647967531,27.926079659627824],[85.13322682834223,27.926142424828484],[85.13348542493837,27.926088407859066],[85.13469261976184,27.925563872365274],[85.13495190240583,27.92539469672939],[85.13514703670583,27.925223832370104],[85.13531222211854,27.925039714889145],[85.13560414125226,27.924712304843556],[85.13582047036803,27.924561572098277],[85.13605949533728,27.92433387858764],[85.1359552048909,27.924140697678933],[85.13565646852811,27.924005471982692],[85.13514502575624,27.923693757954116],[85.13493294593752,27.923519458382255],[85.13476556912923,27.923193675590284],[85.13466315309351,27.922808625294767],[85.13470904382683,27.92258024597261],[85.13492862261195,27.922199257558347],[85.13508055383177,27.92208516110919],[85.13542624383787,27.92191535878771],[85.13579444108983,27.921650467395335],[85.13657666478812,27.920951195036693],[85.13712211300461,27.920265178172937],[85.13738339559944,27.919980843056717],[85.1374916853561,27.91988743978813],[85.13805739154544,27.919316331651576],[85.13814423638694,27.91924112192766],[85.13836381496087,27.91886013367734],[85.13871238043065,27.918480395022357],[85.13906206899843,27.917967429722736],[85.13933085123278,27.91712793250512],[85.13942256928851,27.916669046410345],[85.13971335856267,27.91575271320278],[85.13989854562172,27.914758107806236],[85.14007717139935,27.914224012582874],[85.14016514069812,27.91407209252598],[85.14075310441862,27.91338788847659],[85.14090740995753,27.913081985516655],[85.14114812205325,27.91272112797336],[85.14119282548398,27.912569520300103],[85.14141246665787,27.91218859453814],[85.14148098988733,27.91188100445331],[85.14146541906545,27.9114230571773],[85.14138401131572,27.91111452972552],[85.1411958133413,27.91073023019248],[85.14069055865788,27.909980638066386],[85.140415891522,27.909651167362806],[85.14001123970293,27.909399595416094],[85.13905169147371,27.908931275467875],[85.13815210538168,27.908616000195476],[85.13800361117227,27.908499841672256],[85.13779046914411,27.908343672050208],[85.1373241667644,27.907785510781835],[85.13722325101803,27.90724704018848],[85.13733647651901,27.906713508604998],[85.13732127979084,27.906176475739443],[85.13711301164072,27.905638818627505],[85.13660950445984,27.904562004905323],[85.13644381445226,27.904023972970368],[85.13632357763359,27.90333439592087],[85.13635364579193,27.902569108462934],[85.13646855920321,27.90195655326027],[85.1365353950416,27.901728047716702],[85.13684825485286,27.900734692200487],[85.1370019352294,27.900431039862575],[85.13744952870725,27.898903963440368],[85.13765128643237,27.898216322527926],[85.13772080876312,27.897757562352563],[85.13772299656354,27.897604080143715],[85.13761989281086,27.89721896747489],[85.13740837520113,27.896911565844146],[85.13713177050477,27.896699442904836],[85.13676900943948,27.89650382457696],[85.1362548794853,27.89634553038608],[85.13548746578887,27.895841886999754],[85.13516659533143,27.89570466066388],[85.13484647503306,27.89550866716093],[85.13454911281939,27.89519970315882],[85.1342941414135,27.894987454513092],[85.13393325469758,27.89460221799674],[85.13344269518947,27.89427224861181],[85.13306036354393,27.893903017452995],[85.13248383448911,27.893612122935952],[85.13231308221955,27.8934939010401],[85.13177863210137,27.893279403294308],[85.13126606501255,27.892967627114686],[85.13105317263337,27.89283171364596],[85.13111350940387,27.893196883183297],[85.13113245557135,27.893368183144844],[85.1309340091918,27.89382569339617],[85.1303022166238,27.894566601772684],[85.13019217780575,27.894795482230144],[85.13010314591723,27.895024112391052],[85.13007613935777,27.895484748202456],[85.12987500607213,27.896172450795135],[85.12982780419377,27.89651592686142],[85.12960772525562,27.896973563273143],[85.1294329119688,27.89720069296016],[85.12882537635784,27.8977134717222],[85.12828155279453,27.898243755447012],[85.127759112203,27.89881223758208],[85.12745393871455,27.899211981422354],[85.12729800919503,27.899671367838387],[85.1272946350295,27.899958014717512],[85.12720560296799,27.900186707156287],[85.12679220249856,27.900623399509996],[85.12664077160117,27.900717178482275],[85.12642581689934,27.900752752491584],[85.12623255798543,27.90073180936217],[85.12591143794555,27.90063503289119],[85.12539818261953,27.90037977355899],[85.12507712458886,27.900280870477356],[85.12437067303094,27.90008350401181],[85.12366484677501,27.899809364463884],[85.12347177458732,27.899750098735137],[85.12321436583822,27.89972959403997],[85.12275150713222,27.89974466257594],[85.12217422940954,27.899681647398378],[85.12134004329172,27.89959362642581],[85.11980390634528,27.89911649372758],[85.11956850676147,27.89907554577385],[85.11946227912186,27.89905604033416],[85.11926914493426,27.8990531029655],[85.11901142472058,27.89912518840508],[85.11875345469826,27.899237847604113],[85.1183003498525,27.899519120250346],[85.11765567509048,27.899759068672374],[85.1173982040142,27.899795018331226],[85.11649855736958,27.89982265629163],[85.11591778067236,27.90004403695592],[85.11576722460474,27.900099428402708],[85.11555408220079,27.90000183822293],[85.11549037099884,27.89998202099227],[85.11531999412645,27.89990443651055],[85.1148521307335,27.899610352658655],[85.11453432343043,27.899339836625703],[85.11434462615215,27.89905031495503],[85.11405370050363,27.898301034369258],[85.11373845543268,27.897780008152743],[85.11327740266726,27.896856238762677],[85.11268805320861,27.895987611399597],[85.11213921879923,27.895292410141632],[85.1120343664993,27.895099166457044],[85.11163265191148,27.894635282387572],[85.11129377338199,27.894344636034962],[85.11103786493213,27.894227040937544],[85.1108235986514,27.894262676988827],[85.11075876207869,27.894319568806623],[85.11047397185978,27.894852227384863],[85.11017036144715,27.89521127171207],[85.10997579053355,27.89537982255923],[85.10962841371996,27.895815889550033],[85.10947485922797,27.896139923629413],[85.10925878031385,27.896308661421664],[85.10917249808159,27.89632741721405],[85.10898036353771,27.89628609393548],[85.10834462315245,27.89572474488839],[85.10817562215526,27.895529750962215],[85.10766724240645,27.895064429509695],[85.10660765493377,27.894095775352735],[85.10629078457119,27.89372823156855],[85.10607882976997,27.89355386828456],[85.10561327846652,27.893049848167898],[85.10542289333195,27.892875360097737],[85.10518961836047,27.89266279880715],[85.1049495310001,27.89304159875247],[85.10486168717583,27.893270291762956],[85.10455507723977,27.89384152338013],[85.10425109194263,27.894238829354006],[85.10371014426175,27.89469227769948],[85.10357984652084,27.89486257796805],[85.1032737985479,27.8954314967568],[85.10318601695114,27.895603735950296],[85.10309836073732,27.895794042246123],[85.10303289978947,27.895907387812702],[85.1028592740471,27.896078063753425],[85.10234152176575,27.896434234015175],[85.10203847323505,27.896736824058866],[85.1015382292543,27.897379516094393],[85.10144901059809,27.897723304503536],[85.10146370707626,27.89829866161644],[85.10135354290196,27.898583870648245],[85.10107237722116,27.898789245262456],[85.10051254576425,27.899071330927626],[85.10019042672873,27.899179988770268],[85.09961083707361,27.899270393994883],[85.0994611560753,27.89928733692764],[85.09928921778422,27.899304530712953],[85.09877483973898,27.899374116021562],[85.09851680648539,27.899484462487504],[85.09825546170488,27.899827376724286],[85.09812622724117,27.89992090517976],[85.0978669437905,27.900031313703273],[85.09754407378257,27.90006776376625],[85.09715536803445,27.90019724117443],[85.09674109078944,27.90061355313136],[85.09663080156143,27.900822052692472],[85.09651732468694,27.901222420667835],[85.09605684433409,27.90184898227236],[85.0959685635963,27.9020392260144],[85.09590128911381,27.902231595253326],[85.09577837524266,27.903263961552597],[85.0953292796973,27.9045787880167],[85.09520561506184,27.905669796518588],[85.09502598971909,27.90618351063791],[85.09482879356163,27.906469408554905],[85.09467348732447,27.90681144670207],[85.09465717608208,27.907901642349316],[85.0945889651797,27.90813239797496],[85.09451119138807,27.909049354824543],[85.09465706065438,27.909339252152122],[85.09484738302541,27.909570193691494],[85.0950802836242,27.9098030111619],[85.09535620013311,27.91001519668348],[85.09560823365435,27.910383366058145],[85.09566494557708,27.910899705703446],[85.09570739944047,27.910958034956643],[85.09578705567105,27.911361402718452],[85.0957782440464,27.911993338128013],[85.09555403970668,27.912622524974022],[85.09524611599687,27.91307859738319],[85.09517921741018,27.913250648106448],[85.09515014773157,27.913765487321974],[85.09528926685091,27.9145136442229],[85.09539449435412,27.91468882020616],[85.09539311960445,27.91474521116162],[85.0956470276983,27.915036608643724],[85.09581440434873,27.915324191606363],[85.09593657803738,27.915785827100496],[85.09608188444447,27.91615024540328],[85.09617779961631,27.916898777900506],[85.09610683935243,27.917357475317523],[85.09610271429962,27.91764412212599],[85.09618580924224,27.917817235027915],[85.09648217098626,27.91810825603426],[85.09680222897939,27.918283993836965],[85.09697304209898,27.918343573332386],[85.09737569425977,27.918712741984766],[85.09750305495224,27.918808769584807],[85.09754288385942,27.919038649346316],[85.09729704621819,27.91966796066268],[85.09739764911878,27.92012984596783],[85.09721389899477,27.92093020704048],[85.0969296077463,27.92127324606647],[85.09660436291662,27.921460928398655],[85.0963889708641,27.921514569617333],[85.0962588602568,27.921590030053892],[85.09615082042312,27.92164736000426],[85.0960826092028,27.92187580235009],[85.09605422660019,27.922334187981118],[85.09592317872767,27.92250448816877],[85.09568459119089,27.922655346684124],[85.0955963719101,27.922789198739828],[85.09548714451489,27.92292098752014],[85.0954209958971,27.92303658462407],[85.09461688838758,27.92367715186207],[85.09441950438182,27.923942793430093],[85.09398259418167,27.924397616895003],[85.0936784202497,27.924661820692066],[85.09328765167271,27.92490639489299],[85.09317786173041,27.925040435076134],[85.09311202593511,27.92519216757929],[85.09293440014481,27.925590785350707],[85.09238870015614,27.92615932990047],[85.09206183103241,27.926498181247283],[85.09166943758181,27.926896237794022],[85.09132299768001,27.92706378843752],[85.09100062756956,27.927097925106928],[85.0909355416178,27.927136812219295],[85.09089115063922,27.927211646928797],[85.09084638516555,27.927365441806415],[85.09103658223766,27.927578315911546],[85.09137664746936,27.927848706076098],[85.09180362018778,27.928046200253178],[85.09233494511139,27.928452691353968],[85.09276148031655,27.92866818995787],[85.09310454604308,27.928730956712517],[85.0938793336857,27.92864355239741],[85.09439390051361,27.928707130975283],[85.09467300478985,27.928729761342947],[85.09531443259245,27.928966076828765],[85.09582906124302,27.92902971810525],[85.096430972741,27.928997830508578],[85.09685994567072,27.92908016512963],[85.09737201289902,27.929333362301804],[85.0975422016064,27.929451583208397],[85.09820326236628,27.929802933412166],[85.09845917098077,27.929920466376533],[85.0988872680754,27.930038936841488],[85.09923189627412,27.93000454940958],[85.09974896264478,27.92987857280018],[85.10035062383375,27.929885008824822],[85.10120713195907,27.930085875513292],[85.10172257379413,27.93011100570181],[85.10198035629936,27.930095374705676],[85.10267048731507,27.929929634481056],[85.10344452549148,27.929900872214176],[85.10507207036338,27.930264658041143],[85.10545783982532,27.93034505526142],[85.10565116123216,27.930366060244417],[85.10599472708022,27.930349741544216],[85.10642594892872,27.93027859342237],[85.10711407948506,27.930230200629218],[85.10754336431421,27.930271834968934],[85.10771417869142,27.93033141405794],[85.1080968850366,27.93060367943218],[85.10828751993829,27.930798486093565],[85.10852167058903,27.9309545305214],[85.10877826653629,27.931072063728266],[85.10971911867303,27.931387214493235],[85.11031790516043,27.93160583813602],[85.11074512780174,27.931762631538543],[85.11177426176657,27.93194611781634],[85.11211801469325,27.93195005473287],[85.11289349033918,27.931806133653463],[85.11340961904162,27.93177487162128],[85.11400753110415,27.93202956799024],[85.11477738146786,27.9322670713002],[85.1164940212867,27.932460744170058],[85.11748307682099,27.932394032360737]]]}},{"type":"Feature","properties":{"province":"Bagmati Province","district":"Nuwakot","municipality":"Bidur Municipality","ward":"11","wardNumber":11,"sourceMunicipality":"Bidur","sourceType":"Nagarpalika"},"geometry":{"type":"Polygon","coordinates":[[[85.21632461278368,27.96943687445559],[85.21622538719934,27.969315902063343],[85.21618318345655,27.969239504656546],[85.21629309822083,27.96901062441426],[85.21683573387683,27.968556738108436],[85.21724632251123,27.968329668403882],[85.21755005946427,27.968103538490972],[85.21768160597787,27.9678744699375],[85.21777032474168,27.967571192601998],[85.21777388593675,27.967266540825474],[85.21767047001106,27.966883804200776],[85.21764883627375,27.966717005248487],[85.21763082769948,27.966579527294627],[85.2176366388347,27.96596790990235],[85.21781257527878,27.96551271269603],[85.21794705930844,27.964978930760207],[85.21792836287761,27.964674466319615],[85.2178026879251,27.964291917057135],[85.2177836165139,27.964064162968562],[85.21785363856416,27.963454170541038],[85.21794154527484,27.96330218762524],[85.21837576618177,27.962867307385448],[85.21939013983231,27.96237765799293],[85.22014816802032,27.961811237140967],[85.22032123153512,27.961717146650386],[85.22064635107951,27.96141411774118],[85.22150866900476,27.961133468055863],[85.2219397046612,27.96104156322043],[85.22228539423516,27.9608714490857],[85.22265434158413,27.9605115914085],[85.22274155978913,27.96036192171172],[85.22276462996477,27.960208251709396],[85.22267965952842,27.960055519924],[85.22233859361178,27.959785505224968],[85.22152322587249,27.959609958393205],[85.22094575993765,27.95933975731713],[85.2206252013299,27.959146264821246],[85.22036785480344,27.95903123252847],[85.2198535369288,27.958893632313952],[85.21927606951732,27.958566977159954],[85.21901953639613,27.958469950281213],[85.21844288089412,27.95804632863864],[85.21812319779286,27.95775793294061],[85.21765539458768,27.957240846204353],[85.21735815661215,27.956857547999796],[85.21671966470602,27.95624262149267],[85.21623010479114,27.95587451565073],[85.21612331464627,27.955816874692566],[85.2157394832232,27.95564195013782],[85.21528937740452,27.955562429826607],[85.21470959932799,27.955594692686287],[85.21426049366461,27.95549485292379],[85.21387434960569,27.955453030905996],[85.2133610957306,27.95529748763314],[85.21291286457046,27.955100494822915],[85.21214301354196,27.9548455495989],[85.21150083658056,27.95474514819262],[85.21111488021789,27.95472370696775],[85.21053428982465,27.95479429356288],[85.20989092508795,27.954768351935606],[85.20918134899352,27.95489645617404],[85.20900934853823,27.954913774504686],[85.20892312821744,27.954932592759],[85.20849440720181,27.954947599799688],[85.20823662295031,27.954965669044288],[85.20797946453779,27.954925096211515],[85.20759544566782,27.954729853772463],[85.20695383059517,27.954514356470177],[85.20669773404171,27.954396948059557],[85.20658037744302,27.954361876020076],[85.20605693141445,27.954201770071027],[85.20541844090869,27.95375601744899],[85.20464896617186,27.953577719286965],[85.20445683112304,27.95350038553645],[85.2043087753671,27.95332564682834],[85.20401809829596,27.95250221966474],[85.20380801726066,27.952118170045225],[85.20363851561665,27.95190754719448],[85.20344788038705,27.9517331840732],[85.20293681384689,27.951423971129707],[85.20259812216065,27.951018416416087],[85.20251421542925,27.950904071115378],[85.2022822514318,27.950558595298386],[85.20217658549667,27.950424057061255],[85.2020295292098,27.950116217272342],[85.2019905750633,27.949811940643183],[85.20212362156025,27.94942932715389],[85.20221084060496,27.949277344427152],[85.20229705917832,27.9492021347647],[85.20251332666419,27.94905127662347],[85.20294373521467,27.94890310577846],[85.20380349197048,27.948737552604655],[85.2046642474682,27.948438897572505],[85.20526597040221,27.948329799531937],[85.20574083236916,27.948009702432422],[85.20595966106997,27.947628651761082],[85.20600536351836,27.94740033449773],[85.205943089056,27.947170642255806],[85.20586805511047,27.946252810730204],[85.20597840638926,27.945949470870833],[85.20634966494502,27.94534135277992],[85.2063943057145,27.945187557666536],[85.20633184379601,27.94505264320846],[85.20613933377831,27.944995689681353],[85.20581615196055,27.94512491756399],[85.20491344278838,27.945365243248716],[85.20439625253242,27.945590936857048],[85.20388218611338,27.9455864389642],[85.20319486876821,27.945657900709218],[85.20302311690696,27.945693287602737],[85.2027867168989,27.945749492412073],[85.20224814309077,27.945993441957455],[85.2021182209618,27.946087095274525],[85.20166311686533,27.946522100562724],[85.20151062490888,27.946751356758984],[85.20118506801813,27.94707245249126],[85.20081799556921,27.94731708902986],[85.20038739959554,27.947505959689103],[85.20001845234245,27.947865692156945],[85.19984645104181,27.94793946497808],[85.19915888409872,27.94804925070216],[85.19855566149656,27.94830951885128],[85.19821365815771,27.94823124723762],[85.19808610967964,27.94813534459511],[85.19791767085974,27.947904340743936],[85.19757735518792,27.947634263525103],[85.19732338325267,27.9473634348575],[85.19715269439067,27.947267844924635],[85.19696037244668,27.94722658402927],[85.19678837143914,27.947302608019264],[85.19654840980971,27.947663527866663],[85.1962241032117,27.947869464543533],[85.19579406897005,27.947999567917346],[85.19534146465527,27.94820663080512],[85.19521160395202,27.948300284451857],[85.19499408800992,27.948566238359206],[85.19473436778179,27.948812249800763],[85.19430183349854,27.94911390385035],[85.19412983299077,27.949189864119614],[85.19352742222823,27.949355291192802],[85.19327007679455,27.949353041788793],[85.19249591557188,27.949556105778242],[85.19198116169038,27.94961018717009],[85.19163690910374,27.949683148575414],[85.19094727990827,27.95000280845564],[85.19028090805062,27.950186866195093],[85.18987356836854,27.95018361786782],[85.18961709854109,27.950142981743316],[85.18876159042132,27.94994499129984],[85.18850511993196,27.949847963557897],[85.18810209228458,27.949481296108452],[85.18776108906548,27.949324001825907],[85.18758927530331,27.94936163872022],[85.18724464809144,27.949511309177467],[85.18683324746382,27.949833031571465],[85.18670295057763,27.950003457476377],[85.18605821147685,27.95013087338323],[85.18573665435743,27.95012912450548],[85.18515737636687,27.95014313165752],[85.18470620849486,27.950253103753706],[85.18399850826837,27.95026598635983],[85.18354965239028,27.950127698570792],[85.18335845629325,27.950011977829767],[85.18303821043104,27.94989513296087],[85.18265269166564,27.949853310149972],[85.18252433181573,27.94985218619572],[85.1818785300913,27.95005631219485],[85.18175016998106,27.950055187525713],[85.18117320385774,27.949820872036067],[85.18046925142382,27.949357552368916],[85.18002152008917,27.949029645972242],[85.17936014549814,27.948624592969384],[85.1792536058716,27.94858495674779],[85.17893292258616,27.948429663012774],[85.17867607647275,27.94835289205899],[85.17790335154277,27.948345956460944],[85.17758248183141,27.94822911119751],[85.17713568756272,27.947862819089384],[85.17668845601553,27.947458139576867],[85.1763481396157,27.947187999605095],[85.17602814481805,27.946976439609404],[85.17545142794808,27.946703737421046],[85.17532269224631,27.94666641474323],[85.17480712561968,27.94670017736857],[85.17461374159642,27.9467356887165],[85.17424773127722,27.946847098380413],[85.17452408556288,27.94707947757193],[85.17505191384734,27.948000245114358],[85.17568190667332,27.949321880675573],[85.17591437178666,27.94972380949073],[85.1759783324848,27.9497616326981],[85.17614558582288,27.950184506041502],[85.17618554007714,27.950470777540914],[85.1761142054098,27.951157417150007],[85.17589031602685,27.952071061933538],[85.17582023203418,27.9526426671567],[85.17585237568184,27.95367372038314],[85.17599587166671,27.954360796486498],[85.17601281852457,27.95476241458089],[85.17596711552845,27.955049374049107],[85.17572546720164,27.955617916867563],[85.17570189701341,27.955789593003395],[85.17576348437113,27.9560779269841],[85.17593054902204,27.95642183974198],[85.17592923673044,27.95653693573851],[85.17573279097998,27.956879349846574],[85.17560274320263,27.956954935574192],[85.17506766924306,27.956891857342544],[85.17487359702766,27.956986010862426],[85.17476512001502,27.957120051408747],[85.17469509699866,27.95757656063759],[85.17468928593934,27.95809340042029],[85.1747286158309,27.95837967107115],[85.17498664906128,27.958325591691462],[85.17592837538221,27.95850482655889],[85.17669422639582,27.958987964090735],[85.176970581135,27.959220343498533],[85.17718047371129,27.959586387467176],[85.1774125621854,27.95989360168039],[85.17770473855069,27.960583927549774],[85.17781021595496,27.96075685253246],[85.17797465662714,27.961387224465778],[85.17805075354391,27.962190022101293],[85.1781549196766,27.962477981213848],[85.17838619549302,27.962882223632196],[85.17866192472869,27.96311229003873],[85.17891802047284,27.963229698376022],[85.17960246406203,27.963350229992642],[85.17977340258386,27.963409683827575],[85.18017755537885,27.963699579466013],[85.18085575039072,27.964355017852952],[85.18130223053575,27.96468292383225],[85.18151362401129,27.964951877401038],[85.18228234987228,27.965227391069593],[85.18279622895233,27.965326792406756],[85.18322463809068,27.965329853640366],[85.1836518608062,27.96546832906478],[85.18416361628566,27.965721213810895],[85.18441808688267,27.965971785844932],[85.1850348827193,27.966415537966324],[85.18531086149873,27.966665921755393],[85.18540608555305,27.966716999252302],[85.18637588711569,27.967247962179623],[85.18654645179268,27.967325483677577],[85.18714492576478,27.967485090122114],[85.18740233376396,27.967487339555813],[85.18748811522993,27.967486651130002],[85.18783086808027,27.967508468191618],[85.18825946586539,27.96753184719285],[85.18868737513866,27.96761168158461],[85.18928859847792,27.967559037473162],[85.18971844517002,27.96746732044703],[85.19008476813453,27.9673197126402],[85.19060233400592,27.967055695028012],[85.19081628872036,27.967096705990496],[85.19132916880278,27.9672141125613],[85.19209708210697,27.96758434171327],[85.1922682705922,27.967605472080578],[85.19244008478913,27.967567835144994],[85.19285085994932,27.967304755305733],[85.19302286115655,27.967228794353407],[85.19336711407543,27.96715583384929],[85.19422537045925,27.967069366081077],[85.19448377828374,27.96699490511433],[85.19545026231023,27.966869174883797],[85.19533922283179,27.967172515258586],[85.1950139789356,27.967475480846595],[85.19481828295011,27.967761565586002],[85.19477058066767,27.968161434151465],[85.19473932552143,27.96901924837164],[85.19486137520674,27.969593666690116],[85.1949859231774,27.96993789217915],[85.19504988519161,27.96997571501673],[85.1951549260871,27.970168833806195],[85.19547204607736,27.970513620530475],[85.19566211878066,27.970803080065657],[85.19603382886903,27.972007243637922],[85.19632806639105,27.97252595746797],[85.19639034115583,27.97269694417927],[85.1964291079421,27.97309831183492],[85.19633751450962,27.973555009098714],[85.19635596098313,27.97384146884903],[85.19628918794695,27.974069973567406],[85.1960496013055,27.974354182885005],[85.19579069285301,27.974505354259918],[85.19566102032653,27.974619326026403],[85.19542330832373,27.974731985126223],[85.19490699195654,27.974878593672784],[85.19471329480065,27.9749548045878],[85.1945834979837,27.975048457467228],[85.19443106688517,27.975237076678056],[85.19434147334978,27.975580865757916],[85.19433891196367,27.97580880745044],[85.19469354964346,27.976672372050288],[85.19470874673266,27.97718677238721],[85.19476845998142,27.97758795269077],[85.19491464182023,27.97793192803203],[85.19510596423646,27.978106291133546],[85.19555450701243,27.978262646940422],[85.19649898328018,27.978270206272068],[85.19671125175618,27.978442130478005],[85.19675258078757,27.978615556114818],[85.19737349978377,27.97873427529071],[85.1980614422004,27.9785861029072],[85.19840638212625,27.97845668794937],[85.1989036902903,27.978136402914984],[85.19909988626155,27.977832250543123],[85.19914708820718,27.977450450545646],[85.19927913561612,27.97714692313907],[85.19947420683997,27.976975934285427],[85.1997111064683,27.976845269069585],[85.19977619323916,27.976808570560955],[85.20001303111371,27.9767342972709],[85.20044250286598,27.976716977408707],[85.20113038277675,27.9765710563398],[85.20173354394187,27.97634686153199],[85.20199307682898,27.976195628490117],[85.20268251859291,27.975896223845034],[85.20354389967784,27.97563595489818],[85.20371658863252,27.975559932073416],[85.20412673963109,27.9752968522287],[85.20419201299954,27.975221767108728],[85.20492690810993,27.97473011853684],[85.20561609989824,27.97446910087835],[85.20578897670258,27.97435694137868],[85.20639126209267,27.9742275875451],[85.20658001946848,27.974228149764205],[85.20664929590694,27.9742297743202],[85.20725226919524,27.974100358350288],[85.20794139991382,27.974008577449005],[85.2082860903734,27.973915235866315],[85.20889081341655,27.973670722708892],[85.20940981730955,27.973408892521185],[85.20988617974047,27.973106800983636],[85.21016897001262,27.972765762451914],[85.21068984794749,27.972291807647757],[85.21097182735673,27.972101999852587],[85.21166283173432,27.971782214843017],[85.21216064025286,27.971461867885516],[85.21362980681108,27.970823859624648],[85.21388802812974,27.970787660196947],[85.21457822107205,27.97056265260847],[85.21509634963276,27.970357214539444],[85.21574583833538,27.96996103180593],[85.21632461278368,27.96943687445559]]]}},{"type":"Feature","properties":{"province":"Bagmati Province","district":"Nuwakot","municipality":"Bidur Municipality","ward":"10","wardNumber":10,"sourceMunicipality":"Bidur","sourceType":"Nagarpalika"},"geometry":{"type":"Polygon","coordinates":[[[85.19850176634694,27.983508733706838],[85.19882363619013,27.983530738746985],[85.19978849601092,27.983594564117077],[85.2001741398678,27.983636323954407],[85.20139853226905,27.983492462545534],[85.2019786854663,27.983421938506318],[85.20262279964167,27.983389175084966],[85.202988060333,27.98337248048136],[85.203073842442,27.983371667406143],[85.20365312084674,27.983395983689974],[85.20436119723429,27.98340104416196],[85.2048116769276,27.98338578706457],[85.20506952257843,27.983370031349015],[85.2061013435032,27.983223357288015],[85.20658045902562,27.983103944603222],[85.20661722229725,27.983094628789193],[85.20694121650949,27.982963151330747],[85.20739419755255,27.98283273509262],[85.20791138925459,27.982760523738435],[85.20881328788684,27.982822536040583],[85.20913703228355,27.982729444850793],[85.20972156072098,27.98237221152359],[85.21004524225181,27.982220415240935],[85.21056243438917,27.982148140749054],[85.21075544433394,27.98218708920978],[85.2110776264587,27.982188774638853],[85.2114232540375,27.982059297639857],[85.21181264718658,27.981812160040715],[85.212118383563,27.98141454134087],[85.2124221190937,27.981129769124355],[85.21274567631767,27.981018546827336],[85.21293931094188,27.98100104086756],[85.21319734408517,27.9810032899142],[85.21332683038648,27.980984096182638],[85.21345581540291,27.98098522023075],[85.21390673414956,27.981064741229265],[85.21461174923736,27.981430906967653],[85.21529681824478,27.981702358201392],[85.21589723053624,27.98185952553297],[85.21647507243557,27.98209140353924],[85.21692574139486,27.982209248020297],[85.21718258799658,27.98232434291141],[85.21748157531388,27.98251802275678],[85.2180129646382,27.983034609426436],[85.21871797983806,27.983497741211234],[85.21961800458753,27.98373124157973],[85.22019859603239,27.983755433017194],[85.22045681666803,27.983719296499608],[85.2208239522732,27.98358731739711],[85.22132244758654,27.983208328761798],[85.22149719864359,27.98292461935571],[85.22180162176814,27.982639846095356],[85.22199669353257,27.98246885758125],[85.22219139033042,27.98237689167575],[85.22257959614008,27.98224478814716],[85.22290321655115,27.98215163434603],[85.22341934593261,27.982156070382445],[85.22374140353644,27.982196080187112],[85.22393360052425,27.982273351271363],[85.2245122551469,27.982466779787885],[85.22457665350309,27.982486535081325],[85.2251129163391,27.982585561225424],[85.22569300858264,27.98262775819793],[85.2265303829738,27.982766981961532],[85.22704520002145,27.98282555804203],[85.22756114279869,27.982868317685885],[85.22840076749854,27.982759281570477],[85.22880985672629,27.982685631928003],[85.22932661063008,27.982631363000007],[85.22875020645425,27.982246128769237],[85.2284295853554,27.98205263583807],[85.22804562803869,27.981764991289236],[85.22766229534773,27.981418578912468],[85.2275565673557,27.981286416032393],[85.22745052693571,27.98113162070687],[85.22724025754847,27.980691180158004],[85.22701066672043,27.980004917637878],[85.22682096951353,27.979697453063775],[85.22665265329995,27.979315279439714],[85.22676900301782,27.978477032438327],[85.22688098024736,27.978096858022656],[85.22702933472985,27.976267569844914],[85.22699219120494,27.975733037488265],[85.22678373404166,27.975121109107363],[85.22672283416746,27.974740247584375],[85.2267944804274,27.974053607873923],[85.2267763466467,27.97374908101439],[85.22671369766692,27.973596161995548],[85.22652293689634,27.973309015789177],[85.22627196400082,27.972697400083042],[85.22623125935328,27.97246758339148],[85.22625326743186,27.972392935857126],[85.22619942759076,27.971400457357632],[85.22615834810848,27.971247349909568],[85.22611614447395,27.971171015325627],[85.22573324992503,27.97080653545771],[85.22556206063217,27.970729138439097],[85.22521861978566,27.97065093012965],[85.22470261448841,27.970646493971852],[85.22450916851491,27.97068431880309],[85.22392870142404,27.970662441117593],[85.22347897113674,27.97050621017031],[85.2228998789773,27.970387241306558],[85.22244971063543,27.970251328803112],[85.22230015483446,27.970173681817425],[85.22198003429006,27.969962121205587],[85.22178808641338,27.969790071809793],[85.22157638065184,27.96950311349814],[85.22140644119163,27.96931049562012],[85.22117360129032,27.969003406594435],[85.2209176304686,27.96879353419616],[85.22053248583055,27.96861867233366],[85.22008038015643,27.96865431016322],[85.2196929862471,27.96872770953486],[85.21924131792049,27.968743029063422],[85.21898265953237,27.96879948444976],[85.21872381420823,27.968892012947936],[85.21833423329392,27.969118894345197],[85.21736256235708,27.969513391141103],[85.21671707178366,27.969584603233887],[85.21658827381965,27.969547342436186],[85.21632461278368,27.96943687445559],[85.21574583833538,27.96996103180593],[85.21509634963276,27.970357214539444],[85.21457822107205,27.97056265260847],[85.21388802812974,27.970787660196947],[85.21362980681108,27.970823859624648],[85.21216064025286,27.971461867885516],[85.21166283173432,27.971782214843017],[85.21097182735673,27.972101999852587],[85.21068984794749,27.972291807647757],[85.21016897001262,27.972765762451914],[85.20988617974047,27.973106800983636],[85.20940981730955,27.973408892521185],[85.20889081341655,27.973670722708892],[85.2082860903734,27.973915235866315],[85.20794139991382,27.974008577449005],[85.20725226919524,27.974100358350288],[85.20664929590694,27.9742297743202],[85.20658001946848,27.974228149764205],[85.20639126209267,27.9742275875451],[85.20578897670258,27.97435694137868],[85.20561609989824,27.97446910087835],[85.20492690810993,27.97473011853684],[85.20419201299954,27.975221767108728],[85.20412673963109,27.9752968522287],[85.20371658863252,27.975559932073416],[85.20354389967784,27.97563595489818],[85.20268251859291,27.975896223845034],[85.20199307682898,27.976195628490117],[85.20173354394187,27.97634686153199],[85.20113038277675,27.9765710563398],[85.20044250286598,27.976716977408707],[85.20001303111371,27.9767342972709],[85.19977619323916,27.976808570560955],[85.1997111064683,27.976845269069585],[85.19947420683997,27.976975934285427],[85.19927913561612,27.97714692313907],[85.19914708820718,27.977450450545646],[85.19909988626155,27.977832250543123],[85.1989036902903,27.978136402914984],[85.19840638212625,27.97845668794937],[85.1980614422004,27.9785861029072],[85.19737349978377,27.97873427529071],[85.19675258078757,27.978615556114818],[85.19671125175618,27.978442130478005],[85.19649898328018,27.978270206272068],[85.19555450701243,27.978262646940422],[85.19510596423646,27.978106291133546],[85.19491464182023,27.97793192803203],[85.19476845998142,27.97758795269077],[85.19470874673266,27.97718677238721],[85.19469354964346,27.976672372050288],[85.19433891196367,27.97580880745044],[85.19434147334978,27.975580865757916],[85.19443106688517,27.975237076678056],[85.1945834979837,27.975048457467228],[85.19471329480065,27.9749548045878],[85.19490699195654,27.974878593672784],[85.19542330832373,27.974731985126223],[85.19566102032653,27.974619326026403],[85.19579069285301,27.974505354259918],[85.1960496013055,27.974354182885005],[85.19628918794695,27.974069973567406],[85.19635596098313,27.97384146884903],[85.19633751450962,27.973555009098714],[85.1964291079421,27.97309831183492],[85.19639034115583,27.97269694417927],[85.19632806639105,27.97252595746797],[85.19603382886903,27.972007243637922],[85.19566211878066,27.970803080065657],[85.19547204607736,27.970513620530475],[85.1951549260871,27.970168833806195],[85.19504988519161,27.96997571501673],[85.1949859231774,27.96993789217915],[85.19486137520674,27.969593666690116],[85.19473932552143,27.96901924837164],[85.19477058066767,27.968161434151465],[85.19481828295011,27.967761565586002],[85.1950139789356,27.967475480846595],[85.19533922283179,27.967172515258586],[85.19545026231023,27.966869174883797],[85.19448377828374,27.96699490511433],[85.19422537045925,27.967069366081077],[85.19336711407543,27.96715583384929],[85.19302286115655,27.967228794353407],[85.19285085994932,27.967304755305733],[85.19244008478913,27.967567835144994],[85.1922682705922,27.967605472080578],[85.19209708210697,27.96758434171327],[85.19132916880278,27.9672141125613],[85.19081628872036,27.967096705990496],[85.19060233400592,27.967055695028012],[85.19008476813453,27.9673197126402],[85.18971844517002,27.96746732044703],[85.18928859847792,27.967559037473162],[85.18868737513866,27.96761168158461],[85.18825946586539,27.96753184719285],[85.18783086808027,27.967508468191618],[85.18748811522993,27.967486651130002],[85.18740233376396,27.967487339555813],[85.18714492576478,27.967485090122114],[85.18654645179268,27.967325483677577],[85.18637588711569,27.967247962179623],[85.18540608555305,27.966716999252302],[85.18531086149873,27.966665921755393],[85.1850348827193,27.966415537966324],[85.18441808688267,27.965971785844932],[85.18416361628566,27.965721213810895],[85.1836518608062,27.96546832906478],[85.18322463809068,27.965329853640366],[85.18279622895233,27.965326792406756],[85.18228234987228,27.965227391069593],[85.18151362401129,27.964951877401038],[85.18130223053575,27.96468292383225],[85.18085575039072,27.964355017852952],[85.18017755537885,27.963699579466013],[85.17977340258386,27.963409683827575],[85.17960246406203,27.963350229992642],[85.17891802047284,27.963229698376022],[85.17866192472869,27.96311229003873],[85.17838619549302,27.962882223632196],[85.1781549196766,27.962477981213848],[85.17805075354391,27.962190022101293],[85.17797465662714,27.961387224465778],[85.17781021595496,27.96075685253246],[85.17770473855069,27.960583927549774],[85.1774125621854,27.95989360168039],[85.17718047371129,27.959586387467176],[85.176970581135,27.959220343498533],[85.17669422639582,27.958987964090735],[85.17592837538221,27.95850482655889],[85.17498664906128,27.958325591691462],[85.1747286158309,27.95837967107115],[85.17468928593934,27.95809340042029],[85.17469509699866,27.95757656063759],[85.17476512001502,27.957120051408747],[85.17487359702766,27.956986010862426],[85.17506766924306,27.956891857342544],[85.17560274320263,27.956954935574192],[85.17573279097998,27.956879349846574],[85.17592923673044,27.95653693573851],[85.17593054902204,27.95642183974198],[85.17576348437113,27.9560779269841],[85.17570189701341,27.955789593003395],[85.17572546720164,27.955617916867563],[85.17596711552845,27.955049374049107],[85.17601281852457,27.95476241458089],[85.17599587166671,27.954360796486498],[85.17585237568184,27.95367372038314],[85.17582023203418,27.9526426671567],[85.17589031602685,27.952071061933538],[85.1761142054098,27.951157417150007],[85.17618554007714,27.950470777540914],[85.17614558582288,27.950184506041502],[85.1759783324848,27.9497616326981],[85.17591437178666,27.94972380949073],[85.17568190667332,27.949321880675573],[85.17505191384734,27.948000245114358],[85.17452408556288,27.94707947757193],[85.17424773127722,27.946847098380413],[85.17461374159642,27.9467356887165],[85.17480712561968,27.94670017736857],[85.17532269224631,27.94666641474323],[85.17545142794808,27.946703737421046],[85.17602814481805,27.946976439609404],[85.1763481396157,27.947187999605095],[85.17668845601553,27.947458139576867],[85.17713568756272,27.947862819089384],[85.17758248183141,27.94822911119751],[85.17790335154277,27.948345956460944],[85.17867607647275,27.94835289205899],[85.17893292258616,27.948429663012774],[85.1792536058716,27.94858495674779],[85.17936014549814,27.948624592969384],[85.18002152008917,27.949029645972242],[85.18046925142382,27.949357552368916],[85.18117320385774,27.949820872036067],[85.18175016998106,27.950055187525713],[85.1818785300913,27.95005631219485],[85.18252433181573,27.94985218619572],[85.18265269166564,27.949853310149972],[85.18303821043104,27.94989513296087],[85.18335845629325,27.950011977829767],[85.18354965239028,27.950127698570792],[85.18399850826837,27.95026598635983],[85.18470620849486,27.950253103753706],[85.18515737636687,27.95014313165752],[85.18573665435743,27.95012912450548],[85.18605821147685,27.95013087338323],[85.18670295057763,27.950003457476377],[85.18683324746382,27.949833031571465],[85.18724464809144,27.949511309177467],[85.18758927530331,27.94936163872022],[85.18776108906548,27.949324001825907],[85.18810209228458,27.949481296108452],[85.18850511993196,27.949847963557897],[85.18876159042132,27.94994499129984],[85.18961709854109,27.950142981743316],[85.18987356836854,27.95018361786782],[85.19028090805062,27.950186866195093],[85.19094727990827,27.95000280845564],[85.19163690910374,27.949683148575414],[85.19198116169038,27.94961018717009],[85.19249591557188,27.949556105778242],[85.19327007679455,27.949353041788793],[85.19352742222823,27.949355291192802],[85.19412983299077,27.949189864119614],[85.19430183349854,27.94911390385035],[85.19473436778179,27.948812249800763],[85.19499408800992,27.948566238359206],[85.19521160395202,27.948300284451857],[85.19534146465527,27.94820663080512],[85.19579406897005,27.947999567917346],[85.1962241032117,27.947869464543533],[85.19654840980971,27.947663527866663],[85.19678837143914,27.947302608019264],[85.19696037244668,27.94722658402927],[85.19715269439067,27.947267844924635],[85.19732338325267,27.9473634348575],[85.19757735518792,27.947634263525103],[85.19791767085974,27.947904340743936],[85.19808610967964,27.94813534459511],[85.19821365815771,27.94823124723762],[85.19855566149656,27.94830951885128],[85.19915888409872,27.94804925070216],[85.19984645104181,27.94793946497808],[85.20001845234245,27.947865692156945],[85.20038739959554,27.947505959689103],[85.20081799556921,27.94731708902986],[85.20118506801813,27.94707245249126],[85.20151062490888,27.946751356758984],[85.20166311686533,27.946522100562724],[85.2021182209618,27.946087095274525],[85.20224814309077,27.945993441957455],[85.2027867168989,27.945749492412073],[85.20302311690696,27.945693287602737],[85.20319486876821,27.945657900709218],[85.20276914544306,27.945424647346155],[85.2025772607379,27.94530898932753],[85.20242939212015,27.945095927430156],[85.20240932096513,27.945001274586485],[85.20247809408474,27.944619287155383],[85.20249040397653,27.943549473228018],[85.20244969991354,27.9433196562073],[85.20247283242307,27.943168235874005],[85.20243425279388,27.942784936383475],[85.2021657091764,27.941943252629144],[85.20184990060778,27.941424665206714],[85.20162474770851,27.940485577552288],[85.20140872973843,27.94059804970387],[85.20115013458978,27.94071089637865],[85.20052471719842,27.94108876084858],[85.19993862888438,27.941694129863304],[85.19967740895885,27.942034981081108],[85.19946145448768,27.942206095038898],[85.19894532576386,27.94235501698715],[85.19851585478511,27.94240841045051],[85.1973157202643,27.942360215174833],[85.19671699624097,27.942277444359288],[85.19637386934171,27.9422736328379],[85.19603130330789,27.942213429690504],[85.1955164868042,27.942247254670303],[85.19500229569887,27.942224625910793],[85.19440076009512,27.942353979825803],[85.19380028679795,27.94234791917163],[85.19320218874263,27.942208693797955],[85.1924338383274,27.941897168971646],[85.19211490516547,27.941665228013736],[85.19192408251936,27.941472797102964],[85.19160533714326,27.941258923709576],[85.19109258294522,27.94108281252731],[85.1905785789124,27.941021797594615],[85.19006394990991,27.940960844816797],[85.188886384294,27.940702463011288],[85.18820169085713,27.940430761629496],[85.18773263862272,27.940121173239007],[85.18730429129293,27.940003015972206],[85.18704707085449,27.94000070460308],[85.18678909961221,27.9400570970912],[85.18627359551058,27.94009085987433],[85.18593009262663,27.940050975638158],[85.18575915368686,27.939991521304492],[85.18561016051987,27.939895743713734],[85.18535425041567,27.939683558347316],[85.18526978099435,27.939566961561493],[85.18512109970492,27.93939447466252],[85.1850154345767,27.93925993585497],[85.18476202422453,27.93885819362664],[85.18452824804199,27.93856904742162],[85.18448679451294,27.93843625931804],[85.18433898755278,27.938225385179475],[85.18402005478211,27.937937052194933],[85.18323100755029,27.93741352826647],[85.1830391849898,27.937241353474942],[85.18289137845214,27.937030479450275],[85.1823594899066,27.93654984153001],[85.18189118803346,27.936183799145855],[85.18135961217754,27.935682842500338],[85.18118873520545,27.935566934217253],[85.18091238030588,27.9352782258312],[85.18063383862085,27.935258033878846],[85.18003523895426,27.935003650243488],[85.17960701664448,27.93488543021685],[85.17892044905956,27.934900376185286],[85.17866122805832,27.935013160999674],[85.17846653150364,27.93516376821599],[85.17822757013687,27.935447915607075],[85.17800961567113,27.93579057963792],[85.17768443456217,27.936093483252158],[85.17733936995342,27.936261221754805],[85.17708139994366,27.936317614935305],[85.17647755218682,27.936580007958735],[85.17598061892572,27.93691823495967],[85.17554870987857,27.9371634346314],[85.17494529982068,27.93740782175638],[85.17460067243512,27.937498788498367],[85.17408410582584,27.93760919821178],[85.17374122841268,27.937569313126527],[85.17348325735553,27.937623455525074],[85.17322459936679,27.93773624086296],[85.17253365779747,27.938112229366244],[85.17210068608405,27.938434139208994],[85.17199264662919,27.938547923276886],[85.17164739458126,27.93869753105037],[85.17095882735447,27.93888396507369],[85.17070016872843,27.938996749386742],[85.16977026523035,27.939656885834506],[85.16959757675119,27.93973053396355],[85.16935942682981,27.93991990263577],[85.16860408646004,27.940334716601523],[85.16834542863721,27.940447563389228],[85.16808683282416,27.94050170568418],[85.16774364264032,27.940500082654204],[85.16757132833061,27.940535405802578],[85.16739870248603,27.94061136705867],[85.16713935633813,27.940780543214114],[85.16705382462898,27.940799298637053],[85.16666311999356,27.941159218987856],[85.16608078052346,27.941477878413465],[85.16530449325451,27.94177784573201],[85.16489752979484,27.9418647485671],[85.16470227016066,27.941907074576672],[85.16444342503452,27.941999540595454],[85.16418476658266,27.94211226327256],[85.1640985469866,27.942128830926283],[85.16390322626889,27.94233808088676],[85.1637722413265,27.94256489778989],[85.16370346904753,27.94302359608062],[85.1636375072742,27.943155071745288],[85.16346375712013,27.94336413483262],[85.16324748971066,27.943514929953146],[85.16272923655472,27.94377657185827],[85.1623405936794,27.944021333379425],[85.16218841374008,27.94423027112642],[85.16207531236667,27.94476380310375],[85.16196633542728,27.944915911338644],[85.16170642807272,27.945141540784686],[85.16155518521589,27.945255700254318],[85.1612965271561,27.945368422195845],[85.1609522746306,27.94544132056503],[85.16078008547785,27.945440508607568],[85.16043739477604,27.945359924680453],[85.15992513982624,27.94510697803537],[85.15947797111468,27.944758690625612],[85.15930728187608,27.944663100730423],[85.1588396051839,27.944181775001894],[85.15837099038377,27.943851742434145],[85.15802967427695,27.943658313068212],[85.15796596263635,27.943582102933373],[85.15687724089165,27.942961614856316],[85.15653511300634,27.94286296279932],[85.15623431363525,27.94284064512907],[85.15620855717899,27.943280961985568],[85.15637662218523,27.943663198297696],[85.1565033579197,27.943817868184038],[85.15665085254366,27.944123519318616],[85.15743208906471,27.945351376161096],[85.15777103107705,27.94579312862094],[85.15851106418886,27.94690851523499],[85.1589556076769,27.94748474422553],[85.15925109688965,27.948021650513944],[85.15939690377122,27.948404074809343],[85.15960810944595,27.948788186583297],[85.15985926955474,27.949399926759696],[85.15989978691171,27.949629744360067],[85.16004628159985,27.95001216829803],[85.1605491638576,27.95116344132569],[85.16077937878534,27.951775307574863],[85.16090574017747,27.952004436405833],[85.16100896882257,27.952387236385377],[85.16111482101309,27.952542031018965],[85.16132384022829,27.953077374382516],[85.1616198281404,27.95353750812424],[85.16181121362976,27.953730001074337],[85.16196076954853,27.953807710966846],[85.16253461192615,27.954348991300424],[85.16300104001066,27.954943100739214],[85.16327520761344,27.955385354688033],[85.16339807016053,27.955998159014012],[85.16334980496097,27.956474799360443],[85.1633491178577,27.956531128141513],[85.16323445484896,27.95727465988304],[85.16322570811492,27.958114281146916],[85.16315843442365,27.95841949648358],[85.16315318639813,27.958877630559304],[85.16319376471557,27.95910525977427],[85.16316450996031,27.959868296861465],[85.16311880668664,27.96017332405056],[85.16289791712978,27.96078225400861],[85.16268866133574,27.962307391370103],[85.16270460849941,27.96284211064191],[85.16284997831612,27.9633011818781],[85.16304098902305,27.96351399385124],[85.16383428488338,27.963653968214064],[85.16489812042833,27.96395867686711],[85.16520410982478,27.96404632532206],[85.16640237191538,27.964496576727523],[85.16657287283527,27.96457409779872],[85.1669568303533,27.964825857286375],[85.16761507855773,27.96534606933477],[85.16788993300628,27.965673226338826],[85.1682693911634,27.966268024140078],[85.16845915223797,27.966717780472507],[85.16885361873952,27.967648739076612],[85.16914323245935,27.968510615385988],[85.16966668484207,27.96960293369881],[85.16989852279849,27.96994853379094],[85.17072533606591,27.970717817966985],[85.17138664717736,27.97104841163399],[85.17223990488202,27.971379691694356],[85.1733518827041,27.9716567670872],[85.17411998381164,27.97198873484165],[85.17446086246258,27.97218216532057],[85.17531411942346,27.972572025191045],[85.17591303104169,27.972711374468798],[85.17642522334246,27.972887486648762],[85.1767662883186,27.973042530092464],[85.17708572113241,27.97325421527892],[85.17723440255841,27.973370310813387],[85.17746742882407,27.973639076540056],[85.17761398548507,27.973908654744573],[85.1781538844616,27.975402528501206],[85.17830062819503,27.97569011142685],[85.17876518103138,27.976322544725235],[85.1790402854384,27.976611315802696],[85.17908330100914,27.97665157728601],[85.17942111809076,27.977093267447017],[85.17990898991893,27.977535895164024],[85.18016464858212,27.977671370702875],[85.18093393683876,27.97792650426443],[85.18187460140885,27.9781644440325],[85.18290123503033,27.97836318404448],[85.18349845880743,27.978635635906848],[85.18407342550336,27.979021120744196],[85.18432758413137,27.979253625021613],[85.18464389332517,27.97975189446057],[85.1848083958681,27.980325937408157],[85.18480520883189,27.98061258397555],[85.18471361648805,27.98112792394477],[85.1854580216152,27.9816111864186],[85.18560632844137,27.981801741542498],[85.18600966877564,27.982130023748685],[85.18664653422779,27.982709002406146],[85.18709226535242,27.983075295152798],[85.18764372525206,27.983632455957316],[85.18796234539911,27.98388471517516],[85.18840901392957,27.984212559007798],[85.18872888358152,27.984349722418006],[85.18898566773429,27.98440842583823],[85.18988612837711,27.98445255942298],[85.19098328449202,27.98423311352071],[85.19182084661023,27.984162651015506],[85.19252842235862,27.984188154325572],[85.19369004044324,27.983986275884515],[85.19433346794688,27.984009967103194],[85.1947831361001,27.984091863604466],[85.19510494398736,27.98411155521119],[85.1955560482388,27.984039905751175],[85.1958791685429,27.983946877077475],[85.1964610075861,27.98368448378435],[85.19704241062493,27.9834989263776],[85.19749407782103,27.983425027024694],[85.19800895773058,27.983429525922368],[85.19839435093913,27.9835074209507],[85.19850176634694,27.983508733706838]]]}},{"type":"Feature","properties":{"province":"Bagmati Province","district":"Nuwakot","municipality":"Bidur Municipality","ward":"13","wardNumber":13,"sourceMunicipality":"Bidur","sourceType":"Nagarpalika"},"geometry":{"type":"Polygon","coordinates":[[[85.12648819434159,27.97246219265053],[85.12661836629118,27.972330278476406],[85.12683544585836,27.97206444963624],[85.12696680512875,27.971797057308734],[85.12701225788443,27.971586807871496],[85.12705621142486,27.97147358666785],[85.12710147675097,27.971245269944138],[85.12741027310554,27.970387453464593],[85.12771638317929,27.969816221522528],[85.12810890079312,27.969246552136834],[85.12847697252113,27.968884694053514],[85.12893151472143,27.9685446541916],[85.12990368543284,27.967981483732547],[85.13035772686479,27.967641506598884],[85.1306166973194,27.967490398371165],[85.13074593285513,27.96745326172046],[85.13093956717805,27.96743588047617],[85.13119647623012,27.967514964796536],[85.13164433208969,27.967804672443016],[85.13177313023573,27.96784424591203],[85.1321167584458,27.967827864570147],[85.13226856377639,27.9676957000756],[85.13242193109649,27.967353660698087],[85.13261825161702,27.967047319613933],[85.13307229334843,27.966707405048837],[85.13352621130443,27.966482461883515],[85.13423909901775,27.966050080950996],[85.13488646313341,27.96578968819371],[85.13561979628649,27.965431579265168],[85.13600937624966,27.965186880556978],[85.13655251225656,27.964620461024303],[85.1367490831456,27.964278046873243],[85.13677271587359,27.964106308923565],[85.13669030775435,27.963761708195804],[85.13654431377789,27.963358965137648],[85.13614153579384,27.962879327006945],[85.13590663448366,27.962723281887676],[85.1356729212096,27.96249277854949],[85.13511877483954,27.962124985161097],[85.13439356420194,27.961679608353464],[85.13422231202875,27.961602086372164],[85.1337319401356,27.961310440918567],[85.13341263200066,27.96104005115526],[85.13288330511502,27.960311026852324],[85.13254261439914,27.96005870496341],[85.13207499925691,27.959577377917277],[85.13188336498536,27.959423209507527],[85.13107887063482,27.958384971044428],[85.13069591310641,27.95803830891137],[85.1301654619329,27.95744238646463],[85.12976305944667,27.956942429285366],[85.12895793981303,27.955904128223807],[85.12866120222289,27.95553870958963],[85.12806528960277,27.95505613353528],[85.12742811123447,27.95445883643217],[85.12698437824338,27.95376738621323],[85.12654602019194,27.952617738311087],[85.12648599481898,27.95216010379705],[85.12649005631765,27.951814752121127],[85.12651706299718,27.951299975740028],[85.12662991445848,27.950786762076344],[85.12665629642545,27.950328502823783],[85.126618653772,27.949829980991147],[85.1266204660564,27.94969681670215],[85.12657994913215,27.949466937241066],[85.12624569441776,27.948605373603176],[85.12608162799833,27.947859718151012],[85.12614852709976,27.947631149816765],[85.12643287965565,27.94717526486386],[85.12641330856594,27.947003902089595],[85.12632890124117,27.94683085195809],[85.12622692254133,27.94637127962259],[85.12620872619433,27.946028366913744],[85.12629794513487,27.945743282136593],[85.12675517349369,27.945116658647756],[85.12693148641259,27.944718040782377],[85.12711123508802,27.943974071294367],[85.12711667189349,27.94345948210763],[85.1269936847466,27.9429413929549],[85.12678235428257,27.942595604695473],[85.12650681145477,27.942306771616924],[85.1264446622502,27.94207701680609],[85.12651087334977,27.94190721648216],[85.12685812555013,27.941565864971093],[85.12746316046102,27.94122688695716],[85.12765773225534,27.941058336583787],[85.12781028759134,27.940887785532976],[85.12783291998932,27.94073417780548],[85.12749366665302,27.94036907228125],[85.12725889039847,27.940215278128687],[85.12700291920449,27.9400977454826],[85.12666254047213,27.939807161246705],[85.12640594434193,27.939691941735134],[85.12614922317384,27.939630862580174],[85.12578571235932,27.93949382451672],[85.1256367179659,27.93934165551656],[85.12542663759548,27.938937162261983],[85.12532034733456,27.93880262354817],[85.12506581333636,27.938572245086586],[85.12480990448012,27.938398320068472],[85.12438130680286,27.9382979802501],[85.12384617059357,27.938282041102212],[85.12321524866532,27.938458721229654],[85.12259633254482,27.93863077507881],[85.12181592032518,27.93909985395971],[85.12123020559375,27.939533422042032],[85.12105732833129,27.93958900218933],[85.1205418239674,27.93956380967008],[85.12030698597654,27.939466470102253],[85.12015792991126,27.939368379430057],[85.1201158512237,27.939291981981196],[85.11999130318313,27.938983829976802],[85.11991158291005,27.938524070328373],[85.11966186142381,27.937966408047732],[85.11955575870819,27.93784993658161],[85.11893965088808,27.937365234578536],[85.118793532626,27.937057207272797],[85.11843583325802,27.9364981700981],[85.1181217119643,27.93592075264104],[85.11805956312206,27.935747451519077],[85.11790081081857,27.93482799475676],[85.11788392682791,27.934485081768788],[85.11776031572738,27.934079901244058],[85.11753603857716,27.933217336405885],[85.11750220960555,27.932585712858977],[85.11748307682099,27.932394032360737],[85.1164940212867,27.932460744170058],[85.11477738146786,27.9322670713002],[85.11400753110415,27.93202956799024],[85.11340961904162,27.93177487162128],[85.11289349033918,27.931806133653463],[85.11211801469325,27.93195005473287],[85.11177426176657,27.93194611781634],[85.11074512780174,27.931762631538543],[85.11031790516043,27.93160583813602],[85.10971911867303,27.931387214493235],[85.10877826653629,27.931072063728266],[85.10852167058903,27.9309545305214],[85.10828751993829,27.930798486093565],[85.1080968850366,27.93060367943218],[85.10771417869142,27.93033141405794],[85.10754336431421,27.930271834968934],[85.10711407948506,27.930230200629218],[85.10642594892872,27.93027859342237],[85.10599472708022,27.930349741544216],[85.10565116123216,27.930366060244417],[85.10545783982532,27.93034505526142],[85.10507207036338,27.930264658041143],[85.10344452549148,27.929900872214176],[85.10267048731507,27.929929634481056],[85.10198035629936,27.930095374705676],[85.10172257379413,27.93011100570181],[85.10120713195907,27.930085875513292],[85.10035062383375,27.929885008824822],[85.09974896264478,27.92987857280018],[85.09923189627412,27.93000454940958],[85.0988872680754,27.930038936841488],[85.09845917098077,27.929920466376533],[85.09820326236628,27.929802933412166],[85.0975422016064,27.929451583208397],[85.09737201289902,27.929333362301804],[85.09685994567072,27.92908016512963],[85.096430972741,27.928997830508578],[85.09582906124302,27.92902971810525],[85.09531443259245,27.928966076828765],[85.09467300478985,27.928729761342947],[85.09439390051361,27.928707130975283],[85.0938793336857,27.92864355239741],[85.09310454604308,27.928730956712517],[85.09276148031655,27.92866818995787],[85.09233494511139,27.928452691353968],[85.09180362018778,27.928046200253178],[85.09137664746936,27.927848706076098],[85.09103658223766,27.927578315911546],[85.09084638516555,27.927365441806415],[85.0906084843041,27.927457595395925],[85.09028567674756,27.927512050713883],[85.089749039973,27.927466665412418],[85.08884689161376,27.92745579126228],[85.0881574482056,27.927562764134954],[85.08746606812572,27.92786166743722],[85.08651771641138,27.928060981390043],[85.08578088232964,27.928511429402153],[85.08431627688647,27.928800584072512],[85.0840585565832,27.92881840310995],[85.0836310843676,27.928697619813786],[85.08337455101018,27.928580024080862],[85.0826900446593,27.928420668747403],[85.08234672916444,27.928396288140323],[85.0820023515703,27.9284509310415],[85.08174363083539,27.928563527686848],[85.08153292883826,27.928770589585792],[85.08124294833043,27.929054987123784],[85.08089644510568,27.929224663650366],[85.08057088787052,27.929450669333622],[85.08048466863323,27.929469425266966],[85.08024558103163,27.92963828909237],[85.07955307550716,27.930016090583084],[85.0783417537521,27.930540250642785],[85.07719264325083,27.93125559132862],[85.07693242181207,27.931406575010087],[85.0767597334034,27.93148016014312],[85.07656522416829,27.93153580179736],[85.07643517558007,27.931611324678048],[85.0758488980996,27.93206496106787],[85.07560899764455,27.93229252891331],[85.07545750435757,27.932386307661428],[85.07521954226745,27.9324807113436],[85.0749820785943,27.932554796562105],[85.07465745945318,27.932685961987076],[85.07420191631005,27.933005433447665],[85.07404923538606,27.933175921432568],[85.07389455546503,27.933461505963614],[85.07393007161436,27.93403667535686],[85.07394939277447,27.93419003290163],[85.0737300632218,27.934494122927813],[85.07357850669185,27.934587838782093],[85.07325476275757,27.93468068046143],[85.07305962769173,27.934795027693507],[85.0728657438194,27.934850669298786],[85.07202636931035,27.934897875370563],[85.07144490314874,27.93494976846006],[85.07066711571572,27.935249235571334],[85.07027872221158,27.935358332109978],[85.06950412133786,27.935407287856364],[85.06860109842678,27.93537815866074],[85.06788989680624,27.935543960251813],[85.06756408962437,27.935751773067608],[85.06704583571533,27.935956711330572],[85.06633094648524,27.936332387253298],[85.06574666865265,27.936612284986804],[85.06509874171199,27.936815910720934],[85.0643878527772,27.936943264539966],[85.06389160634153,27.937071241446887],[85.06322298424637,27.93723666880685],[85.06289792645617,27.937385838844335],[85.06270329202695,27.937497935335738],[85.0624427592247,27.937687242687982],[85.06231496210854,27.93780559052685],[85.06250209551654,27.938032093559446],[85.06258662816204,27.938169133681562],[85.06281884069686,27.938458467173323],[85.06315953253268,27.93873117032906],[85.06373562343595,27.939042696833027],[85.06413771340674,27.939488638482203],[85.064285019734,27.93973802287366],[85.06456256128861,27.939857744340337],[85.06516359772029,27.93992076048234],[85.0653348500529,27.94001872517085],[85.06537624094487,27.940095185197762],[85.06563139929528,27.940327877063098],[85.06567116578451,27.9405600699193],[85.06577439351014,27.940848091941394],[85.06598791125629,27.94098413101863],[85.06618079565122,27.941023266355163],[85.06643739191813,27.9411408625322],[85.06662840154756,27.941315412484702],[85.06679577837325,27.941661700737793],[85.06683548246727,27.94189158084171],[85.06702511667655,27.942181227377635],[85.0670890785128,27.942219112954376],[85.0672824004838,27.94224018053955],[85.0675411216218,27.942186226476384],[85.06788762420213,27.942016549229113],[85.06823269042626,27.941964220195626],[85.06840312928709,27.94204186676548],[85.06889368826539,27.942372086981287],[85.06916841820727,27.94271974948109],[85.06927327055195,27.94291299355537],[85.06933716954646,27.94295087945085],[85.06948516340644,27.943143810131488],[85.06956819570742,27.94337562777388],[85.06956544585223,27.943547178858218],[85.06966854900193,27.943891654420902],[85.06979340988673,27.944181801134192],[85.070175991757,27.944510583169166],[85.07045159641326,27.944819860025977],[85.07114817394616,27.945802958394175],[85.07127297211372,27.94609085445004],[85.0713998959223,27.946263654660918],[85.07184481468097,27.94672960194283],[85.072393460937,27.94753777443161],[85.07260135437083,27.948057425473067],[85.07279030144132,27.94840352626943],[85.07286983459983,27.948863286398165],[85.07301557863823,27.949209699833403],[85.07305597015923,27.949439579434525],[85.07326242550425,27.95007438988041],[85.07343192764998,27.95024912836631],[85.0737524229772,27.95040460931026],[85.07418214476264,27.950428301773982],[85.07452521023039,27.95048881783803],[85.07461030470387,27.950546834086666],[85.07475836133966,27.950739765227162],[85.07454015658979,27.950967145497735],[85.07434539760193,27.951061174191796],[85.07423704541476,27.951156827978366],[85.07408248971065,27.951460480564386],[85.07395000385425,27.951689423908135],[85.07388329284124,27.951879542014414],[85.0738547235289,27.95239656956259],[85.07365465220737,27.95285401703477],[85.07345801771837,27.95308120989995],[85.07330252483574,27.95348189064101],[85.07325588399505,27.953712459065184],[85.07325025927949,27.954170655949884],[85.07337443260593,27.95451719469849],[85.07349998167604,27.954748699570032],[85.07392326668977,27.95526897510594],[85.07408926966593,27.955730297446593],[85.07410671471726,27.95601675654359],[85.0741883097429,27.95636367066815],[85.07418618573588,27.956535221014146],[85.07404957584089,27.957050873391598],[85.07400149772627,27.95745292913643],[85.07373577758112,27.958023722827818],[85.07339697100313,27.959227015926864],[85.0734346133803,27.959628445662872],[85.07343048872907,27.95991734366076],[85.07338447222418,27.960145660202414],[85.07339566878096,27.960892567458405],[85.07366483666611,27.961698427388114],[85.07367890791846,27.962217329866526],[85.0736314551616,27.96256074370102],[85.07362583081175,27.962962549324917],[85.07360226041895,27.963134162474475],[85.07351304090584,27.963362854639843],[85.07351016630925,27.96359311056101],[85.07365322365878,27.96416971611836],[85.07362390343847,27.964743197140944],[85.07346772288581,27.96514387860482],[85.07337987856917,27.96525734932657],[85.0730535085005,27.96554193465604],[85.07259765323428,27.965843462941702],[85.07205676634992,27.966086912253097],[85.0712801032804,27.96627128303439],[85.07110666451649,27.966403510753555],[85.0710185708296,27.966555430034465],[85.07101632096472,27.966717915983935],[85.07101282084757,27.966936854723123],[85.07090053136982,27.967280768782036],[85.07070252187515,27.967566666669057],[85.07052820797011,27.967737342264577],[85.07008961105335,27.96830719999914],[85.07002271150395,27.968479250414394],[85.06994956355848,27.969053044270296],[85.0698833520092,27.96916639030099],[85.06979138295883,27.969566571010027],[85.06945945105274,27.97019657042796],[85.06932765224006,27.97036680868875],[85.06913170621333,27.970537609526897],[85.06872005339119,27.9707439225866],[85.06834998008497,27.971046950508438],[85.06821905803653,27.971178865553792],[85.06767029527516,27.971918897494614],[85.06753987236735,27.972032744455912],[85.06736418373943,27.97226206262957],[85.06677628020843,27.972772152941154],[85.06668956107428,27.97280891415477],[85.06599317995195,27.97333788588214],[85.06564586470445,27.973566266747135],[85.06549362117238,27.973659982457583],[85.06536363547427,27.973753510843885],[85.06551219219207,27.973869731531035],[85.06589471165987,27.974180445650443],[85.0672414668889,27.974768049843558],[85.06775297178731,27.975080013551068],[85.06860397946951,27.97572113488751],[85.06883713075423,27.975972082495144],[85.06898618698465,27.976067984920302],[85.06915475036466,27.97628110959236],[85.06941053406864,27.976437028603538],[85.06979624163874,27.976555874420168],[85.0699251647735,27.976557123820285],[85.07050756784861,27.976446525881492],[85.07076566400335,27.97644902579662],[85.07121595722778,27.976549302993195],[85.0714077799044,27.976667461547553],[85.07153657732674,27.97670703475556],[85.07192428477937,27.976710783902583],[85.07205358285927,27.97667371035751],[85.07224927981032,27.976541295747573],[85.07250893818352,27.97644676601267],[85.07270482279215,27.976334607380227],[85.07309421685734,27.97618487393851],[85.07400167808584,27.97598368536306],[85.0743247985312,27.97600600291042],[85.07471063046995,27.976142853208607],[85.07496910209765,27.976183738844444],[85.07529241021494,27.97616767054083],[85.0754437155798,27.976110027991748],[85.07551074024838,27.97607570488251],[85.07559595969596,27.976016312228367],[85.07585886809652,27.975675772485573],[85.07603593150733,27.975331295798384],[85.07608063407152,27.975159432960147],[85.07621311993803,27.97493274012647],[85.0763224724552,27.974819080978317],[85.07664746776013,27.974649467084337],[85.076777015085,27.974630398396318],[85.07703567416776,27.97463289846136],[85.07735785679104,27.97469353971857],[85.07774625133719,27.974697288865467],[85.07806980955127,27.9746428336938],[85.0783310306546,27.974453464002398],[85.07889467569376,27.974191759104734],[85.07926381193504,27.9739270548414],[85.07937372689736,27.973793139882865],[85.07946294581139,27.973564447036043],[85.0795584771452,27.9728211654788],[85.07969071151832,27.972571904169534],[85.07986458852831,27.972478001051343],[85.08005984811986,27.972365841606106],[85.08057928985563,27.972197039587854],[85.08153314498095,27.97206537113393],[85.08161498758986,27.972053429723253],[85.08168007361745,27.972016855817596],[85.08206765514542,27.971943832517194],[85.08219607846601,27.971945082584572],[85.08264899540418,27.971797099456605],[85.08286607507064,27.971646428923123],[85.0829971861118,27.97147612847225],[85.08308902960964,27.970999175043982],[85.0831986314083,27.9708471301724],[85.0837783472782,27.970851565670404],[85.08397110694527,27.970872633829984],[85.08416386643952,27.97095234362936],[85.08444284504105,27.9709546550481],[85.08463723029944,27.97088100727901],[85.08494134086767,27.970596421899362],[85.085096896072,27.97019574147264],[85.08512165462533,27.96994729287684],[85.08516566959388,27.96983413511676],[85.08525257689577,27.969758924705893],[85.08538187447637,27.969721788303183],[85.08553161810184,27.969761299382185],[85.08627471219059,27.970477568040042],[85.08644633865545,27.9704784425833],[85.08661908985177,27.970404795324576],[85.08681503598154,27.970177602201712],[85.08690706719588,27.969718779847824],[85.08695077060692,27.969643944676317],[85.08710232627026,27.969547978653384],[85.08716791215858,27.969434570070476],[85.08717066245933,27.969263082083874],[85.08700122267796,27.969031952085256],[85.08662651455583,27.968109620499437],[85.08667184333513,27.967937757613885],[85.0869530717105,27.967788837184493],[85.08721123025818,27.967732631750472],[85.08766483536638,27.967528195034404],[85.0879236184727,27.96747424014587],[85.08837734832925,27.967229165790172],[85.088571295851,27.967175711836333],[85.08870078059174,27.967100188858268],[85.08915388626379,27.966970148422686],[85.08973491426524,27.966861801249983],[85.09011155292951,27.96671888231364],[85.09070602331485,27.96649074930425],[85.09089921958912,27.96649143626041],[85.0912225893236,27.966418913069823],[85.09167363226827,27.966404031424343],[85.09193216589546,27.966329757965113],[85.0924728656611,27.966068241574874],[85.09266812401259,27.965897377643557],[85.09288770388713,27.965554900709815],[85.09312691685852,27.965327270591423],[85.09325683961934,27.965233742318343],[85.09358089704996,27.96510251399246],[85.0940567591227,27.96484143562934],[85.09436080796357,27.9645569749577],[85.09447028517947,27.96438454883725],[85.0945372464119,27.964214749002117],[85.0945893242033,27.96352598341128],[85.09453336179016,27.962892297374164],[85.09443213342357,27.962432663338614],[85.09446126562827,27.961859244625963],[85.0945718678862,27.961610108583162],[85.09468022035655,27.961516704906956],[85.09480976778563,27.96149763673161],[85.09502359815728,27.961538772564964],[85.09532077292025,27.96182979446705],[85.09540430544375,27.96198258862119],[85.09562839440669,27.962903858033293],[85.09579220911887,27.96351866278866],[85.09596089889858,27.963731724410497],[85.09610989240008,27.963827564556198],[85.09634291733524,27.964060381923176],[85.09646921642488,27.964291824015202],[85.09650792033538,27.96459847621452],[85.09661027369343,27.964983588581624],[85.09682060382048,27.965291052814166],[85.09707657438894,27.965408648779366],[85.09735536659043,27.96544928437046],[85.09752599302,27.965547186965214],[85.09771712748618,27.965721737226396],[85.09788600415168,27.965952805010296],[85.09792633345816,27.966105974399596],[85.0979226465257,27.966433258159434],[85.09800611630413,27.96658605279518],[85.09815185875408,27.966717965909773],[85.09819737580834,27.966760539925435],[85.0983252361303,27.966838500176763],[85.09915923603171,27.967113889200377],[85.09954569189354,27.9671198261748],[85.09969606075087,27.96710057032173],[85.09999804718008,27.96698984836367],[85.10044934083847,27.966995285080078],[85.10070699832741,27.96695933545828],[85.10079365539542,27.96692251206491],[85.10103099303755,27.96682817053437],[85.10120418232071,27.96673420491372],[85.1012306916897,27.96671820010182],[85.10148522321848,27.96656490303533],[85.10159426275581,27.96647150022163],[85.10192125679112,27.966071693287894],[85.10236022830092,27.965368547665932],[85.10296920151129,27.964763366481453],[85.10342318089045,27.96453854806184],[85.10374942552737,27.964253837349872],[85.10400864653228,27.964123110355544],[85.10426855491045,27.96393374102766],[85.104592987034,27.963784382685876],[85.10498369256541,27.963463036336254],[85.1054379226556,27.96319989426562],[85.10608553678851,27.962957694624645],[85.10614931022471,27.962977512995586],[85.10673158886853,27.962810335525027],[85.10724703050202,27.96281746035109],[85.10769619878877,27.962935680459115],[85.10808259252599,27.962939304043218],[85.10878835632771,27.96315930270077],[85.10947080067139,27.963528407122464],[85.10987407757112,27.96387725780028],[85.1100850339673,27.964186972666862],[85.11035570032786,27.96480315218761],[85.11052501481575,27.965013900926717],[85.11058647749181,27.96524584373891],[85.11077473729273,27.965630267779414],[85.11098119332325,27.96624469751208],[85.11121359399853,27.966533969007916],[85.11131400719214,27.966718209687834],[85.11138134625767,27.966841683206095],[85.11184877243113,27.96724873846299],[85.11203928297208,27.967479617498913],[85.11222860557838,27.967787269606617],[85.1123954820929,27.968189949374135],[85.11251953130193,27.968574811334843],[85.1125167818984,27.968805004720323],[85.11235841434149,27.969413433876213],[85.11235528980431,27.969720336219932],[85.1124376348644,27.969949841118186],[85.1125214799857,27.970122953510884],[85.11279408508027,27.970680429205864],[85.11317622941847,27.971009085813485],[85.11379502465724,27.971360623220697],[85.11404974576388,27.971593253093076],[85.11438862427651,27.971978613957354],[85.11490025440263,27.97229051625638],[85.11502836486191,27.972330089318582],[85.11522162469305,27.972330775675662],[85.11580327730397,27.972165786841888],[85.11593232478519,27.97216703642723],[85.11631740646638,27.972285757085036],[85.11670136343825,27.97248125031734],[85.1168294740624,27.972577214541598],[85.1172784546178,27.972733820676133],[85.11753636367095,27.972718190039345],[85.11773074776218,27.972644355092],[85.1178591084102,27.972645604836977],[85.1181808532507,27.97266779715964],[85.11856612272621,27.972804585031746],[85.11888755492194,27.972847033436313],[85.11914496303352,27.97284953316256],[85.11944670047484,27.972777072141874],[85.11959981802801,27.972586265441215],[85.119793952063,27.972494424927376],[85.12018078426364,27.97247773065242],[85.12056842778176,27.97240683306612],[85.12071992126077,27.972310803990702],[85.12115389279195,27.971934879038148],[85.12134733930368,27.971897241200022],[85.12205622850136,27.971925308449716],[85.1225302165831,27.971795017688727],[85.12272503813767,27.971644472753038],[85.12287840582951,27.97141753008891],[85.12296687524216,27.971188900047036],[85.12316682099801,27.970675060608837],[85.12321552590491,27.970651991351534],[85.12341028579223,27.97056015065494],[85.12356390592596,27.970601786411432],[85.12386676676735,27.970393911591227],[85.12399687690386,27.970261934453443],[85.12441046483144,27.96968982699184],[85.12484218603632,27.969465133412847],[85.12514598486707,27.96916248083661],[85.1253184856621,27.969068577538238],[85.1254907369602,27.96901299735583],[85.1256621140667,27.969052195974438],[85.12576790382226,27.969204802522555],[85.12589332841306,27.969589664447472],[85.12603369959577,27.970622155098262],[85.12630449383506,27.971486532294268],[85.12644699011709,27.972291017985654],[85.12648819434159,27.97246219265053]]]}},{"type":"Feature","properties":{"province":"Bagmati Province","district":"Nuwakot","municipality":"Bidur Municipality","ward":"3","wardNumber":3,"sourceMunicipality":"Bidur","sourceType":"Nagarpalika"},"geometry":{"type":"Polygon","coordinates":[[[85.10518961836047,27.89266279880715],[85.10571124532228,27.89199960164545],[85.10588424577476,27.891849306422735],[85.10601304387679,27.891773783011956],[85.106292772123,27.89168131752181],[85.10642250656885,27.891569596623125],[85.10670617192899,27.891113710600404],[85.10694382092109,27.890886142898456],[85.1076749662715,27.890647756785107],[85.10810756182167,27.890231319642897],[85.10830157152819,27.890139479203395],[85.10901014518299,27.889937416033213],[85.10926855354056,27.88980668905054],[85.10952646172937,27.889752671558437],[85.1097206572434,27.889620256233854],[85.10997862783272,27.88950759692429],[85.11030024714124,27.889473397961943],[85.1104928812511,27.889496653813858],[85.11087933748942,27.889405499542644],[85.11109410347596,27.8892932159218],[85.1114400434738,27.88902863607618],[85.11191652965388,27.888557620159787],[85.11236900850488,27.888276348478758],[85.11284274589664,27.88803327395072],[85.11353562363803,27.887352883170035],[85.11370981207558,27.887125815951325],[85.11375370222967,27.88701034359013],[85.11375782708905,27.886667306073907],[85.11369636471144,27.886437551387846],[85.11344326883003,27.886089825213446],[85.11325425839473,27.885741536675482],[85.1132563203154,27.885569985837893],[85.11332390573202,27.885285089670656],[85.11332796836038,27.884939800248986],[85.11328751375626,27.88470992043473],[85.1131829109251,27.884478290138695],[85.11316546519919,27.88413537734775],[85.11321066771859,27.88396351445648],[85.11320691440022,27.88359796953808],[85.11325468011638,27.88336058644587],[85.11336159194919,27.882827117411328],[85.11334733287285,27.882366793972597],[85.11320815103758,27.88161870024742],[85.11306503246267,27.881157190261202],[85.11305221136352,27.88058408493516],[85.11278679487843,27.87971958241732],[85.11305539030819,27.879033628991507],[85.11331723596498,27.878749356680657],[85.11360002716802,27.87852366415187],[85.11366548844846,27.878466709173036],[85.11447128380651,27.87778763096402],[85.11501567012994,27.877313800880504],[85.11452673629871,27.876945383048945],[85.11391356665938,27.87634552288526],[85.11376644819536,27.876114267439593],[85.1137036740134,27.875997421248115],[85.11357943848991,27.8757095876383],[85.11322948884677,27.874710358512832],[85.11312844932634,27.87432749663479],[85.11304491660573,27.874172450960533],[85.11289623528212,27.874038287767057],[85.1125380369891,27.873592033062845],[85.11243405919411,27.87336271655394],[85.11235346479089,27.87305418848365],[85.11233751883887,27.87267282719596],[85.11222047039277,27.871906539960726],[85.11213981318681,27.87159794988701],[85.11203589821078,27.871368632449432],[85.11186708399538,27.87113525242985],[85.11129586809822,27.870593659178738],[85.11078561394265,27.870243558353028],[85.11027404763739,27.87000843009378],[85.11001957648872,27.86977579996259],[85.10976760542124,27.86940994366909],[85.10964068252221,27.869293598108822],[85.10913086570876,27.868923117151873],[85.10836420221818,27.868455420980936],[85.10804651990993,27.86818252943679],[85.10764518079183,27.86773890196271],[85.10749868712894,27.8675076466404],[85.1073339980578,27.867046325029275],[85.10665011726594,27.86679006550325],[85.106265910907,27.866650964229304],[85.10594735296873,27.866418772565016],[85.10569131991807,27.866280920973104],[85.10524296427003,27.86614232031419],[85.10427566764479,27.866170395264895],[85.104189948436,27.866168833296996],[85.10375960167129,27.86618358971526],[85.10260017040865,27.866170341533607],[85.10195343123948,27.866315387599798],[85.10143511390451,27.866482064469412],[85.10098382146298,27.866494695035758],[85.10059642852838,27.86654746247649],[85.10014226076194,27.866715764696327],[85.09975305418187,27.86690175912156],[85.09916615180063,27.867317196150093],[85.09871304664567,27.867465242332734],[85.0980638076317,27.867743451948318],[85.09747909211038,27.868061861085824],[85.0972197460451,27.868154202280554],[85.09670186736538,27.868302748367466],[85.09624926190847,27.868374084377695],[85.09566848329122,27.868329011415412],[85.09534661373537,27.868268433192014],[85.09405525840882,27.868271878208958],[85.09353719167514,27.86834146340694],[85.09347273004214,27.868360032063006],[85.09310621897099,27.868414862375857],[85.09278272443396,27.868448998913507],[85.09207152255182,27.868497516403583],[85.09149186880035,27.868375733949545],[85.09123383572648,27.86835297905529],[85.09065486952721,27.86823344624026],[85.09020507639688,27.868074526988288],[85.08950018718014,27.867682915919804],[85.08926628628801,27.867470354504817],[85.08922608238976,27.867258542110598],[85.0893719406984,27.866036432317372],[85.0893571830067,27.865576172119578],[85.08929465877502,27.86542325305858],[85.08916748488795,27.865268395499207],[85.08899648331456,27.865190811315816],[85.08865310602617,27.86512810701085],[85.0883945718299,27.865125607109906],[85.08820206284707,27.865045897222775],[85.08801067740146,27.864891665323704],[85.08724176375902,27.86444185018279],[85.08679197086124,27.864282930118986],[85.08634117817444,27.864221040006353],[85.0859525340102,27.864273744573165],[85.08537194269259,27.86424899015786],[85.08511240918486,27.864321012964687],[85.08433774664144,27.86431351414918],[85.08375534357891,27.86442198699286],[85.08304614210338,27.86435534530469],[85.08221026741371,27.864115904296863],[85.08208065707372,27.864114654648986],[85.08180080279423,27.864130410739726],[85.08153232826766,27.864134789008265],[85.08104796092616,27.864140855229916],[85.08046580687011,27.86421087906818],[85.07995136547966,27.864129107194017],[85.07930925079157,27.863912985044088],[85.0790530914533,27.863757002242597],[85.07866851070435,27.863581765166934],[85.0780929819825,27.86322966479609],[85.07751845265317,27.862785036845665],[85.07700707279812,27.86243474963276],[85.07681500099844,27.86233697165332],[85.0763679580471,27.862006438861016],[85.07604771301904,27.86185095766116],[85.07596224299004,27.861811008766367],[85.0754492392772,27.861614140772275],[85.07480668665436,27.861416086012657],[85.07435870567576,27.861182582117888],[85.07384457579217,27.861003782447156],[85.07339428325999,27.860923761047854],[85.07313650019834,27.860921261673525],[85.0724868234984,27.86121972719369],[85.07190417019851,27.86136646148147],[85.07164501151657,27.861479057754284],[85.0700801256035,27.862648972141212],[85.06982002929684,27.862799955087148],[85.06904161680528,27.863117427493933],[85.06843389344526,27.863492290496342],[85.06819493079048,27.863663404535743],[85.06760902812609,27.864058398205025],[85.06741301884041,27.864208881441254],[85.06645298112255,27.865231936492847],[85.06593141459473,27.86559029434407],[85.065520575242,27.865778539107485],[85.06513036906918,27.866002731748416],[85.0643894110651,27.866703566314445],[85.06399689222944,27.86708124153842],[85.06480988394527,27.867377324774118],[85.06540885804671,27.86759388548161],[85.06609230123995,27.867945172416466],[85.06686240253426,27.86820324511735],[85.06746456374451,27.8682279369188],[85.0678070037445,27.86830877144918],[85.0679785058362,27.868386355637256],[85.0682114686627,27.868637427899447],[85.06827349234348,27.868810728531386],[85.06826999331022,27.869040858781972],[85.06815851532829,27.86932613053613],[85.0679983358059,27.870013458921267],[85.06799758595832,27.870072163618005],[85.0679745780293,27.87018513413225],[85.06799389861727,27.870338491565924],[85.06822311219292,27.870858080295843],[85.06819179267573,27.87154665816303],[85.0680134160367,27.87200391813287],[85.06789781410163,27.872578025298147],[85.06769711799066,27.87309192713472],[85.06765673652924,27.874412502827884],[85.06782398816927,27.874758728314948],[85.06846147924027,27.875338332882457],[85.06867193396181,27.875627792424652],[85.06873458347769,27.87580109223954],[85.06870951291107,27.876029222318405],[85.06833331562203,27.876772379815193],[85.06826504208018,27.877059526879197],[85.06832706626783,27.877230577555938],[85.0683910897625,27.87728878110065],[85.06903495437818,27.877353734663796],[85.06966168757847,27.877353356253273],[85.07014999539186,27.877613617924407],[85.07048999931045,27.87790438959306],[85.07126116193133,27.878124012336034],[85.07151757051005,27.878241670306],[85.07181555749798,27.878453731894272],[85.07202626297581,27.878763571380592],[85.0721321781327,27.87888010487696],[85.07225991381635,27.878955814328123],[85.07264662053807,27.87901826783309],[85.07316056187494,27.879176749774288],[85.07341653310766,27.879312413529],[85.07386413934049,27.87962487753219],[85.07390640459639,27.879662888763576],[85.07420214190505,27.88003074531499],[85.07441328471477,27.880317953957263],[85.07457709970105,27.88089443503926],[85.07466181914043,27.88099083754469],[85.07487627422194,27.881032036126097],[85.07513287069317,27.881167699766927],[85.07519583167392,27.881246160316678],[85.0752557939362,27.88159101143702],[85.07546693648564,27.881880469714698],[85.07542235809277,27.88199369102895],[85.07529231022612,27.8820691516796],[85.0749478074346,27.882103475511943],[85.07486002623942,27.882219260326902],[85.07487890851382,27.8823906230192],[85.0749632534217,27.88250734432381],[85.07528168577717,27.882795989819627],[85.07538691400738,27.882968915458342],[85.07540779713656,27.883027431968518],[85.07532239096622,27.883188355232786],[85.07525618076286,27.88336034313431],[85.07522273096885,27.883446369105908],[85.07518096675015,27.883588910917187],[85.07523705100999,27.88373964231056],[85.07548251913738,27.884035602661623],[85.07560944199884,27.884152011433553],[85.07573723973223,27.88423003427346],[85.07586635034191,27.88425153989354],[85.07603728931163,27.884329249462525],[85.07612119665642,27.884463975776125],[85.07613807982051,27.88475274755952],[85.07622161208786,27.88492586110544],[85.07645601257302,27.88506164957486],[85.07679982758319,27.88508609265157],[85.07731251980034,27.885303216148785],[85.07737598088639,27.885361420567936],[85.07748002081011,27.88561111794939],[85.07771329733966,27.885823679925355],[85.07779876683018,27.88586362811277],[85.07816327766118,27.88592620780265],[85.07859024960764,27.886141768365903],[85.07871711018672,27.886258177320784],[85.07886304142744,27.886566204886204],[85.07892444127165,27.886795896767882],[85.07903016790203,27.886892111729367],[85.07939305383351,27.887049531448888],[85.0794989688653,27.887166065146587],[85.0794505161842,27.887529797526334],[85.07947139876448,27.88758600141872],[85.07966222154747,27.88774242142364],[85.08002623209205,27.887823130495352],[85.08054261136333,27.887771674807333],[85.08131133615527,27.88812452469412],[85.0814582674059,27.888335461176993],[85.08143569727261,27.888432739557377],[85.0813256579442,27.888602853016828],[85.08106368681861,27.888887000549502],[85.08103874177702,27.88911738062592],[85.08114253170531,27.889346759865358],[85.08153267962044,27.889749938589574],[85.08165009896666,27.889870910873448],[85.0818844995979,27.890006699590447],[85.08214146991676,27.890047585433237],[85.08248666069804,27.889956806890023],[85.08265872454045,27.889957743987903],[85.08282910061837,27.890037641963254],[85.08304149317738,27.89019168639648],[85.0831887987257,27.890384617363107],[85.08325044870773,27.89057823621571],[85.08337593412692,27.890809677931987],[85.08361039643417,27.89094552992679],[85.08435717673922,27.891260118082638],[85.08499610434131,27.891652292468333],[85.0851861762361,27.89186291595268],[85.08533173223717,27.892191262124786],[85.08547822532297,27.89242257932741],[85.08571262601451,27.892558367592986],[85.08596890990162,27.892657895881786],[85.08643639796614,27.89298824052358],[85.08660746230593,27.89306813813383],[85.08703643432622,27.89309183001445],[85.08755050095927,27.893193795514886],[85.08857450972017,27.893664178073532],[85.08880847337808,27.893820284910163],[85.08893558348245,27.893956950129557],[85.08907863925008,27.894416209031558],[85.08931010315352,27.89476418458166],[85.08956438633972,27.894978809508014],[85.08990526428744,27.895154421372773],[85.09007470319462,27.895329097260994],[85.0902022517903,27.895445443531834],[85.0902422675802,27.895636999620073],[85.09017405617223,27.89586544159046],[85.08968988136425,27.89666367894265],[85.08927398053028,27.8971770193263],[85.08963624077236,27.89739083029901],[85.08972108556237,27.897430778409223],[85.09025159797402,27.89789597560816],[85.09042153741616,27.897993940815812],[85.09102051097709,27.89819230851491],[85.09153195268638,27.89846582382997],[85.09219007622039,27.898990974603855],[85.09282350334058,27.89970586861498],[85.09354533822204,27.900307229497063],[85.0940132014033,27.900601375991435],[85.09435451718014,27.90075666937409],[85.09461173869258,27.900817811861405],[85.09495311627542,27.900975355548546],[85.09533613522184,27.901229553521258],[85.09552651926676,27.90140410411782],[85.0958210069178,27.90182828968029],[85.0959685635963,27.9020392260144],[85.09605684433409,27.90184898227236],[85.09651732468694,27.901222420667835],[85.09663080156143,27.900822052692472],[85.09674109078944,27.90061355313136],[85.09715536803445,27.90019724117443],[85.09754407378257,27.90006776376625],[85.0978669437905,27.900031313703273],[85.09812622724117,27.89992090517976],[85.09825546170488,27.899827376724286],[85.09851680648539,27.899484462487504],[85.09877483973898,27.899374116021562],[85.09928921778422,27.899304530712953],[85.0994611560753,27.89928733692764],[85.09961083707361,27.899270393994883],[85.10019042672873,27.899179988770268],[85.10051254576425,27.899071330927626],[85.10107237722116,27.898789245262456],[85.10135354290196,27.898583870648245],[85.10146370707626,27.89829866161644],[85.10144901059809,27.897723304503536],[85.1015382292543,27.897379516094393],[85.10203847323505,27.896736824058866],[85.10234152176575,27.896434234015175],[85.1028592740471,27.896078063753425],[85.10303289978947,27.895907387812702],[85.10309836073732,27.895794042246123],[85.10318601695114,27.895603735950296],[85.1032737985479,27.8954314967568],[85.10357984652084,27.89486257796805],[85.10371014426175,27.89469227769948],[85.10425109194263,27.894238829354006],[85.10455507723977,27.89384152338013],[85.10486168717583,27.893270291762956],[85.1049495310001,27.89304159875247],[85.10518961836047,27.89266279880715]]]}},{"type":"Feature","properties":{"province":"Bagmati Province","district":"Nuwakot","municipality":"Bidur Municipality","ward":"7","wardNumber":7,"sourceMunicipality":"Bidur","sourceType":"Nagarpalika"},"geometry":{"type":"Polygon","coordinates":[[[85.14384132157926,27.988005666869622],[85.14422896492518,27.98781735920472],[85.14457265476543,27.987742273173684],[85.14491547018233,27.98776427758029],[85.14534281711214,27.98784417356832],[85.14602826042021,27.987867802308138],[85.14662698422511,27.98798470801578],[85.14696961146883,27.987988582391523],[85.14937469188087,27.987564507477362],[85.14980378836822,27.987511177121334],[85.15040319897915,27.98751523792668],[85.15143101947137,27.98757887575987],[85.15219962052943,27.987831945778588],[85.15236974696197,27.987929848328463],[85.1524549662296,27.98798780275224],[85.15273044569743,27.988199863538618],[85.15287850125551,27.988372413583814],[85.15302387140179,27.98877284282751],[85.15308408335773,27.989117631063184],[85.15308058413987,27.98938395918294],[85.153079959174,27.98944266409122],[85.15383267550237,27.9892174070137],[85.1541763650937,27.989144570961606],[85.15460521180785,27.98912743806535],[85.15511796590881,27.9892269022269],[85.155715127816,27.989497228276946],[85.15679847387733,27.990287016815106],[85.15771431873954,27.990750960856648],[85.1580965872372,27.991020788480924],[85.1585429440535,27.99133068965002],[85.15877571927999,27.991579260771253],[85.15973301733516,27.992178244527743],[85.16017774836334,27.992580672508172],[85.16030360960511,27.992812114759992],[85.16055714365821,27.993157465305078],[85.16104445281077,27.99361828572862],[85.16117187595451,27.99369618210033],[85.16144916756363,27.993772828229993],[85.16170688817667,27.993736753946838],[85.1622707194143,27.99320615720054],[85.16233536821488,27.993131135369243],[85.1623792585595,27.99307436785736],[85.16255307195524,27.992865242979025],[85.16285574558165,27.992637049650728],[85.16337262433478,27.99241148062558],[85.16423581670638,27.991882820261782],[85.16489787344449,27.991563535255107],[85.16505468213445,27.991487762486024],[85.16548621647198,27.991301267960186],[85.16583078072468,27.991190045640334],[85.16720866566197,27.990706646019365],[85.16763970063924,27.990538219511784],[85.16807010928359,27.990428497384926],[85.16858480174122,27.99041286506678],[85.16982838908234,27.990442866679935],[85.17062218538388,27.990431609002073],[85.17165175611379,27.990420537883157],[85.17225397851584,27.990273241306333],[85.17276867055136,27.990259796861086],[85.17283288212292,27.990259233773195],[85.17383825793722,27.990478605547032],[85.17435069993321,27.990672785184067],[85.17486326682112,27.99086921495145],[85.17537645888855,27.991007064403775],[85.17657596887852,27.991132157325687],[85.17777635362177,27.99116253475188],[85.17863542335292,27.99107387921953],[85.17915136457168,27.990945338510254],[85.17958327408343,27.990738525004076],[85.17990814229137,27.990455877805633],[85.18027452791334,27.990306081524523],[85.18059771033894,27.990156599013734],[85.18077039895257,27.990080637697638],[85.18075226493005,27.989814497373164],[85.18082097523084,27.98941444195736],[85.18110713952026,27.988786880720205],[85.18123749977939,27.988616455648984],[85.18165008826195,27.98821802324676],[85.18197751928163,27.987705120553585],[85.18211237800082,27.987191719007704],[85.18229500186504,27.98621974491247],[85.18253858812191,27.98559249693495],[85.18260729786499,27.985192441504722],[85.18269695411158,27.98485090311315],[85.18292153161248,27.983993650799714],[85.18308052333752,27.98324980606041],[85.18325858561695,27.982679574862637],[85.18358864056731,27.981938792946664],[85.18382891508341,27.981595940778924],[85.18400229115193,27.981407135101513],[85.18419723808589,27.981274532491042],[85.18439087170336,27.981200633978403],[85.18471361648805,27.98112792394477],[85.18480520883189,27.98061258397555],[85.1848083958681,27.980325937408157],[85.18464389332517,27.97975189446057],[85.18432758413137,27.979253625021613],[85.18407342550336,27.979021120744196],[85.18349845880743,27.978635635906848],[85.18290123503033,27.97836318404448],[85.18187460140885,27.9781644440325],[85.18093393683876,27.97792650426443],[85.18016464858212,27.977671370702875],[85.17990898991893,27.977535895164024],[85.17942111809076,27.977093267447017],[85.17908330100914,27.97665157728601],[85.1790402854384,27.976611315802696],[85.17876518103138,27.976322544725235],[85.17830062819503,27.97569011142685],[85.1781538844616,27.975402528501206],[85.17761398548507,27.973908654744573],[85.17746742882407,27.973639076540056],[85.17723440255841,27.973370310813387],[85.17708572113241,27.97325421527892],[85.1767662883186,27.973042530092464],[85.17642522334246,27.972887486648762],[85.17591303104169,27.972711374468798],[85.17531411942346,27.972572025191045],[85.17446086246258,27.97218216532057],[85.17411998381164,27.97198873484165],[85.1733518827041,27.9716567670872],[85.17223990488202,27.971379691694356],[85.17138664717736,27.97104841163399],[85.17072533606591,27.970717817966985],[85.16989852279849,27.96994853379094],[85.16966668484207,27.96960293369881],[85.16914323245935,27.968510615385988],[85.16885361873952,27.967648739076612],[85.16845915223797,27.966717780472507],[85.1682693911634,27.966268024140078],[85.16788993300628,27.965673226338826],[85.16761507855773,27.96534606933477],[85.1669568303533,27.964825857286375],[85.16657287283527,27.96457409779872],[85.16640237191538,27.964496576727523],[85.16520410982478,27.96404632532206],[85.16489812042833,27.96395867686711],[85.16383428488338,27.963653968214064],[85.16304098902305,27.96351399385124],[85.16295095810621,27.963950372522444],[85.16264422302774,27.96455999090482],[85.1621883689316,27.965013000692846],[85.1617327652102,27.9654298135708],[85.16144916302675,27.96588582413369],[85.16131617823781,27.966284129356794],[85.1608569477255,27.966716820837394],[85.16075247216224,27.96681472558922],[85.16057959556095,27.966870368319274],[85.15989390190283,27.96674977343308],[85.15982625167757,27.96671651383022],[85.15965881434198,27.96663442870725],[85.15933963102768,27.96632565167788],[85.15916894109772,27.966227812172438],[85.15882687591734,27.9660930244348],[85.15837208423972,27.96646926167395],[85.15798200326537,27.96671627377941],[85.1576588217269,27.966922086187772],[85.15739878879191,27.96714996688837],[85.15724660910533,27.967358904824298],[85.15664082397475,27.967869494825305],[85.15620978997606,27.96803785960725],[85.15510894642567,27.96862034884772],[85.15474087367627,27.968905560171805],[85.15366122684968,27.969564571515953],[85.15299204223246,27.969922242593082],[85.15268961835662,27.97010986203395],[85.1519555987826,27.97052448836088],[85.1516968779447,27.97058081856134],[85.15135349901176,27.970556625662606],[85.15057996197974,27.970608270109803],[85.15021476384146,27.970624776377274],[85.15012891915367,27.97062327653111],[85.14913948984416,27.970805335972972],[85.14767938298546,27.97077470959198],[85.14707678442258,27.970883556761397],[85.1469047837368,27.9709594556158],[85.14561293052208,27.971272616999624],[85.14509767550342,27.971288249209064],[85.14484007925164,27.9712091022493],[85.14432732412575,27.970974161433894],[85.14338959482384,27.97022144467946],[85.14281331555385,27.969871908224228],[85.14195693309264,27.96959695668565],[85.1416364996708,27.969403276871],[85.14142391950334,27.969190652765477],[85.14125235531056,27.969131136393255],[85.14108072892772,27.969130323892227],[85.14093029767022,27.969147455285018],[85.14073597629357,27.969279870384156],[85.14038653749866,27.96988986322275],[85.14019109095763,27.970096925230592],[85.14010368458368,27.97024878264708],[85.14001477877292,27.970554185368957],[85.1398619111876,27.970821765326782],[85.13945225936179,27.970969560849223],[85.13919597558582,27.970834022257055],[85.13859656438134,27.970638155783735],[85.13713939473968,27.97033882514929],[85.13611076000242,27.970060686538535],[85.13568172518549,27.970057500335994],[85.13456349723943,27.970202111714276],[85.13387642866621,27.97019436247384],[85.13361864517941,27.970153539582046],[85.13327545524153,27.970151853334716],[85.13301735930287,27.970205870384994],[85.13241363583364,27.97045007032981],[85.13206894609793,27.970543162461087],[85.13172506835357,27.9705392257624],[85.13146834681694,27.970480459426234],[85.13112584332391,27.970361363853375],[85.1306984329414,27.97014824087682],[85.13044108686235,27.97008941273544],[85.12992514561155,27.970159123299023],[85.12889038776028,27.970571625234744],[85.12854494835696,27.970779813022954],[85.12815461848598,27.971139608235635],[85.12780880285527,27.97136586430144],[85.12757121612607,27.971496466258845],[85.12731268289835,27.97157080189506],[85.12701225788443,27.971586807871496],[85.12696680512875,27.971797057308734],[85.12683544585836,27.97206444963624],[85.12661836629118,27.972330278476406],[85.12648819434159,27.97246219265053],[85.1265492188327,27.97276865742274],[85.12652208706753,27.973342076638023],[85.12655373210669,27.974546992321432],[85.12652935009756,27.974833764434614],[85.12646382621826,27.974947173261885],[85.12622461466809,27.975231195006728],[85.12555549336764,27.97560906001304],[85.12516797432035,27.975682208614362],[85.12464997086833,27.975982111579654],[85.12425901604037,27.97640054899753],[85.1239526551607,27.977010104924165],[85.12369212241632,27.977255991054967],[85.12330360468367,27.977482621808896],[85.12324714629187,27.977555268620343],[85.12321569782084,27.977587153515408],[85.1231879997075,27.977614348797598],[85.12301524864866,27.977688058798623],[85.12264730052189,27.977934882988112],[85.12247323679058,27.978123565021495],[85.12135013509722,27.97860890107479],[85.12100350791987,27.97889161039597],[85.12059023155118,27.979307922575614],[85.12009236018793,27.979589570305254],[85.11948788759548,27.979831519274075],[85.11922804130006,27.980020951888328],[85.11901133743659,27.980210007998224],[85.11877212503913,27.98043538841945],[85.11855392084226,27.980721536131846],[85.11801165912242,27.98113666109445],[85.11751391346617,27.981436376534568],[85.11703623734215,27.981832932975554],[85.11673175169844,27.982135585640975],[85.11649366384243,27.982286443643176],[85.11627702152612,27.982475562780927],[85.11580065923813,27.982756960894893],[85.11567004862806,27.98290925662485],[85.11560358800861,27.983060988480563],[85.11562022144331,27.983442225454965],[85.11584137434329,27.984668146730428],[85.1158785160169,27.985128156804798],[85.11582825124174,27.985740211679328],[85.11571590005227,27.98612026181994],[85.11549557047886,27.986577960137044],[85.11494918518247,27.987336185765173],[85.11466351920892,27.987868843470206],[85.1143718550488,27.988859698285804],[85.11440793383167,27.989396480695767],[85.11457568634744,27.98970432089246],[85.11491531473476,27.990031039799018],[85.1152720149709,27.99072324117463],[85.11561033176584,27.99116736991524],[85.1157565129526,27.991475335062976],[85.11588012389758,27.99193471929659],[85.11604631450692,27.992395978706067],[85.11623169930503,27.992990277582564],[85.11631798159232,27.9929714591691],[85.1167708996134,27.992823412858904],[85.1168999476598,27.992824599630826],[85.11722044251047,27.992961950871113],[85.11779572237238,27.99333186946673],[85.11805294327134,27.993372629758984],[85.11837525022656,27.993374565970004],[85.11865341741651,27.99347384452768],[85.11907870314558,27.99378405761382],[85.11943815226624,27.994246004053846],[85.11987131117274,27.993964919296868],[85.12080602895897,27.993074903082316],[85.12117403863049,27.9928303295333],[85.12182546562657,27.99226541011222],[85.12308467711101,27.99122597344054],[85.12314313469432,27.99097952491929],[85.12321547336474,27.990848049091408],[85.12382819383443,27.989741720283153],[85.12478166788416,27.988831197930157],[85.12562772784243,27.98798013093006],[85.12670912515554,27.98720402245784],[85.12751135570419,27.986427852968134],[85.1275975753734,27.9864090967282],[85.12779014829287,27.98652713076036],[85.12840675692175,27.987142620360686],[85.12879121350474,27.987376499637325],[85.12904793506398,27.987493969972128],[85.12930471909556,27.98755279893224],[85.12973394108995,27.987632757170147],[85.13007694407744,27.98767508021115],[85.1303339159831,27.98775422759564],[85.13067673125065,27.987832624056296],[85.13117004091369,27.987894013588075],[85.1319426412596,27.987995977336567],[85.13262871039537,27.988078310807673],[85.13297327545139,27.988025855754028],[85.13374693772809,27.987974336419573],[85.1340913155775,27.987901500452974],[85.13426287998847,27.987902374819317],[85.1346921646023,27.987982334099026],[85.13520542030008,27.98819695681493],[85.13580495731712,27.988392886080543],[85.13642344029788,27.988818820713746],[85.13685110163217,27.989052199121808],[85.13736579303587,27.989154039205836],[85.13805361158344,27.98904450337306],[85.13883102342331,27.988629564126242],[85.13986615488669,27.98818092719476],[85.13999576545615,27.98811215634767],[85.14040604247336,27.98789884131134],[85.14057873033452,27.987822943481827],[85.14100801605626,27.987846448033142],[85.1416082406545,27.987985860651953],[85.1420375247709,27.988009427880502],[85.1424663104954,27.98810739136373],[85.14298100202844,27.98815052688146],[85.14332469242821,27.988134082325953],[85.14375528972258,27.98804249045807],[85.14384132157926,27.988005666869622]]]}}]}