{"type":"FeatureCollection","features":[{"type":"Feature","properties":{"province":"Bagmati Province","district":"Sindhupalchok","municipality":"Chautara Sangachowkgadi Municipality","ward":"2","wardNumber":2,"sourceMunicipality":"Chautara SangachokGadhi","sourceType":"Nagarpalika"},"geometry":{"type":"Polygon","coordinates":[[[85.77097436324833,27.835310800590445],[85.77105726311684,27.834819592787916],[85.77107239320405,27.83471818840742],[85.77110358836501,27.834316757522664],[85.77112753191588,27.83407549930808],[85.77113490804093,27.8339040110691],[85.77096627585506,27.833239005087616],[85.77055485282497,27.831330635099423],[85.76973802634518,27.829037218392866],[85.76940900511816,27.826752675654124],[85.76868515699124,27.825092005706946],[85.76858486659695,27.824840620306333],[85.76857279868217,27.824736715475325],[85.76861955768022,27.82390434511766],[85.7688029323942,27.823341803349134],[85.76883781562583,27.822920054517528],[85.76888982703278,27.82218708928569],[85.76893840105618,27.82150820168252],[85.7688469178274,27.820448954008725],[85.7680653029543,27.819270738988646],[85.76815332369435,27.818102520959222],[85.76803940204611,27.817683960914344],[85.76802933575806,27.81764551233238],[85.76677423565575,27.816790333851852],[85.76656453176693,27.81664629353671],[85.76578429675838,27.815890015589694],[85.76567975699382,27.815789799098756],[85.76570407001795,27.815009194921092],[85.7657096322329,27.814828704511687],[85.76637687352023,27.814184696986157],[85.76694752033347,27.813943746481506],[85.76753923617412,27.81354956317324],[85.76772936341364,27.812982582718792],[85.76756586283987,27.81282322467331],[85.76672291855228,27.812138593807315],[85.7662131581852,27.811312604734436],[85.76648350039568,27.810577012188293],[85.76623046491008,27.810168519226806],[85.76576016104032,27.809699447520746],[85.76505420424027,27.80899799754971],[85.76488107112843,27.80843008208388],[85.76500467616744,27.808074601535175],[85.7654757844862,27.807710928949117],[85.76636585763472,27.807023781520744],[85.76657511604647,27.80638696831019],[85.76645613060505,27.805995478864926],[85.76620866045057,27.805742781917843],[85.76511993873149,27.80522526432074],[85.76364907206163,27.80444035812198],[85.76317476371959,27.803648504460195],[85.76341834360736,27.802704975650855],[85.76414235417207,27.801887791866527],[85.76422825269161,27.80110993769256],[85.76345532394369,27.799430763370523],[85.76280600527693,27.798018979196616],[85.76270751930011,27.79685588894163],[85.76293053255836,27.79615374353986],[85.76308377212463,27.795672163191625],[85.76362152362597,27.794744886190937],[85.76406855836586,27.79412151217382],[85.76469376454185,27.7916513440649],[85.76463868380654,27.785819319791358],[85.76463361587956,27.785449147812027],[85.76464361826073,27.785349931093396],[85.76405684209028,27.785685472361195],[85.76211351282552,27.787293022813614],[85.76082980482953,27.789111817795185],[85.75924003862421,27.790140194930636],[85.75852709473662,27.790966568130425],[85.75845569468848,27.791049468272277],[85.75793426853039,27.792802800078675],[85.75772607159638,27.79326812583742],[85.75738713696943,27.79358103348074],[85.75686150579955,27.793718453035833],[85.75668418862583,27.793662687483064],[85.75605570353304,27.793467510313548],[85.75527009975895,27.793483021608075],[85.75447093198817,27.79382337804795],[85.7539958187359,27.793900341852048],[85.75399062963442,27.79390934444793],[85.75346606958523,27.794843435732858],[85.75295100734708,27.795242745096502],[85.75278013164096,27.795266065912784],[85.75187160350634,27.794901278454677],[85.75098658843336,27.794983559447715],[85.75060001260157,27.795413376453496],[85.7502847775892,27.796157535322237],[85.75004656644879,27.796378789578803],[85.74819775883547,27.796675829519987],[85.7478400013619,27.7966703303631],[85.74754732943676,27.796599999761884],[85.74645461026424,27.79653142592711],[85.746621917279,27.797534898578473],[85.74616382146105,27.798996431473117],[85.74621727993751,27.802335378796883],[85.74626389223458,27.805246253548937],[85.7469845308232,27.80814859161021],[85.74730358230924,27.81002843715214],[85.74876441492425,27.811037494424763],[85.74771756591792,27.811821446782513],[85.7458026985107,27.812530752165813],[85.74456322665777,27.81331711921414],[85.74399368641177,27.813838111357],[85.74363042355772,27.81521280539524],[85.74318181073048,27.817273628018786],[85.74243744275239,27.818910030645323],[85.741867923675,27.821443349328913],[85.74124051240945,27.822364675242834],[85.73920976832329,27.82387458397402],[85.7388391309782,27.824792660201222],[85.73964966054632,27.827294283999876],[85.74019246634928,27.829114232988953],[85.74201393584246,27.830575499306303],[85.74194942149322,27.834572433774245],[85.74186482483177,27.837313698131243],[85.74037004652892,27.839765734369454],[85.74051472579609,27.83982806371991],[85.74089643172944,27.839996234801752],[85.74116084504334,27.840215297601524],[85.74150022508091,27.840615536518904],[85.74152123243938,27.84064060691136],[85.74192325964748,27.84094663068272],[85.74340788055083,27.841580742558484],[85.74530878395208,27.842584208798762],[85.74569042730316,27.842714057049978],[85.74677864419343,27.842773564842197],[85.74745258073882,27.84267809414497],[85.75108148553177,27.84217154056307],[85.7504835068764,27.841538797527626],[85.75011967448617,27.840522189111898],[85.75021838433058,27.839191673135055],[85.74966903816275,27.83749630408888],[85.74957806272441,27.837129884789142],[85.75068690552023,27.83648768784121],[85.75292386930138,27.837302283812136],[85.75346863459649,27.83737261218953],[85.75534746462517,27.83802816392573],[85.75600870947602,27.83801384262039],[85.75771195809266,27.837119627715158],[85.75888276458372,27.836836785149615],[85.76115348360773,27.83694517333164],[85.76278821151291,27.836494902682993],[85.76524881333816,27.836591349101752],[85.76601941153979,27.836532762383438],[85.77011554504976,27.8354002085643],[85.77097436324833,27.835310800590445]]]}},{"type":"Feature","properties":{"province":"Bagmati Province","district":"Sindhupalchok","municipality":"Chautara Sangachowkgadi Municipality","ward":"5","wardNumber":5,"sourceMunicipality":"Chautara SangachokGadhi","sourceType":"Nagarpalika"},"geometry":{"type":"Polygon","coordinates":[[[85.73184089352036,27.79827149302949],[85.73139341046203,27.797793480724202],[85.73114893873462,27.797265390909352],[85.73111210670551,27.796691847563277],[85.73110998062623,27.796660213603644],[85.73111685707376,27.796558745931726],[85.731176000487,27.796216207470557],[85.73123276677745,27.7956976170113],[85.73165153639538,27.794656620292894],[85.73199303176095,27.794068507464154],[85.73203923346715,27.793773295801863],[85.73191643432396,27.793365927092132],[85.73149983566186,27.79277306811716],[85.73104128551867,27.79221146954712],[85.73099345446907,27.792152328083077],[85.73095025027916,27.792100125541204],[85.7307105339614,27.79184736540726],[85.73048382035142,27.791454814185457],[85.73025860320652,27.790570369217107],[85.73021880880162,27.787685834585655],[85.7303608548,27.787064275794524],[85.73070347727943,27.786620580568894],[85.73104291428892,27.786400263347815],[85.73124348797144,27.786336618031363],[85.73270264935493,27.78587159462685],[85.73335976442253,27.785525487681575],[85.73405683084609,27.785073787239508],[85.73463398324631,27.785115232287577],[85.7350798977871,27.78503570457077],[85.7359163298656,27.784713854013496],[85.73690594390736,27.784413695262423],[85.73725094607578,27.784367179008083],[85.73796245604967,27.783980997178134],[85.73835246995998,27.78344064751535],[85.73858179997852,27.782921430369548],[85.73954183807943,27.782329873949127],[85.74077510414936,27.782020648834603],[85.74113342160709,27.781667292224416],[85.74101981066944,27.781068241819895],[85.74062928051183,27.78010552508499],[85.7405518677168,27.77919763398273],[85.7407703808842,27.778676041636594],[85.7415634116457,27.777372026578078],[85.74216337032082,27.776000806924433],[85.74246941341062,27.775202444972933],[85.74034867998174,27.77433245686018],[85.74013022285887,27.774242369344673],[85.73903249382718,27.77327778297273],[85.73861645944483,27.772768449072068],[85.73833966689206,27.77259890140512],[85.73796809072314,27.772446609377358],[85.73762527526846,27.772443549310847],[85.73717986106955,27.772536454840797],[85.73618017694801,27.772394170918037],[85.7358711236751,27.772298833579775],[85.73535749524055,27.772253511303756],[85.73497766518808,27.77213498020443],[85.73448454617841,27.77218237248133],[85.73381436343105,27.772512537960164],[85.73275528598064,27.77287296414956],[85.73196412156217,27.773213258626438],[85.73112431444915,27.77370203375281],[85.73071203837068,27.77386302181108],[85.72858787872373,27.774116612789648],[85.72729027574994,27.774445470296776],[85.72703912110714,27.774607894503962],[85.7265151783819,27.77479489157201],[85.72603981482672,27.77478833051769],[85.72574207796514,27.774650168081504],[85.7255600072908,27.77434608031017],[85.7255233058705,27.774284812481827],[85.72558276325249,27.774084502502305],[85.72569811729683,27.773952400556144],[85.72579552745314,27.773840492183698],[85.72593451108122,27.77337235327351],[85.7259393231701,27.77306770167041],[85.72599609225887,27.77287639526252],[85.72619397400548,27.772469774287224],[85.72649463949,27.771621709713664],[85.7265254589344,27.771263166591986],[85.72639608617838,27.770034244375317],[85.7264626705981,27.76970764760907],[85.72675389891081,27.769261202389142],[85.72747835026962,27.768823317275377],[85.72774919594303,27.768358616300887],[85.72779301314135,27.767223782638343],[85.7279436912377,27.766902437421727],[85.7284636297823,27.766534950110685],[85.72868620899949,27.76620966571535],[85.72865456884836,27.76582130132311],[85.72863118261628,27.765538968548825],[85.72860417248577,27.765568040386526],[85.72823353728771,27.765808363515834],[85.72736202911763,27.76608020062715],[85.7271083124635,27.766272008490503],[85.72601072143561,27.76662305876392],[85.72555811960991,27.767013739143593],[85.725140340699,27.767070821832267],[85.72492032116159,27.767007867546976],[85.72284585450822,27.766025158559113],[85.72283197382026,27.766018218318244],[85.72259038372992,27.765988899779966],[85.72170574374253,27.765998846859464],[85.72081366466125,27.766184658955652],[85.71931573518948,27.76629270281556],[85.71883918288263,27.766227374184393],[85.717899897048,27.766279647273794],[85.71743966628601,27.76646945668606],[85.71711142051333,27.76660406112995],[85.71511169666688,27.76837290945714],[85.71492244118699,27.768581034524203],[85.71476082094837,27.768757775250453],[85.71453867892926,27.76911681974397],[85.71429496861383,27.769568204479096],[85.71394784405098,27.770034406669556],[85.7135921571372,27.770699104805477],[85.7128722719824,27.771396502425706],[85.71228024289775,27.771682153714462],[85.71155967344583,27.772733906239516],[85.71102197929463,27.773261502611263],[85.7107321926103,27.774080245454567],[85.71067248402777,27.77424898327784],[85.71052318073828,27.774376209210274],[85.71011709414567,27.77452137993475],[85.70990883064388,27.774702184597647],[85.70978322351573,27.774917685937112],[85.70970626164628,27.77530967712183],[85.70964080022313,27.775376822783947],[85.70934894291636,27.775437217427836],[85.70914743020262,27.77541277451872],[85.70865793477755,27.775209655708547],[85.70784894581894,27.77506668280091],[85.70697168409178,27.775254870621577],[85.7065350216885,27.775216925103347],[85.70629543215242,27.775119898498165],[85.7060640330814,27.775027435828488],[85.70546606234896,27.7751956148634],[85.70255367204821,27.775394071036743],[85.70227663024434,27.77529898324626],[85.70197514152757,27.775020778796097],[85.70134127850437,27.77479146605038],[85.70103303966842,27.774788529958016],[85.70065790115882,27.77491594543436],[85.70075906614656,27.775129007572207],[85.70117654069394,27.775900231113134],[85.70132809967485,27.77608447120332],[85.70161458144558,27.776217945477878],[85.70200948485986,27.77685813023712],[85.70257664722769,27.778328119779456],[85.70282543714775,27.779361796902844],[85.70321070906397,27.779773852344288],[85.70331593762752,27.77996890903431],[85.70336077317539,27.78060346961075],[85.70327806090897,27.78113306357246],[85.70283678168106,27.782128609436175],[85.70328195832685,27.783213861948504],[85.70443602306297,27.784362064552734],[85.7046657989677,27.78472529513879],[85.70493897384831,27.785872004444855],[85.70467375417867,27.786223859295205],[85.7046286769444,27.786388158177843],[85.70456615733119,27.786714880074957],[85.70466888531024,27.78703628583194],[85.70596600278562,27.78810909063313],[85.70809817804589,27.78903390774472],[85.70864894695868,27.789210580006912],[85.70961155740274,27.789521976374335],[85.71084520317501,27.789655318607153],[85.7108512062461,27.78965988178114],[85.71187809446252,27.790459295892315],[85.71236246765747,27.790973880636866],[85.71262644348761,27.791296786462635],[85.71275193225675,27.791740290093088],[85.71280157640192,27.791858136767615],[85.71312294797833,27.792043876956424],[85.71369403544081,27.79209207385941],[85.71369053605221,27.792308637025005],[85.71345226418245,27.792719447658367],[85.71336254891276,27.79322640932777],[85.71299441816767,27.793802956962896],[85.71274989024823,27.793906739507783],[85.71195353154079,27.793842914158816],[85.71169299845046,27.79389693223268],[85.71145678621617,27.793998526133176],[85.7113693797922,27.794036101135486],[85.71122920487888,27.79427623447698],[85.71003588651273,27.794161335258476],[85.7097350245982,27.79420141232606],[85.70951994503599,27.794174593921312],[85.70895780084528,27.794415356363206],[85.70859304393976,27.79470531943747],[85.70844492969938,27.795083056646014],[85.70830350510198,27.795343508733854],[85.7082816230771,27.7954245958137],[85.70883945754632,27.79568254169965],[85.70944155694416,27.795791943909105],[85.7096282529869,27.795965180728516],[85.71032751339672,27.796037196445017],[85.71052177317588,27.796057013730508],[85.71203371294168,27.796407354102254],[85.71258635433269,27.796351583870518],[85.71288059059471,27.79655514089076],[85.71318183098725,27.796943877932645],[85.71360855347378,27.7970764756639],[85.71419082928217,27.79676369212554],[85.71464374782228,27.796797197709704],[85.71479367890436,27.796891162181733],[85.71513536927233,27.79697105728041],[85.71566368975267,27.796903721310358],[85.71610553832163,27.796612194300835],[85.71659177976323,27.79651059811714],[85.71699593111059,27.796593369626276],[85.71856232900929,27.797065932713124],[85.72007520595533,27.797391391780998],[85.72080973202158,27.797729922299226],[85.72167587287103,27.798432997144165],[85.72192171509575,27.798491700246974],[85.72235762654797,27.79845968727172],[85.72267324262474,27.79835871691746],[85.72295653220088,27.798088260222734],[85.7241888029647,27.79812895053658],[85.725084886778,27.798247790306128],[85.72521462218423,27.798251227834417],[85.72515653915478,27.79838839387408],[85.72464848206232,27.799002077505737],[85.72334894912522,27.80012748152174],[85.72268720717908,27.800475713932798],[85.72214956953881,27.800468528145483],[85.72168464649415,27.80036944096642],[85.72135289933173,27.800474661452515],[85.72048577135443,27.801134674904546],[85.71963771713868,27.802140039865044],[85.71892333196506,27.802593928598633],[85.71852443537458,27.802795553687695],[85.71769975478624,27.80283307144075],[85.7160685923494,27.80333929491547],[85.7153448243249,27.803429577773517],[85.71510930042461,27.80354248759479],[85.71483113808284,27.80386264594008],[85.71472528992162,27.804175364208906],[85.71465164253414,27.804664382850238],[85.71479632502621,27.805096759017513],[85.71555455206368,27.805911742309867],[85.71574006335055,27.80632417444077],[85.71569773874731,27.80676836748863],[85.71554268880415,27.8074890809544],[85.71532536395169,27.808082881541473],[85.71525840204549,27.80813871112422],[85.71664267473034,27.80897525849316],[85.71693672194222,27.809005077472815],[85.71746635541226,27.80894449236615],[85.71919137388696,27.80934865970602],[85.7196784324624,27.809533647923665],[85.7199901779417,27.8100082222921],[85.72025590279382,27.8101303185643],[85.72057720896441,27.810135567296687],[85.72104651094624,27.81035200214829],[85.72114117069665,27.81039801528],[85.72128447074773,27.810076607071704],[85.72128928242088,27.80974938607539],[85.72112584080011,27.809237924875514],[85.7211308398733,27.80888813456001],[85.72129577299125,27.808650438357468],[85.72153773664341,27.808467632735873],[85.72218691148129,27.80813959385096],[85.72261431860781,27.808003675175122],[85.72266339959982,27.808004112748336],[85.72354185054539,27.80801448297564],[85.72402046694673,27.808163335318575],[85.72529325319111,27.80828336070047],[85.72668995741702,27.808163064256107],[85.72683869928595,27.808033524988645],[85.72692641778667,27.807883167546972],[85.72692904226831,27.807711679678203],[85.72675978847296,27.80739865118028],[85.72650518540631,27.806538713682457],[85.72596334771742,27.805418889254444],[85.72583348073884,27.804797082790195],[85.72572012359754,27.804534256492392],[85.72542507331092,27.80426299193714],[85.72539493353851,27.803879066095764],[85.72543913589995,27.80373052298117],[85.72611231625774,27.803005553855],[85.72722434564699,27.802261952275714],[85.72788752333179,27.80164970468012],[85.7288906966996,27.800501234264786],[85.7291492917217,27.800417832572222],[85.7294149500437,27.800187824850283],[85.7298353506611,27.7996567911489],[85.73005436875754,27.799546006319733],[85.73017366196423,27.79948617570987],[85.73080745686893,27.79916470076151],[85.73178343436025,27.79827774554523],[85.73184089352036,27.79827149302949]]]}},{"type":"Feature","properties":{"province":"Bagmati Province","district":"Sindhupalchok","municipality":"Chautara Sangachowkgadi Municipality","ward":"8","wardNumber":8,"sourceMunicipality":"Chautara SangachokGadhi","sourceType":"Nagarpalika"},"geometry":{"type":"Polygon","coordinates":[[[85.77528662641824,27.76711911548205],[85.77533970640846,27.76697063380185],[85.7756726334522,27.766041545614577],[85.77563098192657,27.76496691783747],[85.77562409919518,27.76447939991177],[85.77562478599454,27.764472647787542],[85.77482823559427,27.76392174282182],[85.77365216773885,27.763277125675476],[85.77185680597763,27.7625187301217],[85.77116085559875,27.7620746680673],[85.76702618063997,27.760419903231544],[85.76532723037229,27.75964193945816],[85.76318786554806,27.758826216733702],[85.76253268059598,27.75831938577775],[85.76133961061156,27.75809883079809],[85.7598120351743,27.75725459599221],[85.75950354342814,27.75699464651162],[85.75897340372754,27.756511447239596],[85.75801354267621,27.75599730368242],[85.75488905917587,27.75481379442818],[85.75383378476874,27.753996375226585],[85.7533867385646,27.753432650548408],[85.75282357657518,27.751953971507426],[85.75244403621846,27.74954926831819],[85.7522111316432,27.748980728145032],[85.7521104021817,27.748523907544218],[85.75188118789602,27.748070463181083],[85.75156481588442,27.747620771055054],[85.75143126426184,27.74743002949098],[85.75054204916108,27.746458313271084],[85.74983665675495,27.745862957045414],[85.74895995050518,27.74527279091847],[85.7482853786737,27.744314327499875],[85.74791848734097,27.743814558797297],[85.7477264737397,27.74335686270509],[85.74736258558211,27.74301289007532],[85.74727736417331,27.7428428403698],[85.74723497110148,27.74261233568328],[85.74723683753555,27.74169825473971],[85.74704631802949,27.74055460831419],[85.74685430336967,27.740040583369986],[85.7468554856519,27.739410961669453],[85.74677063684005,27.73901071952906],[85.74668541544001,27.73878202779275],[85.74647183271223,27.73843930425711],[85.74642906535621,27.73826737937142],[85.74645138202303,27.737868136969546],[85.7464945848298,27.73775341465141],[85.74662369349548,27.737580800661497],[85.74666501995115,27.73745932705304],[85.74681757198488,27.737009318945987],[85.74690385175896,27.736838643501283],[85.74692554506285,27.736610888830594],[85.7469924331152,27.735467302230365],[85.74680272221173,27.733921912436184],[85.74678494652719,27.73203504553411],[85.74670009825819,27.731693508343145],[85.7464868886637,27.73112059187189],[85.74635933509437,27.73049203333454],[85.74621046289312,27.73003483780535],[85.74610485234514,27.729232728820712],[85.74616993560731,27.7288902521443],[85.74636350308364,27.728490320817237],[85.74645015684257,27.72809164039858],[85.74657963858523,27.727747538140466],[85.74657963718684,27.72763237983826],[85.74655881500189,27.7274607043525],[85.74589406811606,27.72742307379823],[85.74546547240084,27.727421451687583],[85.74512253288643,27.727440960582168],[85.74426471657566,27.727573131075857],[85.7429789266674,27.72751406117395],[85.74244285295069,27.727531759027215],[85.74203563956885,27.72757096057463],[85.74066350616556,27.727569784089138],[85.74040653562301,27.72753133753956],[85.73963493760944,27.72754916113542],[85.73877724587743,27.727642946151217],[85.73783408383825,27.727641140325797],[85.73723398662561,27.727716917311092],[85.73689117307012,27.727810822703834],[85.73663401612572,27.72792585857783],[85.73646189225974,27.728116103225883],[85.73616153352917,27.728343548017858],[85.7360108551071,27.728572366530187],[85.73551692662058,27.729066639984566],[85.73528084079884,27.729220187669394],[85.73517311427891,27.729352352306666],[85.73455088827133,27.729809366291516],[85.73429335754027,27.73003718484882],[85.73405720955228,27.730170413556852],[85.7336284270574,27.73037866595627],[85.73320001993359,27.730492077716608],[85.73277204880581,27.730490455731104],[85.73242979658431,27.73045119648315],[85.73200226243006,27.730354796932694],[85.73161761843923,27.73022038569203],[85.73159536114477,27.730391686068263],[85.73159398971875,27.730754980057103],[85.7315504761991,27.73098479775327],[85.73152584996922,27.731824107257555],[85.73162989684984,27.732587830517772],[85.73167153991967,27.7328545338912],[85.73173437907501,27.733177815310256],[85.73188318846242,27.73363732423884],[85.73194671728639,27.73409377079799],[85.7320089364299,27.734933891217775],[85.7322430309809,27.73569655077016],[85.73228548691625,27.735999389521336],[85.73228498826454,27.736152809819252],[85.73219889565375,27.736305480092696],[85.73204877806653,27.736401196787714],[85.73170565158608,27.736438586224526],[85.73101927379487,27.736590323455644],[85.73067589717674,27.736702296258308],[85.73007523999458,27.736987947722827],[85.72904523714371,27.737387010935667],[85.72872343226716,27.737578131624456],[85.72769336811506,27.738033586441574],[85.7275216801519,27.738129053684244],[85.7273067276536,27.73831886112347],[85.72722094570189,27.7383384300185],[85.72700630487061,27.738471846049563],[85.72655495533962,27.73900481824004],[85.72642578484798,27.739231573844343],[85.72638252004677,27.739384618967694],[85.72638158655981,27.739766043761787],[85.72646655966768,27.74014815497479],[85.7264866977554,27.74068099847091],[85.72624830776978,27.741823023347276],[85.72611920031609,27.742128739301897],[85.72590275435628,27.74296629930283],[85.72573069320158,27.74325357241288],[85.72557933004312,27.743784792861444],[85.72542840323617,27.744167030745164],[85.72497630566424,27.74500465545667],[85.72463168627435,27.745766569739725],[85.7243086971285,27.74630072887294],[85.72385666346217,27.747212813124936],[85.72374900045419,27.74736529650989],[85.72361957993051,27.747671011551287],[85.72348953845969,27.748355901565848],[85.72344552747938,27.74881359923537],[85.72314342463265,27.749729308132768],[85.72312091951933,27.75011054519439],[85.72316312687981,27.750490030676076],[85.72320508342283,27.750833506852565],[85.72395554927513,27.750815557689677],[85.72464167847376,27.750797046785525],[85.7248989615447,27.75081748826419],[85.72532749568454,27.75091395058248],[85.726013065339,27.751161705492912],[85.72644122616316,27.751371013313992],[85.72693366242072,27.751677974543387],[85.72736219643564,27.75177443668812],[85.72787701204386,27.751736296641937],[85.72796273135451,27.751755114018493],[85.72899242422348,27.751527601731457],[85.72985049005877,27.751339101619845],[85.7308803672755,27.750881396063136],[85.73105205579586,27.75086257743394],[85.73165190459616,27.751017117118273],[85.73208068897881,27.75103680717572],[85.73233822167356,27.750980476439473],[85.73268159714195,27.75084593398545],[85.73336772584116,27.750770968540806],[85.73551083718897,27.75123064900966],[85.73574642669541,27.751365937016445],[85.73595982132203,27.751726728651896],[85.73606692486639,27.751842761919118],[85.73638798348053,27.752053321353223],[85.73664508017909,27.752166227014794],[85.73690223767318,27.75216635059199],[85.73775955709881,27.75232082621186],[85.73810249834023,27.75247286810217],[85.73883027409867,27.75296925830518],[85.73897945857576,27.753370061599703],[85.73936423068774,27.753885897984535],[85.73972818222737,27.75428638779359],[85.73985610730817,27.754515453429207],[85.74056200221523,27.755316308424],[85.74088243888589,27.755831457091464],[85.74096766058393,27.756060210528553],[85.74094602896464,27.756231511760163],[85.74085962535395,27.75657373744178],[85.74064411352037,27.75708864081574],[85.74060053679985,27.757318396102036],[85.74059947949397,27.75783298419691],[85.74066350524427,27.75802316488742],[85.74083744881996,27.758394772655674],[85.74079900170368,27.758927116944637],[85.74068715188886,27.759302915295898],[85.74067384311914,27.76013103336543],[85.74051916288956,27.760346223032165],[85.74003779896789,27.760515714267],[85.73895714821076,27.760501343711965],[85.7376967404247,27.76031611175719],[85.73747078100754,27.76016063099349],[85.73693470488087,27.759952574433147],[85.73601411387634,27.76002997946723],[85.73536824824444,27.75985705819261],[85.73489369358249,27.75956610196328],[85.73410671248755,27.75933097716808],[85.73377096182027,27.759296344411496],[85.73341877004518,27.75942400934017],[85.73290727419648,27.75999705728776],[85.73246961795509,27.76060242543209],[85.73226054498397,27.761020237472408],[85.73210348813225,27.76119035109663],[85.73194143269784,27.761601848500987],[85.73108255987496,27.762428973703496],[85.7306116418932,27.763063350799758],[85.72966423835369,27.7640837833708],[85.72901031813034,27.765120405499538],[85.72872083982644,27.765440439098406],[85.72863118261628,27.765538968548825],[85.72865456884836,27.76582130132311],[85.72868620899949,27.76620966571535],[85.7284636297823,27.766534950110685],[85.7279436912377,27.766902437421727],[85.72779301314135,27.767223782638343],[85.72774919594303,27.768358616300887],[85.72747835026962,27.768823317275377],[85.72675389891081,27.769261202389142],[85.7264626705981,27.76970764760907],[85.72639608617838,27.770034244375317],[85.7265254589344,27.771263166591986],[85.72649463949,27.771621709713664],[85.72619397400548,27.772469774287224],[85.72599609225887,27.77287639526252],[85.7259393231701,27.77306770167041],[85.72593451108122,27.77337235327351],[85.72579552745314,27.773840492183698],[85.72569811729683,27.773952400556144],[85.72558276325249,27.774084502502305],[85.7255233058705,27.774284812481827],[85.7255600072908,27.77434608031017],[85.72574207796514,27.774650168081504],[85.72603981482672,27.77478833051769],[85.7265151783819,27.77479489157201],[85.72703912110714,27.774607894503962],[85.72729027574994,27.774445470296776],[85.72858787872373,27.774116612789648],[85.73071203837068,27.77386302181108],[85.73112431444915,27.77370203375281],[85.73196412156217,27.773213258626438],[85.73275528598064,27.77287296414956],[85.73381436343105,27.772512537960164],[85.73448454617841,27.77218237248133],[85.73497766518808,27.77213498020443],[85.73535749524055,27.772253511303756],[85.7358711236751,27.772298833579775],[85.73618017694801,27.772394170918037],[85.73717986106955,27.772536454840797],[85.73762527526846,27.772443549310847],[85.73796809072314,27.772446609377358],[85.73833966689206,27.77259890140512],[85.73861645944483,27.772768449072068],[85.73903249382718,27.77327778297273],[85.74013022285887,27.774242369344673],[85.74034867998174,27.77433245686018],[85.74246941341062,27.775202444972933],[85.74250417576336,27.77521626092351],[85.7428863797993,27.77513398364291],[85.74351692560755,27.775101344568206],[85.74454262098865,27.775302520235318],[85.74497146704219,27.775245374563728],[85.74532747226975,27.775092952006055],[85.745945071848,27.774647190977095],[85.74639642564021,27.774558723895186],[85.74708024149625,27.77453558684364],[85.74754997736612,27.77439316589603],[85.74807272908846,27.77397360135797],[85.74817157703333,27.773870694787902],[85.74919551399846,27.77339010785256],[85.75002075577116,27.77314490411465],[85.75075546741853,27.773325264178148],[85.75109640571826,27.773242611553002],[85.75153312488825,27.77277034440129],[85.75296172145728,27.773121748977786],[85.75350717345859,27.773110866406217],[85.75436473642462,27.77261302547563],[85.75488517891083,27.77255675495595],[85.75501954052082,27.772483482191713],[85.75513501872618,27.772312993859114],[85.75524118082531,27.7720454138552],[85.75550290207124,27.771957510990678],[85.75570666408649,27.771887113368937],[85.75580632528778,27.771854165337402],[85.75603672231968,27.771702744113266],[85.75613932209455,27.77162922179406],[85.75627711889074,27.77128286944752],[85.75724884792506,27.770587469853584],[85.75735432305582,27.770511696001567],[85.75917880285105,27.7695824715468],[85.75928402936002,27.769529204870658],[85.75933729836153,27.769475563237922],[85.75961764884661,27.769195978612153],[85.76049221659785,27.768510958066965],[85.76115001931905,27.76819636077597],[85.76144243929211,27.768056816684215],[85.76156360857088,27.767999174008956],[85.76188378900541,27.767902768305287],[85.76245306030134,27.767731838738072],[85.76358210482827,27.767793784851627],[85.76428267488723,27.767569837852296],[85.76535626169004,27.767708057272333],[85.7658409403706,27.767613087843547],[85.76681586489589,27.767592386482335],[85.76754501152696,27.76775911679462],[85.76766424388906,27.767789562811767],[85.76792815326526,27.767701597265514],[85.76822813793429,27.76753504575404],[85.76836187496633,27.767518164538746],[85.76848442086018,27.767537293966004],[85.76850805410899,27.76754654700337],[85.76926690163153,27.76786694739951],[85.76947635490963,27.767916272242257],[85.76964504194429,27.767915458403696],[85.77040594775013,27.767773348105344],[85.77043483383748,27.767769033302947],[85.77044746343829,27.767771347152582],[85.77109457901523,27.767874184042324],[85.77159094870377,27.767677747105683],[85.77179927526639,27.76759603401667],[85.7720054777325,27.76764529653784],[85.7727719511122,27.767823592949455],[85.77344132220321,27.767585705432907],[85.77471210115642,27.767134374964655],[85.77528662641824,27.76711911548205]]]}},{"type":"Feature","properties":{"province":"Bagmati Province","district":"Sindhupalchok","municipality":"Chautara Sangachowkgadi Municipality","ward":"9","wardNumber":9,"sourceMunicipality":"Chautara SangachokGadhi","sourceType":"Nagarpalika"},"geometry":{"type":"Polygon","coordinates":[[[85.78044759231716,27.742256146856224],[85.78016673066766,27.74153374937965],[85.78010870490617,27.741075052735596],[85.78033527922148,27.74014952882538],[85.7803579683275,27.73953359751282],[85.78007066466571,27.738621582579466],[85.78002019320317,27.737088757863077],[85.77969043571863,27.73617636787617],[85.77918411195368,27.73511568479362],[85.77864233994978,27.734284945844596],[85.77866502927856,27.733671265137897],[85.77906279269756,27.732740426447318],[85.77924685059894,27.731814527694095],[85.77926916556868,27.731200847132037],[85.77911453743533,27.730398300805046],[85.7788034187199,27.73006157909229],[85.7783222372377,27.729768434114458],[85.77796610079548,27.72935456602274],[85.77743677519643,27.728909814791216],[85.77638619082973,27.728248379191594],[85.77616454424171,27.728022939342473],[85.77602354983419,27.727644830267526],[85.77552198013832,27.726737692366278],[85.77499040229779,27.7262161692738],[85.77460100740552,27.726111204012273],[85.77357844268457,27.726291702308558],[85.77254824769669,27.726244259758513],[85.77202699019253,27.72602745030055],[85.77180496747242,27.725804323836076],[85.77140337628376,27.725315559073646],[85.77117535040408,27.724900563939865],[85.77027068742595,27.72346846358969],[85.77003884551699,27.722938309688963],[85.76980969408726,27.722484990934706],[85.7693733908483,27.720962234734138],[85.76905320348308,27.720359060010203],[85.76856720665933,27.719912433470196],[85.76709365570795,27.719414111287364],[85.7664010840951,27.719204867702697],[85.76601056274656,27.71906145404902],[85.76478628906433,27.718328374223898],[85.76438845004239,27.717954704675464],[85.76385931237728,27.717509891050078],[85.7634952326132,27.71686801851441],[85.76316541334175,27.71595556543955],[85.7633162763379,27.71533850770747],[85.76343450425543,27.71503035389946],[85.76447450414325,27.714082691981226],[85.76463437224827,27.71373215012647],[85.76466844540593,27.713463883493755],[85.76456765297048,27.713007063196525],[85.76433831298553,27.712551431380856],[85.76398330258884,27.712178137237917],[85.76327916144766,27.71162347940106],[85.76275646533018,27.71136828381431],[85.76172151660305,27.711167233346494],[85.76069388637048,27.711194187443475],[85.75992710319153,27.711329483614858],[85.75877217632248,27.71139813789347],[85.75812368424934,27.71122534244507],[85.75751533151943,27.71097389849622],[85.75672597105498,27.71041842990009],[85.75606472007452,27.709861833708946],[85.75597418478006,27.709712103015487],[85.75567931358401,27.70856977052234],[85.75545759064791,27.707042135380526],[85.75526607659084,27.706433333636532],[85.75503692446851,27.70597995191418],[85.75450791140527,27.705535076244015],[85.75415902999268,27.70535365083848],[85.75307762563784,27.70503706596389],[85.75178564519203,27.704840331865018],[85.75100616650136,27.70459414046393],[85.75074675705925,27.704524059742372],[85.75067511028561,27.70494774743803],[85.75052157181337,27.706792415433853],[85.7499825786695,27.70864490092385],[85.74962357938395,27.709460893344065],[85.74932291831972,27.71073333264822],[85.74922464108789,27.71165547851503],[85.74934308385129,27.713951714865253],[85.7496679748224,27.716012880165614],[85.74985304819229,27.71642981323161],[85.74995790499021,27.717001730345505],[85.75012022623234,27.718032281266925],[85.75010404056775,27.71883783095599],[85.75031294252425,27.719981665298366],[85.7504680703867,27.720781961706265],[85.7506153190628,27.72135200223474],[85.7505950682426,27.722042393312954],[85.75026658969036,27.723777217800432],[85.75007139767163,27.724357702436148],[85.74913562900683,27.725877093149485],[85.7489291172645,27.726112226796577],[85.747991332034,27.726029271964],[85.74833264899257,27.72634605030173],[85.74765402253797,27.726414388330834],[85.7473322174638,27.72652886222288],[85.74709619461403,27.72673886326666],[85.74681653260282,27.727099659194092],[85.74668773594256,27.72721363041064],[85.74655881500189,27.7274607043525],[85.74657963718684,27.72763237983826],[85.74657963858523,27.727747538140466],[85.74645015684257,27.72809164039858],[85.74636350308364,27.728490320817237],[85.74616993560731,27.7288902521443],[85.74610485234514,27.729232728820712],[85.74621046289312,27.73003483780535],[85.74635933509437,27.73049203333454],[85.7464868886637,27.73112059187189],[85.74670009825819,27.731693508343145],[85.74678494652719,27.73203504553411],[85.74680272221173,27.733921912436184],[85.7469924331152,27.735467302230365],[85.74692554506285,27.736610888830594],[85.74690385175896,27.736838643501283],[85.74681757198488,27.737009318945987],[85.74666501995115,27.73745932705304],[85.74662369349548,27.737580800661497],[85.7464945848298,27.73775341465141],[85.74645138202303,27.737868136969546],[85.74642906535621,27.73826737937142],[85.74647183271223,27.73843930425711],[85.74668541544001,27.73878202779275],[85.74677063684005,27.73901071952906],[85.7468554856519,27.739410961669453],[85.74685430336967,27.740040583369986],[85.74704631802949,27.74055460831419],[85.74723683753555,27.74169825473971],[85.74723497110148,27.74261233568328],[85.74727736417331,27.7428428403698],[85.74736258558211,27.74301289007532],[85.7477264737397,27.74335686270509],[85.74791848734097,27.743814558797297],[85.7482853786737,27.744314327499875],[85.74895995050518,27.74527279091847],[85.74983665675495,27.745862957045414],[85.75054204916108,27.746458313271084],[85.75143126426184,27.74743002949098],[85.75156481588442,27.747620771055054],[85.75188118789602,27.748070463181083],[85.7521104021817,27.748523907544218],[85.7522111316432,27.748980728145032],[85.75244403621846,27.74954926831819],[85.75282357657518,27.751953971507426],[85.7533867385646,27.753432650548408],[85.75383378476874,27.753996375226585],[85.75488905917587,27.75481379442818],[85.75801354267621,27.75599730368242],[85.75897340372754,27.756511447239596],[85.75950354342814,27.75699464651162],[85.7598120351743,27.75725459599221],[85.76133961061156,27.75809883079809],[85.76253268059598,27.75831938577775],[85.76318786554806,27.758826216733702],[85.76532723037229,27.75964193945816],[85.76702618063997,27.760419903231544],[85.77116085559875,27.7620746680673],[85.77185680597763,27.7625187301217],[85.77365216773885,27.763277125675476],[85.77482823559427,27.76392174282182],[85.77562478599454,27.764472647787542],[85.77578432983489,27.762966454554416],[85.77625818382907,27.762079252439467],[85.77703065271933,27.761575973499458],[85.7780980445534,27.761213045254813],[85.77840615394246,27.760714708487026],[85.77845172519488,27.759927539569833],[85.7775298715436,27.758838352984775],[85.77721987639138,27.758318827870877],[85.77705599663686,27.75768770650203],[85.77717422399056,27.75737730125077],[85.77837321769496,27.756042899691913],[85.77853458634321,27.755732806991062],[85.77887451073425,27.754341083776936],[85.77889720031608,27.753727465902045],[85.77865766571261,27.75296705622469],[85.77846358638506,27.752281544688056],[85.77851396905191,27.75120547775345],[85.77777980629514,27.749729863130547],[85.77772678427499,27.749422398238963],[85.7779635522867,27.748803839926374],[85.77891283060136,27.747704134510236],[85.77952510987778,27.746768416668417],[85.77948946042952,27.745693851879512],[85.77954503393651,27.744773581233623],[85.77983082309736,27.744342764006003],[85.78029305447431,27.7440624908492],[85.7804541107432,27.74375246070748],[85.78064805102593,27.743133527855385],[85.78063779442527,27.74282650012591],[85.78044759231716,27.742256146856224]]]}},{"type":"Feature","properties":{"province":"Bagmati Province","district":"Sindhupalchok","municipality":"Chautara Sangachowkgadi Municipality","ward":"4","wardNumber":4,"sourceMunicipality":"Chautara SangachokGadhi","sourceType":"Nagarpalika"},"geometry":{"type":"Polygon","coordinates":[[[85.74645461026424,27.79653142592711],[85.74754732943676,27.796599999761884],[85.7478400013619,27.7966703303631],[85.74819775883547,27.796675829519987],[85.75004656644879,27.796378789578803],[85.7502847775892,27.796157535322237],[85.75060001260157,27.795413376453496],[85.75098658843336,27.794983559447715],[85.75187160350634,27.794901278454677],[85.75278013164096,27.795266065912784],[85.75295100734708,27.795242745096502],[85.75346606958523,27.794843435732858],[85.75399062963442,27.79390934444793],[85.7539958187359,27.793900341852048],[85.75447093198817,27.79382337804795],[85.75527009975895,27.793483021608075],[85.75605570353304,27.793467510313548],[85.75668418862583,27.793662687483064],[85.75686150579955,27.793718453035833],[85.75738713696943,27.79358103348074],[85.75772607159638,27.79326812583742],[85.75793426853039,27.792802800078675],[85.75845569468848,27.791049468272277],[85.75852709473662,27.790966568130425],[85.75924003862421,27.790140194930636],[85.76082980482953,27.789111817795185],[85.76211351282552,27.787293022813614],[85.76405684209028,27.785685472361195],[85.76464361826073,27.785349931093396],[85.76466081078557,27.78518081924974],[85.76466406157934,27.78514924728699],[85.76505218508927,27.783214113043634],[85.76536047709679,27.782228383973873],[85.76554835477921,27.781826077032093],[85.76557342561792,27.78177212310755],[85.76556834777638,27.780393218507733],[85.76551969730026,27.779754093150483],[85.76561934291,27.77811429865831],[85.7661514047632,27.77711700126016],[85.76616228323758,27.777110311907776],[85.76757592420684,27.776235981147593],[85.76862155311645,27.775457681056643],[85.77126963567049,27.773052828343793],[85.77357308873916,27.770545635299705],[85.77363798726884,27.770473989227785],[85.7745694438167,27.769119083606245],[85.77528662641824,27.76711911548205],[85.77471210115642,27.767134374964655],[85.77344132220321,27.767585705432907],[85.7727719511122,27.767823592949455],[85.7720054777325,27.76764529653784],[85.77179927526639,27.76759603401667],[85.77159094870377,27.767677747105683],[85.77109457901523,27.767874184042324],[85.77044746343829,27.767771347152582],[85.77043483383748,27.767769033302947],[85.77040594775013,27.767773348105344],[85.76964504194429,27.767915458403696],[85.76947635490963,27.767916272242257],[85.76926690163153,27.76786694739951],[85.76850805410899,27.76754654700337],[85.76848442086018,27.767537293966004],[85.76836187496633,27.767518164538746],[85.76822813793429,27.76753504575404],[85.76792815326526,27.767701597265514],[85.76766424388906,27.767789562811767],[85.76754501152696,27.76775911679462],[85.76681586489589,27.767592386482335],[85.7658409403706,27.767613087843547],[85.76535626169004,27.767708057272333],[85.76428267488723,27.767569837852296],[85.76358210482827,27.767793784851627],[85.76245306030134,27.767731838738072],[85.76188378900541,27.767902768305287],[85.76156360857088,27.767999174008956],[85.76144243929211,27.768056816684215],[85.76115001931905,27.76819636077597],[85.76049221659785,27.768510958066965],[85.75961764884661,27.769195978612153],[85.75933729836153,27.769475563237922],[85.75928402936002,27.769529204870658],[85.75917880285105,27.7695824715468],[85.75735432305582,27.770511696001567],[85.75724884792506,27.770587469853584],[85.75627711889074,27.77128286944752],[85.75613932209455,27.77162922179406],[85.75603672231968,27.771702744113266],[85.75580632528778,27.771854165337402],[85.75570666408649,27.771887113368937],[85.75550290207124,27.771957510990678],[85.75524118082531,27.7720454138552],[85.75513501872618,27.772312993859114],[85.75501954052082,27.772483482191713],[85.75488517891083,27.77255675495595],[85.75436473642462,27.77261302547563],[85.75350717345859,27.773110866406217],[85.75296172145728,27.773121748977786],[85.75153312488825,27.77277034440129],[85.75109640571826,27.773242611553002],[85.75075546741853,27.773325264178148],[85.75002075577116,27.77314490411465],[85.74919551399846,27.77339010785256],[85.74817157703333,27.773870694787902],[85.74807272908846,27.77397360135797],[85.74754997736612,27.77439316589603],[85.74708024149625,27.77453558684364],[85.74639642564021,27.774558723895186],[85.745945071848,27.774647190977095],[85.74532747226975,27.775092952006055],[85.74497146704219,27.775245374563728],[85.74454262098865,27.775302520235318],[85.74351692560755,27.775101344568206],[85.7428863797993,27.77513398364291],[85.74250417576336,27.77521626092351],[85.74246941341062,27.775202444972933],[85.74216337032082,27.776000806924433],[85.7415634116457,27.777372026578078],[85.7407703808842,27.778676041636594],[85.7405518677168,27.77919763398273],[85.74062928051183,27.78010552508499],[85.74101981066944,27.781068241819895],[85.74113342160709,27.781667292224416],[85.74077510414936,27.782020648834603],[85.73954183807943,27.782329873949127],[85.73858179997852,27.782921430369548],[85.73835246995998,27.78344064751535],[85.73796245604967,27.783980997178134],[85.73725094607578,27.784367179008083],[85.73690594390736,27.784413695262423],[85.7359163298656,27.784713854013496],[85.7350798977871,27.78503570457077],[85.73463398324631,27.785115232287577],[85.73405683084609,27.785073787239508],[85.73335976442253,27.785525487681575],[85.73270264935493,27.78587159462685],[85.73124348797144,27.786336618031363],[85.73104291428892,27.786400263347815],[85.73070347727943,27.786620580568894],[85.7303608548,27.787064275794524],[85.73021880880162,27.787685834585655],[85.73025860320652,27.790570369217107],[85.73048382035142,27.791454814185457],[85.7307105339614,27.79184736540726],[85.73095025027916,27.792100125541204],[85.73099345446907,27.792152328083077],[85.73104128551867,27.79221146954712],[85.73149983566186,27.79277306811716],[85.73191643432396,27.793365927092132],[85.73203923346715,27.793773295801863],[85.73199303176095,27.794068507464154],[85.73165153639538,27.794656620292894],[85.73123276677745,27.7956976170113],[85.731176000487,27.796216207470557],[85.73111685707376,27.796558745931726],[85.73110998062623,27.796660213603644],[85.73111210670551,27.796691847563277],[85.73114893873462,27.797265390909352],[85.73139341046203,27.797793480724202],[85.73184089352036,27.79827149302949],[85.73294486455468,27.798141695703915],[85.73346374468215,27.798175764561368],[85.7338343228261,27.798449966490963],[85.7341100539536,27.798854208088418],[85.73441323037041,27.799030695001615],[85.73468758203336,27.799033256531718],[85.73497668903327,27.798972673592065],[85.73533651110043,27.799075262930476],[85.7361361212183,27.799118706806368],[85.73640559845778,27.799324265540335],[85.73667557313655,27.799328952367905],[85.73708553597822,27.79915214706177],[85.73740821748969,27.799069370014188],[85.7379187838709,27.799306435132983],[85.73800200461199,27.79946066752211],[85.73799762996748,27.799729183479705],[85.73799675593845,27.79977657295971],[85.73843579532122,27.79994530584179],[85.73931030811649,27.800068397482896],[85.73957496807513,27.799926353734975],[85.73960710219448,27.799698724027145],[85.7393674427168,27.79890668073693],[85.73945959992638,27.798672799136252],[85.73977127395614,27.79833032089062],[85.74022850550962,27.798269049867415],[85.74075182453143,27.798276047446397],[85.74180109196463,27.798542867071312],[85.74214184218823,27.79845796453697],[85.74223637716361,27.79837531449622],[85.7424180645058,27.79794143574037],[85.74282552629772,27.797737496991974],[85.74300184199112,27.797714238721746],[85.7441138182212,27.797852958307708],[85.7444605707626,27.79774104791063],[85.74489872743075,27.797160498649752],[85.74494405576036,27.79712705079101],[85.74536189544958,27.796819394742613],[85.74645461026424,27.79653142592711]]]}},{"type":"Feature","properties":{"province":"Bagmati Province","district":"Sindhupalchok","municipality":"Chautara Sangachowkgadi Municipality","ward":"6","wardNumber":6,"sourceMunicipality":"Chautara SangachokGadhi","sourceType":"Nagarpalika"},"geometry":{"type":"Polygon","coordinates":[[[85.71525840204549,27.80813871112422],[85.71532536395169,27.808082881541473],[85.71554268880415,27.8074890809544],[85.71569773874731,27.80676836748863],[85.71574006335055,27.80632417444077],[85.71555455206368,27.805911742309867],[85.71479632502621,27.805096759017513],[85.71465164253414,27.804664382850238],[85.71472528992162,27.804175364208906],[85.71483113808284,27.80386264594008],[85.71510930042461,27.80354248759479],[85.7153448243249,27.803429577773517],[85.7160685923494,27.80333929491547],[85.71769975478624,27.80283307144075],[85.71852443537458,27.802795553687695],[85.71892333196506,27.802593928598633],[85.71963771713868,27.802140039865044],[85.72048577135443,27.801134674904546],[85.72135289933173,27.800474661452515],[85.72168464649415,27.80036944096642],[85.72214956953881,27.800468528145483],[85.72268720717908,27.800475713932798],[85.72334894912522,27.80012748152174],[85.72464848206232,27.799002077505737],[85.72515653915478,27.79838839387408],[85.72521462218423,27.798251227834417],[85.725084886778,27.798247790306128],[85.7241888029647,27.79812895053658],[85.72295653220088,27.798088260222734],[85.72267324262474,27.79835871691746],[85.72235762654797,27.79845968727172],[85.72192171509575,27.798491700246974],[85.72167587287103,27.798432997144165],[85.72080973202158,27.797729922299226],[85.72007520595533,27.797391391780998],[85.71856232900929,27.797065932713124],[85.71699593111059,27.796593369626276],[85.71659177976323,27.79651059811714],[85.71610553832163,27.796612194300835],[85.71566368975267,27.796903721310358],[85.71513536927233,27.79697105728041],[85.71479367890436,27.796891162181733],[85.71464374782228,27.796797197709704],[85.71419082928217,27.79676369212554],[85.71360855347378,27.7970764756639],[85.71318183098725,27.796943877932645],[85.71288059059471,27.79655514089076],[85.71258635433269,27.796351583870518],[85.71203371294168,27.796407354102254],[85.71052177317588,27.796057013730508],[85.71032751339672,27.796037196445017],[85.7096282529869,27.795965180728516],[85.70944155694416,27.795791943909105],[85.70883945754632,27.79568254169965],[85.7082816230771,27.7954245958137],[85.70830350510198,27.795343508733854],[85.70844492969938,27.795083056646014],[85.70859304393976,27.79470531943747],[85.70895780084528,27.794415356363206],[85.70951994503599,27.794174593921312],[85.7097350245982,27.79420141232606],[85.71003588651273,27.794161335258476],[85.71122920487888,27.79427623447698],[85.7113693797922,27.794036101135486],[85.71145678621617,27.793998526133176],[85.71169299845046,27.79389693223268],[85.71195353154079,27.793842914158816],[85.71274989024823,27.793906739507783],[85.71299441816767,27.793802956962896],[85.71336254891276,27.79322640932777],[85.71345226418245,27.792719447658367],[85.71369053605221,27.792308637025005],[85.71369403544081,27.79209207385941],[85.71312294797833,27.792043876956424],[85.71280157640192,27.791858136767615],[85.71275193225675,27.791740290093088],[85.71262644348761,27.791296786462635],[85.71236246765747,27.790973880636866],[85.71187809446252,27.790459295892315],[85.7108512062461,27.78965988178114],[85.71084520317501,27.789655318607153],[85.70961155740274,27.789521976374335],[85.70864894695868,27.789210580006912],[85.70809817804589,27.78903390774472],[85.70596600278562,27.78810909063313],[85.70466888531024,27.78703628583194],[85.70456615733119,27.786714880074957],[85.7046286769444,27.786388158177843],[85.70467375417867,27.786223859295205],[85.70493897384831,27.785872004444855],[85.7046657989677,27.78472529513879],[85.70443602306297,27.784362064552734],[85.70328195832685,27.783213861948504],[85.70283678168106,27.782128609436175],[85.70327806090897,27.78113306357246],[85.70336077317539,27.78060346961075],[85.70331593762752,27.77996890903431],[85.70321070906397,27.779773852344288],[85.70282543714775,27.779361796902844],[85.70257664722769,27.778328119779456],[85.70200948485986,27.77685813023712],[85.70161458144558,27.776217945477878],[85.70132809967485,27.77608447120332],[85.70117654069394,27.775900231113134],[85.70075906614656,27.775129007572207],[85.70065790115882,27.77491594543436],[85.70026506602817,27.774691070726043],[85.69985453818236,27.77459241959915],[85.69930057820925,27.774230692387217],[85.69836079004449,27.77396674799449],[85.6981853423646,27.773197897965463],[85.6977770620491,27.77282841810306],[85.69769790790184,27.772816414793372],[85.6974348717552,27.772773404292646],[85.69718690550918,27.77279578844608],[85.6968038279895,27.773056242747675],[85.69619554324872,27.77331907476227],[85.69476563501583,27.773116026487756],[85.69395646243144,27.773365668430507],[85.69280654217394,27.773964165803545],[85.69237175680347,27.774075201283512],[85.69151831350501,27.773929477889],[85.69086325995718,27.77412410322419],[85.69022265143732,27.774438512819426],[85.68984751185349,27.774405568235515],[85.6895104493282,27.774476904418982],[85.68915594515757,27.77467890409129],[85.68903615277809,27.774885403359054],[85.68840267518836,27.77560612033926],[85.68828132027024,27.775864509765743],[85.68790637058824,27.776052755097812],[85.68745726731143,27.77613203221962],[85.6872184893676,27.776021501367815],[85.6866680933185,27.7755174830639],[85.68644457143321,27.775413765967798],[85.68618053605489,27.775370630771352],[85.68568122644953,27.775485543360986],[85.68475363329756,27.77553087647702],[85.68204513378,27.776033232690096],[85.68166311882082,27.776264303717994],[85.68149206166653,27.77690586859958],[85.681311309169,27.777084672733626],[85.68112392774759,27.777166384974088],[85.68091134871993,27.777162072804337],[85.67998443422486,27.776334087601615],[85.67925885091171,27.776189487766025],[85.67876110123603,27.775830448487806],[85.67824196936644,27.775746490890622],[85.67778086122786,27.775787255945964],[85.67777767415674,27.77595192999159],[85.67768339185005,27.776145112253],[85.6775062029441,27.77634429727675],[85.67720033994182,27.776406817603817],[85.67708679867576,27.776538857125857],[85.67714407219502,27.776756045674368],[85.67759174249822,27.777166537816782],[85.67767214942243,27.7773907281312],[85.67754823162434,27.777673936881506],[85.67693044163391,27.77784849380309],[85.67674931702479,27.778399718939088],[85.67647753045725,27.778555142165917],[85.67612052377793,27.778596782046005],[85.67596646797783,27.77877364770328],[85.67596296871255,27.77899027405749],[85.67624532694327,27.779347251276842],[85.67669593314916,27.77948697649254],[85.67731992086883,27.780059389720954],[85.67748648689829,27.78052815107699],[85.67741665138385,27.780872752925955],[85.67753982711781,27.781338826400077],[85.67751075443876,27.78143104126346],[85.67726398340865,27.782220774416956],[85.67710023815472,27.78248785415232],[85.67635271836471,27.783268277462142],[85.67623367684858,27.783540232503793],[85.67622736616406,27.783928346466045],[85.67614177405213,27.784214118592132],[85.67522050438507,27.785119329892723],[85.67512046937296,27.785339520012016],[85.67519374751309,27.78544398784676],[85.67576789915607,27.785623285380645],[85.67599773708986,27.785871481809682],[85.67622526952957,27.786938793590487],[85.67610091515364,27.787384487939732],[85.67588783902711,27.787691579433336],[85.6756307460868,27.787914834605612],[85.6755290230388,27.78814627859911],[85.67555472525277,27.788667869352544],[85.67555610105285,27.78869268912953],[85.67601039976265,27.78921158793552],[85.67608674331656,27.789501172236857],[85.67600209020314,27.789786944544844],[85.67509064117826,27.791263197073153],[85.67497566416093,27.791537403452086],[85.67493102771557,27.79210794688486],[85.67498442479699,27.792284498155308],[85.67508233873362,27.792608154862762],[85.67565180896503,27.793491535077724],[85.67641359884243,27.794241249108822],[85.6767601699492,27.79475677318969],[85.67675424949928,27.796688465177688],[85.67698165861755,27.79792513933062],[85.6769342689386,27.798227103288028],[85.67681116249065,27.798386150924596],[85.67678748088916,27.799868648863193],[85.6767255905686,27.800687264322946],[85.67667082818481,27.801411165294763],[85.67618571561233,27.801993277366016],[85.67599458638557,27.802370577230807],[85.6758886769581,27.802893106147856],[85.67593438386908,27.803153057145856],[85.67608825790226,27.8035449841743],[85.676114143156,27.803606127052564],[85.67613415210116,27.803764297833563],[85.67606337957687,27.80413371929475],[85.67594027426821,27.804500390922833],[85.67586631666344,27.805237670414268],[85.67591752914238,27.805854225571256],[85.67595636088285,27.80631948721512],[85.67604870953552,27.806469343085265],[85.67628642391185,27.806647643620163],[85.67648706307557,27.80679624789133],[85.67652451457666,27.806823693430438],[85.67690653224476,27.806897274311716],[85.67717725664762,27.806834441149533],[85.6772744799962,27.806824062917862],[85.67742403594963,27.806841253999284],[85.67766931427107,27.806816557155038],[85.67811010320625,27.806856878593837],[85.67834763050392,27.80699229077414],[85.67966137574265,27.80778570100254],[85.68089883953019,27.80822625829626],[85.68241591090371,27.809127636510066],[85.68252932902898,27.8091670844205],[85.68262417578117,27.809140888660707],[85.6831369263636,27.808904314819525],[85.68357940206371,27.808777586953962],[85.68359184433542,27.808773210819275],[85.68382186769125,27.808827287104936],[85.68405145412804,27.808969389554733],[85.68430098672121,27.80927416458732],[85.68432218241747,27.8093037353358],[85.68440990359814,27.809397074742726],[85.68452194586438,27.809443274904282],[85.68526484630759,27.80940519557202],[85.68586457222443,27.809740413945697],[85.6862637863745,27.81013008837652],[85.68659497901709,27.810819350668595],[85.68669082823338,27.81097583346563],[85.6867222781425,27.811028098277244],[85.68683994700483,27.81108111278061],[85.68685288935025,27.81108805262327],[85.6870825373183,27.81103828570376],[85.68724034455037,27.81092468900845],[85.68730217802712,27.810715377166513],[85.68730748856058,27.810352145423778],[85.68713422989818,27.80964187517459],[85.68716361466856,27.809545096624312],[85.68721175724842,27.809527466276055],[85.68737344202181,27.80945681896886],[85.68747760531423,27.80941943263738],[85.6878586797057,27.808967171844046],[85.688146909463,27.808717158051667],[85.68830646823045,27.808718657292804],[85.68903867911398,27.808910645808613],[85.69048821670134,27.808809354351247],[85.69091862123916,27.808319144240862],[85.69102666048,27.808196045254846],[85.69122123049645,27.80805568948852],[85.692455752796,27.80815314584018],[85.69268052402191,27.80820034596516],[85.69345331288343,27.80836788912429],[85.69411018194562,27.808407957937035],[85.69473066032008,27.80823102607294],[85.69569014007376,27.808145243152815],[85.69681924422156,27.807878343575272],[85.69700274977295,27.807898097662207],[85.69809665729446,27.808009934261847],[85.69846660811798,27.808087891711253],[85.69888413681825,27.807981232259138],[85.69909859114031,27.8079832315369],[85.70037331794998,27.808385651663308],[85.70149798672229,27.808497738837847],[85.702600206718,27.8083117379042],[85.70354367898159,27.8080768488786],[85.70402304498354,27.80807684513086],[85.70511369684192,27.807845580488348],[85.70647951628928,27.80782000040488],[85.70701002790058,27.808034808954716],[85.70701603043061,27.808034870952092],[85.70780526065953,27.808073813750198],[85.70803496956263,27.807940585352842],[85.70813781965987,27.807824237924113],[85.70854108903713,27.807365287247478],[85.70892160492176,27.807332712813363],[85.70920383313702,27.80717972805607],[85.7092799851004,27.807047188447655],[85.70932725057214,27.806828749028433],[85.7092613467848,27.806421942325446],[85.70904438713738,27.805986566085373],[85.70907033308008,27.805831145686263],[85.70908959021759,27.805811014458516],[85.70910084335807,27.805797572361048],[85.70914561025728,27.805797947288905],[85.7092525249126,27.805798946542676],[85.7100176872429,27.806153669648292],[85.71049674156907,27.80631383796594],[85.71095597605579,27.80640836185348],[85.71198473590405,27.806715819244257],[85.71414723346292,27.807525790452818],[85.71491564826893,27.807930152446204],[85.71525840204549,27.80813871112422]]]}},{"type":"Feature","properties":{"province":"Bagmati Province","district":"Sindhupalchok","municipality":"Chautara Sangachowkgadi Municipality","ward":"10","wardNumber":10,"sourceMunicipality":"Chautara SangachokGadhi","sourceType":"Nagarpalika"},"geometry":{"type":"Polygon","coordinates":[[[85.74655881500189,27.7274607043525],[85.74668773594256,27.72721363041064],[85.74681653260282,27.727099659194092],[85.74709619461403,27.72673886326666],[85.7473322174638,27.72652886222288],[85.74765402253797,27.726414388330834],[85.74833264899257,27.72634605030173],[85.747991332034,27.726029271964],[85.7489291172645,27.726112226796577],[85.74913562900683,27.725877093149485],[85.75007139767163,27.724357702436148],[85.75026658969036,27.723777217800432],[85.7505950682426,27.722042393312954],[85.7506153190628,27.72135200223474],[85.7504680703867,27.720781961706265],[85.75031294252425,27.719981665298366],[85.75010404056775,27.71883783095599],[85.75012022623234,27.718032281266925],[85.74995790499021,27.717001730345505],[85.74985304819229,27.71642981323161],[85.7496679748224,27.716012880165614],[85.74934308385129,27.713951714865253],[85.74922464108789,27.71165547851503],[85.74932291831972,27.71073333264822],[85.74962357938395,27.709460893344065],[85.7499825786695,27.70864490092385],[85.75052157181337,27.706792415433853],[85.75067511028561,27.70494774743803],[85.75074675705925,27.704524059742372],[85.75034873063716,27.704152641735785],[85.74998634021628,27.703549092264286],[85.74979970406802,27.70309377260146],[85.74953278913208,27.702793436569543],[85.74869659754778,27.702126934622523],[85.748389105888,27.701857858580077],[85.74816370548034,27.701411291668325],[85.74804903514227,27.70112352066531],[85.74753715504673,27.700872951134976],[85.7470896111227,27.700566427123437],[85.74670684172646,27.700222266710377],[85.74666426250407,27.70014743295676],[85.74621752988101,27.699743942583517],[85.74594136191746,27.699418724240015],[85.74560185625776,27.69898009835551],[85.7454963777384,27.698751156550863],[85.7453481332976,27.69852196557087],[85.7449193502494,27.698653445799142],[85.74472646767538,27.698728406348753],[85.74434132459372,27.698727221593828],[85.74350595353648,27.698859580162207],[85.74312049944876,27.69891472435909],[85.74260618485683,27.69906808638945],[85.74228506682371,27.699103536631796],[85.74202766015004,27.69921857195493],[85.74164045758096,27.699542295643113],[85.7412738887526,27.69999930811775],[85.74086667634297,27.700131037004468],[85.74073775473303,27.70020662290429],[85.74065097493433,27.70039768015559],[85.74065028797116,27.70051277643209],[85.74058557746737,27.70062724803943],[85.74030647617512,27.70077816961127],[85.74009208462084,27.700816807218477],[85.73996347501067,27.70089245530113],[85.73974777301352,27.70115903576972],[85.7396609299445,27.701350092352055],[85.7396801285071,27.701693255253456],[85.73963667594401,27.701807977080623],[85.7395078792703,27.701901630647853],[85.73922933923437,27.70197809289882],[85.73879874631335,27.702378150941822],[85.73843042995647,27.703121747187385],[85.73832164214917,27.703407394766973],[85.73829938523241,27.703578695385065],[85.73823436227025,27.703693229489225],[85.73816559448645,27.70443732358429],[85.7380766291784,27.704951099977546],[85.73792463948676,27.705295015183257],[85.73762340514108,27.70558116415942],[85.7373841982583,27.70620859986523],[85.7372544649157,27.706437605578774],[85.73714705064165,27.706513379366775],[85.73671870566739,27.70655239419508],[85.73656808827884,27.70672250801708],[85.73637202163742,27.707293926556076],[85.73626379556266,27.70746672816046],[85.73617689119628,27.707693920551474],[85.73645243511345,27.708095849442785],[85.73653665542686,27.7083245408169],[85.73651446125594,27.708439449637268],[85.736170273614,27.708707156048245],[85.73571992200907,27.708894839445772],[85.73533409275996,27.709008689180994],[85.73520517036528,27.70908652504615],[85.73456230921818,27.709254454675364],[85.73404699565384,27.709520537428936],[85.73372481595621,27.709750044971265],[85.7333171037718,27.709920160020697],[85.73280266530077,27.710053078287352],[85.73260940709717,27.710184493183277],[85.7320317556259,27.71016567994228],[85.73164648848729,27.710202757014635],[85.73087651468856,27.71017994393477],[85.7303623873491,27.710256470263243],[85.72972064987832,27.71021671368582],[85.72961385961662,27.710215777108953],[85.72884301210446,27.710289929721686],[85.72839253486087,27.71045960861879],[85.72832813694485,27.710517688313004],[85.72807072997952,27.710630410732428],[85.72723485996784,27.71081909774725],[85.72665670897604,27.7108949996488],[85.72492013250138,27.71142298163396],[85.72453386717277,27.711633796971437],[85.72408214065089,27.7120133495044],[85.72401793019759,27.712032980732452],[85.72335131265339,27.712545948584953],[85.722835749526,27.712830098630786],[85.72264299114973,27.712886991939666],[85.7221278653339,27.713132755656904],[85.72199925550274,27.713151887632257],[85.72174166120689,27.713305247599006],[85.72159060770419,27.713513746955126],[85.7211595777455,27.71397013505084],[85.72081638935644,27.714122682639182],[85.72062350593971,27.714159319171454],[85.72047288872959,27.71427297945688],[85.72008649723884,27.71446353787891],[85.71982877929678,27.714652908583172],[85.71931321599095,27.71493930890289],[85.7181056580851,27.716386056455175],[85.7177168966912,27.717129464767364],[85.7172647363101,27.717872311328033],[85.71677043324213,27.71836652342484],[85.7165773637291,27.718556517856047],[85.71604104273304,27.718878804364298],[85.71578369839807,27.719011845448666],[85.71552610544181,27.719241852821618],[85.71518266777878,27.7194689220355],[85.71505437041054,27.71943159966365],[85.71473481150203,27.719105944304967],[85.71458550453242,27.719027797700342],[85.71413633693408,27.71891308020372],[85.71394370330307,27.718931586398224],[85.71383660220089,27.71900735976266],[85.71368592335682,27.719236115616564],[85.71362090147997,27.719427359758885],[85.7135743313206,27.720343191575285],[85.71346485855224,27.720915422991478],[85.71329148765862,27.721487030294053],[85.71330968938283,27.722288327244694],[85.71341579359745,27.722517206287097],[85.71362993512635,27.722442495116013],[85.71414437396696,27.722291571721133],[85.71446567937024,27.72213883732617],[85.71472302352501,27.72206224994301],[85.71510797885146,27.722083878071246],[85.71530017615396,27.722160086203527],[85.71562029726324,27.722409032026402],[85.71568438388077,27.72242772480831],[85.71594010636362,27.722658040498995],[85.7161963897932,27.722811582964066],[85.71683731783952,27.723061276511498],[85.71754339231634,27.72308358979496],[85.71818581688858,27.722987931844024],[85.71902043776325,27.722914403471165],[85.71927728234442,27.722914526293952],[85.7198548728988,27.72299435769132],[85.7208808184802,27.72326336595398],[85.72235455835946,27.723953994589827],[85.72293158726583,27.724166927555572],[85.72395740787053,27.724474259656215],[85.72485580441544,27.72459091138033],[85.72684554321856,27.72469261309074],[85.72748603432301,27.725037021459794],[85.72787086583426,27.72515336517554],[85.72821261933088,27.725346106671697],[85.72849047255757,27.725441131792323],[85.72870448952044,27.72544087991861],[85.72898296673851,27.72529002175141],[85.72915477887814,27.725156105790983],[85.72947652136078,27.724967235109126],[85.72975474914327,27.72494954013439],[85.7300539235368,27.725044752840674],[85.73056636584442,27.72533152107198],[85.73075843894581,27.725504819859612],[85.73086479223933,27.7256569887244],[85.73099090831961,27.726267479407213],[85.73103049307727,27.72703289152066],[85.73113616122636,27.727413002597977],[85.73117793014295,27.727720342227855],[85.73143159372196,27.7284831890359],[85.73153707534061,27.728903874381444],[85.731556399192,27.72940058319237],[85.731620299599,27.729552377023566],[85.73161898992501,27.729856966216772],[85.73161761843923,27.73022038569203],[85.73200226243006,27.730354796932694],[85.73242979658431,27.73045119648315],[85.73277204880581,27.730490455731104],[85.73320001993359,27.730492077716608],[85.7336284270574,27.73037866595627],[85.73405720955228,27.730170413556852],[85.73429335754027,27.73003718484882],[85.73455088827133,27.729809366291516],[85.73517311427891,27.729352352306666],[85.73528084079884,27.729220187669394],[85.73551692662058,27.729066639984566],[85.7360108551071,27.728572366530187],[85.73616153352917,27.728343548017858],[85.73646189225974,27.728116103225883],[85.73663401612572,27.72792585857783],[85.73689117307012,27.727810822703834],[85.73723398662561,27.727716917311092],[85.73783408383825,27.727641140325797],[85.73877724587743,27.727642946151217],[85.73963493760944,27.72754916113542],[85.74040653562301,27.72753133753956],[85.74066350616556,27.727569784089138],[85.74203563956885,27.72757096057463],[85.74244285295069,27.727531759027215],[85.7429789266674,27.72751406117395],[85.74426471657566,27.727573131075857],[85.74512253288643,27.727440960582168],[85.74546547240084,27.727421451687583],[85.74589406811606,27.72742307379823],[85.74655881500189,27.7274607043525]]]}},{"type":"Feature","properties":{"province":"Bagmati Province","district":"Sindhupalchok","municipality":"Chautara Sangachowkgadi Municipality","ward":"12","wardNumber":12,"sourceMunicipality":"Chautara SangachokGadhi","sourceType":"Nagarpalika"},"geometry":{"type":"Polygon","coordinates":[[[85.71341579359745,27.722517206287097],[85.71330968938283,27.722288327244694],[85.71329148765862,27.721487030294053],[85.71346485855224,27.720915422991478],[85.7135743313206,27.720343191575285],[85.71362090147997,27.719427359758885],[85.71368592335682,27.719236115616564],[85.71383660220089,27.71900735976266],[85.71394370330307,27.718931586398224],[85.71413633693408,27.71891308020372],[85.71458550453242,27.719027797700342],[85.71473481150203,27.719105944304967],[85.71505437041054,27.71943159966365],[85.71518266777878,27.7194689220355],[85.71552610544181,27.719241852821618],[85.71578369839807,27.719011845448666],[85.71604104273304,27.718878804364298],[85.7165773637291,27.718556517856047],[85.71677043324213,27.71836652342484],[85.7172647363101,27.717872311328033],[85.7177168966912,27.717129464767364],[85.7181056580851,27.716386056455175],[85.71931321599095,27.71493930890289],[85.71982877929678,27.714652908583172],[85.72008649723884,27.71446353787891],[85.72047288872959,27.71427297945688],[85.72062350593971,27.714159319171454],[85.72081638935644,27.714122682639182],[85.7211595777455,27.71397013505084],[85.72159060770419,27.713513746955126],[85.72174166120689,27.713305247599006],[85.72199925550274,27.713151887632257],[85.7221278653339,27.713132755656904],[85.72264299114973,27.712886991939666],[85.722835749526,27.712830098630786],[85.72335131265339,27.712545948584953],[85.72401793019759,27.712032980732452],[85.72408214065089,27.7120133495044],[85.72453386717277,27.711633796971437],[85.72492013250138,27.71142298163396],[85.72665670897604,27.7108949996488],[85.72723485996784,27.71081909774725],[85.72807072997952,27.710630410732428],[85.72832813694485,27.710517688313004],[85.72839253486087,27.71045960861879],[85.72884301210446,27.710289929721686],[85.72961385961662,27.710215777108953],[85.72972064987832,27.71021671368582],[85.7303623873491,27.710256470263243],[85.73087651468856,27.71017994393477],[85.73164648848729,27.710202757014635],[85.7320317556259,27.71016567994228],[85.73260940709717,27.710184493183277],[85.73280266530077,27.710053078287352],[85.7333171037718,27.709920160020697],[85.73372481595621,27.709750044971265],[85.73404699565384,27.709520537428936],[85.73456230921818,27.709254454675364],[85.73520517036528,27.70908652504615],[85.73533409275996,27.709008689180994],[85.73571992200907,27.708894839445772],[85.736170273614,27.708707156048245],[85.73651446125594,27.708439449637268],[85.73653665542686,27.7083245408169],[85.73645243511345,27.708095849442785],[85.73617689119628,27.707693920551474],[85.73626379556266,27.70746672816046],[85.73637202163742,27.707293926556076],[85.73656808827884,27.70672250801708],[85.73671870566739,27.70655239419508],[85.73714705064165,27.706513379366775],[85.7372544649157,27.706437605578774],[85.7373841982583,27.70620859986523],[85.73762340514108,27.70558116415942],[85.73792463948676,27.705295015183257],[85.7380766291784,27.704951099977546],[85.73816559448645,27.70443732358429],[85.73823436227025,27.703693229489225],[85.73829938523241,27.703578695385065],[85.73832164214917,27.703407394766973],[85.73843042995647,27.703121747187385],[85.73879874631335,27.702378150941822],[85.73922933923437,27.70197809289882],[85.7395078792703,27.701901630647853],[85.73963667594401,27.701807977080623],[85.7396801285071,27.701693255253456],[85.7396609299445,27.701350092352055],[85.73974777301352,27.70115903576972],[85.73996347501067,27.70089245530113],[85.74009208462084,27.700816807218477],[85.74030647617512,27.70077816961127],[85.74058557746737,27.70062724803943],[85.74065028797116,27.70051277643209],[85.74065097493433,27.70039768015559],[85.74073775473303,27.70020662290429],[85.74086667634297,27.700131037004468],[85.7412738887526,27.69999930811775],[85.74164045758096,27.699542295643113],[85.74202766015004,27.69921857195493],[85.74228506682371,27.699103536631796],[85.74260618485683,27.69906808638945],[85.74312049944876,27.69891472435909],[85.74350595353648,27.698859580162207],[85.74434132459372,27.698727221593828],[85.74472646767538,27.698728406348753],[85.7449193502494,27.698653445799142],[85.7453481332976,27.69852196557087],[85.74526403697304,27.698252574795784],[85.74513754946875,27.697946736243445],[85.74494710011744,27.697642648827177],[85.74475740036247,27.69718276443677],[85.74469549904939,27.696800840702473],[85.74454862669809,27.696343582802395],[85.74446384399164,27.696189350744888],[85.74420874763867,27.69596141050858],[85.74395271380332,27.69582593525894],[85.74324757594087,27.6956728334407],[85.74260658743452,27.695574497067806],[85.74215742114373,27.695554620713402],[85.74170850403362,27.695476100602708],[85.74138782258787,27.695475478131602],[85.74093915461039,27.6953788287863],[85.74048961440816,27.695415405634627],[85.73997742236428,27.69522341528509],[85.73953043989472,27.694842495320913],[85.73923301368004,27.694496770493792],[85.73908501875766,27.694249386654594],[85.73872419354912,27.693790254639595],[85.73859745612111,27.693484415901946],[85.73847271631455,27.692948447577066],[85.73824025126643,27.692490439785463],[85.73788466875558,27.691191811429167],[85.73773611137229,27.690962495079127],[85.73754472631522,27.69079157150639],[85.73718246469299,27.690542188803043],[85.73664889005569,27.690368078998468],[85.73639260693784,27.690329632181356],[85.73600733968553,27.69034645272276],[85.7355582970123,27.690288189666404],[85.73504610587153,27.690096261970595],[85.73466227373665,27.689905396888665],[85.73447051403551,27.689770546550385],[85.7341507073219,27.68963669677277],[85.73383114887437,27.689426137919853],[85.73357524090366,27.689326797821032],[85.73312832224289,27.68905640966217],[85.73287297637951,27.68888254839744],[85.73249039305085,27.688556330280363],[85.73232076562512,27.68834489505461],[85.73185377544445,27.68786213174449],[85.73170490728099,27.687745724063316],[85.73147156814291,27.687477334139217],[85.73121828141107,27.68701682595429],[85.73115600579459,27.686786071564583],[85.73113668397335,27.686478981372957],[85.73129216976243,27.68563860792159],[85.73148761258115,27.68518003482549],[85.73170368964603,27.684857000066582],[85.73074270688323,27.684696960972886],[85.7304654158803,27.6846177523728],[85.73029429053805,27.68461844172587],[85.72969500721558,27.684728041129205],[85.72935281803794,27.684745299419735],[85.72883931582531,27.68483983118122],[85.72747162092391,27.684773134405788],[85.72670202420731,27.684788645935548],[85.72593155187589,27.684898933645524],[85.72546037883895,27.685030038671986],[85.72524542578573,27.685199590658563],[85.72488060476064,27.685370018443265],[85.72427957346528,27.68571199842717],[85.723743627296,27.685937319077293],[85.7234642137065,27.686167201271612],[85.723182988428,27.686624962662084],[85.72309427306543,27.68708228586398],[85.72296372791973,27.68740831973688],[85.72287725998414,27.687540671962562],[85.72261916668218,27.687768428523107],[85.72210466566158,27.687996248955475],[85.72163211853112,27.688298779531465],[85.72111849187719,27.68837305540114],[85.72103258572754,27.68842869767389],[85.72077599024527,27.68844664189531],[85.72000495714381,27.688633640777468],[85.71983345659729,27.68869072135568],[85.71923286262336,27.688994377687603],[85.71908255784821,27.689108099554456],[85.71895319876816,27.68922194726128],[85.71880164499082,27.689527475750182],[85.71873587282306,27.689757105473845],[85.71858456987542,27.68998586190529],[85.71826157823985,27.690289828370606],[85.71750743202192,27.691147211069325],[85.71718256801725,27.691719694515065],[85.71688158371516,27.691985462041124],[85.71666550686864,27.69227011028138],[85.71582607879485,27.69310861320138],[85.71560943985507,27.693469970658075],[85.71481652366201,27.69373349207661],[85.7146229541694,27.693923487471714],[85.71436573453687,27.694018141707467],[85.71402417021136,27.69395856489189],[85.71359626243688,27.694013271987025],[85.7131690403067,27.693934876923628],[85.71257187966341,27.69371944339324],[85.71223050218879,27.693641798319447],[85.711973907648,27.693659742883554],[85.71154487558738,27.693867870684986],[85.71118161592965,27.69384642929105],[85.71088375408056,27.69365187463412],[85.71073519693971,27.69347894957601],[85.7106517256554,27.69319155390422],[85.71059300930858,27.69244402213625],[85.71053048296667,27.692213267618236],[85.71027638579417,27.691849787795594],[85.71002141397949,27.691617221009455],[85.70976600525663,27.691481683769137],[85.7090829380848,27.69132414273314],[85.70865527993591,27.69136078147975],[85.70856962351235,27.691341964890345],[85.70814165264768,27.69143499545931],[85.70775551142343,27.691602922321714],[85.70770931199327,27.692083188894156],[85.70763867007588,27.693001084186555],[85.70763479897857,27.693517860789772],[85.70771820797802,27.693805257484364],[85.70779893163818,27.69449427115373],[85.7076880835651,27.69505068595976],[85.70748870749597,27.696023785464593],[85.70733627949859,27.696426342447516],[85.70716059571743,27.69705665439844],[85.70685542798358,27.697859454369443],[85.70652981429862,27.69848832978118],[85.70622751769808,27.698833058343403],[85.70609672192157,27.699118518055233],[85.70592397292413,27.69931088792327],[85.70551176410711,27.699997655885817],[85.70540285148368,27.700283240424916],[85.7054657521763,27.700457603988387],[85.70570040319417,27.70061095967522],[85.70591373285983,27.700746185272695],[85.7064281736283,27.70068997725657],[85.70702920614306,27.700463155253743],[85.70720051940475,27.700426392996253],[85.7080558358712,27.700411757027943],[85.7086543708985,27.700453451816237],[85.70891121536854,27.700417439321658],[85.7095086262127,27.700556163429013],[85.71010709759867,27.70057753918756],[85.71079066437288,27.700696756927684],[85.71130379282774,27.700699253545555],[85.71147448104293,27.700739201169306],[85.71207095486069,27.701011026037893],[85.712326300718,27.701184887679858],[85.71264404797566,27.701607634302015],[85.71285375614463,27.70218505205067],[85.71297606044612,27.703027986523857],[85.7130379619293,27.703371587099134],[85.71305566081764,27.70388855089684],[85.71313707230618,27.704464781893385],[85.71309286942332,27.704635832666472],[85.71306574251052,27.70543906880973],[85.71293101438586,27.706358590332222],[85.71290482449199,27.70704666754559],[85.7129247705966,27.707220655740116],[85.71294515483721,27.70737201253683],[85.71318230286622,27.70712600122258],[85.71333179558475,27.70712737544029],[85.71343789892104,27.707223152463428],[85.71343640007743,27.70743302640769],[85.71332567776723,27.708007446370175],[85.71334624880598,27.70812272938359],[85.71357877568195,27.70848602180926],[85.71310741503912,27.708619314546574],[85.71297892998713,27.708656451850878],[85.71240109133947,27.70870978432894],[85.71111836592915,27.70870241804348],[85.71060392811331,27.70888941432106],[85.710026276113,27.708924679533176],[85.70900052030602,27.708842913311727],[85.7083602814155,27.708685747512767],[85.70771923045963,27.708605353896285],[85.70707886676585,27.708448187205814],[85.70624393207939,27.708424561841298],[85.70592287504074,27.7083651727715],[85.70519485519357,27.70830422239994],[85.7044904033146,27.707938808551766],[85.703594252613,27.707379776150116],[85.70288830190873,27.70722423635416],[85.70212044974,27.706722845362226],[85.70180045515843,27.706550546911423],[85.70109444187207,27.70637462625979],[85.70077444625554,27.70620020238514],[85.69961951450108,27.705871177218725],[85.69910713541978,27.705638425576662],[85.698914563607,27.705600478315006],[85.69859406831442,27.70544631020178],[85.698016540215,27.705309962499076],[85.69705449362849,27.7050188843927],[85.69692644518929,27.704940988230092],[85.6964134407687,27.704766816038692],[85.69590218528815,27.70436257579939],[85.69556292890267,27.70386293167135],[85.6953498486448,27.703709701188426],[85.69515708942113,27.703689821374766],[85.6949638937092,27.70372639678636],[85.69457881281369,27.70364825174481],[85.69387142615608,27.703664199035924],[85.69374319057648,27.70362687687803],[85.69348728175832,27.70345295279935],[85.69329489717818,27.703394749338347],[85.69297365266436,27.703355615546617],[85.69226582837442,27.70346621645008],[85.69175132623415,27.70350204333635],[85.69123776049746,27.703424961862606],[85.69046491322594,27.703593767745993],[85.6898215504584,27.703666669622905],[85.68937082170281,27.703800024969343],[85.68898449241756,27.703875362046603],[85.68879092148204,27.703950260810352],[85.688212207022,27.703967395649656],[85.68782556485112,27.704099124943365],[85.68748293797653,27.704098127192132],[85.68767513468285,27.70419477853467],[85.6878449501104,27.704385958704172],[85.687972061635,27.70459701956647],[85.68824885449327,27.704829835464494],[85.68833357476986,27.70498181769663],[85.68841873167021,27.705041334017],[85.6886306255541,27.705347984868443],[85.68882207320519,27.705559670702044],[85.68890648147824,27.70571165182309],[85.68907411134028,27.706248120444346],[85.68909268495045,27.70663192111108],[85.68930345498565,27.707112373294216],[85.68953723099614,27.707360569109404],[85.68972930356382,27.707495544312266],[85.68985672759347,27.707629895990447],[85.69030489636853,27.70790040906042],[85.69049696835754,27.707978993421516],[85.69113883223227,27.70811365289586],[85.69165327276258,27.708116273864523],[85.69203804174563,27.708253061287085],[85.69229413823938,27.70838634828214],[85.69235809972743,27.70844561508972],[85.6925663099203,27.709250975539682],[85.69277907857965,27.70948091612014],[85.6929068768171,27.709556624784852],[85.69316366051007,27.709635771211836],[85.69354861640599,27.709731921150308],[85.69374093838947,27.7097901246127],[85.69412570660361,27.709926911346603],[85.69444732632128,27.70990965387893],[85.6947050462132,27.709833067017712],[85.69496232865379,27.70981518448981],[85.6954974024348,27.70989470410816],[85.69575356189466,27.710048309817253],[85.69596582986816,27.710298568499805],[85.69628282864505,27.710910871095525],[85.69643107334026,27.711160505586047],[85.69653748951916,27.711276601067617],[85.69692075952045,27.711623200227915],[85.69760301698145,27.712065199441305],[85.69813465730009,27.712623172239244],[85.69909514358272,27.713162447234893],[85.6995441233819,27.71331786506937],[85.700122276607,27.713397821156182],[85.7003144101971,27.71347402926545],[85.70050629539864,27.71362701086259],[85.70065354152018,27.7140120603198],[85.70084424066096,27.714318523357928],[85.7013541228168,27.714894250490733],[85.70184418352372,27.715298303601017],[85.70222614245606,27.71583670823],[85.70239533323507,27.716142984195237],[85.702756347171,27.71660449176007],[85.70298956366292,27.717121204913454],[85.70303126960778,27.717428544317066],[85.70315856948253,27.717734383044096],[85.70354209193646,27.718252532773406],[85.70388222402197,27.71886727310405],[85.7044555746153,27.720168025121744],[85.7046257652841,27.720472050544533],[85.70479633118539,27.720683548925233],[85.70524269289848,27.721599439042897],[85.70571162351206,27.722267319448047],[85.7057326327271,27.72236453492309],[85.70586061826911,27.722478567159378],[85.70600980098918,27.722707883709095],[85.70624345577865,27.723242664092982],[85.7063701322838,27.723738120941604],[85.70654088523891,27.72391123332253],[85.70679754389857,27.724006133995246],[85.70743922010242,27.724084339453075],[85.70763160373785,27.72414254242226],[85.70795241069614,27.724143290328023],[85.70814504450782,27.72418117423869],[85.70878715760556,27.724144283207067],[85.71097233626034,27.723503390626437],[85.71148702340459,27.723217052216505],[85.71212994787442,27.72302892929657],[85.71251577588073,27.7228384331673],[85.71302996524659,27.722649123167834],[85.71341579359745,27.722517206287097]]]}},{"type":"Feature","properties":{"province":"Bagmati Province","district":"Sindhupalchok","municipality":"Chautara Sangachowkgadi Municipality","ward":"11","wardNumber":11,"sourceMunicipality":"Chautara SangachokGadhi","sourceType":"Nagarpalika"},"geometry":{"type":"Polygon","coordinates":[[[85.73170368964603,27.684857000066582],[85.73204981146978,27.68424631810942],[85.73230902919539,27.683865016317178],[85.73244019862841,27.683482528787426],[85.7324420090391,27.683214011878544],[85.73233646743292,27.683021206043296],[85.73220866926793,27.68294330938029],[85.73206017500794,27.682770447443083],[85.73202046841605,27.68231200081953],[85.73202327821585,27.681928325355557],[85.73202677504796,27.6814318673687],[85.73214105629972,27.680340608181886],[85.73216774519068,27.679593825662227],[85.73236618536212,27.67873344714765],[85.732367246353,27.678562021383794],[85.73232560412819,27.67840816455441],[85.73217754801274,27.678196915851913],[85.73143351537173,27.677560484420223],[85.73098697158605,27.6772315170049],[85.7306467812567,27.677000389216307],[85.7300500570604,27.676728626794436],[85.7298791192478,27.67670893446635],[85.72945283434713,27.67655164196732],[85.72928170835408,27.676552331465345],[85.72868429806239,27.67639566443976],[85.72825720225956,27.676335337607288],[85.72782941870851,27.67635172169003],[85.72748797902929,27.67629220644345],[85.72697647537812,27.676077585170358],[85.72676370746753,27.675924479529154],[85.7264669683182,27.67557869222682],[85.72625551180647,27.675231467358497],[85.72610832897251,27.674887055227206],[85.7260245438128,27.67448456272259],[85.72570816825893,27.67362412440377],[85.72558255341107,27.673106161125563],[85.72556285552807,27.67276293550479],[85.72562856426902,27.67247697562197],[85.72586546044317,27.672077356376672],[85.72601713784137,27.67167705057292],[85.72606108914387,27.67146755117115],[85.72597686772458,27.671159836213356],[85.72591390551906,27.67098778608371],[85.72544641345718,27.670394428335154],[85.7246794996055,27.669911230095945],[85.72416743338556,27.669716927517285],[85.72339902091097,27.66950224495164],[85.72254451607834,27.669383841880602],[85.72194598187815,27.66937828300352],[85.72136939331823,27.669318832806557],[85.72107009371457,27.66927769825093],[85.72119770575779,27.66945043516275],[85.72164368897946,27.670007407759776],[85.7222182816732,27.67054531049583],[85.72264419289672,27.670815574340438],[85.72319771452105,27.671258449815664],[85.72351621236908,27.671719520300012],[85.72364207602145,27.67217884136595],[85.72364120148609,27.672332261660934],[85.72359787470911,27.672465051566476],[85.72346845408292,27.67269405733796],[85.72321067403492,27.672978267463417],[85.72301673002495,27.67328342090324],[85.72271562246574,27.673644029592353],[85.72207263832176,27.674003702364242],[85.72172969995357,27.674172067781473],[85.7214087695445,27.67424809212021],[85.72108883720749,27.674130060540648],[85.72044940896036,27.67374507700476],[85.72025789879261,27.67358978296726],[85.72008820863806,27.673303887862804],[85.72000380009379,27.673072883160383],[85.71977039783852,27.672727720978422],[85.71962233977521,27.672439700514328],[85.71907031546687,27.67167404230985],[85.71883610153145,27.671518374014568],[85.71806831430793,27.6711909085622],[85.7178979370806,27.671074250661164],[85.71755643520218,27.670958219393544],[85.71730071344375,27.670822744344466],[85.71710851679069,27.67078260887712],[85.71689543716218,27.67062944048556],[85.71676813745557,27.670456703703437],[85.71664015198846,27.670378806645665],[85.71640612526039,27.67014867793812],[85.71619398151394,27.669860157492437],[85.7160672447833,27.66959264300281],[85.71581127337933,27.66947517273064],[85.7155971942818,27.669493492199805],[85.71551147609401,27.66953106696741],[85.71531821881594,27.66972112361003],[85.71512446201454,27.67000595891973],[85.71486668112036,27.670233778074348],[85.71478102495482,27.670271352547076],[85.71452449260408,27.670289297513005],[85.71439657028888,27.670251974970615],[85.71424726407844,27.670173952574263],[85.71411971588631,27.670057607670476],[85.71399279102182,27.66976977359907],[85.71395139741314,27.669485065419796],[85.7138464805939,27.669138777235055],[85.71376606534368,27.668106661702172],[85.71381057816215,27.667764061119964],[85.7136000568817,27.667132439616893],[85.71292235597907,27.66592559118866],[85.71279493166372,27.665770921439844],[85.71226273095363,27.665328170297123],[85.71196530428846,27.664964315818004],[85.71173134081339,27.664734187488133],[85.7112004492579,27.66404323897509],[85.7108827018781,27.663525714806877],[85.71047929632897,27.66298712245919],[85.71030885754303,27.662872652158228],[85.70996747996108,27.662718297394836],[85.70971163392477,27.662659531944545],[85.7094765473603,27.66265734611314],[85.70932642981066,27.66273268128446],[85.70911129086105,27.66299919931053],[85.7085741597125,27.663549427273352],[85.70831687810076,27.66368240556233],[85.70814594020601,27.663698912446073],[85.70797456491249,27.663773997715914],[85.70775992413407,27.663945800512955],[85.70750314300986,27.66404045469754],[85.70709699275079,27.66403664493475],[85.70664738970892,27.664167874699935],[85.70613226395866,27.66443164375294],[85.70602541214488,27.66441263842873],[85.70598308265443,27.66431742319789],[85.70611256604997,27.664088417437444],[85.70622010508797,27.663992388952767],[85.70647713724287,27.66393837115587],[85.70716182770616,27.663883786952283],[85.70772021585651,27.663333870555714],[85.70832112144133,27.662860977223875],[85.70858102417372,27.662231478173265],[85.70871194124535,27.661659496161864],[85.70871381405483,27.661314207791428],[85.70865053844926,27.661142094612003],[85.70850572554336,27.660224451221538],[85.70852910554895,27.659804953232484],[85.7084485662351,27.65883148026359],[85.70834439674414,27.65831370446156],[85.70836696613434,27.65808601187332],[85.70824160153838,27.65751159413311],[85.70827122109243,27.655907247550108],[85.70823026472914,27.65556383507885],[85.708041189072,27.654932526145103],[85.70797947344899,27.654471453204348],[85.70783285092205,27.653899161748264],[85.70783359955121,27.653727610946085],[85.70770711154437,27.653381135607287],[85.70768735139261,27.653094363800843],[85.70741392839693,27.652177784298182],[85.7073543356438,27.651317407333792],[85.70729411915059,27.650590131251043],[85.70718951274225,27.650131060466013],[85.70699825167983,27.64988330174716],[85.7067428434864,27.64972744485177],[85.70689002695774,27.65016888630847],[85.70707954069769,27.650703229322033],[85.70707760624305,27.651086904211308],[85.70701164764043,27.651467703926084],[85.70701052523442,27.651697896817833],[85.70692393262796,27.651925026756334],[85.70683559237996,27.652459058911234],[85.70672686884603,27.652841672022195],[85.70651048092536,27.653297808154544],[85.7064662790295,27.65352762587147],[85.70642132918023,27.653985322895906],[85.70650186960754,27.6549790515016],[85.70645629486862,27.65551352190843],[85.70632462715538,27.656123889546503],[85.7062790534508,27.65665829666237],[85.70623541421158,27.656811342501463],[85.70623148240064,27.657576379169516],[85.70646270162794,27.658418062510943],[85.7065687425548,27.658647003430772],[85.70682340325173,27.65903080212142],[85.70697071246795,27.659490248388643],[85.70703361371906,27.659718814666626],[85.70705343601428,27.660025904595432],[85.70700898573163,27.660330182158663],[85.70681522920374,27.66061495489523],[85.70662178441545,27.66078694396014],[85.70599905744386,27.661203196412124],[85.70587032325597,27.66124033318899],[85.70565443369335,27.6616016907063],[85.70545961622524,27.662060264710174],[85.70494274334317,27.662687328217295],[85.70481369764319,27.66280123722469],[85.70427662744858,27.663179915034682],[85.70365302638685,27.66369088276158],[85.7033099011274,27.66386143532324],[85.70236624229035,27.664236302892956],[85.70204431257574,27.664425110892534],[85.70142208470556,27.664687881055116],[85.70127184326748,27.664801540246717],[85.70101312593403,27.66516471196047],[85.70062392725445,27.665926125752257],[85.7004938813071,27.66622965371144],[85.7003624638224,27.666763248391895],[85.70023298057825,27.666992254601993],[85.70008198928835,27.66722101045083],[85.69971598221034,27.667601249812716],[85.69950034317091,27.667885835066873],[85.69827202374672,27.668971163401807],[85.69663873896467,27.6697073304053],[85.69612205080725,27.67006806479668],[85.69571277801475,27.670411794211923],[85.69508705234023,27.671040046301687],[85.6948923583603,27.67134520002159],[85.69469841333996,27.671535195097217],[85.6944595796554,27.672011399022104],[85.69439393180514,27.67220258086853],[85.69434910589077,27.67250910823578],[85.69436974062255,27.672662715783908],[85.69432291691135,27.673273895662465],[85.69425708160841,27.673503464012605],[85.69391077112569,27.674037310790872],[85.69373583678811,27.674570531045372],[85.69371258141467,27.67487724634494],[85.69379517890783,27.675338444036598],[85.69394186265355,27.675797952534303],[85.69413312350264,27.676047961952367],[85.6944729417363,27.676491277218464],[85.69494161939573,27.676895079023407],[85.69513275422975,27.67712702143521],[85.6952806247789,27.677433172512885],[85.69527800299878,27.677816785278605],[85.6952331142813,27.678123312568854],[85.69505736794461,27.678735494288002],[85.69494876727806,27.678964686939757],[85.69473275245687,27.67919281794082],[85.69427846535957,27.679824945173166],[85.69369587977356,27.680394992236526],[85.69352206891014,27.680702521596693],[85.6934344145717,27.68100861154354],[85.69343316475177,27.68116209431575],[85.69357903758454,27.681775023160185],[85.69363950307124,27.682312743514448],[85.69359523847088,27.682542498704713],[85.69346494261887,27.682789509322028],[85.6931848414884,27.682999010805624],[85.69301302802343,27.68305609105891],[85.6913846119845,27.682991085084453],[85.69104192236284,27.68294945034085],[85.69035541880241,27.683062613870856],[85.69009738683809,27.683175336911553],[85.68979577736812,27.683404906352898],[85.68945152682268,27.683575459520174],[85.68895497310615,27.68412818785379],[85.68875990393708,27.68443327963951],[85.68854157869892,27.684988694023858],[85.6881075503446,27.68575179642438],[85.68795612136316,27.685982865237477],[85.68745881849566,27.686573917962914],[85.68743550025015,27.68688063314431],[85.68751903464724,27.687186096998083],[85.68768835041783,27.687494623737063],[85.68804892614409,27.688032904340997],[85.68866503690596,27.6888014999574],[85.68909069962722,27.689245627544835],[85.68923956830123,27.689418551773002],[85.68934492218996,27.68964974394459],[85.68940657443572,27.69003166801479],[85.68936056139927,27.69049161613723],[85.68929472651335,27.690721246362596],[85.68905570553424,27.691179320306055],[85.68855746559379,27.691926231787914],[85.68805816481543,27.692842191478512],[85.68788535271705,27.69303237414352],[85.68760506333712,27.693280261715433],[85.68728232122676,27.69345093873532],[85.6864251274874,27.69340899634518],[85.685997218714,27.693310158109938],[85.6852278052965,27.692982442679906],[85.68482215277484,27.692768695661453],[85.68458737657308,27.69263334526948],[85.68433046869329,27.69259477308258],[85.68398759139333,27.69259152462517],[85.6834722147145,27.692703999159953],[85.6830423693518,27.692893996630072],[85.68235386830712,27.69327336294345],[85.68216073448288,27.693309875083454],[85.68200999199532,27.693405466555546],[85.68177090836271,27.6938636659794],[85.68178798301545,27.694477658730047],[85.68189240058017,27.69486227089183],[85.68193310666162,27.6951696102381],[85.68191003785745,27.695399553062753],[85.68173504070181,27.695935024198274],[85.68164794742871,27.69608769527877],[85.68149470686524,27.696546580649972],[85.68132058446447,27.696928569356842],[85.6812535631122,27.69731161968315],[85.68125012890741,27.697810328764028],[85.68129139664777,27.698040896393575],[85.681439204923,27.69834698489823],[85.68175770240366,27.69880811785038],[85.68220424699263,27.69930888633858],[85.68286243652314,27.700134311793168],[85.68298929876049,27.700365753173745],[85.68298873719428,27.70044246354956],[85.68296641663065,27.700557372629838],[85.68275015232487,27.700805822095887],[85.68251344099863,27.700956992887043],[85.68191128282503,27.701242394598147],[85.68160986012542,27.701431389532758],[85.68141554045896,27.70164164078204],[85.68100414338122,27.702195181428195],[85.68067983977505,27.702596051343853],[85.6806364492589,27.702672386959115],[85.68039830252017,27.702997359363028],[85.68020260887869,27.703379160366836],[85.6800927592201,27.70376177375797],[85.68002511349198,27.704221471391353],[85.6802770883148,27.70490998416417],[85.68040401327494,27.705141301541918],[85.68065861035807,27.705448451788232],[85.68078490985081,27.705754291021208],[85.68084687376493,27.706082136727602],[85.68110434330305,27.706023617227277],[85.68134136742168,27.705872445632572],[85.68166398512099,27.70571977397165],[85.68211477641903,27.705606737145775],[85.68282441084278,27.70526588163637],[85.68314615484657,27.70521030027929],[85.68353285873926,27.705078570392583],[85.68469397157952,27.704545655589268],[85.6854665059732,27.70437697465082],[85.68578768738965,27.70439804069906],[85.68666713784901,27.70430481872848],[85.68709610822741,27.704211913461048],[85.68748293797653,27.704098127192132],[85.68782556485112,27.704099124943365],[85.688212207022,27.703967395649656],[85.68879092148204,27.703950260810352],[85.68898449241756,27.703875362046603],[85.68937082170281,27.703800024969343],[85.6898215504584,27.703666669622905],[85.69046491322594,27.703593767745993],[85.69123776049746,27.703424961862606],[85.69175132623415,27.70350204333635],[85.69226582837442,27.70346621645008],[85.69297365266436,27.703355615546617],[85.69329489717818,27.703394749338347],[85.69348728175832,27.70345295279935],[85.69374319057648,27.70362687687803],[85.69387142615608,27.703664199035924],[85.69457881281369,27.70364825174481],[85.6949638937092,27.70372639678636],[85.69515708942113,27.703689821374766],[85.6953498486448,27.703709701188426],[85.69556292890267,27.70386293167135],[85.69590218528815,27.70436257579939],[85.6964134407687,27.704766816038692],[85.69692644518929,27.704940988230092],[85.69705449362849,27.7050188843927],[85.698016540215,27.705309962499076],[85.69859406831442,27.70544631020178],[85.698914563607,27.705600478315006],[85.69910713541978,27.705638425576662],[85.69961951450108,27.705871177218725],[85.70077444625554,27.70620020238514],[85.70109444187207,27.70637462625979],[85.70180045515843,27.706550546911423],[85.70212044974,27.706722845362226],[85.70288830190873,27.70722423635416],[85.703594252613,27.707379776150116],[85.7044904033146,27.707938808551766],[85.70519485519357,27.70830422239994],[85.70592287504074,27.7083651727715],[85.70624393207939,27.708424561841298],[85.70707886676585,27.708448187205814],[85.70771923045963,27.708605353896285],[85.7083602814155,27.708685747512767],[85.70900052030602,27.708842913311727],[85.710026276113,27.708924679533176],[85.71060392811331,27.70888941432106],[85.71111836592915,27.70870241804348],[85.71240109133947,27.70870978432894],[85.71297892998713,27.708656451850878],[85.71310741503912,27.708619314546574],[85.71357877568195,27.70848602180926],[85.71334624880598,27.70812272938359],[85.71332567776723,27.708007446370175],[85.71343640007743,27.70743302640769],[85.71343789892104,27.707223152463428],[85.71333179558475,27.70712737544029],[85.71318230286622,27.70712600122258],[85.71294515483721,27.70737201253683],[85.7129247705966,27.707220655740116],[85.71290482449199,27.70704666754559],[85.71293101438586,27.706358590332222],[85.71306574251052,27.70543906880973],[85.71309286942332,27.704635832666472],[85.71313707230618,27.704464781893385],[85.71305566081764,27.70388855089684],[85.7130379619293,27.703371587099134],[85.71297606044612,27.703027986523857],[85.71285375614463,27.70218505205067],[85.71264404797566,27.701607634302015],[85.712326300718,27.701184887679858],[85.71207095486069,27.701011026037893],[85.71147448104293,27.700739201169306],[85.71130379282774,27.700699253545555],[85.71079066437288,27.700696756927684],[85.71010709759867,27.70057753918756],[85.7095086262127,27.700556163429013],[85.70891121536854,27.700417439321658],[85.7086543708985,27.700453451816237],[85.7080558358712,27.700411757027943],[85.70720051940475,27.700426392996253],[85.70702920614306,27.700463155253743],[85.7064281736283,27.70068997725657],[85.70591373285983,27.700746185272695],[85.70570040319417,27.70061095967522],[85.7054657521763,27.700457603988387],[85.70540285148368,27.700283240424916],[85.70551176410711,27.699997655885817],[85.70592397292413,27.69931088792327],[85.70609672192157,27.699118518055233],[85.70622751769808,27.698833058343403],[85.70652981429862,27.69848832978118],[85.70685542798358,27.697859454369443],[85.70716059571743,27.69705665439844],[85.70733627949859,27.696426342447516],[85.70748870749597,27.696023785464593],[85.7076880835651,27.69505068595976],[85.70779893163818,27.69449427115373],[85.70771820797802,27.693805257484364],[85.70763479897857,27.693517860789772],[85.70763867007588,27.693001084186555],[85.70770931199327,27.692083188894156],[85.70775551142343,27.691602922321714],[85.70814165264768,27.69143499545931],[85.70856962351235,27.691341964890345],[85.70865527993591,27.69136078147975],[85.7090829380848,27.69132414273314],[85.70976600525663,27.691481683769137],[85.71002141397949,27.691617221009455],[85.71027638579417,27.691849787795594],[85.71053048296667,27.692213267618236],[85.71059300930858,27.69244402213625],[85.7106517256554,27.69319155390422],[85.71073519693971,27.69347894957601],[85.71088375408056,27.69365187463412],[85.71118161592965,27.69384642929105],[85.71154487558738,27.693867870684986],[85.711973907648,27.693659742883554],[85.71223050218879,27.693641798319447],[85.71257187966341,27.69371944339324],[85.7131690403067,27.693934876923628],[85.71359626243688,27.694013271987025],[85.71402417021136,27.69395856489189],[85.71436573453687,27.694018141707467],[85.7146229541694,27.693923487471714],[85.71481652366201,27.69373349207661],[85.71560943985507,27.693469970658075],[85.71582607879485,27.69310861320138],[85.71666550686864,27.69227011028138],[85.71688158371516,27.691985462041124],[85.71718256801725,27.691719694515065],[85.71750743202192,27.691147211069325],[85.71826157823985,27.690289828370606],[85.71858456987542,27.68998586190529],[85.71873587282306,27.689757105473845],[85.71880164499082,27.689527475750182],[85.71895319876816,27.68922194726128],[85.71908255784821,27.689108099554456],[85.71923286262336,27.688994377687603],[85.71983345659729,27.68869072135568],[85.72000495714381,27.688633640777468],[85.72077599024527,27.68844664189531],[85.72103258572754,27.68842869767389],[85.72111849187719,27.68837305540114],[85.72163211853112,27.688298779531465],[85.72210466566158,27.687996248955475],[85.72261916668218,27.687768428523107],[85.72287725998414,27.687540671962562],[85.72296372791973,27.68740831973688],[85.72309427306543,27.68708228586398],[85.723182988428,27.686624962662084],[85.7234642137065,27.686167201271612],[85.723743627296,27.685937319077293],[85.72427957346528,27.68571199842717],[85.72488060476064,27.685370018443265],[85.72524542578573,27.685199590658563],[85.72546037883895,27.685030038671986],[85.72593155187589,27.684898933645524],[85.72670202420731,27.684788645935548],[85.72747162092391,27.684773134405788],[85.72883931582531,27.68483983118122],[85.72935281803794,27.684745299419735],[85.72969500721558,27.684728041129205],[85.73029429053805,27.68461844172587],[85.7304654158803,27.6846177523728],[85.73074270688323,27.684696960972886],[85.73170368964603,27.684857000066582]]]}},{"type":"Feature","properties":{"province":"Bagmati Province","district":"Sindhupalchok","municipality":"Chautara Sangachowkgadi Municipality","ward":"7","wardNumber":7,"sourceMunicipality":"Chautara SangachokGadhi","sourceType":"Nagarpalika"},"geometry":{"type":"Polygon","coordinates":[[[85.70065790115882,27.77491594543436],[85.70103303966842,27.774788529958016],[85.70134127850437,27.77479146605038],[85.70197514152757,27.775020778796097],[85.70227663024434,27.77529898324626],[85.70255367204821,27.775394071036743],[85.70546606234896,27.7751956148634],[85.7060640330814,27.775027435828488],[85.70629543215242,27.775119898498165],[85.7065350216885,27.775216925103347],[85.70697168409178,27.775254870621577],[85.70784894581894,27.77506668280091],[85.70865793477755,27.775209655708547],[85.70914743020262,27.77541277451872],[85.70934894291636,27.775437217427836],[85.70964080022313,27.775376822783947],[85.70970626164628,27.77530967712183],[85.70978322351573,27.774917685937112],[85.70990883064388,27.774702184597647],[85.71011709414567,27.77452137993475],[85.71052318073828,27.774376209210274],[85.71067248402777,27.77424898327784],[85.7107321926103,27.774080245454567],[85.71102197929463,27.773261502611263],[85.71155967344583,27.772733906239516],[85.71228024289775,27.771682153714462],[85.7128722719824,27.771396502425706],[85.7135921571372,27.770699104805477],[85.71394784405098,27.770034406669556],[85.71429496861383,27.769568204479096],[85.71453867892926,27.76911681974397],[85.71476082094837,27.768757775250453],[85.71492244118699,27.768581034524203],[85.71511169666688,27.76837290945714],[85.71711142051333,27.76660406112995],[85.71743966628601,27.76646945668606],[85.717899897048,27.766279647273794],[85.71883918288263,27.766227374184393],[85.71931573518948,27.76629270281556],[85.72081366466125,27.766184658955652],[85.72170574374253,27.765998846859464],[85.72259038372992,27.765988899779966],[85.72283197382026,27.766018218318244],[85.72284585450822,27.766025158559113],[85.72492032116159,27.767007867546976],[85.725140340699,27.767070821832267],[85.72555811960991,27.767013739143593],[85.72601072143561,27.76662305876392],[85.7271083124635,27.766272008490503],[85.72736202911763,27.76608020062715],[85.72823353728771,27.765808363515834],[85.72860417248577,27.765568040386526],[85.72863118261628,27.765538968548825],[85.72872083982644,27.765440439098406],[85.72901031813034,27.765120405499538],[85.72966423835369,27.7640837833708],[85.7306116418932,27.763063350799758],[85.73108255987496,27.762428973703496],[85.73194143269784,27.761601848500987],[85.73210348813225,27.76119035109663],[85.73226054498397,27.761020237472408],[85.73246961795509,27.76060242543209],[85.73290727419648,27.75999705728776],[85.73341877004518,27.75942400934017],[85.73377096182027,27.759296344411496],[85.73410671248755,27.75933097716808],[85.73489369358249,27.75956610196328],[85.73536824824444,27.75985705819261],[85.73601411387634,27.76002997946723],[85.73693470488087,27.759952574433147],[85.73747078100754,27.76016063099349],[85.7376967404247,27.76031611175719],[85.73895714821076,27.760501343711965],[85.74003779896789,27.760515714267],[85.74051916288956,27.760346223032165],[85.74067384311914,27.76013103336543],[85.74068715188886,27.759302915295898],[85.74079900170368,27.758927116944637],[85.74083744881996,27.758394772655674],[85.74066350524427,27.75802316488742],[85.74059947949397,27.75783298419691],[85.74060053679985,27.757318396102036],[85.74064411352037,27.75708864081574],[85.74085962535395,27.75657373744178],[85.74094602896464,27.756231511760163],[85.74096766058393,27.756060210528553],[85.74088243888589,27.755831457091464],[85.74056200221523,27.755316308424],[85.73985610730817,27.754515453429207],[85.73972818222737,27.75428638779359],[85.73936423068774,27.753885897984535],[85.73897945857576,27.753370061599703],[85.73883027409867,27.75296925830518],[85.73810249834023,27.75247286810217],[85.73775955709881,27.75232082621186],[85.73690223767318,27.75216635059199],[85.73664508017909,27.752166227014794],[85.73638798348053,27.752053321353223],[85.73606692486639,27.751842761919118],[85.73595982132203,27.751726728651896],[85.73574642669541,27.751365937016445],[85.73551083718897,27.75123064900966],[85.73336772584116,27.750770968540806],[85.73268159714195,27.75084593398545],[85.73233822167356,27.750980476439473],[85.73208068897881,27.75103680717572],[85.73165190459616,27.751017117118273],[85.73105205579586,27.75086257743394],[85.7308803672755,27.750881396063136],[85.72985049005877,27.751339101619845],[85.72899242422348,27.751527601731457],[85.72796273135451,27.751755114018493],[85.72787701204386,27.751736296641937],[85.72736219643564,27.75177443668812],[85.72693366242072,27.751677974543387],[85.72644122616316,27.751371013313992],[85.726013065339,27.751161705492912],[85.72532749568454,27.75091395058248],[85.7248989615447,27.75081748826419],[85.72464167847376,27.750797046785525],[85.72395554927513,27.750815557689677],[85.72320508342283,27.750833506852565],[85.72284057301302,27.750796186134046],[85.72273365699216,27.750718538664607],[85.72275535186108,27.750567557160714],[85.7226699430931,27.75041332461558],[85.72249869160204,27.75033724124283],[85.72215568854084,27.750297982372],[85.7220055087471,27.750393637323377],[85.7219197275502,27.750413143655912],[85.72164056410368,27.750640775144312],[85.72138296935739,27.750755748521943],[85.72121134327,27.75079251006488],[85.71966640199153,27.75136275280732],[85.71940886901567,27.751419083628694],[85.71906586749324,27.751438467104432],[85.7187226162683,27.751532372539167],[85.71848640427268,27.751665663854762],[85.71842175677725,27.751741686635597],[85.71803524047574,27.752008955648755],[85.71638114243073,27.753453768102084],[85.7159729313823,27.753759173135066],[85.7156938301481,27.753948418719627],[85.71524310222708,27.754176676462457],[85.7148778457517,27.75450052501574],[85.71444825180946,27.754841815658114],[85.7142548688761,27.754975481767712],[85.71408311840716,27.755070886289435],[85.71288142756144,27.755488518752692],[85.71228039594361,27.755848628709522],[85.71176501982572,27.756096518341177],[85.71082110910423,27.756324655183725],[85.71039226245152,27.756304903169887],[85.71004888647302,27.75643713233396],[85.70942622271684,27.756855634695743],[85.7090825982975,27.757141221541563],[85.70848050546687,27.757749529703155],[85.7082229109898,27.75786450289127],[85.70796575351496,27.757862067105854],[85.70781600962322,27.757786233953528],[85.70758060660413,27.757499651470386],[85.70732419884554,27.757404750335933],[85.70706747826735,27.75736624074655],[85.70646744320138,27.75742157481146],[85.70560900153501,27.757612137592144],[85.70475093473549,27.75768535317375],[85.70457937102077,27.757742434226955],[85.70440774527445,27.75774312311428],[85.70363676963139,27.757512498607277],[85.70337967439191,27.75747398945975],[85.70269298322427,27.75758940368855],[85.70234991817131,27.757588468966077],[85.70209282208324,27.75754995923017],[85.7015571853523,27.75747262850636],[85.70125663752142,27.757548840873515],[85.70091294917096,27.757701388491377],[85.70074126075147,27.757738150281057],[85.70031235165527,27.757776977479573],[85.70005500608767,27.757738468819483],[85.69971250288542,27.757604369288906],[85.69887850131548,27.757124860431826],[85.69844990415477,27.75703058611488],[85.69802087032198,27.75710554847721],[85.69776321367652,27.757200141086887],[85.69630448717099,27.757389520704702],[85.6957041397374,27.757388400196565],[85.69510410389698,27.757310506471462],[85.6943318806435,27.757368717710442],[85.69362443006571,27.757366534791746],[85.69319570788775,27.757308334094304],[85.69276698643424,27.757308837472866],[85.69242373461131,27.7573462885948],[85.6923376405169,27.757383737422728],[85.69199470106385,27.757403121351025],[85.6917374804331,27.757344230642715],[85.69148069631689,27.757231261789876],[85.69116007561593,27.75702057778135],[85.69073203997294,27.756829212830247],[85.69004678352017,27.756637723925756],[85.68942511597604,27.756598029697468],[85.68891111166927,27.756482562315544],[85.68837572355974,27.756310453278438],[85.68805485301726,27.75612002502679],[85.68767020724127,27.75585238726765],[85.68747788415456,27.755679087793528],[85.68713569270211,27.755468216231662],[85.6868790341311,27.75537325237361],[85.68662181349099,27.75535281074586],[85.68589316734489,27.755237532557814],[85.68514307660575,27.75519890281455],[85.68497157523932,27.75516107994299],[85.68428550773682,27.755120761639166],[85.68231514749884,27.754659703839636],[85.681971770417,27.754679024676143],[85.68180070605685,27.754641264690317],[85.68154392267675,27.754525983217857],[85.68094401086509,27.754391636078367],[85.68017359739595,27.754086427495828],[85.67983059468948,27.75402672462338],[85.67910213598248,27.75394983335708],[85.67903655208883,27.75423572967982],[85.67903599113582,27.75438927536182],[85.67920543389187,27.754846720372623],[85.67943971189571,27.755230394103915],[85.67943759067539,27.75568621545619],[85.6792651537469,27.75589671555498],[85.67872714575277,27.75633616161008],[85.67808072542402,27.75705894145033],[85.677908289324,27.757287509566176],[85.6775188399364,27.758051049571435],[85.67739042080173,27.75844479122833],[85.67731070524924,27.75855913808833],[85.67697058276539,27.758968885642783],[85.67679339310018,27.759093548816182],[85.67685954445527,27.759236340096624],[85.67685866954636,27.75928147915834],[85.67684929684721,27.759874903230074],[85.67647653907834,27.760437758993717],[85.67586950455696,27.7607321626836],[85.67578216008162,27.76081706299536],[85.67573577020381,27.76103781550761],[85.67600224501876,27.76115997423725],[85.67663529423166,27.76129013295889],[85.67685700287926,27.761493065932633],[85.676782166945,27.761862487667358],[85.67654320580222,27.76213775785873],[85.67647980963788,27.76244859932341],[85.676581913395,27.762767817514533],[85.67701020187897,27.763225511197042],[85.67701614418822,27.763521159759172],[85.67694637183166,27.763865824256],[85.6769745153498,27.764685252051027],[85.67691205692077,27.764894564309486],[85.67671342310086,27.765168020877258],[85.67607912769945,27.76537858768713],[85.6758700534094,27.76567223788087],[85.67559901951579,27.766136751675422],[85.67524746466518,27.767381432739572],[85.67491186258063,27.76967104490494],[85.67507073769794,27.770040464802943],[85.67513870149293,27.770162937307543],[85.6753465311581,27.770417698373407],[85.67616183918699,27.771028058571645],[85.67630670844123,27.771295761644964],[85.67633096804701,27.77144042895303],[85.67620961275853,27.771649115749256],[85.67558238306866,27.77194777083172],[85.67535011208943,27.772214100750602],[85.6754220172546,27.772535257212272],[85.67596616338145,27.77318363116733],[85.67647935733662,27.773574429377224],[85.67681617140211,27.773731222919114],[85.6769377802031,27.773879014628584],[85.67697780101136,27.774506823958745],[85.67692384783277,27.774926010420575],[85.6770024419677,27.77522465975476],[85.67723109224815,27.775468292315747],[85.67778304908674,27.775692478548425],[85.67778086122786,27.775787255945964],[85.67824196936644,27.775746490890622],[85.67876110123603,27.775830448487806],[85.67925885091171,27.776189487766025],[85.67998443422486,27.776334087601615],[85.68091134871993,27.777162072804337],[85.68112392774759,27.777166384974088],[85.681311309169,27.777084672733626],[85.68149206166653,27.77690586859958],[85.68166311882082,27.776264303717994],[85.68204513378,27.776033232690096],[85.68475363329756,27.77553087647702],[85.68568122644953,27.775485543360986],[85.68618053605489,27.775370630771352],[85.68644457143321,27.775413765967798],[85.6866680933185,27.7755174830639],[85.6872184893676,27.776021501367815],[85.68745726731143,27.77613203221962],[85.68790637058824,27.776052755097812],[85.68828132027024,27.775864509765743],[85.68840267518836,27.77560612033926],[85.68903615277809,27.774885403359054],[85.68915594515757,27.77467890409129],[85.6895104493282,27.774476904418982],[85.68984751185349,27.774405568235515],[85.69022265143732,27.774438512819426],[85.69086325995718,27.77412410322419],[85.69151831350501,27.773929477889],[85.69237175680347,27.774075201283512],[85.69280654217394,27.773964165803545],[85.69395646243144,27.773365668430507],[85.69476563501583,27.773116026487756],[85.69619554324872,27.77331907476227],[85.6968038279895,27.773056242747675],[85.69718690550918,27.77279578844608],[85.6974348717552,27.772773404292646],[85.69769790790184,27.772816414793372],[85.6977770620491,27.77282841810306],[85.6981853423646,27.773197897965463],[85.69836079004449,27.77396674799449],[85.69930057820925,27.774230692387217],[85.69985453818236,27.77459241959915],[85.70026506602817,27.774691070726043],[85.70065790115882,27.77491594543436]]]}},{"type":"Feature","properties":{"province":"Bagmati Province","district":"Sindhupalchok","municipality":"Chautara Sangachowkgadi Municipality","ward":"1","wardNumber":1,"sourceMunicipality":"Chautara SangachokGadhi","sourceType":"Nagarpalika"},"geometry":{"type":"Polygon","coordinates":[[[85.72211985869215,27.84231325462814],[85.72213117444016,27.84221178722185],[85.72261390220615,27.840907337740244],[85.72268354808759,27.84040925308216],[85.72265290919702,27.840095286291966],[85.72252804493647,27.839622398377376],[85.72158967982361,27.838013745808816],[85.72151020541004,27.83720957270446],[85.7212556043263,27.83659339455848],[85.72104301579743,27.83566843631826],[85.71998811418621,27.834695034632865],[85.71910483842476,27.833648733973696],[85.71823338357693,27.833001988396337],[85.71745290175888,27.832579558384182],[85.71729277849862,27.832431328691296],[85.71672574523447,27.831428600844365],[85.7158514698419,27.830134165413195],[85.71558649448905,27.829890221352766],[85.71529275771825,27.829691164630358],[85.7147428012545,27.829394894515794],[85.71449651828648,27.82901797411786],[85.7143682117121,27.828145718585734],[85.71437201940265,27.827572487392175],[85.71450881821687,27.827298468327115],[85.71466199697764,27.827035827621586],[85.71499699194172,27.82656049795662],[85.71517818228337,27.826422268070875],[85.7152522086403,27.826337180014363],[85.71526233695661,27.826258345051222],[85.71524544906038,27.825585647055558],[85.71544414646527,27.825447542927805],[85.71582322417085,27.825403714480736],[85.71605806003649,27.825268234872155],[85.71631959182935,27.82496370585744],[85.71690136012006,27.823953592171474],[85.71731775776023,27.823352600137454],[85.71807684596433,27.822748041672845],[85.71843003933574,27.822721968170175],[85.71854039275354,27.822673390920464],[85.71883506364063,27.82254747591692],[85.71929291436189,27.821926602458262],[85.71934574374671,27.821669777343082],[85.71931279388443,27.82161082217092],[85.71927484096712,27.82154273996575],[85.71862128823057,27.821728549910507],[85.71787319772933,27.821689982070016],[85.71766924589942,27.821600082058414],[85.71759790698158,27.821567823581358],[85.71712941835199,27.821362642061963],[85.71673164204827,27.82102723421194],[85.71651211980301,27.820679883991613],[85.71597703089441,27.81922383596562],[85.71574562436724,27.81836639827659],[85.71526143783707,27.817687077666942],[85.71508687030912,27.81742368903147],[85.71513213504778,27.817272894462324],[85.71531288801575,27.817116597301798],[85.71546594476305,27.817050326510486],[85.71658073025377,27.816769547487823],[85.71783600366324,27.816277956136478],[85.7185040013137,27.816250254303796],[85.71880248740612,27.816250752652167],[85.71943271674523,27.815809743208412],[85.71976933826394,27.815490146181194],[85.719989479122,27.815164986331357],[85.72011177083854,27.81477568378117],[85.72009738947254,27.81464689629587],[85.720040047515,27.8138542264017],[85.72011650225402,27.8127152033612],[85.72030525122142,27.811879769614254],[85.72051144740624,27.81139418791698],[85.72108508895846,27.81052386500449],[85.72114117069665,27.81039801528],[85.72104651094624,27.81035200214829],[85.72057720896441,27.810135567296687],[85.72025590279382,27.8101303185643],[85.7199901779417,27.8100082222921],[85.7196784324624,27.809533647923665],[85.71919137388696,27.80934865970602],[85.71746635541226,27.80894449236615],[85.71693672194222,27.809005077472815],[85.71664267473034,27.80897525849316],[85.71525840204549,27.80813871112422],[85.71491564826893,27.807930152446204],[85.71414723346292,27.807525790452818],[85.71198473590405,27.806715819244257],[85.71095597605579,27.80640836185348],[85.71049674156907,27.80631383796594],[85.7100176872429,27.806153669648292],[85.7092525249126,27.805798946542676],[85.70914561025728,27.805797947288905],[85.70910084335807,27.805797572361048],[85.70908959021759,27.805811014458516],[85.70907033308008,27.805831145686263],[85.70904438713738,27.805986566085373],[85.7092613467848,27.806421942325446],[85.70932725057214,27.806828749028433],[85.7092799851004,27.807047188447655],[85.70920383313702,27.80717972805607],[85.70892160492176,27.807332712813363],[85.70854108903713,27.807365287247478],[85.70813781965987,27.807824237924113],[85.70803496956263,27.807940585352842],[85.70780526065953,27.808073813750198],[85.70701603043061,27.808034870952092],[85.70701002790058,27.808034808954716],[85.70647951628928,27.80782000040488],[85.70511369684192,27.807845580488348],[85.70402304498354,27.80807684513086],[85.70354367898159,27.8080768488786],[85.702600206718,27.8083117379042],[85.70149798672229,27.808497738837847],[85.70037331794998,27.808385651663308],[85.69909859114031,27.8079832315369],[85.69888413681825,27.807981232259138],[85.69846660811798,27.808087891711253],[85.69809665729446,27.808009934261847],[85.69700274977295,27.807898097662207],[85.69681924422156,27.807878343575272],[85.69569014007376,27.808145243152815],[85.69473066032008,27.80823102607294],[85.69411018194562,27.808407957937035],[85.69345331288343,27.80836788912429],[85.69268052402191,27.80820034596516],[85.692455752796,27.80815314584018],[85.69122123049645,27.80805568948852],[85.69102666048,27.808196045254846],[85.69091862123916,27.808319144240862],[85.69048821670134,27.808809354351247],[85.68903867911398,27.808910645808613],[85.68830646823045,27.808718657292804],[85.688146909463,27.808717158051667],[85.6878586797057,27.808967171844046],[85.68747760531423,27.80941943263738],[85.68737344202181,27.80945681896886],[85.68721175724842,27.809527466276055],[85.68716361466856,27.809545096624312],[85.68713422989818,27.80964187517459],[85.68730748856058,27.810352145423778],[85.68730217802712,27.810715377166513],[85.68724034455037,27.81092468900845],[85.6870825373183,27.81103828570376],[85.68685288935025,27.81108805262327],[85.68683994700483,27.81108111278061],[85.6867222781425,27.811028098277244],[85.68669082823338,27.81097583346563],[85.68659497901709,27.810819350668595],[85.6862637863745,27.81013008837652],[85.68586457222443,27.809740413945697],[85.68526484630759,27.80940519557202],[85.68452194586438,27.809443274904282],[85.68440990359814,27.809397074742726],[85.68432218241747,27.8093037353358],[85.68430098672121,27.80927416458732],[85.68405145412804,27.808969389554733],[85.68382186769125,27.808827287104936],[85.68359184433542,27.808773210819275],[85.68357940206371,27.808777586953962],[85.6831369263636,27.808904314819525],[85.68262417578117,27.809140888660707],[85.68252932902898,27.8091670844205],[85.68241591090371,27.809127636510066],[85.68089883953019,27.80822625829626],[85.67966137574265,27.80778570100254],[85.67834763050392,27.80699229077414],[85.67811010320625,27.806856878593837],[85.67766931427107,27.806816557155038],[85.67742403594963,27.806841253999284],[85.6772744799962,27.806824062917862],[85.67717725664762,27.806834441149533],[85.67690653224476,27.806897274311716],[85.67652451457666,27.806823693430438],[85.67648706307557,27.80679624789133],[85.67628642391185,27.806647643620163],[85.67604870953552,27.806469343085265],[85.67595636088285,27.80631948721512],[85.67591752914238,27.805854225571256],[85.67586631666344,27.805237670414268],[85.67594027426821,27.804500390922833],[85.67606337957687,27.80413371929475],[85.67613415210116,27.803764297833563],[85.676114143156,27.803606127052564],[85.67608825790226,27.8035449841743],[85.67593438386908,27.803153057145856],[85.6758886769581,27.802893106147856],[85.67599458638557,27.802370577230807],[85.67618571561233,27.801993277366016],[85.67667082818481,27.801411165294763],[85.6767255905686,27.800687264322946],[85.67634226626393,27.801216173071143],[85.67569853284951,27.80177421668042],[85.6753602220683,27.80196502570623],[85.67381559516733,27.802832667173494],[85.6732777095731,27.803046422239348],[85.6727150110976,27.804110738500533],[85.67239308372716,27.804599572522587],[85.67188889969374,27.804818203172925],[85.6715303912283,27.804868907995154],[85.67146524274041,27.8048772858657],[85.67091679067549,27.80505252899892],[85.67078649539941,27.805331174517747],[85.67078343343333,27.8055590543104],[85.67101708828585,27.806046508078],[85.67105291590454,27.806333466917934],[85.67096482369966,27.806558283539033],[85.67066815359217,27.806848808459897],[85.67059769200772,27.807085129090616],[85.6706563427547,27.80742641637604],[85.67083603785848,27.80778695768521],[85.67098590947396,27.80811336559245],[85.6711732335404,27.808598131572914],[85.67122481687898,27.8087926877979],[85.67127921643848,27.809226502135097],[85.67108790587707,27.81026956027892],[85.67097705477569,27.81060022021311],[85.67071458684939,27.810963329343505],[85.6703434509143,27.811219282158405],[85.67026929887005,27.811293055029953],[85.67040435267094,27.811610271813723],[85.67067802723045,27.81272322169911],[85.67066578106466,27.81354458738058],[85.6705768775487,27.813967962474326],[85.67075957469554,27.814468483674187],[85.67111358329099,27.814661412187515],[85.67152948735347,27.814640590616538],[85.6718649255262,27.814765624409763],[85.67209032335278,27.814937110949163],[85.67215960104879,27.81512960428549],[85.67209220321405,27.81530271774765],[85.67174939308309,27.815784611864437],[85.67174683151248,27.815947096924667],[85.67185918744087,27.816153532527835],[85.67269368553244,27.81625180417416],[85.67299611199438,27.81640365957746],[85.67316042553168,27.816644478802694],[85.67352875288377,27.817015834979784],[85.67382555394171,27.817316545883646],[85.67405051512044,27.817659519639527],[85.67415011596464,27.817739417630563],[85.67472120680239,27.818187232056847],[85.67493322819283,27.818627046917953],[85.67497312706814,27.819550443240402],[85.67481020062235,27.82048090498549],[85.67479757211201,27.82063201192026],[85.67483264970946,27.820806125585985],[85.67520767118087,27.821610858389207],[85.67537774256479,27.822451979353453],[85.67547372283033,27.82312542610488],[85.67589388419088,27.823693652352212],[85.67642602408561,27.824143280171175],[85.67660371792003,27.824402230445],[85.67714067350337,27.82513406607287],[85.67760010268334,27.82600056698271],[85.67769176549056,27.826346729762914],[85.67768851611633,27.826563293939895],[85.67757366403966,27.826826246866514],[85.6772016535656,27.82706869564114],[85.67712931549806,27.827253062902553],[85.67724436292897,27.82768518896284],[85.67755798542922,27.828304305714088],[85.6776322012259,27.828383953612235],[85.67771429447329,27.828470541468445],[85.67777444323015,27.82858844991923],[85.67788479867538,27.82880388756678],[85.67858081290152,27.82937248640696],[85.67911964423688,27.829975659206397],[85.6794331424117,27.83066017045082],[85.6803388037247,27.831948416729205],[85.68048223538582,27.832265696722818],[85.68047904863514,27.832480071928973],[85.6802050808959,27.83340497109811],[85.68020341155338,27.835278083341276],[85.6805917549954,27.836522945481352],[85.68061870615645,27.83689105341031],[85.68057819748823,27.83746390943494],[85.68004281765127,27.838090660225106],[85.67891634672057,27.839156419720915],[85.67870126878037,27.83935973131009],[85.67829362372531,27.839976415289545],[85.67800364714829,27.840598787907584],[85.67782208704598,27.84128305266407],[85.67776619547271,27.841783512637384],[85.67778426942898,27.842228268070407],[85.67840319854292,27.843434805212105],[85.67876522415715,27.845015704550526],[85.6792343479014,27.846245624303524],[85.68022917562912,27.84838774591709],[85.68022905317498,27.848608872767784],[85.68022893244631,27.849064757074903],[85.6804750300594,27.849656116096718],[85.68052030023247,27.8500086563868],[85.68051505205601,27.850417026483523],[85.68032579857719,27.850873286861095],[85.6791647564061,27.852293026094518],[85.67837703863431,27.853488320588127],[85.67816290382804,27.85421747362335],[85.6781364618174,27.85480170759508],[85.67832285534615,27.855952169626857],[85.67830204138332,27.856595108426532],[85.6785226286609,27.857147893768385],[85.67875184287301,27.8574840534405],[85.67887095108922,27.857715307484767],[85.67932168502513,27.858083037249845],[85.67978654815911,27.858331231928357],[85.68060748107445,27.858636939650538],[85.68151563510446,27.859108195761387],[85.68256478360836,27.859969002787725],[85.68345818827578,27.861056253203255],[85.6835976831959,27.861572090665465],[85.683752063685,27.862688355409436],[85.6839885298244,27.863011135604726],[85.68505437245311,27.86396459479477],[85.68574669938114,27.86467754843805],[85.68603950195936,27.865323485442037],[85.68631404568717,27.865754860683847],[85.68671376066435,27.86609039336728],[85.6873605677085,27.866496007015094],[85.68893959606677,27.86693524896056],[85.68940883460576,27.867167625599578],[85.68969012904067,27.867350802096798],[85.69081542999116,27.868225863161005],[85.69168419859739,27.869001334001723],[85.6919227775399,27.868055742116603],[85.69333727989414,27.86575149121614],[85.69391973980044,27.86511830094153],[85.69436327707763,27.864872037928603],[85.6946131800602,27.86465322155852],[85.69568651175042,27.86419401545716],[85.69620051318041,27.8639234944876],[85.6969826722892,27.86330799484219],[85.69782892021207,27.862966138058276],[85.698776894868,27.862686235517806],[85.69956530957391,27.86234606730724],[85.69998396399404,27.862216900877378],[85.7001538380377,27.862105616936454],[85.7010846116012,27.861191403828023],[85.7014146052259,27.86074989610205],[85.70154096030402,27.860317830876127],[85.70194159539874,27.858951739326777],[85.70207708073501,27.858718294475032],[85.70236562340176,27.858502104046615],[85.70458156077311,27.857477972808432],[85.70509562365615,27.85714205732055],[85.70562944136678,27.856639281070628],[85.70627742420245,27.855794527451664],[85.70705770492728,27.85493295531092],[85.707299790483,27.85451095496573],[85.7077752742597,27.853917401496698],[85.70821755549815,27.853183619955175],[85.70866434136286,27.852709352839074],[85.70971121475078,27.85108968057834],[85.71066042498471,27.849403740459476],[85.7107622690768,27.848815629441514],[85.71087124354642,27.84850747601824],[85.71097796857822,27.848206073942187],[85.71151709665256,27.84732643605795],[85.71206448210955,27.84679677642108],[85.7127403536858,27.84629749961481],[85.71277017615456,27.846275180309586],[85.7148276189166,27.845312631495606],[85.71593952328072,27.84451957704206],[85.71684491691738,27.844040491298074],[85.71743619733662,27.84387450062033],[85.71926967938026,27.842763097086998],[85.7199033503203,27.84255453038174],[85.721722523618,27.842309569095914],[85.72211985869215,27.84231325462814]]]}},{"type":"Feature","properties":{"province":"Bagmati Province","district":"Sindhupalchok","municipality":"Chautara Sangachowkgadi Municipality","ward":"13","wardNumber":13,"sourceMunicipality":"Chautara SangachokGadhi","sourceType":"Nagarpalika"},"geometry":{"type":"Polygon","coordinates":[[[85.72320508342283,27.750833506852565],[85.72316312687981,27.750490030676076],[85.72312091951933,27.75011054519439],[85.72314342463265,27.749729308132768],[85.72344552747938,27.74881359923537],[85.72348953845969,27.748355901565848],[85.72361957993051,27.747671011551287],[85.72374900045419,27.74736529650989],[85.72385666346217,27.747212813124936],[85.7243086971285,27.74630072887294],[85.72463168627435,27.745766569739725],[85.72497630566424,27.74500465545667],[85.72542840323617,27.744167030745164],[85.72557933004312,27.743784792861444],[85.72573069320158,27.74325357241288],[85.72590275435628,27.74296629930283],[85.72611920031609,27.742128739301897],[85.72624830776978,27.741823023347276],[85.7264866977554,27.74068099847091],[85.72646655966768,27.74014815497479],[85.72638158655981,27.739766043761787],[85.72638252004677,27.739384618967694],[85.72642578484798,27.739231573844343],[85.72655495533962,27.73900481824004],[85.72700630487061,27.738471846049563],[85.72722094570189,27.7383384300185],[85.7273067276536,27.73831886112347],[85.7275216801519,27.738129053684244],[85.72769336811506,27.738033586441574],[85.72872343226716,27.737578131624456],[85.72904523714371,27.737387010935667],[85.73007523999458,27.736987947722827],[85.73067589717674,27.736702296258308],[85.73101927379487,27.736590323455644],[85.73170565158608,27.736438586224526],[85.73204877806653,27.736401196787714],[85.73219889565375,27.736305480092696],[85.73228498826454,27.736152809819252],[85.73228548691625,27.735999389521336],[85.7322430309809,27.73569655077016],[85.7320089364299,27.734933891217775],[85.73194671728639,27.73409377079799],[85.73188318846242,27.73363732423884],[85.73173437907501,27.733177815310256],[85.73167153991967,27.7328545338912],[85.73162989684984,27.732587830517772],[85.73152584996922,27.731824107257555],[85.7315504761991,27.73098479775327],[85.73159398971875,27.730754980057103],[85.73159536114477,27.730391686068263],[85.73161761843923,27.73022038569203],[85.73161898992501,27.729856966216772],[85.731620299599,27.729552377023566],[85.731556399192,27.72940058319237],[85.73153707534061,27.728903874381444],[85.73068038373512,27.729072118630224],[85.73050913329566,27.729052488893593],[85.72999644138639,27.728860499472514],[85.72956834484009,27.72884074717461],[85.72896874883713,27.729011301833598],[85.72879737293687,27.729030058741415],[85.72828461853071,27.728817688069075],[85.72802796087605,27.728779178442824],[85.72682970326984,27.728738926135584],[85.72623029449409,27.72881239064062],[85.72597295081891,27.728965749747648],[85.72571560553308,27.72904008641997],[85.72357550084571,27.729128754124478],[85.72278458071112,27.728898068451674],[85.72244270276143,27.72874596355624],[85.72210032546971,27.728745090730047],[85.72184323102101,27.728801359431547],[85.72124301161935,27.72910501625763],[85.72053475419413,27.72961754690526],[85.72027759712014,27.729730270310395],[85.71984900235282,27.729864000071395],[85.7196773144812,27.729959467400327],[85.71899206201188,27.730052437677184],[85.71873571644022,27.730013928566834],[85.71787952362702,27.730030877520967],[85.71762230483674,27.730143600478083],[85.71753671037568,27.730142787963917],[85.71710774066746,27.730332909459744],[85.71676523956837,27.730426752822954],[85.71650777040081,27.730559793855512],[85.71607942581078,27.730673205620235],[85.71565033118002,27.730901651157204],[85.71556480013395,27.730921157245167],[85.71505148367748,27.730785559285945],[85.71477319305134,27.730861959222487],[85.71460106932686,27.73105220324224],[85.71425819341299,27.731222756726385],[85.71412908412246,27.73133666568628],[85.71408525882961,27.73164094336827],[85.71369674797742,27.73244074384296],[85.71361071696082,27.73255502787053],[85.71346034964746,27.73267100064086],[85.7132034430987,27.73270701289323],[85.71303262881892,27.732648997694778],[85.71260453252516,27.732629182405095],[85.71174846609945,27.732684455515756],[85.71140577641566,27.73276023054166],[85.71106265155592,27.73293084627335],[85.71080480878359,27.733178983393678],[85.71033276144065,27.733501769230205],[85.71007541731588,27.733596424208645],[85.70947575873028,27.733746597846554],[85.7088310884867,27.734318333489963],[85.70859531495175,27.73446956764609],[85.70816634550464,27.73465968941355],[85.70795157993676,27.734829178161057],[85.70754399364996,27.73505781106653],[85.70617236331319,27.735360973048504],[85.70563628911138,27.73537854490539],[85.70512159890708,27.73541662271153],[85.70486425384374,27.73543456828011],[85.70417781274253,27.735568050311695],[85.70392040572551,27.73556792718851],[85.70314830768625,27.735680278765876],[85.70289065047487,27.735774933591113],[85.70239622031048,27.73608171486857],[85.70192435959241,27.736194689493484],[85.70166720089713,27.736174185244835],[85.70115282285165,27.73615587150541],[85.70046656863445,27.736192324969256],[85.69917896992776,27.736516492969994],[85.69874943668047,27.736668165947595],[85.69814883995157,27.736782141295695],[85.69754799466574,27.736970576960594],[85.69728989981094,27.73710580605031],[85.6968608046037,27.73721915530656],[85.69557426575022,27.73729274965449],[85.69471626229104,27.737426920860358],[85.69402875980694,27.73772964017411],[85.69394316544748,27.737731078810327],[85.6935995401133,27.737883563749502],[85.69310629532778,27.737957901370848],[85.69267688766344,27.738071188443957],[85.69250532360452,27.738071814760232],[85.69147712899198,27.737938033813318],[85.68993505352762,27.737553370123855],[85.68967808249913,27.737514798788148],[85.68950651914189,27.737515424955287],[85.68899164141332,27.73764821809416],[85.68873429646956,27.73766603819178],[85.68862700669395,27.73764703349729],[85.6882641805269,27.73728480484075],[85.68800745998134,27.737169522433017],[85.6876644576918,27.73716852493166],[85.68717202340346,27.737035177716972],[85.68674355086851,27.736938651925215],[85.68657204992375,27.73693702793239],[85.68631476774488,27.736975229361402],[85.68588535997183,27.73714490758545],[85.68519835785104,27.737352785906843],[85.68496195892548,27.73752433821567],[85.68461839543095,27.737618118197005],[85.68393301504975,27.73753935062172],[85.68341863683415,27.73751872344724],[85.68204818867149,27.737205454666164],[85.68162009090341,27.737052538515595],[85.6811065236212,27.736916752201154],[85.68025064062556,27.73658584915938],[85.679651042195,27.736431245912332],[85.67922269502262,27.73635266443663],[85.67853712836077,27.736312282280384],[85.67785174764279,27.736192877723262],[85.67725152474523,27.736191694331872],[85.6767375211265,27.736094295356644],[85.67618093864957,27.735976139786416],[85.67618025277473,27.736111492334146],[85.67615693451089,27.736492666187743],[85.6761533781037,27.737257703583243],[85.67621596820126,27.737641941044465],[85.676301126068,27.737814303890172],[85.67649307441214,27.73798760288465],[85.67687790669041,27.738257617132657],[85.67732713723723,27.738410845626444],[85.67777543234902,27.738814523621453],[85.67788203600462,27.738969005643415],[85.6780089624933,27.739351616546834],[85.67809224837698,27.73988727306557],[85.678025292245,27.74050051648845],[85.67802204723318,27.741188781103318],[85.67808438769241,27.74164966574038],[85.67823226005787,27.742109299914425],[85.67867955732426,27.74277930563126],[85.67882805291111,27.743087645251887],[85.6788272417795,27.743259195241077],[85.67916706164749,27.743950708762064],[85.67920895450209,27.744179025486147],[85.67920751926863,27.74448592788216],[85.67914118757885,27.74502014807372],[85.67914000244474,27.74524808947028],[85.67918226894471,27.745401946869414],[85.67917939999374,27.74608796054148],[85.67911381500825,27.746317528812654],[85.67902765989818,27.746470198965635],[85.67851059892446,27.747040745664226],[85.67838099081109,27.74726968902805],[85.67833697677646,27.74749938205354],[85.67878034448093,27.74910147413154],[85.67903463250957,27.749789924160392],[85.67916218229044,27.750019115488602],[85.6793104290051,27.750401914361415],[85.67941472449871,27.75108899015039],[85.6792199060823,27.75154525050337],[85.67911161779361,27.751735995333686],[85.67906810320542,27.75190710846853],[85.67913181613781,27.752040896840274],[85.67936653128125,27.752327479588416],[85.67962281555734,27.752557857682252],[85.67970784883141,27.752709838741783],[85.67972854538077,27.752863508567874],[85.6796848440398,27.75309326392392],[85.67961963411683,27.75324387173103],[85.67933940903893,27.753627111713477],[85.67910213598248,27.75394983335708],[85.67983059468948,27.75402672462338],[85.68017359739595,27.754086427495828],[85.68094401086509,27.754391636078367],[85.68154392267675,27.754525983217857],[85.68180070605685,27.754641264690317],[85.681971770417,27.754679024676143],[85.68231514749884,27.754659703839636],[85.68428550773682,27.755120761639166],[85.68497157523932,27.75516107994299],[85.68514307660575,27.75519890281455],[85.68589316734489,27.755237532557814],[85.68662181349099,27.75535281074586],[85.6868790341311,27.75537325237361],[85.68713569270211,27.755468216231662],[85.68747788415456,27.755679087793528],[85.68767020724127,27.75585238726765],[85.68805485301726,27.75612002502679],[85.68837572355974,27.756310453278438],[85.68891111166927,27.756482562315544],[85.68942511597604,27.756598029697468],[85.69004678352017,27.756637723925756],[85.69073203997294,27.756829212830247],[85.69116007561593,27.75702057778135],[85.69148069631689,27.757231261789876],[85.6917374804331,27.757344230642715],[85.69199470106385,27.757403121351025],[85.6923376405169,27.757383737422728],[85.69242373461131,27.7573462885948],[85.69276698643424,27.757308837472866],[85.69319570788775,27.757308334094304],[85.69362443006571,27.757366534791746],[85.6943318806435,27.757368717710442],[85.69510410389698,27.757310506471462],[85.6957041397374,27.757388400196565],[85.69630448717099,27.757389520704702],[85.69776321367652,27.757200141086887],[85.69802087032198,27.75710554847721],[85.69844990415477,27.75703058611488],[85.69887850131548,27.757124860431826],[85.69971250288542,27.757604369288906],[85.70005500608767,27.757738468819483],[85.70031235165527,27.757776977479573],[85.70074126075147,27.757738150281057],[85.70091294917096,27.757701388491377],[85.70125663752142,27.757548840873515],[85.7015571853523,27.75747262850636],[85.70209282208324,27.75754995923017],[85.70234991817131,27.757588468966077],[85.70269298322427,27.75758940368855],[85.70337967439191,27.75747398945975],[85.70363676963139,27.757512498607277],[85.70440774527445,27.75774312311428],[85.70457937102077,27.757742434226955],[85.70475093473549,27.75768535317375],[85.70560900153501,27.757612137592144],[85.70646744320138,27.75742157481146],[85.70706747826735,27.75736624074655],[85.70732419884554,27.757404750335933],[85.70758060660413,27.757499651470386],[85.70781600962322,27.757786233953528],[85.70796575351496,27.757862067105854],[85.7082229109898,27.75786450289127],[85.70848050546687,27.757749529703155],[85.7090825982975,27.757141221541563],[85.70942622271684,27.756855634695743],[85.71004888647302,27.75643713233396],[85.71039226245152,27.756304903169887],[85.71082110910423,27.756324655183725],[85.71176501982572,27.756096518341177],[85.71228039594361,27.755848628709522],[85.71288142756144,27.755488518752692],[85.71408311840716,27.755070886289435],[85.7142548688761,27.754975481767712],[85.71444825180946,27.754841815658114],[85.7148778457517,27.75450052501574],[85.71524310222708,27.754176676462457],[85.7156938301481,27.753948418719627],[85.7159729313823,27.753759173135066],[85.71638114243073,27.753453768102084],[85.71803524047574,27.752008955648755],[85.71842175677725,27.751741686635597],[85.71848640427268,27.751665663854762],[85.7187226162683,27.751532372539167],[85.71906586749324,27.751438467104432],[85.71940886901567,27.751419083628694],[85.71966640199153,27.75136275280732],[85.72121134327,27.75079251006488],[85.72138296935739,27.750755748521943],[85.72164056410368,27.750640775144312],[85.7219197275502,27.750413143655912],[85.7220055087471,27.750393637323377],[85.72215568854084,27.750297982372],[85.72249869160204,27.75033724124283],[85.7226699430931,27.75041332461558],[85.72275535186108,27.750567557160714],[85.72273365699216,27.750718538664607],[85.72284057301302,27.750796186134046],[85.72320508342283,27.750833506852565]]]}},{"type":"Feature","properties":{"province":"Bagmati Province","district":"Sindhupalchok","municipality":"Chautara Sangachowkgadi Municipality","ward":"14","wardNumber":14,"sourceMunicipality":"Chautara SangachokGadhi","sourceType":"Nagarpalika"},"geometry":{"type":"Polygon","coordinates":[[[85.73153707534061,27.728903874381444],[85.73143159372196,27.7284831890359],[85.73117793014295,27.727720342227855],[85.73113616122636,27.727413002597977],[85.73103049307727,27.72703289152066],[85.73099090831961,27.726267479407213],[85.73086479223933,27.7256569887244],[85.73075843894581,27.725504819859612],[85.73056636584442,27.72533152107198],[85.7300539235368,27.725044752840674],[85.72975474914327,27.72494954013439],[85.72947652136078,27.724967235109126],[85.72915477887814,27.725156105790983],[85.72898296673851,27.72529002175141],[85.72870448952044,27.72544087991861],[85.72849047255757,27.725441131792323],[85.72821261933088,27.725346106671697],[85.72787086583426,27.72515336517554],[85.72748603432301,27.725037021459794],[85.72684554321856,27.72469261309074],[85.72485580441544,27.72459091138033],[85.72395740787053,27.724474259656215],[85.72293158726583,27.724166927555572],[85.72235455835946,27.723953994589827],[85.7208808184802,27.72326336595398],[85.7198548728988,27.72299435769132],[85.71927728234442,27.722914526293952],[85.71902043776325,27.722914403471165],[85.71818581688858,27.722987931844024],[85.71754339231634,27.72308358979496],[85.71683731783952,27.723061276511498],[85.7161963897932,27.722811582964066],[85.71594010636362,27.722658040498995],[85.71568438388077,27.72242772480831],[85.71562029726324,27.722409032026402],[85.71530017615396,27.722160086203527],[85.71510797885146,27.722083878071246],[85.71472302352501,27.72206224994301],[85.71446567937024,27.72213883732617],[85.71414437396696,27.722291571721133],[85.71362993512635,27.722442495116013],[85.71341579359745,27.722517206287097],[85.71302996524659,27.722649123167834],[85.71251577588073,27.7228384331673],[85.71212994787442,27.72302892929657],[85.71148702340459,27.723217052216505],[85.71097233626034,27.723503390626437],[85.70878715760556,27.724144283207067],[85.70814504450782,27.72418117423869],[85.70795241069614,27.724143290328023],[85.70763160373785,27.72414254242226],[85.70743922010242,27.724084339453075],[85.70679754389857,27.724006133995246],[85.70654088523891,27.72391123332253],[85.7063701322838,27.723738120941604],[85.70624345577865,27.723242664092982],[85.70600980098918,27.722707883709095],[85.70586061826911,27.722478567159378],[85.7057326327271,27.72236453492309],[85.70571162351206,27.722267319448047],[85.70524269289848,27.721599439042897],[85.70479633118539,27.720683548925233],[85.7046257652841,27.720472050544533],[85.7044555746153,27.720168025121744],[85.70388222402197,27.71886727310405],[85.70354209193646,27.718252532773406],[85.70315856948253,27.717734383044096],[85.70303126960778,27.717428544317066],[85.70298956366292,27.717121204913454],[85.702756347171,27.71660449176007],[85.70239533323507,27.716142984195237],[85.70222614245606,27.71583670823],[85.70184418352372,27.715298303601017],[85.7013541228168,27.714894250490733],[85.70084424066096,27.714318523357928],[85.70065354152018,27.7140120603198],[85.70050629539864,27.71362701086259],[85.7003144101971,27.71347402926545],[85.700122276607,27.713397821156182],[85.6995441233819,27.71331786506937],[85.69909514358272,27.713162447234893],[85.69813465730009,27.712623172239244],[85.69760301698145,27.712065199441305],[85.69692075952045,27.711623200227915],[85.69653748951916,27.711276601067617],[85.69643107334026,27.711160505586047],[85.69628282864505,27.710910871095525],[85.69596582986816,27.710298568499805],[85.69575356189466,27.710048309817253],[85.6954974024348,27.70989470410816],[85.69496232865379,27.70981518448981],[85.6947050462132,27.709833067017712],[85.69444732632128,27.70990965387893],[85.69412570660361,27.709926911346603],[85.69374093838947,27.7097901246127],[85.69354861640599,27.709731921150308],[85.69316366051007,27.709635771211836],[85.6929068768171,27.709556624784852],[85.69277907857965,27.70948091612014],[85.6925663099203,27.709250975539682],[85.69235809972743,27.70844561508972],[85.69229413823938,27.70838634828214],[85.69203804174563,27.708253061287085],[85.69165327276258,27.708116273864523],[85.69113883223227,27.70811365289586],[85.69049696835754,27.707978993421516],[85.69030489636853,27.70790040906042],[85.68985672759347,27.707629895990447],[85.68972930356382,27.707495544312266],[85.68953723099614,27.707360569109404],[85.68930345498565,27.707112373294216],[85.68909268495045,27.70663192111108],[85.68907411134028,27.706248120444346],[85.68890648147824,27.70571165182309],[85.68882207320519,27.705559670702044],[85.6886306255541,27.705347984868443],[85.68841873167021,27.705041334017],[85.68833357476986,27.70498181769663],[85.68824885449327,27.704829835464494],[85.687972061635,27.70459701956647],[85.6878449501104,27.704385958704172],[85.68767513468285,27.70419477853467],[85.68748293797653,27.704098127192132],[85.68709610822741,27.704211913461048],[85.68666713784901,27.70430481872848],[85.68578768738965,27.70439804069906],[85.6854665059732,27.70437697465082],[85.68469397157952,27.704545655589268],[85.68353285873926,27.705078570392583],[85.68314615484657,27.70521030027929],[85.68282441084278,27.70526588163637],[85.68211477641903,27.705606737145775],[85.68166398512099,27.70571977397165],[85.68134136742168,27.705872445632572],[85.68110434330305,27.706023617227277],[85.68084687376493,27.706082136727602],[85.68092722336397,27.706809599577802],[85.68092422570514,27.707190961146356],[85.68077079829776,27.707670166072003],[85.68059723704133,27.70797544452335],[85.68050951976092,27.708204825206607],[85.6803146376024,27.708491848717795],[85.67992631006814,27.70883345171032],[85.67958262085776,27.708947487720955],[85.67923855736232,27.709117977811665],[85.67878770378063,27.70923107692926],[85.67810157558301,27.709267405531378],[85.67775838599245,27.709340867816678],[85.67741444818002,27.70947528473056],[85.67689969474131,27.70952905434638],[85.67646997480861,27.70970098296718],[85.67614679535036,27.70992805264744],[85.67586644349164,27.71017587735921],[85.67506703016315,27.7110145674794],[85.67459292060386,27.711377865883335],[85.67390460664558,27.711757232228848],[85.67308612184662,27.712309088322254],[85.67229026732969,27.712669324781793],[85.67213977511591,27.712764916893754],[85.67198847147014,27.71293496755727],[85.67172731673567,27.713451559216573],[85.67174888732161,27.713451683751757],[85.671876748511,27.713547773793653],[85.67226101764223,27.713722947127533],[85.67245383943946,27.71374282695357],[85.67288143662348,27.71387780006716],[85.67303074280944,27.713956072396638],[85.67315835358984,27.714070042599722],[85.67326395727525,27.71430123455495],[85.67302424901014,27.714836080871333],[85.6730445700534,27.714989750313723],[85.67312904009565,27.715162050657643],[85.67355438990911,27.715583608980136],[85.67385300225502,27.715739964958615],[85.6742580932401,27.716066494717186],[85.67481049100036,27.716701427437027],[85.67504433249836,27.71715955959032],[85.67508535124088,27.71754361009161],[85.67497612775792,27.71800293284046],[85.6747809978852,27.718461444356542],[85.6744576946957,27.71888038215767],[85.67413501566979,27.71916615596688],[85.67381264772843,27.719375219937625],[85.67338330273846,27.71948844397943],[85.67286886223732,27.719562532518655],[85.67261145408214,27.719562347175756],[85.67233272633692,27.719618302888325],[85.67209626580382,27.71975146932198],[85.67196728134284,27.71990370206686],[85.67192389164784,27.719980037886682],[85.67194383931985,27.720323263065726],[85.67209302191516,27.72051650630075],[85.67237112568552,27.720613907936638],[85.67260633909342,27.72074707033324],[85.67273426285979,27.72086341522594],[85.67277646750976,27.721017272802325],[85.67266867823527,27.721149312380284],[85.67249692860963,27.721244779711114],[85.67230310829258,27.721416706597264],[85.67206621082775,27.72168297365401],[85.67197974265507,27.7218356442908],[85.67191453349179,27.72206521256673],[85.6719132852015,27.72229534289247],[85.67197687315802,27.72246745490709],[85.67233957273953,27.722832059736703],[85.67253183358652,27.722948967418784],[85.67285282840166,27.7230648734176],[85.67306659634588,27.723218167571456],[85.67310898747861,27.723277246745184],[85.67310867545298,27.723351705608362],[85.6729997645358,27.723734319581762],[85.6730844853918,27.7239653243368],[85.67372460372144,27.724560431514412],[85.67400227083044,27.724772991072996],[85.6741728988689,27.724984490151357],[85.67421510342471,27.725136096840696],[85.6741932832321,27.72521261880128],[85.67415020564559,27.72528895421086],[85.67391374522128,27.725442376230358],[85.67378438539352,27.725574290770567],[85.67371942592392,27.725727148704447],[85.67371886459229,27.72588063108994],[85.6738672974811,27.726188970538534],[85.6744646503066,27.72684009507139],[85.67452692771613,27.727301042354064],[85.6746537280752,27.727645330098273],[85.67476026899686,27.727799812392625],[85.67495259206164,27.72791446887737],[85.67508064043489,27.728048819749112],[85.67540144781842,27.72818504500846],[85.6754654096235,27.72824206102443],[85.67572019764053,27.728779404633073],[85.67580485621592,27.72906680052286],[85.6760181875493,27.729278736628398],[85.67633924525332,27.729394642889748],[85.67666061404599,27.729377385541465],[85.67683174043516,27.729435401201954],[85.67698148414486,27.729531616265028],[85.6770024300888,27.729608575404573],[85.67693759593685,27.729779438772454],[85.67655070434382,27.730026264352507],[85.67646417369994,27.730178934786135],[85.6764636125437,27.7303323546878],[85.67665375202846,27.730945783938008],[85.67677799462838,27.731865427863376],[85.67692568003159,27.73240170886874],[85.67707442485914,27.73270779812941],[85.67720078874983,27.73316711967979],[85.6771993544082,27.733474021759594],[85.67711257419182,27.733703402567194],[85.67653061582367,27.734426807032595],[85.67635792947355,27.73473433580204],[85.67620618994187,27.73511651192775],[85.67618324720587,27.735441295134013],[85.67616155161805,27.735479431646688],[85.67616067883205,27.73570737331843],[85.67618093864957,27.735976139786416],[85.6767375211265,27.736094295356644],[85.67725152474523,27.736191694331872],[85.67785174764279,27.736192877723262],[85.67853712836077,27.736312282280384],[85.67922269502262,27.73635266443663],[85.679651042195,27.736431245912332],[85.68025064062556,27.73658584915938],[85.6811065236212,27.736916752201154],[85.68162009090341,27.737052538515595],[85.68204818867149,27.737205454666164],[85.68341863683415,27.73751872344724],[85.68393301504975,27.73753935062172],[85.68461839543095,27.737618118197005],[85.68496195892548,27.73752433821567],[85.68519835785104,27.737352785906843],[85.68588535997183,27.73714490758545],[85.68631476774488,27.736975229361402],[85.68657204992375,27.73693702793239],[85.68674355086851,27.736938651925215],[85.68717202340346,27.737035177716972],[85.6876644576918,27.73716852493166],[85.68800745998134,27.737169522433017],[85.6882641805269,27.73728480484075],[85.68862700669395,27.73764703349729],[85.68873429646956,27.73766603819178],[85.68899164141332,27.73764821809416],[85.68950651914189,27.737515424955287],[85.68967808249913,27.737514798788148],[85.68993505352762,27.737553370123855],[85.69147712899198,27.737938033813318],[85.69250532360452,27.738071814760232],[85.69267688766344,27.738071188443957],[85.69310629532778,27.737957901370848],[85.6935995401133,27.737883563749502],[85.69394316544748,27.737731078810327],[85.69402875980694,27.73772964017411],[85.69471626229104,27.737426920860358],[85.69557426575022,27.73729274965449],[85.6968608046037,27.73721915530656],[85.69728989981094,27.73710580605031],[85.69754799466574,27.736970576960594],[85.69814883995157,27.736782141295695],[85.69874943668047,27.736668165947595],[85.69917896992776,27.736516492969994],[85.70046656863445,27.736192324969256],[85.70115282285165,27.73615587150541],[85.70166720089713,27.736174185244835],[85.70192435959241,27.736194689493484],[85.70239622031048,27.73608171486857],[85.70289065047487,27.735774933591113],[85.70314830768625,27.735680278765876],[85.70392040572551,27.73556792718851],[85.70417781274253,27.735568050311695],[85.70486425384374,27.73543456828011],[85.70512159890708,27.73541662271153],[85.70563628911138,27.73537854490539],[85.70617236331319,27.735360973048504],[85.70754399364996,27.73505781106653],[85.70795157993676,27.734829178161057],[85.70816634550464,27.73465968941355],[85.70859531495175,27.73446956764609],[85.7088310884867,27.734318333489963],[85.70947575873028,27.733746597846554],[85.71007541731588,27.733596424208645],[85.71033276144065,27.733501769230205],[85.71080480878359,27.733178983393678],[85.71106265155592,27.73293084627335],[85.71140577641566,27.73276023054166],[85.71174846609945,27.732684455515756],[85.71260453252516,27.732629182405095],[85.71303262881892,27.732648997694778],[85.7132034430987,27.73270701289323],[85.71346034964746,27.73267100064086],[85.71361071696082,27.73255502787053],[85.71369674797742,27.73244074384296],[85.71408525882961,27.73164094336827],[85.71412908412246,27.73133666568628],[85.71425819341299,27.731222756726385],[85.71460106932686,27.73105220324224],[85.71477319305134,27.730861959222487],[85.71505148367748,27.730785559285945],[85.71556480013395,27.730921157245167],[85.71565033118002,27.730901651157204],[85.71607942581078,27.730673205620235],[85.71650777040081,27.730559793855512],[85.71676523956837,27.730426752822954],[85.71710774066746,27.730332909459744],[85.71753671037568,27.730142787963917],[85.71762230483674,27.730143600478083],[85.71787952362702,27.730030877520967],[85.71873571644022,27.730013928566834],[85.71899206201188,27.730052437677184],[85.7196773144812,27.729959467400327],[85.71984900235282,27.729864000071395],[85.72027759712014,27.729730270310395],[85.72053475419413,27.72961754690526],[85.72124301161935,27.72910501625763],[85.72184323102101,27.728801359431547],[85.72210032546971,27.728745090730047],[85.72244270276143,27.72874596355624],[85.72278458071112,27.728898068451674],[85.72357550084571,27.729128754124478],[85.72571560553308,27.72904008641997],[85.72597295081891,27.728965749747648],[85.72623029449409,27.72881239064062],[85.72682970326984,27.728738926135584],[85.72802796087605,27.728779178442824],[85.72828461853071,27.728817688069075],[85.72879737293687,27.729030058741415],[85.72896874883713,27.729011301833598],[85.72956834484009,27.72884074717461],[85.72999644138639,27.728860499472514],[85.73050913329566,27.729052488893593],[85.73068038373512,27.729072118630224],[85.73153707534061,27.728903874381444]]]}},{"type":"Feature","properties":{"province":"Bagmati Province","district":"Sindhupalchok","municipality":"Chautara Sangachowkgadi Municipality","ward":"3","wardNumber":3,"sourceMunicipality":"Chautara SangachokGadhi","sourceType":"Nagarpalika"},"geometry":{"type":"Polygon","coordinates":[[[85.74037004652892,27.839765734369454],[85.74186482483177,27.837313698131243],[85.74194942149322,27.834572433774245],[85.74201393584246,27.830575499306303],[85.74019246634928,27.829114232988953],[85.73964966054632,27.827294283999876],[85.7388391309782,27.824792660201222],[85.73920976832329,27.82387458397402],[85.74124051240945,27.822364675242834],[85.741867923675,27.821443349328913],[85.74243744275239,27.818910030645323],[85.74318181073048,27.817273628018786],[85.74363042355772,27.81521280539524],[85.74399368641177,27.813838111357],[85.74456322665777,27.81331711921414],[85.7458026985107,27.812530752165813],[85.74771756591792,27.811821446782513],[85.74876441492425,27.811037494424763],[85.74730358230924,27.81002843715214],[85.7469845308232,27.80814859161021],[85.74626389223458,27.805246253548937],[85.74621727993751,27.802335378796883],[85.74616382146105,27.798996431473117],[85.746621917279,27.797534898578473],[85.74645461026424,27.79653142592711],[85.74536189544958,27.796819394742613],[85.74494405576036,27.79712705079101],[85.74489872743075,27.797160498649752],[85.7444605707626,27.79774104791063],[85.7441138182212,27.797852958307708],[85.74300184199112,27.797714238721746],[85.74282552629772,27.797737496991974],[85.7424180645058,27.79794143574037],[85.74223637716361,27.79837531449622],[85.74214184218823,27.79845796453697],[85.74180109196463,27.798542867071312],[85.74075182453143,27.798276047446397],[85.74022850550962,27.798269049867415],[85.73977127395614,27.79833032089062],[85.73945959992638,27.798672799136252],[85.7393674427168,27.79890668073693],[85.73960710219448,27.799698724027145],[85.73957496807513,27.799926353734975],[85.73931030811649,27.800068397482896],[85.73843579532122,27.79994530584179],[85.73799675593845,27.79977657295971],[85.73799762996748,27.799729183479705],[85.73800200461199,27.79946066752211],[85.7379187838709,27.799306435132983],[85.73740821748969,27.799069370014188],[85.73708553597822,27.79915214706177],[85.73667557313655,27.799328952367905],[85.73640559845778,27.799324265540335],[85.7361361212183,27.799118706806368],[85.73533651110043,27.799075262930476],[85.73497668903327,27.798972673592065],[85.73468758203336,27.799033256531718],[85.73441323037041,27.799030695001615],[85.7341100539536,27.798854208088418],[85.7338343228261,27.798449966490963],[85.73346374468215,27.798175764561368],[85.73294486455468,27.798141695703915],[85.73184089352036,27.79827149302949],[85.73178343436025,27.79827774554523],[85.73080745686893,27.79916470076151],[85.73017366196423,27.79948617570987],[85.73005436875754,27.799546006319733],[85.7298353506611,27.7996567911489],[85.7294149500437,27.800187824850283],[85.7291492917217,27.800417832572222],[85.7288906966996,27.800501234264786],[85.72788752333179,27.80164970468012],[85.72722434564699,27.802261952275714],[85.72611231625774,27.803005553855],[85.72543913589995,27.80373052298117],[85.72539493353851,27.803879066095764],[85.72542507331092,27.80426299193714],[85.72572012359754,27.804534256492392],[85.72583348073884,27.804797082790195],[85.72596334771742,27.805418889254444],[85.72650518540631,27.806538713682457],[85.72675978847296,27.80739865118028],[85.72692904226831,27.807711679678203],[85.72692641778667,27.807883167546972],[85.72683869928595,27.808033524988645],[85.72668995741702,27.808163064256107],[85.72529325319111,27.80828336070047],[85.72402046694673,27.808163335318575],[85.72354185054539,27.80801448297564],[85.72266339959982,27.808004112748336],[85.72261431860781,27.808003675175122],[85.72218691148129,27.80813959385096],[85.72153773664341,27.808467632735873],[85.72129577299125,27.808650438357468],[85.7211308398733,27.80888813456001],[85.72112584080011,27.809237924875514],[85.72128928242088,27.80974938607539],[85.72128447074773,27.810076607071704],[85.72114117069665,27.81039801528],[85.72108508895846,27.81052386500449],[85.72051144740624,27.81139418791698],[85.72030525122142,27.811879769614254],[85.72011650225402,27.8127152033612],[85.720040047515,27.8138542264017],[85.72009738947254,27.81464689629587],[85.72011177083854,27.81477568378117],[85.719989479122,27.815164986331357],[85.71976933826394,27.815490146181194],[85.71943271674523,27.815809743208412],[85.71880248740612,27.816250752652167],[85.7185040013137,27.816250254303796],[85.71783600366324,27.816277956136478],[85.71658073025377,27.816769547487823],[85.71546594476305,27.817050326510486],[85.71531288801575,27.817116597301798],[85.71513213504778,27.817272894462324],[85.71508687030912,27.81742368903147],[85.71526143783707,27.817687077666942],[85.71574562436724,27.81836639827659],[85.71597703089441,27.81922383596562],[85.71651211980301,27.820679883991613],[85.71673164204827,27.82102723421194],[85.71712941835199,27.821362642061963],[85.71759790698158,27.821567823581358],[85.71766924589942,27.821600082058414],[85.71787319772933,27.821689982070016],[85.71862128823057,27.821728549910507],[85.71927484096712,27.82154273996575],[85.71931279388443,27.82161082217092],[85.71934574374671,27.821669777343082],[85.71929291436189,27.821926602458262],[85.71883506364063,27.82254747591692],[85.71854039275354,27.822673390920464],[85.71843003933574,27.822721968170175],[85.71807684596433,27.822748041672845],[85.71731775776023,27.823352600137454],[85.71690136012006,27.823953592171474],[85.71631959182935,27.82496370585744],[85.71605806003649,27.825268234872155],[85.71582322417085,27.825403714480736],[85.71544414646527,27.825447542927805],[85.71524544906038,27.825585647055558],[85.71526233695661,27.826258345051222],[85.7152522086403,27.826337180014363],[85.71517818228337,27.826422268070875],[85.71499699194172,27.82656049795662],[85.71466199697764,27.827035827621586],[85.71450881821687,27.827298468327115],[85.71437201940265,27.827572487392175],[85.7143682117121,27.828145718585734],[85.71449651828648,27.82901797411786],[85.7147428012545,27.829394894515794],[85.71529275771825,27.829691164630358],[85.71558649448905,27.829890221352766],[85.7158514698419,27.830134165413195],[85.71672574523447,27.831428600844365],[85.71729277849862,27.832431328691296],[85.71745290175888,27.832579558384182],[85.71823338357693,27.833001988396337],[85.71910483842476,27.833648733973696],[85.71998811418621,27.834695034632865],[85.72104301579743,27.83566843631826],[85.7212556043263,27.83659339455848],[85.72151020541004,27.83720957270446],[85.72158967982361,27.838013745808816],[85.72252804493647,27.839622398377376],[85.72265290919702,27.840095286291966],[85.72268354808759,27.84040925308216],[85.72261390220615,27.840907337740244],[85.72213117444016,27.84221178722185],[85.72211985869215,27.84231325462814],[85.72242197104266,27.84231612820515],[85.7233059256397,27.842527307614237],[85.72350037340597,27.842533683319925],[85.72357208740853,27.842536558323506],[85.7243557547491,27.842663401538413],[85.72493315655574,27.84262582327386],[85.72532004886256,27.842543671134624],[85.72579366065106,27.842338107023508],[85.72712465107321,27.84205251275615],[85.7283621099177,27.84193971999153],[85.72977681579665,27.84129151802824],[85.730245113527,27.84116722791516],[85.73128799691258,27.84075697370644],[85.7317870544381,27.84047269905816],[85.73243816588965,27.839932534457486],[85.73342815326671,27.839506026641388],[85.73410421373762,27.83914660283605],[85.73447272337036,27.8389491667746],[85.73550917095785,27.838985731492148],[85.73693288911994,27.83917246242303],[85.7376488425811,27.83919933953351],[85.74037004652892,27.839765734369454]]]}}]}