{"type":"FeatureCollection","features":[{"type":"Feature","properties":{"province":"Gandaki Province","district":"Nawalpur","municipality":"Devachuli Municipality","ward":"9","wardNumber":9,"sourceMunicipality":"Devchuli","sourceType":"Nagarpalika"},"geometry":{"type":"Polygon","coordinates":[[[84.16236161435303,27.71775268802112],[84.16215047257451,27.717558818599382],[84.16155669010966,27.71714876112808],[84.1612837760996,27.716781152677857],[84.16122806791442,27.716645800389784],[84.16103649597552,27.716185540869493],[84.16023363539946,27.715448449903064],[84.16006588561353,27.71521613179764],[84.15988181670546,27.714679161252846],[84.15986556050595,27.71437219584193],[84.15989732139609,27.71376276716961],[84.16007669979243,27.713306632454728],[84.16051817511564,27.7125477221082],[84.16114165574054,27.71118138255909],[84.16127589247361,27.710858474908136],[84.16134666824784,27.710476925366407],[84.16168616807448,27.70941117391077],[84.16184166256029,27.709088204363496],[84.1619512033168,27.70895716605097],[84.16210232135681,27.708900586776434],[84.16249227828057,27.708676645050343],[84.16262357757307,27.708507220099225],[84.1629770826372,27.7079019175127],[84.16337222860686,27.707352943470912],[84.1635987497736,27.70663041798977],[84.16384277689187,27.70615609125195],[84.1639723247492,27.706099511416532],[84.16414382604442,27.706101575254078],[84.16433602205878,27.706162280189325],[84.16452496706971,27.706164343338873],[84.16465751630868,27.706166405584963],[84.1649585654646,27.706114140424226],[84.16521866169167,27.70596484624027],[84.16541554704304,27.70573890492669],[84.16582838800568,27.705420123339366],[84.16617776707787,27.70504276232789],[84.16656941172768,27.704703724499854],[84.16714162251414,27.703831780461478],[84.1672728590876,27.70368267422949],[84.16753783164773,27.70322641462755],[84.16775735013042,27.702923700927904],[84.16797574374094,27.702697696105385],[84.16870013590975,27.70169465155947],[84.169147677579,27.701874641241357],[84.16944503816461,27.70205031770429],[84.16980717169851,27.70218985871065],[84.16997848523512,27.70220992650928],[84.17040420589795,27.702408046770675],[84.17078597331292,27.702660370792604],[84.1714024520686,27.702993656091454],[84.17182848534634,27.703173645949512],[84.17284911355551,27.703702800293343],[84.17293445779184,27.70372299383617],[84.17310420897338,27.70384015297718],[84.1742958383485,27.704411945417764],[84.17474112908786,27.704722849037704],[84.17518779479322,27.704938974732],[84.17561445327009,27.705080640574856],[84.17655098804514,27.70551282906679],[84.17729388939256,27.705981341936408],[84.17744525836282,27.705908820266064],[84.17764495696393,27.70550914005182],[84.17773205120353,27.70543461775839],[84.17782052163867,27.705262880329503],[84.17821472962665,27.704772547656493],[84.17836959904587,27.704487963890557],[84.17854485142615,27.704280090942486],[84.17897694858803,27.704076342927323],[84.17910737219194,27.70398137764655],[84.17935014933614,27.703565754671757],[84.18013850292151,27.70258290263748],[84.18022728594116,27.7024112273125],[84.18079086921387,27.701593423726017],[84.17996881400992,27.701185929667645],[84.17964906960533,27.701066770293483],[84.17907454374021,27.700789876751305],[84.17862669077387,27.70063245558082],[84.17805210178746,27.700355562359494],[84.17726937340686,27.699713311652964],[84.17676030921248,27.69936414709515],[84.17637941790069,27.699053118797266],[84.17472480340258,27.697958298666148],[84.17421492708934,27.697665524844282],[84.17376682288047,27.69752385911418],[84.17325569537184,27.69730785802678],[84.17293576495481,27.69720670413519],[84.17191194755671,27.696867167511055],[84.17152761691915,27.696768389049918],[84.17095309127808,27.69649143260826],[84.16993365044075,27.695885505340744],[84.16974207921642,27.69580679540791],[84.16885106036082,27.69521874764846],[84.16821307416201,27.694905781108673],[84.1676400490568,27.694534109910958],[84.16732124308436,27.694358433888596],[84.16712935939351,27.694297791236092],[84.1667473427336,27.694063410187727],[84.16617256619077,27.693806834830454],[84.16585376021239,27.69362890820356],[84.16566331478373,27.69347336227596],[84.16528129822358,27.693239106244555],[84.16464249803397,27.692962275111853],[84.16452507966261,27.692885628178626],[84.16406947310657,27.69259279282462],[84.16323935227784,27.692216807957447],[84.16279362404904,27.691941977455464],[84.1626014285584,27.691901590629552],[84.16183426824068,27.691604566010554],[84.16113313296275,27.69121263919964],[84.16074967866822,27.6910550928699],[84.160301012182,27.690951812893175],[84.15976500101772,27.69094568645368],[84.15946689071252,27.69082640157522],[84.15868916512059,27.69115906229332],[84.15849496809793,27.691231521192417],[84.15821255050098,27.69145752599749],[84.15797208647948,27.69172191606681],[84.15738011815367,27.692496831625398],[84.15724763193697,27.692724961180005],[84.15713634043189,27.692950777496087],[84.15708638530533,27.693390970034923],[84.15701698503493,27.693675428747234],[84.15701435850319,27.69384922956133],[84.15703267799563,27.694020779863305],[84.15719661476452,27.69448103953856],[84.1575506840272,27.695117164495652],[84.15779815074956,27.695694708353564],[84.15817254033107,27.696387162203678],[84.15821274295884,27.69655864992238],[84.15826338787194,27.69736213582062],[84.15823256452116,27.697935492015482],[84.15810695588716,27.699023561471567],[84.15789844188622,27.699937955971233],[84.15788418768392,27.70079795826841],[84.15791732519591,27.701371189607308],[84.15799535449084,27.701829324296522],[84.15819918141052,27.702463259612095],[84.15827252169203,27.70321035456144],[84.15835173821489,27.70361203510118],[84.15855437722671,27.70430248763344],[84.15865316387939,27.70482151557034],[84.15866773192896,27.705221007470794],[84.1588112231924,27.705624814080963],[84.15889131626864,27.70597010301525],[84.15901417423298,27.70631526626107],[84.15920143137157,27.706662680967224],[84.15926482977214,27.706700942005767],[84.15980884461366,27.707530935374326],[84.15984198333905,27.708104228860822],[84.15972525219206,27.708677647987646],[84.15961514989706,27.70884707251483],[84.15935392771334,27.709073077008426],[84.15902924531115,27.709240501376943],[84.15875026651199,27.70925438042393],[84.15836299803078,27.709327027239834],[84.15797422891876,27.709492263610898],[84.15784524386088,27.709510456193495],[84.15739063813885,27.709752528079566],[84.15726134010934,27.709788788279692],[84.15700130603338,27.709938020476645],[84.15615211713866,27.710688366498207],[84.1554153438019,27.711138374196672],[84.15502713767145,27.71126516197827],[84.15474522156404,27.711452904093914],[84.15461592360306,27.711489102235333],[84.15442085119493,27.71160219893096],[84.15398487672947,27.712015758003876],[84.15383107031859,27.712241637131992],[84.15341547890183,27.712713838478827],[84.15280594125234,27.7132404312351],[84.15225698833656,27.714017534623125],[84.15199226501561,27.714473731773435],[84.1518576536474,27.7148147066844],[84.1516310700854,27.715559800812205],[84.15156123220761,27.715902964126432],[84.15130795143403,27.71664587078215],[84.15113301134899,27.717160709425755],[84.15062569974924,27.718014460367822],[84.15055661149036,27.718301169903828],[84.1504960902235,27.719391427494443],[84.15027288211982,27.71990401584986],[84.14986160625725,27.721450595686452],[84.14935329401257,27.72236080125263],[84.14928808196888,27.72241725542746],[84.14917591535713,27.72270408980112],[84.14905937291513,27.72327525787633],[84.149031425765,27.723677063336226],[84.14885311013653,27.724076743338752],[84.14873750464868,27.724593770821343],[84.14856037704602,27.72493474602332],[84.14841938799779,27.725679777691692],[84.14826176696444,27.72613584866795],[84.14825882875095,27.726309649793045],[84.14844521119905,27.726713518637464],[84.14844308545311,27.726828614897137],[84.14839856862548,27.72694152274527],[84.14816004326029,27.72709300523733],[84.14802605564678,27.727415912865595],[84.14795146585277,27.728045722720413],[84.1479065746738,27.728160881595077],[84.14780485051776,27.729136106298025],[84.14789976130317,27.72988301273314],[84.14795146877174,27.730648175400646],[84.14801267887931,27.730842232559443],[84.14813810063359,27.73103397636947],[84.1484137030109,27.73123003389843],[84.14854181311544,27.731250164195597],[84.14914209828862,27.731276608813097],[84.14941901370939,27.731375637674837],[84.14950498248183,27.73137782585001],[84.1496995550298,27.73128504905573],[84.14978514923565,27.731284985771065],[84.14997509469954,27.73147879314489],[84.15005687502455,27.731729304251683],[84.15016203966935,27.73184427513707],[84.15031084508239,27.731923111110977],[84.15043932983642,27.731943304238104],[84.15078358240233,27.73187297070504],[84.15095483353085,27.731893101622042],[84.15140131217849,27.732129608230732],[84.15144326476857,27.73218593713891],[84.15148490516755,27.73226489800958],[84.15141087907278,27.73285638463328],[84.15114521818296,27.73335096729797],[84.15114140433509,27.733578909288166],[84.15118254476474,27.733696256160435],[84.15156049784056,27.734178897765617],[84.1516417784579,27.734467670056468],[84.15165834760386,27.734754316730612],[84.15176088539694,27.735043088761465],[84.15211676748227,27.73556411698312],[84.15224375282436,27.7356813388439],[84.1524581441793,27.735683339336802],[84.15262789564534,27.735780242356704],[84.15269141857242,27.73583882278532],[84.15277288664919,27.736089271058795],[84.15289874570375,27.736262946658595],[84.15340849846213,27.736576101205653],[84.15339855737628,27.737187780770714],[84.15343938484243,27.73730287736283],[84.15345945541202,27.737399905186756],[84.15406174109721,27.7372728054509],[84.15472942570432,27.737109569313823],[84.15555016779163,27.736756527425253],[84.15576543543588,27.73672014185326],[84.15604360108198,27.736762716355575],[84.15647494842068,27.736615485699733],[84.15692930389226,27.736371225588393],[84.15706010187523,27.736240186970516],[84.15723279169772,27.736165477210477],[84.15745037199818,27.73597785983392],[84.15764525630037,27.73586482616978],[84.15799044734166,27.735753793253245],[84.15822809772226,27.73564294830548],[84.15911848983635,27.73496474868215],[84.15957372036138,27.734664097079683],[84.15998418554263,27.734498798614332],[84.1603711419015,27.734426088935493],[84.16067375302102,27.73427679524037],[84.16086776340903,27.734222404164264],[84.1615772761457,27.73411543406564],[84.16209428000629,27.73398845898708],[84.16230923490924,27.733954324338804],[84.16162641865344,27.73373394732517],[84.16154169990537,27.7336753671836],[84.16079379743094,27.733513757910302],[84.16062335885933,27.733434922599532],[84.1603024279358,27.733392410200054],[84.1601518087288,27.733408414777607],[84.15998112116809,27.733367966136385],[84.1598960890203,27.733309386250742],[84.15958153505058,27.732885449613438],[84.15907472065732,27.732400744717086],[84.1584826262941,27.73189584732268],[84.15839696937951,27.731875591205274],[84.1582487261569,27.731758432085797],[84.15758873165514,27.73146347052843],[84.15693048718276,27.731071543592705],[84.15661243098089,27.730837161894964],[84.1565492832078,27.730778519592384],[84.1564248612796,27.730510066598512],[84.1564097309185,27.73012639078402],[84.15652070885469,27.729898261598322],[84.15676217306593,27.729557098786497],[84.15707991460701,27.728489222090854],[84.15707878880228,27.72726592488582],[84.15717082196596,27.726884312300964],[84.15747918606223,27.726371598913136],[84.1576813232513,27.72581837406749],[84.15779142592703,27.72564669882688],[84.15807478085655,27.725364177356354],[84.15847474170471,27.72452636879947],[84.15884625372179,27.724092553593845],[84.15899830955134,27.723979519877293],[84.15930411045636,27.723638356909685],[84.15959152949874,27.723105325553266],[84.15966080476063,27.722800548297112],[84.15965086261993,27.72211215834945],[84.15972632742624,27.721423643165394],[84.1598398691071,27.721041969058064],[84.15991183346115,27.720583771294386],[84.16039669968643,27.7198066675958],[84.16048316911575,27.71975021390315],[84.16085568231736,27.719298330451355],[84.16146465727299,27.718789805471545],[84.16207850952712,27.71799682190145],[84.16229577752289,27.717847590500845],[84.16236161435303,27.71775268802112]]]}},{"type":"Feature","properties":{"province":"Gandaki Province","district":"Nawalpur","municipality":"Devachuli Municipality","ward":"6","wardNumber":6,"sourceMunicipality":"Devchuli","sourceType":"Nagarpalika"},"geometry":{"type":"Polygon","coordinates":[[[84.19593707019393,27.776291925245328],[84.19605204968012,27.77583354089294],[84.19632039851066,27.775149277127696],[84.19645663632745,27.774690891638013],[84.19656755193749,27.774462762693425],[84.19716389731559,27.773398761520134],[84.19749414405769,27.77288592285149],[84.19762519291524,27.772734565737984],[84.197869720669,27.772203785105138],[84.19798320021619,27.771822172215266],[84.19839910322312,27.771309209052557],[84.19888334525474,27.77055011070714],[84.19905978521471,27.77024739649234],[84.19932700867874,27.769637591587355],[84.19946681000569,27.768951140407236],[84.1994768122305,27.76833952248447],[84.1993810261063,27.767630939423043],[84.19942560484213,27.767536098831904],[84.19925597921994,27.767418939918333],[84.19902114253411,27.767340292444256],[84.19876442167354,27.767297780035552],[84.198442802934,27.76729371668046],[84.19809767457484,27.76742287986919],[84.19796856432963,27.767441135377705],[84.19777530508442,27.767439197656643],[84.19745543632538,27.76734029338581],[84.19705209815855,27.767067776132365],[84.19679887935155,27.766815389909453],[84.19632101364064,27.76587255048781],[84.19617270821396,27.76575545373277],[84.19589591836065,27.765636169192145],[84.19581194872126,27.765521198133666],[84.19586190508656,27.765083194092888],[84.19592842780885,27.76362957940475],[84.19626104861764,27.76164512063094],[84.19632913621443,27.761414803079994],[84.19637890308954,27.759656411563157],[84.19630318652527,27.759042605684503],[84.19631493968716,27.75832483302386],[84.19632438074436,27.757742473508177],[84.19624591362002,27.757282151645548],[84.19625466563599,27.756747243656786],[84.19605884149537,27.755596343291757],[84.19602714125237,27.754908016455264],[84.1959500496887,27.754370920937532],[84.19594367140768,27.75345452698628],[84.19586026583617,27.75329891891636],[84.1952500382419,27.75258427135065],[84.19491685125217,27.75196859050663],[84.19483463348614,27.751738460421805],[84.19481706364834,27.75150826800358],[84.19467557288507,27.750971298407407],[84.19462042719745,27.75043645385952],[84.19401620132423,27.749358324838422],[84.1937273432941,27.748665871512966],[84.1934410489817,27.747822123678528],[84.19342835651156,27.747287216531422],[84.19330731066437,27.746826893761952],[84.19314206107123,27.746443468793903],[84.19300207105559,27.74582972621245],[84.19275091518293,27.74546443181243],[84.19216082098448,27.744826494578447],[84.19180387493016,27.744362046000052],[84.19144486627003,27.74401494455033],[84.19083245077864,27.743433461294817],[84.19070627931752,27.743277915823636],[84.19019808999019,27.742870046388454],[84.18926668107514,27.742110698611622],[84.18875711726899,27.74177960256929],[84.18835534267991,27.74143031197428],[84.18780244946413,27.741135413759014],[84.18714458005984,27.740687157377184],[84.1869126814101,27.74043464586889],[84.1868517835605,27.74024290192948],[84.18687710470785,27.739994579026458],[84.18681927024886,27.739613217461258],[84.18679507329699,27.738466629978173],[84.18671691818655,27.73800624483764],[84.18650771562002,27.737679273797177],[84.18640423934637,27.737446956053848],[84.18619503627235,27.73713798992528],[84.185878668465,27.7368088940048],[84.1856490204612,27.736423218472375],[84.18546707726524,27.735732828425768],[84.18532346120409,27.735349278235457],[84.185093813276,27.73496366488196],[84.18501159462073,27.734733534597435],[84.18472054909539,27.734176433408816],[84.18415302488432,27.733479729867813],[84.18377338322557,27.73307398585356],[84.18350209477465,27.732611599894653],[84.18337598582937,27.73245605455417],[84.18319322954108,27.731842374151388],[84.18319066515546,27.730695724940652],[84.1831352061165,27.730158629064295],[84.18310625677628,27.72931900751769],[84.18315308521946,27.727790871226432],[84.18309506368732,27.72740725863165],[84.18306230035562,27.72679564101211],[84.18311263120984,27.72633738137871],[84.18291086788652,27.725570218253804],[84.18259625075939,27.72512596376038],[84.18247157970198,27.724895958695456],[84.18241236931436,27.72458905570806],[84.18243881652262,27.7242842783968],[84.1826937223633,27.723141880590212],[84.18261669311325,27.722604784727086],[84.18266958775865,27.721993042246677],[84.18287272470538,27.721385551727003],[84.18292074225343,27.721080774239446],[84.1830569174948,27.720624702583887],[84.18312906835232,27.72016637993913],[84.18324260946989,27.719784768097536],[84.18344199614245,27.719405344202354],[84.18363938092408,27.719140953446622],[84.18377436810057,27.718761592016307],[84.18401783353352,27.718305332667427],[84.18434420432291,27.718024999987662],[84.18445368255951,27.717891710540012],[84.18458985656167,27.717435576715754],[84.18483069557253,27.717150867495427],[84.18489878310749,27.71692286359659],[84.18491610218486,27.716647406956692],[84.18492779425117,27.716464541227197],[84.18503870931549,27.716236473923068],[84.18516944575212,27.716125691087026],[84.18598887394369,27.715869490155615],[84.18641753297902,27.71587567901985],[84.186589971933,27.715839355373618],[84.18676459928793,27.715649487703203],[84.18633881602027,27.71545374241365],[84.18623277624785,27.715374844361726],[84.1859770561797,27.715275878150774],[84.1856351794238,27.715195105190904],[84.18527204549663,27.715114331281274],[84.1850352076477,27.71514852932976],[84.18481950214039,27.715241369025986],[84.18440709943744,27.71552176472925],[84.18406265956297,27.715592222700803],[84.18395405650926,27.71568718846407],[84.18386558718491,27.715838482778942],[84.18352077152124,27.71592925937891],[84.18321822206643,27.716078616608772],[84.18267552127273,27.716472107874136],[84.18232926750662,27.716646346193208],[84.18229150384965,27.71664640916702],[84.18181295188307,27.71674637641669],[84.18129776011394,27.7167583178868],[84.18097451588345,27.716849032468787],[84.18069353659412,27.716978070477854],[84.18034872168859,27.717068785011826],[84.18000278083029,27.717236271935835],[84.17948533910815,27.71740175857893],[84.17905174073768,27.717682216694705],[84.17892069287774,27.717813254946506],[84.17798047000636,27.718888883904274],[84.17758851217934,27.719227984478522],[84.17754374624221,27.719361210672485],[84.17730203119824,27.71970231096945],[84.1770403095083,27.71996676431167],[84.17654375073785,27.72015019400076],[84.17635067958858,27.720148193289205],[84.17596678680263,27.720008839739155],[84.17530829224418,27.719616850005412],[84.17492264864171,27.71959253107655],[84.17477128094671,27.719667240220772],[84.17464079514983,27.719780273638886],[84.17425290095665,27.719889056068887],[84.17384168596014,27.720092741799437],[84.1735149401662,27.720393329961798],[84.17342678248761,27.720544686689557],[84.1734040243246,27.720621397023567],[84.17284806831445,27.720518366867065],[84.17242253515984,27.720302178754707],[84.17235901178867,27.72024359913214],[84.17229761387945,27.720072111322615],[84.17232205959122,27.7198983105236],[84.172238466102,27.719765209002617],[84.17209016169056,27.7196480492293],[84.17172496370785,27.719680121754216],[84.17138333688722,27.71958121849183],[84.17064068514601,27.71909238776522],[84.17049300614522,27.7189570981224],[84.17013187163589,27.71874090920123],[84.16893986636833,27.718189373585567],[84.1683425193553,27.717989252648877],[84.16746769470846,27.7177104216319],[84.16725392788047,27.717667783797232],[84.16614170276569,27.717461474278156],[84.16526337760664,27.717392579799398],[84.16474612309256,27.717537685397364],[84.1645964429194,27.71751530368331],[84.16452510309128,27.71752211854401],[84.16347902778688,27.7176339642465],[84.16236161435303,27.71775268802112],[84.16229577752289,27.717847590500845],[84.16207850952712,27.71799682190145],[84.16146465727299,27.718789805471545],[84.16085568231736,27.719298330451355],[84.16048316911575,27.71975021390315],[84.16039669968643,27.7198066675958],[84.15991183346115,27.720583771294386],[84.1598398691071,27.721041969058064],[84.15972632742624,27.721423643165394],[84.15965086261993,27.72211215834945],[84.15966080476063,27.722800548297112],[84.15959152949874,27.723105325553266],[84.15930411045636,27.723638356909685],[84.15899830955134,27.723979519877293],[84.15884625372179,27.724092553593845],[84.15847474170471,27.72452636879947],[84.15807478085655,27.725364177356354],[84.15779142592703,27.72564669882688],[84.1576813232513,27.72581837406749],[84.15747918606223,27.726371598913136],[84.15717082196596,27.726884312300964],[84.15707878880228,27.72726592488582],[84.15707991460701,27.728489222090854],[84.15676217306593,27.729557098786497],[84.15652070885469,27.729898261598322],[84.1564097309185,27.73012639078402],[84.1564248612796,27.730510066598512],[84.1565492832078,27.730778519592384],[84.15661243098089,27.730837161894964],[84.15693048718276,27.731071543592705],[84.15758873165514,27.73146347052843],[84.1582487261569,27.731758432085797],[84.15839696937951,27.731875591205274],[84.1584826262941,27.73189584732268],[84.15907472065732,27.732400744717086],[84.15958153505058,27.732885449613438],[84.1598960890203,27.733309386250742],[84.15998112116809,27.733367966136385],[84.1601518087288,27.733408414777607],[84.1603024279358,27.733392410200054],[84.16062335885933,27.733434922599532],[84.16079379743094,27.733513757910302],[84.16154169990537,27.7336753671836],[84.16162641865344,27.73373394732517],[84.16230923490924,27.733954324338804],[84.16209428000629,27.73398845898708],[84.1615772761457,27.73411543406564],[84.16086776340903,27.734222404164264],[84.16067375302102,27.73427679524037],[84.1603711419015,27.734426088935493],[84.15998418554263,27.734498798614332],[84.15957372036138,27.734664097079683],[84.15911848983635,27.73496474868215],[84.15822809772226,27.73564294830548],[84.15799044734166,27.735753793253245],[84.15764525630037,27.73586482616978],[84.15745037199818,27.73597785983392],[84.15723279169772,27.736165477210477],[84.15706010187523,27.736240186970516],[84.15692930389226,27.736371225588393],[84.15647494842068,27.736615485699733],[84.15604360108198,27.736762716355575],[84.15576543543588,27.73672014185326],[84.15555016779163,27.736756527425253],[84.15472942570432,27.737109569313823],[84.15406174109721,27.7372728054509],[84.15345945541202,27.737399905186756],[84.15349609391431,27.737763262605824],[84.15346902193006,27.738106363239158],[84.15340287234567,27.73822152236266],[84.15339993379115,27.73839307248157],[84.15344101134467,27.73850816877082],[84.1536725979286,27.738778747917248],[84.15394757513833,27.739013191903133],[84.15420273257932,27.739150607363115],[84.15432884229742,27.73930390227809],[84.15434772423902,27.73945738434995],[84.15421461219103,27.73972383792064],[84.15420529669073,27.740299444301705],[84.15413802245364,27.740468807277864],[84.15413245815765,27.740814095567057],[84.1541939178652,27.740987896773937],[84.1542722601299,27.741448219967403],[84.15437711152333,27.741583572220573],[84.1545469251703,27.741700731623517],[84.15469316706242,27.741930798354808],[84.15481983885313,27.7420480207784],[84.15511807462327,27.742167305209282],[84.15554573404131,27.74224807873138],[84.15569453921458,27.74232691416188],[84.1557361792623,27.742403624633525],[84.15581864799938,27.742615623890508],[84.15585297368246,27.74313252610016],[84.1559928382755,27.743766587047553],[84.15593112884677,27.744913362298494],[84.15599308914614,27.745048651215388],[84.15611982445672,27.745183878624402],[84.15637466921032,27.745321293875055],[84.15650171613167,27.745438516060144],[84.15658412174223,27.74563025953174],[84.15658237174252,27.7457454183481],[84.15647082976824,27.746011871666997],[84.15633065389315,27.7466981989276],[84.15619641702601,27.747041424213542],[84.15602016441473,27.747326008078684],[84.15543057145706,27.74796994812243],[84.154814718855,27.74888027858127],[84.154683670353,27.74903157317422],[84.15444476887008,27.749219253424243],[84.15429127508317,27.749409059459484],[84.15423419184924,27.750289380793607],[84.15424901059907,27.7506910606011],[84.15420324365932,27.750862736507912],[84.15396290410612,27.75112706437668],[84.15376451876892,27.751450034732397],[84.15319555822764,27.75213236038273],[84.15315072864277,27.752245268814665],[84.1532550177447,27.75243926286208],[84.15334004964637,27.75247752454485],[84.1535934565839,27.752709716862995],[84.1540825752763,27.752984547462653],[84.1542955291018,27.753063320765758],[84.15457432014551,27.75306750932095],[84.15465941458798,27.753126088591685],[84.15474300856602,27.75326144093895],[84.15492763969746,27.75376227560536],[84.15509457729564,27.754050985567655],[84.15526351436169,27.754206530977452],[84.15554030502744,27.75434388371803],[84.15585842352183,27.754557946543645],[84.15658263022233,27.754873163348233],[84.15670961434819,27.754970066750072],[84.15675125511089,27.755049027545912],[84.1567026121905,27.755410258335733],[84.156589570452,27.755753359033836],[84.15662077049284,27.756462130271295],[84.1568252847371,27.757078060706377],[84.15722499540094,27.757560640020404],[84.1578402243221,27.75797069729229],[84.1579666461759,27.75810598717092],[84.15804755180085,27.758324801937537],[84.15815165353449,27.7586068220976],[84.15831921565389,27.75885720787514],[84.15838067586117,27.759030883934543],[84.15847739997353,27.75968307573088],[84.15838474053946,27.760082692658862],[84.158209988349,27.760290566235547],[84.15807737695361,27.760518696564272],[84.15761914551939,27.760990960792636],[84.1575524326537,27.761144505612123],[84.15851354017262,27.7613848876374],[84.15868485335605,27.761407269400856],[84.15938898999786,27.761645714034056],[84.15962207658531,27.76182151542435],[84.16055929969744,27.762235699073276],[84.1613228961595,27.762760727672216],[84.16193506140822,27.7633626543715],[84.162507836782,27.76375245573229],[84.16276305665836,27.76388987088122],[84.1643025038509,27.764215215352216],[84.16452502387816,27.764294050548347],[84.16464369294084,27.764334437751383],[84.16475029497315,27.764374949568857],[84.16526017222589,27.764688103662838],[84.16617294921544,27.765273837284706],[84.16663799681879,27.765681769582564],[84.16826047447648,27.766140215929184],[84.16885694567986,27.766396790696838],[84.1693696988538,27.7665180758965],[84.1704774228463,27.76699065121383],[84.17141558372964,27.767328062326065],[84.17164954630631,27.767445159274054],[84.17184099208072,27.767541936753265],[84.17201086781785,27.76765909658517],[84.17217930518952,27.767853028344327],[84.17240951612766,27.768200317803885],[84.17255288208898,27.768604186604673],[84.17261265468362,27.768890707754448],[84.1726097787181,27.76906450903975],[84.17251543185044,27.76957934832819],[84.17252456128168,27.77032412932753],[84.1725814577132,27.770784451658383],[84.1727259487893,27.77112955374454],[84.17300017597385,27.771402383291473],[84.17333561361829,27.771884962681906],[84.17394815470196,27.772466570311778],[84.1740963966939,27.772563411341004],[84.17439306921523,27.772795416414567],[84.1749443994971,27.773185280390646],[84.17538875271106,27.77355488896693],[84.17581534871563,27.773712310133604],[84.17615447455476,27.77394662845144],[84.17624019397485,27.773966821790125],[84.17649485091391,27.774122242589065],[84.17708788384772,27.77458869143477],[84.1773434169796,27.774707976074307],[84.1781120770351,27.77492591414839],[84.17939736707572,27.77503707125927],[84.17973880665788,27.775138226026726],[84.17986354044501,27.775388611425946],[84.17986153945586,27.775503708002482],[84.17977094419696,27.775788228852583],[84.17978882565109,27.776018422071147],[84.17991356022802,27.77624848899494],[84.18008281034035,27.776403909956645],[84.18044475790327,27.776561518412347],[84.18104266701755,27.776723252580624],[84.1815537945839,27.77695732123976],[84.18172454547279,27.777018026752778],[84.18198501733306,27.776830346271083],[84.18235409107173,27.77654769968158],[84.18304634766723,27.776210475226904],[84.18382044796215,27.77608756326515],[84.18399326117783,27.776012791313963],[84.18447218931465,27.775596856604583],[84.18490391113004,27.77543149488287],[84.18533138316474,27.775512205458636],[84.1854161643648,27.775570785789444],[84.18550213386823,27.775572910833063],[84.18584307326677,27.775710138546415],[84.18607703454917,27.775827172905533],[84.1863737077025,27.776061491295486],[84.1866289905858,27.77617852541577],[84.18688539756849,27.77623910571586],[84.18705702428515,27.776241168572458],[84.18740283947832,27.776091686541495],[84.1876851322984,27.775885938420693],[84.18785788365548,27.77581116624573],[84.18809672153964,27.77562354824443],[84.18826984880327,27.77554877684251],[84.18878666529515,27.77542167625846],[84.18913048033744,27.775387353387874],[84.1900771444008,27.775207737330412],[84.19110477579581,27.775334961410184],[84.19213040630515,27.77557503099179],[84.19255875355542,27.775619543019697],[84.1930736319333,27.77562567010628],[84.19350047768127,27.775744642058683],[84.19427320206748,27.775716445442455],[84.19461501660263,27.7758175375869],[84.19510513654684,27.776013218956084],[84.19561826449468,27.77611624885328],[84.19593707019393,27.776291925245328]]]}},{"type":"Feature","properties":{"province":"Gandaki Province","district":"Nawalpur","municipality":"Devachuli Municipality","ward":"7","wardNumber":7,"sourceMunicipality":"Devchuli","sourceType":"Nagarpalika"},"geometry":{"type":"Polygon","coordinates":[[[84.18676459928793,27.715649487703203],[84.18706833674801,27.715443676937728],[84.18754695101777,27.715029991926265],[84.18765642921461,27.71489889112254],[84.18778891509645,27.71467076130881],[84.1878759476574,27.71459617683882],[84.188207195172,27.71402694707359],[84.1883850726882,27.713647522855258],[84.18853875484766,27.713419267410924],[84.18856401344823,27.713191263745156],[84.18865479706689,27.712886486439512],[84.18870537739352,27.712428164034858],[84.18884036527483,27.712048801906104],[84.18895759572354,27.711439248043515],[84.18898804355005,27.71090421573888],[84.18895121697145,27.710520603430858],[84.18878978122135,27.70990686021095],[84.18861333988828,27.70891175566858],[84.18826277085375,27.70804775183508],[84.18790882666795,27.707411689988668],[84.18727590417792,27.70677156538613],[84.18657720650694,27.706226280486014],[84.18615486234413,27.70582059932583],[84.18581698694123,27.705491502729778],[84.18575408862917,27.70541260516512],[84.18530936082308,27.70506331474181],[84.18505426573311,27.704926025257095],[84.18494910185458,27.704808740288126],[84.18454920301981,27.704344353981316],[84.18332105869386,27.703391262586038],[84.1823668915218,27.7027086253901],[84.18192341453202,27.70230288153547],[84.1815407725634,27.702086755759527],[84.18135032685787,27.701931273247247],[84.18088352803471,27.701638437370455],[84.18079086921387,27.701593423726017],[84.18022728594116,27.7024112273125],[84.18013850292151,27.70258290263748],[84.17935014933614,27.703565754671757],[84.17910737219194,27.70398137764655],[84.17897694858803,27.704076342927323],[84.17854485142615,27.704280090942486],[84.17836959904587,27.704487963890557],[84.17821472962665,27.704772547656493],[84.17782052163867,27.705262880329503],[84.17773205120353,27.70543461775839],[84.17764495696393,27.70550914005182],[84.17744525836282,27.705908820266064],[84.17729388939256,27.705981341936408],[84.17665659120775,27.70690980251203],[84.17643500967506,27.707327675682198],[84.17630371136525,27.70747684474366],[84.17562183476396,27.70850014608475],[84.17555462274109,27.708671821354155],[84.17540094058063,27.70889769985952],[84.17520030361851,27.709353897075072],[84.17482766648735,27.709826098491362],[84.17476151682268,27.709941319626523],[84.17471643811973,27.71007229558523],[84.17529102617556,27.710349189479214],[84.17567429376457,27.710506672490656],[84.17592907545014,27.71066440647496],[84.17707944007944,27.711139107869407],[84.17737680096904,27.711314784092366],[84.17784366214316,27.71162793804042],[84.17809500570476,27.7119932325846],[84.17811401237581,27.712146715371645],[84.17756230915964,27.71307511393205],[84.17751541630527,27.713303118481157],[84.17733641298841,27.71375931479372],[84.17689531253295,27.714479902272306],[84.17635367492066,27.714796557799914],[84.17572387951797,27.71526688438487],[84.17522619482016,27.71552708626105],[84.17485524501247,27.715902258979597],[84.17465692178509,27.716225292040804],[84.17458970957108,27.71639690437683],[84.1744802942677,27.716527943336168],[84.17431617151597,27.716645540871987],[84.17408939977862,27.716810589485775],[84.1737874758529,27.716919308966293],[84.17339664311112,27.71720195488179],[84.17330811039342,27.71735331207086],[84.17312448070703,27.7180757744008],[84.17285456887097,27.718836810443822],[84.17243872773925,27.719327080381166],[84.17209016169056,27.7196480492293],[84.172238466102,27.719765209002617],[84.17232205959122,27.7198983105236],[84.17229761387945,27.720072111322615],[84.17235901178867,27.72024359913214],[84.17242253515984,27.720302178754707],[84.17284806831445,27.720518366867065],[84.1734040243246,27.720621397023567],[84.17342678248761,27.720544686689557],[84.1735149401662,27.720393329961798],[84.17384168596014,27.720092741799437],[84.17425290095665,27.719889056068887],[84.17464079514983,27.719780273638886],[84.17477128094671,27.719667240220772],[84.17492264864171,27.71959253107655],[84.17530829224418,27.719616850005412],[84.17596678680263,27.720008839739155],[84.17635067958858,27.720148193289205],[84.17654375073785,27.72015019400076],[84.1770403095083,27.71996676431167],[84.17730203119824,27.71970231096945],[84.17754374624221,27.719361210672485],[84.17758851217934,27.719227984478522],[84.17798047000636,27.718888883904274],[84.17892069287774,27.717813254946506],[84.17905174073768,27.717682216694705],[84.17948533910815,27.71740175857893],[84.18000278083029,27.717236271935835],[84.18034872168859,27.717068785011826],[84.18069353659412,27.716978070477854],[84.18097451588345,27.716849032468787],[84.18129776011394,27.7167583178868],[84.18181295188307,27.71674637641669],[84.18229150384965,27.71664640916702],[84.18232926750662,27.716646346193208],[84.18267552127273,27.716472107874136],[84.18321822206643,27.716078616608772],[84.18352077152124,27.71592925937891],[84.18386558718491,27.715838482778942],[84.18395405650926,27.71568718846407],[84.18406265956297,27.715592222700803],[84.18440709943744,27.71552176472925],[84.18481950214039,27.715241369025986],[84.1850352076477,27.71514852932976],[84.18527204549663,27.715114331281274],[84.1856351794238,27.715195105190904],[84.1859770561797,27.715275878150774],[84.18623277624785,27.715374844361726],[84.18633881602027,27.71545374241365],[84.18676459928793,27.715649487703203]]]}},{"type":"Feature","properties":{"province":"Gandaki Province","district":"Nawalpur","municipality":"Devachuli Municipality","ward":"8","wardNumber":8,"sourceMunicipality":"Devchuli","sourceType":"Nagarpalika"},"geometry":{"type":"Polygon","coordinates":[[[84.17209016169056,27.7196480492293],[84.17243872773925,27.719327080381166],[84.17285456887097,27.718836810443822],[84.17312448070703,27.7180757744008],[84.17330811039342,27.71735331207086],[84.17339664311112,27.71720195488179],[84.1737874758529,27.716919308966293],[84.17408939977862,27.716810589485775],[84.17431617151597,27.716645540871987],[84.1744802942677,27.716527943336168],[84.17458970957108,27.71639690437683],[84.17465692178509,27.716225292040804],[84.17485524501247,27.715902258979597],[84.17522619482016,27.71552708626105],[84.17572387951797,27.71526688438487],[84.17635367492066,27.714796557799914],[84.17689531253295,27.714479902272306],[84.17733641298841,27.71375931479372],[84.17751541630527,27.713303118481157],[84.17756230915964,27.71307511393205],[84.17811401237581,27.712146715371645],[84.17809500570476,27.7119932325846],[84.17784366214316,27.71162793804042],[84.17737680096904,27.711314784092366],[84.17707944007944,27.711139107869407],[84.17592907545014,27.71066440647496],[84.17567429376457,27.710506672490656],[84.17529102617556,27.710349189479214],[84.17471643811973,27.71007229558523],[84.17476151682268,27.709941319626523],[84.17482766648735,27.709826098491362],[84.17520030361851,27.709353897075072],[84.17540094058063,27.70889769985952],[84.17555462274109,27.708671821354155],[84.17562183476396,27.70850014608475],[84.17630371136525,27.70747684474366],[84.17643500967506,27.707327675682198],[84.17665659120775,27.70690980251203],[84.17729388939256,27.705981341936408],[84.17655098804514,27.70551282906679],[84.17561445327009,27.705080640574856],[84.17518779479322,27.704938974732],[84.17474112908786,27.704722849037704],[84.1742958383485,27.704411945417764],[84.17310420897338,27.70384015297718],[84.17293445779184,27.70372299383617],[84.17284911355551,27.703702800293343],[84.17182848534634,27.703173645949512],[84.1714024520686,27.702993656091454],[84.17078597331292,27.702660370792604],[84.17040420589795,27.702408046770675],[84.16997848523512,27.70220992650928],[84.16980717169851,27.70218985871065],[84.16944503816461,27.70205031770429],[84.169147677579,27.701874641241357],[84.16870013590975,27.70169465155947],[84.16797574374094,27.702697696105385],[84.16775735013042,27.702923700927904],[84.16753783164773,27.70322641462755],[84.1672728590876,27.70368267422949],[84.16714162251414,27.703831780461478],[84.16656941172768,27.704703724499854],[84.16617776707787,27.70504276232789],[84.16582838800568,27.705420123339366],[84.16541554704304,27.70573890492669],[84.16521866169167,27.70596484624027],[84.1649585654646,27.706114140424226],[84.16465751630868,27.706166405584963],[84.16452496706971,27.706164343338873],[84.16433602205878,27.706162280189325],[84.16414382604442,27.706101575254078],[84.1639723247492,27.706099511416532],[84.16384277689187,27.70615609125195],[84.1635987497736,27.70663041798977],[84.16337222860686,27.707352943470912],[84.1629770826372,27.7079019175127],[84.16262357757307,27.708507220099225],[84.16249227828057,27.708676645050343],[84.16210232135681,27.708900586776434],[84.1619512033168,27.70895716605097],[84.16184166256029,27.709088204363496],[84.16168616807448,27.70941117391077],[84.16134666824784,27.710476925366407],[84.16127589247361,27.710858474908136],[84.16114165574054,27.71118138255909],[84.16051817511564,27.7125477221082],[84.16007669979243,27.713306632454728],[84.15989732139609,27.71376276716961],[84.15986556050595,27.71437219584193],[84.15988181670546,27.714679161252846],[84.16006588561353,27.71521613179764],[84.16023363539946,27.715448449903064],[84.16103649597552,27.716185540869493],[84.16122806791442,27.716645800389784],[84.1612837760996,27.716781152677857],[84.16155669010966,27.71714876112808],[84.16215047257451,27.717558818599382],[84.16236161435303,27.71775268802112],[84.16347902778688,27.7176339642465],[84.16452510309128,27.71752211854401],[84.1645964429194,27.71751530368331],[84.16474612309256,27.717537685397364],[84.16526337760664,27.717392579799398],[84.16614170276569,27.717461474278156],[84.16725392788047,27.717667783797232],[84.16746769470846,27.7177104216319],[84.1683425193553,27.717989252648877],[84.16893986636833,27.718189373585567],[84.17013187163589,27.71874090920123],[84.17049300614522,27.7189570981224],[84.17064068514601,27.71909238776522],[84.17138333688722,27.71958121849183],[84.17172496370785,27.719680121754216],[84.17209016169056,27.7196480492293]]]}},{"type":"Feature","properties":{"province":"Gandaki Province","district":"Nawalpur","municipality":"Devachuli Municipality","ward":"1","wardNumber":1,"sourceMunicipality":"Devchuli","sourceType":"Nagarpalika"},"geometry":{"type":"Polygon","coordinates":[[[84.22325377315701,27.68100001950981],[84.22337438001037,27.68091630776804],[84.22363316320302,27.680536695501022],[84.2236442290577,27.680195845235087],[84.22323851610238,27.67971570485104],[84.22281285810314,27.679576476663154],[84.2212208306101,27.68019072137135],[84.22109159518835,27.680206725975214],[84.22083868875592,27.680067248425555],[84.22073952753351,27.679925206396028],[84.2206883201093,27.67968601089037],[84.2206433657727,27.679081146398794],[84.22096504654635,27.67829516506053],[84.22124783817229,27.67785234688077],[84.22129472995195,27.677412092799603],[84.22121088600994,27.67716395674395],[84.2210737094665,27.677035544212938],[84.22076922181371,27.676905068809106],[84.22009409655648,27.676888127226594],[84.21947943145841,27.67699290818515],[84.2190961015713,27.67690550832989],[84.21881105884012,27.6766960721479],[84.21864768504264,27.67631489804981],[84.21872815193349,27.67580462295082],[84.21871827220203,27.67513430080457],[84.21858678530612,27.67496743960617],[84.21844466970478,27.674787136402045],[84.21807028146392,27.67458007629813],[84.21735576634119,27.674346445485206],[84.21707716282656,27.67433788069011],[84.21663131007766,27.674194088686047],[84.21654902973683,27.674085932437315],[84.21649038233909,27.673627797334255],[84.21657835206773,27.673419986445364],[84.21696999601345,27.672873138051287],[84.2174979414692,27.67233510462778],[84.21769051161213,27.671696040879375],[84.21753414029034,27.67114331676951],[84.2174521727082,27.67102603177648],[84.21708403566045,27.670796402083432],[84.21671983815594,27.670262058171865],[84.2165243894729,27.669682262906534],[84.2165043814677,27.669355042326846],[84.21661385990407,27.669088526438305],[84.21693816683397,27.668674904246384],[84.21741602966148,27.667225103017298],[84.2169735524026,27.66716033404114],[84.21663061318608,27.667174463859837],[84.21611742332942,27.667112070839504],[84.21551888902935,27.667011417126243],[84.21543391928591,27.66697315588953],[84.21449307110784,27.666850495136238],[84.2126948418972,27.666774287268787],[84.21192274360621,27.66686356452245],[84.21123448812128,27.667085817700396],[84.21097720591327,27.667102009972847],[84.21080526695123,27.66715640122371],[84.2106337662994,27.66715446354006],[84.21037623348495,27.667208980257644],[84.20984703680466,27.667203041199382],[84.20934816486817,27.66719929020192],[84.2073568641106,27.66740997952095],[84.20620718920475,27.667966956416215],[84.20550461632332,27.668308870359784],[84.2054907366348,27.668313372016083],[84.20536475310506,27.668891416880168],[84.20566686745472,27.670477695011737],[84.20562366351915,27.670753151324966],[84.20540920998114,27.670970152709895],[84.20523733304043,27.671067431460195],[84.20458615516623,27.671305439388988],[84.20398055581408,27.671468863186607],[84.20320301733186,27.67158058377782],[84.20257441014367,27.671841098438744],[84.20218126431584,27.672060600540814],[84.20171615595959,27.672645898551067],[84.20111905972662,27.672980810299162],[84.20100420511798,27.673260892614966],[84.20096719196769,27.673651444711663],[84.20181013069632,27.67496608001214],[84.20215050760204,27.67549829876502],[84.20219739995456,27.67580288869098],[84.20202033491884,27.67636517835481],[84.2019999538274,27.676997239511024],[84.20182138745729,27.67743318063489],[84.20156923296004,27.67836114096007],[84.20097188862458,27.67996236219357],[84.20104291499814,27.679964487162394],[84.20234946148234,27.68035978991186],[84.20329968911516,27.680735336625496],[84.20468707918786,27.68146686331151],[84.20471440260728,27.68148036707267],[84.20594285790108,27.681986389436037],[84.20620733135395,27.682062724214948],[84.20626441487296,27.68207841655029],[84.20635844939255,27.682157314168673],[84.21061209087058,27.68393170686968],[84.2110441261479,27.68409131558237],[84.21119862078035,27.68385630869097],[84.21148904127068,27.683562409485752],[84.21157707296967,27.683347846775007],[84.21117429815531,27.682899340363065],[84.2110017339633,27.682495596802013],[84.2109133878154,27.682227080600008],[84.21150629607229,27.68232779664845],[84.2121870474481,27.682143867181438],[84.21297677824643,27.68224420812728],[84.21365590513919,27.682211572710884],[84.21408518880543,27.68228540731576],[84.21519547575112,27.68213467402793],[84.21604685293461,27.682137861484346],[84.21674354856526,27.68201713822218],[84.21741285993261,27.68196868558784],[84.21909660908177,27.68203595381409],[84.21959279226007,27.682123228888017],[84.2200213266404,27.68213379351767],[84.22096723946547,27.6818794678721],[84.22194916459199,27.681415205523226],[84.22325377315701,27.68100001950981]]]}},{"type":"Feature","properties":{"province":"Gandaki Province","district":"Nawalpur","municipality":"Devachuli Municipality","ward":"3","wardNumber":3,"sourceMunicipality":"Devchuli","sourceType":"Nagarpalika"},"geometry":{"type":"Polygon","coordinates":[[[84.20779143016587,27.691675672653428],[84.20786626932141,27.691027794659465],[84.2079567397914,27.690740960350414],[84.2082475341552,27.690000179699577],[84.2084694915802,27.689543920519768],[84.20860610418576,27.68906978082595],[84.20865468409248,27.688916173720546],[84.20923877454236,27.688213341377214],[84.20981373748796,27.688058920380723],[84.21006720684554,27.687844107245933],[84.2101737451745,27.68753251501052],[84.21002650251329,27.68662762482197],[84.21011941173694,27.686300153369487],[84.21096053497585,27.68528091565278],[84.21113334857728,27.684994018270654],[84.21118142805355,27.68461021764826],[84.2110441261479,27.68409131558237],[84.21061209087058,27.68393170686968],[84.20635844939255,27.682157314168673],[84.20626441487296,27.68207841655029],[84.20620733135395,27.682062724214948],[84.20594285790108,27.681986389436037],[84.20471440260728,27.68148036707267],[84.20468707918786,27.68146686331151],[84.20329968911516,27.680735336625496],[84.20234946148234,27.68035978991186],[84.20104291499814,27.679964487162394],[84.20097188862458,27.67996236219357],[84.20095832037788,27.679998497028237],[84.20035090908287,27.68076228539176],[84.20015715031832,27.681378778627554],[84.2003337169028,27.68208723676038],[84.20064320666218,27.68252917898207],[84.20201271536288,27.683172742239158],[84.20242242964525,27.6834812691825],[84.20277981286401,27.683914146067547],[84.20299095428197,27.68442617216101],[84.20303840944662,27.684737638468704],[84.2029276196064,27.68531337045508],[84.20262894730986,27.685778756717973],[84.2020104679273,27.68638687348738],[84.20178719820646,27.686852135883317],[84.2015901883128,27.68726325688744],[84.20153485624233,27.687850178978827],[84.20158493782517,27.688179650924923],[84.20159156571829,27.688222538278126],[84.20182909177448,27.688915116807127],[84.20185147539199,27.689032464231104],[84.20214227060367,27.689609820529693],[84.20218241136357,27.689763241229187],[84.20227600973358,27.690605050925143],[84.20372979877527,27.690873752983524],[84.20501046141834,27.691255552296045],[84.20554190836319,27.69153013161678],[84.20598638624139,27.691899615311996],[84.20605216061384,27.691804711853298],[84.20609580197188,27.691766263404038],[84.2061636390707,27.691558515080757],[84.20620721813026,27.691506561870266],[84.20638203232777,27.691294124647992],[84.20644705619814,27.69127593181213],[84.20657541593525,27.691275743820356],[84.20740709998249,27.691574705910213],[84.20779143016587,27.691675672653428]]]}},{"type":"Feature","properties":{"province":"Gandaki Province","district":"Nawalpur","municipality":"Devachuli Municipality","ward":"4","wardNumber":4,"sourceMunicipality":"Devchuli","sourceType":"Nagarpalika"},"geometry":{"type":"Polygon","coordinates":[[[84.22226034872098,27.68572578478424],[84.22150694438459,27.68558030484798],[84.22083306887978,27.685563300995167],[84.21951301819549,27.685931097454752],[84.21901739708902,27.686137283527604],[84.21887009325536,27.68664987220968],[84.21936340289518,27.68812974436488],[84.21922660251342,27.688640019635926],[84.21891429997477,27.688751177102255],[84.21818934345711,27.68873204717827],[84.21783502437627,27.68893123094513],[84.21760137541324,27.68889096915582],[84.21737841809578,27.68897937041285],[84.21712019768367,27.689033949536828],[84.21660569405748,27.689027948477396],[84.21615358943421,27.689134792696667],[84.21589624336534,27.689130666712767],[84.21576700898878,27.689169240314353],[84.2157012340499,27.689261893064767],[84.21569785777636,27.689474080578623],[84.2157386856867,27.6895891142715],[84.21571655308873,27.689645568136203],[84.21560801246912,27.689720214874015],[84.21541444078534,27.689756663771842],[84.21470636653133,27.689784859815784],[84.21425482415383,27.689853255453794],[84.21337130948082,27.690109707096482],[84.21321994076511,27.690184416805806],[84.212875813331,27.690254937713735],[84.21250848945711,27.690422550012187],[84.21145341186558,27.690674687746895],[84.21093440637236,27.690935077208806],[84.21048261443181,27.69102597891299],[84.21002994696903,27.691171209435506],[84.20972870995247,27.69124385615421],[84.20973996547336,27.691855536368465],[84.20992565990892,27.692315734018333],[84.20998230660419,27.692776055998458],[84.21018444474917,27.693543219226754],[84.21034825541086,27.69400341632907],[84.21056540000386,27.69515419246239],[84.21058071899678,27.69553561704759],[84.2106424918081,27.695689037085298],[84.2107122695234,27.696684267031156],[84.2106872613901,27.698212403358543],[84.21076191512819,27.698900730186065],[84.21086282796766,27.69928428090492],[84.21086945703337,27.700202988093647],[84.21092972937195,27.700433055667336],[84.21092747906253,27.700584287964027],[84.2109878766306,27.700814417602306],[84.21106234261352,27.70150493278877],[84.2111231154277,27.701735125858843],[84.21121902645037,27.702443709019672],[84.21134651113759,27.702502163274712],[84.21166856821681,27.70248815875392],[84.21211761004132,27.702570932779537],[84.21237501762215,27.70257280843242],[84.21256833949616,27.702538672720582],[84.21295423300602,27.70256286679085],[84.2134026486631,27.70268408989398],[84.2137879169049,27.702726289002616],[84.21596478721517,27.70338654344666],[84.21641389168633,27.703469317848107],[84.21699248100046,27.703497762898383],[84.2175058589914,27.703580474431696],[84.21814659719189,27.703762339796473],[84.21857213025291,27.70395795905895],[84.21867841898796,27.704016476433473],[84.21891063095543,27.704248606142155],[84.21908100651103,27.704327316859395],[84.21929677427583,27.704254733284014],[84.21961764283333,27.704297120246913],[84.21981102724087,27.704280989740393],[84.22025950596391,27.704402150721933],[84.22058124985249,27.70438814582343],[84.22128745001208,27.704493050847788],[84.22148083349315,27.70447692071932],[84.22225193252268,27.704543439767942],[84.22257255136847,27.704606082873326],[84.22219797448497,27.703893436708086],[84.22188885870446,27.7031242727226],[84.22189110901799,27.702972978972042],[84.22195913372359,27.702742785476268],[84.22211275284597,27.7025347870509],[84.2221153164272,27.702383555074316],[84.22194687842966,27.702189748146257],[84.2216920337527,27.702032139554117],[84.22147901766618,27.701935424087594],[84.22141474390449,27.701933298760217],[84.2210756797973,27.701681037749676],[84.22099258667377,27.701507360925255],[84.22087435418618,27.700875550960664],[84.22092330959329,27.700494063237752],[84.22101146666235,27.700342643641996],[84.22116308515004,27.700249866328594],[84.22146475999703,27.70017715703832],[84.22172185567999,27.700179032998662],[84.22223385791993,27.700358772791752],[84.2224926410338,27.700268058470726],[84.22255753964765,27.70022954692522],[84.22260180656691,27.70015502445849],[84.2226264405184,27.69996309324335],[84.22249958085949,27.699827928874143],[84.22231313544917,27.699442253058507],[84.22227461995568,27.697837469259927],[84.22206879239516,27.69730062355237],[84.22169146415482,27.69677759575425],[84.2214376827299,27.69654552782005],[84.22060906226886,27.696075078245173],[84.2202895690843,27.695937912925107],[84.2199071137979,27.69570378172934],[84.21980226273746,27.69556855509903],[84.21978406798044,27.695356367066307],[84.21989885959411,27.694900296099693],[84.22003378410152,27.694520871624103],[84.22014344994543,27.694369452262084],[84.22016495756787,27.694349133438976],[84.22034096039728,27.694084743222252],[84.22049345388099,27.69393326107873],[84.22103540495496,27.693578031476367],[84.22118902352862,27.693370157541455],[84.22140616710949,27.69320048243622],[84.22203083542941,27.693018928155546],[84.2226144891627,27.692740345308245],[84.2235073186269,27.69191278867515],[84.22363961803471,27.691684596532635],[84.22373027542272,27.691379757136332],[84.22367587942271,27.690768139669736],[84.22359497429434,27.690461300286294],[84.22360366488564,27.689926392432554],[84.22404776514344,27.68899568105272],[84.2242310208411,27.68872453866804],[84.22478316105727,27.687791451542736],[84.22486988103509,27.687427907236867],[84.22488032108042,27.687102874359418],[84.22477253098937,27.68678478041521],[84.22452894011865,27.686554963585042],[84.22408721367637,27.686309704549444],[84.22274033932473,27.68625769009675],[84.22243203738438,27.686003115541524],[84.2222524708671,27.685746103535042],[84.22226034872098,27.68572578478424]]]}},{"type":"Feature","properties":{"province":"Gandaki Province","district":"Nawalpur","municipality":"Devachuli Municipality","ward":"2","wardNumber":2,"sourceMunicipality":"Devchuli","sourceType":"Nagarpalika"},"geometry":{"type":"Polygon","coordinates":[[[84.20972870995247,27.69124385615421],[84.21002994696903,27.691171209435506],[84.21048261443181,27.69102597891299],[84.21093440637236,27.690935077208806],[84.21145341186558,27.690674687746895],[84.21250848945711,27.690422550012187],[84.212875813331,27.690254937713735],[84.21321994076511,27.690184416805806],[84.21337130948082,27.690109707096482],[84.21425482415383,27.689853255453794],[84.21470636653133,27.689784859815784],[84.21541444078534,27.689756663771842],[84.21560801246912,27.689720214874015],[84.21571655308873,27.689645568136203],[84.2157386856867,27.6895891142715],[84.21569785777636,27.689474080578623],[84.2157012340499,27.689261893064767],[84.21576700898878,27.689169240314353],[84.21589624336534,27.689130666712767],[84.21615358943421,27.689134792696667],[84.21660569405748,27.689027948477396],[84.21712019768367,27.689033949536828],[84.21737841809578,27.68897937041285],[84.21760137541324,27.68889096915582],[84.21783502437627,27.68893123094513],[84.21818934345711,27.68873204717827],[84.21891429997477,27.688751177102255],[84.21922660251342,27.688640019635926],[84.21936340289518,27.68812974436488],[84.21887009325536,27.68664987220968],[84.21901739708902,27.686137283527604],[84.21951301819549,27.685931097454752],[84.22083306887978,27.685563300995167],[84.22150694438459,27.68558030484798],[84.22226034872098,27.68572578478424],[84.22236763799113,27.685466020921627],[84.22264911701497,27.685194752844303],[84.2235517015983,27.68498337788447],[84.22395366179272,27.684569630717974],[84.22403600482592,27.684368633918556],[84.22405026001212,27.684221903001202],[84.2240515100109,27.68420833654773],[84.22399786477929,27.683863110356352],[84.22390826924348,27.683596844641755],[84.22318743829543,27.682469513889828],[84.22301299772812,27.681952925039557],[84.22325377315701,27.68100001950981],[84.22194916459199,27.681415205523226],[84.22096723946547,27.6818794678721],[84.2200213266404,27.68213379351767],[84.21959279226007,27.682123228888017],[84.21909660908177,27.68203595381409],[84.21741285993261,27.68196868558784],[84.21674354856526,27.68201713822218],[84.21604685293461,27.682137861484346],[84.21519547575112,27.68213467402793],[84.21408518880543,27.68228540731576],[84.21365590513919,27.682211572710884],[84.21297677824643,27.68224420812728],[84.2121870474481,27.682143867181438],[84.21150629607229,27.68232779664845],[84.2109133878154,27.682227080600008],[84.2110017339633,27.682495596802013],[84.21117429815531,27.682899340363065],[84.21157707296967,27.683347846775007],[84.21148904127068,27.683562409485752],[84.21119862078035,27.68385630869097],[84.2110441261479,27.68409131558237],[84.21118142805355,27.68461021764826],[84.21113334857728,27.684994018270654],[84.21096053497585,27.68528091565278],[84.21011941173694,27.686300153369487],[84.21002650251329,27.68662762482197],[84.2101737451745,27.68753251501052],[84.21006720684554,27.687844107245933],[84.20981373748796,27.688058920380723],[84.20923877454236,27.688213341377214],[84.20865468409248,27.688916173720546],[84.20860610418576,27.68906978082595],[84.2084694915802,27.689543920519768],[84.2082475341552,27.690000179699577],[84.2079567397914,27.690740960350414],[84.20786626932141,27.691027794659465],[84.20779143016587,27.691675672653428],[84.20783394574092,27.691695928618337],[84.20804721295306,27.691774638678666],[84.20830487089913,27.691758446582575],[84.20854202132159,27.691667857035267],[84.208931790024,27.691443727955985],[84.20944910619988,27.6912782416286],[84.20972870995247,27.69124385615421]]]}},{"type":"Feature","properties":{"province":"Gandaki Province","district":"Nawalpur","municipality":"Devachuli Municipality","ward":"5","wardNumber":5,"sourceMunicipality":"Devchuli","sourceType":"Nagarpalika"},"geometry":{"type":"Polygon","coordinates":[[[84.22257255136847,27.704606082873326],[84.22225193252268,27.704543439767942],[84.22148083349315,27.70447692071932],[84.22128745001208,27.704493050847788],[84.22058124985249,27.70438814582343],[84.22025950596391,27.704402150721933],[84.21981102724087,27.704280989740393],[84.21961764283333,27.704297120246913],[84.21929677427583,27.704254733284014],[84.21908100651103,27.704327316859395],[84.21891063095543,27.704248606142155],[84.21867841898796,27.704016476433473],[84.21857213025291,27.70395795905895],[84.21814659719189,27.703762339796473],[84.2175058589914,27.703580474431696],[84.21699248100046,27.703497762898383],[84.21641389168633,27.703469317848107],[84.21596478721517,27.70338654344666],[84.2137879169049,27.702726289002616],[84.2134026486631,27.70268408989398],[84.21295423300602,27.70256286679085],[84.21256833949616,27.702538672720582],[84.21237501762215,27.70257280843242],[84.21211761004132,27.702570932779537],[84.21166856821681,27.70248815875392],[84.21134651113759,27.702502163274712],[84.21121902645037,27.702443709019672],[84.2111231154277,27.701735125858843],[84.21106234261352,27.70150493278877],[84.2109878766306,27.700814417602306],[84.21092747906253,27.700584287964027],[84.21092972937195,27.700433055667336],[84.21086945703337,27.700202988093647],[84.21086282796766,27.69928428090492],[84.21076191512819,27.698900730186065],[84.2106872613901,27.698212403358543],[84.2107122695234,27.696684267031156],[84.2106424918081,27.695689037085298],[84.21058071899678,27.69553561704759],[84.21056540000386,27.69515419246239],[84.21034825541086,27.69400341632907],[84.21018444474917,27.693543219226754],[84.20998230660419,27.692776055998458],[84.20992565990892,27.692315734018333],[84.20973996547336,27.691855536368465],[84.20972870995247,27.69124385615421],[84.20944910619988,27.6912782416286],[84.208931790024,27.691443727955985],[84.20854202132159,27.691667857035267],[84.20830487089913,27.691758446582575],[84.20804721295306,27.691774638678666],[84.20783394574092,27.691695928618337],[84.20779143016587,27.691675672653428],[84.20740709998249,27.691574705910213],[84.20657541593525,27.691275743820356],[84.20644705619814,27.69127593181213],[84.20638203232777,27.691294124647992],[84.20620721813026,27.691506561870266],[84.2061636390707,27.691558515080757],[84.20609580197188,27.691766263404038],[84.20605216061384,27.691804711853298],[84.20598638624139,27.691899615311996],[84.20554190836319,27.69153013161678],[84.20501046141834,27.691255552296045],[84.20372979877527,27.690873752983524],[84.20227600973358,27.690605050925143],[84.20227400903083,27.690720209621574],[84.20226513125938,27.69125511678078],[84.20209900808226,27.692246221001177],[84.20203098361053,27.692474288049908],[84.20197533796717,27.693237262320167],[84.20177120153556,27.69392377627028],[84.20140056585839,27.695599082073592],[84.2007992194821,27.696967796954326],[84.20018649486937,27.699022651690893],[84.1999582231923,27.69986039777309],[84.19991026801819,27.7001651745722],[84.19961653526043,27.701077443593046],[84.19954957352182,27.701231050639123],[84.19919944463425,27.701664991518104],[84.19902281688941,27.70196764282458],[84.1988424378704,27.702500549979376],[84.19879454544224,27.702805327105086],[84.19887157443489,27.703342422471827],[84.19886788597339,27.703570426726156],[84.19910503794628,27.70479791189598],[84.19912292012471,27.70502591634689],[84.19916424738601,27.70510256400263],[84.1992010743724,27.705486239671902],[84.19919338420317,27.70594443700424],[84.19909891217037,27.706479531428368],[84.19900819124777,27.70678212081982],[84.19872177391471,27.707238442206624],[84.19856152776495,27.70784587113593],[84.19825278872943,27.7083767773859],[84.198056028471,27.70860496965793],[84.19789690779481,27.709137875985583],[84.19789203122889,27.709442590357085],[84.19782256834499,27.709747430539707],[84.19764218920382,27.710280337414744],[84.19731069235308,27.710885703173],[84.19700301636058,27.711321768979843],[84.19651646192946,27.712232099118662],[84.19634145923665,27.712421967901665],[84.19616852033425,27.712514744965],[84.1951747777956,27.71294049606598],[84.1949150562354,27.71308985298022],[84.19474236772143,27.713144244275767],[84.194677155287,27.713200760440277],[84.1942462462992,27.713327798198403],[84.1937279292372,27.713531671434495],[84.19357593512122,27.713642516791115],[84.19331677725451,27.71375342398489],[84.19307831368118,27.713905031631104],[84.19273299767724,27.714031881626273],[84.19238874591211,27.714086585488666],[84.19212933678826,27.71421556129189],[84.19176245077051,27.71434472424999],[84.19115678928313,27.71466150556526],[84.19093964679185,27.714828930122177],[84.19061496358837,27.714996416585564],[84.19028828008628,27.715299318528135],[84.19013659926105,27.715392034117304],[84.18979097096536,27.715539264391122],[84.18970500173472,27.71553938991238],[84.1891873099926,27.715722943876955],[84.18879710295184,27.715964953644068],[84.18853794498824,27.71607592321786],[84.1881933791094,27.716148632497266],[84.1875935319531,27.716102056747406],[84.1871045374569,27.7158454195117],[84.18676459928793,27.715649487703203],[84.186589971933,27.715839355373618],[84.18641753297902,27.71587567901985],[84.18598887394369,27.715869490155615],[84.18516944575212,27.716125691087026],[84.18503870931549,27.716236473923068],[84.18492779425117,27.716464541227197],[84.18491610218486,27.716647406956692],[84.18489878310749,27.71692286359659],[84.18483069557253,27.717150867495427],[84.18458985656167,27.717435576715754],[84.18445368255951,27.717891710540012],[84.18434420432291,27.718024999987662],[84.18401783353352,27.718305332667427],[84.18377436810057,27.718761592016307],[84.18363938092408,27.719140953446622],[84.18344199614245,27.719405344202354],[84.18324260946989,27.719784768097536],[84.18312906835232,27.72016637993913],[84.1830569174948,27.720624702583887],[84.18292074225343,27.721080774239446],[84.18287272470538,27.721385551727003],[84.18266958775865,27.721993042246677],[84.18261669311325,27.722604784727086],[84.1826937223633,27.723141880590212],[84.18243881652262,27.7242842783968],[84.18241236931436,27.72458905570806],[84.18247157970198,27.724895958695456],[84.18259625075939,27.72512596376038],[84.18291086788652,27.725570218253804],[84.18311263120984,27.72633738137871],[84.18306230035562,27.72679564101211],[84.18309506368732,27.72740725863165],[84.18315308521946,27.727790871226432],[84.18310625677628,27.72931900751769],[84.1831352061165,27.730158629064295],[84.18319066515546,27.730695724940652],[84.18319322954108,27.731842374151388],[84.18337598582937,27.73245605455417],[84.18350209477465,27.732611599894653],[84.18377338322557,27.73307398585356],[84.18415302488432,27.733479729867813],[84.18472054909539,27.734176433408816],[84.18501159462073,27.734733534597435],[84.185093813276,27.73496366488196],[84.18532346120409,27.735349278235457],[84.18546707726524,27.735732828425768],[84.1856490204612,27.736423218472375],[84.185878668465,27.7368088940048],[84.18619503627235,27.73713798992528],[84.18640423934637,27.737446956053848],[84.18650771562002,27.737679273797177],[84.18671691818655,27.73800624483764],[84.18679507329699,27.738466629978173],[84.18681927024886,27.739613217461258],[84.18687710470785,27.739994579026458],[84.1868517835605,27.74024290192948],[84.1869126814101,27.74043464586889],[84.18714458005984,27.740687157377184],[84.18780244946413,27.741135413759014],[84.18835534267991,27.74143031197428],[84.18875711726899,27.74177960256929],[84.18926668107514,27.742110698611622],[84.19019808999019,27.742870046388454],[84.19070627931752,27.743277915823636],[84.19083245077864,27.743433461294817],[84.19144486627003,27.74401494455033],[84.19180387493016,27.744362046000052],[84.19216082098448,27.744826494578447],[84.19275091518293,27.74546443181243],[84.19300207105559,27.74582972621245],[84.19314206107123,27.746443468793903],[84.19330731066437,27.746826893761952],[84.19342835651156,27.747287216531422],[84.1934410489817,27.747822123678528],[84.1937273432941,27.748665871512966],[84.19401620132423,27.749358324838422],[84.19462042719745,27.75043645385952],[84.19467557288507,27.750971298407407],[84.19481706364834,27.75150826800358],[84.19483463348614,27.751738460421805],[84.19491685125217,27.75196859050663],[84.1952500382419,27.75258427135065],[84.19586026583617,27.75329891891636],[84.19594367140768,27.75345452698628],[84.1959500496887,27.754370920937532],[84.19602714125237,27.754908016455264],[84.19605884149537,27.755596343291757],[84.19625466563599,27.756747243656786],[84.19624591362002,27.757282151645548],[84.19632438074436,27.757742473508177],[84.19631493968716,27.75832483302386],[84.19630318652527,27.759042605684503],[84.19637890308954,27.759656411563157],[84.19632913621443,27.761414803079994],[84.19626104861764,27.76164512063094],[84.19592842780885,27.76362957940475],[84.19586190508656,27.765083194092888],[84.19581194872126,27.765521198133666],[84.19589591836065,27.765636169192145],[84.19617270821396,27.76575545373277],[84.19632101364064,27.76587255048781],[84.19679887935155,27.766815389909453],[84.19705209815855,27.767067776132365],[84.19745543632538,27.76734029338581],[84.19777530508442,27.767439197656643],[84.19796856432963,27.767441135377705],[84.19809767457484,27.76742287986919],[84.198442802934,27.76729371668046],[84.19876442167354,27.767297780035552],[84.19902114253411,27.767340292444256],[84.19925597921994,27.767418939918333],[84.19942560484213,27.767536098831904],[84.19991828806901,27.76758048715828],[84.2003480098085,27.767527971210303],[84.20095129635588,27.767362297118584],[84.20190152328261,27.766972681163892],[84.20237863808832,27.76665371242975],[84.2026369832465,27.766578814971997],[84.20298273662748,27.76643164594578],[84.20332711445067,27.766358874797305],[84.20358664834902,27.766227586045893],[84.20530034493046,27.765024293236262],[84.2058199748047,27.76472557985218],[84.20588581163662,27.764648681625534],[84.20620699284615,27.764417989105535],[84.20638468434407,27.76429132630593],[84.20675538373882,27.76391384000553],[84.20710538854102,27.76349577970547],[84.20771380052255,27.76300732296765],[84.2079733342675,27.762875971801474],[84.20814577376318,27.762839586068374],[84.2086427075569,27.762617645198603],[84.20888067069286,27.762506674328847],[84.20998345435986,27.761985896002543],[84.21067496034762,27.76168912059842],[84.21115232521662,27.761372401730707],[84.2114768203512,27.761204851814615],[84.2117354787129,27.761132268024117],[84.21180069037808,27.76107575135443],[84.21190854244716,27.76105749600606],[84.21216801385062,27.760926206584482],[84.21242667198182,27.760853560110043],[84.21294230107686,27.760803107171743],[84.21345655382025,27.760849683581547],[84.21362699214284,27.760926142827966],[84.21405421391412,27.761047366007507],[84.21430949658908,27.761184655967714],[84.21439509088735,27.761186781735596],[84.21456727891069,27.761150395621915],[84.21551800643108,27.760742649337185],[84.2162931689516,27.760581163616784],[84.21732842830741,27.760250002781326],[84.21775864965588,27.7601793571696],[84.21930472355734,27.760104708202405],[84.21956313180637,27.760052317555314],[84.21982460401203,27.759805870506074],[84.2203285395906,27.759164055859916],[84.2205052296358,27.75886127938829],[84.22055062207227,27.758707734303798],[84.22055681119865,27.758326309603635],[84.22065403318976,27.75763998270654],[84.22079158415939,27.757107076214794],[84.22092513352989,27.756804424666157],[84.22097190052305,27.75657410686759],[84.22119391998172,27.75612009822436],[84.22126194498843,27.755891968762835],[84.22174712378987,27.755076415615008],[84.22192518895778,27.754696928734813],[84.22197170602035,27.75446892492682],[84.22197570709179,27.754238669715136],[84.22183552959466,27.75362717717159],[84.22150728183288,27.752704593535046],[84.22123724293817,27.752167811734942],[84.2210744323287,27.751630904154904],[84.22088886230387,27.751168456038034],[84.22032721552901,27.750092765157373],[84.22016440429297,27.749555794922337],[84.2202324286122,27.749327728058038],[84.22051884704392,27.74887359393385],[84.22100577713131,27.747963200876256],[84.22124674052755,27.747660361763845],[84.22171066223933,27.746844808866896],[84.22206116648664,27.746410868991248],[84.2223441459519,27.746146353146354],[84.2228480195169,27.745504477033446],[84.223047030269,27.745143057978133],[84.2231164933562,27.74483821770717],[84.22297631494993,27.74422678867259],[84.22251826900356,27.74337885212913],[84.22237165226159,27.74316691511549],[84.22218189414781,27.742955040693033],[84.22146887801938,27.741972127162867],[84.22136333922711,27.741854905689824],[84.22089629011236,27.741562257564105],[84.22070596936331,27.741388769001222],[84.22039085212657,27.740982962990174],[84.2203304547011,27.74075283263199],[84.22035790138712,27.740371345682654],[84.22030006689975,27.739989984145925],[84.2203314527934,27.739378241594245],[84.22041961023166,27.73922688447441],[84.22055040851798,27.739113851131474],[84.2206581357733,27.73907752783381],[84.22110899120234,27.73904520500524],[84.22145186769568,27.73906952448904],[84.22171046432793,27.73899456483815],[84.22177567592806,27.73895836634958],[84.22192904452571,27.738750493082776],[84.22205921795614,27.738655464717272],[84.22218826533683,27.738639460258092],[84.22235895456986,27.738697851848656],[84.22269870593567,27.73891397770929],[84.2228697069289,27.738954364574475],[84.2231286153522,27.738861399089394],[84.22349637616828,27.738675718750113],[84.22360585435217,27.738542367231062],[84.22371389385762,27.73848797607118],[84.22431843093517,27.738247780419048],[84.22466324574161,27.73815694023889],[84.22517849915282,27.738124493143577],[84.22594978525595,27.73817288162132],[84.22620756854688,27.73815662586624],[84.22642477401148,27.73798926473329],[84.22673238728886,27.737553135462246],[84.22699379667071,27.737308938799963],[84.22727396251221,27.73721591139432],[84.22736074521038,27.737161582436308],[84.22804975071,27.7369979087576],[84.22837499549009,27.73679197315212],[84.22883228983353,27.736378163449945],[84.22891850950919,27.73634190304514],[84.22909094786971,27.736305516548338],[84.22943382574614,27.736327523068052],[84.22977970325233,27.736162161287787],[84.22997533856628,27.735992549252945],[84.23030364694738,27.735594744481446],[84.23084684864617,27.735162741317673],[84.23121548441115,27.7349206077167],[84.23143375303445,27.734694540393516],[84.2315037782299,27.734351314788714],[84.23131570759,27.73404241223447],[84.23131683376815,27.733965702094057],[84.2314052414688,27.733814282446637],[84.23149177283224,27.733778021717256],[84.23172742333723,27.733779896899957],[84.23198376823713,27.73386073270344],[84.23224117614562,27.73384447721539],[84.2326528908781,27.733602281225238],[84.23280819839115,27.733279248501354],[84.23279281712058,27.73289782347776],[84.23271053595336,27.732685886268246],[84.23256166858869,27.732607050760247],[84.23179350771804,27.732369107446022],[84.23160431286013,27.73213697673912],[84.23160625071624,27.732003749933813],[84.23183327134002,27.731242713580244],[84.23184333625566,27.730631033791923],[84.2316815886808,27.730017353915482],[84.23151508865377,27.72971070095229],[84.23120697284183,27.728864827760628],[84.2310606685468,27.72863482314395],[84.23030451231392,27.727649721717498],[84.22986097145579,27.727223971784085],[84.22882252268704,27.72646499996199],[84.22850521717078,27.726194670651438],[84.22827350588624,27.725924217045126],[84.22783002874372,27.725516409769646],[84.22734197249409,27.725185376103273],[84.22651678982653,27.72448704605112],[84.22603386052555,27.72386936508695],[84.2258435394212,27.72369593993329],[84.22546746198444,27.72307813316622],[84.22534385295573,27.722771355749526],[84.22522380760849,27.722236573389832],[84.22512070669929,27.722004318041407],[84.22513152256214,27.72131811663581],[84.22522511864412,27.720859732144767],[84.22540537204011,27.720329075919437],[84.22585178680539,27.719265199729005],[84.22615933810235,27.718811004051933],[84.22633702761262,27.718431516782974],[84.22644675607376,27.718280097292055],[84.22676330924804,27.717290993836613],[84.22676693525477,27.7170607388332],[84.22674930405168,27.716832796859606],[84.22670047278054,27.716647805164015],[84.22642624456513,27.715605499019475],[84.22636947364687,27.71514511358761],[84.22618878049701,27.714380201446694],[84.22581670305512,27.71353445293796],[84.22569559521868,27.713074192888485],[84.22566120743433,27.712539348549317],[84.2255616697558,27.712079025721337],[84.22553597099174,27.711009211743818],[84.22565182561124,27.71047636721032],[84.22578418728251,27.710248175250527],[84.22591517271675,27.710117011596164],[84.2262395435725,27.709949461978763],[84.22643536516297,27.70977984967108],[84.22652183463707,27.709743588491257],[84.22680587787937,27.709422681698],[84.22705152992616,27.708812814223066],[84.22697575146124,27.70820125947502],[84.22681262756817,27.70766428971675],[84.22672959666808,27.707510932290955],[84.22637202602552,27.707064676301172],[84.22614850454615,27.706297575838022],[84.22598175520308,27.70599092348801],[84.225855269761,27.705855696735984],[84.2253449555969,27.7055811788575],[84.22489728989395,27.705421632295575],[84.22373923513666,27.705405504109383],[84.22348320221323,27.705324605835997],[84.22284615312256,27.70493517942872],[84.22274123874129,27.70477963407872],[84.22257255136847,27.704606082873326]]]}},{"type":"Feature","properties":{"province":"Gandaki Province","district":"Nawalpur","municipality":"Devachuli Municipality","ward":"10","wardNumber":10,"sourceMunicipality":"Devchuli","sourceType":"Nagarpalika"},"geometry":{"type":"Polygon","coordinates":[[[84.17619453031888,27.692525763456644],[84.1765195875724,27.69190689303257],[84.17728812168528,27.69082926402626],[84.17746481195569,27.690526549436605],[84.17772734611849,27.690205704949456],[84.17818901617157,27.689523503974076],[84.17845161401026,27.68922066535195],[84.1786201128351,27.688947334159923],[84.1787994916483,27.688759779194598],[84.17953332548406,27.687824378987383],[84.18067487177022,27.68600359295343],[84.18160890418301,27.684849002839176],[84.1834690909679,27.68219890996472],[84.1844577056173,27.680547611008468],[84.1840405510018,27.680340487671227],[84.18277864506761,27.679513808338797],[84.1818803112835,27.67903654397972],[84.1813935679072,27.678721139352692],[84.18133773514654,27.678696382192552],[84.17970844308248,27.677978547178398],[84.17650594082374,27.675903877916305],[84.17523922124528,27.67518548021313],[84.17488996640216,27.674966978990813],[84.17337734242659,27.674023202936368],[84.17183695836484,27.673352507387122],[84.17175311462064,27.673246538311094],[84.17149158029216,27.67379082333013],[84.17118365458735,27.673917611019448],[84.17055123257467,27.673954497816315],[84.1702313013013,27.67406553003747],[84.16950990918028,27.674621631387076],[84.16907574837992,27.67465151591871],[84.16850459919847,27.674613880155395],[84.16770861692918,27.67494210276059],[84.16758569672398,27.674967172155824],[84.16734304489366,27.675014811233837],[84.16618211415962,27.675034255859995],[84.16580610008386,27.67511371637582],[84.16554206429588,27.675335282074535],[84.16521006722618,27.676227232348598],[84.16516242492038,27.676606468049542],[84.16526521401637,27.67773261148727],[84.16517305530132,27.678152610513084],[84.16452500398833,27.678634127190012],[84.16446610640216,27.678677077205098],[84.16433968608376,27.679957078884257],[84.16424083722524,27.680196399263192],[84.16386063445346,27.680675414845023],[84.16368281892905,27.681303099962506],[84.16357171657104,27.682262506612815],[84.16343003855152,27.68247481912108],[84.16302782732284,27.682881626865882],[84.1623732724817,27.68324579650287],[84.162070347885,27.683532818616577],[84.16194542767319,27.683930186150267],[84.16193667469206,27.68419882734636],[84.16206878637952,27.68458912964082],[84.16276198165296,27.68544150410913],[84.16277304832983,27.685455008420607],[84.16281137471852,27.685646814159746],[84.1627667961294,27.686134457485014],[84.16256709751904,27.686335579539545],[84.16193855210594,27.686534951152026],[84.16149063701528,27.686939507942363],[84.16142148629943,27.687108870612224],[84.16145224821653,27.688158366126153],[84.16098301315644,27.688948911551822],[84.16099658081662,27.689127214035544],[84.1608416481513,27.689411797208614],[84.16040373701622,27.68994051578735],[84.16003347443517,27.690299808736373],[84.15981420657049,27.690582204419552],[84.15966227478634,27.690695238379366],[84.15946689071252,27.69082640157522],[84.15976500101772,27.69094568645368],[84.160301012182,27.690951812893175],[84.16074967866822,27.6910550928699],[84.16113313296275,27.69121263919964],[84.16183426824068,27.691604566010554],[84.1626014285584,27.691901590629552],[84.16279362404904,27.691941977455464],[84.16323935227784,27.692216807957447],[84.16406947310657,27.69259279282462],[84.16452507966261,27.692885628178626],[84.16464249803397,27.692962275111853],[84.16528129822358,27.693239106244555],[84.16566331478373,27.69347336227596],[84.16585376021239,27.69362890820356],[84.16617256619077,27.693806834830454],[84.1667473427336,27.694063410187727],[84.16712935939351,27.694297791236092],[84.16732124308436,27.694358433888596],[84.1676400490568,27.694534109910958],[84.16821307416201,27.694905781108673],[84.16885106036082,27.69521874764846],[84.16974207921642,27.69580679540791],[84.16993365044075,27.695885505340744],[84.17095309127808,27.69649143260826],[84.17152761691915,27.696768389049918],[84.17191194755671,27.696867167511055],[84.17293576495481,27.69720670413519],[84.17322018243283,27.696867791859173],[84.17381090089577,27.696169585678195],[84.1740528023336,27.695808104786124],[84.17424962495556,27.695582162520964],[84.17457999689087,27.69505131883441],[84.17517190306295,27.69429665904237],[84.17530545202307,27.693991819467726],[84.17561487925799,27.69344290785591],[84.17612112853547,27.692665804242008],[84.17619453031888,27.692525763456644]]]}},{"type":"Feature","properties":{"province":"Gandaki Province","district":"Nawalpur","municipality":"Devachuli Municipality","ward":"14","wardNumber":14,"sourceMunicipality":"Devchuli","sourceType":"Nagarpalika"},"geometry":{"type":"Polygon","coordinates":[[[84.19269407582347,27.685185966990723],[84.19032332087575,27.683598002202295],[84.1900882338271,27.683485469634835],[84.19035026742002,27.68305615586074],[84.19079705769217,27.682502617478665],[84.1916604386568,27.6810206814137],[84.19224540421686,27.68023670065956],[84.19310384584274,27.67873225771829],[84.19347879620383,27.678194536667494],[84.19363960634519,27.67810626069702],[84.19455038086832,27.678213354107573],[84.19629033941634,27.678601341205294],[84.19661314653068,27.678481243382205],[84.19684985834766,27.677745088766894],[84.19686154942961,27.67738617140703],[84.19639975270096,27.677021189178788],[84.19632353682378,27.676565305139572],[84.1966911092223,27.676027584081478],[84.196699549668,27.675770258366754],[84.19651016664102,27.67549967911051],[84.19620711696977,27.675276676537464],[84.19612295999659,27.67502622768058],[84.19612508627428,27.674965335415802],[84.19613046291573,27.67479603580089],[84.1964554570295,27.674003302492753],[84.19650322469485,27.673400562334272],[84.19606274826467,27.672920421868575],[84.19544833232888,27.67260082862438],[84.19524813286124,27.672316682213896],[84.19507306802193,27.67190837561079],[84.19491269578238,27.67172582139546],[84.19459839129442,27.671575027715924],[84.19386543182964,27.671431611197935],[84.19364097363501,27.671217548118523],[84.19349098018102,27.670773042949953],[84.19294684101662,27.67046232708554],[84.19275958367803,27.670286525396733],[84.19266761135526,27.66991197821132],[84.19292070500867,27.66929317085121],[84.19283723569609,27.669047348598884],[84.19179222291767,27.668610846913623],[84.19157120337141,27.66835833478637],[84.19145747390044,27.668022236184107],[84.19156720159972,27.667692514472332],[84.19180622629442,27.666310795337857],[84.19173957483426,27.66534488644615],[84.19211177490583,27.664913196810566],[84.19216510687025,27.66441430017715],[84.19180509689728,27.6633539889754],[84.19179840674703,27.663333670596238],[84.19149129291335,27.662916548467024],[84.19071337860336,27.66208024123959],[84.19026427383938,27.661284132459606],[84.19021481781726,27.66148500389476],[84.19019681224644,27.662040291972733],[84.1902764668507,27.662484860223532],[84.19030879244859,27.66321157353605],[84.19045591075269,27.66396304420086],[84.19039301189676,27.664247503311778],[84.19006095303308,27.66500635109089],[84.19001756205543,27.665557200444972],[84.19009083959764,27.665965633499887],[84.19018449937414,27.66605353440664],[84.19041883616798,27.666143497848694],[84.19058027174582,27.666373440422706],[84.19041077225131,27.66678674936875],[84.19034180880394,27.66722475323038],[84.19036694400381,27.667639999925882],[84.19060734638519,27.66829200391352],[84.19046335702063,27.6694771648721],[84.19001056380385,27.669531993647343],[84.18958365628173,27.669489669784383],[84.18879842677647,27.6691657624469],[84.18839696509492,27.668848044216197],[84.18790240705914,27.6687674586048],[84.18759516779947,27.668849170756832],[84.18737421146719,27.66897351972548],[84.18681275503413,27.670150303681734],[84.18590273195808,27.671711262941436],[84.18459468685012,27.67424550860464],[84.18407355749467,27.67496615882889],[84.18320467361909,27.676170451166126],[84.18278583224358,27.6766021408054],[84.18188674992943,27.677966667021735],[84.18133773514654,27.678696382192552],[84.1813935679072,27.678721139352692],[84.1818803112835,27.67903654397972],[84.18277864506761,27.679513808338797],[84.1840405510018,27.680340487671227],[84.1844577056173,27.680547611008468],[84.1834690909679,27.68219890996472],[84.18160890418301,27.684849002839176],[84.18067487177022,27.68600359295343],[84.17953332548406,27.687824378987383],[84.1787994916483,27.688759779194598],[84.1786201128351,27.688947334159923],[84.17845161401026,27.68922066535195],[84.17818901617157,27.689523503974076],[84.17772734611849,27.690205704949456],[84.17746481195569,27.690526549436605],[84.17728812168528,27.69082926402626],[84.1765195875724,27.69190689303257],[84.17619453031888,27.692525763456644],[84.17688747514276,27.693001152407643],[84.17707967137326,27.693061857880085],[84.17727068005135,27.693179017120116],[84.1773985395546,27.693219403795865],[84.17822722256174,27.693690103766357],[84.17882100538458,27.694100098562963],[84.17903383513817,27.694196876587593],[84.17937308589894,27.694431195759748],[84.17950088281397,27.69447164466418],[84.1806910126306,27.69513815174748],[84.18081880994161,27.695178663529006],[84.18158321929805,27.69564711319799],[84.18215749501526,27.695942012399115],[84.18377190702034,27.696883349627896],[84.18406982989626,27.69702064008763],[84.18415711173803,27.69692573704502],[84.18477046315591,27.696150696370065],[84.18514560208153,27.695506881288093],[84.18540819904376,27.6952041046914],[84.18589081490211,27.694542097556816],[84.18595746459808,27.694408871037535],[84.18639581351631,27.69384170336832],[84.18652823712519,27.69361582504445],[84.18736098273631,27.692538007164906],[84.18758187597807,27.692140452610893],[84.18801935086688,27.69162973968981],[84.18837179320812,27.691060509503806],[84.18845882489178,27.690985863092394],[84.18926943717118,27.689946493747158],[84.18963013209128,27.689377201007478],[84.1898795996105,27.688853172476225],[84.19269407582347,27.685185966990723]]]}},{"type":"Feature","properties":{"province":"Gandaki Province","district":"Nawalpur","municipality":"Devachuli Municipality","ward":"12","wardNumber":12,"sourceMunicipality":"Devchuli","sourceType":"Nagarpalika"},"geometry":{"type":"Polygon","coordinates":[[[84.20227600973358,27.690605050925143],[84.20218241136357,27.689763241229187],[84.20214227060367,27.689609820529693],[84.20185147539199,27.689032464231104],[84.20182909177448,27.688915116807127],[84.20159156571829,27.688222538278126],[84.20158493782517,27.688179650924923],[84.20058331757488,27.689205828213375],[84.20047333967511,27.68937756672711],[84.20021080537215,27.689678155343017],[84.20018585815177,27.689908410332656],[84.19996671506179,27.69019086904584],[84.19772251241645,27.69363850870022],[84.1976116586053,27.69386663899679],[84.19748011034427,27.694036063277803],[84.19741296056885,27.69420773933516],[84.19699530625196,27.69483129751122],[84.19677409999373,27.695228851919484],[84.19657708960169,27.695475174717963],[84.19635600860413,27.69589304777229],[84.19593916721134,27.6964602149678],[84.19527879843965,27.69748357852476],[84.19501601356029,27.697822553784707],[84.19428868260944,27.698997274702556],[84.19407041445024,27.699243596922596],[84.19398163237011,27.699413022184174],[84.193718847979,27.699754247528094],[84.19347644538882,27.70015180207981],[84.19338935106855,27.700226448940455],[84.19283927304619,27.701060069073794],[84.1926890297715,27.70107607412261],[84.19232845847178,27.70082375011465],[84.19188516829254,27.700397813185475],[84.19171510487102,27.70029878412617],[84.19146176070015,27.700066653323],[84.19129132306911,27.699987880570294],[84.19105836072158,27.699812141352538],[84.19082333648238,27.699751498855772],[84.19050190505777,27.6997474358614],[84.19004911159654,27.69987447391986],[84.18970129588065,27.70017518691173],[84.18902129509256,27.701083454263514],[84.18858006954014,27.70182217217595],[84.18818536129612,27.702350890759263],[84.18792107592297,27.702768825751345],[84.18724251360914,27.703600321105597],[84.1871537306661,27.703769745548563],[84.186605027883,27.704526656346914],[84.18608045858034,27.705130021742956],[84.18575408862917,27.70541260516512],[84.18581698694123,27.705491502729778],[84.18615486234413,27.70582059932583],[84.18657720650694,27.706226280486014],[84.18727590417792,27.70677156538613],[84.18790882666795,27.707411689988668],[84.18826277085375,27.70804775183508],[84.18861333988828,27.70891175566858],[84.18878978122135,27.70990686021095],[84.18895121697145,27.710520603430858],[84.18898804355005,27.71090421573888],[84.18895759572354,27.711439248043515],[84.18884036527483,27.712048801906104],[84.18870537739352,27.712428164034858],[84.18865479706689,27.712886486439512],[84.18856401344823,27.713191263745156],[84.18853875484766,27.713419267410924],[84.1883850726882,27.713647522855258],[84.188207195172,27.71402694707359],[84.1878759476574,27.71459617683882],[84.18778891509645,27.71467076130881],[84.18765642921461,27.71489889112254],[84.18754695101777,27.715029991926265],[84.18706833674801,27.715443676937728],[84.18676459928793,27.715649487703203],[84.1871045374569,27.7158454195117],[84.1875935319531,27.716102056747406],[84.1881933791094,27.716148632497266],[84.18853794498824,27.71607592321786],[84.18879710295184,27.715964953644068],[84.1891873099926,27.715722943876955],[84.18970500173472,27.71553938991238],[84.18979097096536,27.715539264391122],[84.19013659926105,27.715392034117304],[84.19028828008628,27.715299318528135],[84.19061496358837,27.714996416585564],[84.19093964679185,27.714828930122177],[84.19115678928313,27.71466150556526],[84.19176245077051,27.71434472424999],[84.19212933678826,27.71421556129189],[84.19238874591211,27.714086585488666],[84.19273299767724,27.714031881626273],[84.19307831368118,27.713905031631104],[84.19331677725451,27.71375342398489],[84.19357593512122,27.713642516791115],[84.1937279292372,27.713531671434495],[84.1942462462992,27.713327798198403],[84.194677155287,27.713200760440277],[84.19474236772143,27.713144244275767],[84.1949150562354,27.71308985298022],[84.1951747777956,27.71294049606598],[84.19616852033425,27.712514744965],[84.19634145923665,27.712421967901665],[84.19651646192946,27.712232099118662],[84.19700301636058,27.711321768979843],[84.19731069235308,27.710885703173],[84.19764218920382,27.710280337414744],[84.19782256834499,27.709747430539707],[84.19789203122889,27.709442590357085],[84.19789690779481,27.709137875985583],[84.198056028471,27.70860496965793],[84.19825278872943,27.7083767773859],[84.19856152776495,27.70784587113593],[84.19872177391471,27.707238442206624],[84.19900819124777,27.70678212081982],[84.19909891217037,27.706479531428368],[84.19919338420317,27.70594443700424],[84.1992010743724,27.705486239671902],[84.19916424738601,27.70510256400263],[84.19912292012471,27.70502591634689],[84.19910503794628,27.70479791189598],[84.19886788597339,27.703570426726156],[84.19887157443489,27.703342422471827],[84.19879454544224,27.702805327105086],[84.1988424378704,27.702500549979376],[84.19902281688941,27.70196764282458],[84.19919944463425,27.701664991518104],[84.19954957352182,27.701231050639123],[84.19961653526043,27.701077443593046],[84.19991026801819,27.7001651745722],[84.1999582231923,27.69986039777309],[84.20018649486937,27.699022651690893],[84.2007992194821,27.696967796954326],[84.20140056585839,27.695599082073592],[84.20177120153556,27.69392377627028],[84.20197533796717,27.693237262320167],[84.20203098361053,27.692474288049908],[84.20209900808226,27.692246221001177],[84.20226513125938,27.69125511678078],[84.20227400903083,27.690720209621574],[84.20227600973358,27.690605050925143]]]}},{"type":"Feature","properties":{"province":"Gandaki Province","district":"Nawalpur","municipality":"Devachuli Municipality","ward":"11","wardNumber":11,"sourceMunicipality":"Devchuli","sourceType":"Nagarpalika"},"geometry":{"type":"Polygon","coordinates":[[[84.20058331757488,27.689205828213375],[84.20034916839184,27.689088794903885],[84.19985342141914,27.68891799459936],[84.19891707393946,27.68840021855062],[84.19413498609411,27.685721122981928],[84.19312048375669,27.68521466214975],[84.19269407582347,27.685185966990723],[84.1898795996105,27.688853172476225],[84.18963013209128,27.689377201007478],[84.18926943717118,27.689946493747158],[84.18845882489178,27.690985863092394],[84.18837179320812,27.691060509503806],[84.18801935086688,27.69162973968981],[84.18758187597807,27.692140452610893],[84.18736098273631,27.692538007164906],[84.18652823712519,27.69361582504445],[84.18639581351631,27.69384170336832],[84.18595746459808,27.694408871037535],[84.18589081490211,27.694542097556816],[84.18540819904376,27.6952041046914],[84.18514560208153,27.695506881288093],[84.18477046315591,27.696150696370065],[84.18415711173803,27.69692573704502],[84.18406982989626,27.69702064008763],[84.18377190702034,27.696883349627896],[84.18215749501526,27.695942012399115],[84.18158321929805,27.69564711319799],[84.18081880994161,27.695178663529006],[84.1806910126306,27.69513815174748],[84.17950088281397,27.69447164466418],[84.17937308589894,27.694431195759748],[84.17903383513817,27.694196876587593],[84.17882100538458,27.694100098562963],[84.17822722256174,27.693690103766357],[84.1773985395546,27.693219403795865],[84.17727068005135,27.693179017120116],[84.17707967137326,27.693061857880085],[84.17688747514276,27.693001152407643],[84.17619453031888,27.692525763456644],[84.17612112853547,27.692665804242008],[84.17561487925799,27.69344290785591],[84.17530545202307,27.693991819467726],[84.17517190306295,27.69429665904237],[84.17457999689087,27.69505131883441],[84.17424962495556,27.695582162520964],[84.1740528023336,27.695808104786124],[84.17381090089577,27.696169585678195],[84.17322018243283,27.696867791859173],[84.17293576495481,27.69720670413519],[84.17325569537184,27.69730785802678],[84.17376682288047,27.69752385911418],[84.17421492708934,27.697665524844282],[84.17472480340258,27.697958298666148],[84.17637941790069,27.699053118797266],[84.17676030921248,27.69936414709515],[84.17726937340686,27.699713311652964],[84.17805210178746,27.700355562359494],[84.17862669077387,27.70063245558082],[84.17907454374021,27.700789876751305],[84.17964906960533,27.701066770293483],[84.17996881400992,27.701185929667645],[84.18079086921387,27.701593423726017],[84.18088352803471,27.701638437370455],[84.18135032685787,27.701931273247247],[84.1815407725634,27.702086755759527],[84.18192341453202,27.70230288153547],[84.1823668915218,27.7027086253901],[84.18332105869386,27.703391262586038],[84.18454920301981,27.704344353981316],[84.18494910185458,27.704808740288126],[84.18505426573311,27.704926025257095],[84.18530936082308,27.70506331474181],[84.18575408862917,27.70541260516512],[84.18608045858034,27.705130021742956],[84.186605027883,27.704526656346914],[84.1871537306661,27.703769745548563],[84.18724251360914,27.703600321105597],[84.18792107592297,27.702768825751345],[84.18818536129612,27.702350890759263],[84.18858006954014,27.70182217217595],[84.18902129509256,27.701083454263514],[84.18970129588065,27.70017518691173],[84.19004911159654,27.69987447391986],[84.19050190505777,27.6997474358614],[84.19082333648238,27.699751498855772],[84.19105836072158,27.699812141352538],[84.19129132306911,27.699987880570294],[84.19146176070015,27.700066653323],[84.19171510487102,27.70029878412617],[84.19188516829254,27.700397813185475],[84.19232845847178,27.70082375011465],[84.1926890297715,27.70107607412261],[84.19283927304619,27.701060069073794],[84.19338935106855,27.700226448940455],[84.19347644538882,27.70015180207981],[84.193718847979,27.699754247528094],[84.19398163237011,27.699413022184174],[84.19407041445024,27.699243596922596],[84.19428868260944,27.698997274702556],[84.19501601356029,27.697822553784707],[84.19527879843965,27.69748357852476],[84.19593916721134,27.6964602149678],[84.19635600860413,27.69589304777229],[84.19657708960169,27.695475174717963],[84.19677409999373,27.695228851919484],[84.19699530625196,27.69483129751122],[84.19741296056885,27.69420773933516],[84.19748011034427,27.694036063277803],[84.1976116586053,27.69386663899679],[84.19772251241645,27.69363850870022],[84.19996671506179,27.69019086904584],[84.20018585815177,27.689908410332656],[84.20021080537215,27.689678155343017],[84.20047333967511,27.68937756672711],[84.20058331757488,27.689205828213375]]]}},{"type":"Feature","properties":{"province":"Gandaki Province","district":"Nawalpur","municipality":"Devachuli Municipality","ward":"17","wardNumber":17,"sourceMunicipality":"Devchuli","sourceType":"Nagarpalika"},"geometry":{"type":"Polygon","coordinates":[[[84.24912058013106,27.70341382859826],[84.24907968975637,27.703280664378845],[84.24899690953777,27.703107113281234],[84.24898252781992,27.702648979214786],[84.24910357221658,27.701791039353914],[84.24917103418333,27.701619425757958],[84.24936879412431,27.701334592382693],[84.25037304059984,27.700201945621092],[84.25111268843992,27.699564069798264],[84.25130644738807,27.699186771382923],[84.25151133542167,27.69867855939091],[84.2515946775743,27.698287944449437],[84.25150814403165,27.69731078218747],[84.25159805147248,27.696710230599155],[84.2516693257371,27.695191033677606],[84.2518111900411,27.6943014600835],[84.2520262047069,27.692960315676274],[84.25227535952686,27.692440725394803],[84.25239046383206,27.69200715972932],[84.25240046715244,27.691966523136344],[84.25243247844172,27.69183329609056],[84.25255183474917,27.69137491128877],[84.25330823746341,27.689504610769195],[84.25338832860268,27.689062043210438],[84.25341252496771,27.68883178770946],[84.25367818512468,27.68802998992801],[84.25407301773413,27.68717154903412],[84.2542473316108,27.686904907939834],[84.2546364134532,27.686563370094866],[84.25502380611746,27.686316609868857],[84.25539394240911,27.685744878782153],[84.25543852131466,27.68557326556056],[84.25550579553705,27.685324879742005],[84.25557088190557,27.685229914444243],[84.25565953935194,27.684943142980508],[84.25562758867977,27.684022247483576],[84.25569961470283,27.683392373928143],[84.2557663270378,27.683162056765422],[84.25580978031579,27.683067153280945],[84.25589918770977,27.68278025650001],[84.25590068841693,27.682608831653983],[84.25614652801404,27.68174839027985],[84.25618003833688,27.68065813251814],[84.25614283653697,27.68019768487813],[84.2561497757483,27.679624391773384],[84.25619435512395,27.679452778175676],[84.25619910625555,27.679048785019425],[84.25626738084833,27.67870555878901],[84.25639967902354,27.678362207616814],[84.25666215113334,27.67784711878178],[84.25705173173144,27.6774671937593],[84.25726693668133,27.677335842595085],[84.25746163314955,27.67710752560561],[84.2575272827381,27.676992303734725],[84.25759449440274,27.676743918569763],[84.2586091819269,27.675888790953678],[84.2590831694139,27.675549315062426],[84.25940647695907,27.67530268041346],[84.25908735835503,27.67518589584479],[84.25870471634408,27.674990276875047],[84.25863237627024,27.67496783279658],[84.25812937746463,27.67481528795751],[84.2579376808163,27.674716321877277],[84.25742580363583,27.674541271358944],[84.25717002117676,27.674406231732068],[84.25678625399946,27.674287385140904],[84.25653053402858,27.674170538430925],[84.25537866935062,27.673838566719137],[84.25461063390829,27.673641385120135],[84.25441856323374,27.673621442167782],[84.25313808807404,27.67332360540711],[84.25256218658355,27.673148617756894],[84.25128077459385,27.67296587795773],[84.25057620033877,27.672827213271013],[84.25019205802947,27.672805332264883],[84.24948760969606,27.672684735052687],[84.24858940131165,27.672677358463634],[84.24839683028631,27.6727160581027],[84.248012062616,27.672712244531727],[84.24788920484693,27.672759883997312],[84.24773345963999,27.672821089311473],[84.24727253894201,27.672790330927103],[84.24667519172912,27.672649165474386],[84.24633394068798,27.672550511338326],[84.24599318928458,27.672395341549468],[84.24556640510602,27.67229456259023],[84.24385552145131,27.672087753297255],[84.24353602787241,27.672067935651487],[84.24171541542687,27.671953778822683],[84.2410309740184,27.671871505166052],[84.2406028154581,27.671867692084607],[84.23991843634667,27.67178316832999],[84.23846589844806,27.671465138656963],[84.23778120665628,27.671400871156813],[84.23649910570717,27.671159363573018],[84.23564328879458,27.671095345830516],[84.23504362933045,27.671089595098262],[84.23478609666105,27.671123917924426],[84.23401499856602,27.671118416985472],[84.23350043199724,27.671168995056153],[84.23289921022811,27.671298658120232],[84.23229686236823,27.67150053140525],[84.23186732822799,27.671593808814027],[84.23135082465285,27.67177755089167],[84.23040591213928,27.671979986555304],[84.22997687780199,27.672032627177018],[84.22946149974402,27.672141847148314],[84.22929006094603,27.67213984671354],[84.2285170874442,27.672303646239676],[84.22740173696059,27.67240711546057],[84.22712807292442,27.672466257533006],[84.22628513555887,27.672645936807946],[84.22577025725039,27.67271670787955],[84.22542569194863,27.672846058760832],[84.2250823148418,27.672918768286166],[84.22465328150042,27.67295334084158],[84.22413915285578,27.67294965282932],[84.22379721423864,27.67290732818536],[84.22345539984312,27.672826617780835],[84.22226295726247,27.672282333967722],[84.22126458588188,27.671624891345445],[84.22048073258594,27.670949006453586],[84.21997410621069,27.670371962150234],[84.21921619907506,27.669334970719344],[84.21902837945302,27.66893354047803],[84.21892734098607,27.668475406047758],[84.21872101384477,27.66784372075275],[84.21855345167967,27.66755507333456],[84.2183416852241,27.667363579717094],[84.21741602966148,27.667225103017298],[84.21693816683397,27.668674904246384],[84.21661385990407,27.669088526438305],[84.2165043814677,27.669355042326846],[84.2165243894729,27.669682262906534],[84.21671983815594,27.670262058171865],[84.21708403566045,27.670796402083432],[84.2174521727082,27.67102603177648],[84.21753414029034,27.67114331676951],[84.21769051161213,27.671696040879375],[84.2174979414692,27.67233510462778],[84.21696999601345,27.672873138051287],[84.21657835206773,27.673419986445364],[84.21649038233909,27.673627797334255],[84.21654902973683,27.674085932437315],[84.21663131007766,27.674194088686047],[84.21707716282656,27.67433788069011],[84.21735576634119,27.674346445485206],[84.21807028146392,27.67458007629813],[84.21844466970478,27.674787136402045],[84.21858678530612,27.67496743960617],[84.21871827220203,27.67513430080457],[84.21872815193349,27.67580462295082],[84.21864768504264,27.67631489804981],[84.21881105884012,27.6766960721479],[84.2190961015713,27.67690550832989],[84.21947943145841,27.67699290818515],[84.22009409655648,27.676888127226594],[84.22076922181371,27.676905068809106],[84.2210737094665,27.677035544212938],[84.22121088600994,27.67716395674395],[84.22129472995195,27.677412092799603],[84.22124783817229,27.67785234688077],[84.22096504654635,27.67829516506053],[84.2206433657727,27.679081146398794],[84.2206883201093,27.67968601089037],[84.22073952753351,27.679925206396028],[84.22083868875592,27.680067248425555],[84.22109159518835,27.680206725975214],[84.2212208306101,27.68019072137135],[84.22281285810314,27.679576476663154],[84.22323851610238,27.67971570485104],[84.2236442290577,27.680195845235087],[84.22363316320302,27.680536695501022],[84.22337438001037,27.68091630776804],[84.22325377315701,27.68100001950981],[84.22301299772812,27.681952925039557],[84.22318743829543,27.682469513889828],[84.22390826924348,27.683596844641755],[84.22399786477929,27.683863110356352],[84.2240515100109,27.68420833654773],[84.22405026001212,27.684221903001202],[84.22686649143733,27.684122433512034],[84.22966840483869,27.68427578817448],[84.23017671880544,27.684250092785433],[84.23036735268049,27.68506914564589],[84.23026125198646,27.68599022898622],[84.23052328741038,27.686712065583517],[84.2305439829604,27.687030284184324],[84.23073311655229,27.687472351439688],[84.23114889639633,27.68786440358812],[84.23142656229516,27.688319849852782],[84.23209174741727,27.688977854718207],[84.23223329997421,27.689225865203607],[84.23248764493052,27.68958884643039],[84.23254554127169,27.68997245896221],[84.23271116646734,27.690355884279118],[84.23278694527873,27.69096968996891],[84.23286897585977,27.691199757255273],[84.23296826281826,27.691698403392294],[84.23307261446466,27.691869766454396],[84.23339179612873,27.692027249466726],[84.23341111560747,27.692162664604076],[84.2334276216405,27.69246731619091],[84.23352722244782,27.692947895295873],[84.23361062796613,27.693101252848663],[84.2337946977134,27.69363816011686],[84.2339768283767,27.694328487733276],[84.23416314800701,27.694732231340954],[84.23428544414166,27.695136037051718],[84.23464295216115,27.695580104866323],[84.23491855457058,27.695775974686768],[84.23510824977011,27.695987849689644],[84.2352968198981,27.69625836630484],[84.23542099130684,27.696526757701907],[84.23544006098274,27.696680177468675],[84.23569240538377,27.696988955086237],[84.2357338582377,27.6970860465191],[84.23600777278509,27.69739469890086],[84.2360491630471,27.69749172804294],[84.23604722497136,27.69760682365719],[84.23569972169373,27.6978692142646],[84.2355234691298,27.698172052943548],[84.23549964781182,27.6983052177697],[84.23554135087049,27.69838186473613],[84.23558336695726,27.698440507473016],[84.23579569548941,27.698577797172263],[84.23658473852458,27.698878884663436],[84.23664876274199,27.698874258216293],[84.23684039584055,27.698955219041412],[84.237349335125,27.69932451511462],[84.23758323482356,27.699441486777456],[84.23781494598325,27.699711940420862],[84.23834458043736,27.70012181056589],[84.23866463646591,27.700220526811574],[84.23904709134851,27.700436589498707],[84.23919539705375,27.70055368671792],[84.23942929626092,27.700670657930555],[84.23961955386572,27.700844084132477],[84.23972421860698,27.70099969206479],[84.23972309249005,27.701074151810033],[84.2396349979995,27.70120750357289],[84.23913387552675,27.70169814779813],[84.23913162434164,27.701831312589476],[84.23917389010384,27.701869636095086],[84.2395580325951,27.701990858426722],[84.24000738674317,27.702053251718198],[84.24045505312137,27.70221273502395],[84.24071158615797,27.702252871834645],[84.24113630604226,27.70252526344386],[84.24153839378033,27.702856360534792],[84.24249306121655,27.703479855629446],[84.24287745364717,27.703580759613573],[84.24296367315614,27.703562566315885],[84.24311529143374,27.703469727154033],[84.24343841144017,27.703376636073912],[84.24408302543962,27.703289735146665],[84.24453437957462,27.703257350098106],[84.24472657652933,27.703279544360782],[84.24517843102997,27.703190704951712],[84.24556451157885,27.70317651263791],[84.24620743750239,27.70320464552879],[84.24646371982128,27.703265162889913],[84.24736299136177,27.70335381259764],[84.2478891861183,27.703359626499925],[84.24864940605032,27.703369565908602],[84.24912058013106,27.70341382859826]]]}},{"type":"Feature","properties":{"province":"Gandaki Province","district":"Nawalpur","municipality":"Devachuli Municipality","ward":"16","wardNumber":16,"sourceMunicipality":"Devchuli","sourceType":"Nagarpalika"},"geometry":{"type":"Polygon","coordinates":[[[84.24777431461568,27.77747859558289],[84.24788910636263,27.7774672171489],[84.24809649573109,27.777444210373858],[84.24829113121415,27.777371626361667],[84.24893949561901,27.777072475013792],[84.24943749311642,27.776793955210167],[84.24974091814921,27.77658801891973],[84.25030750197824,27.776079118711994],[84.2507879295705,27.775570406374648],[84.2513528262833,27.775117960232752],[84.25150425727554,27.775045439203225],[84.25173227957377,27.774916400595725],[84.25172946590442,27.774753852702553],[84.25206083685241,27.773477977460082],[84.25248768099547,27.772339642343375],[84.2535977769755,27.77010535937687],[84.25378884769582,27.769630970055353],[84.25396022235603,27.76883167218417],[84.25416642279646,27.768318896283557],[84.25453430876851,27.76773816306691],[84.2550226770007,27.767145863305778],[84.255256387969,27.766725614203704],[84.255367428588,27.766450096054893],[84.2554946002052,27.76577039600756],[84.25545708510445,27.76521298248754],[84.25578995810487,27.764587172707138],[84.25661582546272,27.763486410494924],[84.25798195523826,27.762037045902343],[84.25909180260346,27.761120837626958],[84.2600330890094,27.76054347926481],[84.26037596600966,27.76041644210608],[84.2608985965481,27.760122041644696],[84.26111486426899,27.759846273342774],[84.2616534376884,27.75878439810009],[84.26176904219562,27.758326013117234],[84.26178098417596,27.758278561504596],[84.2616440570107,27.757545283593824],[84.26123840502481,27.756618387404647],[84.26026310309473,27.75513957870237],[84.26008935067199,27.75463430581252],[84.260029828246,27.75415591484473],[84.25934838588518,27.753019643959753],[84.25868807711821,27.752212845249723],[84.25800525987138,27.751537022611725],[84.25642642321333,27.750722847939993],[84.25581788427544,27.750335797635202],[84.25575611055797,27.75022082605282],[84.25575342245311,27.749913860997818],[84.2558705278127,27.74953443716025],[84.25605878451577,27.749218155920126],[84.2566850156321,27.748758708234984],[84.25675260302707,27.748643486777627],[84.25673878464443,27.74814696506887],[84.25665831736843,27.747645943713792],[84.25595136561505,27.74642852350538],[84.25520577524777,27.746001023983364],[84.25498350482037,27.745622287745125],[84.2550247695541,27.74510526080217],[84.25483707354175,27.7443224685937],[84.25413918793886,27.743420892089585],[84.25358679469474,27.742850912839746],[84.25350538941545,27.742528255268777],[84.25426623161378,27.741050695558005],[84.25443110435793,27.740490655419002],[84.2544380446277,27.740217513228004],[84.25432543952358,27.740059779018562],[84.2540572152045,27.73983227526262],[84.25342404203472,27.73944522480309],[84.25311730228846,27.739014660962784],[84.25301895300703,27.73872820200234],[84.2530006953838,27.73823168099521],[84.25317282088331,27.737515845232277],[84.25336132797779,27.73704827032434],[84.25377322933876,27.73635687927861],[84.25404726733467,27.73556864712616],[84.25445610597026,27.734947151319314],[84.25453938644517,27.734477513617836],[84.25442765629697,27.734154981063984],[84.25386657302937,27.733697848048983],[84.25322202075762,27.73333561737623],[84.25285588458625,27.733246028374413],[84.25227804528879,27.732919808336813],[84.25200169205554,27.732473365121074],[84.25179999146292,27.731889193839844],[84.25170989463246,27.731329591472164],[84.25162661084411,27.72985134500578],[84.2515338885547,27.72954450520064],[84.2514482937281,27.729264798026207],[84.25111466928507,27.728687566260394],[84.25063186452454,27.72805200451736],[84.25050750579202,27.72776329482786],[84.25036113838303,27.727533352405857],[84.25009272500087,27.726899604673683],[84.24927842154896,27.725512947234808],[84.2492839857848,27.725169846732157],[84.24935307325562,27.724883074734365],[84.24935638618454,27.724655070060496],[84.24930055243011,27.724138293660314],[84.24923934260573,27.723964617432348],[84.24920414054816,27.723506482870313],[84.24920964206144,27.72316338238545],[84.24927860519873,27.722820218959658],[84.2493328113858,27.72213395474592],[84.24927435227845,27.721788728649873],[84.2492798535285,27.72144562717693],[84.24932743340798,27.72115885530217],[84.24931417788243,27.72064426649721],[84.24936400747154,27.720242460947198],[84.24947717467333,27.719863037278824],[84.24939270540719,27.71976613329697],[84.24905301645397,27.719552321220437],[84.2484564203727,27.719332194289294],[84.24788883399297,27.719044298143146],[84.24769188593247,27.718864120198212],[84.24730961851488,27.718611984484255],[84.24701344626737,27.71833940490853],[84.24682393739397,27.71810952516869],[84.2466661283381,27.717304038394722],[84.24641034468912,27.71664540706424],[84.24639821513843,27.716613835607774],[84.24628117065647,27.71586692919343],[84.24629342423637,27.71512208469131],[84.24636476247012,27.714722467668512],[84.24637145198125,27.714302593988364],[84.24646148543437,27.71401807318274],[84.24646311025674,27.713902914203018],[84.24655608168202,27.71350323378352],[84.24657865267997,27.713408393601785],[84.24658096550498,27.713293359773257],[84.24672570527576,27.71226380659612],[84.2470158116126,27.711579355109215],[84.24719156431362,27.71133303317797],[84.24739263847528,27.71082031970329],[84.24743902966097,27.710592252281536],[84.24784186505438,27.70956682567571],[84.24788894555367,27.709372518729655],[84.24797941538377,27.708995469673194],[84.24820318551726,27.70842405148772],[84.24832104084281,27.707796366935774],[84.24834686203538,27.70747127140619],[84.24839219140331,27.707338044918416],[84.2483950041077,27.707166494632578],[84.24853255473283,27.70659513881481],[84.2488679906094,27.705797841801374],[84.24911045501284,27.70534370835705],[84.2492458164435,27.704943965033493],[84.24929339671543,27.704657193429576],[84.24930283623856,27.704083899755236],[84.2492641966959,27.70379731629792],[84.24922218147533,27.703740924080194],[84.24912058013106,27.70341382859826],[84.24864940605032,27.703369565908602],[84.2478891861183,27.703359626499925],[84.24736299136177,27.70335381259764],[84.24646371982128,27.703265162889913],[84.24620743750239,27.70320464552879],[84.24556451157885,27.70317651263791],[84.24517843102997,27.703190704951712],[84.24472657652933,27.703279544360782],[84.24453437957462,27.703257350098106],[84.24408302543962,27.703289735146665],[84.24343841144017,27.703376636073912],[84.24311529143374,27.703469727154033],[84.24296367315614,27.703562566315885],[84.24287745364717,27.703580759613573],[84.24249306121655,27.703479855629446],[84.24153839378033,27.702856360534792],[84.24113630604226,27.70252526344386],[84.24071158615797,27.702252871834645],[84.24045505312137,27.70221273502395],[84.24000738674317,27.702053251718198],[84.2395580325951,27.701990858426722],[84.23917389010384,27.701869636095086],[84.23913162434164,27.701831312589476],[84.23913387552675,27.70169814779813],[84.2396349979995,27.70120750357289],[84.23972309249005,27.701074151810033],[84.23972421860698,27.70099969206479],[84.23961955386572,27.700844084132477],[84.23942929626092,27.700670657930555],[84.23919539705375,27.70055368671792],[84.23904709134851,27.700436589498707],[84.23866463646591,27.700220526811574],[84.23834458043736,27.70012181056589],[84.23781494598325,27.699711940420862],[84.23758323482356,27.699441486777456],[84.237349335125,27.69932451511462],[84.23684039584055,27.698955219041412],[84.23664876274199,27.698874258216293],[84.23658473852458,27.698878884663436],[84.23579569548941,27.698577797172263],[84.23558336695726,27.698440507473016],[84.23554135087049,27.69838186473613],[84.23549964781182,27.6983052177697],[84.2355234691298,27.698172052943548],[84.23569972169373,27.6978692142646],[84.23604722497136,27.69760682365719],[84.2360491630471,27.69749172804294],[84.23600777278509,27.69739469890086],[84.2357338582377,27.6970860465191],[84.23569240538377,27.696988955086237],[84.23544006098274,27.696680177468675],[84.23542099130684,27.696526757701907],[84.2352968198981,27.69625836630484],[84.23510824977011,27.695987849689644],[84.23491855457058,27.695775974686768],[84.23464295216115,27.695580104866323],[84.23428544414166,27.695136037051718],[84.23416314800701,27.694732231340954],[84.2339768283767,27.694328487733276],[84.2337946977134,27.69363816011686],[84.23361062796613,27.693101252848663],[84.23352722244782,27.692947895295873],[84.2334276216405,27.69246731619091],[84.23341111560747,27.692162664604076],[84.23339179612873,27.692027249466726],[84.23307261446466,27.691869766454396],[84.23296826281826,27.691698403392294],[84.23286897585977,27.691199757255273],[84.23278694527873,27.69096968996891],[84.23271116646734,27.690355884279118],[84.23254554127169,27.68997245896221],[84.23248764493052,27.68958884643039],[84.23223329997421,27.689225865203607],[84.23209174741727,27.688977854718207],[84.23142656229516,27.688319849852782],[84.23114889639633,27.68786440358812],[84.23073311655229,27.687472351439688],[84.2305439829604,27.687030284184324],[84.23052328741038,27.686712065583517],[84.23026125198646,27.68599022898622],[84.23036735268049,27.68506914564589],[84.23017671880544,27.684250092785433],[84.22966840483869,27.68427578817448],[84.22686649143733,27.684122433512034],[84.22405026001212,27.684221903001202],[84.22403600482592,27.684368633918556],[84.22395366179272,27.684569630717974],[84.2235517015983,27.68498337788447],[84.22264911701497,27.685194752844303],[84.22236763799113,27.685466020921627],[84.22226034872098,27.68572578478424],[84.2222524708671,27.685746103535042],[84.22243203738438,27.686003115541524],[84.22274033932473,27.68625769009675],[84.22408721367637,27.686309704549444],[84.22452894011865,27.686554963585042],[84.22477253098937,27.68678478041521],[84.22488032108042,27.687102874359418],[84.22486988103509,27.687427907236867],[84.22478316105727,27.687791451542736],[84.2242310208411,27.68872453866804],[84.22404776514344,27.68899568105272],[84.22360366488564,27.689926392432554],[84.22359497429434,27.690461300286294],[84.22367587942271,27.690768139669736],[84.22373027542272,27.691379757136332],[84.22363961803471,27.691684596532635],[84.2235073186269,27.69191278867515],[84.2226144891627,27.692740345308245],[84.22203083542941,27.693018928155546],[84.22140616710949,27.69320048243622],[84.22118902352862,27.693370157541455],[84.22103540495496,27.693578031476367],[84.22049345388099,27.69393326107873],[84.22034096039728,27.694084743222252],[84.22016495756787,27.694349133438976],[84.22014344994543,27.694369452262084],[84.22003378410152,27.694520871624103],[84.21989885959411,27.694900296099693],[84.21978406798044,27.695356367066307],[84.21980226273746,27.69556855509903],[84.2199071137979,27.69570378172934],[84.2202895690843,27.695937912925107],[84.22060906226886,27.696075078245173],[84.2214376827299,27.69654552782005],[84.22169146415482,27.69677759575425],[84.22206879239516,27.69730062355237],[84.22227461995568,27.697837469259927],[84.22231313544917,27.699442253058507],[84.22249958085949,27.699827928874143],[84.2226264405184,27.69996309324335],[84.22260180656691,27.70015502445849],[84.22255753964765,27.70022954692522],[84.2224926410338,27.700268058470726],[84.22223385791993,27.700358772791752],[84.22172185567999,27.700179032998662],[84.22146475999703,27.70017715703832],[84.22116308515004,27.700249866328594],[84.22101146666235,27.700342643641996],[84.22092330959329,27.700494063237752],[84.22087435418618,27.700875550960664],[84.22099258667377,27.701507360925255],[84.2210756797973,27.701681037749676],[84.22141474390449,27.701933298760217],[84.22147901766618,27.701935424087594],[84.2216920337527,27.702032139554117],[84.22194687842966,27.702189748146257],[84.2221153164272,27.702383555074316],[84.22211275284597,27.7025347870509],[84.22195913372359,27.702742785476268],[84.22189110901799,27.702972978972042],[84.22188885870446,27.7031242727226],[84.22219797448497,27.703893436708086],[84.22257255136847,27.704606082873326],[84.22274123874129,27.70477963407872],[84.22284615312256,27.70493517942872],[84.22348320221323,27.705324605835997],[84.22373923513666,27.705405504109383],[84.22489728989395,27.705421632295575],[84.2253449555969,27.7055811788575],[84.225855269761,27.705855696735984],[84.22598175520308,27.70599092348801],[84.22614850454615,27.706297575838022],[84.22637202602552,27.707064676301172],[84.22672959666808,27.707510932290955],[84.22681262756817,27.70766428971675],[84.22697575146124,27.70820125947502],[84.22705152992616,27.708812814223066],[84.22680587787937,27.709422681698],[84.22652183463707,27.709743588491257],[84.22643536516297,27.70977984967108],[84.2262395435725,27.709949461978763],[84.22591517271675,27.710117011596164],[84.22578418728251,27.710248175250527],[84.22565182561124,27.71047636721032],[84.22553597099174,27.711009211743818],[84.2255616697558,27.712079025721337],[84.22566120743433,27.712539348549317],[84.22569559521868,27.713074192888485],[84.22581670305512,27.71353445293796],[84.22618878049701,27.714380201446694],[84.22636947364687,27.71514511358761],[84.22642624456513,27.715605499019475],[84.22670047278054,27.716647805164015],[84.22674930405168,27.716832796859606],[84.22676693525477,27.7170607388332],[84.22676330924804,27.717290993836613],[84.22644675607376,27.718280097292055],[84.22633702761262,27.718431516782974],[84.22615933810235,27.718811004051933],[84.22585178680539,27.719265199729005],[84.22540537204011,27.720329075919437],[84.22522511864412,27.720859732144767],[84.22513152256214,27.72131811663581],[84.22512070669929,27.722004318041407],[84.22522380760849,27.722236573389832],[84.22534385295573,27.722771355749526],[84.22546746198444,27.72307813316622],[84.2258435394212,27.72369593993329],[84.22603386052555,27.72386936508695],[84.22651678982653,27.72448704605112],[84.22734197249409,27.725185376103273],[84.22783002874372,27.725516409769646],[84.22827350588624,27.725924217045126],[84.22850521717078,27.726194670651438],[84.22882252268704,27.72646499996199],[84.22986097145579,27.727223971784085],[84.23030451231392,27.727649721717498],[84.2310606685468,27.72863482314395],[84.23120697284183,27.728864827760628],[84.23151508865377,27.72971070095229],[84.2316815886808,27.730017353915482],[84.23184333625566,27.730631033791923],[84.23183327134002,27.731242713580244],[84.23160625071624,27.732003749933813],[84.23160431286013,27.73213697673912],[84.23179350771804,27.732369107446022],[84.23256166858869,27.732607050760247],[84.23271053595336,27.732685886268246],[84.23279281712058,27.73289782347776],[84.23280819839115,27.733279248501354],[84.2326528908781,27.733602281225238],[84.23224117614562,27.73384447721539],[84.23198376823713,27.73386073270344],[84.23172742333723,27.733779896899957],[84.23149177283224,27.733778021717256],[84.2314052414688,27.733814282446637],[84.23131683376815,27.733965702094057],[84.23131570759,27.73404241223447],[84.2315037782299,27.734351314788714],[84.23143375303445,27.734694540393516],[84.23121548441115,27.7349206077167],[84.23084684864617,27.735162741317673],[84.23030364694738,27.735594744481446],[84.22997533856628,27.735992549252945],[84.22977970325233,27.736162161287787],[84.22943382574614,27.736327523068052],[84.22909094786971,27.736305516548338],[84.22891850950919,27.73634190304514],[84.22883228983353,27.736378163449945],[84.22837499549009,27.73679197315212],[84.22804975071,27.7369979087576],[84.22736074521038,27.737161582436308],[84.22727396251221,27.73721591139432],[84.22699379667071,27.737308938799963],[84.22673238728886,27.737553135462246],[84.22642477401148,27.73798926473329],[84.22620756854688,27.73815662586624],[84.22594978525595,27.73817288162132],[84.22517849915282,27.738124493143577],[84.22466324574161,27.73815694023889],[84.22431843093517,27.738247780419048],[84.22371389385762,27.73848797607118],[84.22360585435217,27.738542367231062],[84.22349637616828,27.738675718750113],[84.2231286153522,27.738861399089394],[84.2228697069289,27.738954364574475],[84.22269870593567,27.73891397770929],[84.22235895456986,27.738697851848656],[84.22218826533683,27.738639460258092],[84.22205921795614,27.738655464717272],[84.22192904452571,27.738750493082776],[84.22177567592806,27.73895836634958],[84.22171046432793,27.73899456483815],[84.22145186769568,27.73906952448904],[84.22110899120234,27.73904520500524],[84.2206581357733,27.73907752783381],[84.22055040851798,27.739113851131474],[84.22041961023166,27.73922688447441],[84.2203314527934,27.739378241594245],[84.22030006689975,27.739989984145925],[84.22035790138712,27.740371345682654],[84.2203304547011,27.74075283263199],[84.22039085212657,27.740982962990174],[84.22070596936331,27.741388769001222],[84.22089629011236,27.741562257564105],[84.22136333922711,27.741854905689824],[84.22146887801938,27.741972127162867],[84.22218189414781,27.742955040693033],[84.22237165226159,27.74316691511549],[84.22251826900356,27.74337885212913],[84.22297631494993,27.74422678867259],[84.2231164933562,27.74483821770717],[84.223047030269,27.745143057978133],[84.2228480195169,27.745504477033446],[84.2223441459519,27.746146353146354],[84.22206116648664,27.746410868991248],[84.22171066223933,27.746844808866896],[84.22124674052755,27.747660361763845],[84.22100577713131,27.747963200876256],[84.22051884704392,27.74887359393385],[84.2202324286122,27.749327728058038],[84.22016440429297,27.749555794922337],[84.22032721552901,27.750092765157373],[84.22088886230387,27.751168456038034],[84.2210744323287,27.751630904154904],[84.22123724293817,27.752167811734942],[84.22150728183288,27.752704593535046],[84.22183552959466,27.75362717717159],[84.22197570709179,27.754238669715136],[84.22197170602035,27.75446892492682],[84.22192518895778,27.754696928734813],[84.22174712378987,27.755076415615008],[84.22126194498843,27.755891968762835],[84.22119391998172,27.75612009822436],[84.22097190052305,27.75657410686759],[84.22092513352989,27.756804424666157],[84.22079158415939,27.757107076214794],[84.22065403318976,27.75763998270654],[84.22055681119865,27.758326309603635],[84.22055062207227,27.758707734303798],[84.2205052296358,27.75886127938829],[84.2203285395906,27.759164055859916],[84.21982460401203,27.759805870506074],[84.21956313180637,27.760052317555314],[84.21930472355734,27.760104708202405],[84.21775864965588,27.7601793571696],[84.21732842830741,27.760250002781326],[84.2162931689516,27.760581163616784],[84.21551800643108,27.760742649337185],[84.21456727891069,27.761150395621915],[84.21439509088735,27.761186781735596],[84.21430949658908,27.761184655967714],[84.21405421391412,27.761047366007507],[84.21362699214284,27.760926142827966],[84.21345655382025,27.760849683581547],[84.21294230107686,27.760803107171743],[84.21242667198182,27.760853560110043],[84.21216801385062,27.760926206584482],[84.21190854244716,27.76105749600606],[84.21180069037808,27.76107575135443],[84.2117354787129,27.761132268024117],[84.2114768203512,27.761204851814615],[84.21115232521662,27.761372401730707],[84.21067496034762,27.76168912059842],[84.20998345435986,27.761985896002543],[84.20888067069286,27.762506674328847],[84.2086427075569,27.762617645198603],[84.20814577376318,27.762839586068374],[84.2079733342675,27.762875971801474],[84.20771380052255,27.76300732296765],[84.20710538854102,27.76349577970547],[84.20675538373882,27.76391384000553],[84.20638468434407,27.76429132630593],[84.20620699284615,27.764417989105535],[84.20588581163662,27.764648681625534],[84.2058199748047,27.76472557985218],[84.20530034493046,27.765024293236262],[84.20358664834902,27.766227586045893],[84.20332711445067,27.766358874797305],[84.20298273662748,27.76643164594578],[84.2026369832465,27.766578814971997],[84.20237863808832,27.76665371242975],[84.20190152328261,27.766972681163892],[84.20095129635588,27.767362297118584],[84.2003480098085,27.767527971210303],[84.19991828806901,27.76758048715828],[84.19942560484213,27.767536098831904],[84.1993810261063,27.767630939423043],[84.1994768122305,27.76833952248447],[84.19946681000569,27.768951140407236],[84.19932700867874,27.769637591587355],[84.19905978521471,27.77024739649234],[84.19888334525474,27.77055011070714],[84.19839910322312,27.771309209052557],[84.19798320021619,27.771822172215266],[84.197869720669,27.772203785105138],[84.19762519291524,27.772734565737984],[84.19749414405769,27.77288592285149],[84.19716389731559,27.773398761520134],[84.19656755193749,27.774462762693425],[84.19645663632745,27.774690891638013],[84.19632039851066,27.775149277127696],[84.19605204968012,27.77583354089294],[84.19593707019393,27.776291925245328],[84.19659375231741,27.776816829013693],[84.19710544245265,27.777014824104434],[84.19774224186563,27.77742238109616],[84.19833846318834,27.777699149237808],[84.19878581688603,27.777894831633905],[84.19917014747746,27.777995860547293],[84.19951083708023,27.77815109348336],[84.19957436000742,27.77820967352167],[84.19971816437685,27.778595411522602],[84.20007329696139,27.779190773597406],[84.20051921261324,27.779465478729207],[84.20096987948402,27.779451287113748],[84.20120653057177,27.779417151255508],[84.20133564107456,27.779398833114488],[84.20174241698709,27.779441158066017],[84.20199882453063,27.779501675934707],[84.20231906888607,27.779600516447978],[84.20284926587671,27.779972187699634],[84.20368270016797,27.780171808564095],[84.20419501604742,27.78033129190821],[84.20464180695922,27.780567611724393],[84.2049804950592,27.780837940450898],[84.20555745977683,27.780979293927533],[84.20620726333588,27.781021180602092],[84.20665049037541,27.78104987638359],[84.20722657941896,27.781229490970933],[84.20761297335707,27.781215423798347],[84.20787000614558,27.781255685454756],[84.20857858186884,27.78120723301738],[84.20903131187691,27.78105981451908],[84.20922450902924,27.781061751848952],[84.20935193107607,27.78114058766858],[84.20956294678653,27.78135239975462],[84.20976952394533,27.781853171446702],[84.21017036136486,27.782279108890705],[84.21068267618179,27.782438592440784],[84.21087531116613,27.782458660903707],[84.21132372750334,27.782579821221443],[84.2116432214107,27.782735054061718],[84.2119615270879,27.7829512421507],[84.21240800598336,27.783185310750397],[84.21261995960637,27.783361049169393],[84.2129399534762,27.783459766013596],[84.21345370712037,27.783542539169293],[84.214030420663,27.78368383042665],[84.2145444870067,27.78374622289892],[84.21492806714613,27.783903644387248],[84.21531439812098,27.783889451927937],[84.21589173734523,27.784010487387576],[84.21640405317886,27.784169908090828],[84.2168548456134,27.784155653588037],[84.21698220454489,27.784234426425105],[84.21730388666214,27.784238427374714],[84.21768771732678,27.78437778042297],[84.21839410420704,27.784480498145644],[84.21858617638647,27.784541140150143],[84.21871297351905,27.784656049223376],[84.21928718681585,27.784971078812507],[84.21990541696994,27.785225152465856],[84.2202489812125,27.78521108534269],[84.22067845303265,27.78517876343467],[84.220937424738,27.78508579757795],[84.22178017411564,27.78469399452461],[84.222126865228,27.78448799626445],[84.22271452046378,27.7839589024762],[84.22310372722177,27.78377315993637],[84.22349374655542,27.783528775727046],[84.2241847531131,27.78325000524483],[84.22435787892094,27.783157227741086],[84.22464029682439,27.78293103635446],[84.22472795379005,27.78281575187706],[84.22488444889086,27.78241600940856],[84.22494972318829,27.78235949290117],[84.22508214674173,27.782131300769382],[84.22541927064361,27.781160202602155],[84.2257717753451,27.78059084695886],[84.22586105868075,27.780362717059933],[84.22598041450289,27.779617685762148],[84.22611646410498,27.779159238720535],[84.22633742123216,27.778761621570357],[84.22655606463964,27.77851748661148],[84.2268159105334,27.77836813061831],[84.22688030982673,27.77836800494644],[84.22726889105594,27.77822064935297],[84.2277863951323,27.778075356083136],[84.22830208618441,27.77804290773115],[84.22927244699503,27.777750070620684],[84.22972655185525,27.77752813056399],[84.23011688419041,27.777283682843795],[84.23044050380201,27.777174837820848],[84.23069872475457,27.777138265128745],[84.23106686168691,27.77693451681871],[84.23145800635744,27.77663367813783],[84.231977636301,27.776352907499664],[84.23282282409174,27.775830065559468],[84.23340685335405,27.77555148318372],[84.23366582371403,27.775458455579848],[84.23385952109106,27.77542432000693],[84.23443886080707,27.775432321746834],[84.23463118243082,27.775472708550986],[84.23540334410153,27.775500653491683],[84.23604502037784,27.77562368921212],[84.23649293706062,27.775783172847596],[84.23707146438204,27.77584762838955],[84.23771251411763,27.776009050582836],[84.23803419674951,27.776012988946935],[84.23893321793123,27.776158092247066],[84.23957658136294,27.776186288115852],[84.2399618496331,27.77624886830465],[84.24041032887322,27.776369965828174],[84.24073257350585,27.77635358579576],[84.24265410033003,27.77695288434346],[84.24323193968286,27.777055664164227],[84.24361533281714,27.777233278743545],[84.24406324874506,27.777390511336552],[84.24444789136427,27.77749135315056],[84.24483372265111,27.7775154849499],[84.24502610663575,27.777576127623938],[84.2460569891622,27.777513295216806],[84.24624987332791,27.77753555208729],[84.24708949740071,27.777373753510794],[84.24741061612103,27.777416077722197],[84.24777431461568,27.77747859558289]]]}},{"type":"Feature","properties":{"province":"Gandaki Province","district":"Nawalpur","municipality":"Devachuli Municipality","ward":"13","wardNumber":13,"sourceMunicipality":"Devchuli","sourceType":"Nagarpalika"},"geometry":{"type":"Polygon","coordinates":[[[84.20158493782517,27.688179650924923],[84.20153485624233,27.687850178978827],[84.2015901883128,27.68726325688744],[84.20178719820646,27.686852135883317],[84.2020104679273,27.68638687348738],[84.20262894730986,27.685778756717973],[84.2029276196064,27.68531337045508],[84.20303840944662,27.684737638468704],[84.20299095428197,27.68442617216101],[84.20277981286401,27.683914146067547],[84.20242242964525,27.6834812691825],[84.20201271536288,27.683172742239158],[84.20064320666218,27.68252917898207],[84.2003337169028,27.68208723676038],[84.20015715031832,27.681378778627554],[84.20035090908287,27.68076228539176],[84.20095832037788,27.679998497028237],[84.20097188862458,27.67996236219357],[84.20156923296004,27.67836114096007],[84.20182138745729,27.67743318063489],[84.2019999538274,27.676997239511024],[84.20202033491884,27.67636517835481],[84.20219739995456,27.67580288869098],[84.20215050760204,27.67549829876502],[84.20181013069632,27.67496608001214],[84.20096719196769,27.673651444711663],[84.20100420511798,27.673260892614966],[84.20111905972662,27.672980810299162],[84.20171615595959,27.672645898551067],[84.20218126431584,27.672060600540814],[84.20257441014367,27.671841098438744],[84.20320301733186,27.67158058377782],[84.20398055581408,27.671468863186607],[84.20458615516623,27.671305439388988],[84.20523733304043,27.671067431460195],[84.20540920998114,27.670970152709895],[84.20562366351915,27.670753151324966],[84.20566686745472,27.670477695011737],[84.20536475310506,27.668891416880168],[84.2054907366348,27.668313372016083],[84.20522082372905,27.66838151724454],[84.20483418086872,27.66819696279712],[84.2045987803062,27.66771207083973],[84.20423333133766,27.66719123011807],[84.20400549659627,27.66651665724359],[84.20369857017128,27.66611535227506],[84.20237276525808,27.66548985726488],[84.2020313891285,27.665429401897285],[84.2017022043732,27.665296676056144],[84.20110860981406,27.66545559874314],[84.20048569068338,27.66534812991842],[84.19999263349018,27.665382703438056],[84.19900382951272,27.66514713447596],[84.19868446042018,27.665009969536122],[84.19709981089788,27.664599163129374],[84.1962270495921,27.66455308777326],[84.1957578752459,27.66447243957968],[84.19517034558896,27.664466500640355],[84.1944033115844,27.664582722587486],[84.19382372125236,27.664594789434165],[84.19260426941788,27.66401193202714],[84.19180509689728,27.6633539889754],[84.19216510687025,27.66441430017715],[84.19211177490583,27.664913196810566],[84.19173957483426,27.66534488644615],[84.19180622629442,27.666310795337857],[84.19156720159972,27.667692514472332],[84.19145747390044,27.668022236184107],[84.19157120337141,27.66835833478637],[84.19179222291767,27.668610846913623],[84.19283723569609,27.669047348598884],[84.19292070500867,27.66929317085121],[84.19266761135526,27.66991197821132],[84.19275958367803,27.670286525396733],[84.19294684101662,27.67046232708554],[84.19349098018102,27.670773042949953],[84.19364097363501,27.671217548118523],[84.19386543182964,27.671431611197935],[84.19459839129442,27.671575027715924],[84.19491269578238,27.67172582139546],[84.19507306802193,27.67190837561079],[84.19524813286124,27.672316682213896],[84.19544833232888,27.67260082862438],[84.19606274826467,27.672920421868575],[84.19650322469485,27.673400562334272],[84.1964554570295,27.674003302492753],[84.19613046291573,27.67479603580089],[84.19612508627428,27.674965335415802],[84.19612295999659,27.67502622768058],[84.19620711696977,27.675276676537464],[84.19651016664102,27.67549967911051],[84.196699549668,27.675770258366754],[84.1966911092223,27.676027584081478],[84.19632353682378,27.676565305139572],[84.19639975270096,27.677021189178788],[84.19686154942961,27.67738617140703],[84.19684985834766,27.677745088766894],[84.19661314653068,27.678481243382205],[84.19629033941634,27.678601341205294],[84.19455038086832,27.678213354107573],[84.19363960634519,27.67810626069702],[84.19347879620383,27.678194536667494],[84.19310384584274,27.67873225771829],[84.19224540421686,27.68023670065956],[84.1916604386568,27.6810206814137],[84.19079705769217,27.682502617478665],[84.19035026742002,27.68305615586074],[84.1900882338271,27.683485469634835],[84.19032332087575,27.683598002202295],[84.19269407582347,27.685185966990723],[84.19312048375669,27.68521466214975],[84.19413498609411,27.685721122981928],[84.19891707393946,27.68840021855062],[84.19985342141914,27.68891799459936],[84.20034916839184,27.689088794903885],[84.20058331757488,27.689205828213375],[84.20158493782517,27.688179650924923]]]}},{"type":"Feature","properties":{"province":"Gandaki Province","district":"Nawalpur","municipality":"Devachuli Municipality","ward":"15","wardNumber":15,"sourceMunicipality":"Devchuli","sourceType":"Nagarpalika"},"geometry":{"type":"Polygon","coordinates":[[[84.19026427383938,27.661284132459606],[84.1902720885634,27.661047062932727],[84.19053806206,27.660403435373514],[84.19045890736149,27.660247765214276],[84.19041464047449,27.65995892976671],[84.190439586769,27.659356252791547],[84.19037843873656,27.65897939263028],[84.19032623191332,27.659047162038984],[84.19024007502698,27.659063104186526],[84.19015060478023,27.659176075173377],[84.1893146087185,27.66079561444523],[84.18872864224531,27.661351653448477],[84.18859978204007,27.661367657906137],[84.18793497294028,27.661208299519274],[84.18721601921064,27.661243185078607],[84.18692866351587,27.66145568578126],[84.18668694901633,27.66204517164934],[84.18652276322656,27.662253045307523],[84.18611304965162,27.662422845157828],[84.18558885480019,27.66236939322741],[84.1850182064533,27.662232478166402],[84.18470096398572,27.66222391296517],[84.18436646511594,27.662289807844548],[84.18381563645474,27.662647163615986],[84.18384602228872,27.662796081951377],[84.18357504821617,27.663915973907468],[84.18337184887163,27.664412807399177],[84.1830371002287,27.664934648516414],[84.1827773792332,27.66519685084963],[84.18241693330619,27.665321450293582],[84.18110525940051,27.66530063343793],[84.18010588886541,27.66537190461699],[84.17987874294802,27.66543317289303],[84.17961664572931,27.665577965380326],[84.17952711272149,27.66569099906497],[84.1794692163493,27.665955139716306],[84.17958075882804,27.666507989325492],[84.17957919605111,27.667476273476336],[84.17949141424441,27.66787589116731],[84.1789036968936,27.668707323155168],[84.1785597571842,27.668849928187996],[84.17762697414574,27.668982093266372],[84.17708020914039,27.669174649786527],[84.17670038148991,27.66938727496008],[84.17623133316407,27.669977011080924],[84.17615005393506,27.67026603405764],[84.1761846917372,27.67053911421199],[84.17664098654129,27.671087024558894],[84.1764636081134,27.671310653437576],[84.17607777836544,27.67144206668234],[84.17485832648082,27.671662570070797],[84.17273428933763,27.671836810517142],[84.17230444233418,27.6719796032394],[84.17182051453022,27.67315388601173],[84.17175311462064,27.673246538311094],[84.17183695836484,27.673352507387122],[84.17337734242659,27.674023202936368],[84.17488996640216,27.674966978990813],[84.17523922124528,27.67518548021313],[84.17650594082374,27.675903877916305],[84.17970844308248,27.677978547178398],[84.18133773514654,27.678696382192552],[84.18188674992943,27.677966667021735],[84.18278583224358,27.6766021408054],[84.18320467361909,27.676170451166126],[84.18407355749467,27.67496615882889],[84.18459468685012,27.67424550860464],[84.18590273195808,27.671711262941436],[84.18681275503413,27.670150303681734],[84.18737421146719,27.66897351972548],[84.18759516779947,27.668849170756832],[84.18790240705914,27.6687674586048],[84.18839696509492,27.668848044216197],[84.18879842677647,27.6691657624469],[84.18958365628173,27.669489669784383],[84.19001056380385,27.669531993647343],[84.19046335702063,27.6694771648721],[84.19060734638519,27.66829200391352],[84.19036694400381,27.667639999925882],[84.19034180880394,27.66722475323038],[84.19041077225131,27.66678674936875],[84.19058027174582,27.666373440422706],[84.19041883616798,27.666143497848694],[84.19018449937414,27.66605353440664],[84.19009083959764,27.665965633499887],[84.19001756205543,27.665557200444972],[84.19006095303308,27.66500635109089],[84.19039301189676,27.664247503311778],[84.19045591075269,27.66396304420086],[84.19030879244859,27.66321157353605],[84.1902764668507,27.662484860223532],[84.19019681224644,27.662040291972733],[84.19021481781726,27.66148500389476],[84.19026427383938,27.661284132459606]]]}}]}