{"type":"FeatureCollection","features":[{"type":"Feature","properties":{"province":"Gandaki Province","district":"Nawalpur","municipality":"Binayi Tribeni Rural Municipality","ward":"4","wardNumber":4,"sourceMunicipality":"Binayee Tribeni","sourceType":"Gaunpalika"},"geometry":{"type":"Polygon","coordinates":[[[83.9045351617918,27.64508749800156],[83.9044943973466,27.64497008820719],[83.90428525782993,27.64462236054047],[83.90417984324368,27.644507139803352],[83.90321035976909,27.6434028146263],[83.9029133120233,27.643167808079948],[83.90263652287605,27.643029954213738],[83.90229477091358,27.64291010681848],[83.90126745346356,27.642706233473863],[83.89989500757488,27.642594637824764],[83.8995535681845,27.642474790215562],[83.89912728578234,27.642278106873697],[83.89880841805709,27.642081549492328],[83.89829697810147,27.641846416858503],[83.89752825663074,27.641586277882766],[83.89556052722166,27.6411221407817],[83.89393223719884,27.64089069656164],[83.89299145134206,27.64064850035897],[83.8923937923784,27.640429060017578],[83.89162644620541,27.64009446133162],[83.89092481115792,27.639662772310054],[83.8905452962461,27.639256214689592],[83.89042106237328,27.63896719209528],[83.8904446340024,27.638852033579973],[83.89051165878548,27.638680608223556],[83.89088335952043,27.63828136587309],[83.89116921550676,27.637884311868387],[83.89134865744195,27.637426302170017],[83.89149446222008,27.6363903726571],[83.8917850076743,27.635704421333145],[83.89213588754468,27.635269106543262],[83.89231220357293,27.634982522498127],[83.89227081291465,27.63488543095261],[83.89218596957056,27.634826601084264],[83.89184390515372,27.63474739059853],[83.89158630903817,27.63474270096074],[83.89115771329199,27.634681432729952],[83.89004567712756,27.634416479801168],[83.88962008190596,27.634181410573145],[83.88938843315846,27.633910392733878],[83.8893689266649,27.633795296346275],[83.88954536714346,27.633508712253658],[83.88956993835075,27.633319093968137],[83.88954299133387,27.63328977335151],[83.88946458757461,27.633201747464447],[83.88914540690726,27.63302538247418],[83.88884942213113,27.632754303357057],[83.8888316030357,27.632521796761377],[83.88907738234339,27.631950879587905],[83.8890800702107,27.631777140841127],[83.8890019794512,27.631316630309943],[83.88881916230783,27.630682193665457],[83.88882491479823,27.630336842646507],[83.88887268301681,27.630050258337928],[83.8886882391512,27.62952872996832],[83.88848016257569,27.629124485852667],[83.88837512391194,27.628989008380394],[83.8879082011823,27.628656848247903],[83.88765266878121,27.62853925124611],[83.88594172303542,27.62813388136047],[83.88560034703798,27.627995903307312],[83.8849159683519,27.627832791812953],[83.88423284035864,27.627595284116676],[83.88363699527174,27.627280942007037],[83.88308454140065,27.626928463006504],[83.8828738376734,27.6266957696731],[83.8828337611309,27.626521968419915],[83.88288227867972,27.626176679096147],[83.8828210061832,27.62600506595547],[83.88263249965395,27.625713730899534],[83.88261299252724,27.62559863434767],[83.88268201832447,27.625311925196666],[83.88277092574376,27.62514056204065],[83.88275241938814,27.624968949084916],[83.88282044459089,27.62473881945412],[83.88282513441249,27.62445217242854],[83.88272147078285,27.62423992244031],[83.88253096251889,27.624084001930342],[83.88242567450959,27.623948461891978],[83.88238653502695,27.623715955437422],[83.88230306630507,27.62358047859138],[83.88213406607723,27.623406489328243],[83.88190079242422,27.62323025042489],[83.88141242429086,27.622918345737162],[83.88115620472118,27.62281881682473],[83.8807276086167,27.622775616021023],[83.88007786816121,27.623113590170824],[83.8799740168407,27.623093209327124],[83.87986410102012,27.623070576934232],[83.87975806195529,27.622993741819045],[83.87969410072347,27.622955293248733],[83.87914846155768,27.62219863332194],[83.87889399265283,27.622024644625625],[83.87863745986942,27.62194318244706],[83.87855130371813,27.621961188209443],[83.87795170671487,27.621877163314835],[83.87615547900558,27.621433156079014],[83.87521150401949,27.62140302204216],[83.87435143633898,27.621487984303254],[83.8740938407407,27.621483232451826],[83.87323164582772,27.621685603777426],[83.872819618731,27.62192904981453],[83.87275021758603,27.6219267373556],[83.87256208502264,27.62192429878453],[83.87222002122093,27.621824644269292],[83.87187733187788,27.62178144420561],[83.87143035372952,27.62154631217965],[83.87125316396927,27.621352129589443],[83.87103970974715,27.62130217720515],[83.86994505423169,27.6212312183132],[83.8694294258632,27.62113819090389],[83.86839960756699,27.621125936831557],[83.86814182424588,27.621089613367978],[83.86743156171057,27.62088355251353],[83.86697820618801,27.620639355299193],[83.86639592819287,27.620392719633955],[83.86548840525882,27.619845683500102],[83.86522830925026,27.61963549669083],[83.8647674513071,27.618797625315207],[83.86437730730322,27.618456462355653],[83.86433335323645,27.618379689566293],[83.86426326593838,27.617921367044314],[83.86419724129588,27.617770072505966],[83.86417110735091,27.617388585942194],[83.8640407459008,27.61725529649752],[83.86386830797967,27.617178398739583],[83.86352486778172,27.617180336632458],[83.86320449888883,27.617279365331576],[83.86250030036108,27.617569825127596],[83.86224308023068,27.617571825827543],[83.86192208615026,27.61763021769556],[83.8612787854526,27.617634093368544],[83.86102069058282,27.617579639573968],[83.86063254643082,27.617409964635176],[83.8604393500494,27.6173917713889],[83.86024677898381,27.617411839926373],[83.85986201164036,27.617528874122247],[83.85960654121449,27.61766403821135],[83.85928804845133,27.617952623439503],[83.85865024961132,27.618378560788912],[83.85775460469132,27.618783991235837],[83.85733025989633,27.619169542391845],[83.8569263599843,27.619439996471886],[83.85635039642256,27.619710263231248],[83.8559034185901,27.61998065412877],[83.8555832994618,27.620118007175883],[83.85532814310099,27.62027123979478],[83.85511537672993,27.62042672212643],[83.8549660705657,27.620485302278848],[83.85498789155164,27.620521438245824],[83.85520722234388,27.620903112322136],[83.85544837404889,27.621323173659516],[83.85558129792551,27.621666399519818],[83.85567089273158,27.621989244840893],[83.85573948071472,27.622334659044416],[83.85574898362769,27.62307956525955],[83.85552846335604,27.62434106064081],[83.85552990098053,27.62443815204001],[83.85547044168202,27.624839832025135],[83.85547619293318,27.625298029266443],[83.85543455278469,27.625413125522055],[83.85539666340642,27.625814869081065],[83.85527524311574,27.62638803671586],[83.85521234463096,27.62650307131863],[83.85513481481323,27.62719371156857],[83.85497112888866,27.627825522102178],[83.85486746514394,27.62811204335903],[83.85474173101696,27.628342173558824],[83.85432770144295,27.62954934083588],[83.85395012433833,27.630239605353786],[83.85365838992367,27.630929995906875],[83.85355672713332,27.631388130811406],[83.85356104113342,27.63173348238806],[83.85340429455725,27.63293864827327],[83.85330394414602,27.6332883761892],[83.85315757746916,27.633800589523837],[83.8528873513778,27.634488728898926],[83.85265564085722,27.634836080774935],[83.85240035852725,27.635009631692185],[83.85156742419328,27.63529990347704],[83.85105548507987,27.63553409691974],[83.85048202255268,27.635975913906822],[83.8501624656178,27.636149402309538],[83.85001428569427,27.636323015795035],[83.84993125519462,27.63655314617505],[83.84982615342574,27.636726821617255],[83.84969810639225,27.636765082598725],[83.84932978235287,27.636462244023875],[83.84898402925064,27.636272249825613],[83.84872705909345,27.636292317980555],[83.84840775360802,27.636506380642977],[83.84743289162175,27.637466850142218],[83.84728727464376,27.637830143940633],[83.8473788079673,27.638288403842736],[83.84731653489482,27.63846214272695],[83.84718898763037,27.638559046136866],[83.84706069017649,27.63859730710126],[83.84678183624436,27.638599244643068],[83.84652542903422,27.638657637423105],[83.84633360822235,27.63877254603588],[83.84629134271778,27.638831187425666],[83.84629371806108,27.639002738391273],[83.84640594628127,27.639404668695768],[83.84643001751846,27.639632610530356],[83.84649660486282,27.639804286615345],[83.84647991069684,27.64020602916168],[83.84639775536877,27.64049255160319],[83.846102270831,27.64089629442676],[83.84591132431781,27.641051840069732],[83.84556957257014,27.641168749241917],[83.8452482664634,27.64120682269475],[83.8448631859141,27.641305726426292],[83.84473595173878,27.641420697655974],[83.84448298274967,27.641767986673905],[83.84437900566323,27.642054508990697],[83.84434105459273,27.642456314283162],[83.84432004643178,27.642494638086355],[83.84427753098095,27.642512643656122],[83.84417011547006,27.64251476920675],[83.84401712196106,27.64228663904254],[83.8438868236139,27.64213303134806],[83.8436034688193,27.641771550233138],[83.84351699947098,27.641735351513137],[83.84332405341661,27.641735101519103],[83.84274858927984,27.64202568675137],[83.84242784600983,27.642104271804236],[83.84191296721436,27.6421082100993],[83.84178517000852,27.642184857999148],[83.84170101348897,27.642320147625618],[83.84168094394522,27.642432993004903],[83.84175322003715,27.64306511671633],[83.84158346901773,27.64321841129144],[83.84149787480644,27.643256672725116],[83.84130524088873,27.643276740867947],[83.84066144060736,27.643262486261953],[83.83995274036447,27.643189463693936],[83.83975979401626,27.643209532042597],[83.8395019484364,27.643173146253257],[83.83853627794358,27.643140448741008],[83.83750433359053,27.642956393340576],[83.8360847461942,27.642620793799832],[83.83530977104914,27.642396352304047],[83.83485685429176,27.64222655237204],[83.83440331133596,27.641961911420047],[83.83375725922637,27.641755725302986],[83.83253518220468,27.641801675271097],[83.83221468795153,27.641898391628345],[83.83164003690905,27.642285879501955],[83.83144796638442,27.64234433403396],[83.8311263470063,27.642364277498196],[83.83106801294171,27.642352961392895],[83.83093277538659,27.642327953921757],[83.83086906357366,27.64236621525583],[83.82964636110394,27.642373779308528],[83.82919525688747,27.642319074643137],[83.82816556220442,27.642324575931863],[83.82784288080775,27.642231673249864],[83.82764849606357,27.64213658256694],[83.8263572686439,27.641780664392424],[83.82609942264013,27.641764534571937],[83.82564806852216,27.641671443946674],[83.82532619872315,27.641673256929845],[83.82481050857663,27.641600423111893],[83.82435996598288,27.64160204801178],[83.82365464176266,27.641815672953964],[83.82314295204381,27.642049740612233],[83.82288729536525,27.642202848052914],[83.82275893506778,27.642243359789823],[83.82224774500612,27.642531632256524],[83.82186385304243,27.642707182930327],[83.8215429844658,27.64278583141328],[83.82141431096888,27.642805962223203],[83.82137098293971,27.642767513135055],[83.82105048943816,27.642864165717285],[83.81938037036647,27.64312386626708],[83.81867216981864,27.643150060672394],[83.81828502672909,27.643097607005163],[83.81738363080515,27.643125802654524],[83.81723563841001,27.64334005286742],[83.81702637225398,27.643822819181878],[83.81698716951337,27.6441681087742],[83.8166936858412,27.644804232169825],[83.81657138958218,27.645384152910744],[83.81632148383545,27.64607679423615],[83.81613210125204,27.64642639660441],[83.81604869420016,27.646656464092775],[83.81596422620223,27.646773748088997],[83.81583667876241,27.646888719270667],[83.81566573973028,27.646967555227345],[83.81510884648043,27.647088652198015],[83.81491558739732,27.647090652779486],[83.81427059854599,27.64700175141],[83.8128531355509,27.646959237788746],[83.81227273325267,27.64690878462869],[83.81150051000786,27.646955172687267],[83.81010480466858,27.64695104511499],[83.81006253902507,27.647009687961074],[83.81002139870328,27.647181175727244],[83.80998044603763,27.64735491364683],[83.80998438446834,27.647702515666204],[83.81011687124551,27.648045742232416],[83.80994674532026,27.648201287835914],[83.80941410945248,27.648572958780882],[83.80890173271109,27.648809277503606],[83.80871034833163,27.64898282894135],[83.80864594933665,27.649003021944978],[83.80841267551654,27.64925553370975],[83.80822266785589,27.649546493636368],[83.80809699537456,27.649835203829856],[83.80803759834194,27.65029783944514],[83.8077434879648,27.65087750928351],[83.8076183793183,27.651224924287504],[83.80770834917483,27.651588468471044],[83.80783896001833,27.65176014387695],[83.8079905164321,27.65187317761015],[83.80805704025036,27.652065171384127],[83.8079518767682,27.65223884776249],[83.80759067983983,27.652588199945107],[83.80757104696757,27.65276193825602],[83.80759311758864,27.65281839244783],[83.8077231661036,27.652933676660876],[83.80826430367938,27.653331731368873],[83.80839491392693,27.653483088374855],[83.80843993112242,27.653675020041785],[83.80835733701505,27.653963855024493],[83.80829406423486,27.65407895114208],[83.80810242997833,27.65421630398309],[83.80672823361316,27.654212113737252],[83.80653572467469,27.654290886893808],[83.80649483373566,27.654482693394094],[83.80651690529733,27.654541397657454],[83.80660418694505,27.654654368552077],[83.8069067990787,27.65482404368899],[83.80697194796663,27.654900878720944],[83.80697307324883,27.65499796963343],[83.80695206594784,27.655054361900774],[83.80669715822178,27.655306810019876],[83.80639892259379,27.655502742358316],[83.80631470318247,27.65565841359048],[83.80642374383193,27.655809770598292],[83.806725292657,27.655902735429137],[83.80706910758659,27.65591899075915],[83.80724017129154,27.65587866616599],[83.80758373645975,27.65587460294351],[83.80792780110183,27.65590892621525],[83.80896237122656,27.656282724291845],[83.80973803325844,27.656504977999784],[83.80995448816057,27.656656522142228],[83.8099768095176,27.656751362929803],[83.80972190170935,27.657003812045915],[83.80950907309754,27.657161482925584],[83.8094245417913,27.65729683505635],[83.80940684701747,27.657621806045036],[83.80945161365975,27.65779566902309],[83.80960341991934,27.65792908410802],[83.80981881220788,27.658003855499558],[83.80990659383286,27.65817553124767],[83.81008440892798,27.658710688852914],[83.81045523364635,27.659225903104062],[83.8111504907135,27.659967121692617],[83.8115403224181,27.660290404599362],[83.81184518432053,27.66065194825129],[83.81225733665018,27.661052003453452],[83.81241145655937,27.661395292323647],[83.81241476980239,27.661684190117622],[83.81231173106467,27.6620881208751],[83.81220712975835,27.662320438615623],[83.81203725427748,27.662493989636417],[83.811738768095,27.662689984352582],[83.81098961471729,27.66288985535047],[83.81047454957468,27.662934305622066],[83.81015368042078,27.663053527705774],[83.80976953752086,27.66326740235427],[83.80964417827113,27.66357649297563],[83.80964799217926,27.663924095833288],[83.80973721182826,27.664210867458937],[83.81017343576247,27.664838927289974],[83.81063066715299,27.665410533384254],[83.81078559861457,27.66581258895636],[83.81085818725091,27.666562059537135],[83.8108658771662,27.667252762455487],[83.81097904364272,27.667772040178455],[83.81116536139211,27.669094991468913],[83.81118799461603,27.669210087828258],[83.81121094012829,27.66932524689945],[83.81129878458779,27.669496922515684],[83.81145059104288,27.669650592727958],[83.81162653088214,27.670011948612075],[83.81165160184224,27.67035736316892],[83.81163140752116,27.670474647300523],[83.8116562910798,27.670761356299696],[83.81172644112247,27.671280634078283],[83.81205556274122,27.671910819736237],[83.81262002081985,27.672462295275956],[83.81346589607521,27.673221831658704],[83.81379232907352,27.673621761395616],[83.81418222338218,27.673924725957903],[83.81422774056205,27.674003812019205],[83.81437942129413,27.674268077291973],[83.8144456953284,27.674439689768104],[83.8144500723143,27.67484374629478],[83.8144745813525,27.67496790825385],[83.8145412300202,27.675304319665972],[83.81460750492325,27.67547593204348],[83.81480382728068,27.67576289212322],[83.81506454871109,27.676009214618485],[83.81532608247592,27.67635269088439],[83.81543656085569,27.676639462035762],[83.81552734382609,27.677100035069245],[83.81553403338587,27.677675641732513],[83.81557817476441,27.677790800757304],[83.81590548303082,27.678249436222824],[83.81614844743348,27.67888174666029],[83.81612918994144,27.67905323524456],[83.81604434599417,27.679170519069636],[83.8157466102827,27.67942290588415],[83.81572703990783,27.67959670709138],[83.81585846386903,27.67982483621035],[83.81609711429606,27.68005302911561],[83.81629374978819,27.68034005054886],[83.8163820938134,27.680568118198252],[83.81645174449869,27.68102862841216],[83.81646437325327,27.682182092622206],[83.81640447547596,27.68258602299553],[83.81638815651849,27.683048721895783],[83.81632575812166,27.68322239749331],[83.815985694088,27.68357181276671],[83.81568745830282,27.683765556615448],[83.8156247474733,27.6839212277111],[83.81562724798897,27.68415142008891],[83.81539384908992,27.684403932029902],[83.81507372981,27.684599864013485],[83.81494774512807,27.684870568411387],[83.81499276233201,27.685042181224627],[83.8152322258594,27.685326890504122],[83.81532063279994,27.68555720775824],[83.81524166511451,27.68619139430596],[83.81524429093336,27.686423837585224],[83.81544842788078,27.687401437743645],[83.81549788373869,27.687977107072104],[83.81545868079135,27.688322458082183],[83.81543798621321,27.68838103847528],[83.81569120507106,27.68799317386825],[83.81588065069903,27.687645822616215],[83.81594254857987,27.687415630042164],[83.8159367975235,27.686896539360422],[83.81602020319409,27.686664159362635],[83.81612624350542,27.68654918770913],[83.81653145564056,27.686294613522122],[83.81667919872585,27.68606235789786],[83.81682312697926,27.685484688058743],[83.81692922987706,27.685347147282553],[83.81720595724526,27.68513308481288],[83.81748130987917,27.684785858501925],[83.81758597346251,27.684553540352322],[83.81758209796064,27.684208188472404],[83.81774897289122,27.683743427205002],[83.81808591081429,27.683145689668958],[83.81814999728624,27.683105176982096],[83.81823421539248,27.682969825072114],[83.81842609978185,27.68285272825349],[83.81945360521904,27.682535824031337],[83.8198363727606,27.68220447681969],[83.82015705444995,27.68204693089653],[83.82124908472518,27.681766161299883],[83.82178553349468,27.681703643337034],[83.82185037000251,27.681760160228364],[83.8220439419458,27.681796546158985],[83.82251986770713,27.682079254948682],[83.82271375186181,27.682135959011685],[83.82299241814025,27.682093383909706],[83.82333179389207,27.681723650691723],[83.82347984937469,27.68151165068434],[83.82401179694729,27.681063144849137],[83.8242873995316,27.680734047819602],[83.82447903241527,27.680598821093692],[83.82473587786448,27.6805178602155],[83.82501316866865,27.680342121311934],[83.8250766921689,27.68026547346373],[83.8253959360537,27.68001083619992],[83.82550335051867,27.68001096168741],[83.82558982018955,27.680067478465194],[83.82580671228965,27.680257346747595],[83.82582903366418,27.680334119564396],[83.8257448148566,27.680487539534642],[83.8253189687839,27.68080069326263],[83.82529821073746,27.68087746579139],[83.8253653609731,27.681107721483848],[83.82549684691323,27.681356169266834],[83.8257573185,27.681602554322872],[83.82601722641839,27.68179248558393],[83.8264704566812,27.681980353279755],[83.82707586849753,27.682358089893075],[83.82746426236213,27.682507509556473],[83.82785034253277,27.682465122607645],[83.82862369179507,27.68247506328449],[83.82901064845078,27.68250938585868],[83.82933376733463,27.68260235121136],[83.82959148823736,27.682598162728198],[83.82997813145923,27.682614417966697],[83.83015157091356,27.68274776966316],[83.83027780500758,27.682515451609884],[83.83038328201958,27.682341775651743],[83.8304663757305,27.6821093944402],[83.83048457020244,27.681820497551403],[83.83056597525024,27.681416566067977],[83.83071290538173,27.681107538267277],[83.83088328136695,27.680970060529507],[83.83106816224391,27.680904791165005],[83.83133232307888,27.68081257641424],[83.83175960583043,27.680596451616736],[83.8318862160135,27.68042277540012],[83.83205446616702,27.68007536071021],[83.83245655340673,27.679552207709495],[83.832518888796,27.679378468612253],[83.83251638841118,27.679148276264836],[83.83242660560559,27.678802799304567],[83.8323770872111,27.67820687400025],[83.8326308695575,27.677859584947214],[83.83295117555339,27.677701976261588],[83.83365706212697,27.677463532200008],[83.83442528552003,27.6770310926169],[83.83468213026319,27.676952382076706],[83.83513286054107,27.676928063629624],[83.83558240154416,27.676788709887976],[83.83596629416775,27.67655439183659],[83.83622313974351,27.676475681137216],[83.83679972819215,27.67619872509721],[83.83705688666053,27.676138082899847],[83.8375064279363,27.676018985605012],[83.83761471774974,27.676093569989668],[83.8377017502573,27.676188472806423],[83.83783298666305,27.67639853489541],[83.83787775224141,27.676552079633385],[83.83785955769996,27.67686129556813],[83.83790432484041,27.677012527181734],[83.8380374983758,27.677396390396133],[83.83821262614053,27.67770135547029],[83.83852380235798,27.678620313453635],[83.83932991296139,27.679630235658276],[83.83976357358587,27.680009909930803],[83.84028064013272,27.680159453991255],[83.84066815826002,27.680232100511564],[83.8412478737932,27.68020571811974],[83.84176262682564,27.68016114352532],[83.84330563679548,27.679876185428732],[83.84465726194513,27.67974677324747],[83.84506372602439,27.679607295135675],[83.84534045309996,27.679372851962878],[83.84555221969988,27.679120278008817],[83.84578236844983,27.678599124367317],[83.8458839065201,27.678080097318837],[83.84583457630453,27.6775044909325],[83.84584826931037,27.6768115990034],[83.84592479769417,27.67600361158955],[83.84600726641146,27.67571477729588],[83.84632588513604,27.67538561803955],[83.84647331491702,27.675132981191574],[83.84650651462412,27.67496824586952],[83.84655472007458,27.674728988270957],[83.84668057910308,27.674478601916757],[83.84706322135462,27.674147254464575],[83.84757603684439,27.67391081057698],[83.84796005485293,27.673694559631855],[83.8488589505358,27.673415603534945],[83.84924471806892,27.67335508585111],[83.84975834669433,27.6731953519599],[83.85020851359681,27.673114578043652],[83.85065724178915,27.672916458186897],[83.85091402480779,27.67283774717939],[83.85142621484775,27.672562917024973],[83.85161841141431,27.672463700383673],[83.85221475759205,27.672055893486416],[83.85329734692381,27.671093174356294],[83.85350905049006,27.67086091823947],[83.85397234811062,27.670170715810322],[83.85432848094426,27.66948045050841],[83.85459908120181,27.66878999835326],[83.85465910425233,27.668447021880475],[83.8546990568507,27.668216829938544],[83.85467523515183,27.668006892670828],[83.85467292237841,27.667835342586358],[83.85473382039295,27.667546445191057],[83.8547755250285,27.665711468531807],[83.85455094213116,27.664909983088375],[83.85445672008149,27.66422365574585],[83.85421206775817,27.6635372664225],[83.85405125897809,27.66267713876361],[83.85402337349123,27.662162487123023],[83.85402081077201,27.66195030003401],[83.85423220141116,27.661702227725005],[83.85455044437263,27.661393324643146],[83.85514610316775,27.66098764334673],[83.85523163551787,27.660969700424378],[83.85565785548043,27.660737632192106],[83.85599960698833,27.66062059840537],[83.85642782878627,27.660539824874547],[83.85711364512787,27.66049756295144],[83.8577136178403,27.66041697680026],[83.85824950334475,27.660394908012716],[83.85876356889636,27.66031651051248],[83.85927819711432,27.66031244734446],[83.85953522990881,27.660272060120473],[83.85979138724052,27.66017528191967],[83.86039048489785,27.660038179908113],[83.86064632987733,27.65990301491957],[83.86098814348186,27.65978598150039],[83.86154153702807,27.659438879403815],[83.8617124750969,27.659380424919913],[83.8624992675902,27.658821385897845],[83.86252027527242,27.65876274426973],[83.86283789320584,27.658435710055347],[83.86306729109454,27.657919121529634],[83.8632528597011,27.657305315695755],[83.86333664112871,27.65715195846742],[83.86335758655333,27.657095504255405],[83.86348682192612,27.65713176542009],[83.86361749520348,27.65730344085878],[83.86379124698028,27.657475178585507],[83.8638785920581,27.657588087442882],[83.86398688204531,27.657664922100178],[83.86437515024865,27.657852665055376],[83.86469995828779,27.658080920337568],[83.86491653864735,27.658250407211384],[83.86506728141786,27.65828898167176],[83.86532462724804,27.65828691832832],[83.86543172873101,27.658266725343665],[83.86586020014688,27.65822652606584],[83.86645867253289,27.65805103752154],[83.8670560183793,27.65777845764023],[83.86746035615359,27.657508003342638],[83.86782042715289,27.65714264600656],[83.86819919295984,27.656549409024347],[83.86829879352409,27.655935542028725],[83.86842571543082,27.655782121748143],[83.86861666127069,27.655628889225127],[83.86887050569766,27.655319861227333],[83.86899623930115,27.655089793142643],[83.8690166221873,27.655013020557774],[83.86897179362762,27.654861789337915],[83.86886181558086,27.65463372225337],[83.86888044685213,27.654403467024878],[83.8692609015221,27.653961462277078],[83.86951562104736,27.653729206397664],[83.86981304357303,27.65351733172169],[83.86985380826137,27.653345781507586],[83.86978659701798,27.653117777137407],[83.86977909420558,27.652506096753367],[83.86982010927181,27.652352614717792],[83.869945843626,27.65212248426744],[83.87013622657791,27.651910547107867],[83.87041364243767,27.651793388482915],[83.87084148890646,27.65169673466629],[83.87110414869295,27.651737684728136],[83.87122550535209,27.651728682133744],[83.87174207231735,27.651659161498877],[83.87200173133535,27.651546566441343],[83.87217923476807,27.65120365360217],[83.8723546741834,27.650975836622894],[83.87257600700447,27.65059685042688],[83.87269223749581,27.650059754678836],[83.87275032150282,27.649960475673208],[83.8730459313554,27.649450638677013],[83.8731118942491,27.64937617891121],[83.87335035695594,27.649243265086685],[83.87401941734458,27.649040705809153],[83.87436291993026,27.649045519989834],[83.87453260757329,27.649163054987326],[83.87478645203879,27.649395748925702],[83.8749332556612,27.649608061293815],[83.87503629390025,27.649858759444815],[83.87524530818132,27.650206424147004],[83.87600558969828,27.650983590614846],[83.87666383306234,27.651433348405895],[83.87743661975082,27.651443039144844],[83.87771678549797,27.65138914858982],[83.8781464444972,27.651375957326795],[83.87823297743664,27.651337633478935],[83.87892198248926,27.651232165542186],[83.88003789540195,27.651264738563697],[83.88029655459106,27.65121078479696],[83.8812430920028,27.65112576086269],[83.88304594720861,27.651186028928397],[83.88356320228307,27.6510780599701],[83.88375952428322,27.650888629762477],[83.88417036424966,27.650721955688272],[83.88438744512024,27.650570848906085],[83.88465191805987,27.6501716067453],[83.88476064655522,27.650097272925557],[83.8849360859573,27.64986707985863],[83.88487925309543,27.64940657016015],[83.88488463016714,27.649081599243605],[83.8849745385897,27.648851406836844],[83.885458468145,27.64816789353145],[83.88565472894743,27.647978463202097],[83.88580628473892,27.64790406655737],[83.88615041244157,27.64787049414228],[83.88674944648702,27.648010910840043],[83.88692182324542,27.64797496247854],[83.88754480425493,27.647964147326025],[83.8885091612647,27.648070991980028],[83.88911119686219,27.648039857950405],[83.88971529603093,27.647857554795543],[83.89057736467706,27.647675376485854],[83.89092280590192,27.64756503139446],[83.89156898215147,27.647457187745918],[83.89187103197801,27.64736491113512],[83.89197844720954,27.647367161813122],[83.8924902612125,27.647584287809213],[83.89276605114678,27.647778595086415],[83.89321459181792,27.647918886950848],[83.89381493959336,27.647984844372736],[83.89448093555455,27.64795371059679],[83.8948873987107,27.648055615018112],[83.89499481368878,27.64805567754268],[83.89521001899641,27.648019729853175],[83.89551300549441,27.647889004140794],[83.89631073924986,27.647688695477594],[83.89698186233274,27.647370977421026],[83.89767305619027,27.64712990694822],[83.89788757306263,27.647132282707528],[83.89821044322926,27.647080643087055],[83.8985347511923,27.646949979322336],[83.8993098505489,27.646844448943252],[83.90008538791145,27.646680213436674],[83.9010593736917,27.6462137017696],[83.90200722474397,27.64603377467558],[83.902482651672,27.645846782754578],[83.90302203845435,27.645700364923716],[83.90360619271387,27.645438975683874],[83.90449208330435,27.64510550270779],[83.9045351617918,27.64508749800156]]]}},{"type":"Feature","properties":{"province":"Gandaki Province","district":"Nawalpur","municipality":"Binayi Tribeni Rural Municipality","ward":"3","wardNumber":3,"sourceMunicipality":"Binayee Tribeni","sourceType":"Gaunpalika"},"geometry":{"type":"Polygon","coordinates":[[[83.91642489700865,27.736779699397896],[83.916563073561,27.73645691733348],[83.91665935862945,27.736113940968306],[83.9165796415908,27.735899441097246],[83.91605738575464,27.735427363804522],[83.9159747302427,27.735309954843487],[83.91585312336804,27.73507744866432],[83.91571844776529,27.734555920800776],[83.9155762708887,27.73428277766691],[83.91538832597392,27.734106600843443],[83.91518181216686,27.733831082391077],[83.91486581965519,27.733632273424668],[83.9145746493505,27.73331836932052],[83.9144322840431,27.732911998984097],[83.91446836084722,27.732566647510897],[83.91458590397018,27.732223672561584],[83.91455314190874,27.731878320248008],[83.9146047865182,27.731591673935934],[83.91454595281283,27.731397554448897],[83.91443228503412,27.731237194569093],[83.91429892347541,27.731047513589246],[83.91348199553127,27.730374440556666],[83.91321270801748,27.73004246818055],[83.91264862404768,27.729529754695786],[83.91254245966923,27.729489054890994],[83.91229186751147,27.72925192276188],[83.91198269045452,27.72882285909254],[83.91188296607353,27.728569971994553],[83.9115739142462,27.728140971555742],[83.9113644610418,27.727962480699578],[83.91056228927503,27.72752185102708],[83.91028943822035,27.727305100122468],[83.90991498725081,27.72691204656553],[83.90972991817965,27.726638778734912],[83.90948914229952,27.726076613551786],[83.90914188861969,27.7254918166784],[83.9088875442938,27.72466101016399],[83.90856111100376,27.724096531051163],[83.90847745556016,27.7240175076995],[83.90822942616096,27.723703603272856],[83.90791249666266,27.722814091711438],[83.90762951704787,27.72223154540692],[83.90756055433535,27.721671755417585],[83.9075644301744,27.72153859145644],[83.90763501892145,27.721310649336303],[83.90760819711954,27.720753110456034],[83.90756955775993,27.720599690453852],[83.90732234144437,27.720247399297424],[83.90723837277092,27.720188632162614],[83.90664459042794,27.719962503253658],[83.90628658230497,27.719743313673984],[83.90567172918749,27.719496928404375],[83.90550310494257,27.719397461222943],[83.90510714534241,27.719004471134706],[83.90480978541416,27.718900440519032],[83.90427527416327,27.718848237063092],[83.90372313213695,27.718644676883343],[83.90334743092919,27.718290009683162],[83.90305369668499,27.718070882636148],[83.90288832284153,27.71785632025297],[83.90256464155897,27.717197063627736],[83.90267799605016,27.716987189528425],[83.90274564630738,27.716874406095563],[83.90275658709136,27.716646464176662],[83.9027982908644,27.715781960042417],[83.90296360256124,27.71524942867841],[83.90307433137043,27.715118577854376],[83.90335337268995,27.715107512684533],[83.90369249836938,27.71524992968856],[83.90383917687676,27.715367401479703],[83.90400448802444,27.71558190226679],[83.90417242519533,27.715701687658218],[83.90442626982619,27.715823722930683],[83.90476996001382,27.715794590059435],[83.90498654005678,27.715722506619592],[83.90533810796339,27.715424856817997],[83.90566410422737,27.715260245549928],[83.90607350592126,27.715192850690197],[83.90631171891096,27.715102699948645],[83.90670667899748,27.714786982209866],[83.90701573082157,27.714468888501983],[83.90734441565439,27.714227630344364],[83.90767047428757,27.71406308206639],[83.9079292572027,27.71401131751207],[83.90819022921951,27.713885092310715],[83.90849603033891,27.713682095576996],[83.90875412567593,27.713648398655646],[83.90897395759765,27.713463531627838],[83.9088135857946,27.71307516736083],[83.90871067223401,27.71291937141533],[83.90856393089179,27.712801899283388],[83.90803110863185,27.711943834424762],[83.90784460190991,27.711729333588643],[83.9074809051681,27.710952605648664],[83.9070506211591,27.710250399396497],[83.90660795761035,27.709243352644634],[83.90627052109517,27.707548104391677],[83.90627696037127,27.70731784940938],[83.90614072351497,27.706087612574315],[83.90617504888678,27.705627227761436],[83.90615866798295,27.704706269051872],[83.90612240527825,27.70447601460837],[83.90592120543516,27.704010939509974],[83.90557101384553,27.703523171109],[83.90450374360314,27.70261509144589],[83.90435643908886,27.70251568759625],[83.90382755587453,27.702271552839616],[83.90331667827826,27.702144827812884],[83.90302125660614,27.701982092068867],[83.90232912537849,27.70144893567848],[83.90182900246072,27.700956540887315],[83.9016816985424,27.700857135983487],[83.90145336374738,27.70060187323046],[83.9009980079487,27.700035019531313],[83.90050645122082,27.69923565927692],[83.90038490563896,27.698982771963312],[83.90019058419621,27.698289693395893],[83.8999851959639,27.6979758510861],[83.89992636145433,27.697783919357303],[83.89965657403913,27.69747001476528],[83.89906860692024,27.697052016477155],[83.8989646925562,27.69693454462232],[83.89897063304512,27.696724732560753],[83.89912775340392,27.69647872282427],[83.89911074757576,27.69632524043857],[83.8989892652201,27.696072353657502],[83.89885471518497,27.695532820179086],[83.89879263045644,27.695453797083402],[83.89869565703691,27.695106194945733],[83.89849345677801,27.69467938148489],[83.89841642891422,27.69437235401954],[83.89829463367653,27.694137535109146],[83.89825605729585,27.693983990123773],[83.89819403371837,27.693904966788732],[83.89819697315939,27.69381012614976],[83.8980541701195,27.693557239384962],[83.89772073366393,27.693222953696164],[83.89693713140676,27.692897356904624],[83.89655167562246,27.692885790946015],[83.89642431651815,27.692845092039104],[83.89615227806263,27.69260789681254],[83.8961368974944,27.692397897562852],[83.8962353095378,27.691957893623478],[83.89617878834763,27.691689251949846],[83.895996845788,27.691300887542344],[83.89587211267846,27.691163097360686],[83.8956696003217,27.690756602539214],[83.89553736390509,27.69013810825444],[83.89560632732996,27.68996887078118],[83.89580690188212,27.68970498132634],[83.89620511225851,27.689274104281207],[83.89632778279154,27.688931128427424],[83.89613583721537,27.688098133589847],[83.89611795553243,27.687867878682063],[83.89627057466436,27.687716771883167],[83.89629176979096,27.68773483994798],[83.89644132522493,27.687795857677465],[83.896828343554,27.687798420909512],[83.89773574272229,27.687523715660628],[83.89799546426957,27.687411058204894],[83.89806080108703,27.687354666150558],[83.89840705489571,27.687203622221045],[83.89855961085114,27.687090964416303],[83.89875599710602,27.68690140843273],[83.89910731487745,27.686427706726175],[83.89930332463386,27.686256343961613],[83.89962869533127,27.686089545375236],[83.89988804150528,27.685994892370516],[83.90027537293648,27.685981639038623],[83.90040373266332,27.68602008793573],[83.90066170400128,27.68602477700059],[83.90104703422458,27.68612436856129],[83.9014973885445,27.68618788745283],[83.90173416394009,27.68619032612816],[83.90195043129033,27.686095672787655],[83.90199419777021,27.686039281993892],[83.90195374464541,27.685885736558056],[83.90170115132825,27.685538009334646],[83.9011925253808,27.685072684626206],[83.90106622924961,27.684898696221726],[83.90079369078809,27.684435872143236],[83.90058686439741,27.683914344085316],[83.90061818923343,27.683282345527083],[83.90070878484468,27.682995761341413],[83.90077949912634,27.682594018699987],[83.90102402791972,27.682079617615166],[83.9011560142077,27.681890061825367],[83.90206272532252,27.681633486497788],[83.90251601808299,27.68152314167024],[83.90283901324068,27.681489507326617],[83.90368138839099,27.681248561636323],[83.90407140814698,27.681043377239902],[83.90446305354389,27.6807412254779],[83.90465843822176,27.680628504801533],[83.90491809685827,27.68051578451434],[83.90530842897633,27.680290344006472],[83.9056977610516,27.68014161266922],[83.9071937529288,27.67933456315204],[83.90797116689484,27.6791138738074],[83.90816473862598,27.679098244368543],[83.90863997724934,27.678949513322262],[83.90909495808782,27.67872638516907],[83.90946472068623,27.678460245235392],[83.9097054975925,27.678176098903702],[83.90992839269224,27.677661573131896],[83.91008763929744,27.677088341946583],[83.91020512146345,27.67645865666158],[83.91027214548551,27.676284918575114],[83.91053937043766,27.674966906554744],[83.91062115168808,27.674565163518793],[83.91060245720604,27.67301226934946],[83.91067742287585,27.67232388000945],[83.91078921525857,27.672037295725005],[83.91094345927883,27.671809416277643],[83.91113978248637,27.67161998575455],[83.91126976782323,27.67154552639289],[83.91172368678157,27.67139685790873],[83.91211164296689,27.67132489884169],[83.91243595082199,27.671214492057427],[83.9132112380214,27.671126903886012],[83.91379382838821,27.670980548869842],[83.91418109688229,27.67096498131004],[83.91443219010237,27.670904214262357],[83.91463407819977,27.670856950130382],[83.91469941454241,27.670798308275444],[83.91478557169215,27.670780302814165],[83.91530720222195,27.670423947806945],[83.91583346034889,27.669758440674237],[83.91657323493297,27.669172017763753],[83.91683489444947,27.668926133838966],[83.91712006234397,27.668565152681257],[83.91725004808511,27.668490755380063],[83.91762106118351,27.668132088293607],[83.91794636885132,27.66794265755132],[83.91829449798061,27.66767876711708],[83.91855446985022,27.667547979418398],[83.91879424565876,27.667340480355133],[83.9191665717331,27.666884722159466],[83.91921102615869,27.666787693129336],[83.9195923551695,27.66575870417505],[83.91962255456818,27.665183096627857],[83.91958241460911,27.665011546767502],[83.91958579108314,27.66478135389472],[83.91967694970499,27.664436064819057],[83.91998762784972,27.663808755746402],[83.92007553474538,27.663693659355072],[83.92027679781717,27.66317913341184],[83.92030199435119,27.662948940923435],[83.92019689293689,27.662795395718263],[83.92013255709807,27.662775077027487],[83.91998237617912,27.66275463339811],[83.9198971570782,27.662713996740603],[83.91976954687736,27.662616905873616],[83.91900132562743,27.662243982730473],[83.91855472248132,27.66193226629812],[83.9180909257977,27.66135190816081],[83.91779450399909,27.661060572631566],[83.91720340993238,27.660364993078],[83.91707711356844,27.66019112880341],[83.91689041975883,27.659748624024193],[83.91682677067867,27.659689919260945],[83.91674161393601,27.659649282493202],[83.9163977993741,27.659626524971234],[83.91493563224141,27.65966847481711],[83.91443219642133,27.659586887921623],[83.91442106712121,27.659584637630424],[83.91373581357382,27.659403646210883],[83.91326770270467,27.659112185893534],[83.91314040516913,27.65899477571618],[83.91278202272181,27.658531827173867],[83.91263553080277,27.658281191002132],[83.91242701662529,27.657874759307095],[83.91226195586194,27.65741424861437],[83.9121986199284,27.657355481414413],[83.91197159806575,27.65673917486867],[83.91173063483359,27.655644291031763],[83.91169455869512,27.655183842387284],[83.91172682120671,27.654493139935948],[83.91181898022415,27.6540937100309],[83.91199673442557,27.65371234774432],[83.9118674365301,27.653748358470118],[83.91171725525206,27.653727977207545],[83.91068656112388,27.653657331324542],[83.91043027892223,27.653578182717318],[83.9097486520236,27.653243709771992],[83.90951494023044,27.653087788522647],[83.90911210333587,27.652755753136926],[83.90879517384647,27.652446349490376],[83.90875309524908,27.65238764488679],[83.90872064630777,27.651753333498693],[83.9086808823375,27.65156146433607],[83.9085542722201,27.651425924523956],[83.90846905314876,27.651387537939435],[83.90814749655634,27.65134433814038],[83.90799994199998,27.651170474236938],[83.90800394349762,27.650940281633492],[83.9080954777132,27.65059499255005],[83.90808728775309,27.649791444191823],[83.90800775886242,27.649387387480182],[83.9079258536345,27.649154819722213],[83.90771740099882,27.648768767937927],[83.90742435523417,27.6483058194052],[83.90714756574705,27.648167966485463],[83.90704215181513,27.64805280756042],[83.90708991954783,27.64774584283795],[83.90692354519655,27.647418433543088],[83.90671134255928,27.647260324908],[83.90619984024113,27.647025254884763],[83.9057964409855,27.646751862515448],[83.9052633689492,27.646514479651188],[83.90507311055512,27.646340553331605],[83.90503097037082,27.64628184841637],[83.90491073882758,27.64576263368774],[83.90478575511514,27.645530064902253],[83.90455604490553,27.645125883508808],[83.9045351617918,27.64508749800156],[83.90449208330435,27.64510550270779],[83.90360619271387,27.645438975683874],[83.90302203845435,27.645700364923716],[83.902482651672,27.645846782754578],[83.90200722474397,27.64603377467558],[83.9010593736917,27.6462137017696],[83.90008538791145,27.646680213436674],[83.8993098505489,27.646844448943252],[83.8985347511923,27.646949979322336],[83.89821044322926,27.647080643087055],[83.89788757306263,27.647132282707528],[83.89767305619027,27.64712990694822],[83.89698186233274,27.647370977421026],[83.89631073924986,27.647688695477594],[83.89551300549441,27.647889004140794],[83.89521001899641,27.648019729853175],[83.89499481368878,27.64805567754268],[83.8948873987107,27.648055615018112],[83.89448093555455,27.64795371059679],[83.89381493959336,27.647984844372736],[83.89321459181792,27.647918886950848],[83.89276605114678,27.647778595086415],[83.8924902612125,27.647584287809213],[83.89197844720954,27.647367161813122],[83.89187103197801,27.64736491113512],[83.89156898215147,27.647457187745918],[83.89092280590192,27.64756503139446],[83.89057736467706,27.647675376485854],[83.88971529603093,27.647857554795543],[83.88911119686219,27.648039857950405],[83.8885091612647,27.648070991980028],[83.88754480425493,27.647964147326025],[83.88692182324542,27.64797496247854],[83.88674944648702,27.648010910840043],[83.88615041244157,27.64787049414228],[83.88580628473892,27.64790406655737],[83.88565472894743,27.647978463202097],[83.885458468145,27.64816789353145],[83.8849745385897,27.648851406836844],[83.88488463016714,27.649081599243605],[83.88487925309543,27.64940657016015],[83.8849360859573,27.64986707985863],[83.88476064655522,27.650097272925557],[83.88465191805987,27.6501716067453],[83.88438744512024,27.650570848906085],[83.88417036424966,27.650721955688272],[83.88375952428322,27.650888629762477],[83.88356320228307,27.6510780599701],[83.88304594720861,27.651186028928397],[83.8812430920028,27.65112576086269],[83.88029655459106,27.65121078479696],[83.88003789540195,27.651264738563697],[83.87892198248926,27.651232165542186],[83.87823297743664,27.651337633478935],[83.8781464444972,27.651375957326795],[83.87771678549797,27.65138914858982],[83.87743661975082,27.651443039144844],[83.87666383306234,27.651433348405895],[83.87600558969828,27.650983590614846],[83.87524530818132,27.650206424147004],[83.87503629390025,27.649858759444815],[83.8749332556612,27.649608061293815],[83.87478645203879,27.649395748925702],[83.87453260757329,27.649163054987326],[83.87436291993026,27.649045519989834],[83.87401941734458,27.649040705809153],[83.87335035695594,27.649243265086685],[83.8731118942491,27.64937617891121],[83.8730459313554,27.649450638677013],[83.87275032150282,27.649960475673208],[83.87269223749581,27.650059754678836],[83.87257600700447,27.65059685042688],[83.8723546741834,27.650975836622894],[83.87217923476807,27.65120365360217],[83.87200173133535,27.651546566441343],[83.87174207231735,27.651659161498877],[83.87122550535209,27.651728682133744],[83.87110414869295,27.651737684728136],[83.87084148890646,27.65169673466629],[83.87041364243767,27.651793388482915],[83.87013622657791,27.651910547107867],[83.869945843626,27.65212248426744],[83.86982010927181,27.652352614717792],[83.86977909420558,27.652506096753367],[83.86978659701798,27.653117777137407],[83.86985380826137,27.653345781507586],[83.86981304357303,27.65351733172169],[83.86951562104736,27.653729206397664],[83.8692609015221,27.653961462277078],[83.86888044685213,27.654403467024878],[83.86886181558086,27.65463372225337],[83.86897179362762,27.654861789337915],[83.8690166221873,27.655013020557774],[83.86899623930115,27.655089793142643],[83.86887050569766,27.655319861227333],[83.86861666127069,27.655628889225127],[83.86842571543082,27.655782121748143],[83.86829879352409,27.655935542028725],[83.86819919295984,27.656549409024347],[83.86782042715289,27.65714264600656],[83.86746035615359,27.657508003342638],[83.8670560183793,27.65777845764023],[83.86645867253289,27.65805103752154],[83.86586020014688,27.65822652606584],[83.86543172873101,27.658266725343665],[83.86532462724804,27.65828691832832],[83.86506728141786,27.65828898167176],[83.86491653864735,27.658250407211384],[83.86469995828779,27.658080920337568],[83.86437515024865,27.657852665055376],[83.86398688204531,27.657664922100178],[83.8638785920581,27.657588087442882],[83.86379124698028,27.657475178585507],[83.86361749520348,27.65730344085878],[83.86348682192612,27.65713176542009],[83.86335758655333,27.657095504255405],[83.86333664112871,27.65715195846742],[83.8632528597011,27.657305315695755],[83.86306729109454,27.657919121529634],[83.86283789320584,27.658435710055347],[83.86252027527242,27.65876274426973],[83.8624992675902,27.658821385897845],[83.8617124750969,27.659380424919913],[83.86154153702807,27.659438879403815],[83.86098814348186,27.65978598150039],[83.86064632987733,27.65990301491957],[83.86039048489785,27.660038179908113],[83.85979138724052,27.66017528191967],[83.85953522990881,27.660272060120473],[83.85927819711432,27.66031244734446],[83.85876356889636,27.66031651051248],[83.85824950334475,27.660394908012716],[83.8577136178403,27.66041697680026],[83.85711364512787,27.66049756295144],[83.85642782878627,27.660539824874547],[83.85599960698833,27.66062059840537],[83.85565785548043,27.660737632192106],[83.85523163551787,27.660969700424378],[83.85514610316775,27.66098764334673],[83.85455044437263,27.661393324643146],[83.85423220141116,27.661702227725005],[83.85402081077201,27.66195030003401],[83.85402337349123,27.662162487123023],[83.85405125897809,27.66267713876361],[83.85421206775817,27.6635372664225],[83.85445672008149,27.66422365574585],[83.85455094213116,27.664909983088375],[83.8547755250285,27.665711468531807],[83.85473382039295,27.667546445191057],[83.85467292237841,27.667835342586358],[83.85467523515183,27.668006892670828],[83.8546990568507,27.668216829938544],[83.85465910425233,27.668447021880475],[83.85459908120181,27.66878999835326],[83.85432848094426,27.66948045050841],[83.85397234811062,27.670170715810322],[83.85350905049006,27.67086091823947],[83.85329734692381,27.671093174356294],[83.85221475759205,27.672055893486416],[83.85161841141431,27.672463700383673],[83.85142621484775,27.672562917024973],[83.85091402480779,27.67283774717939],[83.85065724178915,27.672916458186897],[83.85020851359681,27.673114578043652],[83.84975834669433,27.6731953519599],[83.84924471806892,27.67335508585111],[83.8488589505358,27.673415603534945],[83.84796005485293,27.673694559631855],[83.84757603684439,27.67391081057698],[83.84706322135462,27.674147254464575],[83.84668057910308,27.674478601916757],[83.84655472007458,27.674728988270957],[83.84650651462412,27.67496824586952],[83.84647331491702,27.675132981191574],[83.84632588513604,27.67538561803955],[83.84600726641146,27.67571477729588],[83.84592479769417,27.67600361158955],[83.84584826931037,27.6768115990034],[83.84583457630453,27.6775044909325],[83.8458839065201,27.678080097318837],[83.84578236844983,27.678599124367317],[83.84555221969988,27.679120278008817],[83.84534045309996,27.679372851962878],[83.84506372602439,27.679607295135675],[83.84465726194513,27.67974677324747],[83.84330563679548,27.679876185428732],[83.84176262682564,27.68016114352532],[83.8412478737932,27.68020571811974],[83.84066815826002,27.680232100511564],[83.84028064013272,27.680159453991255],[83.83976357358587,27.680009909930803],[83.83932991296139,27.679630235658276],[83.83852380235798,27.678620313453635],[83.83821262614053,27.67770135547029],[83.8380374983758,27.677396390396133],[83.83790432484041,27.677012527181734],[83.83785955769996,27.67686129556813],[83.83787775224141,27.676552079633385],[83.83783298666305,27.67639853489541],[83.8377017502573,27.676188472806423],[83.83761471774974,27.676093569989668],[83.8375064279363,27.676018985605012],[83.83705688666053,27.676138082899847],[83.83679972819215,27.67619872509721],[83.83622313974351,27.676475681137216],[83.83596629416775,27.67655439183659],[83.83558240154416,27.676788709887976],[83.83513286054107,27.676928063629624],[83.83468213026319,27.676952382076706],[83.83442528552003,27.6770310926169],[83.83365706212697,27.677463532200008],[83.83295117555339,27.677701976261588],[83.8326308695575,27.677859584947214],[83.8323770872111,27.67820687400025],[83.83242660560559,27.678802799304567],[83.83251638841118,27.679148276264836],[83.832518888796,27.679378468612253],[83.83245655340673,27.679552207709495],[83.83205446616702,27.68007536071021],[83.8318862160135,27.68042277540012],[83.83175960583043,27.680596451616736],[83.83133232307888,27.68081257641424],[83.83106816224391,27.680904791165005],[83.83088328136695,27.680970060529507],[83.83071290538173,27.681107538267277],[83.83056597525024,27.681416566067977],[83.83048457020244,27.681820497551403],[83.8304663757305,27.6821093944402],[83.83038328201958,27.682341775651743],[83.83027780500758,27.682515451609884],[83.83015157091356,27.68274776966316],[83.82997813145923,27.682614417966697],[83.82959148823736,27.682598162728198],[83.82933376733463,27.68260235121136],[83.82901064845078,27.68250938585868],[83.82862369179507,27.68247506328449],[83.82785034253277,27.682465122607645],[83.82746426236213,27.682507509556473],[83.82707586849753,27.682358089893075],[83.8264704566812,27.681980353279755],[83.82601722641839,27.68179248558393],[83.8257573185,27.681602554322872],[83.82549684691323,27.681356169266834],[83.8253653609731,27.681107721483848],[83.82529821073746,27.68087746579139],[83.8253189687839,27.68080069326263],[83.8257448148566,27.680487539534642],[83.82582903366418,27.680334119564396],[83.82580671228965,27.680257346747595],[83.82558982018955,27.680067478465194],[83.82550335051867,27.68001096168741],[83.8253959360537,27.68001083619992],[83.8250766921689,27.68026547346373],[83.82501316866865,27.680342121311934],[83.82473587786448,27.6805178602155],[83.82447903241527,27.680598821093692],[83.8242873995316,27.680734047819602],[83.82401179694729,27.681063144849137],[83.82347984937469,27.68151165068434],[83.82333179389207,27.681723650691723],[83.82299241814025,27.682093383909706],[83.82271375186181,27.682135959011685],[83.82251986770713,27.682079254948682],[83.8220439419458,27.681796546158985],[83.82185037000251,27.681760160228364],[83.82178553349468,27.681703643337034],[83.82124908472518,27.681766161299883],[83.82015705444995,27.68204693089653],[83.8198363727606,27.68220447681969],[83.81945360521904,27.682535824031337],[83.81842609978185,27.68285272825349],[83.81823421539248,27.682969825072114],[83.81814999728624,27.683105176982096],[83.81808591081429,27.683145689668958],[83.81774897289122,27.683743427205002],[83.81758209796064,27.684208188472404],[83.81758597346251,27.684553540352322],[83.81748130987917,27.684785858501925],[83.81720595724526,27.68513308481288],[83.81692922987706,27.685347147282553],[83.81682312697926,27.685484688058743],[83.81667919872585,27.68606235789786],[83.81653145564056,27.686294613522122],[83.81612624350542,27.68654918770913],[83.81602020319409,27.686664159362635],[83.8159367975235,27.686896539360422],[83.81594254857987,27.687415630042164],[83.81588065069903,27.687645822616215],[83.81569120507106,27.68799317386825],[83.81543798621321,27.68838103847528],[83.81544179925217,27.688726389201026],[83.81515012825065,27.689157203563898],[83.8149780019302,27.68934200755205],[83.81488121560352,27.68980001671155],[83.81492885694284,27.690490720297486],[83.81474647691448,27.69094647921133],[83.81472153006456,27.691097710648627],[83.81483694746849,27.69163730702113],[83.81506528093884,27.69194914856079],[83.8151043579666,27.692102631333714],[83.81505408974724,27.6924072831978],[83.81511292337714,27.69263978958311],[83.81527692128961,27.692949255340853],[83.81529098879822,27.693256220250632],[83.81522121266147,27.693484099673423],[83.81521577305956,27.693714355308607],[83.81533700488414,27.69402144515204],[83.81535276028997,27.694251700706705],[83.81541334486238,27.69440755908406],[83.81562285991048,27.694604179336196],[83.81582974894759,27.69491370799837],[83.81620695130484,27.69526637489211],[83.81639420792115,27.695501256434703],[83.81651744041858,27.69573395029556],[83.8165099379705,27.696038601626412],[83.81643847353486,27.696343254070836],[83.81608083956866,27.69694993166382],[83.81591796662181,27.697482400776185],[83.81595160337902,27.69786613872909],[83.81617449853927,27.698405922441445],[83.81645391281934,27.699254921630217],[83.81644678545362,27.699561887295896],[83.81629591589964,27.700478093997074],[83.81628878765828,27.700782808795733],[83.81621694826883,27.70108739811805],[83.81618618618208,27.70147101073951],[83.8161413573512,27.70156585127953],[83.81581311073192,27.701845307932285],[83.81561835077396,27.70191726620718],[83.8155526385006,27.70197359514771],[83.81535443962254,27.702199036408857],[83.81526478113844,27.702350143601137],[83.81519500523908,27.702577960397466],[83.81513923402052,27.70311292935495],[83.81525671486378,27.70357575350249],[83.8152532761396,27.703729235918377],[83.81520675812025,27.703880405315456],[83.81487238424299,27.704410372999362],[83.8145636443342,27.704766602535415],[83.81437951265403,27.705299071740498],[83.81430598458799,27.70568030851721],[83.81434618626264,27.706678039653788],[83.81424764890915,27.707210570438523],[83.81404738677529,27.70751278416849],[83.81299687121707,27.708409797328052],[83.81286094606449,27.708714324256956],[83.81276415932605,27.709170145683853],[83.81289770832726,27.7098632244512],[83.81302062887012,27.71009585465152],[83.81314598781972,27.71023145715641],[83.81333124293717,27.71054317386549],[83.81376915482551,27.711049385533318],[83.81395165963718,27.71149426682415],[83.8138798207668,27.711798856226096],[83.81376546528567,27.71210344594651],[83.81369931587415,27.712177842906],[83.81362960227436,27.712405721841865],[83.81362585047786,27.712559204500668],[83.81366054902445,27.713784877460835],[83.81369962576446,27.71394067326469],[83.8136886837546,27.71439880755549],[83.8137240097325,27.714705835156934],[83.81386099715228,27.715245494479262],[83.81375326898325,27.71616170115198],[83.81377108748208,27.71631524581329],[83.81390151026834,27.7166472189306],[83.81395290407352,27.716778194554724],[83.81392764504048,27.716931615156877],[83.8137725249446,27.717139113431145],[83.81318443166288,27.717528789896477],[83.81305263165333,27.717659515082776],[83.81271850729856,27.718189482988176],[83.81246791451,27.71879634898583],[83.81222113498481,27.71924966979074],[83.81215129603686,27.71947754845939],[83.81147898269614,27.720688717131367],[83.81124627044954,27.721451315875157],[83.81097579470078,27.72199941377732],[83.81086487813558,27.72215052051877],[83.81070813264152,27.72243466728893],[83.81118093253075,27.722387903432697],[83.81143971680554,27.722316069564993],[83.8123840665652,27.72227893615016],[83.81264291281678,27.722207038717553],[83.81315854155655,27.72216265201721],[83.81384873488113,27.72198522458435],[83.81436536568953,27.721900138023024],[83.81453861603812,27.721828116349982],[83.81505524557932,27.72174303081699],[83.81522849715475,27.721671071477257],[83.81548696947883,27.721619493990477],[83.81644113567302,27.72116029678877],[83.81670067004502,27.721070333908383],[83.81720154372101,27.72075499210937],[83.81737473156048,27.72068297039174],[83.81780545400326,27.720595507240912],[83.8179797064839,27.720485162124053],[83.81823917814178,27.720395199870325],[83.81873973892917,27.72007985746015],[83.81882602028605,27.720061913921217],[83.81915226641276,27.719859167814427],[83.81934977782288,27.71967211262601],[83.81966264581617,27.71914208241885],[83.81992486758561,27.718937022012692],[83.82022954370589,27.718752343158815],[83.82084989739738,27.718805046709672],[83.82101977259369,27.71886618965442],[83.82118889825124,27.718965718668937],[83.8213148817686,27.719083253023914],[83.82190728906559,27.71940228576181],[83.82222328102137,27.719637418014656],[83.82272602916439,27.720127811137],[83.8230336437219,27.720708295001682],[83.82324109498462,27.720999755452777],[83.82336401536506,27.721232386147076],[83.8233627024879,27.72129102978485],[83.82350725564693,27.721523721912725],[83.82361204542148,27.721620876403364],[83.82397261518902,27.72178161109794],[83.82431092784022,27.721980670774347],[83.82473583640176,27.722143718650944],[83.82507690000206,27.722227618230857],[83.82644947103479,27.72219998710625],[83.82722019531607,27.722234810255788],[83.82747597645455,27.722298328096635],[83.82799022954644,27.7223080191038],[83.82919673965095,27.722065698374852],[83.82962883849524,27.72192178213735],[83.83023168687521,27.721820940318565],[83.83048915661522,27.721807687406148],[83.83092056830665,27.721702156230638],[83.83106799730773,27.721700029831368],[83.83160675891061,27.72169621768969],[83.83237335557213,27.721904779874798],[83.83271535879031,27.721950292601065],[83.83305542162324,27.72207257844108],[83.8333974225144,27.722118155388493],[83.83365558251938,27.722084582456407],[83.83400070978146,27.72197667679596],[83.83434752566266,27.721812315459122],[83.83472060172609,27.721456149129118],[83.83487290880187,27.721363746974646],[83.83526961818191,27.720912802618717],[83.8355317786027,27.720707743242784],[83.83568383436679,27.72061533988614],[83.83624460550509,27.720455731167792],[83.83659242329522,27.720253046686153],[83.83681012904071,27.720104315869087],[83.83742279404062,27.71958135053325],[83.83813999778039,27.719155600635382],[83.83835638949262,27.7190633244751],[83.83861448588564,27.719011684334276],[83.83904283185291,27.719000868995824],[83.83989890081756,27.719019937591806],[83.840239650716,27.71908351793795],[83.84058240303779,27.719072640109964],[83.84152231424618,27.7191481640327],[83.84203662979421,27.719121656497354],[83.8422947885348,27.719070016783036],[83.84264054247835,27.718941790566095],[83.84305300777436,27.718721038447],[83.84348410433077,27.718597378193177],[83.84435017623208,27.718212389972912],[83.84486718094112,27.718088791704282],[83.84521262230798,27.71796281760576],[83.8454734694815,27.71781408630433],[83.8457326273552,27.71772412260293],[83.84590650444436,27.71761371648979],[83.84607769265358,27.71761615411559],[83.84662470735043,27.717991452323762],[83.84687548743594,27.718226459075275],[83.84727526138629,27.718502289901814],[83.8475256662361,27.71875755314672],[83.84779839158435,27.718972304081475],[83.8478391577945,27.719049076731455],[83.84821567155441,27.719401680330396],[83.84865658484345,27.719736092209793],[83.84867609130363,27.71981286427091],[83.84864583111838,27.720158215876825],[83.84855754846096,27.720270935993845],[83.84753279218735,27.720996649071544],[83.84698052365053,27.72167316022377],[83.84660807253644,27.72200906980563],[83.84643119430612,27.722236825469967],[83.84590381088431,27.722759915149993],[83.84577101092299,27.722929152438343],[83.84524631696259,27.72335959146439],[83.844769077838,27.723616353378613],[83.84465959976431,27.72371113231216],[83.84454905762816,27.723841857720842],[83.8443205982974,27.72441264963095],[83.84431265506471,27.725559237797345],[83.84428101794931,27.725960980182638],[83.84418967294887,27.72618886017183],[83.84418398279276,27.726419052579484],[83.84421943247861,27.72670576186507],[83.8444001245835,27.727168647476315],[83.8444298223516,27.72768561218629],[83.84437530254499,27.72814374615564],[83.84432815857653,27.728315234636252],[83.84414815445584,27.728655834001493],[83.84404805486238,27.729229002931913],[83.84413752376257,27.72991983176744],[83.84414402646958,27.730493124403722],[83.84422092919372,27.73083853923799],[83.84430758687724,27.731644399864194],[83.84418597783697,27.732215318366638],[83.8440074107421,27.73249952720376],[83.84391612662324,27.732727406848895],[83.84386585932198,27.733013989926253],[83.84375000188054,27.733354715836228],[83.84376550761125,27.733584970403626],[83.84386529421262,27.733873992855557],[83.84390237111558,27.734104248815022],[83.8438889914347,27.734621087564744],[83.84383909658644,27.734907670966162],[83.843938632916,27.735196693938907],[83.84391131079197,27.735424635564193],[83.84372699132437,27.735936786010196],[83.84354873758232,27.73622099443147],[83.84343850918816,27.736333716298518],[83.84302560639729,27.736574849148695],[83.84267616431144,27.736854305452077],[83.84251735517381,27.737194906120457],[83.84244326410416,27.73759439859979],[83.84224037627578,27.737993639735766],[83.84215178032777,27.73810636048225],[83.84173881448443,27.738345180758234],[83.84162589629821,27.738572996350623],[83.84161720660617,27.73891834808921],[83.84169404726502,27.73926376202895],[83.8419418883836,27.739613928009494],[83.84231840201682,27.739964156935123],[83.84252441740168,27.74027587325233],[83.84283659419505,27.740626100754277],[83.84297783460771,27.740973828692823],[83.84296307893092,27.74154712194953],[83.84300453107049,27.741605889327943],[83.84338379567487,27.741843271856965],[83.8434216223217,27.74203520278555],[83.84339430025723,27.742265395770776],[83.8434556973255,27.742380555249046],[83.84374799330544,27.742674328867718],[83.84416902508563,27.742950160910066],[83.84425468097477,27.74295253658631],[83.8447633701074,27.74315397040545],[83.84510487050728,27.743199484535367],[83.84570653172679,27.743116585449773],[83.84631125726236,27.742898334502115],[83.84695818462521,27.7427207205998],[83.84721634296781,27.74266907925674],[83.84730368682563,27.742612751044895],[83.84756222057246,27.74254310584488],[83.84816857115467,27.742268337673092],[83.8487702320021,27.74218550106964],[83.8491127969833,27.742192628346988],[83.84928473527076,27.742156743489378],[83.84980411496555,27.741938305213075],[83.8504058387478,27.741855468774023],[83.85092521885059,27.7416370289781],[83.85118344066576,27.74158320081259],[83.85150937317587,27.74139845909343],[83.85193715753262,27.74140789948027],[83.85227865959486,27.74145341396514],[83.85253581780424,27.741440159597627],[83.85304788177186,27.74150843130429],[83.8533034145228,27.741569636816724],[83.85398129112555,27.741852469417623],[83.85449485546681,27.741862036186212],[83.85551954782319,27.74198044550882],[83.85560420451144,27.74201889440868],[83.85654236642833,27.742173315562308],[83.85662689683865,27.74221407860112],[83.85705405594318,27.742259654238094],[83.85766965911621,27.742463401097375],[83.8580748720947,27.74252929605286],[83.85884378170081,27.74260225650533],[83.85970072482354,27.742582813193213],[83.86038966859884,27.742425517627186],[83.86090510813366,27.74235830984465],[83.86105741628708,27.742265908059426],[83.86123004218607,27.742211892545402],[83.86183270279963,27.742090606623485],[83.86226211200946,27.742041405819528],[83.86277517816681,27.742071227383875],[83.86337027435194,27.742236589592874],[83.86422646694811,27.742255470350518],[83.86465662582962,27.74216775651117],[83.864915784173,27.742077793427573],[83.8655181330358,27.741974576020755],[83.86628741876541,27.742029404267495],[83.86654257486195,27.742092923354953],[83.86728097429796,27.7425269892123],[83.86796028852363,27.74275330618632],[83.86847404121963,27.7427628095148],[83.86864429183788,27.742805884378342],[83.86890113788664,27.742810636337378],[83.86907307690616,27.742774688053633],[83.86941889146891,27.742648589453438],[83.86959245684584,27.74255624854191],[83.86983273371477,27.7423691316066],[83.87022168973834,27.742225027530296],[83.8707354442378,27.742234530583445],[83.87079527841236,27.742250347388843],[83.87109538935285,27.742194268793984],[83.87161170670369,27.742149567746246],[83.8720460557501,27.741987395175208],[83.87239180734367,27.741920001062553],[83.8727395625092,27.741773708277126],[83.87275000327207,27.741771395597265],[83.87299865809648,27.741724193676784],[83.87351366224246,27.741735948259706],[83.87368391333767,27.741778960952765],[83.87394207043104,27.741765707413403],[83.87411232174294,27.741808719579794],[83.87445676240027,27.741777398619014],[83.874718233239,27.741648985096933],[83.8748505334166,27.74153851505339],[83.87502903819666,27.741310698881744],[83.87539373535411,27.741320076655768],[83.87545707133394,27.74136077605203],[83.87549758513215,27.741437549185175],[83.87553284927638,27.741688122553292],[83.87557398822915,27.74174682667373],[83.8756048760878,27.74215088339927],[83.87576649725548,27.74319156470127],[83.87590292159294,27.743654326109997],[83.87609080349691,27.74383275280299],[83.87630125710866,27.74397304484521],[83.87642868028273,27.744013681781425],[83.876600931149,27.743998051066182],[83.87677480716651,27.74392596848299],[83.87697250600267,27.74377717551874],[83.87715063450653,27.743569676679964],[83.87749832740352,27.74342550984684],[83.87775748596592,27.743373869233647],[83.87818095499071,27.743575116289463],[83.87843942579725,27.743543731837292],[83.87850482467535,27.743507659104857],[83.87872478092123,27.74333854713389],[83.87888134085306,27.743131048244198],[83.87892941956909,27.742959560771396],[83.87894323757037,27.742499112702443],[83.87898831847241,27.742424654075112],[83.87954333687063,27.741824726829048],[83.87976298159276,27.741655677893927],[83.87993679498727,27.741583594857147],[83.88036589148979,27.741595285029526],[83.88087395462,27.741837169524945],[83.88138008015787,27.74213782031654],[83.88169307188548,27.742431470056303],[83.8820080628347,27.74267097713876],[83.8824325333764,27.742833838430617],[83.8827733464967,27.742919925889293],[83.88311084743994,27.74311879676652],[83.88336637928697,27.74318225355611],[83.88345297462904,27.743166499186824],[83.88360596720158,27.743074096584966],[83.88371969741522,27.742864285274003],[83.88366486597147,27.74253693977177],[83.88354332079771,27.74230443268507],[83.88361459617235,27.7420764292505],[83.88397147871281,27.741623045462934],[83.88436894011438,27.74126900335676],[83.88460946591428,27.741120272413777],[83.88495715749036,27.74097610660697],[83.88539538396068,27.740678582168865],[83.88574438903615,27.74049596505925],[83.88617642431083,27.7404105656521],[83.88634729979059,27.740433260094033],[83.88673588163893,27.740365864583325],[83.88701492185186,27.74037286686071],[83.8872727677499,27.740359488871064],[83.88744658228546,27.740287405400352],[83.88764496853109,27.74011829261611],[83.88785254541409,27.739644465666792],[83.8877352524868,27.73925847818284],[83.88776832768335,27.738874739150962],[83.88788005661235,27.738723570623822],[83.88801179320306,27.73863116785],[83.88840525168395,27.73839003509384],[83.88857875300508,27.738338144776648],[83.88900153467368,27.738559711165742],[83.88968322475594,27.73872951101908],[83.89028376100103,27.738743514438283],[83.89053898101541,27.738824975855444],[83.89079582521839,27.738852234817152],[83.89147776543562,27.73902209825228],[83.89190154871541,27.739205213379158],[83.89266845809429,27.73939539580788],[83.89292530227196,27.73942040273247],[83.89318639974988,27.739312308576714],[83.89361937244209,27.739188460587265],[83.89416707686141,27.73881647514859],[83.8945144555995,27.73869031483008],[83.89464644205478,27.73857984358208],[83.89482063053973,27.7385076987273],[83.89516601037296,27.73843799022204],[83.8957747983501,27.738183415418995],[83.89629011381193,27.738177039343014],[83.89696974118363,27.73842354912008],[83.89730080048385,27.7388345450796],[83.89757327673156,27.739053735180065],[83.89777979159535,27.73932693947188],[83.8979409138186,27.739676917578123],[83.89802388222984,27.73977407126063],[83.89833887296791,27.7400113293388],[83.89869994469085,27.740135679141435],[83.89904275961528,27.740162998794585],[83.89930254388948,27.740093166496898],[83.89965023526601,27.739946748115333],[83.89971625919534,27.73989035624915],[83.89989989017158,27.73949323962443],[83.89986393882734,27.73926073502098],[83.89998054572487,27.738956144987675],[83.90009233708068,27.738807225531605],[83.90044296721514,27.73856596865979],[83.90089682294199,27.738460186625574],[83.90124126389279,27.7384311156329],[83.90184186104172,27.73844505809403],[83.90209770553439,27.738508452558577],[83.90235161379675,27.738630487761082],[83.90277839616328,27.73871657624696],[83.90294764679709,27.738797912389455],[83.90370280135417,27.739392087053112],[83.9038250338141,27.73960658696728],[83.90388486804424,27.739760008445028],[83.90387792833772,27.73999038829177],[83.90362114473874,27.740676340320487],[83.90344339198727,27.74159254604275],[83.90346239786817,27.742398408138826],[83.90349828682669,27.742630913481605],[83.90359700944897,27.742919873186924],[83.90360813908639,27.743267539401145],[83.9037084880846,27.743500045196708],[83.90417184715201,27.7437982569511],[83.90434341080503,27.7438028835681],[83.90529470180357,27.743575567137547],[83.90581720933187,27.74333893489026],[83.90659462194661,27.743183703348183],[83.90746250705624,27.742879551633298],[83.90761481270359,27.742805153616164],[83.9077689322833,27.74267436669249],[83.90803697028231,27.74233595395879],[83.90809574292656,27.741801047097702],[83.90799314145211,27.741645250515468],[83.90786797019072,27.74152552772798],[83.90748626620635,27.741362793069584],[83.90684740460613,27.7411953688983],[83.90621279324499,27.740872148649082],[83.90596245065858,27.740635016422882],[83.90586247595878,27.740384379659073],[83.90588861147046,27.740230897005723],[83.90597908367869,27.74007972861542],[83.9063117686114,27.739723373684885],[83.9064643263115,27.73964903845453],[83.90694075287045,27.739507060029556],[83.90780507317395,27.73931806701746],[83.90840860885564,27.73923491793509],[83.90935427215993,27.73920165811539],[83.90961437038885,27.739111570243235],[83.9106505658558,27.738924889870862],[83.91125047718984,27.73895908884686],[83.91159491681006,27.73892770426675],[83.91210760592669,27.739018356089776],[83.91219226410432,27.739056741528373],[83.91236382677805,27.7390613690241],[83.91296048616927,27.73921072560625],[83.91339639705333,27.73898978592293],[83.9136404256845,27.738728083955785],[83.91399168069132,27.738466444730314],[83.91443234443402,27.73780993917002],[83.91468787668248,27.737428640395613],[83.91537594507574,27.736677419849325],[83.91550699411707,27.73660302205974],[83.91580891894017,27.73655357002711],[83.91642489700865,27.736779699397896]]]}},{"type":"Feature","properties":{"province":"Gandaki Province","district":"Nawalpur","municipality":"Binayi Tribeni Rural Municipality","ward":"5","wardNumber":5,"sourceMunicipality":"Binayee Tribeni","sourceType":"Gaunpalika"},"geometry":{"type":"Polygon","coordinates":[[[83.81070813264152,27.72243466728893],[83.81086487813558,27.72215052051877],[83.81097579470078,27.72199941377732],[83.81124627044954,27.721451315875157],[83.81147898269614,27.720688717131367],[83.81215129603686,27.71947754845939],[83.81222113498481,27.71924966979074],[83.81246791451,27.71879634898583],[83.81271850729856,27.718189482988176],[83.81305263165333,27.717659515082776],[83.81318443166288,27.717528789896477],[83.8137725249446,27.717139113431145],[83.81392764504048,27.716931615156877],[83.81395290407352,27.716778194554724],[83.81390151026834,27.7166472189306],[83.81377108748208,27.71631524581329],[83.81375326898325,27.71616170115198],[83.81386099715228,27.715245494479262],[83.8137240097325,27.714705835156934],[83.8136886837546,27.71439880755549],[83.81369962576446,27.71394067326469],[83.81366054902445,27.713784877460835],[83.81362585047786,27.712559204500668],[83.81362960227436,27.712405721841865],[83.81369931587415,27.712177842906],[83.81376546528567,27.71210344594651],[83.8138798207668,27.711798856226096],[83.81395165963718,27.71149426682415],[83.81376915482551,27.711049385533318],[83.81333124293717,27.71054317386549],[83.81314598781972,27.71023145715641],[83.81302062887012,27.71009585465152],[83.81289770832726,27.7098632244512],[83.81276415932605,27.709170145683853],[83.81286094606449,27.708714324256956],[83.81299687121707,27.708409797328052],[83.81404738677529,27.70751278416849],[83.81424764890915,27.707210570438523],[83.81434618626264,27.706678039653788],[83.81430598458799,27.70568030851721],[83.81437951265403,27.705299071740498],[83.8145636443342,27.704766602535415],[83.81487238424299,27.704410372999362],[83.81520675812025,27.703880405315456],[83.8152532761396,27.703729235918377],[83.81525671486378,27.70357575350249],[83.81513923402052,27.70311292935495],[83.81519500523908,27.702577960397466],[83.81526478113844,27.702350143601137],[83.81535443962254,27.702199036408857],[83.8155526385006,27.70197359514771],[83.81561835077396,27.70191726620718],[83.81581311073192,27.701845307932285],[83.8161413573512,27.70156585127953],[83.81618618618208,27.70147101073951],[83.81621694826883,27.70108739811805],[83.81628878765828,27.700782808795733],[83.81629591589964,27.700478093997074],[83.81644678545362,27.699561887295896],[83.81645391281934,27.699254921630217],[83.81617449853927,27.698405922441445],[83.81595160337902,27.69786613872909],[83.81591796662181,27.697482400776185],[83.81608083956866,27.69694993166382],[83.81643847353486,27.696343254070836],[83.8165099379705,27.696038601626412],[83.81651744041858,27.69573395029556],[83.81639420792115,27.695501256434703],[83.81620695130484,27.69526637489211],[83.81582974894759,27.69491370799837],[83.81562285991048,27.694604179336196],[83.81541334486238,27.69440755908406],[83.81535276028997,27.694251700706705],[83.81533700488414,27.69402144515204],[83.81521577305956,27.693714355308607],[83.81522121266147,27.693484099673423],[83.81529098879822,27.693256220250632],[83.81527692128961,27.692949255340853],[83.81511292337714,27.69263978958311],[83.81505408974724,27.6924072831978],[83.8151043579666,27.692102631333714],[83.81506528093884,27.69194914856079],[83.81483694746849,27.69163730702113],[83.81472153006456,27.691097710648627],[83.81474647691448,27.69094647921133],[83.81492885694284,27.690490720297486],[83.81488121560352,27.68980001671155],[83.8149780019302,27.68934200755205],[83.81515012825065,27.689157203563898],[83.81544179925217,27.688726389201026],[83.81543798621321,27.68838103847528],[83.81545868079135,27.688322458082183],[83.81549788373869,27.687977107072104],[83.81544842788078,27.687401437743645],[83.81524429093336,27.686423837585224],[83.81524166511451,27.68619139430596],[83.81532063279994,27.68555720775824],[83.8152322258594,27.685326890504122],[83.81499276233201,27.685042181224627],[83.81494774512807,27.684870568411387],[83.81507372981,27.684599864013485],[83.81539384908992,27.684403932029902],[83.81562724798897,27.68415142008891],[83.8156247474733,27.6839212277111],[83.81568745830282,27.683765556615448],[83.815985694088,27.68357181276671],[83.81632575812166,27.68322239749331],[83.81638815651849,27.683048721895783],[83.81640447547596,27.68258602299553],[83.81646437325327,27.682182092622206],[83.81645174449869,27.68102862841216],[83.8163820938134,27.680568118198252],[83.81629374978819,27.68034005054886],[83.81609711429606,27.68005302911561],[83.81585846386903,27.67982483621035],[83.81572703990783,27.67959670709138],[83.8157466102827,27.67942290588415],[83.81604434599417,27.679170519069636],[83.81612918994144,27.67905323524456],[83.81614844743348,27.67888174666029],[83.81590548303082,27.678249436222824],[83.81557817476441,27.677790800757304],[83.81553403338587,27.677675641732513],[83.81552734382609,27.677100035069245],[83.81543656085569,27.676639462035762],[83.81532608247592,27.67635269088439],[83.81506454871109,27.676009214618485],[83.81480382728068,27.67576289212322],[83.81460750492325,27.67547593204348],[83.8145412300202,27.675304319665972],[83.8144745813525,27.67496790825385],[83.8144500723143,27.67484374629478],[83.8144456953284,27.674439689768104],[83.81437942129413,27.674268077291973],[83.81422774056205,27.674003812019205],[83.81418222338218,27.673924725957903],[83.81379232907352,27.673621761395616],[83.81346589607521,27.673221831658704],[83.81262002081985,27.672462295275956],[83.81205556274122,27.671910819736237],[83.81172644112247,27.671280634078283],[83.8116562910798,27.670761356299696],[83.81163140752116,27.670474647300523],[83.81143846108841,27.67047671011299],[83.81079247145088,27.67032910380738],[83.81008358381975,27.67029878196215],[83.80988969935916,27.670262458375092],[83.80885969237183,27.670310658888955],[83.80828054014916,27.67039343343317],[83.80783118592915,27.67053272333818],[83.80712423645254,27.670694270447985],[83.80706046342436,27.67073484445819],[83.80603226888311,27.67097491417051],[83.80526204558102,27.67123342713072],[83.80462074516554,27.67150794526864],[83.80427830594778,27.67160897428312],[83.803403356466,27.67209755427782],[83.80289047870849,27.67233381091268],[83.80211994210283,27.67257200522608],[83.8016076895644,27.672846648133465],[83.80102960034814,27.673008320199976],[83.80090142749052,27.673084904943074],[83.80064458219739,27.673165803669487],[83.80026037730158,27.673379678450054],[83.79948984189993,27.673620123311327],[83.79858925718413,27.673724903155296],[83.7981382775714,27.6737287792095],[83.79743126569723,27.673872195164567],[83.79685186354644,27.673916520446078],[83.79569462223195,27.67414046014767],[83.79530854108654,27.67418284698893],[83.79485862461127,27.674283751508018],[83.79453669248409,27.67430588255831],[83.79370094477501,27.674467116879228],[83.7931212302976,27.674473055791523],[83.79260616486108,27.67451744296208],[83.79202757452761,27.674620410220808],[83.79048156388626,27.67463616380726],[83.79028767952475,27.674599777601937],[83.78957904275822,27.67458739827525],[83.78938609587617,27.67455101221841],[83.78919158617713,27.674514688545894],[83.78893392791018,27.67451875238931],[83.78828881422648,27.67442972524517],[83.78745194201552,27.67449618213365],[83.78712944718458,27.674459545670487],[83.78635666049608,27.674505808089183],[83.78571511069418,27.674744002935743],[83.78565102390418,27.674764258716063],[83.78541462341742,27.674748129201358],[83.78522073967943,27.674711680840037],[83.78470567400674,27.674735749751825],[83.78451341509916,27.674832527630386],[83.78407987933309,27.6749672539452],[83.78387130124115,27.675032398741195],[83.78367829295995,27.675034336098648],[83.78322806346235,27.675114921556887],[83.78297040553008,27.675119047436127],[83.78232585403619,27.67508641258315],[83.78160096006859,27.67496793994481],[83.78122863511236,27.67490642151413],[83.7805840833993,27.67487378578808],[83.7796823741211,27.674901731022658],[83.77858628070992,27.674836772937518],[83.7774893741899,27.674674786330232],[83.77690809679747,27.674527180181173],[83.77600507503783,27.674442216847513],[83.77523072488805,27.67431455358781],[83.77426405459498,27.674306237967556],[83.77265383291254,27.674321615032557],[83.77233202614622,27.67436406480251],[83.77149465281705,27.67437175360758],[83.77104423581339,27.67443414643543],[83.7700138539569,27.67446409152591],[83.76949928834937,27.674546740371387],[83.76924163035565,27.674550866909467],[83.76898447223083,27.67460907094106],[83.7685980787523,27.67463326528928],[83.76808332589674,27.674677527471502],[83.76802649266511,27.674713600541168],[83.76793227022871,27.674602817981047],[83.76777752616128,27.674200824236884],[83.7674733514737,27.67385722307484],[83.76693277567422,27.673517748171403],[83.76628397407171,27.673081056500074],[83.76563460834947,27.672626297504532],[83.76504864214917,27.672038436236313],[83.76476522569934,27.67163625538061],[83.76402301454972,27.67043633970243],[83.76352358038922,27.669828410216457],[83.76324178890803,27.669563832463325],[83.76304715456993,27.66941234937858],[83.76291773166571,27.669337578060727],[83.76250964239124,27.66930300453864],[83.76161118480448,27.66958364886133],[83.76090573497146,27.669880360388944],[83.76045744336302,27.67011436534491],[83.76007373896333,27.67036875225425],[83.75973342447709,27.6706796561562],[83.75943656363299,27.671047076568847],[83.75924636781662,27.671355979318502],[83.7590975000817,27.671473076429464],[83.75892806248419,27.67170526944905],[83.75856999108997,27.672399847707958],[83.75834134239396,27.673169136527278],[83.75823949134075,27.673708419073627],[83.75815908657744,27.674245452571153],[83.75810837830336,27.674967664090424],[83.75808349397951,27.675319705559],[83.75804272873808,27.67553183011317],[83.75771998435735,27.67545905865032],[83.7574620764161,27.675424735730054],[83.75673074250801,27.675240618344006],[83.75576425997991,27.675157717717916],[83.75537711678591,27.675084821086486],[83.75260902758536,27.675118265076946],[83.75151593510682,27.67524723897392],[83.75035669311012,27.675222605249044],[83.7502926068491,27.6752427986006],[83.75009878506361,27.675188282178503],[83.74958334457823,27.67511744856943],[83.7488744568514,27.675068745738166],[83.74848737545206,27.674995848950502],[83.74794417420168,27.674967777861468],[83.74790772315156,27.67496771484114],[83.74770402320512,27.67494251988236],[83.74719864797476,27.67487837576473],[83.74694130321214,27.67488018802],[83.74668339429748,27.67486393365227],[83.74610430469379,27.67488994053927],[83.74552546530713,27.67493626590067],[83.74453478570773,27.674934513870635],[83.74441142716516,27.674968086536193],[83.74378694622985,27.675136260044333],[83.74359312396112,27.67522847469714],[83.74344206762294,27.675323002135933],[83.74324649520398,27.6755889547603],[83.74290124118176,27.675816271561366],[83.7423858629183,27.6759078601254],[83.74217122074272,27.675981943993275],[83.74204135983268,27.67609460208745],[83.74191056124909,27.676322293988747],[83.74190812210573,27.67655254859839],[83.74182052738726,27.676723911948756],[83.74169066639581,27.676836507399525],[83.74130364810736,27.676986988110023],[83.7411525912905,27.67708157891487],[83.74102260561769,27.67721449212136],[83.7409986590218,27.67744243434681],[83.74091137656731,27.677613796766057],[83.74084622725397,27.677690382040154],[83.74058806907588,27.677782471294854],[83.74050209949569,27.6778026023173],[83.74015991025333,27.677761339168356],[83.73955918781775,27.677832484945007],[83.73861708799424,27.67776527659476],[83.73715973609575,27.677789594099675],[83.73673201520415,27.67772788810141],[83.73613366850937,27.67758903434451],[83.73596179236037,27.677624857030114],[83.73544772695791,27.677621604968667],[83.73424578075706,27.677820225066366],[83.73356027669843,27.677794091152567],[83.7330075724335,27.67738897141052],[83.73290047085402,27.677386533051813],[83.73272821917571,27.677462930454634],[83.73216732317984,27.677820784809086],[83.73158235523206,27.678313928546416],[83.73129881234047,27.678656466913022],[83.73108223205742,27.678827579698105],[83.73054253118615,27.679074838485217],[83.72968108644729,27.679316971320144],[83.7294218652517,27.679431567307905],[83.72864839120335,27.679502274081628],[83.72830595170755,27.67942262546354],[83.72762026024832,27.679342289044012],[83.72676481893993,27.67910590572003],[83.72650709781082,27.679123410466616],[83.72618397811041,27.67919730666608],[83.72594626479716,27.679329969985062],[83.72581596602774,27.679462884413134],[83.72529033266694,27.68028343726125],[83.72502942286071,27.680569583587992],[83.72492200853848,27.680569395552844],[83.72443289048829,27.68022085558068],[83.72413446725797,27.680064496258616],[83.72396302890522,27.68002579732086],[83.72377114477631,27.67992833106898],[83.72324057445026,27.67944431287069],[83.72283542493803,27.679231312112076],[83.72266442364867,27.67917229474133],[83.72236793992559,27.678864703863297],[83.72217611892691,27.67876730053493],[83.72194034331251,27.678726225722084],[83.72185568702098,27.678628946786432],[83.721836430753,27.678475463942817],[83.72171057225471,27.678244958898194],[83.72162547785243,27.678168060747545],[83.7212822884846,27.678147054076348],[83.72117674880782,27.67803170767814],[83.72113598421312,27.6778578442259],[83.72102975744454,27.67776056504666],[83.72081436560032,27.67783690023413],[83.72048955728044,27.678046148360234],[83.72033931414914,27.678063965949423],[83.72018957049514,27.67800494837132],[83.71999968803999,27.67775399940286],[83.71974797062781,27.67729305176701],[83.71934557250711,27.67686792570816],[83.71922171467854,27.676463619559822],[83.71881856599997,27.67609719906691],[83.71873459807362,27.67596159638723],[83.71878255364169,27.675559915412727],[83.71867907868844,27.675252700574273],[83.71844611771584,27.675001688825947],[83.7184046646973,27.67496780350156],[83.71793630403091,27.674594380939382],[83.71772291222288,27.674496914338295],[83.71742286419322,27.67445571459199],[83.71729506671348,27.674378691249945],[83.71708323896088,27.67416606667548],[83.71676680920196,27.673723061035844],[83.71655742004322,27.673318629470508],[83.7163672249978,27.67308799883932],[83.71609556249679,27.6724915729525],[83.71595050986672,27.672087204380983],[83.71563564380806,27.671529102271723],[83.71523412047735,27.671047522491413],[83.71495801950323,27.670814453970674],[83.71453136080203,27.670601390442478],[83.71401835893494,27.67044459404646],[83.7128182268366,27.670320243131442],[83.71219580913336,27.67031674082366],[83.7117675247085,27.670254909818382],[83.71012272878161,27.669648854575644],[83.70976040726114,27.66945398406602],[83.70946236031541,27.669261489928726],[83.70931380549222,27.6691257624601],[83.70859585370422,27.668201114740842],[83.70838727729381,27.667737978207406],[83.7082183400216,27.667525478354847],[83.70783563544985,27.667235705082287],[83.7075575328169,27.667176436875508],[83.70702139646126,27.6671528673608],[83.7064649406403,27.667034206522832],[83.70612175066421,27.667013199492576],[83.70602171391454,27.66698137747347],[83.70592924238485,27.66695411986786],[83.70575780418747,27.666953744288286],[83.70562800519568,27.667009948452144],[83.70551808956202,27.66723989085222],[83.70530075824601,27.667449326707388],[83.70505948095456,27.66784838124628],[83.70492893222772,27.66800155093991],[83.70466514618687,27.668497571000138],[83.704620004708,27.66865092912407],[83.70444450084456,27.668957581422855],[83.7042261071981,27.66924372741842],[83.70366114667773,27.669813582220208],[83.70342299615118,27.66996656354371],[83.70305429575805,27.670270527403048],[83.70275387217247,27.670267588583883],[83.70217815912088,27.669977565748656],[83.70205117574433,27.669841775446848],[83.70185941718645,27.66972399036818],[83.7016672208999,27.669667160814264],[83.7013240309599,27.669643841411897],[83.70097890323966,27.66977625477265],[83.70043907774239,27.670041456819416],[83.70009432426112,27.670153551961],[83.6998350412237,27.67028621544309],[83.69927439506819,27.67049265049114],[83.69852142782935,27.670640004593338],[83.6980915812307,27.670675202236026],[83.69714992009908,27.67047676780481],[83.6966166602234,27.670225067724637],[83.695893143221,27.669758554589503],[83.69559440809341,27.669604384070695],[83.69538020403368,27.66958362800788],[83.69510097523616,27.66960106996147],[83.694987870126,27.67005901655541],[83.69500700206501,27.670232817813986],[83.69543359754567,27.67044594381444],[83.69551869074898,27.670504836244298],[83.69596047913258,27.67119872789894],[83.69612385088213,27.67183103936796],[83.69626884119405,27.67223540829953],[83.69634905692881,27.672696044307006],[83.69681079014477,27.67350509502005],[83.69714309959636,27.674370287769623],[83.69724663643137,27.674968650795826],[83.69728283749521,27.675176398720534],[83.69728077353503,27.67535026283967],[83.69721249674062,27.675636659624534],[83.69735830157767,27.67598232315845],[83.69743851634959,27.676442960134604],[83.69754193070656,27.676732044899314],[83.69775213209462,27.677077897163123],[83.69828307879305,27.677523716280422],[83.69851422606452,27.67790789156932],[83.69857624864463,27.67808181822101],[83.69879626456945,27.67934856537294],[83.69889973976629,27.67963771237108],[83.69892875015415,27.680730158543405],[83.69919803608029,27.68148012924611],[83.69938091444564,27.682288554986954],[83.69937735019808,27.68257520117741],[83.69928775473898,27.682861660212247],[83.69932045148795,27.68366752315827],[83.69929681760391,27.683841324390247],[83.69909699339223,27.684357724627663],[83.6990946167648,27.684529274794354],[83.69930638218557,27.684759967921902],[83.69979543756203,27.685108634739084],[83.69990122794373,27.685244236871153],[83.70002664810124,27.685513128614282],[83.69997994273236,27.68580196255133],[83.69999913681765,27.685973513934293],[83.70016563472977,27.68637788286185],[83.70029230767554,27.6865519962156],[83.70035589339382,27.68660851370334],[83.7008269421016,27.68670885544906],[83.70125328830626,27.68692191959081],[83.70174515798574,27.687060709874288],[83.70187295438988,27.68715792695767],[83.70199843814768,27.687406562563748],[83.70216381075613,27.687908022356133],[83.70218225509625,27.688138278479382],[83.70189808631989,27.6885371450942],[83.7017469680657,27.688613542466452],[83.70142753635851,27.688825040895733],[83.70136001052576,27.688946826675863],[83.70127491619165,27.68925360408328],[83.7013179315682,27.689404899391356],[83.70142528359288,27.689558630995045],[83.7015110034842,27.689615211547927],[83.70178966859665,27.689712865061825],[83.70187557531746,27.68971080232964],[83.70238970486518,27.689596768780902],[83.70256114287548,27.689597145113677],[83.70389038483692,27.68999951460033],[83.70419099674498,27.690210077353616],[83.70429828569397,27.690496911390216],[83.70434205083538,27.69095523456788],[83.70412834493258,27.691471635663348],[83.70318693208766,27.692523692742412],[83.70316579853541,27.692600402314454],[83.70284499283652,27.693078231352665],[83.70243796498198,27.693307609487977],[83.70215973722115,27.69353723971753],[83.70190289250792,27.6936901587444],[83.70177446973703,27.693823073003045],[83.7016247880163,27.694071020166724],[83.7015181854503,27.694357416700328],[83.70151818591224,27.69447257643549],[83.70141170710279,27.69481767794062],[83.7013261132762,27.694932585860702],[83.70096204028268,27.69512370403123],[83.70076946913268,27.695294817336052],[83.70072651477177,27.695371463443774],[83.70066361502319,27.696423148534702],[83.70040739476262,27.696842396271332],[83.700086149874,27.697130605662704],[83.69963648281517,27.697301216787256],[83.69907965022642,27.697722089643573],[83.69875871857879,27.69812314493559],[83.69865192859052,27.698353150556677],[83.69841659106184,27.69862122929745],[83.69813836237182,27.698830538948492],[83.69779554712032,27.698983271316855],[83.69762448348925,27.699174764153316],[83.69723890212686,27.69944253135451],[83.69704633092462,27.699631710635657],[83.69689640014857,27.699728426290363],[83.69670389093315,27.699996630287025],[83.69649056036538,27.700569486035995],[83.69627673029505,27.70087594978293],[83.6959342283988,27.70117991357089],[83.69589146308468,27.701256562105417],[83.6957415310942,27.701353277368856],[83.69533419291412,27.701467498214715],[83.69507740936373,27.70171525718837],[83.69494904924247,27.701924882373657],[83.69449969384311,27.70232793699515],[83.69434982625046,27.702422402780808],[83.69413543364712,27.702460287436644],[83.69340660061748,27.702460911909903],[83.69317101289138,27.70259357598383],[83.69306416169285,27.702728803591338],[83.69274316648367,27.703014761507042],[83.69248625864905,27.703185685991805],[83.69214325631935,27.703261708961282],[83.69192911354799,27.70335829905359],[83.69165051121043,27.703549541297924],[83.69139397742586,27.703817557266618],[83.69124398352483,27.704045186998087],[83.69113744380017,27.70429551097173],[83.69094468544913,27.704523014044163],[83.69047419661854,27.705212654957297],[83.69023873307755,27.705498800301463],[83.69002465428785,27.705669850435658],[83.68966058157478,27.706052775335404],[83.68948970441294,27.706300660622894],[83.68938329004624,27.706817312228093],[83.68938341443838,27.706988800347073],[83.68955585101848,27.707792723747417],[83.68951427262814,27.708711306460827],[83.68953584155338,27.708824213464844],[83.68934401938974,27.709627325461955],[83.68934433159467,27.70985751677],[83.68936602760589,27.710029130515206],[83.68955953478402,27.710431312042306],[83.6896457544979,27.710774600455757],[83.68966788735212,27.71135020650093],[83.68986183223454,27.712151880108028],[83.68986251902456,27.712497231538407],[83.68979893200344,27.713011695847456],[83.68964987467922,27.713702085520207],[83.68965018768652,27.713930026816097],[83.689693141265,27.714101640784566],[83.68969395307924,27.71461854144573],[83.68963017834255,27.714963705936498],[83.68933119012672,27.71588172521772],[83.68916012755757,27.716168059477205],[83.68901057093561,27.71656948882339],[83.6890106959272,27.716646136770105],[83.68901088273374,27.71679736862358],[83.68884000594007,27.71725744212387],[83.68866875415968,27.71748732148304],[83.68826216531404,27.71786780668254],[83.68791941313005,27.718117630770596],[83.68774797449035,27.718193964954207],[83.6874483632632,27.71849799177031],[83.68712786842579,27.71918794302102],[83.68652858128226,27.719990116549017],[83.68622903226006,27.720506330111885],[83.68599388113147,27.72102266818926],[83.68592973168502,27.72107899819163],[83.6858442618729,27.72125035986264],[83.68565187744787,27.72176676116078],[83.68552376764755,27.721996703891097],[83.68526679711165,27.722282788570396],[83.68477417557547,27.72268565517243],[83.6844106033008,27.723104590275305],[83.6841323117613,27.72362093015174],[83.68411105304963,27.72373596347472],[83.68383338671325,27.72436733593587],[83.68368339224368,27.724594965574664],[83.6832982492384,27.725016150864192],[83.68308435671044,27.725302359868923],[83.68287040116854,27.725818761096328],[83.6825065776783,27.726316718657237],[83.6822069671185,27.726525967826966],[83.68182107231213,27.726640188635834],[83.6813708444035,27.726639125683562],[83.68098513825797,27.726678885544334],[83.68066339438751,27.726657816693592],[83.68002040457115,27.726753406162885],[83.67982758316842,27.72675296870645],[83.67969878553112,27.726791041634385],[83.6792485564387,27.72679229207052],[83.67731890271223,27.726541778031216],[83.67686886124511,27.726579101362635],[83.6768046500841,27.726635430511124],[83.67678307884653,27.726732396055443],[83.67699778405262,27.72694283309083],[83.6774483252216,27.7272688665911],[83.67779195155143,27.727651104228624],[83.6779209370856,27.727861354232896],[83.67830714183577,27.728205330931956],[83.678778878394,27.72832149062601],[83.67920772558061,27.72837894484349],[83.67946525767945,27.728474348293457],[83.67989404198947,27.728552060875],[83.68040885863964,27.72870448084529],[83.68066626642332,27.728838207336963],[83.6816955217412,27.729050459761044],[83.68195274305795,27.729030765652194],[83.68306746988695,27.728859467034006],[83.68358184797306,27.72882227059424],[83.68469632395264,27.728420779150362],[83.68538207849306,27.728230473556295],[83.68563892434476,27.72811587780131],[83.6858105495843,27.728077991605023],[83.68606745834714,27.727943140869563],[83.68632480434337,27.727866993314013],[83.68658202401278,27.727849488085493],[83.68735331032579,27.727562342136807],[83.68769625167673,27.727504388438536],[83.68829653530015,27.727487697042935],[83.68872519555462,27.72739160688056],[83.68923951108427,27.72714222167993],[83.6895822634624,27.727048194387557],[83.69018242342237,27.726952418318554],[83.69112564803324,27.7269725503602],[83.69129733677329,27.726934601496076],[83.69136148595175,27.726896402612017],[83.69172524721877,27.726418701059057],[83.6918752411949,27.726283598445782],[83.69223943894079,27.7261128605303],[83.69309638141756,27.725807773077747],[83.69331058556544,27.725634472894754],[83.69365284008501,27.725005475768434],[83.69388798970846,27.724699010090152],[83.69395213887161,27.724565971033858],[83.69412345305642,27.724412864022874],[83.6943377202916,27.724316336332265],[83.6945305411128,27.72429864435762],[83.69487341804603,27.72414591221499],[83.69513088926973,27.72414428700283],[83.695387860128,27.724068076501716],[83.69633114652892,27.724088147791324],[83.6968456501536,27.72401256388866],[83.69753171801372,27.7240320692667],[83.69813218901604,27.72416654697676],[83.69873260046707,27.72443418925753],[83.69937621276364,27.724798984763908],[83.6997195899155,27.724912581687686],[83.70023415556675,27.724931713263906],[83.70046980644693,27.724799048790175],[83.7006620646366,27.72451284021469],[83.70079080077403,27.724397994312508],[83.70096192667938,27.72432165962559],[83.70111185769248,27.724206813730742],[83.70119782594784,27.724207001595214],[83.70145492250137,27.72411059795625],[83.70179786232848,27.724034514426503],[83.70231211584866,27.724035577147387],[83.70256939903904,27.72399781680656],[83.70291240115893,27.724016572348315],[83.70359821701282,27.72390291589768],[83.70419831534551,27.72369204222518],[83.70471263147398,27.723578070499133],[83.70539832327843,27.723502737690595],[83.70565516932258,27.723500986840158],[83.7057408882901,27.723462788838983],[83.70602180428126,27.72344984861729],[83.70616923459804,27.723443407880257],[83.70642632984874,27.72359745412441],[83.70674726103475,27.723674852861482],[83.70700441803675,27.723655097496515],[83.70726145174206,27.723712052256772],[83.70771118025837,27.723922864766163],[83.70796827684723,27.72392342684587],[83.70822524659171,27.72398044469101],[83.7090818139651,27.72405665538579],[83.7095958787624,27.72388616873874],[83.71000284336537,27.72359814764346],[83.71025962613446,27.72336845481252],[83.71053779345498,27.72321553481268],[83.71081633279086,27.72315970665742],[83.71100909266633,27.72316008271973],[83.71137328982536,27.723312064723473],[83.71274379824058,27.72361734437363],[83.71351483241028,27.723772389868305],[83.71402883627199,27.723771203794904],[83.71428580674555,27.723715311797307],[83.71497112422558,27.72340747236363],[83.71567770004346,27.7228536862163],[83.71597731182517,27.722511211056908],[83.71616982020161,27.72233778405108],[83.71642691607809,27.722243569858048],[83.71676954352559,27.722052388433152],[83.71702638861638,27.7217843104132],[83.71736876770767,27.721173319602496],[83.71745429818378,27.72107641560467],[83.71783962940027,27.720675486471002],[83.71848180735756,27.720141829598077],[83.71886726224189,27.72002523368149],[83.71920995174425,27.720064308172727],[83.71946685991287,27.72004449026198],[83.72015205102416,27.720122638665448],[83.7204948654266,27.720236172198604],[83.7207519608533,27.720236672564695],[83.721008744265,27.720122077411993],[83.72100861799598,27.719930208586188],[83.72085843922542,27.719625180642048],[83.72081548671596,27.719318153354415],[83.7209438456022,27.71909046212921],[83.72130791985093,27.718802252935625],[83.72195028256904,27.71867033985483],[83.72220712736306,27.71853542496643],[83.72248541995593,27.718305795245286],[83.72265685837718,27.718229398042773],[83.72299942248743,27.718153313356467],[83.72385592719151,27.71834468393025],[83.72411302299786,27.718363189755223],[83.72471255823905,27.718364377418435],[83.72505537284705,27.71832668064518],[83.72548340627867,27.718212396364347],[83.72625456720456,27.718173261628326],[83.72659713285569,27.718115181559405],[83.72702522794079,27.71794456962806],[83.72719647886072,27.717809468945543],[83.72728207492983,27.717791588401653],[83.72771042155814,27.71744711243206],[83.72798846271719,27.7172940682988],[83.72833121390846,27.71725643187634],[83.72875962173727,27.7173701531051],[83.72884521637084,27.717390660498943],[83.72899514736119,27.717524074203588],[83.72923092157556,27.717696063089953],[83.72963813520546,27.718308556145278],[83.72983095556523,27.718536872256312],[83.73032413767235,27.719415819711795],[83.7304957004393,27.71987439109321],[83.73051714492094,27.72004819283457],[83.73092423356603,27.7204484982141],[83.73101007720895,27.7204870724553],[83.73116013335209,27.72071532772136],[83.73116000696498,27.720889065223112],[83.7310744745001,27.721116882801745],[83.73107472457677,27.721403528784915],[83.73113899813146,27.721577455355433],[83.73126779611437,27.721690551601007],[83.73152470267317,27.721900987791866],[83.73161054796635,27.721939437070283],[83.7320605267011,27.722303795383016],[83.732403278918,27.722437584445824],[83.73300275164128,27.722474846309872],[83.73319563469823,27.722551994764036],[83.73336713594225,27.72257037576716],[83.73422364160179,27.722533615122497],[83.73473751926115,27.722685847855107],[83.73505895036415,27.722857962474023],[83.73557320268505,27.722992126929306],[83.73600136202516,27.72295230226273],[83.73660102135062,27.72278187871512],[83.73677221147089,27.72278219173079],[83.73728621354603,27.722896038094607],[83.73797159378783,27.72295374326079],[83.73857125314296,27.723049709529253],[83.73882853565183,27.723124670304507],[83.73917122415762,27.723163681898686],[83.73944964132413,27.723279278263437],[83.73972805504454,27.723525851345613],[83.74032821631647,27.723831691320605],[83.7412705654306,27.72404331784582],[83.74142043342296,27.72412034082342],[83.74154891833608,27.724233435976917],[83.74165633235457,27.724387106421496],[83.7417848803216,27.72448213467478],[83.74182783254993,27.724558970239162],[83.74242755487914,27.725036360383456],[83.74266345501468,27.725305376847455],[83.74311330866433,27.725610905924665],[83.74337040367874,27.725629411271804],[83.74379881323982,27.725515128088258],[83.74390747740111,27.725524381179433],[83.74410880184405,27.72580458840102],[83.74465950497877,27.72690935134523],[83.7448251291938,27.72714435816241],[83.74495104979361,27.727261955156397],[83.74573740304959,27.72754553974756],[83.74599449857313,27.727570860316032],[83.74641997002972,27.72771377738808],[83.74719275510787,27.727692647545307],[83.7476238531811,27.72762343910624],[83.74770369555749,27.727634880687326],[83.74796585567655,27.727669202676967],[83.74838994948354,27.72787082671439],[83.74890176441056,27.727995925170642],[83.74924132742966,27.728138718781718],[83.75089018761665,27.729112255514362],[83.75114659495516,27.729155644732472],[83.75148978399886,27.729162958672877],[83.75200741556549,27.72905780395586],[83.75338104963237,27.72904892777754],[83.75381177084364,27.728981970970526],[83.75413883132845,27.728777161210562],[83.75466002433978,27.728538842469202],[83.75526193566071,27.728494767309734],[83.75595325487704,27.728317652940177],[83.75612512999552,27.728302149818035],[83.75663556882097,27.728485828094442],[83.75686765527705,27.72864424977312],[83.75729212548745,27.728825554945622],[83.75763025018742,27.729024800172503],[83.75815606899603,27.7294386722053],[83.75857191115391,27.729963140055027],[83.75909560430213,27.730453784412102],[83.75932837705935,27.730594139052883],[83.75958416058893,27.73065553233389],[83.75975710044821,27.730601641273864],[83.76001419449138,27.730626898815103],[83.76027303989517,27.730575446106442],[83.76044698060228,27.73048323201144],[83.76079148365169,27.73043184215537],[83.76105276736078,27.730285611675782],[83.76131230269948,27.73021384151318],[83.76139927247254,27.730157575041037],[83.7619176507889,27.730034288834954],[83.76261003400055,27.729800720766136],[83.76278259744092,27.72976489838471],[83.7635546966623,27.72978202885611],[83.7644944819844,27.729955143999458],[83.76517679726521,27.730123257247367],[83.76560233035349,27.730266174241233],[83.76628739685114,27.730337383550484],[83.76783053192584,27.730407655305406],[83.76834234639549,27.730534881298297],[83.76874499483158,27.730734190152496],[83.76925474681552,27.73093593728475],[83.76959649950071,27.731001957419448],[83.77044650121135,27.731326115810496],[83.77087584827113,27.731315551228867],[83.77104641001844,27.731356437099286],[83.7713897881759,27.731363752592138],[83.7718146326905,27.731527050941477],[83.77207072757625,27.73159057045076],[83.77257985391371,27.731810384676137],[83.77283626085179,27.731855898774302],[83.77309066840901,27.731975935268213],[83.77326254443739,27.731978498451678],[83.77360798571456,27.731891034898467],[83.77386483095623,27.731914041720295],[83.774123300897,27.731882845773377],[83.7744649910621,27.731946614747987],[83.7748080546333,27.731953991681088],[83.77514774392188,27.732094408968464],[83.77557465128052,27.7321808725457],[83.77574690336063,27.732165305956475],[83.77611428953311,27.73205758626573],[83.7763738235526,27.731985753538524],[83.77731679936232,27.732025641769223],[83.77774301923772,27.732150490089907],[83.77868317990189,27.732303161307886],[83.77885268111214,27.732382435635007],[83.78021774813064,27.73271859751879],[83.78064265595661,27.732881834602292],[83.7811545341465,27.733006745432082],[83.78158281676569,27.733034567402644],[83.78209438176425,27.73317979728088],[83.78243950951884,27.733110340078152],[83.78278638860424,27.732964171912933],[83.78330370642414,27.732879210017515],[83.783997087776,27.732604942802627],[83.78425662173457,27.732535360515406],[83.78511431524537,27.732552492010534],[83.78528512957222,27.73259562868566],[83.78579431700354,27.732815318645383],[83.78639485294288,27.732827510301874],[83.78674204362267,27.732681281203625],[83.78687353016011,27.732570935677465],[83.7870470955416,27.732496726339544],[83.7875734156922,27.73204834581633],[83.78794730411296,27.73169230438222],[83.78805859667104,27.73154125937384],[83.78815000583938,27.73131344240519],[83.78832600839445,27.731144393165366],[83.7886071124959,27.731054617037017],[83.7889498643291,27.73107987447159],[83.78938596481338,27.731030861067655],[83.78959866793231,27.730882255292684],[83.78986232922635,27.730638871146176],[83.78997086901894,27.730584793118254],[83.79048856057697,27.730479575699633],[83.79126272330933,27.73039948991907],[83.79195579260211,27.730109342618917],[83.79210859961695,27.7299966853888],[83.7929686064896,27.72990090699545],[83.79390989354602,27.729979056828505],[83.79442558554038,27.72993241811092],[83.79528365320208,27.72991335070812],[83.7957099364121,27.730017819938325],[83.79604856221951,27.7301989352779],[83.79630503238127,27.73024213626712],[83.79699703912777,27.729988061445088],[83.79742676101169,27.729959367134757],[83.79776851255262,27.730004942364936],[83.79879983229839,27.729913916535438],[83.79974693304598,27.729761810566803],[83.8007810048545,27.72955337519311],[83.80104053929183,27.72946347350472],[83.80121241531164,27.72944790714756],[83.8016250060281,27.729227279410342],[83.80232489195755,27.72866855381159],[83.80273785764543,27.728427608329167],[83.8029353678568,27.728240553473448],[83.80306998157963,27.72799473214459],[83.8032017805965,27.727864005910114],[83.8034021050252,27.727561791926497],[83.80353352813819,27.727449133474547],[83.80364407045606,27.727298090036378],[83.80386190014418,27.72716973912463],[83.80405978706516,27.72696236732171],[83.80430600365351,27.726527051059975],[83.80443742772411,27.72641664342225],[83.80504384007438,27.72616019467557],[83.80558891691295,27.72579077352848],[83.80584876429208,27.72568055365547],[83.80604565032314,27.7255115051491],[83.80639246721712,27.725367524535496],[83.80697355787056,27.72526449609941],[83.80731799805359,27.725215355598348],[83.80766068623315,27.725222608976626],[83.80783393794167,27.725148336847234],[83.80829373560775,27.724756222146706],[83.80907339917162,27.724430002324695],[83.80922576813383,27.724335411213602],[83.80948899077605,27.724094341441184],[83.80957833620248,27.723940921423196],[83.80997548586812,27.723471972125047],[83.81037913648538,27.72273444283566],[83.81070813264152,27.72243466728893]]]}},{"type":"Feature","properties":{"province":"Gandaki Province","district":"Nawalpur","municipality":"Binayi Tribeni Rural Municipality","ward":"1","wardNumber":1,"sourceMunicipality":"Binayee Tribeni","sourceType":"Gaunpalika"},"geometry":{"type":"Polygon","coordinates":[[[83.91199673442557,27.65371234774432],[83.91204050014201,27.653674024166914],[83.91236712174727,27.653389815928513],[83.91243239537701,27.653333487158882],[83.91249804476448,27.65325671429455],[83.91269499300819,27.653049153827038],[83.91282566630318,27.652936370521267],[83.91339362747541,27.652347634772994],[83.9136545370844,27.65214013621015],[83.9144323880258,27.65140254557143],[83.91461439283711,27.651231056921276],[83.91476820011181,27.651003177633957],[83.91488192969672,27.650601497631328],[83.91512533284171,27.65014567649295],[83.91589086709466,27.649290675118724],[83.91656586650029,27.64872457147583],[83.91696070131313,27.648212421443663],[83.9171603376504,27.6478107406957],[83.9174245604353,27.647411373190913],[83.91757767999798,27.647242198580233],[83.91786416140724,27.64678418891014],[83.91790992831035,27.64661263886815],[83.91791386729729,27.646382445758462],[83.91781870761302,27.64563297629723],[83.91782339652568,27.64534632877516],[83.91787010179846,27.645116136808564],[83.91800440204796,27.644773098249104],[83.91826862453527,27.64437379304925],[83.91840223703697,27.64408720939984],[83.91855635700799,27.64385926714307],[83.91864588951705,27.643629137248524],[83.91877750159853,27.64345990017874],[83.91913150758019,27.64283034053865],[83.91914182461596,27.642198341823025],[83.91900258557023,27.641505326033414],[83.91885803211653,27.641157661301186],[83.91884677876394,27.640525662819023],[83.91889348286306,27.640295470341982],[83.91934265004616,27.639092679254304],[83.91930357364963,27.638862424495727],[83.91948920536778,27.63800254626466],[83.9194699481583,27.63656243616171],[83.91956242029102,27.636160755686177],[83.91962938295627,27.635989205022135],[83.9197172277424,27.635876421457766],[83.91983027014575,27.635531133202605],[83.91981432647607,27.635185781406012],[83.91989091769035,27.63444099965743],[83.92022698066012,27.633581185325916],[83.92027374777956,27.633351054479245],[83.92026330622876,27.633289974698087],[83.92023460867553,27.633120674261484],[83.9201093117671,27.63288816831721],[83.91996575895702,27.63248404996209],[83.91969334568806,27.632077618042132],[83.91958824444036,27.631942140677765],[83.91946094695618,27.631844987032288],[83.91927231547382,27.63155596430477],[83.91908768474345,27.631036749498186],[83.91932008320373,27.62994442861762],[83.91943106234189,27.629716486665526],[83.91945363370886,27.628335205385405],[83.91956961481958,27.627820553745416],[83.91957886776311,27.62724500980381],[83.91946120050068,27.62655199344031],[83.91951090642841,27.626150250336625],[83.9196005019754,27.62592230869081],[83.91960706697712,27.625518314738205],[83.91967434232801,27.625346827157976],[83.91970316558957,27.62488637897952],[83.91952316151661,27.624080455278534],[83.91929745343604,27.62344383066121],[83.91898390021761,27.622922238933317],[83.91883903356789,27.62257451172195],[83.91874024786806,27.622057547619445],[83.91868922906058,27.621249497494603],[83.91870511011982,27.620272148343282],[83.91875450370206,27.619870404971778],[83.91915652836427,27.618897806465096],[83.9192023578709,27.61866761446722],[83.9193133994754,27.618383280426144],[83.91929958130686,27.6178076739218],[83.91921705149053,27.617577418238415],[83.91885779377306,27.617227377971748],[83.91862677080385,27.616879650886165],[83.9185230449965,27.616649333010553],[83.91836173572455,27.615899862688547],[83.91815528458807,27.61532194248844],[83.9175475592759,27.614337465502814],[83.9173205388365,27.61370302912429],[83.91715760382885,27.61306871805463],[83.91694915143161,27.612664536094133],[83.91673869871124,27.612373263697336],[83.91655081722517,27.612027786396194],[83.91640638820252,27.61162366811894],[83.91638944495382,27.611278315989434],[83.91634742967227,27.611219611594482],[83.9163233577367,27.61082687122058],[83.9163124170026,27.610646255264854],[83.91621069152049,27.610242199694177],[83.9160456936052,27.60977937555316],[83.91594709491625,27.60914731533056],[83.91594934583235,27.608975764602633],[83.91603956708855,27.608630475457904],[83.91643677673576,27.60777522460168],[83.91641989577691,27.607429873226085],[83.91633974145445,27.607028067508537],[83.91617443053593,27.60656524403379],[83.91615792461718,27.606219829588337],[83.91656182408262,27.60484780110012],[83.91664891940853,27.60473495620666],[83.9169378390276,27.60393384527519],[83.91700911568897,27.603416943254228],[83.91704275395966,27.60250061226268],[83.9171773663688,27.60204247725966],[83.9174651603823,27.601356463135765],[83.91751161494749,27.60106987950269],[83.91760046032168,27.600841936969232],[83.91776095776954,27.600040701751535],[83.91781172740271,27.599465157913865],[83.91792751996104,27.598797086192075],[83.9181449137368,27.59855120137783],[83.91846809610142,27.598402470719886],[83.91872625339926,27.598330387056127],[83.91904643450887,27.598391467242294],[83.91936755404815,27.59839615612791],[83.9196906735488,27.598247362992804],[83.91992701121947,27.59819334738002],[83.9201642864941,27.598062558632236],[83.92035917074227,27.597893384035984],[83.92079508197288,27.597324841840145],[83.92090581155732,27.597038258216624],[83.92095189118034,27.59681025358463],[83.9209350098604,27.596464839900076],[83.92083165950223,27.596175941846468],[83.92067366330339,27.595198529451125],[83.92067841580314,27.594853178233606],[83.92077320103294,27.594164788371387],[83.92084047546042,27.59393684690115],[83.92089818467507,27.59384431898187],[83.92097177417145,27.593727035145868],[83.92112526850293,27.593442701315052],[83.92160282044877,27.59297118840433],[83.92188623903799,27.592571820484824],[83.92213020398793,27.591944511210357],[83.92217634660804,27.591610475360742],[83.92217759680554,27.591599159530222],[83.92209975534784,27.59102355321879],[83.92193613302453,27.590447883726878],[83.9216442130015,27.5898699018788],[83.92139205660354,27.58952217464262],[83.92103292422067,27.58915400384278],[83.92043945496565,27.588704496221727],[83.92014221975087,27.588528319398375],[83.91988937665853,27.588236983780934],[83.91980659601442,27.588006728268684],[83.919513924941,27.587485137040204],[83.91932748134585,27.587024564009923],[83.91888494332274,27.586500660156187],[83.9185280614278,27.58597906907072],[83.91793859364516,27.58522484738975],[83.91754038395803,27.584606103204273],[83.91716130659745,27.584140904016156],[83.9168900185862,27.583621626241573],[83.9162595356353,27.582750056690667],[83.91579842818987,27.581998148164374],[83.91546217855878,27.581532886406627],[83.91519114104037,27.581013608902726],[83.91498381505046,27.580492080072627],[83.9149245425326,27.5801286608213],[83.91490503604216,27.579993183991544],[83.9148844660029,27.57993672991518],[83.91476529657972,27.579245963988164],[83.91477236224345,27.578729187203617],[83.9148632085854,27.578327381825098],[83.91499713300844,27.577927952212274],[83.9151725114585,27.57762330027787],[83.91547606107105,27.57732102373246],[83.91586508051,27.577059446727887],[83.91612892794716,27.576544983300295],[83.91612961520359,27.576488529237377],[83.9162662917021,27.5761839397655],[83.91643560404852,27.5758951053352],[83.91635851368933,27.575585764075885],[83.91613761959952,27.575043980013483],[83.91607984847057,27.574813661635673],[83.91585470282983,27.574423047050242],[83.91581843967961,27.57419279179133],[83.91584426169987,27.574039371954598],[83.91631199693923,27.57343694524576],[83.91647286939836,27.57305789569927],[83.91669626450867,27.572755495281154],[83.91682712516888,27.57268109769209],[83.91695629815479,27.57266540615002],[83.91735632129944,27.572943237617203],[83.91769569731711,27.5730856543134],[83.91803594802215,27.573189685271945],[83.91846335603168,27.573255454729708],[83.91932148569029,27.57327614924564],[83.91975245738604,27.57320869143569],[83.92001374173056,27.57308015409326],[83.92051617766674,27.57276674946054],[83.92121137283056,27.572475914549283],[83.9216501603373,27.572139878217307],[83.92213621544295,27.571652547414484],[83.9223162821516,27.5713502090656],[83.92236355037312,27.571196726458815],[83.92237005253831,27.57096653392077],[83.92268054250972,27.57061005402471],[83.9227468165051,27.57055366241066],[83.92301003980918,27.570348414568898],[83.92326907318842,27.570296649708514],[83.92376982117713,27.570039573912606],[83.92418703790013,27.569705726344388],[83.92438567424543,27.569518483638433],[83.92478525939951,27.569047033251877],[83.9251649630372,27.568519065284892],[83.92534527982781,27.568216601099003],[83.9255964351883,27.567684070306534],[83.92569090809262,27.567379355286437],[83.92581095244383,27.5669234717492],[83.92586272123918,27.566616569365856],[83.92587084941424,27.566329859587366],[83.92590079815538,27.566022956699687],[83.9257828801523,27.565636968107317],[83.92520798059523,27.564722449507734],[83.9249413818858,27.564275380958502],[83.92454911150008,27.56372884524655],[83.92428313818044,27.56326158214421],[83.92403354653109,27.56298831489326],[83.92366478573138,27.562365130991854],[83.92343738878127,27.562053539567454],[83.92323825290012,27.561511692509107],[83.92297171650654,27.56106462364302],[83.92262677744843,27.56036698101224],[83.92243608161682,27.55951816893142],[83.92223669584345,27.558976321925602],[83.9219089507505,27.557664748985705],[83.92185142959354,27.556664767860795],[83.92189438368857,27.55589960567304],[83.92167605273166,27.555281048458937],[83.9216394766565,27.55505079300677],[83.92167624054215,27.55451363537714],[83.92203293544529,27.553274646666367],[83.92190663895272,27.553195560375954],[83.92146428771201,27.55289734751985],[83.92081023403911,27.55249973111958],[83.9204709212767,27.552357313611736],[83.9198798273764,27.55201615089459],[83.91966974962833,27.55185804150937],[83.91898037019092,27.55119178275803],[83.91860260536941,27.55089363255544],[83.91845523840651,27.550794228256827],[83.91777761276929,27.55047332170435],[83.9174354238991,27.55042574524844],[83.91649245002118,27.550384482791618],[83.91606185338014,27.550433934150785],[83.91485815835946,27.550500953502517],[83.9144323752119,27.55049170076363],[83.91427919395849,27.550487074586105],[83.91352860364472,27.55047081949079],[83.91113822039405,27.550013433537217],[83.91045252908475,27.54997911056828],[83.90942145945698,27.550012307398926],[83.90881898710418,27.550075138380006],[83.9083900161879,27.550065822658084],[83.90778691738294,27.55014672151482],[83.906758412633,27.550085078102786],[83.90651782325061,27.550132404059298],[83.90589534344869,27.550256065383696],[83.9056549411469,27.550404859037062],[83.90548237749829,27.550438619315702],[83.9052249696125,27.550433930145946],[83.90462937489369,27.550246124310764],[83.90336015598696,27.549931594356863],[83.90318040180907,27.54988633039958],[83.90266733725407,27.549818247762765],[83.9021522709271,27.549824624272173],[83.90180583046794,27.549932781329527],[83.90154848585556,27.549932593427677],[83.90131427392976,27.549862447765236],[83.90080477325228,27.549679268250166],[83.90063608576892,27.549579864500437],[83.900127522503,27.549394435008285],[83.8992761451291,27.549222258991247],[83.89774526701619,27.54884195901888],[83.8974030775751,27.548814637906773],[83.89697798282387,27.548708231216487],[83.89638301281363,27.54854074480372],[83.89549212175248,27.548253409838154],[83.89524165395265,27.54803659596738],[83.89495423547987,27.54762553695329],[83.89477554466608,27.547162713326024],[83.89455177453748,27.546774286804283],[83.89377936421164,27.54610333949133],[83.89332238293068,27.545633513088667],[83.89309567448107,27.545339926704575],[83.89271147059931,27.544583454575143],[83.89233964618334,27.543422988491603],[83.89203959748056,27.54272753366713],[83.89152884708403,27.541910043174337],[83.89109343609871,27.541437966721745],[83.89074511984849,27.540914062551114],[83.89054679690494,27.540390220904516],[83.89035378832281,27.53969489166536],[83.8901919788615,27.539385551133183],[83.88998590292042,27.539112220513136],[83.88975563080261,27.538933730062887],[83.88933103578783,27.53880925552977],[83.88873931775679,27.538546990600388],[83.88831528540227,27.53840219789409],[83.88783123209784,27.538121928416633],[83.88697504024468,27.53810317218061],[83.88671738254102,27.53811648886577],[83.88628647331768,27.53820195101508],[83.88603144140941,27.53813855696276],[83.88569713086068,27.537862912908178],[83.88536613288365,27.537472111262208],[83.88472001936911,27.536880248820264],[83.88421452065171,27.53659991677759],[83.88285408045321,27.536262504320998],[83.88228468191028,27.53596179057664],[83.88224260431966,27.535941471696642],[83.88208698368514,27.536130901985306],[83.8819548725128,27.536241434381928],[83.88164594527103,27.536541397710415],[83.88120490734532,27.53695408146893],[83.88056385766147,27.537610336272685],[83.87993812555726,27.538458522581454],[83.87964051484806,27.539083519160442],[83.87919322415533,27.539706139275527],[83.87863532931323,27.540441479570898],[83.87841412226975,27.54066698316602],[83.8776634068412,27.541397698049224],[83.87720573749287,27.541654523389123],[83.8767444415157,27.542028882480405],[83.87622281068585,27.542285770726107],[83.87563240515772,27.542673509218314],[83.87538993974715,27.542899012695848],[83.87496578256419,27.54346292818154],[83.87430041088719,27.544195892971537],[83.87400811523516,27.54464933892476],[83.87351805804553,27.545271896648746],[83.87340576733487,27.545441070848184],[83.87297273128307,27.546293884197087],[83.87275033549464,27.546711256331893],[83.87242740392342,27.547318184390804],[83.87207239672021,27.547712863044087],[83.87173727261447,27.548163995388954],[83.87117050076728,27.548520100266767],[83.8711626219571,27.548526851972493],[83.87070282727272,27.54891915449155],[83.87028511011103,27.54934990575816],[83.86952088943234,27.549909007035268],[83.8694736844839,27.549929262678987],[83.86900050881393,27.55014551371706],[83.8685682243524,27.550271488018605],[83.86778781019744,27.55061840200215],[83.86719777876866,27.55106478276436],[83.86650252161814,27.55143201540298],[83.86615801947963,27.551483592786422],[83.86564326622326,27.551471839182945],[83.86547070239276,27.55150778705831],[83.8651228855991,27.55169027747915],[83.86468591160492,27.552026188397754],[83.86425293903956,27.55218829853511],[83.86408037457852,27.55222430877956],[83.86321311651416,27.55260710891367],[83.86286761377981,27.552694821710595],[83.86252048512961,27.55286143289308],[83.8622590752329,27.553028293855473],[83.86182579026335,27.553190404209857],[83.8608791277847,27.553304561716434],[83.86053525049074,27.553317752906203],[83.8603623739549,27.553371768643245],[83.85993377809861,27.553344260784137],[83.85941696114303,27.55342728510375],[83.85924533596896,27.553424846103706],[83.8586398617622,27.553622841636866],[83.85822677125608,27.553843656463005],[83.85796404831731,27.554066846998335],[83.8577208338389,27.554369060421987],[83.85762967478395,27.554594689321995],[83.857563400103,27.554671336513906],[83.85742416042903,27.555127158199717],[83.85733437672876,27.55529639508937],[83.85720282795755,27.555409116137188],[83.85546624816875,27.55625154950428],[83.85505109413911,27.556567079805536],[83.85445299673056,27.55735874924405],[83.85398438578304,27.55811215829841],[83.85382532677764,27.558491206375425],[83.85369140164072,27.558719023714467],[83.85357504603333,27.55909813470578],[83.85342073777151,27.559689308814164],[83.85343111717192,27.55974344924511],[83.85394017984194,27.560003588767287],[83.8543206959876,27.560241033789147],[83.85495761827853,27.560539621964885],[83.85610835630021,27.56088841240952],[83.8564905600432,27.56104902275256],[83.856938100831,27.561191689689537],[83.85751143799598,27.56145182979459],[83.85821432238048,27.56167602093444],[83.85859652636377,27.56185469818891],[83.85891589453566,27.56195660394628],[83.85942595756605,27.56217835698274],[83.85949029443209,27.562178419231845],[83.85999966950786,27.562418177175186],[83.86057400720667,27.562639930133127],[83.86108613415102,27.562764592831535],[83.86236410671543,27.56317440108082],[83.86376756271596,27.563737755635923],[83.8640216567782,27.563875732985558],[83.86454960157177,27.56424871837026],[83.86463175649574,27.564404451522893],[83.86464788733909,27.56463245641499],[83.86474892474624,27.564903410784872],[83.86487509670008,27.565000626835438],[83.86526298943666,27.56493317036249],[83.86530575527155,27.564951362400983],[83.86544818336503,27.565278771399722],[83.86557504265042,27.565357920183974],[83.8658983499206,27.56530853094807],[83.86600495160454,27.56532897461776],[83.86623791256736,27.56546688993122],[83.86631837942983,27.565699458109183],[83.86631200230184,27.56596578625679],[83.86643823682428,27.56608325857697],[83.86656640906534,27.566105953193947],[83.86665287782546,27.56606769186397],[83.86704714918444,27.56573171822539],[83.86724159623233,27.565680015989255],[83.8673917139641,27.565682453865623],[83.86751919897235,27.565741221032717],[83.86762154875541,27.565953470977757],[83.8676162346147,27.56618366381041],[83.86765562383944,27.56633720895281],[83.86780067756214,27.566549521316503],[83.8679232230176,27.566820476296463],[83.86798612068287,27.566879244033363],[83.86807152769585,27.566899624780937],[83.86815812157532,27.566863614386953],[83.86844435291484,27.566563651564845],[83.86881574099918,27.56628419459631],[83.86922820592918,27.56608138475521],[83.86942571698953,27.565894205214285],[83.86955620249446,27.565822059292096],[83.86988057228994,27.565714027744185],[83.87013898045798,27.565680392531867],[83.87076908929609,27.565349170712715],[83.87115135592094,27.565227635256136],[83.87150186053434,27.564977436503955],[83.87189369332665,27.564776877867104],[83.87247809723084,27.564578820437795],[83.87267223157049,27.564545122512524],[83.87275038574064,27.564542934801104],[83.87312246079243,27.564536495857485],[83.87327089052941,27.564577258020353],[83.87351973209755,27.564852839255803],[83.87377126246751,27.565031391238357],[83.87396408413083,27.565033829428184],[83.87411513938866,27.565000070321762],[83.87431352566668,27.56481295227271],[83.87457362259936,27.564722863906713],[83.87478663825956,27.564765938886083],[83.87491249761759,27.56484508730892],[83.87497089368117,27.565039206770155],[83.87490268133897,27.565172370914173],[83.87440212093522,27.565429195809276],[83.87411595222827,27.565670454861525],[83.87407093538849,27.56574716485462],[83.87402323003538,27.56589839603797],[83.87404079951447,27.566033748843264],[83.87418528955683,27.566209988126957],[83.87443650804371,27.566406608595546],[83.87475393725043,27.56652876998581],[83.87507693185522,27.566479379886722],[83.8755331636039,27.566278884145973],[83.87592137008043,27.566193484402255],[83.87624136312932,27.56623887290876],[83.87670722327205,27.566422114029706],[83.87681063553579,27.566539586847966],[83.87678681478698,27.566616296308464],[83.87665432835998,27.566747147215928],[83.876436059641,27.56687562258067],[83.87625786815308,27.567101125921745],[83.87613901218064,27.567482487941426],[83.87621822892618,27.567694738371866],[83.87634483797801,27.567755818849395],[83.87660187043788,27.567760570287334],[83.876688714578,27.567724497010428],[83.87686459311354,27.567575703262346],[83.87697951011202,27.5673297564946],[83.87715407519154,27.567219286149523],[83.87728262272807,27.567221662108086],[83.8773886621422,27.567262424622786],[83.87768258276554,27.56746129546242],[83.87811411723975,27.568064348197517],[83.87843536028906,27.56876199034491],[83.87897055828692,27.56950514692223],[83.87915481342345,27.569814487691076],[83.87919332798006,27.569970283237037],[83.87939940400479,27.57026161925671],[83.8798600116531,27.57067511613304],[83.8800253847946,27.57088967925387],[83.88021457959778,27.571029783022958],[83.8804269081932,27.571111244997656],[83.88065855669538,27.571269416083858],[83.88103525806265,27.571603764245975],[83.8812003185535,27.571838646513797],[83.881585148699,27.57263350548436],[83.88185424755036,27.57298585838102],[83.88267605096178,27.5735215166835],[83.88286780989047,27.573564529142924],[83.88339763076917,27.573808726090867],[83.88332710455445,27.57401634992963],[83.88324307273217,27.574704740031716],[83.88325313824389,27.575108733321883],[83.88347096937328,27.575747734252293],[83.88367917053822,27.576160918155335],[83.88384817068028,27.57657641521873],[83.88416409925898,27.576944585800852],[83.88433166125057,27.577215603475743],[83.88466603474019,27.57781402971046],[83.88479051856119,27.578102989583257],[83.8849314445773,27.578737425503988],[83.88526306734876,27.579545726409656],[83.88530033061689,27.579947532010436],[83.8852329933984,27.580175473703108],[83.8849491379227,27.580574715520417],[83.88468822888449,27.58087699226981],[83.88453679732366,27.58098971265613],[83.88438599164074,27.581064047138902],[83.88406387236812,27.581136068074393],[83.88382684675885,27.581248725686],[83.88376294809868,27.581208026213186],[83.88333547741479,27.581164825458504],[83.88237599801188,27.580884117684814],[83.88147972823825,27.58068024498077],[83.88032498898153,27.580586716688316],[83.87981098609087,27.580597532500235],[83.87897736557292,27.580529136677708],[83.87840021392853,27.580463179424974],[83.87775972731687,27.580340768435757],[83.87707516172196,27.58031082111666],[83.8767534175341,27.580344394036675],[83.87636664932313,27.58045467554322],[83.87602158432719,27.58062134942513],[83.87562918857105,27.580982205302572],[83.8754524980262,27.581286732644134],[83.87490792048705,27.581757995554998],[83.87449295495699,27.582195498615274],[83.87405366692363,27.582802302127714],[83.8739203666918,27.58307081827252],[83.87385303000217,27.583242306238848],[83.87377993912115,27.58375908267385],[83.87381420214304,27.58427604700712],[83.873893543143,27.584680103982198],[83.87388572746373,27.585140614247926],[83.87377062219588,27.58559868576706],[83.87352959562818,27.58590321254577],[83.87331213931226,27.586072262548594],[83.87283152387806,27.586584224833153],[83.87275036898517,27.586649619420513],[83.87248314534149,27.58686824563691],[83.87217959510636,27.58705536369969],[83.8717221750877,27.587452229569358],[83.87113220589724,27.588246212786622],[83.8709278181603,27.588385941339155],[83.87041606596324,27.58861800924594],[83.8699033140378,27.588755236528524],[83.8695605614128,27.588795497863664],[83.86913377869121,27.58895085624656],[83.86870587065592,27.589029441689988],[83.86836493118976,27.589184924427556],[83.86810864884637,27.58926363448885],[83.86793846089736,27.589378606010335],[83.86742695862523,27.589630929673707],[83.86698191883505,27.59003454837416],[83.86681316857336,27.590264616102193],[83.86675639713124,27.59087854640582],[83.86667549192293,27.59125990851743],[83.86661353128667,27.591451777260705],[83.86655007006178,27.591528362335502],[83.86646203733663,27.59160957298842],[83.8664442191497,27.591625328268126],[83.866294663178,27.59168390718752],[83.8662091320608,27.591683782818034],[83.86603950659823,27.59160913566364],[83.86595022315433,27.591570686406122],[83.8655202517493,27.59147772123316],[83.86519913261961,27.591500040720465],[83.86513510948895,27.591538301635634],[83.86505582994556,27.591608196937486],[83.86498674213011,27.59167134039217],[83.86479729660918,27.591960112599914],[83.86427679062456,27.593187472917524],[83.86411004114821,27.593589091422984],[83.86406815052217,27.593665800832614],[83.86428222986406,27.593645669853398],[83.86505607831796,27.59379315161357],[83.86557358195861,27.594019343328327],[83.86583305322957,27.594191144256673],[83.8660067423889,27.594360631418557],[83.86613910383785,27.594665470828115],[83.86614685552954,27.59529746927016],[83.86589607527644,27.59581412070369],[83.86564323132977,27.596159221982248],[83.86536800374597,27.596447869749117],[83.86524289490038,27.59673664140633],[83.8650994044581,27.597253418953755],[83.86510634326879,27.597826774549684],[83.86519793961202,27.59828503451764],[83.86519994048157,27.598456584971295],[83.86531073130085,27.598743357060854],[83.86531223168002,27.598858452791692],[83.86542389789219,27.599201678939455],[83.86559696139211,27.5993327174857],[83.86581254115978,27.599427745819334],[83.86639438186562,27.599654000031453],[83.86691050978371,27.59978316277079],[83.8673416694862,27.599952838303082],[83.86835723197503,27.6005790225686],[83.86872524315493,27.600861543344813],[83.86939530379667,27.60127972987351],[83.8700666771745,27.601828828591017],[83.87037072622014,27.602133793575813],[83.87067352575691,27.60234172967672],[83.87071747940793,27.602416314797605],[83.87069715923369,27.60251334311997],[83.87059205760707,27.60268476822089],[83.87044862940456,27.60320379547573],[83.87038579354828,27.603318829344424],[83.87039935991315,27.604406774201227],[83.87080025754618,27.6056080020509],[83.87097544775152,27.605894774116557],[83.87119340296238,27.606104898539463],[83.8713040689729,27.606294642076918],[83.87136665434812,27.606378166922607],[83.87146619131877,27.60658816583602],[83.87160880639783,27.607051052246177],[83.87192586089695,27.60734251322907],[83.87247306268978,27.608002081589557],[83.87275028998461,27.608449276406972],[83.87280756140835,27.608541865948226],[83.8730962301325,27.609237320405004],[83.8731769477201,27.60954428564643],[83.87327279507907,27.610235113459936],[83.87331456022423,27.610314199197845],[83.87346298997471,27.610411352890306],[83.87393216379496,27.610608161133854],[83.87451044054247,27.61067411817653],[83.87483262185539,27.61067668192552],[83.87599423995357,27.610519699103598],[83.87704619194038,27.61053189057574],[83.87808163768413,27.610219049375647],[83.8784909766488,27.610147153035186],[83.87894164330774,27.610154343680698],[83.87915709849987,27.610098076575884],[83.87950310150755,27.60994947100158],[83.87984816658164,27.609857131032346],[83.88001779173919,27.60997466611905],[83.88041693942931,27.610498694975497],[83.88120991974857,27.611869411279574],[83.88131489582199,27.612004888080367],[83.88163201353103,27.612296411699187],[83.88186559925924,27.612452332632678],[83.88203453750843,27.61262844683889],[83.88228700482514,27.612937975846354],[83.88245356690123,27.613247316541663],[83.88279550454723,27.614631286347432],[83.88302002555919,27.615324365170373],[83.88298963853559,27.61586158502057],[83.88289872943758,27.616168488063614],[83.88272197679797,27.616473014866195],[83.88267652248437,27.616624247061694],[83.88262468994625,27.61716140469418],[83.88248626315391,27.617734573178073],[83.882351025306,27.61811593490134],[83.88228018638583,27.618499609958132],[83.88177487365053,27.61920337930835],[83.88098808184469,27.62003562370371],[83.88061400593031,27.620568029552906],[83.8803931737836,27.620949266315193],[83.88012419883158,27.621637468799765],[83.88002272278455,27.62255605142437],[83.8799740168407,27.623093209327124],[83.88007786816121,27.623113590170824],[83.8807276086167,27.622775616021023],[83.88115620472118,27.62281881682473],[83.88141242429086,27.622918345737162],[83.88190079242422,27.62323025042489],[83.88213406607723,27.623406489328243],[83.88230306630507,27.62358047859138],[83.88238653502695,27.623715955437422],[83.88242567450959,27.623948461891978],[83.88253096251889,27.624084001930342],[83.88272147078285,27.62423992244031],[83.88282513441249,27.62445217242854],[83.88282044459089,27.62473881945412],[83.88275241938814,27.624968949084916],[83.88277092574376,27.62514056204065],[83.88268201832447,27.625311925196666],[83.88261299252724,27.62559863434767],[83.88263249965395,27.625713730899534],[83.8828210061832,27.62600506595547],[83.88288227867972,27.626176679096147],[83.8828337611309,27.626521968419915],[83.8828738376734,27.6266957696731],[83.88308454140065,27.626928463006504],[83.88363699527174,27.627280942007037],[83.88423284035864,27.627595284116676],[83.8849159683519,27.627832791812953],[83.88560034703798,27.627995903307312],[83.88594172303542,27.62813388136047],[83.88765266878121,27.62853925124611],[83.8879082011823,27.628656848247903],[83.88837512391194,27.628989008380394],[83.88848016257569,27.629124485852667],[83.8886882391512,27.62952872996832],[83.88887268301681,27.630050258337928],[83.88882491479823,27.630336842646507],[83.88881916230783,27.630682193665457],[83.8890019794512,27.631316630309943],[83.8890800702107,27.631777140841127],[83.88907738234339,27.631950879587905],[83.8888316030357,27.632521796761377],[83.88884942213113,27.632754303357057],[83.88914540690726,27.63302538247418],[83.88946458757461,27.633201747464447],[83.88954299133387,27.63328977335151],[83.88956993835075,27.633319093968137],[83.88954536714346,27.633508712253658],[83.8893689266649,27.633795296346275],[83.88938843315846,27.633910392733878],[83.88962008190596,27.634181410573145],[83.89004567712756,27.634416479801168],[83.89115771329199,27.634681432729952],[83.89158630903817,27.63474270096074],[83.89184390515372,27.63474739059853],[83.89218596957056,27.634826601084264],[83.89227081291465,27.63488543095261],[83.89231220357293,27.634982522498127],[83.89213588754468,27.635269106543262],[83.8917850076743,27.635704421333145],[83.89149446222008,27.6363903726571],[83.89134865744195,27.637426302170017],[83.89116921550676,27.637884311868387],[83.89088335952043,27.63828136587309],[83.89051165878548,27.638680608223556],[83.8904446340024,27.638852033579973],[83.89042106237328,27.63896719209528],[83.8905452962461,27.639256214689592],[83.89092481115792,27.639662772310054],[83.89162644620541,27.64009446133162],[83.8923937923784,27.640429060017578],[83.89299145134206,27.64064850035897],[83.89393223719884,27.64089069656164],[83.89556052722166,27.6411221407817],[83.89752825663074,27.641586277882766],[83.89829697810147,27.641846416858503],[83.89880841805709,27.642081549492328],[83.89912728578234,27.642278106873697],[83.8995535681845,27.642474790215562],[83.89989500757488,27.642594637824764],[83.90126745346356,27.642706233473863],[83.90229477091358,27.64291010681848],[83.90263652287605,27.643029954213738],[83.9029133120233,27.643167808079948],[83.90321035976909,27.6434028146263],[83.90417984324368,27.644507139803352],[83.90428525782993,27.64462236054047],[83.9044943973466,27.64497008820719],[83.9045351617918,27.64508749800156],[83.90455604490553,27.645125883508808],[83.90478575511514,27.645530064902253],[83.90491073882758,27.64576263368774],[83.90503097037082,27.64628184841637],[83.90507311055512,27.646340553331605],[83.9052633689492,27.646514479651188],[83.9057964409855,27.646751862515448],[83.90619984024113,27.647025254884763],[83.90671134255928,27.647260324908],[83.90692354519655,27.647418433543088],[83.90708991954783,27.64774584283795],[83.90704215181513,27.64805280756042],[83.90714756574705,27.648167966485463],[83.90742435523417,27.6483058194052],[83.90771740099882,27.648768767937927],[83.9079258536345,27.649154819722213],[83.90800775886242,27.649387387480182],[83.90808728775309,27.649791444191823],[83.9080954777132,27.65059499255005],[83.90800394349762,27.650940281633492],[83.90799994199998,27.651170474236938],[83.90814749655634,27.65134433814038],[83.90846905314876,27.651387537939435],[83.9085542722201,27.651425924523956],[83.9086808823375,27.65156146433607],[83.90872064630777,27.651753333498693],[83.90875309524908,27.65238764488679],[83.90879517384647,27.652446349490376],[83.90911210333587,27.652755753136926],[83.90951494023044,27.653087788522647],[83.9097486520236,27.653243709771992],[83.91043027892223,27.653578182717318],[83.91068656112388,27.653657331324542],[83.91171725525206,27.653727977207545],[83.9118674365301,27.653748358470118],[83.91199673442557,27.65371234774432]]]}},{"type":"Feature","properties":{"province":"Gandaki Province","district":"Nawalpur","municipality":"Binayi Tribeni Rural Municipality","ward":"2","wardNumber":2,"sourceMunicipality":"Binayee Tribeni","sourceType":"Gaunpalika"},"geometry":{"type":"Polygon","coordinates":[[[83.8799740168407,27.623093209327124],[83.88002272278455,27.62255605142437],[83.88012419883158,27.621637468799765],[83.8803931737836,27.620949266315193],[83.88061400593031,27.620568029552906],[83.88098808184469,27.62003562370371],[83.88177487365053,27.61920337930835],[83.88228018638583,27.618499609958132],[83.882351025306,27.61811593490134],[83.88248626315391,27.617734573178073],[83.88262468994625,27.61716140469418],[83.88267652248437,27.616624247061694],[83.88272197679797,27.616473014866195],[83.88289872943758,27.616168488063614],[83.88298963853559,27.61586158502057],[83.88302002555919,27.615324365170373],[83.88279550454723,27.614631286347432],[83.88245356690123,27.613247316541663],[83.88228700482514,27.612937975846354],[83.88203453750843,27.61262844683889],[83.88186559925924,27.612452332632678],[83.88163201353103,27.612296411699187],[83.88131489582199,27.612004888080367],[83.88120991974857,27.611869411279574],[83.88041693942931,27.610498694975497],[83.88001779173919,27.60997466611905],[83.87984816658164,27.609857131032346],[83.87950310150755,27.60994947100158],[83.87915709849987,27.610098076575884],[83.87894164330774,27.610154343680698],[83.8784909766488,27.610147153035186],[83.87808163768413,27.610219049375647],[83.87704619194038,27.61053189057574],[83.87599423995357,27.610519699103598],[83.87483262185539,27.61067668192552],[83.87451044054247,27.61067411817653],[83.87393216379496,27.610608161133854],[83.87346298997471,27.610411352890306],[83.87331456022423,27.610314199197845],[83.87327279507907,27.610235113459936],[83.8731769477201,27.60954428564643],[83.8730962301325,27.609237320405004],[83.87280756140835,27.608541865948226],[83.87275028998461,27.608449276406972],[83.87247306268978,27.608002081589557],[83.87192586089695,27.60734251322907],[83.87160880639783,27.607051052246177],[83.87146619131877,27.60658816583602],[83.87136665434812,27.606378166922607],[83.8713040689729,27.606294642076918],[83.87119340296238,27.606104898539463],[83.87097544775152,27.605894774116557],[83.87080025754618,27.6056080020509],[83.87039935991315,27.604406774201227],[83.87038579354828,27.603318829344424],[83.87044862940456,27.60320379547573],[83.87059205760707,27.60268476822089],[83.87069715923369,27.60251334311997],[83.87071747940793,27.602416314797605],[83.87067352575691,27.60234172967672],[83.87037072622014,27.602133793575813],[83.8700666771745,27.601828828591017],[83.86939530379667,27.60127972987351],[83.86872524315493,27.600861543344813],[83.86835723197503,27.6005790225686],[83.8673416694862,27.599952838303082],[83.86691050978371,27.59978316277079],[83.86639438186562,27.599654000031453],[83.86581254115978,27.599427745819334],[83.86559696139211,27.5993327174857],[83.86542389789219,27.599201678939455],[83.86531223168002,27.598858452791692],[83.86531073130085,27.598743357060854],[83.86519994048157,27.598456584971295],[83.86519793961202,27.59828503451764],[83.86510634326879,27.597826774549684],[83.8650994044581,27.597253418953755],[83.86524289490038,27.59673664140633],[83.86536800374597,27.596447869749117],[83.86564323132977,27.596159221982248],[83.86589607527644,27.59581412070369],[83.86614685552954,27.59529746927016],[83.86613910383785,27.594665470828115],[83.8660067423889,27.594360631418557],[83.86583305322957,27.594191144256673],[83.86557358195861,27.594019343328327],[83.86505607831796,27.59379315161357],[83.86428222986406,27.593645669853398],[83.86406815052217,27.593665800832614],[83.86411004114821,27.593589091422984],[83.86427679062456,27.593187472917524],[83.86479729660918,27.591960112599914],[83.86498674213011,27.59167134039217],[83.86505582994556,27.591608196937486],[83.86513510948895,27.591538301635634],[83.86519913261961,27.591500040720465],[83.8655202517493,27.59147772123316],[83.86595022315433,27.591570686406122],[83.86603950659823,27.59160913566364],[83.8662091320608,27.591683782818034],[83.866294663178,27.59168390718752],[83.8664442191497,27.591625328268126],[83.86646203733663,27.59160957298842],[83.86655007006178,27.591528362335502],[83.86661353128667,27.591451777260705],[83.86667549192293,27.59125990851743],[83.86675639713124,27.59087854640582],[83.86681316857336,27.590264616102193],[83.86698191883505,27.59003454837416],[83.86742695862523,27.589630929673707],[83.86793846089736,27.589378606010335],[83.86810864884637,27.58926363448885],[83.86836493118976,27.589184924427556],[83.86870587065592,27.589029441689988],[83.86913377869121,27.58895085624656],[83.8695605614128,27.588795497863664],[83.8699033140378,27.588755236528524],[83.87041606596324,27.58861800924594],[83.8709278181603,27.588385941339155],[83.87113220589724,27.588246212786622],[83.8717221750877,27.587452229569358],[83.87217959510636,27.58705536369969],[83.87248314534149,27.58686824563691],[83.87275036898517,27.586649619420513],[83.87283152387806,27.586584224833153],[83.87331213931226,27.586072262548594],[83.87352959562818,27.58590321254577],[83.87377062219588,27.58559868576706],[83.87388572746373,27.585140614247926],[83.873893543143,27.584680103982198],[83.87381420214304,27.58427604700712],[83.87377993912115,27.58375908267385],[83.87385303000217,27.583242306238848],[83.8739203666918,27.58307081827252],[83.87405366692363,27.582802302127714],[83.87449295495699,27.582195498615274],[83.87490792048705,27.581757995554998],[83.8754524980262,27.581286732644134],[83.87562918857105,27.580982205302572],[83.87602158432719,27.58062134942513],[83.87636664932313,27.58045467554322],[83.8767534175341,27.580344394036675],[83.87707516172196,27.58031082111666],[83.87775972731687,27.580340768435757],[83.87840021392853,27.580463179424974],[83.87897736557292,27.580529136677708],[83.87981098609087,27.580597532500235],[83.88032498898153,27.580586716688316],[83.88147972823825,27.58068024498077],[83.88237599801188,27.580884117684814],[83.88333547741479,27.581164825458504],[83.88376294809868,27.581208026213186],[83.88382684675885,27.581248725686],[83.88406387236812,27.581136068074393],[83.88438599164074,27.581064047138902],[83.88453679732366,27.58098971265613],[83.88468822888449,27.58087699226981],[83.8849491379227,27.580574715520417],[83.8852329933984,27.580175473703108],[83.88530033061689,27.579947532010436],[83.88526306734876,27.579545726409656],[83.8849314445773,27.578737425503988],[83.88479051856119,27.578102989583257],[83.88466603474019,27.57781402971046],[83.88433166125057,27.577215603475743],[83.88416409925898,27.576944585800852],[83.88384817068028,27.57657641521873],[83.88367917053822,27.576160918155335],[83.88347096937328,27.575747734252293],[83.88325313824389,27.575108733321883],[83.88324307273217,27.574704740031716],[83.88332710455445,27.57401634992963],[83.88339763076917,27.573808726090867],[83.88286780989047,27.573564529142924],[83.88267605096178,27.5735215166835],[83.88185424755036,27.57298585838102],[83.881585148699,27.57263350548436],[83.8812003185535,27.571838646513797],[83.88103525806265,27.571603764245975],[83.88065855669538,27.571269416083858],[83.8804269081932,27.571111244997656],[83.88021457959778,27.571029783022958],[83.8800253847946,27.57088967925387],[83.8798600116531,27.57067511613304],[83.87939940400479,27.57026161925671],[83.87919332798006,27.569970283237037],[83.87915481342345,27.569814487691076],[83.87897055828692,27.56950514692223],[83.87843536028906,27.56876199034491],[83.87811411723975,27.568064348197517],[83.87768258276554,27.56746129546242],[83.8773886621422,27.567262424622786],[83.87728262272807,27.567221662108086],[83.87715407519154,27.567219286149523],[83.87697951011202,27.5673297564946],[83.87686459311354,27.567575703262346],[83.876688714578,27.567724497010428],[83.87660187043788,27.567760570287334],[83.87634483797801,27.567755818849395],[83.87621822892618,27.567694738371866],[83.87613901218064,27.567482487941426],[83.87625786815308,27.567101125921745],[83.876436059641,27.56687562258067],[83.87665432835998,27.566747147215928],[83.87678681478698,27.566616296308464],[83.87681063553579,27.566539586847966],[83.87670722327205,27.566422114029706],[83.87624136312932,27.56623887290876],[83.87592137008043,27.566193484402255],[83.8755331636039,27.566278884145973],[83.87507693185522,27.566479379886722],[83.87475393725043,27.56652876998581],[83.87443650804371,27.566406608595546],[83.87418528955683,27.566209988126957],[83.87404079951447,27.566033748843264],[83.87402323003538,27.56589839603797],[83.87407093538849,27.56574716485462],[83.87411595222827,27.565670454861525],[83.87440212093522,27.565429195809276],[83.87490268133897,27.565172370914173],[83.87497089368117,27.565039206770155],[83.87491249761759,27.56484508730892],[83.87478663825956,27.564765938886083],[83.87457362259936,27.564722863906713],[83.87431352566668,27.56481295227271],[83.87411513938866,27.565000070321762],[83.87396408413083,27.565033829428184],[83.87377126246751,27.565031391238357],[83.87351973209755,27.564852839255803],[83.87327089052941,27.564577258020353],[83.87312246079243,27.564536495857485],[83.87275038574064,27.564542934801104],[83.87267223157049,27.564545122512524],[83.87247809723084,27.564578820437795],[83.87189369332665,27.564776877867104],[83.87150186053434,27.564977436503955],[83.87115135592094,27.565227635256136],[83.87076908929609,27.565349170712715],[83.87013898045798,27.565680392531867],[83.86988057228994,27.565714027744185],[83.86955620249446,27.565822059292096],[83.86942571698953,27.565894205214285],[83.86922820592918,27.56608138475521],[83.86881574099918,27.56628419459631],[83.86844435291484,27.566563651564845],[83.86815812157532,27.566863614386953],[83.86807152769585,27.566899624780937],[83.86798612068287,27.566879244033363],[83.8679232230176,27.566820476296463],[83.86780067756214,27.566549521316503],[83.86765562383944,27.56633720895281],[83.8676162346147,27.56618366381041],[83.86762154875541,27.565953470977757],[83.86751919897235,27.565741221032717],[83.8673917139641,27.565682453865623],[83.86724159623233,27.565680015989255],[83.86704714918444,27.56573171822539],[83.86665287782546,27.56606769186397],[83.86656640906534,27.566105953193947],[83.86643823682428,27.56608325857697],[83.86631200230184,27.56596578625679],[83.86631837942983,27.565699458109183],[83.86623791256736,27.56546688993122],[83.86600495160454,27.56532897461776],[83.8658983499206,27.56530853094807],[83.86557504265042,27.565357920183974],[83.86544818336503,27.565278771399722],[83.86530575527155,27.564951362400983],[83.86526298943666,27.56493317036249],[83.86487509670008,27.565000626835438],[83.86474892474624,27.564903410784872],[83.86464788733909,27.56463245641499],[83.86463175649574,27.564404451522893],[83.86454960157177,27.56424871837026],[83.8640216567782,27.563875732985558],[83.86376756271596,27.563737755635923],[83.86236410671543,27.56317440108082],[83.86108613415102,27.562764592831535],[83.86057400720667,27.562639930133127],[83.85999966950786,27.562418177175186],[83.85949029443209,27.562178419231845],[83.85942595756605,27.56217835698274],[83.85891589453566,27.56195660394628],[83.85859652636377,27.56185469818891],[83.85821432238048,27.56167602093444],[83.85751143799598,27.56145182979459],[83.856938100831,27.561191689689537],[83.8564905600432,27.56104902275256],[83.85610835630021,27.56088841240952],[83.85495761827853,27.560539621964885],[83.8543206959876,27.560241033789147],[83.85394017984194,27.560003588767287],[83.85343111717192,27.55974344924511],[83.85342073777151,27.559689308814164],[83.85338635072436,27.559820222351526],[83.85322353919638,27.560352753287116],[83.8531482609507,27.560810887633416],[83.85298545100925,27.561345607663522],[83.85263969683831,27.562336148754735],[83.85225317865076,27.563249916838572],[83.85202040369822,27.564012578691308],[83.85183771064314,27.56447058758855],[83.85154604051337,27.56500299427813],[83.85116120970594,27.565839989903886],[83.85087191423878,27.566275305036505],[83.85058018094438,27.566807711273476],[83.8504880216715,27.567073976517477],[83.85031608363057,27.56707160104153],[83.85025287232865,27.567030839001205],[83.84999615267319,27.566989951560714],[83.84939217902269,27.567113488044942],[83.84932652936354,27.56716981639206],[83.84876263286174,27.567408448900075],[83.84856580988989,27.567559430814715],[83.84821893216348,27.567705786294002],[83.84752042314801,27.568192615791865],[83.84726095205596,27.568264574157684],[83.84700029313893,27.568395112355162],[83.84682797941889,27.568431122946688],[83.84648547742638,27.5683856097062],[83.84597872790728,27.568032943336657],[83.8456462920807,27.56756530545774],[83.8455204336335,27.567450083643497],[83.84529259941056,27.56709998095095],[83.84501906102619,27.56686497385005],[83.84497798391556,27.56678813893915],[83.84463785756135,27.566647784815846],[83.8442959808829,27.566584203215733],[83.84377916516597,27.566651348072824],[83.84356552378281,27.566610523591986],[83.84350193724902,27.566569823978273],[83.84312342287846,27.56623760130679],[83.84258065995489,27.565595974890574],[83.84180612443362,27.564777983868815],[83.84153564997946,27.564409812146007],[83.84140916523607,27.564310283123103],[83.84141216619983,27.56419518718948],[83.84152758473459,27.563852211265317],[83.84155584498843,27.563565626940477],[83.84164869289324,27.563279042968137],[83.84165275620632,27.563107492815313],[83.84150976616637,27.562798089156548],[83.84123585317029,27.562581087204766],[83.84106966663998,27.56234845664358],[83.84098926238909,27.562118138349305],[83.84099632722959,27.561829179082206],[83.84129443832232,27.56103050630815],[83.84142867550834,27.560802689688884],[83.84156566469491,27.56045971435394],[83.84187684262534,27.56000414277744],[83.84230243770288,27.559264300605967],[83.84231050430706,27.558918949137425],[83.84210968010127,27.558340841875946],[83.84190479218289,27.557934346873264],[83.84184589538654,27.557701778735435],[83.84166188997585,27.557315602348762],[83.8414950158753,27.557121295411857],[83.84113738453705,27.556809391474168],[83.84075686908122,27.55657200876651],[83.84067177466159,27.55653124649555],[83.84058561814344,27.55654912696505],[83.84041505523857,27.556508426726438],[83.83939630314795,27.556012905599726],[83.83909825603713,27.555911000111294],[83.83899327922481,27.555813847142048],[83.83858081527212,27.555115891438934],[83.83842275740419,27.55453784656551],[83.83842838501701,27.554307654092472],[83.83828783264198,27.553903472782075],[83.83818385741019,27.553765619022492],[83.83795177167205,27.553589317312813],[83.8377183729458,27.553489725016867],[83.83733879512152,27.55319588844396],[83.83716891969085,27.55311667767428],[83.83682748131409,27.553035028979522],[83.83642039289559,27.55300745728402],[83.83590263879465,27.553112925918285],[83.83633317285036,27.553964426300237],[83.8366043349118,27.55429652442556],[83.83672575482264,27.55460361424471],[83.83680253290001,27.554989728147085],[83.83688956353357,27.555833976386687],[83.83702680176398,27.556373572728635],[83.83721380715966,27.557527224481237],[83.8372618865927,27.558217989308233],[83.8371699772348,27.55936676426407],[83.8370999504946,27.559596956989466],[83.83668042003526,27.560088538550705],[83.83650141622839,27.560390752690395],[83.8362739564709,27.56092315862596],[83.83613427924794,27.56138123120415],[83.83606087640537,27.561764843650842],[83.83574394582531,27.56244841893199],[83.83543264348653,27.562903990816274],[83.83457094850765,27.563925539595463],[83.83410421279784,27.564588547167702],[83.83320944295899,27.566106555393965],[83.83260234225392,27.56724570218056],[83.83243771740571,27.56785719388174],[83.83246766548595,27.56839441428627],[83.83258908570339,27.568703817550464],[83.83284342958471,27.568841796063296],[83.83296928806946,27.568959330709735],[83.83304806729772,27.56926642127596],[83.8329994862286,27.56949655122106],[83.83257345363275,27.570256711776786],[83.83244190429382,27.570369432487414],[83.83224677010175,27.57044145285031],[83.83198492241556,27.57062844555373],[83.83185237301271,27.570779552563003],[83.83167336955867,27.57108401708993],[83.83160159248658,27.571388668379228],[83.83187638060389,27.57246786114641],[83.83187275430612,27.572621406307142],[83.83151462118254,27.57322814628989],[83.83141633415676,27.573744923737873],[83.83158589643872,27.57384445278945],[83.8317500820223,27.574153793961166],[83.83191726940593,27.574348163994543],[83.83238025289373,27.574739216315464],[83.83261014942629,27.57499229135516],[83.83324063230253,27.575559583306475],[83.83389337305982,27.57608855123295],[83.83436010868559,27.576308054192705],[83.83472930715182,27.576522930393654],[83.83545801355592,27.57709028506449],[83.83595607285064,27.577542355835938],[83.83656054657843,27.57795835341134],[83.83731776331679,27.578600230382072],[83.83772766447998,27.57886480770741],[83.83822634831942,27.57935520213643],[83.8385720392945,27.57961965531868],[83.8393261305614,27.579995204082778],[83.8400145097025,27.58023746269218],[83.84061591907466,27.580366876926757],[83.84112992206835,27.580342619864552],[83.84128029049629,27.580381193670576],[83.84130204844597,27.58041732918032],[83.84130517429155,27.580685907971137],[83.84124540196825,27.5810853385142],[83.84083018420715,27.582233862955974],[83.84047448957013,27.58298051968859],[83.84014080290254,27.583783692641013],[83.83995192056662,27.584128793996133],[83.83987088952009,27.58453047478468],[83.8395392041542,27.58550519801261],[83.83949787574639,27.58562029500642],[83.83935169679857,27.585965458556874],[83.83916475222539,27.58648211055074],[83.83904214320268,27.586996574140255],[83.8386651277755,27.58774554329955],[83.8381866999097,27.58900678904575],[83.8380187628733,27.58929549880338],[83.83770520840922,27.589983575811143],[83.83737295935332,27.590901845313],[83.83717300934507,27.591610365671265],[83.83714631194547,27.591705143580068],[83.83695961774738,27.592221795118178],[83.83660298534154,27.592909809463524],[83.83628636762201,27.59331349090991],[83.83597081291069,27.593832268040185],[83.83571671804644,27.594100596921614],[83.83524854468537,27.594370863394214],[83.83507891986679,27.594524157748967],[83.83497350542814,27.594677515472082],[83.83476111438098,27.594851066463967],[83.83403434508477,27.595010487370025],[83.83377862555558,27.595127521581794],[83.83363075735987,27.59529894766117],[83.83342224242091,27.595815599000286],[83.8332316094566,27.59600946791991],[83.83308205336762,27.596047666750785],[83.83291074084265,27.596049792783663],[83.8325236599644,27.595918316295098],[83.83200646873567,27.595676182031113],[83.83116822142507,27.59543367262226],[83.83106818438186,27.595420042986397],[83.83091050067937,27.595397286476707],[83.83059013192656,27.595496190646944],[83.83042050709783,27.595631417488477],[83.83006162293083,27.596109495324885],[83.82974350488692,27.59639801766642],[83.82950923093934,27.596533181349603],[83.82901867398381,27.596728925975547],[83.82893458074717,27.596862027558156],[83.8288099087943,27.597207191919406],[83.82868273648567,27.597322162877642],[83.82842695475489,27.597457327396416],[83.82821368766167,27.597536037727266],[83.82802105441387,27.5975561058599],[83.82789331940542,27.597634941936672],[83.82755556912828,27.598095014218412],[83.82727865362132,27.59823011636978],[83.82599755373919,27.598621292869076],[83.82542252848732,27.598932008879103],[83.82504044890088,27.599258854002624],[83.82439971184715,27.59945441144504],[83.82403939019346,27.59980157548301],[83.8235074430974,27.60013042170922],[83.82235295273193,27.6003682403248],[83.82196862291332,27.600485149599553],[83.82171340337449,27.600640569792965],[83.82132901122375,27.600757416716018],[83.82094330600826,27.600759229067116],[83.82090078998928,27.600799803681582],[83.82029975486934,27.600708776474548],[83.81991267487702,27.60057730011934],[83.81958924250726,27.60040762486712],[83.81933020952103,27.60021994463403],[83.81924267725161,27.600068587350446],[83.81904785511932,27.59989678653633],[83.8188966113367,27.599804071831375],[83.81844219368196,27.59940620453046],[83.81783759596958,27.598992395217948],[83.81738511595985,27.598766077966136],[83.81660832916454,27.598295564485596],[83.81486530891439,27.59764099509312],[83.81383367770196,27.597364163249445],[83.81331879962691,27.597291328705175],[83.8129973678631,27.597295392049002],[83.8122244571201,27.59716797932309],[83.81196648737556,27.597093144522475],[83.81151619498365,27.597058696368492],[83.8113228108956,27.597001991620445],[83.80971502897954,27.596938909385063],[83.80932926128814,27.596940597338705],[83.8091148685233,27.596942597592356],[83.80881494539446,27.59692640491291],[83.80795600242251,27.596780736282707],[83.80789197936635,27.59680099200941],[83.80791436268612,27.596875514160985],[83.80793668337753,27.596952287057764],[83.80793830798584,27.597105769502793],[83.80776943305496,27.597335774581804],[83.80770759724476,27.597563653544363],[83.80771034791017,27.597793846473834],[83.80775473992098,27.597945141132744],[83.80843236395467,27.599142368047826],[83.80867238938846,27.599521917949],[83.80895493110388,27.59988121087521],[83.80919577013864,27.6003374707838],[83.80936670831571,27.600795917821173],[83.80939471827841,27.60087044011278],[83.8095255163987,27.601078250447202],[83.80974678527616,27.601687992722695],[83.80977160659637,27.601992706874626],[83.80967188172488,27.602681034265636],[83.80954695988369,27.60298556164425],[83.8091882012024,27.603483894656524],[83.80827617530859,27.604311074483448],[83.80750820353964,27.60464179634472],[83.80744474203232,27.604700376336826],[83.8069320518035,27.604837415487534],[83.8065892998436,27.604859484586754],[83.8059907658114,27.60499858779787],[83.80581945214318,27.604998399717342],[83.80547588790168,27.60494369557935],[83.80496207298165,27.604985894785752],[83.80453216392729,27.60487467473685],[83.8041033795392,27.604840226995453],[83.80348246241246,27.604902619004505],[83.8033103359985,27.6048278476736],[83.80313839739097,27.60479146152287],[83.80288124002871,27.604793399333577],[83.80245158115628,27.60468217861667],[83.80185173450496,27.604706185283586],[83.80159395126127,27.604649355323048],[83.80133573072396,27.6045383851176],[83.80090363415522,27.604235358722647],[83.80083929735304,27.604237483971318],[83.80064947688707,27.604505812893144],[83.80033154572646,27.604812339961086],[83.80003543601957,27.605157253605146],[83.79944127792717,27.605677843055457],[83.79925051952014,27.60588971818954],[83.79901924589917,27.606273142646312],[83.79889176179886,27.606367733286994],[83.79876477646663,27.60652327844288],[83.79842421237635,27.606734965496663],[83.79825308708678,27.606775352818797],[83.79791039778004,27.606777102432414],[83.79730967516451,27.606724336891254],[83.79696804853606,27.60682317751809],[83.79660541398762,27.60697841020756],[83.79645635874667,27.60707525155756],[83.79598943552628,27.607478557400203],[83.7958622009555,27.607593528563047],[83.79522796525032,27.608362253868673],[83.79501707378705,27.608668905718158],[83.79489090184957,27.608898973216],[83.79480943442547,27.60928033503634],[83.79472546488171,27.609451761021777],[83.79453451935785,27.609607181517113],[83.79427842423594,27.609703897070144],[83.79385257934027,27.60995603301528],[83.79353464796324,27.61026256039241],[83.79262049660062,27.610938382985374],[83.79219715218865,27.611398204992263],[83.7913693440604,27.612148612200738],[83.79100939799856,27.612534037943263],[83.79052090441718,27.612919275298278],[83.79033039644224,27.61314921797007],[83.7902281699963,27.61360728970493],[83.79012356921062,27.613837295524206],[83.7897017243025,27.61445066205519],[83.78966227206324,27.614737246233403],[83.78979275766524,27.614906734290827],[83.79024686298959,27.615284345256523],[83.79037572258892,27.61532291936852],[83.79057004434551,27.615436077911426],[83.79160123871397,27.615674586514267],[83.79194617816462,27.615844386518333],[83.79224829038908,27.61605251089923],[83.7928540136313,27.6165432177783],[83.79326541572816,27.616920766604874],[83.79350700434811,27.61745379844301],[83.79368081851621,27.6176820531933],[83.79381017887847,27.61775670038875],[83.79406802426328,27.61781127962205],[83.79438839294733,27.61771468867077],[83.79490314617725,27.617729005935217],[83.7955452586076,27.617686994329862],[83.7957379557942,27.617646669881523],[83.79638200645681,27.61775595291694],[83.79696265869421,27.617923815319028],[83.79767135846699,27.618069295776518],[83.79782235203106,27.618146256477335],[83.79818929962754,27.61839057841341],[83.79857894324185,27.618729678883827],[83.79883910196708,27.619014450007754],[83.7994502648951,27.62000174072145],[83.79973555664516,27.62060929458658],[83.79978188645678,27.62091407191555],[83.79974399726945,27.62137220596741],[83.79943288074071,27.62229041288915],[83.79901191174503,27.62298049078542],[83.79877907455263,27.62326907528419],[83.79835898039656,27.624033674247595],[83.79808400370945,27.62438315160467],[83.79795751897865,27.624613156776373],[83.79785335479262,27.62492224734636],[83.7973899951905,27.62575224160167],[83.79732778396213,27.625982371476347],[83.79701404189406,27.626753910025947],[83.79685085544392,27.62760003341201],[83.79687623913073,27.627983771162185],[83.79707318684002,27.62836325829132],[83.79726800931121,27.62853512181921],[83.79772067655563,27.628738869628133],[83.79817384407292,27.62900138458448],[83.79856079944966,27.629092223924005],[83.79894644204442,27.629049899641124],[83.7990104663474,27.62901163800898],[83.79920347505879,27.62898931953469],[83.79958824261544,27.628870222225647],[83.79991036189406,27.628904544674118],[83.80042680279516,27.62904977555048],[83.80055541343674,27.62904990068978],[83.80106860317542,27.628890417312117],[83.80113318986764,27.628908547083164],[83.80132538608444,27.628809518613448],[83.80164638025765,27.628749001068666],[83.80196687425462,27.62862984146174],[83.80228818012725,27.62858739175979],[83.80273897281636,27.628599332828458],[83.8034486103234,27.62876281884418],[83.80372790130349,27.628837716373816],[83.80381374490585,27.628837841855674],[83.80402844955054,27.62887422733912],[83.80420013838558,27.628890295046006],[83.80492903352246,27.628904862237974],[83.80499386978525,27.628961441469603],[83.80506039413162,27.62915106001566],[83.80510841165199,27.629609319812623],[83.80504851418861,27.629990681341432],[83.80507214688772,27.630218685737628],[83.80503232006524,27.630527901573434],[83.80488626547606,27.630911389536454],[83.80474146119793,27.63145067253882],[83.80423614820963,27.63235731387103],[83.80383193500083,27.63270885456439],[83.80325684617955,27.63311884925437],[83.80307027755006,27.63329014929672],[83.80291697083712,27.633429877759156],[83.80285726016655,27.633890262734887],[83.80290327659239,27.634197290684913],[83.80288589457223,27.634580966060593],[83.80269988743967,27.6352736689508],[83.80270120082447,27.6354271519601],[83.80261860718387,27.635733991753895],[83.80253463850738,27.635907668096113],[83.8024285991603,27.636042958132563],[83.80227979373069,27.636160117127222],[83.8017671038032,27.636378305540354],[83.80140678199955,27.636804430824096],[83.8011529372939,27.637171976218575],[83.80100388261816,27.637289135266876],[83.80081337424531,27.637521327829447],[83.80079342914743,27.637674810397613],[83.80088221154432,27.63797965055988],[83.80107847114509,27.63826435956465],[83.80138533418358,27.638876477017014],[83.8014507962793,27.638953312503627],[83.80169444838697,27.639642077094198],[83.80197842761106,27.640100649935015],[83.80210935041241,27.640272388256356],[83.80223902414322,27.640365103099423],[83.80236882138963,27.640442063153365],[83.8025623313092,27.640478449049375],[83.80275534019592,27.640456130257093],[83.80301343596493,27.640510646311036],[83.80320669477607,27.64050864602195],[83.80352943853147,27.640583605801282],[83.80389438669167,27.64057960496093],[83.80395959841604,27.640636121027356],[83.80447560211587,27.640706829792773],[83.80492808198198,27.640856437402093],[83.80583547939503,27.641385843799828],[83.80622499851859,27.641668489777786],[83.80655024380415,27.641953386239212],[83.80674487867847,27.64206648174151],[83.80726250689813,27.64229292417914],[83.80829614007148,27.64258776149038],[83.80894494223472,27.643004009127676],[83.80929000790896,27.643155679024627],[83.80948520501597,27.643325228841245],[83.80963788573898,27.6435534216935],[83.80968258965189,27.643706966969603],[83.80968865348005,27.64424643798531],[83.80964995206105,27.644630050509065],[83.80983183053065,27.645551258908267],[83.80979231532754,27.64585816096227],[83.8098163242491,27.646088416313834],[83.80997144322026,27.646549052232494],[83.81010480466858,27.64695104511499],[83.81150051000786,27.646955172687267],[83.81227273325267,27.64690878462869],[83.8128531355509,27.646959237788746],[83.81427059854599,27.64700175141],[83.81491558739732,27.647090652779486],[83.81510884648043,27.647088652198015],[83.81566573973028,27.646967555227345],[83.81583667876241,27.646888719270667],[83.81596422620223,27.646773748088997],[83.81604869420016,27.646656464092775],[83.81613210125204,27.64642639660441],[83.81632148383545,27.64607679423615],[83.81657138958218,27.645384152910744],[83.8166936858412,27.644804232169825],[83.81698716951337,27.6441681087742],[83.81702637225398,27.643822819181878],[83.81723563841001,27.64334005286742],[83.81738363080515,27.643125802654524],[83.81828502672909,27.643097607005163],[83.81867216981864,27.643150060672394],[83.81938037036647,27.64312386626708],[83.82105048943816,27.642864165717285],[83.82137098293971,27.642767513135055],[83.82141431096888,27.642805962223203],[83.8215429844658,27.64278583141328],[83.82186385304243,27.642707182930327],[83.82224774500612,27.642531632256524],[83.82275893506778,27.642243359789823],[83.82288729536525,27.642202848052914],[83.82314295204381,27.642049740612233],[83.82365464176266,27.641815672953964],[83.82435996598288,27.64160204801178],[83.82481050857663,27.641600423111893],[83.82532619872315,27.641673256929845],[83.82564806852216,27.641671443946674],[83.82609942264013,27.641764534571937],[83.8263572686439,27.641780664392424],[83.82764849606357,27.64213658256694],[83.82784288080775,27.642231673249864],[83.82816556220442,27.642324575931863],[83.82919525688747,27.642319074643137],[83.82964636110394,27.642373779308528],[83.83086906357366,27.64236621525583],[83.83093277538659,27.642327953921757],[83.83106801294171,27.642352961392895],[83.8311263470063,27.642364277498196],[83.83144796638442,27.64234433403396],[83.83164003690905,27.642285879501955],[83.83221468795153,27.641898391628345],[83.83253518220468,27.641801675271097],[83.83375725922637,27.641755725302986],[83.83440331133596,27.641961911420047],[83.83485685429176,27.64222655237204],[83.83530977104914,27.642396352304047],[83.8360847461942,27.642620793799832],[83.83750433359053,27.642956393340576],[83.83853627794358,27.643140448741008],[83.8395019484364,27.643173146253257],[83.83975979401626,27.643209532042597],[83.83995274036447,27.643189463693936],[83.84066144060736,27.643262486261953],[83.84130524088873,27.643276740867947],[83.84149787480644,27.643256672725116],[83.84158346901773,27.64321841129144],[83.84175322003715,27.64306511671633],[83.84168094394522,27.642432993004903],[83.84170101348897,27.642320147625618],[83.84178517000852,27.642184857999148],[83.84191296721436,27.6421082100993],[83.84242784600983,27.642104271804236],[83.84274858927984,27.64202568675137],[83.84332405341661,27.641735101519103],[83.84351699947098,27.641735351513137],[83.8436034688193,27.641771550233138],[83.8438868236139,27.64213303134806],[83.84401712196106,27.64228663904254],[83.84417011547006,27.64251476920675],[83.84427753098095,27.642512643656122],[83.84432004643178,27.642494638086355],[83.84434105459273,27.642456314283162],[83.84437900566323,27.642054508990697],[83.84448298274967,27.641767986673905],[83.84473595173878,27.641420697655974],[83.8448631859141,27.641305726426292],[83.8452482664634,27.64120682269475],[83.84556957257014,27.641168749241917],[83.84591132431781,27.641051840069732],[83.846102270831,27.64089629442676],[83.84639775536877,27.64049255160319],[83.84647991069684,27.64020602916168],[83.84649660486282,27.639804286615345],[83.84643001751846,27.639632610530356],[83.84640594628127,27.639404668695768],[83.84629371806108,27.639002738391273],[83.84629134271778,27.638831187425666],[83.84633360822235,27.63877254603588],[83.84652542903422,27.638657637423105],[83.84678183624436,27.638599244643068],[83.84706069017649,27.63859730710126],[83.84718898763037,27.638559046136866],[83.84731653489482,27.63846214272695],[83.8473788079673,27.638288403842736],[83.84728727464376,27.637830143940633],[83.84743289162175,27.637466850142218],[83.84840775360802,27.636506380642977],[83.84872705909345,27.636292317980555],[83.84898402925064,27.636272249825613],[83.84932978235287,27.636462244023875],[83.84969810639225,27.636765082598725],[83.84982615342574,27.636726821617255],[83.84993125519462,27.63655314617505],[83.85001428569427,27.636323015795035],[83.8501624656178,27.636149402309538],[83.85048202255268,27.635975913906822],[83.85105548507987,27.63553409691974],[83.85156742419328,27.63529990347704],[83.85240035852725,27.635009631692185],[83.85265564085722,27.634836080774935],[83.8528873513778,27.634488728898926],[83.85315757746916,27.633800589523837],[83.85330394414602,27.6332883761892],[83.85340429455725,27.63293864827327],[83.85356104113342,27.63173348238806],[83.85355672713332,27.631388130811406],[83.85365838992367,27.630929995906875],[83.85395012433833,27.630239605353786],[83.85432770144295,27.62954934083588],[83.85474173101696,27.628342173558824],[83.85486746514394,27.62811204335903],[83.85497112888866,27.627825522102178],[83.85513481481323,27.62719371156857],[83.85521234463096,27.62650307131863],[83.85527524311574,27.62638803671586],[83.85539666340642,27.625814869081065],[83.85543455278469,27.625413125522055],[83.85547619293318,27.625298029266443],[83.85547044168202,27.624839832025135],[83.85552990098053,27.62443815204001],[83.85552846335604,27.62434106064081],[83.85574898362769,27.62307956525955],[83.85573948071472,27.622334659044416],[83.85567089273158,27.621989244840893],[83.85558129792551,27.621666399519818],[83.85544837404889,27.621323173659516],[83.85520722234388,27.620903112322136],[83.85498789155164,27.620521438245824],[83.8549660705657,27.620485302278848],[83.85511537672993,27.62042672212643],[83.85532814310099,27.62027123979478],[83.8555832994618,27.620118007175883],[83.8559034185901,27.61998065412877],[83.85635039642256,27.619710263231248],[83.8569263599843,27.619439996471886],[83.85733025989633,27.619169542391845],[83.85775460469132,27.618783991235837],[83.85865024961132,27.618378560788912],[83.85928804845133,27.617952623439503],[83.85960654121449,27.61766403821135],[83.85986201164036,27.617528874122247],[83.86024677898381,27.617411839926373],[83.8604393500494,27.6173917713889],[83.86063254643082,27.617409964635176],[83.86102069058282,27.617579639573968],[83.8612787854526,27.617634093368544],[83.86192208615026,27.61763021769556],[83.86224308023068,27.617571825827543],[83.86250030036108,27.617569825127596],[83.86320449888883,27.617279365331576],[83.86352486778172,27.617180336632458],[83.86386830797967,27.617178398739583],[83.8640407459008,27.61725529649752],[83.86417110735091,27.617388585942194],[83.86419724129588,27.617770072505966],[83.86426326593838,27.617921367044314],[83.86433335323645,27.618379689566293],[83.86437730730322,27.618456462355653],[83.8647674513071,27.618797625315207],[83.86522830925026,27.61963549669083],[83.86548840525882,27.619845683500102],[83.86639592819287,27.620392719633955],[83.86697820618801,27.620639355299193],[83.86743156171057,27.62088355251353],[83.86814182424588,27.621089613367978],[83.86839960756699,27.621125936831557],[83.8694294258632,27.62113819090389],[83.86994505423169,27.6212312183132],[83.87103970974715,27.62130217720515],[83.87125316396927,27.621352129589443],[83.87143035372952,27.62154631217965],[83.87187733187788,27.62178144420561],[83.87222002122093,27.621824644269292],[83.87256208502264,27.62192429878453],[83.87275021758603,27.6219267373556],[83.872819618731,27.62192904981453],[83.87323164582772,27.621685603777426],[83.8740938407407,27.621483232451826],[83.87435143633898,27.621487984303254],[83.87521150401949,27.62140302204216],[83.87615547900558,27.621433156079014],[83.87795170671487,27.621877163314835],[83.87855130371813,27.621961188209443],[83.87863745986942,27.62194318244706],[83.87889399265283,27.622024644625625],[83.87914846155768,27.62219863332194],[83.87969410072347,27.622955293248733],[83.87975806195529,27.622993741819045],[83.87986410102012,27.623070576934232],[83.8799740168407,27.623093209327124]]]}},{"type":"Feature","properties":{"province":"Gandaki Province","district":"Nawalpur","municipality":"Binayi Tribeni Rural Municipality","ward":"7","wardNumber":7,"sourceMunicipality":"Binayee Tribeni","sourceType":"Gaunpalika"},"geometry":{"type":"Polygon","coordinates":[[[83.92164477524592,27.45309120254342],[83.92107156346756,27.452781673197208],[83.92061270630344,27.452684331828685],[83.91640852953287,27.45059402843976],[83.91569645469134,27.45029118901796],[83.91443255091475,27.449915703138338],[83.91424060514443,27.44985918684662],[83.91328762836649,27.449465820831136],[83.91090024711829,27.448751109713463],[83.91029002121914,27.448509226359498],[83.90859683429737,27.447959626631445],[83.9077527723387,27.447834964331616],[83.90708465037844,27.447635843332712],[83.90503358124032,27.447223720674444],[83.9041649478885,27.447123816173388],[83.90295818978069,27.446876930875092],[83.89952923672331,27.44637796980373],[83.89778803149464,27.44621873447745],[83.89723914046192,27.446053561396013],[83.89537232643843,27.445794921409277],[83.89517881752876,27.446137835033227],[83.89363712271474,27.4476152059349],[83.89247456692853,27.44918985586205],[83.89192186208197,27.449767274852462],[83.89101421436152,27.450387269021995],[83.8894392570374,27.451209948014053],[83.88891074906005,27.45153010356493],[83.88791181649924,27.453495306247273],[83.88755812246741,27.454549178051312],[83.88724244156211,27.45771573340358],[83.8869187596861,27.4584513248017],[83.8868447306885,27.459986151107586],[83.8868701764558,27.46211477659276],[83.88700822712863,27.46294552093794],[83.88692044382336,27.46312376018215],[83.88698052892559,27.463453356901116],[83.88699096994705,27.463749069597004],[83.88699190730958,27.46377839050231],[83.88704561526772,27.4641238041771],[83.88713852366145,27.464586628005648],[83.88729526894542,27.465049451844763],[83.88741487519533,27.465338473989316],[83.88757549753497,27.46568838987746],[83.88794788384935,27.466573587600447],[83.88801447139566,27.466731696595865],[83.88838248139898,27.46729623786154],[83.88877381359282,27.46780438710743],[83.88907179822213,27.46855629609193],[83.88941398591076,27.469274319365038],[83.88957435810103,27.469622109008096],[83.88961474822425,27.46969888160841],[83.8899596248107,27.469631424940083],[83.89050107552262,27.469435429661424],[83.8914561784843,27.46901862068539],[83.89214724611358,27.468825001179468],[83.89318969437736,27.468354051082986],[83.89483355206724,27.467820332005047],[83.89578802932667,27.46742146544441],[83.89622350318383,27.467184771211674],[83.89743832689398,27.466677810348394],[83.89761526729818,27.466574091992886],[83.89780896429949,27.466459121099497],[83.8984622680498,27.466109705984906],[83.89911801065269,27.465667764068012],[83.90053884863299,27.464727550597136],[83.90210574092919,27.463094383796413],[83.90227261505846,27.462882322114446],[83.90246643708997,27.462288834720944],[83.90303139581876,27.46254203519171],[83.90350075598764,27.462646190528183],[83.90480848911696,27.46255904058933],[83.9056142872253,27.46241506100332],[83.9072440145293,27.46233716404374],[83.9086619752144,27.46213491767631],[83.91028244956841,27.462102096225625],[83.91116665083493,27.46196949468966],[83.9120659833459,27.46194061177193],[83.9129008543159,27.46182607884842],[83.9144325450836,27.461732239336826],[83.91486589183005,27.46170535649499],[83.91576209845235,27.461572755484784],[83.91604757865522,27.46140132973934],[83.91631505293618,27.461162259798233],[83.91589470993107,27.46067899223605],[83.91582943595878,27.46033132804777],[83.91590277580883,27.46003567824504],[83.91617493895039,27.45979204450114],[83.91661253850725,27.459595924293343],[83.91692259126158,27.459097277651054],[83.91749336454404,27.458926040398698],[83.91796591391132,27.458470343875366],[83.91865079145998,27.458353372641113],[83.91903155787462,27.458057910774578],[83.91913390856799,27.457782579577398],[83.91899879551747,27.45738746420089],[83.91909501931015,27.4573198186721],[83.91943752018892,27.457328946678413],[83.91963021692466,27.457272743068298],[83.91964103322977,27.4571575837791],[83.91940694693959,27.456787287609544],[83.91964722364824,27.456033503988575],[83.91997028043644,27.455889210995764],[83.920249134019,27.455589186031087],[83.92059188593879,27.45488735444022],[83.92137217419288,27.4536237957205],[83.9215589308266,27.453274005639976],[83.92164477524592,27.45309120254342]]]}},{"type":"Feature","properties":{"province":"Gandaki Province","district":"Nawalpur","municipality":"Binayi Tribeni Rural Municipality","ward":"6","wardNumber":6,"sourceMunicipality":"Binayee Tribeni","sourceType":"Gaunpalika"},"geometry":{"type":"Polygon","coordinates":[[[83.89751933347672,27.506835613059835],[83.89754378011881,27.506740835048234],[83.8975539095636,27.505707093823485],[83.8972787458947,27.504894292560394],[83.89720696875987,27.50443153119918],[83.89721741082352,27.50408617963967],[83.89729043772805,27.50380178401179],[83.89772122280635,27.50300529999201],[83.89787677999082,27.502818120044978],[83.8985627841974,27.502084967105706],[83.89910879909229,27.50159557388427],[83.89957853480048,27.501072232481146],[83.89992903954658,27.500812906054165],[83.90036982771872,27.500400160178778],[83.9006972613731,27.500197225554402],[83.90095641961717,27.500127455780678],[83.90160691040083,27.499854750641987],[83.90329103319827,27.49939317844169],[83.90380684895719,27.499328096306982],[83.9047726436525,27.49925651331519],[83.90492169832973,27.499245323302418],[83.9052290000954,27.499198121606675],[83.90574100130331,27.499160110646937],[83.90618904229493,27.49912428762452],[83.90740511613667,27.499107033428064],[83.9075329137167,27.49910709561414],[83.90783277481266,27.499181868320616],[83.90794487868449,27.49915473526316],[83.90807692755268,27.499044264995998],[83.90816752303539,27.498872777672606],[83.90821741684428,27.49864483518764],[83.90824699059522,27.49766748538025],[83.90838748054813,27.497268055318166],[83.9084688864374,27.496421619638785],[83.90846038271266,27.496304334945126],[83.90846169637972,27.49590246693316],[83.90848239148495,27.495690341975287],[83.90842899677178,27.49520044799313],[83.90848051623226,27.494913863545],[83.90864445153767,27.494457980341494],[83.90899983350111,27.49404517087905],[83.90905172780614,27.49400453476359],[83.90921578852958,27.49380603872379],[83.91009436401534,27.49271859417305],[83.91026280078135,27.492556234586],[83.91102226951388,27.49164703007961],[83.91155334153169,27.491085302418163],[83.91186526870483,27.49069049887703],[83.91226979381379,27.49007000403581],[83.91252632627757,27.489386241183418],[83.91254383293466,27.48881294772403],[83.91249031415435,27.488467533302867],[83.91237420823887,27.48806116415247],[83.91225610305345,27.48771574968254],[83.91187064837638,27.487015794147396],[83.91125535885942,27.486121593052726],[83.9101683947822,27.48514580596067],[83.90998632802348,27.48490185981523],[83.90982207977089,27.484669291026602],[83.90927744160628,27.483565153870256],[83.90907236653565,27.483271630119134],[83.90880989414639,27.482750039173563],[83.90825656485828,27.48193254818239],[83.90807462285522,27.481582570817583],[83.90779970971506,27.48077208190542],[83.90778695484771,27.480485373390717],[83.90796133227973,27.479686450481037],[83.90819304375147,27.479117783979003],[83.90848865239106,27.478549178808397],[83.90954473175614,27.476929203160214],[83.9096558352731,27.476798352363694],[83.91068977987184,27.47590515293034],[83.91129769258697,27.47563463633872],[83.91149557805664,27.47546546191916],[83.91160768149022,27.47529628741128],[83.91170059109247,27.475070596003345],[83.91170578077491,27.474896794811013],[83.91177680699919,27.474668852470028],[83.91201927143031,27.474445537423765],[83.91206560199663,27.47433269149969],[83.91202977580646,27.474102435912457],[83.91190741838315,27.473906003927592],[83.91184414547611,27.47386761685682],[83.91178712393669,27.473637299352497],[83.9117975030944,27.473292010064206],[83.91189360133613,27.472948972178184],[83.91211655865332,27.472669202206355],[83.91257872938135,27.472258644558465],[83.91302426953587,27.471694666808705],[83.91327711276814,27.471128250355417],[83.91347656172806,27.470902621336137],[83.91399337881758,27.47011070162172],[83.91414862318535,27.469943715083534],[83.91443229123894,27.46961886979698],[83.914525700639,27.46951283809852],[83.91468438408099,27.469228504684857],[83.9153525067853,27.468384694685433],[83.9156017858085,27.467931186799966],[83.91600618627314,27.467310691487178],[83.91636075489599,27.46691588789438],[83.91651424919996,27.466805355666537],[83.91657502110303,27.466773783962296],[83.91668831324598,27.46671289106527],[83.9167532115936,27.466697136551772],[83.91771706827917,27.46668194514413],[83.91853186893478,27.466756842081082],[83.91923925555977,27.466696324595393],[83.92039249338288,27.466681196085375],[83.92045714231105,27.46668119588603],[83.9207133621651,27.466681320779806],[83.92164564472264,27.466573539379404],[83.92167509231814,27.46657354012881],[83.92205973470624,27.466510521061064],[83.92308530090983,27.4664930164722],[83.92398238247627,27.466534091070077],[83.9242699261098,27.466572665284907],[83.92455903291305,27.466611176526616],[83.92561917435684,27.46687806821429],[83.9256761335383,27.466916517123988],[83.92607615573199,27.46713564350238],[83.92618075642547,27.46721473013268],[83.92629085970835,27.467192222803874],[83.92630986738052,27.467205727024165],[83.92639477300237,27.467474368700852],[83.9264369132976,27.46781753208049],[83.92641471818675,27.46829373449774],[83.92635000616927,27.46873386393765],[83.92637101360872,27.46888515783975],[83.92677453693014,27.470185478395866],[83.92682943219747,27.470887497081048],[83.92683731003748,27.470986838740508],[83.92698642805959,27.471196838019413],[83.92704682473038,27.4712510415586],[83.92712491682049,27.471372952045268],[83.92737594602771,27.47156944763315],[83.9275667048731,27.47163277902098],[83.92760746935328,27.471632778807695],[83.92824570495439,27.47188585325009],[83.92888656703856,27.471983256807214],[83.92952705296544,27.472193506470102],[83.92956813110143,27.47221382516437],[83.92998240919285,27.472475902623085],[83.93042325877907,27.472774052748854],[83.9305490556588,27.472853138173903],[83.93080364998059,27.472936788174362],[83.93112758172356,27.473004620856273],[83.93119210599872,27.473036255260173],[83.93213145229815,27.473420430113887],[83.93251628230597,27.473668878801856],[83.9325491696486,27.47371182888878],[83.93278369352701,27.47401891882402],[83.93288385550247,27.47425142474477],[83.93310987625118,27.474563016421058],[83.93364407348825,27.47530367233858],[83.93398951321271,27.475924542236108],[83.9347481056124,27.477030930354402],[83.93487233906313,27.477170908578277],[83.93506147127454,27.477290631844102],[83.9353832154365,27.47727950308294],[83.93564237349518,27.477207357012546],[83.93603545652847,27.476950219250547],[83.93733531102949,27.476465514295853],[83.93759603331245,27.476336976780715],[83.93792002797596,27.476249013442605],[83.93831054684675,27.47608671567236],[83.93844153318047,27.475994126133738],[83.93915248293442,27.475859086547747],[83.9398663092459,27.475626893707346],[83.94019124220975,27.47550060722309],[83.94052042628034,27.47524115591179],[83.9409118210323,27.475040471537632],[83.94123293946767,27.475047348677602],[83.9414908469715,27.47501583975632],[83.94207324985756,27.474878424521684],[83.9428577274123,27.474436295064756],[83.94337823216632,27.474219793707025],[83.9438357768657,27.473962655348686],[83.94444262589452,27.473829741407975],[83.94435265532874,27.47347982625008],[83.94401234165508,27.472678403122654],[83.94393837761245,27.472472968278336],[83.9435449819076,27.47154507038979],[83.94346857901647,27.471238104461392],[83.94314239663876,27.470694007348108],[83.94304223457448,27.47046143914498],[83.94302554080025,27.4703079563621],[83.94280633466595,27.469766109777904],[83.94277063430582,27.46953585469049],[83.94216097207433,27.468449909648793],[83.94202292095683,27.468063921465742],[83.94179915109733,27.46767555751414],[83.94177039002764,27.467578466344293],[83.94156400143093,27.46731207560984],[83.94111671194386,27.466623435503916],[83.94108857634687,27.466573733068696],[83.94101748761584,27.46644507058728],[83.94098078638065,27.4664111858282],[83.94067617414804,27.46586708777959],[83.94038750580579,27.465496791271377],[83.94030472491296,27.46539970096795],[83.94010183763461,27.46502934171811],[83.93988513258515,27.464413035053813],[83.9397634628042,27.464180592591756],[83.93963985435529,27.464024796643553],[83.93958014551549,27.46386900021992],[83.93945591174229,27.46373121001205],[83.9393345543961,27.463498704083822],[83.93919275239001,27.463155540369897],[83.93878016284867,27.462672336094325],[83.93848780493029,27.462331360442093],[83.93814724160656,27.462062594084248],[83.93668038778955,27.460529330324867],[83.93648981785384,27.46018616760268],[83.93621390301112,27.45980236699279],[83.93582994951508,27.45964869679926],[83.93570227709962,27.45955154308186],[83.93551201884797,27.45918806065508],[83.93527774496249,27.459016385490102],[83.93485114985843,27.45888078268929],[83.93425299203604,27.458860214312466],[83.93314352010363,27.45859107280336],[83.9325464867904,27.458360566633843],[83.93141625692317,27.45793794232061],[83.93124581945767,27.457822720914137],[83.93105687440493,27.457610471196055],[83.92857208236582,27.456295583429174],[83.92778566693457,27.455972363830398],[83.92483013871056,27.454578202913225],[83.92386253169512,27.454209719252045],[83.92178864091484,27.453138715869308],[83.92169791964275,27.453107081692828],[83.92166722120805,27.45310026711527],[83.92164477524592,27.45309120254342],[83.9215589308266,27.453274005639976],[83.92137217419288,27.4536237957205],[83.92059188593879,27.45488735444022],[83.920249134019,27.455589186031087],[83.91997028043644,27.455889210995764],[83.91964722364824,27.456033503988575],[83.91940694693959,27.456787287609544],[83.91964103322977,27.4571575837791],[83.91963021692466,27.457272743068298],[83.91943752018892,27.457328946678413],[83.91909501931015,27.4573198186721],[83.91899879551747,27.45738746420089],[83.91913390856799,27.457782579577398],[83.91903155787462,27.458057910774578],[83.91865079145998,27.458353372641113],[83.91796591391132,27.458470343875366],[83.91749336454404,27.458926040398698],[83.91692259126158,27.459097277651054],[83.91661253850725,27.459595924293343],[83.91617493895039,27.45979204450114],[83.91590277580883,27.46003567824504],[83.91582943595878,27.46033132804777],[83.91589470993107,27.46067899223605],[83.91631505293618,27.461162259798233],[83.91604757865522,27.46140132973934],[83.91576209845235,27.461572755484784],[83.91486589183005,27.46170535649499],[83.9144325450836,27.461732239336826],[83.9129008543159,27.46182607884842],[83.9120659833459,27.46194061177193],[83.91116665083493,27.46196949468966],[83.91028244956841,27.462102096225625],[83.9086619752144,27.46213491767631],[83.9072440145293,27.46233716404374],[83.9056142872253,27.46241506100332],[83.90480848911696,27.46255904058933],[83.90350075598764,27.462646190528183],[83.90303139581876,27.46254203519171],[83.90246643708997,27.462288834720944],[83.90227261505846,27.462882322114446],[83.90210574092919,27.463094383796413],[83.90053884863299,27.464727550597136],[83.89911801065269,27.465667764068012],[83.8984622680498,27.466109705984906],[83.89780896429949,27.466459121099497],[83.89761526729818,27.466574091992886],[83.89743832689398,27.466677810348394],[83.89622350318383,27.467184771211674],[83.89578802932667,27.46742146544441],[83.89483355206724,27.467820332005047],[83.89318969437736,27.468354051082986],[83.89214724611358,27.468825001179468],[83.8914561784843,27.46901862068539],[83.89050107552262,27.469435429661424],[83.8899596248107,27.469631424940083],[83.88961474822425,27.46969888160841],[83.8895704187829,27.469755273574496],[83.88943968317382,27.469829608074754],[83.88930932253943,27.46988368572049],[83.88870497440178,27.47004123210209],[83.88792587361898,27.470309248141913],[83.8874919626695,27.470489488389113],[83.88723049097018,27.470635968367564],[83.886712237468,27.4707755095734],[83.88627832677454,27.47095574963061],[83.88454862484176,27.471487029477707],[83.88383211020977,27.47181375066579],[83.88367924095775,27.471906152612434],[83.883546879665,27.472036940905504],[83.8834992373028,27.472188173020516],[83.88347454067878,27.472303269032817],[83.8835530068214,27.472535899939412],[83.88395709308134,27.47331037809574],[83.88406013118636,27.47344816861451],[83.88421943991281,27.473834281541087],[83.88432178921224,27.47399007742575],[83.88444664862878,27.474107549869476],[83.88461546093855,27.4741889490657],[83.88486355214286,27.474482598126475],[83.88548665659226,27.475799047267678],[83.88570110980228,27.47649443996176],[83.88572974579382,27.476954949550322],[83.88568016388142,27.477182892081853],[83.88566146971563,27.477796822292703],[83.88549515779343,27.478329353568558],[83.88550978786985,27.478559608579594],[83.88584547384656,27.47948763139463],[83.88598827628631,27.47972245135101],[83.88636147664772,27.48011325383831],[83.8864807704133,27.48042259433184],[83.8864784568797,27.48049936698398],[83.88638817397072,27.48065278688752],[83.88625612449809,27.48076325673213],[83.8858642927108,27.48098413403147],[83.88557793647205,27.481245835875356],[83.88548821603084,27.481378874945925],[83.88541687631968,27.481606754536976],[83.88543444562718,27.481742232128322],[83.88547558553275,27.481800936190687],[83.88560069396092,27.48190034108889],[83.88572817934683,27.481941103107165],[83.88591593580827,27.482099211845668],[83.88607762067053,27.482408615551982],[83.88607074298905,27.48263880796887],[83.88595201068887,27.48302023300902],[83.88580264269586,27.48370624642997],[83.88557236999735,27.48423877822812],[83.88533528176885,27.48499925107408],[83.8852836374608,27.485996919588814],[83.88522686606461,27.48645505455333],[83.88543187799573,27.487457411214756],[83.88538254695884,27.487667285999304],[83.88505292527806,27.48794693053461],[83.88487454704054,27.488172496388938],[83.88484159695464,27.488556234277354],[83.88493469342815,27.489019057239997],[83.88490868400669,27.48917022664214],[83.88481765046686,27.48934171490357],[83.88440262109322,27.489618983422094],[83.8838819289615,27.489837485331854],[83.88362333332475,27.489889188018687],[83.88234073462041,27.48982041693374],[83.88197428665859,27.489908192718804],[83.88175551802337,27.490056986214196],[83.88148941983785,27.490356949238908],[83.88128815755533,27.490641219841272],[83.88119556033325,27.490869099003607],[83.88087956845445,27.4913992554622],[83.88041289556743,27.49196317095035],[83.88025902636792,27.492093959209228],[83.88017155653793,27.492148037186976],[83.87980148234428,27.49235090924989],[83.87945848058432,27.492361849834715],[83.87928566606574,27.49241592779632],[83.87833062585268,27.49283492574685],[83.8778767697512,27.49297896779614],[83.87750538273914,27.493217912454412],[83.87724090939517,27.49346148390958],[83.87668551621601,27.494120114584312],[83.87622109455684,27.49460950866904],[83.8755094557493,27.49547338705775],[83.8748373320743,27.49645467507017],[83.8746305055454,27.496910434028155],[83.8745309683181,27.497368568383145],[83.87455941588767,27.497675595961063],[83.87456316766071,27.497716233238698],[83.8747903759637,27.497989501106773],[83.87523278878389,27.49822919703928],[83.87542348500568,27.498290277415148],[83.87593536136514,27.498360735628374],[83.87637946329238,27.498543914746755],[83.87669439146246,27.498742848148517],[83.87739139894158,27.499066131038063],[83.87839752030179,27.49978034153929],[83.87865117660243,27.499882184894656],[83.87909296441042,27.50013982258979],[83.88010852701447,27.500547005665723],[83.88069343070494,27.501021583139988],[83.88106838166473,27.5013761876694],[83.88172112278879,27.50173566847369],[83.88207025089314,27.502223499696832],[83.88248884307632,27.50253984296625],[83.88262933229211,27.50284918350082],[83.88279977004213,27.50358289940173],[83.88294419795321,27.503759075869652],[83.88346651614344,27.50419289183297],[83.88365889948159,27.504197580406657],[83.88391749515134,27.504145877833402],[83.88430751465395,27.504001711077166],[83.88495512884886,27.503823971260946],[83.88598944856254,27.503617098710126],[83.88618245781562,27.50360371955465],[83.88662787169578,27.50374857509757],[83.88700763732697,27.503929440531422],[83.88751244857778,27.50422777885961],[83.88845573436484,27.50490116490266],[83.88883037294093,27.505255832126043],[83.8891414247247,27.50558786686199],[83.88924377465739,27.505743725314353],[83.88943128208906,27.505922153311975],[83.889679372869,27.506215801670642],[83.88986262857681,27.50652520503733],[83.89017468113633,27.506821105113147],[83.89055357124734,27.50704035673605],[83.89150667291237,27.507388709647255],[83.8929799053637,27.507538817134073],[83.89349053104267,27.507645286049833],[83.89387561046479,27.507654602061255],[83.8942626911878,27.507605212625627],[83.89458649862755,27.507517436384433],[83.89491255716116,27.507352888638433],[83.89530138788156,27.50724485673428],[83.89678893780423,27.506916385975767],[83.89751933347672,27.506835613059835]]]}}]}