{"type":"FeatureCollection","features":[{"type":"Feature","properties":{"province":"Gandaki Province","district":"Baglung","municipality":"Baglung Municipality","ward":"7","wardNumber":7,"sourceMunicipality":"Baglung","sourceType":"Nagarpalika"},"geometry":{"type":"Polygon","coordinates":[[[83.56782505433229,28.30517654668141],[83.5678332445063,28.305115654321376],[83.56821445198837,28.30450072415535],[83.56890508872002,28.303180337356867],[83.56902050767023,28.302769967083478],[83.56920864165731,28.302434181596063],[83.57026066369403,28.301203072005524],[83.57029148878492,28.30092780345292],[83.57035888900512,28.30080845571376],[83.57086545552366,28.300150951169407],[83.57089721756722,28.300110439836107],[83.57102276502538,28.299801661521364],[83.57129317938018,28.299443619748626],[83.5720592171974,28.299035250957974],[83.57255971836933,28.298702779429828],[83.5729575556543,28.29829328457983],[83.57321846683101,28.297689232466762],[83.57343711220685,28.29754550389843],[83.57371740522717,28.297422218046965],[83.57407628888522,28.297342070133443],[83.57449063232782,28.297113191043824],[83.5750289604254,28.296480631741208],[83.57523960233465,28.296154035798388],[83.57529249827768,28.295696026032044],[83.57630563425599,28.29304731286703],[83.57645944425983,28.292278211860946],[83.57695319538605,28.290898495450648],[83.57713307717579,28.29014077267867],[83.57720097910452,28.289326221717108],[83.57732634015754,28.28883007541764],[83.57774643583338,28.2883145497293],[83.57781521140437,28.288260534143063],[83.5774252546557,28.287640976320297],[83.57742650612927,28.28725279992408],[83.5776969844319,28.28670970374869],[83.57791106514091,28.28632671626096],[83.57848240620851,28.2853016041408],[83.57857656665563,28.2851845070227],[83.57849028457461,28.28515718641852],[83.5782070546661,28.284795204711948],[83.57754218201966,28.284244729306973],[83.57751767350074,28.284233288130096],[83.57635448927839,28.283715195988645],[83.57585480347485,28.28322842701136],[83.57569136775382,28.283133148330297],[83.57405307216658,28.28106522518555],[83.57386419102468,28.280159583937973],[83.5737881014524,28.279981093773635],[83.57343809614879,28.279451874808448],[83.57333612269242,28.27865038979842],[83.57337163784636,28.278104291823542],[83.57329992449213,28.2777159271685],[83.57313236204725,28.27745585045431],[83.5725863463878,28.276993713458044],[83.57213749174394,28.276793716106152],[83.571346257624,28.276852232086853],[83.57108259653857,28.276792713938573],[83.57101807326816,28.276763142824848],[83.57114743332929,28.27676358025564],[83.57065381189034,28.2765115059275],[83.57016869288546,28.27645805155586],[83.56992141345629,28.276373776340137],[83.56962061348656,28.276205850897743],[83.5692554156854,28.275881943021744],[83.56879824536665,28.275609674123213],[83.56840828681736,28.275504642268974],[83.56740416167563,28.275408987605722],[83.56727086230329,28.275349844739115],[83.56706934944334,28.275062572587967],[83.56688609457048,28.274899524579816],[83.56625423394335,28.274570301479386],[83.56605215782238,28.274501905336173],[83.5651149948064,28.274474145465614],[83.56495987484685,28.27454360288499],[83.5642851203089,28.27503574678675],[83.56417657872902,28.27569669015695],[83.5639418019046,28.275939698747667],[83.56385145507717,28.27620346343323],[83.56385014107315,28.276675101906555],[83.56387733928298,28.276650407472214],[83.56394830189379,28.276842464356733],[83.5638341337238,28.27724158118614],[83.56362267768186,28.277764484208763],[83.56328911457717,28.278277946555335],[83.56294335939656,28.278667373085412],[83.5628882124018,28.278910945015994],[83.56317513085806,28.279424158214574],[83.5634671764088,28.280120176460922],[83.56350124938201,28.28082669660676],[83.56338633077257,28.281029505822026],[83.56325603197125,28.28125932267236],[83.56292271826086,28.281553845969793],[83.56202356863675,28.28212426208956],[83.5618882667146,28.282482679798765],[83.56194328507252,28.28313505875625],[83.56139851592056,28.284415246425624],[83.56130516507639,28.285496000644137],[83.5614447769139,28.286819015474514],[83.56167136041657,28.28722363420867],[83.56171500049943,28.287539852575847],[83.56174876327587,28.287783674104087],[83.56160833431645,28.288130775861873],[83.56104318350725,28.288695503484746],[83.56086567874858,28.289164327785418],[83.56072968838085,28.28975975233675],[83.56053130123617,28.29025558576292],[83.56051229353706,28.29038643595244],[83.5599186372008,28.289170327951517],[83.55883417110535,28.288135458777457],[83.55807026270291,28.28727089084156],[83.5573316770855,28.285905300550283],[83.55683361811263,28.285260484899062],[83.55639995990785,28.28362056481132],[83.55636063358794,28.283261584036186],[83.55658622100559,28.28203910082868],[83.55636876550864,28.281747264250562],[83.55606008864324,28.28155439455584],[83.55547355776397,28.280816739309255],[83.55526191712003,28.280746092619705],[83.55468126261108,28.280687824876388],[83.553054527902,28.28084274169466],[83.5518123756489,28.28073033107724],[83.55170983821515,28.280637553591617],[83.55149400823885,28.280196735631478],[83.5512406662437,28.279345047542986],[83.55103390057121,28.279479774823653],[83.5505094522162,28.280290574123782],[83.55035764506691,28.280389352691955],[83.54950751424622,28.280373033265576],[83.54865800930953,28.280155842766657],[83.54842667320067,28.280315326526352],[83.54842610933893,28.28052520115239],[83.54853902588799,28.28080990960045],[83.54885407929088,28.28160314382106],[83.54933882157955,28.282137363744408],[83.549525453523,28.282469711852567],[83.54963930706344,28.28298242537661],[83.54956609011728,28.283490012174187],[83.54933318980878,28.28393157858595],[83.54916850232613,28.283991971414462],[83.54891434455585,28.28417396163488],[83.54874878245587,28.284290745595033],[83.54760078820465,28.2850475909311],[83.54660697731299,28.285531793179594],[83.54598755722327,28.286010432797692],[83.545191070426,28.28645693689536],[83.54422870830815,28.28725716986903],[83.54317024767269,28.287775007104383],[83.54298967983728,28.28796625043176],[83.54286344451377,28.288189253001853],[83.5427330194467,28.28859055807409],[83.54256726903921,28.28888339431266],[83.54220031841218,28.289207175770457],[83.54195366333919,28.28935303126136],[83.53982055254359,28.28947006086239],[83.53929166632082,28.28957659039841],[83.53919312964231,28.28959659602341],[83.53872370331294,28.2898070950915],[83.53851868810614,28.29011112118963],[83.53828197309683,28.290692604250474],[83.53824289590011,28.290737617015896],[83.53769250025061,28.291381242555584],[83.53744759609185,28.29156773423781],[83.53629566392843,28.291859504478687],[83.5354629766233,28.2919808508649],[83.53564829323194,28.29305122834657],[83.53584530178347,28.293938864502092],[83.53584473745687,28.294363176854418],[83.53584411197082,28.294649761533883],[83.5359716579018,28.29515803569958],[83.53613728151382,28.295481318949278],[83.53627195694698,28.295743583827374],[83.53653574128998,28.29621616052741],[83.53662070960411,28.296758069577514],[83.53664527726794,28.297945294033873],[83.53713133177948,28.298989601330998],[83.53738611220194,28.2998481044161],[83.53757368183601,28.300117308805977],[83.53759587757129,28.30015119367564],[83.53783621574587,28.30051086298979],[83.53796532613418,28.30087915874662],[83.5382133530227,28.302211612830593],[83.538428181624,28.302724639495665],[83.53847113352944,28.30326642369848],[83.53858948886109,28.303761069442615],[83.53857885839598,28.304232707864895],[83.53850270473356,28.304604879490984],[83.5385367781939,28.304975113515553],[83.53872884861985,28.305603173501893],[83.53911805452539,28.30650500111833],[83.53929180519025,28.307241280699188],[83.53940647244175,28.307485415389795],[83.53951044712393,28.307919105561986],[83.53951031986901,28.30868420554125],[83.53955502412839,28.3088445650409],[83.54021939765693,28.308740723160206],[83.54032693798233,28.308646320323778],[83.54047543191935,28.30838049296975],[83.54058134855069,28.307816640320397],[83.54142241547538,28.30697308132135],[83.54372965890931,28.305414503738184],[83.54425323054356,28.305149927037327],[83.54450082362948,28.305024390369233],[83.5454798784588,28.304691357578793],[83.54665000412923,28.304564385138086],[83.54731594187129,28.304399525973793],[83.54757222480943,28.304337195434947],[83.54906997438351,28.303759841075017],[83.55017226280867,28.303614488881347],[83.55068814299052,28.303652250637644],[83.5514618067272,28.3038805065109],[83.55163362199379,28.30388106986171],[83.55191328973923,28.303631434763517],[83.55223797494465,28.3030547657783],[83.55238959406013,28.30306877022783],[83.55280512497124,28.303106282350395],[83.55323022152557,28.30299256184911],[83.55362205630804,28.30274330277281],[83.55387771479268,28.302667405183602],[83.55454608954335,28.30276212277858],[83.55569458087781,28.303075029172003],[83.55632537917965,28.303381745608085],[83.55665050082281,28.303468584630224],[83.55805959019385,28.303497907996082],[83.55943404244896,28.30360387980122],[83.55964455818913,28.303557178750356],[83.56102882961223,28.302670171469885],[83.56123021797882,28.30246542441178],[83.56148806514473,28.30200585253351],[83.56166775767545,28.301791977185722],[83.5620864158254,28.30151345855437],[83.56297105985043,28.301105527798253],[83.56344405024414,28.300971614843228],[83.56351920319476,28.300989932530918],[83.56394579821293,28.30198435133251],[83.56442141240427,28.302195663751718],[83.56467400609341,28.302645671671073],[83.56487114192831,28.302840354781853],[83.56523802899481,28.303085302140545],[83.56562354805206,28.303142944431816],[83.56606264838935,28.303498613094852],[83.56680936343413,28.304394752924246],[83.56782505433229,28.30517654668141]]]}},{"type":"Feature","properties":{"province":"Gandaki Province","district":"Baglung","municipality":"Baglung Municipality","ward":"6","wardNumber":6,"sourceMunicipality":"Baglung","sourceType":"Nagarpalika"},"geometry":{"type":"Polygon","coordinates":[[[83.58262683904307,28.307497320644018],[83.58267985931083,28.30731239183609],[83.58276214029877,28.307215613418244],[83.5832058077586,28.30690552297091],[83.58400667111596,28.306452078892665],[83.58441957638797,28.30603351940799],[83.58462984412492,28.305578261362374],[83.58469474433723,28.3051135617831],[83.58406532424313,28.30399448173151],[83.58406519937202,28.303956096005475],[83.58406513704031,28.303637877484437],[83.58419156062998,28.303338101868025],[83.58452699857484,28.303151797577257],[83.58504012880023,28.303085654446136],[83.58516761364282,28.302934797672485],[83.58521381938843,28.302686662938566],[83.58497917276432,28.301119701867673],[83.58469794563105,28.300150603921615],[83.58458978032712,28.29977799452057],[83.58459103209202,28.2993581208206],[83.58475196912968,28.298792142652633],[83.58505758386892,28.298398090006984],[83.58525165830781,28.29791794918608],[83.58529179947132,28.29750507818323],[83.5851770079491,28.297019497468444],[83.58517850880669,28.296629070584373],[83.58539040269626,28.295909734452472],[83.58560779690357,28.295574135786296],[83.58643998480093,28.295010159717],[83.58690240938614,28.29453083238296],[83.58706640915611,28.294242434887266],[83.58730249973175,28.293353924790406],[83.58755321942421,28.293056774997478],[83.58789172144759,28.29287722283805],[83.58855271909606,28.292732494640944],[83.58963431202417,28.292616149749545],[83.59024116391451,28.292730809947443],[83.59110010991628,28.292796517747714],[83.59163137134057,28.29273493881682],[83.59157953896865,28.292712182212956],[83.5914648098091,28.292531315649796],[83.59133407403642,28.292296184186398],[83.5912468552694,28.291767841413545],[83.59128468383904,28.29077486172134],[83.59144043026942,28.290389436852845],[83.59147932149004,28.29005552607256],[83.59135008629993,28.28976631544998],[83.5904986436458,28.28912956428615],[83.59027849987316,28.28886711202465],[83.59017352294421,28.288631980397376],[83.59014582536287,28.288525886368216],[83.59012981951336,28.288464931035225],[83.58912275566556,28.288362523842686],[83.58833314857323,28.28814808485255],[83.58654816725571,28.28818559253035],[83.58574486693396,28.288291496650288],[83.58496382360175,28.288837593126125],[83.58465852095833,28.289157124266087],[83.58360650075728,28.289544423148854],[83.58345450575925,28.289697405440204],[83.58328750530657,28.290168668394816],[83.58318809274333,28.290256319101008],[83.58305948161033,28.29030339492538],[83.58288804299877,28.290293767175026],[83.58255398051973,28.290143784557824],[83.5823561567172,28.2898588257337],[83.58229707265343,28.289646513287238],[83.58248777214096,28.288480233199042],[83.58241755903289,28.288161826862154],[83.58229707731874,28.287944763275828],[83.5821245132935,28.28779077955682],[83.5812566271451,28.287467745462788],[83.58097420903015,28.287157591405293],[83.58093163109052,28.28711232789],[83.58082565503825,28.28666738518072],[83.58053110788283,28.28643406605382],[83.58017378792469,28.28586639796491],[83.57974594135231,28.285504041303955],[83.57916447434955,28.28537362594536],[83.57857656665563,28.2851845070227],[83.57848240620851,28.2853016041408],[83.57791106514091,28.28632671626096],[83.5776969844319,28.28670970374869],[83.57742650612927,28.28725279992408],[83.5774252546557,28.287640976320297],[83.57781521140437,28.288260534143063],[83.57774643583338,28.2883145497293],[83.57732634015754,28.28883007541764],[83.57720097910452,28.289326221717108],[83.57713307717579,28.29014077267867],[83.57695319538605,28.290898495450648],[83.57645944425983,28.292278211860946],[83.57630563425599,28.29304731286703],[83.57529249827768,28.295696026032044],[83.57523960233465,28.296154035798388],[83.5750289604254,28.296480631741208],[83.57449063232782,28.297113191043824],[83.57407628888522,28.297342070133443],[83.57371740522717,28.297422218046965],[83.57343711220685,28.29754550389843],[83.57321846683101,28.297689232466762],[83.5729575556543,28.29829328457983],[83.57255971836933,28.298702779429828],[83.5720592171974,28.299035250957974],[83.57129317938018,28.299443619748626],[83.57102276502538,28.299801661521364],[83.57089721756722,28.300110439836107],[83.57086545552366,28.300150951169407],[83.57035888900512,28.30080845571376],[83.57029148878492,28.30092780345292],[83.57026066369403,28.301203072005524],[83.56920864165731,28.302434181596063],[83.56902050767023,28.302769967083478],[83.56890508872002,28.303180337356867],[83.56821445198837,28.30450072415535],[83.5678332445063,28.305115654321376],[83.56782505433229,28.30517654668141],[83.56796898290565,28.30528757966967],[83.56819369049302,28.3059292689656],[83.56834461848744,28.307094298613578],[83.5688153556231,28.30775255600815],[83.56906244798577,28.307972245661233],[83.5692698366091,28.30824370079918],[83.5694021363441,28.3084156265386],[83.56967411206213,28.30862862699003],[83.57004912762478,28.308767481248555],[83.57085705507401,28.308812933667767],[83.57116860922669,28.308775548509846],[83.57183917264106,28.308576741577827],[83.57275657977887,28.308200444956846],[83.5735285561487,28.308220890490457],[83.5740034213137,28.308168188113903],[83.57473244604742,28.307696551395424],[83.5752740242019,28.30745448096472],[83.57561546416731,28.307455482152886],[83.5759832275252,28.307244483191074],[83.57751280049838,28.30698065934386],[83.57887787392038,28.307129268167202],[83.58020555772235,28.307462805605095],[83.5809739703269,28.307424671328647],[83.58148728778252,28.307399040111736],[83.58200885816048,28.307466122902238],[83.58262683904307,28.307497320644018]]]}},{"type":"Feature","properties":{"province":"Gandaki Province","district":"Baglung","municipality":"Baglung Municipality","ward":"10","wardNumber":10,"sourceMunicipality":"Baglung","sourceType":"Nagarpalika"},"geometry":{"type":"Polygon","coordinates":[[[83.60284012914657,28.26655601819808],[83.60286982760623,28.266531260814148],[83.6029043402725,28.266499814298523],[83.60293860313794,28.266454801189248],[83.60306746416795,28.266340017548004],[83.60382856262034,28.265857002406545],[83.60447180412687,28.265554164507073],[83.60485938689325,28.26545826191195],[83.60583093906048,28.26482682800012],[83.60656771573633,28.264476852208624],[83.60798443420235,28.264203336891526],[83.6094866233524,28.263392851192457],[83.61016281483813,28.26294790937734],[83.61049437659427,28.262826937058414],[83.61096705351422,28.262512345277003],[83.61246824234892,28.261886914168205],[83.61335820061811,28.26171336457999],[83.61346242673878,28.261621150264094],[83.61356183862675,28.26162140089614],[83.6138422565349,28.261622214246714],[83.61473065220038,28.26143959924668],[83.6160239477032,28.261542507051495],[83.61668619496301,28.26187391777225],[83.61699262202303,28.26190861665735],[83.61715305719038,28.26195644351968],[83.61717418899765,28.2620128973439],[83.6172324612306,28.26202883999054],[83.61744210217604,28.261842159848563],[83.61835850933726,28.261305316235287],[83.61882656035881,28.260778475097098],[83.61965599653095,28.26044225263565],[83.62017756774286,28.26004644980173],[83.62228892119269,28.25922846318501],[83.62262854883745,28.25906466596439],[83.62265599659091,28.259051224156927],[83.62286094911245,28.25895025762755],[83.6230632124942,28.258786021941944],[83.62331143056996,28.25868961947307],[83.62468857054172,28.258578276437696],[83.62560885220287,28.25866880449947],[83.62803676005505,28.25906361261048],[83.62833762197383,28.25904860879895],[83.62858521432418,28.2590402943947],[83.62933630872377,28.25883467278708],[83.62961547625159,28.258548713941764],[83.62960741048006,28.258472003838122],[83.62955995685763,28.25801599505668],[83.62926034456673,28.257958789788585],[83.62900318595906,28.25795810249315],[83.62887488831029,28.257919340756168],[83.62842584600926,28.257764669098876],[83.628319430442,28.25766957905315],[83.62823377428492,28.257649072206824],[83.6280846556109,28.257553856582103],[83.62776384834734,28.257455952588305],[83.62731405581363,28.25741637734122],[83.62712085768678,28.2574542004394],[83.62686369932004,28.257453512738387],[83.62622127120584,28.257393056270182],[83.62590084015142,28.25725907882619],[83.6257731666641,28.257143606748695],[83.62520089260687,28.256223460288854],[83.62503208077858,28.25584159837165],[83.6245235175506,28.254937456378496],[83.62446093179334,28.25470707674014],[83.62414431532821,28.253941100704235],[83.6239778171657,28.253173375058687],[83.62398163228883,28.2526361549485],[83.62402602385544,28.25240833800896],[83.6240373447326,28.25072240530161],[83.62389072857016,28.250184872039526],[83.62357211010792,28.249741678496793],[83.6234458764372,28.249398202016284],[83.62306285899993,28.248954946462913],[83.62280651339164,28.248818718024086],[83.62267002586715,28.248766515592322],[83.62265608318107,28.248750635537316],[83.62255098102102,28.24863297624465],[83.62229988822885,28.24837952584042],[83.62192149699557,28.248066996283807],[83.62175493477558,28.247874688912333],[83.62161269570899,28.24754709243254],[83.62161832282108,28.247316899896344],[83.62166283939,28.247242503270016],[83.62171298459614,28.246937976369026],[83.62187048082765,28.24663369951419],[83.62191906240398,28.246405882859726],[83.62188161169132,28.246175565511855],[83.62174087233838,28.245791514907935],[83.62165821646883,28.245655849512417],[83.62153911021687,28.245271861806316],[83.6214605814115,28.244964708470242],[83.62142719542103,28.244583221606355],[83.62133097290724,28.24412252330802],[83.62135792102555,28.243894643591762],[83.62144732931654,28.243743662217952],[83.62164709193341,28.24345989174888],[83.62206618782629,28.242971248890044],[83.62215559615716,28.24282033021485],[83.62220230164667,28.24266697225521],[83.62218442060664,28.242513426935773],[83.62210239045137,28.24235975682333],[83.62202004765483,28.242224091551705],[83.62189693947091,28.241993586489382],[83.62160201666833,28.241778334965034],[83.62149872884517,28.241622351778908],[83.62127939798893,28.240931085421952],[83.6212497632049,28.2403960537168],[83.62106788373994,28.239935230121482],[83.62106976012409,28.239858457375338],[83.62074338910833,28.23916469052084],[83.62051474162634,28.238875167879048],[83.62010271443793,28.23817889984251],[83.6199365274546,28.237966337486387],[83.61991633257243,28.237907569995336],[83.61955938767991,28.237597415820105],[83.61926815503428,28.237228681283366],[83.61904182069544,28.236842130053795],[83.61885400105947,28.236629442355557],[83.61843522051355,28.236219821733275],[83.61776284528818,28.235653715909027],[83.61722020648229,28.235051850735434],[83.61713567434974,28.23499520944019],[83.61709484770364,28.23491606091418],[83.61701062854056,28.234857167999728],[83.61690702792119,28.234703435531664],[83.61675922211928,28.2346059686979],[83.61619457538103,28.234022108883664],[83.61613586663296,28.233791666249072],[83.61589371464295,28.233177172803803],[83.61589740389621,28.233023690368732],[83.61583869506687,28.232793309872537],[83.61586558034286,28.232565430750967],[83.61572671681597,28.2321046702494],[83.61562274151878,28.231968942404862],[83.61524553842666,28.231618088391095],[83.61463568642843,28.231128881163027],[83.61440597618999,28.230877682308222],[83.61430268777958,28.230721698097973],[83.61430306327922,28.23070363018485],[83.61411668138753,28.23043230045642],[83.61399363631982,28.23020173230218],[83.61346862819924,28.229753412424696],[83.61317345557522,28.229556229012342],[83.61300545642113,28.229399995018397],[83.61298526129315,28.229361546044814],[83.61277605823896,28.22914885839044],[83.61269302711439,28.229031261648267],[83.61256729310595,28.228915789779908],[83.61229156579584,28.228795378550494],[83.61209774243622,28.228830951092334],[83.611648387251,28.228802629841688],[83.6112596793282,28.228909848175714],[83.61100227100788,28.228924914456446],[83.61067858665305,28.22901425235288],[83.61010243452034,28.22890884597459],[83.60971997946116,28.228767803828312],[83.60896013320693,28.228293974909107],[83.60870497622659,28.228211951134902],[83.60845088133827,28.228073596985883],[83.6082627489894,28.227878977246704],[83.60801015494928,28.22770217482077],[83.60750696758474,28.227233598236744],[83.60725850096195,28.226883057937073],[83.60723899344188,28.22680622244049],[83.60702916528032,28.226611539952415],[83.60645932880529,28.22625555953118],[83.6060765608404,28.226134898147425],[83.60556286881085,28.226106326678547],[83.60517972570966,28.226001419590578],[83.60467353688799,28.225668195458738],[83.60423349841949,28.225258324937883],[83.60415090576875,28.225122659838565],[83.60402517115763,28.2250049999553],[83.6039633989291,28.224907783222537],[83.60392088310734,28.22488734032477],[83.60368691809319,28.225685637079973],[83.60357281247093,28.225971970627924],[83.60328351576828,28.226406722719315],[83.60308675386182,28.22657314605596],[83.60282596910726,28.226721376668564],[83.60205105358592,28.2268612916539],[83.60179145685686,28.22695081741688],[83.60118529144272,28.227206329152743],[83.60057731360928,28.22752054460887],[83.60005192874377,28.227970425774345],[83.59987536239537,28.228175298863928],[83.59978551539389,28.228346535886295],[83.59956699659855,28.228515209952192],[83.59921974080036,28.228699263718923],[83.59906930993735,28.228714580415986],[83.59894251259921,28.228637495078797],[83.59877532486472,28.22846094279802],[83.59858969364296,28.228171545226104],[83.59851085244277,28.227882396893587],[83.59858644502842,28.22742451288348],[83.59857075193443,28.227194257837002],[83.59847240366021,28.226830588365097],[83.59839087335946,28.226656537149395],[83.59826513949555,28.226538814254667],[83.59803280232569,28.226400461060635],[83.59752398790616,28.22618008271561],[83.59714390860472,28.225941949278738],[83.59674501062393,28.225611288798856],[83.59643383329954,28.225183850253885],[83.59582516954342,28.22465619438902],[83.59548729287343,28.224456572513578],[83.5953376123207,28.224435816247997],[83.59527258747039,28.224471763737643],[83.59511502822974,28.224775977943523],[83.59512728203094,28.22515740308983],[83.59516435756748,28.22538772058196],[83.59538875271126,28.225851044602578],[83.59605018535436,28.226839273999452],[83.59612940180102,28.22711035318016],[83.59614890877181,28.227187126102635],[83.59618811113977,28.227340733878908],[83.59618254548023,28.22756867613066],[83.59611214388326,28.22781674844296],[83.59587042722747,28.228059756599766],[83.59571768293581,28.22817216480549],[83.59554411768386,28.228246124001004],[83.59512921168545,28.228563153179397],[83.59488668334954,28.228844548362936],[83.59457531537228,28.229297243038715],[83.59443832579927,28.229639906225778],[83.59432753457473,28.229790762748596],[83.59408844459414,28.229921050081703],[83.59374344072914,28.2300080125585],[83.59335654563328,28.230058777405336],[83.59315940865397,28.230227451055207],[83.5930029116631,28.230491028324618],[83.59297977849725,28.230567675441385],[83.59306430988441,28.230608562903356],[83.59321092635493,28.230744415803347],[83.5934660843529,28.2308264404294],[83.59378751683286,28.230831879785182],[83.59404380060192,28.23087551817481],[83.5945530526264,28.231075640824045],[83.59488855290333,28.231388107813668],[83.59540818288347,28.232048615467395],[83.59572098612533,28.232399406627565],[83.59614489473326,28.23259921647671],[83.59673830351001,28.23286054401526],[83.59775330662484,28.23343452687548],[83.59806886069131,28.233670159793064],[83.59838641744776,28.233829082256605],[83.59844850259043,28.23392629778357],[83.59842574381247,28.233982627356205],[83.59829431921965,28.234095096948412],[83.59807617495073,28.234243452650304],[83.59783445925044,28.23448646127428],[83.59748607827935,28.234711151524778],[83.59709205540221,28.235046249478497],[83.59669315507125,28.23557546713085],[83.59655760281463,28.235859424723582],[83.59632370083803,28.236657721677247],[83.59633107813823,28.23723101540194],[83.59647994310751,28.238152286014632],[83.59647162721103,28.238497512132433],[83.59631181631609,28.23889656709215],[83.59611042751565,28.239236728536465],[83.59595624450789,28.239405653047378],[83.59582382003299,28.239556384644988],[83.59567032421229,28.23970492812228],[83.59542748291346,28.239988573320733],[83.59524897776829,28.24027015597752],[83.59485514088739,28.24146969464119],[83.59463624545818,28.241656374797632],[83.5943315684177,28.241840490412812],[83.59419983211832,28.2419732789489],[83.59404377229275,28.242218851525276],[83.5937012673376,28.2430731640556],[83.59303620365264,28.243958173029466],[83.592773480347,28.244183113246752],[83.59253470363082,28.24431102579603],[83.59227197942725,28.24453596592417],[83.59216081267834,28.2446868227287],[83.59206827681074,28.24497321944322],[83.59201400553275,28.245431166191533],[83.59203594953739,28.246291168300736],[83.59203332303328,28.24638819721529],[83.59198499205499,28.246616014376553],[83.59182361816909,28.247071460088836],[83.59146391915812,28.247754097184266],[83.59099861851938,28.248375716960574],[83.59090426966307,28.248718504982516],[83.5908016676991,28.24940426849743],[83.59045784959365,28.250315035836813],[83.59036387587633,28.250655572980857],[83.5902612103242,28.25134133657215],[83.59020474894565,28.252774319849994],[83.59008495233992,28.25328853338606],[83.59012234039454,28.253516600733423],[83.59026376769555,28.253864577719867],[83.59038831360438,28.254038754141956],[83.59045046180063,28.254115651958728],[83.59063678083874,28.254387044295733],[83.59080134162231,28.254676442273546],[83.59090162831899,28.254963339459223],[83.59095589768212,28.255365270056892],[83.5910384910253,28.255500997653016],[83.59118141930246,28.255790207995634],[83.59145158170773,28.256138623456298],[83.59170373794292,28.2563537491864],[83.5921677235853,28.25666659216276],[83.59243901099738,28.25697887216672],[83.59255949298068,28.257304218122282],[83.59257549891637,28.25753447282005],[83.59271692541147,28.25788020017617],[83.59288417509377,28.258056690047884],[83.59330551995168,28.258369407350038],[83.59348865005272,28.258473751058673],[83.59351347247188,28.258487380421645],[83.593545108588,28.258715446867452],[83.59353960670374,28.258735703115196],[83.59380614329504,28.258939637983445],[83.59393769235568,28.259041606011184],[83.5942428674002,28.2594058383347],[83.59433621457846,28.259658912846504],[83.59415420414537,28.261797916646735],[83.59424004757923,28.26218628096117],[83.59531069521933,28.263367629820298],[83.59599113596708,28.263920293026874],[83.5960260862321,28.26394973927895],[83.59620421508787,28.26421663110077],[83.59681194022377,28.26488188974008],[83.59773247059677,28.265656431550163],[83.59806046657303,28.266406715728476],[83.59818588707272,28.2668607240471],[83.59839014977844,28.267226957496852],[83.59865224736289,28.26740375986203],[83.59919001097494,28.267445960304528],[83.59985588476152,28.267596880776956],[83.59997005238593,28.267800253288108],[83.60035194249508,28.269040493192833],[83.60064698956587,28.269079693280286],[83.60118612999888,28.268902954860096],[83.60146842287892,28.268745784523606],[83.60186713552832,28.268392618410175],[83.60183900144263,28.267974996069345],[83.60192384594713,28.267530615357956],[83.60212304687998,28.267176886530503],[83.60259516151886,28.26675845215779],[83.60284012914657,28.26655601819808]]]}},{"type":"Feature","properties":{"province":"Gandaki Province","district":"Baglung","municipality":"Baglung Municipality","ward":"12","wardNumber":12,"sourceMunicipality":"Baglung","sourceType":"Nagarpalika"},"geometry":{"type":"Polygon","coordinates":[[[83.65588382931936,28.21506723261575],[83.6561211065494,28.214760893403152],[83.65644454065604,28.214418668542347],[83.65700425072593,28.213979977791695],[83.65752000669328,28.213753287087208],[83.65769207081387,28.21363862813392],[83.65855095559205,28.213356359799594],[83.65908884437872,28.212976248784802],[83.65915436917459,28.212804886237965],[83.65913405011996,28.212574630762003],[83.65887857994723,28.21228742096529],[83.65849637576686,28.21169061981984],[83.65817700719332,28.211364836205874],[83.65775022265083,28.211054556439976],[83.6568311304586,28.210630243070927],[83.65657497219605,28.21045581649405],[83.65634076041162,28.210186612076928],[83.65623459599544,28.210032879665782],[83.65615081594977,28.2097257265811],[83.65619627071598,28.209267717194724],[83.65634845351528,28.20888441706019],[83.65660942763212,28.208429158686226],[83.65693448712167,28.208066614778577],[83.65738834507842,28.207668248767998],[83.6576268723285,28.207364160220017],[83.6578429529966,28.207213491125096],[83.65812255773582,28.207119401116532],[83.65898256702665,28.206992865780098],[83.658940113491,28.206916030051605],[83.65890091314827,28.206417133433874],[83.65875736052996,28.205577198942287],[83.65869477557872,28.20534681859422],[83.65846268980904,28.204809098207175],[83.658318325342,28.20404362304276],[83.65827956181515,28.20350865307366],[83.65832457862786,28.203260518162715],[83.65826311895307,28.20285864967657],[83.65817971351008,28.202553747262062],[83.6580527290774,28.202323179631378],[83.6578609082388,28.202148940339136],[83.65754016333952,28.201956321152537],[83.65734740355637,28.201897115213033],[83.65683258666711,28.201855227577266],[83.65644525417707,28.20196713449706],[83.65618653193556,28.20213799677832],[83.65566958798499,28.202326301331592],[83.65541242957399,28.202285038672322],[83.65509212303868,28.2020540332997],[83.6548171463167,28.201498119302947],[83.65458343535767,28.201190590940037],[83.65437029290042,28.20101628969292],[83.6539444477125,28.200536710562957],[83.65375375218542,28.200229306887497],[83.65367034631288,28.1999221546874],[83.65369423134143,28.199617439780464],[83.6536178921196,28.198394079948706],[83.65351285358213,28.19808686505824],[83.65323706435254,28.197684433197384],[83.65304636869405,28.1973770302594],[83.65264165550445,28.196953843438475],[83.65240700617983,28.196743468545616],[83.6521727314066,28.196510399264728],[83.65193958233934,28.196128349709607],[83.65164528627376,28.195360248202316],[83.6514117620917,28.194996328156126],[83.6508778757804,28.194649662624965],[83.6505570069491,28.1945134350456],[83.65004175163509,28.194509870955397],[83.649589144971,28.19475469212032],[83.64926608551961,28.19488704230001],[83.64874976812581,28.195016642095375],[83.64829891174885,28.195013203131314],[83.64810608988883,28.19495406080515],[83.64797816688889,28.194838651440932],[83.64776571314538,28.194551441165938],[83.64744865885723,28.19393676006909],[83.64720188180416,28.192559355741395],[83.64718881549585,28.19237655124692],[83.64683805900961,28.192423002232175],[83.6461941931496,28.192419124624177],[83.64587276065612,28.19235960724183],[83.64529323212133,28.19233553675303],[83.64490721230375,28.192275893205256],[83.64432762068466,28.192272140903714],[83.64413423590788,28.192310026635813],[83.6435546443628,28.19230621238002],[83.6431679999994,28.192341346771464],[83.64194423048782,28.192333655297087],[83.64162167266986,28.19242536918874],[83.6413628878908,28.19257816331058],[83.64060629062111,28.193260049761165],[83.6401333635782,28.193545445868388],[83.63993960334174,28.19367810907851],[83.63981074281544,28.193754506422497],[83.63963823997052,28.19392555671924],[83.63955133242092,28.194096857012724],[83.63927091485792,28.194441457756522],[83.63892641058604,28.194706847225408],[83.6386036637934,28.194954294231376],[83.63806664987601,28.195180797325133],[83.63774415415084,28.19533346666997],[83.63606627516158,28.19647329917832],[83.6348416908499,28.196982384191607],[83.63426128634634,28.1973238584265],[83.63406808925406,28.19738206266167],[83.63342503600785,28.197416446216828],[83.63316743976999,28.197492531450752],[83.63271601980983,28.19773728961346],[83.63247893159435,28.197966856918296],[83.63226159843397,28.19848313336627],[83.63174252828901,28.19922653843683],[83.63163404928125,28.199456480599817],[83.63139489611542,28.200029085440242],[83.63094185090455,28.200542485846935],[83.63061860435666,28.200828131261776],[83.63048905601161,28.20100168268629],[83.63024908966366,28.201689384373292],[83.62992352881946,28.20237689793084],[83.62966511956657,28.202586084012047],[83.6290638941762,28.20277401315617],[83.62867800023658,28.202829403603133],[83.62829166810575,28.20294124865677],[83.62796973477236,28.20299676463526],[83.62754076177202,28.203110734816306],[83.62715399170604,28.203242834640143],[83.62683130864704,28.203451833081473],[83.6264002092168,28.2038703930375],[83.62631386367401,28.20398536456166],[83.62622683070262,28.204194988354317],[83.62618275151712,28.2044251179095],[83.62618056264718,28.204768156654506],[83.62628397421243,28.20534395123991],[83.6263473733468,28.20551562625508],[83.62634543438759,28.205804523495654],[83.62649092434155,28.206551993633845],[83.62653343997151,28.2066085107619],[83.62657376704095,28.207010378532736],[83.62646410007456,28.207411808637254],[83.62644134056391,28.207641939139872],[83.62626764996698,28.20804318173946],[83.62611640562152,28.20821429372652],[83.62600811464623,28.208405850029212],[83.62587850279402,28.208577025025445],[83.6252528303544,28.209263725779174],[83.6249944204697,28.209490917524505],[83.6247575194461,28.209643774267576],[83.62441263984093,28.210006192248407],[83.62376664716474,28.210480643302244],[83.6232288831953,28.210804174653926],[83.62297116169383,28.210916269662192],[83.62265635627116,28.2109470284193],[83.6226280327725,28.210949216727233],[83.622243514421,28.211056559809748],[83.62154631510354,28.211521757875445],[83.6212006855363,28.211629163399657],[83.62107057420222,28.211685242153486],[83.62061715414725,28.211828408879004],[83.62055175499718,28.211864356699135],[83.62016492293054,28.211915182884766],[83.61977984149512,28.211889299590386],[83.61933323755524,28.21174588173156],[83.61914391668593,28.211610029415876],[83.61880066585066,28.21078072253123],[83.61867530653464,28.210644932057505],[83.61842127434835,28.210526834841563],[83.61823270401392,28.21035028267717],[83.61815036143827,28.210214679651326],[83.6180111223955,28.209792242738356],[83.61786700674277,28.209561612684933],[83.61759384253241,28.20934642432624],[83.61691665306175,28.209008323579717],[83.61666449601266,28.20881351599803],[83.616602723677,28.20871623702167],[83.61657233851346,28.208219653616208],[83.61651387961786,28.207989273365055],[83.61619426175565,28.207065313706465],[83.61602813834892,28.206852688432985],[83.6156708175906,28.20657866955205],[83.61563036548766,28.20648145326459],[83.61525510097388,28.206074145409428],[83.61504852431398,28.20576436661876],[83.61498637677389,28.205687468686172],[83.61469076643655,28.20551060402174],[83.61456471976958,28.205410949509304],[83.61443685970615,28.205390255489732],[83.61379305593678,28.20541551202732],[83.61353420902701,28.205487032680246],[83.61307716301788,28.205765614043106],[83.61281831604059,28.205837071940106],[83.61256278246289,28.20577542820323],[83.6122447899048,28.20563457374953],[83.61192454455369,28.20559081010424],[83.61153890119145,28.205582994681563],[83.61121909349363,28.205518850493046],[83.61089253371131,28.20572334758621],[83.61071640511109,28.205910151696365],[83.61046918640531,28.20636534775279],[83.610269110755,28.206646929827745],[83.61006791016693,28.20698715441292],[83.60981625186507,28.207611587765697],[83.60952758108746,28.208008015713656],[83.60937533646961,28.208100105335845],[83.60892122902276,28.208263652167],[83.6086608807205,28.20839150224967],[83.60794905181719,28.208569990258937],[83.60775341655949,28.208680022541262],[83.60755921801986,28.20873366326731],[83.60742835647935,28.208825815284623],[83.60729887082537,28.2088615748303],[83.60710029619683,28.209086703219786],[83.60703033152029,28.209314457382675],[83.60715162665436,28.209603667784585],[83.60788233491988,28.21036182926013],[83.60815062180276,28.210768762123042],[83.60819101161897,28.210863727928327],[83.60835644846898,28.211096671170704],[83.60848068185878,28.211270785113374],[83.6085191959187,28.211444711070275],[83.6084291619634,28.21161369872282],[83.60821101752741,28.211762054344824],[83.6080168821312,28.211815631741445],[83.60737195367646,28.211899592597476],[83.60711491954002,28.21189434055466],[83.60672777558301,28.211945167535532],[83.6064887479072,28.212073141978394],[83.60633125127907,28.212375106032468],[83.60641096803411,28.212605548452093],[83.60657790476714,28.212782038638938],[83.60681061582261,28.212900073354646],[83.60734369033953,28.213005418133836],[83.60845548041056,28.213103386521077],[83.60888270308799,28.21317003183466],[83.60948205209353,28.21319885344438],[83.61033618306323,28.213311825761878],[83.61067887353613,28.21331732769511],[83.61110603327698,28.213383973123953],[83.61230504415283,28.21342573793154],[83.61264623340601,28.213489882091157],[83.61307501936523,28.21347756669287],[83.61315986335806,28.21351839211917],[83.61326283899255,28.213672187348056],[83.61343190179801,28.213772028849025],[83.61359808786729,28.213984592277342],[83.61384955716419,28.214199655395333],[83.61414178989959,28.214511935563937],[83.61437075028019,28.214783452727406],[83.61447335074747,28.21495750421891],[83.61459946028702,28.215054908318116],[83.61476333310839,28.215362248715294],[83.61473313348192,28.21570528750464],[83.6146657952102,28.215820133019818],[83.61454881396455,28.216217124874067],[83.61443733397336,28.216388299716627],[83.6142387590798,28.216613428298242],[83.61404343563005,28.21670545452452],[83.61380778506653,28.21670026502367],[83.61361658920633,28.216638746851334],[83.61348791620414,28.21663618360501],[83.61331391300139,28.216748528703192],[83.61328158881376,28.21679354129995],[83.61313628378545,28.216994037738218],[83.6130435607046,28.21727812158701],[83.61299229074942,28.217621034694425],[83.61283554435529,28.21790499244223],[83.61239300231087,28.218470220122015],[83.61175663779326,28.219089088421562],[83.61148953756255,28.219485579649408],[83.61135411150985,28.219771788613706],[83.61121449521852,28.220227296942152],[83.61111208089315,28.220913123514038],[83.61096802467978,28.22154237010282],[83.6109609592838,28.221829017311325],[83.61103986270848,28.222118102229583],[83.61126700962699,28.222466329574026],[83.6113470387997,28.222696772500896],[83.61134410053273,28.222811868543737],[83.61122880596179,28.223154656643054],[83.611204547351,28.22326737771499],[83.61113420782961,28.223515450233254],[83.61113270705674,28.22357184215604],[83.61131871311763,28.223863490098417],[83.61141856211586,28.22415270071275],[83.61155592503135,28.22467216622444],[83.61159037505037,28.225015267137078],[83.61152072284537,28.225245334141803],[83.6113879229223,28.22541419626114],[83.6110366028727,28.225751731909394],[83.61099089898624,28.225864452742524],[83.61098126851503,28.2262661958986],[83.61101978275904,28.226440059453598],[83.61118290604736,28.226788099409575],[83.61141342843368,28.22700316264512],[83.61209324518296,28.22724429774159],[83.61260205973585,28.227482743436653],[83.61310937368238,28.227777580969647],[83.61327593549902,28.22797213888284],[83.61333470664157,28.22820251895247],[83.61332382648514,28.228660653914012],[83.61327518341979,28.228888408272443],[83.61298526129315,28.229361546044814],[83.61300545642113,28.229399995018397],[83.61317345557522,28.229556229012342],[83.61346862819924,28.229753412424696],[83.61399363631982,28.23020173230218],[83.61411668138753,28.23043230045642],[83.61430306327922,28.23070363018485],[83.61430268777958,28.230721698097973],[83.61452302095748,28.230478564780725],[83.61483057379803,28.230158909085645],[83.6150487181343,28.23001061572144],[83.61522459706069,28.229821497823117],[83.61551445656518,28.229368678291184],[83.61561105602986,28.228913044130756],[83.61589047537105,28.2279997764915],[83.61598176034151,28.227772085104462],[83.61618189775834,28.227470183512427],[83.61618790070409,28.227221985870308],[83.61650095652303,28.226692456091993],[83.61678825252183,28.226334413856797],[83.61698582668349,28.226147609084673],[83.61720359616872,28.225999253299225],[83.61744262292063,28.225869027961963],[83.61761550036394,28.225815325096086],[83.6178549031211,28.225667031993133],[83.6187284810318,28.224994648852125],[83.61901540156288,28.22465467422896],[83.61946056928498,28.223976538430293],[83.61996788568146,28.22337317426012],[83.6203176418611,28.223094218083613],[83.62062588293286,28.222754243682022],[83.62130451253125,28.22217382473659],[83.62152478360781,28.221930691174094],[83.62169947390284,28.221800277633523],[83.62194193957855,28.22151656968324],[83.62215927206759,28.221388532333588],[83.62265626993461,28.221281564301343],[83.62331257806531,28.221240491628492],[83.62442855831505,28.22099748403698],[83.62485746929268,28.22094228123293],[83.62562900726915,28.220926278190873],[83.6260572302289,28.22098617152115],[83.62657160991053,28.220989798182313],[83.62682908058264,28.22095209987382],[83.62751690112052,28.22064932521577],[83.62775374017657,28.220496468421576],[83.62786134307478,28.220420008361085],[83.62854866259913,28.22015555704852],[83.62889235376007,28.22006171745099],[83.62957873620594,28.219989072483397],[83.63009342849509,28.219895671057103],[83.6303722199344,28.219878353813467],[83.63095087427455,28.21990023629448],[83.6318073817963,28.220001830076832],[83.63240735589787,28.220023775174305],[83.63326317494815,28.220238151463263],[83.63377630403973,28.220413328846167],[83.63437627857415,28.22045552988737],[83.63549225841518,28.220210272350432],[83.63652345782234,28.2197954647514],[83.63678155402361,28.219662988744552],[83.63712530812916,28.219548768301937],[83.6379825037561,28.219535203517257],[83.63881744018597,28.21969087578399],[83.63903133242408,28.219732075254733],[83.63941816535092,28.219599911938694],[83.63967657418918,28.219370407413916],[83.64002089158274,28.219181727546292],[83.6404493014883,28.21918285358139],[83.64104789962664,28.219434929391454],[83.64147668449928,28.219417987778332],[83.6417343440783,28.219341902961574],[83.64199206580723,28.219229745665817],[83.64229342869349,28.219020622358197],[83.64268163745004,28.218637947885142],[83.6429184762224,28.21850540954372],[83.64313411912116,28.218316416809877],[83.64337064558622,28.21816355901875],[83.64414512401893,28.21772768237225],[83.64534801141474,28.21727261393013],[83.64560617145018,28.21712206939627],[83.64586451802234,28.216930889148177],[83.64600700891272,28.21679359870437],[83.64631725024734,28.21649194844977],[83.64653245601009,28.21634127913396],[83.64698325020748,28.216209303563957],[83.64818338607421,28.21621461992875],[83.64861148372964,28.21629470692903],[83.64895454910048,28.216295582089185],[83.64912605144329,28.216239628328132],[83.64949193813621,28.21597198831692],[83.64981599794558,28.215534922735255],[83.65067863510475,28.214618592549723],[83.65095867801962,28.21440940656566],[83.6511518745939,28.21433538470883],[83.65175272455211,28.214203722833798],[83.6526097328688,28.21422623081514],[83.65335963755935,28.214250676549224],[83.65363849250132,28.21423335886283],[83.65380968052978,28.214272121211287],[83.65413017556833,28.214444484659207],[83.65434331701408,28.21463679105953],[83.65485632115232,28.21487061119058],[83.65562642061056,28.21508467530753],[83.65577641502247,28.21508505034789],[83.65588382931936,28.21506723261575]]]}},{"type":"Feature","properties":{"province":"Gandaki Province","district":"Baglung","municipality":"Baglung Municipality","ward":"1","wardNumber":1,"sourceMunicipality":"Baglung","sourceType":"Nagarpalika"},"geometry":{"type":"Polygon","coordinates":[[[83.60494576092621,28.27964986918355],[83.6049198766988,28.27951895621682],[83.60488161308956,28.27909233065447],[83.60505405515147,28.278135861901795],[83.6052608832512,28.27769860920281],[83.60567260080255,28.277187459962644],[83.60685929586019,28.276606354000638],[83.6088140280328,28.276266632934338],[83.60929608400595,28.27614159667135],[83.60960720101566,28.2759348486442],[83.61007006265899,28.275728539633988],[83.610229122537,28.27554160938928],[83.61040112491638,28.275201384593775],[83.6103154086937,28.273621295957273],[83.61012846586358,28.2728804528872],[83.60969455520048,28.272145735861233],[83.60938769244628,28.271445279276023],[83.60883467503974,28.270502501664634],[83.60871763166918,28.270186221205684],[83.60879009771891,28.269619929356672],[83.60933605643439,28.267922057178858],[83.60966968186176,28.267406093022622],[83.61008189952959,28.26717258821885],[83.61072676551724,28.26711569768717],[83.61116386677807,28.267146331847364],[83.61165855151357,28.26710257057308],[83.6119296528508,28.267137206331817],[83.61310271656829,28.267104385843478],[83.61378803641216,28.266961970035368],[83.61443215269547,28.266780918656877],[83.61514748394657,28.26632022134823],[83.61575283567278,28.266082715272585],[83.61578647403438,28.26603313818247],[83.61638519953095,28.265141065092656],[83.61654601069873,28.264809780385846],[83.61666436841801,28.26423454964833],[83.61671764060317,28.26323713158176],[83.61688339171046,28.262603445763165],[83.61718481799763,28.262071726887704],[83.6172324612306,28.26202883999054],[83.61717418899765,28.2620128973439],[83.61715305719038,28.26195644351968],[83.61699262202303,28.26190861665735],[83.61668619496301,28.26187391777225],[83.6160239477032,28.261542507051495],[83.61473065220038,28.26143959924668],[83.6138422565349,28.261622214246714],[83.61356183862675,28.26162140089614],[83.61346242673878,28.261621150264094],[83.61335820061811,28.26171336457999],[83.61246824234892,28.261886914168205],[83.61096705351422,28.262512345277003],[83.61049437659427,28.262826937058414],[83.61016281483813,28.26294790937734],[83.6094866233524,28.263392851192457],[83.60798443420235,28.264203336891526],[83.60656771573633,28.264476852208624],[83.60583093906048,28.26482682800012],[83.60485938689325,28.26545826191195],[83.60447180412687,28.265554164507073],[83.60382856262034,28.265857002406545],[83.60306746416795,28.266340017548004],[83.60293860313794,28.266454801189248],[83.6029043402725,28.266499814298523],[83.60286982760623,28.266531260814148],[83.60284012914657,28.26655601819808],[83.6029285371641,28.266675928978245],[83.60329304546822,28.267814451309242],[83.60366768099213,28.269761023856365],[83.60369981661206,28.270372704029395],[83.60353293972607,28.270961314052215],[83.60302787480488,28.271715909977917],[83.60284724273622,28.27255940749109],[83.60252368333087,28.272942206581842],[83.60242420705944,28.273205971211045],[83.60242245562826,28.27377476312067],[83.602421329513,28.274070350360702],[83.60226526835027,28.27499749761994],[83.60205687702724,28.2755137116175],[83.60123525385934,28.276818092698328],[83.60123444114632,28.277023465632812],[83.60112258546897,28.27728723018873],[83.60091219428814,28.277473910268494],[83.60025175880196,28.277765369539225],[83.59997602942208,28.278039949736534],[83.59993082506625,28.27827676932051],[83.60083422174229,28.279933757595686],[83.60082559328356,28.27995401311662],[83.60087848762184,28.27994063437402],[83.60120442224347,28.28005216774332],[83.60200265892985,28.279916817513502],[83.60278232447888,28.280221471200118],[83.60314421048928,28.28018189723879],[83.60355499016768,28.27976102480293],[83.60376244311458,28.279669122482023],[83.60449965640605,28.279718638331698],[83.60494576092621,28.27964986918355]]]}},{"type":"Feature","properties":{"province":"Gandaki Province","district":"Baglung","municipality":"Baglung Municipality","ward":"4","wardNumber":4,"sourceMunicipality":"Baglung","sourceType":"Nagarpalika"},"geometry":{"type":"Polygon","coordinates":[[[83.60128482537758,28.30678996160623],[83.60131027278649,28.3067178155694],[83.60165684127155,28.3062584308298],[83.60199953314778,28.30558004493688],[83.60199922147264,28.305394990721823],[83.60181409020069,28.3049566113399],[83.6008613003302,28.303225101027213],[83.60052686464869,28.30237553846707],[83.60032035129989,28.301675269640302],[83.60014259886468,28.301306848043897],[83.60000579945587,28.300640714656907],[83.59994734117339,28.300150758438438],[83.599873501741,28.299532139124594],[83.60014592072054,28.29766196486724],[83.60064798699956,28.296465052142455],[83.6011933801893,28.29577372496949],[83.602280477106,28.29494185712864],[83.6025464517064,28.294825260867373],[83.60413886101999,28.29447553604521],[83.60434725118989,28.294498668615343],[83.60566787060245,28.29439864110194],[83.60661266249647,28.294033473096835],[83.60686050563129,28.29388749380235],[83.60700005874693,28.293738887732488],[83.60728916728642,28.29357952851591],[83.60742265469638,28.293304572955176],[83.60742471807099,28.29327075053104],[83.60746142081736,28.29265025663718],[83.60733550022411,28.292123975994393],[83.60716568805928,28.291414830609572],[83.60649962953676,28.29008131253995],[83.6052943065797,28.28866276849141],[83.60498719354018,28.288178938022682],[83.60498744350674,28.288032207225065],[83.60475879613634,28.28762083555022],[83.60466663807783,28.287119500614583],[83.60469446320232,28.28623261570452],[83.60489554094796,28.28527402157612],[83.60557111065307,28.283215418431052],[83.60554041346387,28.28281586359041],[83.60549239619691,28.282522339163314],[83.60541449292548,28.282043636071485],[83.60494576092621,28.27964986918355],[83.60449965640605,28.279718638331698],[83.60376244311458,28.279669122482023],[83.60355499016768,28.27976102480293],[83.60314421048928,28.28018189723879],[83.60278232447888,28.280221471200118],[83.60200265892985,28.279916817513502],[83.60120442224347,28.28005216774332],[83.60087848762184,28.27994063437402],[83.60082559328356,28.27995401311662],[83.60059938196497,28.2805221176544],[83.60028107429672,28.281028953143828],[83.59965421339416,28.28161393670702],[83.59910888320677,28.281874136892664],[83.59856455524871,28.281872573373565],[83.59811144877267,28.281668136552724],[83.59680196074667,28.28055837116928],[83.59599309917434,28.27920866032133],[83.59580915565218,28.279131386984034],[83.5956778558981,28.279302499514372],[83.5957363144338,28.27978339145555],[83.59540199865116,28.281136538096007],[83.59519116831909,28.281436125494597],[83.59465065306813,28.28194008527081],[83.59438242585652,28.28266148420965],[83.59420060663886,28.2828753588328],[83.59374462410679,28.28294169012988],[83.59325812953458,28.282868042785225],[83.59295870443066,28.283027401614632],[83.59280977276929,28.283291040932983],[83.59277519643602,28.283588815920876],[83.59288417329793,28.284182740868022],[83.59283409115021,28.2845324058184],[83.59225074672717,28.28532057369825],[83.5921719030081,28.285934254357343],[83.59204254151007,28.286258849359946],[83.59191836873943,28.286477413018442],[83.59101046485237,28.287469952781525],[83.59069002995308,28.28815740404273],[83.59014582536287,28.288525886368216],[83.59017352294421,28.288631980397376],[83.59027849987316,28.28886711202465],[83.5904986436458,28.28912956428615],[83.59135008629993,28.28976631544998],[83.59147932149004,28.29005552607256],[83.59144043026942,28.290389436852845],[83.59128468383904,28.29077486172134],[83.5912468552694,28.291767841413545],[83.59133407403642,28.292296184186398],[83.5914648098091,28.292531315649796],[83.59157953896865,28.292712182212956],[83.59163137134057,28.29273493881682],[83.59110010991628,28.292796517747714],[83.59024116391451,28.292730809947443],[83.58963431202417,28.292616149749545],[83.58855271909606,28.292732494640944],[83.58789172144759,28.29287722283805],[83.58755321942421,28.293056774997478],[83.58730249973175,28.293353924790406],[83.58706640915611,28.294242434887266],[83.58690240938614,28.29453083238296],[83.58643998480093,28.295010159717],[83.58560779690357,28.295574135786296],[83.58539040269626,28.295909734452472],[83.58517850880669,28.296629070584373],[83.5851770079491,28.297019497468444],[83.58529179947132,28.29750507818323],[83.58525165830781,28.29791794918608],[83.58505758386892,28.298398090006984],[83.58475196912968,28.298792142652633],[83.58459103209202,28.2993581208206],[83.58458978032712,28.29977799452057],[83.58469794563105,28.300150603921615],[83.58497917276432,28.301119701867673],[83.58521381938843,28.302686662938566],[83.58516761364282,28.302934797672485],[83.58504012880023,28.303085654446136],[83.58452699857484,28.303151797577257],[83.58419156062998,28.303338101868025],[83.58406513704031,28.303637877484437],[83.58406519937202,28.303956096005475],[83.58406532424313,28.30399448173151],[83.58469474433723,28.3051135617831],[83.58462984412492,28.305578261362374],[83.58441957638797,28.30603351940799],[83.58400667111596,28.306452078892665],[83.5832058077586,28.30690552297091],[83.58276214029877,28.307215613418244],[83.58267985931083,28.30731239183609],[83.58262683904307,28.307497320644018],[83.58402698768074,28.307567031202975],[83.58455837415127,28.30765437117554],[83.58523150126365,28.307767030168087],[83.58547359166107,28.307740648042966],[83.58608919653189,28.30781023175768],[83.58658794604341,28.30768532145998],[83.5876198958394,28.307656877884074],[83.588042054249,28.30746857325599],[83.58846058596495,28.30739080115876],[83.58897452875159,28.307207310560482],[83.58941012877473,28.30717473907654],[83.58969060861753,28.307274893977365],[83.59218653915597,28.30880122259023],[83.592360916557,28.308975524504056],[83.59244269671548,28.309192400779416],[83.59287685960774,28.309193714459745],[83.59358812617286,28.30900847337227],[83.59399727935204,28.308973589112416],[83.59465577574397,28.30907937152622],[83.5950239757631,28.309080434826253],[83.59570135534675,28.30891545078354],[83.59647395732492,28.308608486390753],[83.5989549527735,28.30701339811897],[83.5997638819484,28.306623034590235],[83.60032803076655,28.30648024365777],[83.60090956047267,28.306538324503077],[83.60128482537758,28.30678996160623]]]}},{"type":"Feature","properties":{"province":"Gandaki Province","district":"Baglung","municipality":"Baglung Municipality","ward":"2","wardNumber":2,"sourceMunicipality":"Baglung","sourceType":"Nagarpalika"},"geometry":{"type":"Polygon","coordinates":[[[83.60082559328356,28.27995401311662],[83.60083422174229,28.279933757595686],[83.59993082506625,28.27827676932051],[83.59997602942208,28.278039949736534],[83.60025175880196,28.277765369539225],[83.60091219428814,28.277473910268494],[83.60112258546897,28.27728723018873],[83.60123444114632,28.277023465632812],[83.60123525385934,28.276818092698328],[83.60205687702724,28.2755137116175],[83.60226526835027,28.27499749761994],[83.602421329513,28.274070350360702],[83.60242245562826,28.27377476312067],[83.60242420705944,28.273205971211045],[83.60252368333087,28.272942206581842],[83.60284724273622,28.27255940749109],[83.60302787480488,28.271715909977917],[83.60353293972607,28.270961314052215],[83.60369981661206,28.270372704029395],[83.60366768099213,28.269761023856365],[83.60329304546822,28.267814451309242],[83.6029285371641,28.266675928978245],[83.60284012914657,28.26655601819808],[83.60259516151886,28.26675845215779],[83.60212304687998,28.267176886530503],[83.60192384594713,28.267530615357956],[83.60183900144263,28.267974996069345],[83.60186713552832,28.268392618410175],[83.60146842287892,28.268745784523606],[83.60118612999888,28.268902954860096],[83.60064698956587,28.269079693280286],[83.60035194249508,28.269040493192833],[83.60037407573262,28.269112765255752],[83.60011422760007,28.269227110050828],[83.59808171757298,28.26923923505918],[83.59720026166352,28.269426226376435],[83.59710703923734,28.269462049213068],[83.59588608200615,28.26992793295071],[83.59542891065286,28.27015900074743],[83.59647148607868,28.27077149451533],[83.59738395168667,28.271180366903742],[83.59763466965742,28.271372985868688],[83.5977058833915,28.271759100219164],[83.59760365670464,28.27223724003656],[83.5972050046885,28.273177203177347],[83.59715761040847,28.273666846524673],[83.59715629731707,28.27400988508591],[83.5973614338458,28.274985484738423],[83.59758689230077,28.27544874619116],[83.5975522532682,28.275687941375928],[83.59737524931617,28.275804787513998],[83.59655775605913,28.27598515200268],[83.59642157911652,28.276106625186838],[83.59629546974378,28.27632968969192],[83.59626426952248,28.27675619017706],[83.59636123919394,28.27809033249352],[83.59619698937802,28.278629240381317],[83.59580915565218,28.279131386984034],[83.59599309917434,28.27920866032133],[83.59680196074667,28.28055837116928],[83.59811144877267,28.281668136552724],[83.59856455524871,28.281872573373565],[83.59910888320677,28.281874136892664],[83.59965421339416,28.28161393670702],[83.60028107429672,28.281028953143828],[83.60059938196497,28.2805221176544],[83.60082559328356,28.27995401311662]]]}},{"type":"Feature","properties":{"province":"Gandaki Province","district":"Baglung","municipality":"Baglung Municipality","ward":"3","wardNumber":3,"sourceMunicipality":"Baglung","sourceType":"Nagarpalika"},"geometry":{"type":"Polygon","coordinates":[[[83.59014582536287,28.288525886368216],[83.59069002995308,28.28815740404273],[83.59101046485237,28.287469952781525],[83.59191836873943,28.286477413018442],[83.59204254151007,28.286258849359946],[83.5921719030081,28.285934254357343],[83.59225074672717,28.28532057369825],[83.59283409115021,28.2845324058184],[83.59288417329793,28.284182740868022],[83.59277519643602,28.283588815920876],[83.59280977276929,28.283291040932983],[83.59295870443066,28.283027401614632],[83.59325812953458,28.282868042785225],[83.59374462410679,28.28294169012988],[83.59420060663886,28.2828753588328],[83.59438242585652,28.28266148420965],[83.59465065306813,28.28194008527081],[83.59519116831909,28.281436125494597],[83.59540199865116,28.281136538096007],[83.5957363144338,28.27978339145555],[83.5956778558981,28.279302499514372],[83.59580915565218,28.279131386984034],[83.59619698937802,28.278629240381317],[83.59636123919394,28.27809033249352],[83.59626426952248,28.27675619017706],[83.59629546974378,28.27632968969192],[83.59642157911652,28.276106625186838],[83.59655775605913,28.27598515200268],[83.59737524931617,28.275804787513998],[83.5975522532682,28.275687941375928],[83.59758689230077,28.27544874619116],[83.5973614338458,28.274985484738423],[83.59715629731707,28.27400988508591],[83.59715761040847,28.273666846524673],[83.5972050046885,28.273177203177347],[83.59760365670464,28.27223724003656],[83.5977058833915,28.271759100219164],[83.59763466965742,28.271372985868688],[83.59738395168667,28.271180366903742],[83.59647148607868,28.27077149451533],[83.59542891065286,28.27015900074743],[83.59517819092066,28.270284661966752],[83.59512141966367,28.270485408618192],[83.59516812316099,28.270866958075132],[83.59555682776613,28.272247051686023],[83.59534212242146,28.27249693755212],[83.5949764854942,28.272495873646974],[83.59396704671084,28.271876752641187],[83.5933188674894,28.271294829932597],[83.59286688736323,28.271067762174763],[83.59273883931144,28.271047068640705],[83.59269963662138,28.271040191618777],[83.59229323472512,28.271075075988914],[83.59163111118599,28.271307830934106],[83.59073646379963,28.27143380357195],[83.58968394463062,28.27158190772929],[83.58963036192515,28.271588534661916],[83.58949106022139,28.27168062383673],[83.58901619455486,28.271785277927272],[83.58874659357527,28.2719537646868],[83.58823834055832,28.272121500570265],[83.58772377239889,28.27208611441282],[83.5870480206407,28.27163041680421],[83.58679236383527,28.271056371978187],[83.58652163904493,28.270780227828517],[83.58558610234411,28.270344098181692],[83.58525454037202,28.27038148400235],[83.5847561663609,28.27062599163092],[83.58417476045696,28.27065581162517],[83.58354840162914,28.27054334001704],[83.58212355771465,28.269902524602816],[83.58134883089532,28.269669954525543],[83.58097387841323,28.269718467828],[83.580759610087,28.269747162917604],[83.58000426444218,28.26994797112727],[83.57882857479687,28.270050436222363],[83.57843530207808,28.270150839522536],[83.57821196906033,28.270125331535187],[83.57660999447064,28.27030550664805],[83.57624191889677,28.270469053761918],[83.57533357886938,28.270576833377365],[83.57492142411768,28.270523692006318],[83.57447919618347,28.270587773066815],[83.57260649527433,28.27055707215228],[83.57224417232693,28.270637220026117],[83.57181801252862,28.27097894493922],[83.57165401242911,28.271267342207093],[83.5713279526141,28.271530356101245],[83.57081707329827,28.271641637628854],[83.5703147608445,28.27164232395559],[83.56991892543851,28.271566551065202],[83.56900033216444,28.271055899712138],[83.5687458624027,28.271086720197772],[83.56829450609183,28.271053646813325],[83.56738416576101,28.270867965582422],[83.56675111667691,28.270832141718056],[83.56614857928365,28.270730923079103],[83.56576856183302,28.270623703409186],[83.5652112294103,28.270375879446227],[83.56436385124918,28.269827028912747],[83.56367065512045,28.269549508224557],[83.5634679545209,28.26946760910349],[83.56178726317053,28.269487110669193],[83.56144263436867,28.269601081261733],[83.56100540591068,28.270308350412183],[83.56073449088467,28.270946224834866],[83.56065639849369,28.27101824568637],[83.56042362365164,28.271058070046866],[83.5604966502198,28.27128169779224],[83.56070479025566,28.271424553376207],[83.56131883251811,28.271663499531673],[83.56160356354481,28.271874311904458],[83.56194712846042,28.272182341189048],[83.56217358739539,28.27259608805297],[83.56233076816682,28.27359638224126],[83.56228024797751,28.27403182210548],[83.56205078570314,28.274493832897218],[83.56209786576427,28.274834682793056],[83.56233263975535,28.27532295173301],[83.56229193501252,28.276013404308234],[83.5623919714497,28.276492170774684],[83.56236002023388,28.277130795602574],[83.56255027492823,28.278309516896165],[83.5628882124018,28.278910945015994],[83.56294335939656,28.278667373085412],[83.56328911457717,28.278277946555335],[83.56362267768186,28.277764484208763],[83.5638341337238,28.27724158118614],[83.56394830189379,28.276842464356733],[83.56387733928298,28.276650407472214],[83.56385014107315,28.276675101906555],[83.56385145507717,28.27620346343323],[83.5639418019046,28.275939698747667],[83.56417657872902,28.27569669015695],[83.5642851203089,28.27503574678675],[83.56495987484685,28.27454360288499],[83.5651149948064,28.274474145465614],[83.56605215782238,28.274501905336173],[83.56625423394335,28.274570301479386],[83.56688609457048,28.274899524579816],[83.56706934944334,28.275062572587967],[83.56727086230329,28.275349844739115],[83.56740416167563,28.275408987605722],[83.56840828681736,28.275504642268974],[83.56879824536665,28.275609674123213],[83.5692554156854,28.275881943021744],[83.56962061348656,28.276205850897743],[83.56992141345629,28.276373776340137],[83.57016869288546,28.27645805155586],[83.57065381189034,28.2765115059275],[83.57114743332929,28.27676358025564],[83.57101807326816,28.276763142824848],[83.57108259653857,28.276792713938573],[83.571346257624,28.276852232086853],[83.57213749174394,28.276793716106152],[83.5725863463878,28.276993713458044],[83.57313236204725,28.27745585045431],[83.57329992449213,28.2777159271685],[83.57337163784636,28.278104291823542],[83.57333612269242,28.27865038979842],[83.57343809614879,28.279451874808448],[83.5737881014524,28.279981093773635],[83.57386419102468,28.280159583937973],[83.57405307216658,28.28106522518555],[83.57569136775382,28.283133148330297],[83.57585480347485,28.28322842701136],[83.57635448927839,28.283715195988645],[83.57751767350074,28.284233288130096],[83.57754218201966,28.284244729306973],[83.5782070546661,28.284795204711948],[83.57849028457461,28.28515718641852],[83.57857656665563,28.2851845070227],[83.57916447434955,28.28537362594536],[83.57974594135231,28.285504041303955],[83.58017378792469,28.28586639796491],[83.58053110788283,28.28643406605382],[83.58082565503825,28.28666738518072],[83.58093163109052,28.28711232789],[83.58097420903015,28.287157591405293],[83.5812566271451,28.287467745462788],[83.5821245132935,28.28779077955682],[83.58229707731874,28.287944763275828],[83.58241755903289,28.288161826862154],[83.58248777214096,28.288480233199042],[83.58229707265343,28.289646513287238],[83.5823561567172,28.2898588257337],[83.58255398051973,28.290143784557824],[83.58288804299877,28.290293767175026],[83.58305948161033,28.29030339492538],[83.58318809274333,28.290256319101008],[83.58328750530657,28.290168668394816],[83.58345450575925,28.289697405440204],[83.58360650075728,28.289544423148854],[83.58465852095833,28.289157124266087],[83.58496382360175,28.288837593126125],[83.58574486693396,28.288291496650288],[83.58654816725571,28.28818559253035],[83.58833314857323,28.28814808485255],[83.58912275566556,28.288362523842686],[83.59012981951336,28.288464931035225],[83.59014582536287,28.288525886368216]]]}},{"type":"Feature","properties":{"province":"Gandaki Province","district":"Baglung","municipality":"Baglung Municipality","ward":"5","wardNumber":5,"sourceMunicipality":"Baglung","sourceType":"Nagarpalika"},"geometry":{"type":"Polygon","coordinates":[[[83.56926917325909,28.32288418969484],[83.5694574941227,28.322832862444997],[83.5700462788527,28.322056073454913],[83.57047243963709,28.321682777073484],[83.57082882290224,28.32162744847763],[83.57107829145255,28.321589875961994],[83.57154746768092,28.321620697892175],[83.57273059809317,28.321552180789322],[83.57442110699898,28.32125497198157],[83.57492248217281,28.32106923043596],[83.57545524468897,28.320980580891476],[83.57585252013405,28.320483059815516],[83.57684145385201,28.319845124247294],[83.57728737174402,28.319713336686913],[83.57785164562974,28.31964062900896],[83.57876523811814,28.31959149129295],[83.57970896604449,28.319429632992886],[83.58019452311218,28.319428884230884],[83.58038740858852,28.319334669350884],[83.58097387834154,28.319045335812827],[83.581267113258,28.318901794275646],[83.58182269752264,28.31871161377467],[83.58289103527997,28.31859983335198],[83.58363406345794,28.31839439967486],[83.58378374500116,28.318352012492845],[83.58429131048607,28.318260986813872],[83.58490529080076,28.31802816901451],[83.58609117437419,28.31714022326373],[83.58646437776144,28.31667646310786],[83.58683689391766,28.31580870818947],[83.58760630911306,28.315032357111985],[83.58818421397284,28.31462786462096],[83.58874042413824,28.31382606727255],[83.58877612719357,28.313248397744864],[83.5890396637159,28.312856470727517],[83.58961306730157,28.312212720076396],[83.59002447385696,28.311509826333495],[83.59048508486376,28.31094697505588],[83.59087604478626,28.310566738676705],[83.5910572379578,28.310190378387688],[83.59143850690147,28.309773944192855],[83.5916314543665,28.309670727205074],[83.59223105532861,28.309347508189603],[83.59244269671548,28.309192400779416],[83.592360916557,28.308975524504056],[83.59218653915597,28.30880122259023],[83.58969060861753,28.307274893977365],[83.58941012877473,28.30717473907654],[83.58897452875159,28.307207310560482],[83.58846058596495,28.30739080115876],[83.588042054249,28.30746857325599],[83.5876198958394,28.307656877884074],[83.58658794604341,28.30768532145998],[83.58608919653189,28.30781023175768],[83.58547359166107,28.307740648042966],[83.58523150126365,28.307767030168087],[83.58455837415127,28.30765437117554],[83.58402698768074,28.307567031202975],[83.58262683904307,28.307497320644018],[83.58200885816048,28.307466122902238],[83.58148728778252,28.307399040111736],[83.5809739703269,28.307424671328647],[83.58020555772235,28.307462805605095],[83.57887787392038,28.307129268167202],[83.57751280049838,28.30698065934386],[83.5759832275252,28.307244483191074],[83.57561546416731,28.307455482152886],[83.5752740242019,28.30745448096472],[83.57473244604742,28.307696551395424],[83.5740034213137,28.308168188113903],[83.5735285561487,28.308220890490457],[83.57275657977887,28.308200444956846],[83.57183917264106,28.308576741577827],[83.57116860922669,28.308775548509846],[83.57085705507401,28.308812933667767],[83.57004912762478,28.308767481248555],[83.56967411206213,28.30862862699003],[83.5694021363441,28.3084156265386],[83.5692698366091,28.30824370079918],[83.56906244798577,28.307972245661233],[83.5688153556231,28.30775255600815],[83.56834461848744,28.307094298613578],[83.56819369049302,28.3059292689656],[83.56796898290565,28.30528757966967],[83.56782505433229,28.30517654668141],[83.56680936343413,28.304394752924246],[83.56606264838935,28.303498613094852],[83.56562354805206,28.303142944431816],[83.56523802899481,28.303085302140545],[83.56487114192831,28.302840354781853],[83.56467400609341,28.302645671671073],[83.56442141240427,28.302195663751718],[83.56394579821293,28.30198435133251],[83.56351920319476,28.300989932530918],[83.56344405024414,28.300971614843228],[83.56297105985043,28.301105527798253],[83.5620864158254,28.30151345855437],[83.56166775767545,28.301791977185722],[83.56148806514473,28.30200585253351],[83.56123021797882,28.30246542441178],[83.56102882961223,28.302670171469885],[83.55964455818913,28.303557178750356],[83.55943404244896,28.30360387980122],[83.55805959019385,28.303497907996082],[83.55665050082281,28.303468584630224],[83.55632537917965,28.303381745608085],[83.55569458087781,28.303075029172003],[83.55454608954335,28.30276212277858],[83.55387771479268,28.302667405183602],[83.55362205630804,28.30274330277281],[83.55323022152557,28.30299256184911],[83.55280512497124,28.303106282350395],[83.55238959406013,28.30306877022783],[83.55223797494465,28.3030547657783],[83.55191328973923,28.303631434763517],[83.55163362199379,28.30388106986171],[83.5514618067272,28.3038805065109],[83.55068814299052,28.303652250637644],[83.55017226280867,28.303614488881347],[83.54906997438351,28.303759841075017],[83.54757222480943,28.304337195434947],[83.54731594187129,28.304399525973793],[83.54665000412923,28.304564385138086],[83.5454798784588,28.304691357578793],[83.54450082362948,28.305024390369233],[83.54425323054356,28.305149927037327],[83.54372965890931,28.305414503738184],[83.54142241547538,28.30697308132135],[83.54058134855069,28.307816640320397],[83.54047543191935,28.30838049296975],[83.54032693798233,28.308646320323778],[83.54021939765693,28.308740723160206],[83.53955502412839,28.3088445650409],[83.53929179974111,28.30888657663123],[83.53813224103072,28.309065501738992],[83.53775810100723,28.309037179590398],[83.53702370037713,28.3090978840873],[83.5352446597362,28.30914376841343],[83.53513468002322,28.30922460405171],[83.53499474810287,28.310982307962252],[83.53487438868625,28.311541596606713],[83.53521245234515,28.311745845418613],[83.53713823178143,28.31329830562844],[83.53753512855992,28.313737497969257],[83.53789157469117,28.313955375088643],[83.5382352019145,28.314324422370124],[83.53929172022347,28.315219437143142],[83.53963034600847,28.315507147526848],[83.54042176519256,28.316292942808182],[83.54107525731246,28.31712568838722],[83.54181865738386,28.318403315553574],[83.54184554194632,28.318471148109193],[83.54191875688225,28.31862481860551],[83.54229952304271,28.319206115391808],[83.54260319830824,28.319471193370465],[83.54270804966639,28.319546028427766],[83.54279952137395,28.319609547003783],[83.54402866637776,28.320507313191154],[83.54446426611197,28.320784146133185],[83.54524361903115,28.32127191549498],[83.54577356703884,28.321709232906677],[83.54615333282648,28.321927173009268],[83.54717465212694,28.322113355012767],[83.54758211814496,28.32211247986695],[83.5482387374997,28.32238093538084],[83.54879700973608,28.322380499113848],[83.5490591077553,28.322293348819336],[83.55094950313496,28.322423703518076],[83.55146944734035,28.322364437288368],[83.55223979854895,28.32241889259006],[83.55279588121748,28.322562873675615],[83.55338247508234,28.322955240277302],[83.55437822158035,28.323486585563046],[83.55520815603322,28.32370821485795],[83.55601164498476,28.323767234077902],[83.55652746187292,28.32401487030028],[83.55732294593304,28.324398860534885],[83.55815044280058,28.3249138885456],[83.55886796108403,28.325031299463618],[83.55918545453046,28.324960091670743],[83.56009035652954,28.32487950741203],[83.56051495299215,28.324905641067605],[83.56154077312121,28.32533095514021],[83.56197112178833,28.32542717184925],[83.56239309196113,28.32539691420395],[83.56353502153284,28.324865635612685],[83.56366382012384,28.324789300319384],[83.56371271301744,28.324762417404568],[83.56375710487929,28.324742224021424],[83.56379099206411,28.324717529479145],[83.56452189301439,28.32421200747664],[83.5660645964209,28.323928052453446],[83.56641560203582,28.323929178635296],[83.56813105903188,28.323419969477623],[83.56837177394324,28.32325823547963],[83.56911692913484,28.322926577163653],[83.56926917325909,28.32288418969484]]]}},{"type":"Feature","properties":{"province":"Gandaki Province","district":"Baglung","municipality":"Baglung Municipality","ward":"14","wardNumber":14,"sourceMunicipality":"Baglung","sourceType":"Nagarpalika"},"geometry":{"type":"Polygon","coordinates":[[[83.67164956281695,28.23268055778118],[83.67186570668115,28.232509508066578],[83.67216932103372,28.232108515754973],[83.67223472130792,28.23195747121993],[83.67245192793757,28.231651006939817],[83.67260529892852,28.23119324714857],[83.67261811923358,28.22928162294824],[83.67283720232298,28.22867050661286],[83.67305409685234,28.228366355154076],[83.67307597998034,28.228289645076927],[83.67327099116571,28.22806220333012],[83.67361962253554,28.227374627249603],[83.67385865015908,28.227014083590227],[83.67392411282975,28.22686078943905],[83.67403609287676,28.226172649782075],[83.67404666003767,28.225825110002415],[83.67406360506912,28.225274510542025],[83.67413094370357,28.224816501551924],[83.6741561418183,28.224281656897666],[83.67424411278512,28.223974878965684],[83.67431220189314,28.223440160030822],[83.67431520367876,28.222982024839343],[83.6742945711216,28.222848798607416],[83.67408311887823,28.222293134771544],[83.673955759074,28.222062629169635],[83.6735081552619,28.22146795413837],[83.67312382477301,28.221101408454814],[83.67235328804865,28.220582754716037],[83.67216077856686,28.220408515899095],[83.67158287528606,28.220041532058637],[83.671069684561,28.219638537860128],[83.67046983577269,28.219348263544703],[83.66976357295995,28.218847740425485],[83.66916578871151,28.218214366308494],[83.66893188909259,28.217830128124803],[83.66886886548477,28.217599810288178],[83.66885111085175,28.21706484035426],[83.66889112603734,28.216791822445135],[83.66889600300283,28.216760251453334],[83.66900529364145,28.216530371255633],[83.66917892190361,28.216302804949677],[83.66982760261573,28.215733325777222],[83.67060533259733,28.215220613550596],[83.67099529108648,28.214763354957856],[83.67119180358353,28.21436436278489],[83.67125664047926,28.214287777932],[83.6713661814194,28.2139811260102],[83.67141088584361,28.213753246378584],[83.67139369345215,28.213141629303777],[83.67124601425377,28.21275757880122],[83.67107570094204,28.21252919854483],[83.67092727117907,28.212221920724307],[83.67067092561417,28.211991102741493],[83.67009289741227,28.21166244225698],[83.66962372358209,28.211144477193184],[83.66960246564325,28.21112640949048],[83.66900443074346,28.21068259057711],[83.66855501307163,28.210469339334097],[83.66817005702104,28.21023814575808],[83.66797723449014,28.21018131624949],[83.66759221631997,28.209950185901988],[83.6674000195321,28.209796265248254],[83.66692990718656,28.2094881734606],[83.66652369379366,28.20923666193668],[83.66575403174122,28.208774462418152],[83.66485807332948,28.207966473061415],[83.66447368097467,28.20765863193305],[83.66433863053585,28.207567980069733],[83.66357647146003,28.20706058004513],[83.66306227953315,28.206903596015287],[83.66280455821476,28.206921038053352],[83.66261104799396,28.20697699137898],[83.66164212257442,28.207335720006522],[83.66131962755811,28.2073891102784],[83.66099763142702,28.20738829739176],[83.66015938062672,28.207496828185132],[83.65996637148363,28.207476008656716],[83.65951651640594,28.207339468181818],[83.65898256702665,28.206992865780098],[83.65812255773582,28.207119401116532],[83.6578429529966,28.207213491125096],[83.6576268723285,28.207364160220017],[83.65738834507842,28.207668248767998],[83.65693448712167,28.208066614778577],[83.65660942763212,28.208429158686226],[83.65634845351528,28.20888441706019],[83.65619627071598,28.209267717194724],[83.65615081594977,28.2097257265811],[83.65623459599544,28.210032879665782],[83.65634076041162,28.210186612076928],[83.65657497219605,28.21045581649405],[83.6568311304586,28.210630243070927],[83.65775022265083,28.211054556439976],[83.65817700719332,28.211364836205874],[83.65849637576686,28.21169061981984],[83.65887857994723,28.21228742096529],[83.65913405011996,28.212574630762003],[83.65915436917459,28.212804886237965],[83.65908884437872,28.212976248784802],[83.65855095559205,28.213356359799594],[83.65769207081387,28.21363862813392],[83.65752000669328,28.213753287087208],[83.65700425072593,28.213979977791695],[83.65644454065604,28.214418668542347],[83.6561211065494,28.214760893403152],[83.65588382931936,28.21506723261575],[83.65588270443803,28.215220715191844],[83.65583656085445,28.215793821694522],[83.65592071686744,28.216080718287508],[83.65606952130807,28.2162548941746],[83.65632417837445,28.216715905741648],[83.6563809498306,28.216792803194192],[83.65653663205991,28.217003114868668],[83.65666361718635,28.21723362031219],[83.65685224826723,28.217924699181232],[83.65689407635458,28.218096311752678],[83.65699917744975,28.218385459868802],[83.65704050460691,28.21861577770553],[83.65703656465725,28.21924771318999],[83.65694903103407,28.219534172253706],[83.65694715458676,28.21982075621888],[83.65703081035669,28.220166295015794],[83.65726521024284,28.220379046154523],[83.6580346848623,28.220708206293615],[83.65811984123089,28.220764848420547],[83.6583327951965,28.221015860054017],[83.65843870932565,28.221169592766316],[83.65858613873372,28.22157171129735],[83.65854093391836,28.22197332858311],[83.65856094033471,28.22220358396491],[83.65860289391824,28.22231880532333],[83.6587305040875,28.222472600614157],[83.65907131807249,28.222780379334313],[83.65922068583137,28.222875532334903],[83.65943295259416,28.22316267949404],[83.65953799107277,28.223469895303648],[83.65955799783534,28.223700150505607],[83.65935817064543,28.224731077993397],[83.65927088803959,28.224961083044324],[83.6589894691907,28.225362138057374],[83.65881584171203,28.225704737767973],[83.65879283222431,28.225934868334548],[83.65874837804434,28.226183066220283],[83.6587908939406,28.22623958235195],[83.65882984435802,28.22681293871258],[83.65882753024226,28.227158227848],[83.65878313796729,28.22738604482359],[83.65869504164762,28.227731145658705],[83.65843312992007,28.228475301781163],[83.6583664173289,28.22882046532361],[83.65830139216375,28.228933123590995],[83.65816946741157,28.229449649445407],[83.65799583880778,28.229756177527104],[83.65792943812643,28.23009902774474],[83.65786222508665,28.230500583262906],[83.65786159919993,28.230615742222884],[83.65779582431094,28.230843496567253],[83.65772961124676,28.23112995534131],[83.65772767293812,28.23141885250326],[83.6577678745798,28.231818408070055],[83.65787253795031,28.232164009791486],[83.65789310796039,28.232317491775387],[83.65808349121514,28.23264290004322],[83.65863525828047,28.233447825363516],[83.65876180516285,28.23373478500863],[83.6589743212231,28.23402193226876],[83.65903590582926,28.23436515762166],[83.65898919990019,28.234958581879905],[83.65903040180427,28.235227286037198],[83.65913625330221,28.235399086834395],[83.65943455274729,28.23566835417436],[83.66037471594503,28.236052155647712],[83.66082219447864,28.236378189619572],[83.66101401564521,28.23657055920942],[83.66139647071795,28.237031883210435],[83.66181937702079,28.237892824070155],[83.66188152482249,28.23817959540433],[83.66194235848775,28.238696622902072],[83.66232825360395,28.23867724241238],[83.6628423833088,28.238678493712],[83.66326960479991,28.238891682117835],[83.66378267132004,28.239046415826337],[83.66410279027004,28.239257103812896],[83.6643385037822,28.239469791622707],[83.66435819828214,28.23948792128525],[83.66495911006972,28.239681229006976],[83.66547517781673,28.23970279927907],[83.6659914333936,28.239647596254656],[83.66685294404826,28.23940371359878],[83.66706914994931,28.239232663783625],[83.66739270848294,28.239064176927414],[83.6676736890499,28.238834672800802],[83.66793422468076,28.238474192286557],[83.6681525577666,28.238016557788065],[83.66828404449342,28.237633195161337],[83.66846148821372,28.236794074122525],[83.66850975730308,28.236029036610844],[83.66846974321297,28.235570839571775],[83.66866663107653,28.2350363705673],[83.66886226721107,28.234729905446336],[83.669057090616,28.234558855934026],[83.66940234503424,28.234370113778052],[83.66966106679213,28.23425783120331],[83.6698331305011,28.234219944668016],[83.67000582044633,28.23412554216503],[83.67026441719436,28.234049458465883],[83.67069570461878,28.233860903679364],[83.67086839400123,28.23374618224351],[83.67106290437718,28.23357519497386],[83.6712365320313,28.23336563348348],[83.67151945126024,28.23283366485838],[83.67164956281695,28.23268055778118]]]}},{"type":"Feature","properties":{"province":"Gandaki Province","district":"Baglung","municipality":"Baglung Municipality","ward":"13","wardNumber":13,"sourceMunicipality":"Baglung","sourceType":"Nagarpalika"},"geometry":{"type":"Polygon","coordinates":[[[83.63728485621128,28.253511434901686],[83.63747911647101,28.253320129315416],[83.63935081904465,28.252237189032424],[83.63954470437235,28.252084269741903],[83.64014718029453,28.251722477004623],[83.6410307003265,28.25103871474135],[83.6412033902224,28.250847284232705],[83.64141872079375,28.250676296852294],[83.6417431554254,28.250275429357593],[83.64245367286524,28.249780785084056],[83.64271158179506,28.24964824693676],[83.6430349536027,28.249362475830463],[83.6433581372151,28.249133095908082],[83.64353076474141,28.248962046756002],[83.64495129786485,28.248049405567347],[83.64546774169825,28.24774375390264],[83.6455966644984,28.247669545209412],[83.64637170589684,28.247136764368154],[83.64708272315801,28.24658335351726],[83.64759885371127,28.246280014776872],[83.64830880805836,28.245880086542765],[83.64850200551587,28.24582413268682],[83.649082785644,28.245538987170274],[83.64940453128813,28.245442772141487],[83.6497909255939,28.24538731854357],[83.65056171432153,28.2454276442661],[83.65113968027632,28.2455261741747],[83.65139608794519,28.245641958995975],[83.65184525586243,28.2457581815695],[83.65199474880195,28.24583532962571],[83.65214417982733,28.245930482234147],[83.65237945463353,28.24598975066261],[83.6530655239018,28.245914729534185],[83.65323702602755,28.245915167271978],[83.65392303236551,28.245898850707114],[83.65555145431445,28.245864531022146],[83.65623696026934,28.245904606757268],[83.6570956573273,28.245678854510057],[83.65767781340061,28.245163453619693],[83.65793784912638,28.24472401254672],[83.65846042227044,28.243502029292294],[83.65889327258172,28.242835021747638],[83.65900556634088,28.24207017174015],[83.65901144552608,28.24123067490544],[83.6590790963377,28.24069370468706],[83.65930011859318,28.239701163474294],[83.65953889609213,28.239243591851295],[83.65984138543531,28.23889905361998],[83.66027117149504,28.238672175868658],[83.66061448722814,28.23861434622798],[83.66121433703623,28.23861803580883],[83.6618136853051,28.238696247226496],[83.66194235848775,28.238696622902072],[83.66188152482249,28.23817959540433],[83.66181937702079,28.237892824070155],[83.66139647071795,28.237031883210435],[83.66101401564521,28.23657055920942],[83.66082219447864,28.236378189619572],[83.66037471594503,28.236052155647712],[83.65943455274729,28.23566835417436],[83.65913625330221,28.235399086834395],[83.65903040180427,28.235227286037198],[83.65898919990019,28.234958581879905],[83.65903590582926,28.23436515762166],[83.6589743212231,28.23402193226876],[83.65876180516285,28.23373478500863],[83.65863525828047,28.233447825363516],[83.65808349121514,28.23264290004322],[83.65789310796039,28.232317491775387],[83.65787253795031,28.232164009791486],[83.6577678745798,28.231818408070055],[83.65772767293812,28.23141885250326],[83.65772961124676,28.23112995534131],[83.65779582431094,28.230843496567253],[83.65786159919993,28.230615742222884],[83.65786222508665,28.230500583262906],[83.65792943812643,28.23009902774474],[83.65799583880778,28.229756177527104],[83.65816946741157,28.229449649445407],[83.65830139216375,28.228933123590995],[83.6583664173289,28.22882046532361],[83.65843312992007,28.228475301781163],[83.65869504164762,28.227731145658705],[83.65878313796729,28.22738604482359],[83.65882753024226,28.227158227848],[83.65882984435802,28.22681293871258],[83.6587908939406,28.22623958235195],[83.65874837804434,28.226183066220283],[83.65879283222431,28.225934868334548],[83.65881584171203,28.225704737767973],[83.6589894691907,28.225362138057374],[83.65927088803959,28.224961083044324],[83.65935817064543,28.224731077993397],[83.65955799783534,28.223700150505607],[83.65953799107277,28.223469895303648],[83.65943295259416,28.22316267949404],[83.65922068583137,28.222875532334903],[83.65907131807249,28.222780379334313],[83.6587305040875,28.222472600614157],[83.65860289391824,28.22231880532333],[83.65856094033471,28.22220358396491],[83.65854093391836,28.22197332858311],[83.65858613873372,28.22157171129735],[83.65843870932565,28.221169592766316],[83.6583327951965,28.221015860054017],[83.65811984123089,28.220764848420547],[83.6580346848623,28.220708206293615],[83.65726521024284,28.220379046154523],[83.65703081035669,28.220166295015794],[83.65694715458676,28.21982075621888],[83.65694903103407,28.219534172253706],[83.65703656465725,28.21924771318999],[83.65704050460691,28.21861577770553],[83.65699917744975,28.218385459868802],[83.65689407635458,28.218096311752678],[83.65685224826723,28.217924699181232],[83.65666361718635,28.21723362031219],[83.65653663205991,28.217003114868668],[83.6563809498306,28.216792803194192],[83.65632417837445,28.216715905741648],[83.65606952130807,28.2162548941746],[83.65592071686744,28.216080718287508],[83.65583656085445,28.215793821694522],[83.65588270443803,28.215220715191844],[83.65588382931936,28.21506723261575],[83.65577641502247,28.21508505034789],[83.65562642061056,28.21508467530753],[83.65485632115232,28.21487061119058],[83.65434331701408,28.21463679105953],[83.65413017556833,28.214444484659207],[83.65380968052978,28.214272121211287],[83.65363849250132,28.21423335886283],[83.65335963755935,28.214250676549224],[83.6526097328688,28.21422623081514],[83.65175272455211,28.214203722833798],[83.6511518745939,28.21433538470883],[83.65095867801962,28.21440940656566],[83.65067863510475,28.214618592549723],[83.64981599794558,28.215534922735255],[83.64949193813621,28.21597198831692],[83.64912605144329,28.216239628328132],[83.64895454910048,28.216295582089185],[83.64861148372964,28.21629470692903],[83.64818338607421,28.21621461992875],[83.64698325020748,28.216209303563957],[83.64653245601009,28.21634127913396],[83.64631725024734,28.21649194844977],[83.64600700891272,28.21679359870437],[83.64586451802234,28.216930889148177],[83.64560617145018,28.21712206939627],[83.64534801141474,28.21727261393013],[83.64414512401893,28.21772768237225],[83.64337064558622,28.21816355901875],[83.64313411912116,28.218316416809877],[83.6429184762224,28.21850540954372],[83.64268163745004,28.218637947885142],[83.64229342869349,28.219020622358197],[83.64199206580723,28.219229745665817],[83.6417343440783,28.219341902961574],[83.64147668449928,28.219417987778332],[83.64104789962664,28.219434929391454],[83.6404493014883,28.21918285358139],[83.64002089158274,28.219181727546292],[83.63967657418918,28.219370407413916],[83.63941816535092,28.219599911938694],[83.63903133242408,28.219732075254733],[83.63881744018597,28.21969087578399],[83.6379825037561,28.219535203517257],[83.63712530812916,28.219548768301937],[83.63678155402361,28.219662988744552],[83.63652345782234,28.2197954647514],[83.63549225841518,28.220210272350432],[83.63437627857415,28.22045552988737],[83.63377630403973,28.220413328846167],[83.63326317494815,28.220238151463263],[83.63240735589787,28.220023775174305],[83.6318073817963,28.220001830076832],[83.63095087427455,28.21990023629448],[83.6303722199344,28.219878353813467],[83.63009342849509,28.219895671057103],[83.62957873620594,28.219989072483397],[83.62889235376007,28.22006171745099],[83.62854866259913,28.22015555704852],[83.62786134307478,28.220420008361085],[83.62775374017657,28.220496468421576],[83.62751690112052,28.22064932521577],[83.62682908058264,28.22095209987382],[83.62657160991053,28.220989798182313],[83.6260572302289,28.22098617152115],[83.62562900726915,28.220926278190873],[83.62485746929268,28.22094228123293],[83.62442855831505,28.22099748403698],[83.62331257806531,28.221240491628492],[83.62265626993461,28.221281564301343],[83.62215927206759,28.221388532333588],[83.62194193957855,28.22151656968324],[83.62169947390284,28.221800277633523],[83.62152478360781,28.221930691174094],[83.62130451253125,28.22217382473659],[83.62062588293286,28.222754243682022],[83.6203176418611,28.223094218083613],[83.61996788568146,28.22337317426012],[83.61946056928498,28.223976538430293],[83.61901540156288,28.22465467422896],[83.6187284810318,28.224994648852125],[83.6178549031211,28.225667031993133],[83.61761550036394,28.225815325096086],[83.61744262292063,28.225869027961963],[83.61720359616872,28.225999253299225],[83.61698582668349,28.226147609084673],[83.61678825252183,28.226334413856797],[83.61650095652303,28.226692456091993],[83.61618790070409,28.227221985870308],[83.61618189775834,28.227470183512427],[83.61598176034151,28.227772085104462],[83.61589047537105,28.2279997764915],[83.61561105602986,28.228913044130756],[83.61551445656518,28.229368678291184],[83.61522459706069,28.229821497823117],[83.6150487181343,28.23001061572144],[83.61483057379803,28.230158909085645],[83.61452302095748,28.230478564780725],[83.61430268777958,28.230721698097973],[83.61440597618999,28.230877682308222],[83.61463568642843,28.231128881163027],[83.61524553842666,28.231618088391095],[83.61562274151878,28.231968942404862],[83.61572671681597,28.2321046702494],[83.61586558034286,28.232565430750967],[83.61583869506687,28.232793309872537],[83.61589740389621,28.233023690368732],[83.61589371464295,28.233177172803803],[83.61613586663296,28.233791666249072],[83.61619457538103,28.234022108883664],[83.61675922211928,28.2346059686979],[83.61690702792119,28.234703435531664],[83.61701062854056,28.234857167999728],[83.61709484770364,28.23491606091418],[83.61713567434974,28.23499520944019],[83.61722020648229,28.235051850735434],[83.61776284528818,28.235653715909027],[83.61843522051355,28.236219821733275],[83.61885400105947,28.236629442355557],[83.61904182069544,28.236842130053795],[83.61926815503428,28.237228681283366],[83.61955938767991,28.237597415820105],[83.61991633257243,28.237907569995336],[83.6199365274546,28.237966337486387],[83.62010271443793,28.23817889984251],[83.62051474162634,28.238875167879048],[83.62074338910833,28.23916469052084],[83.62106976012409,28.239858457375338],[83.62106788373994,28.239935230121482],[83.6212497632049,28.2403960537168],[83.62127939798893,28.240931085421952],[83.62149872884517,28.241622351778908],[83.62160201666833,28.241778334965034],[83.62189693947091,28.241993586489382],[83.62202004765483,28.242224091551705],[83.62210239045137,28.24235975682333],[83.62218442060664,28.242513426935773],[83.62220230164667,28.24266697225521],[83.62215559615716,28.24282033021485],[83.62206618782629,28.242971248890044],[83.62164709193341,28.24345989174888],[83.62144732931654,28.243743662217952],[83.62135792102555,28.243894643591762],[83.62133097290724,28.24412252330802],[83.62142719542103,28.244583221606355],[83.6214605814115,28.244964708470242],[83.62153911021687,28.245271861806316],[83.62165821646883,28.245655849512417],[83.62174087233838,28.245791514907935],[83.62188161169132,28.246175565511855],[83.62191906240398,28.246405882859726],[83.62187048082765,28.24663369951419],[83.62171298459614,28.246937976369026],[83.62166283939,28.247242503270016],[83.62161832282108,28.247316899896344],[83.62161269570899,28.24754709243254],[83.62175493477558,28.247874688912333],[83.62192149699557,28.248066996283807],[83.62229988822885,28.24837952584042],[83.62255098102102,28.24863297624465],[83.62265608318107,28.248750635537316],[83.62267002586715,28.248766515592322],[83.62280651339164,28.248818718024086],[83.62306285899993,28.248954946462913],[83.6234458764372,28.249398202016284],[83.62357211010792,28.249741678496793],[83.62389072857016,28.250184872039526],[83.6240373447326,28.25072240530161],[83.62402602385544,28.25240833800896],[83.62398163228883,28.2526361549485],[83.6239778171657,28.253173375058687],[83.62414431532821,28.253941100704235],[83.62446093179334,28.25470707674014],[83.6245235175506,28.254937456378496],[83.62503208077858,28.25584159837165],[83.62520089260687,28.256223460288854],[83.6257731666641,28.257143606748695],[83.62590084015142,28.25725907882619],[83.62622127120584,28.257393056270182],[83.62686369932004,28.257453512738387],[83.62712085768678,28.2574542004394],[83.62731405581363,28.25741637734122],[83.62776384834734,28.257455952588305],[83.6280846556109,28.257553856582103],[83.62823377428492,28.257649072206824],[83.628319430442,28.25766957905315],[83.62842584600926,28.257764669098876],[83.62887488831029,28.257919340756168],[83.62900318595906,28.25795810249315],[83.62926034456673,28.257958789788585],[83.62955995685763,28.25801599505668],[83.62953976209971,28.25786470073683],[83.62943609927254,28.257347610766008],[83.62948718390322,28.256201211420983],[83.62963986660729,28.25579990687347],[83.62966250063728,28.255628419184056],[83.62977079113676,28.255454930489364],[83.62979311214224,28.255342147181356],[83.62994460710016,28.255112392213505],[83.63031124440049,28.254770292765283],[83.63069826480908,28.254617873682797],[83.63147024097151,28.25454322827533],[83.63288345727065,28.254700464570952],[83.63346142342606,28.25479905666961],[83.63378185573134,28.254915028778058],[83.63442484601876,28.25491671789379],[83.63500406288759,28.254841509284415],[83.63590727651574,28.254385751667407],[83.63648918307734,28.253911113518345],[83.6369407274217,28.25368210907744],[83.63728485621128,28.253511434901686]]]}},{"type":"Feature","properties":{"province":"Gandaki Province","district":"Baglung","municipality":"Baglung Municipality","ward":"11","wardNumber":11,"sourceMunicipality":"Baglung","sourceType":"Nagarpalika"},"geometry":{"type":"Polygon","coordinates":[[[83.59572098612533,28.232399406627565],[83.59540818288347,28.232048615467395],[83.59488855290333,28.231388107813668],[83.5945530526264,28.231075640824045],[83.59404380060192,28.23087551817481],[83.59378751683286,28.230831879785182],[83.5934660843529,28.2308264404294],[83.59321092635493,28.230744415803347],[83.59306430988441,28.230608562903356],[83.59297977849725,28.230567675441385],[83.5930029116631,28.230491028324618],[83.59315940865397,28.230227451055207],[83.59335654563328,28.230058777405336],[83.59374344072914,28.2300080125585],[83.59408844459414,28.229921050081703],[83.59432753457473,28.229790762748596],[83.59443832579927,28.229639906225778],[83.59457531537228,28.229297243038715],[83.59488668334954,28.228844548362936],[83.59512921168545,28.228563153179397],[83.59554411768386,28.228246124001004],[83.59571768293581,28.22817216480549],[83.59587042722747,28.228059756599766],[83.59611214388326,28.22781674844296],[83.59618254548023,28.22756867613066],[83.59618811113977,28.227340733878908],[83.59614890877181,28.227187126102635],[83.59612940180102,28.22711035318016],[83.59605018535436,28.226839273999452],[83.59538875271126,28.225851044602578],[83.59516435756748,28.22538772058196],[83.59512728203094,28.22515740308983],[83.59511502822974,28.224775977943523],[83.59527258747039,28.224471763737643],[83.5953376123207,28.224435816247997],[83.59548729287343,28.224456572513578],[83.59582516954342,28.22465619438902],[83.59643383329954,28.225183850253885],[83.59674501062393,28.225611288798856],[83.59714390860472,28.225941949278738],[83.59752398790616,28.22618008271561],[83.59803280232569,28.226400461060635],[83.59826513949555,28.226538814254667],[83.59839087335946,28.226656537149395],[83.59847240366021,28.226830588365097],[83.59857075193443,28.227194257837002],[83.59858644502842,28.22742451288348],[83.59851085244277,28.227882396893587],[83.59858969364296,28.228171545226104],[83.59877532486472,28.22846094279802],[83.59894251259921,28.228637495078797],[83.59906930993735,28.228714580415986],[83.59921974080036,28.228699263718923],[83.59956699659855,28.228515209952192],[83.59978551539389,28.228346535886295],[83.59987536239537,28.228175298863928],[83.60005192874377,28.227970425774345],[83.60057731360928,28.22752054460887],[83.60118529144272,28.227206329152743],[83.60179145685686,28.22695081741688],[83.60205105358592,28.2268612916539],[83.60282596910726,28.226721376668564],[83.60308675386182,28.22657314605596],[83.60328351576828,28.226406722719315],[83.60357281247093,28.225971970627924],[83.60368691809319,28.225685637079973],[83.60392088310734,28.22488734032477],[83.60358675848931,28.224536611682428],[83.60320805500562,28.224242086570563],[83.60250541833541,28.224057218712968],[83.60212002388215,28.224031335127556],[83.60148222304298,28.223826336301087],[83.60110170694324,28.22360858445098],[83.60072462888863,28.22325766740166],[83.60043771057799,28.222717383199825],[83.60036518455854,28.222180037928382],[83.60045834512016,28.221875573513163],[83.60054775455777,28.221724654153835],[83.60064285315975,28.221343542681275],[83.60056651268503,28.220959616896543],[83.60019274926648,28.220473285876373],[83.5996421714166,28.219334200258427],[83.59960290752,28.219180655391963],[83.59956326789376,28.21904736581303],[83.59942603036015,28.218527838112347],[83.5993478141736,28.218220622734023],[83.59929667143224,28.21768340207857],[83.59911522898243,28.217220265973882],[83.59880248874963,28.2168694750106],[83.59868807105799,28.216792327109523],[83.59835988659228,28.216574761811557],[83.59823458943593,28.21643897199735],[83.5980452694534,28.21630299411435],[83.59784063080828,28.21591650518188],[83.59775716230357,28.215837231572234],[83.5975954156842,28.215453118277864],[83.59740922171989,28.215181726504664],[83.59736764371615,28.21514321443376],[83.59711179856009,28.215081570708115],[83.59698343803474,28.215078945022455],[83.59627154627903,28.21525512085131],[83.59601082298121,28.215403288469652],[83.5958181263811,28.21540053773871],[83.59569095369427,28.21533920615527],[83.59539834520896,28.21504718290121],[83.59531381360077,28.215008546580794],[83.59505528008636,28.21505968616654],[83.59485895551067,28.215190036250608],[83.5947485391665,28.215322887052842],[83.59441972870351,28.215601780952092],[83.59393304433037,28.216202894892067],[83.59373140594286,28.216543119370233],[83.59357728538515,28.216711918469027],[83.59348237531546,28.21679287935548],[83.59338008644102,28.216880717344345],[83.59290240747289,28.217138730387724],[83.59257490921708,28.21738155063776],[83.59244467249006,28.21745563445698],[83.5921854505553,28.217527092410883],[83.59186295496498,28.217578044365982],[83.59032044108841,28.217548595587314],[83.58942416869782,28.21739698665885],[83.58897819061713,28.21723543805647],[83.58887158777614,28.21721480710675],[83.58851401757937,28.216938350151526],[83.58829956259638,28.216793307423817],[83.58819789938293,28.216723036501236],[83.58790572878983,28.21641069357762],[83.58775836190733,28.21631322752733],[83.58732213682649,28.21577025473903],[83.58688028536665,28.21545747401047],[83.58625524103148,28.214755892296168],[83.5857307959828,28.214307446371297],[83.58556129567434,28.214228047981376],[83.58537310053003,28.21405362145623],[83.5850566700359,28.213856312629854],[83.58503572528005,28.213835931667223],[83.58492949725353,28.21379498192162],[83.58471254174225,28.21390720241457],[83.58453735004461,28.21405562075374],[83.58434284022046,28.214109198500903],[83.58423548732955,28.214126890664478],[83.58399871181592,28.214160087382066],[83.58367996717563,28.214057556694648],[83.58336009825702,28.213995600538993],[83.58325237055176,28.214011105185893],[83.5830593604595,28.214008229027932],[83.58282327234939,28.214023357726504],[83.58243762857022,28.214015416752098],[83.58218290796074,28.213915324837913],[83.5819905860325,28.213892191975777],[83.58115533697061,28.21385805587436],[83.58097433206133,28.2138823127255],[83.58089686506173,28.213891064694312],[83.58070204189232,28.213944642619698],[83.58068072139253,28.213944580331493],[83.58042087455675,28.214016038504738],[83.580034229582,28.214010348242414],[83.57969516575038,28.213812976938627],[83.5795673064647,28.213771965067213],[83.57930927254007,28.21376890109565],[83.57904942447041,28.213840296172737],[83.5789208142909,28.21383766994271],[83.57834203581467,28.213770462137987],[83.5779580802077,28.213649675445893],[83.57789449328061,28.213611101704895],[83.5774024348474,28.213526075348636],[83.57701691582572,28.213461680948683],[83.57663302297817,28.21334089435652],[83.57592788428173,28.213176219592434],[83.57445064603446,28.212939209541783],[83.57410970554824,28.212818486496833],[83.57394033070332,28.21272095735452],[83.57310777020338,28.21249720222893],[83.5727222512029,28.212432869793485],[83.57233904575526,28.21229176550187],[83.57195696520444,28.212094206148727],[83.57138125044743,28.211914027424637],[83.57112440487306,28.21187038935154],[83.57015329202177,28.212025307368414],[83.57008639189657,28.212119898233208],[83.56982379291925,28.212306389433127],[83.56956394532536,28.212377785448215],[83.56937062354865,28.21237497118028],[83.56924245023376,28.212333896351034],[83.56905363053684,28.21215953226843],[83.56886149564772,28.21209801381701],[83.56860427517972,28.212074631631488],[83.56853925019492,28.21209244875938],[83.56827633979839,28.212299322361805],[83.56796659730776,28.212636858001435],[83.56783536100716,28.212729009451404],[83.56759989779079,28.21268762207528],[83.56709214692235,28.21237459138923],[83.5667721523984,28.212271998556794],[83.56605719727649,28.212488685295252],[83.56573488869044,28.212483120647704],[83.56508539602554,28.212663860237363],[83.56491370701464,28.212661108983813],[83.56487075284119,28.212658670112457],[83.56457164096267,28.212578771578894],[83.5635495732153,28.212198595177775],[83.56226978291848,28.211813104312373],[83.56188776567596,28.211615545172364],[83.56171770199632,28.21153602169801],[83.56122564325678,28.21145093279605],[83.56058340417744,28.211345087920122],[83.55968156700101,28.211310576534792],[83.55910391381934,28.211204918874603],[83.55820326533,28.211111764836296],[83.5576915116009,28.210949903331556],[83.55673746898889,28.210436750886743],[83.5562938668348,28.21012384559238],[83.5555297071325,28.209748983315638],[83.5552124010066,28.209551675261384],[83.55477173718194,28.20912586147369],[83.55439278397188,28.208813206283274],[83.55336921536409,28.208489358939154],[83.55285402310695,28.208460662088896],[83.55240548005676,28.2083576312942],[83.55131832452766,28.20799520930495],[83.5508719708375,28.207797462904267],[83.55048807787045,28.20767655179114],[83.550102621516,28.20763016268064],[83.549780313438,28.207624597584587],[83.54949801995488,28.20773425427689],[83.54904341225037,28.20786141524675],[83.54858592848666,28.20810136004393],[83.54847601183594,28.208193574618246],[83.54836521991258,28.208326363027037],[83.54773554425627,28.209403116049575],[83.54757073145701,28.209971219475637],[83.54754034448577,28.210314257715556],[83.5475524703956,28.211517236222942],[83.54747787855077,28.2119164788645],[83.54747212611446,28.21214660834928],[83.54728836827532,28.212601929938916],[83.54721077542435,28.213114017659404],[83.54709460606783,28.213456680115918],[83.54694961353484,28.21408361432836],[83.5467932419444,28.21430880477387],[83.54672434032291,28.214480105554944],[83.5466281160551,28.21487922203308],[83.54649056334472,28.215219571767577],[83.54646474108172,28.21539105962121],[83.54635138486255,28.21561862664482],[83.5463255003627,28.215790051963275],[83.54616337620965,28.21624543497401],[83.54585944830887,28.216792845270163],[83.54584781922878,28.21681310109414],[83.54551681920374,28.21715057437342],[83.5454239085343,28.217434595051934],[83.54543222326296,28.21794924663798],[83.54564830122405,28.21875342124382],[83.54567706055889,28.21932677690431],[83.5454905521459,28.21989713152684],[83.5454391562412,28.220237794500715],[83.54531110409364,28.221896155873004],[83.545162170973,28.222694640730815],[83.54515641882456,28.222922582309728],[83.54508451583187,28.223208978556332],[83.54511602649039,28.22366723836927],[83.5455898284632,28.22363716801026],[83.54591326203669,28.22360440923727],[83.54628171327926,28.223476997747856],[83.54636962042655,28.22340278877161],[83.54663028149089,28.223293069604935],[83.54706219237659,28.22322448741646],[83.54732291550752,28.223114768024942],[83.54775982924029,28.222836375150056],[83.54862790543872,28.222507468246338],[83.5490209898663,28.222265022728617],[83.54928021190469,28.222213945675037],[83.54962459142645,28.2221992542678],[83.55022237604727,28.22236374132684],[83.55039437839959,28.222366555493704],[83.55107819576884,28.222531292194635],[83.55133316627327,28.222649452877395],[83.55201510771953,28.222890900554816],[83.55244014123058,28.223088647035947],[83.5527785169448,28.223304148523486],[83.55281997041898,28.223362915468098],[83.55349809785692,28.223755657279227],[83.55474624923191,28.2245586456488],[83.55520935865349,28.22494832348007],[83.5556861598168,28.22566303513754],[83.55581064338197,28.225837273571237],[83.55599746331467,28.226106415430987],[83.5560804307548,28.226224013452203],[83.55642712096252,28.22697223368615],[83.55653172247148,28.227089893111785],[83.5569442499995,28.227784097810858],[83.55752577766583,28.22859396269984],[83.55819815235647,28.229216772016],[83.5587477947476,28.22958869491287],[83.55925779700178,28.229827266158512],[83.5596003001515,28.229889347700855],[83.55970683997283,28.22993029730533],[83.56032838465232,28.22999775549418],[83.56187196100475,28.23017643615772],[83.56212805616083,28.23025852385791],[83.56223497136817,28.23027915500015],[83.56270727303793,28.23030547629289],[83.56296380625982,28.230367244324277],[83.56330362068567,28.23052635473325],[83.56355977812949,28.230606128875216],[83.56415887711847,28.23071184802084],[83.56432819003636,28.230829695842974],[83.56466806710065,28.230988805785362],[83.56509397593157,28.231148103144434],[83.56697442762939,28.231623497103584],[83.56731467942062,28.231762226203955],[83.56756889898969,28.231921023218888],[83.56776103277983,28.231982541772627],[83.5679304707381,28.232082383453523],[83.56894128450566,28.232943263330228],[83.56987719574808,28.233345633751934],[83.57006933037535,28.233407152693875],[83.57051624680291,28.23358676880256],[83.57077346765118,28.23363053223097],[83.57111446956141,28.233753444088546],[83.5715388782875,28.233971446374298],[83.57170975392631,28.234012583572344],[83.57187950460589,28.23411242587278],[83.57230541428159,28.234274036344736],[83.57239063273833,28.234312610424894],[83.57253718777477,28.234468844293797],[83.5729786636998,28.234880965978846],[83.57320631108138,28.23522925673652],[83.5733955061841,28.235405871153542],[83.57407488419602,28.23576228995656],[83.5745396198529,28.236097764158494],[83.57513221497528,28.236472000577297],[83.57555699901174,28.236692190755683],[83.57578914705843,28.23686899317229],[83.57638374372985,28.23716645716891],[83.57653179941872,28.237266236792237],[83.57663796410634,28.23732525455834],[83.57702160682022,28.237466359206795],[83.5777025484721,28.237748318117113],[83.57812733166973,28.23796850847153],[83.57859169173369,28.23832205115913],[83.57874055950758,28.23838113140021],[83.57880408318702,28.238421956033996],[83.5791051333199,28.238427395591586],[83.57945182609666,28.238320114577963],[83.57971061020888,28.238287105496266],[83.58097414529475,28.238279668292634],[83.58125831430833,28.2382782935268],[83.58151578487323,28.238265477364237],[83.58183759258581,28.238250661807104],[83.58226794160761,28.238184267990928],[83.58261069490935,28.238189832864013],[83.58320741739566,28.238336126896836],[83.58401865830436,28.23846722945369],[83.58427306542092,28.23858532732789],[83.58444300348421,28.23864678341069],[83.58474080280251,28.238728932441532],[83.58576643535369,28.23886291186711],[83.58628394198715,28.238740376578367],[83.58645531877514,28.238743127464872],[83.58714420170429,28.238623344090787],[83.58748958078102,28.238534067890676],[83.58868190340634,28.23798247098436],[83.58905273026386,28.23772176975785],[83.58938166584308,28.237422557566322],[83.58953666170986,28.237215309530672],[83.58966802438242,28.237102964773925],[83.58975937082164,28.236875272870435],[83.58982558353745,28.236801001012726],[83.59024174003245,28.236445647265306],[83.59065489541872,28.23620313934363],[83.59093931485518,28.235960193939636],[83.59154966842513,28.235551262031716],[83.59163570076404,28.235533445040303],[83.59224455505424,28.23518321802013],[83.59250458949148,28.235073435786504],[83.59305098204037,28.234643936480996],[83.59340311534397,28.234268076466407],[83.59380539167267,28.233587627445466],[83.5939364413626,28.23349322459944],[83.59430389150324,28.23336793860998],[83.5949108693869,28.233092108326158],[83.59563114010126,28.232570644356183],[83.59571904819853,28.232476116509016],[83.59572098612533,28.232399406627565]]]}},{"type":"Feature","properties":{"province":"Gandaki Province","district":"Baglung","municipality":"Baglung Municipality","ward":"9","wardNumber":9,"sourceMunicipality":"Baglung","sourceType":"Nagarpalika"},"geometry":{"type":"Polygon","coordinates":[[[83.59542891065286,28.27015900074743],[83.59588608200615,28.26992793295071],[83.59710703923734,28.269462049213068],[83.59720026166352,28.269426226376435],[83.59808171757298,28.26923923505918],[83.60011422760007,28.269227110050828],[83.60037407573262,28.269112765255752],[83.60035194249508,28.269040493192833],[83.59997005238593,28.267800253288108],[83.59985588476152,28.267596880776956],[83.59919001097494,28.267445960304528],[83.59865224736289,28.26740375986203],[83.59839014977844,28.267226957496852],[83.59818588707272,28.2668607240471],[83.59806046657303,28.266406715728476],[83.59773247059677,28.265656431550163],[83.59681194022377,28.26488188974008],[83.59620421508787,28.26421663110077],[83.5960260862321,28.26394973927895],[83.59599113596708,28.263920293026874],[83.59531069521933,28.263367629820298],[83.59424004757923,28.26218628096117],[83.59415420414537,28.261797916646735],[83.59433621457846,28.259658912846504],[83.5942428674002,28.2594058383347],[83.59393769235568,28.259041606011184],[83.59380614329504,28.258939637983445],[83.59353960670374,28.258735703115196],[83.593545108588,28.258715446867452],[83.59351347247188,28.258487380421645],[83.59348865005272,28.258473751058673],[83.59330551995168,28.258369407350038],[83.59288417509377,28.258056690047884],[83.59271692541147,28.25788020017617],[83.59257549891637,28.25753447282005],[83.59255949298068,28.257304218122282],[83.59243901099738,28.25697887216672],[83.5921677235853,28.25666659216276],[83.59170373794292,28.2563537491864],[83.59145158170773,28.256138623456298],[83.59118141930246,28.255790207995634],[83.5910384910253,28.255500997653016],[83.59095589768212,28.255365270056892],[83.59090162831899,28.254963339459223],[83.59080134162231,28.254676442273546],[83.59063678083874,28.254387044295733],[83.59045046180063,28.254115651958728],[83.59038831360438,28.254038754141956],[83.59026376769555,28.253864577719867],[83.59012234039454,28.253516600733423],[83.59008495233992,28.25328853338606],[83.59020474894565,28.252774319849994],[83.5902612103242,28.25134133657215],[83.59036387587633,28.250655572980857],[83.59045784959365,28.250315035836813],[83.5908016676991,28.24940426849743],[83.59090426966307,28.248718504982516],[83.59099861851938,28.248375716960574],[83.59146391915812,28.247754097184266],[83.59182361816909,28.247071460088836],[83.59198499205499,28.246616014376553],[83.59203332303328,28.24638819721529],[83.59203594953739,28.246291168300736],[83.59201400553275,28.245431166191533],[83.59206827681074,28.24497321944322],[83.59216081267834,28.2446868227287],[83.59227197942725,28.24453596592417],[83.59253470363082,28.24431102579603],[83.592773480347,28.244183113246752],[83.59303620365264,28.243958173029466],[83.5937012673376,28.2430731640556],[83.59404377229275,28.242218851525276],[83.59419983211832,28.2419732789489],[83.5943315684177,28.241840490412812],[83.59463624545818,28.241656374797632],[83.59485514088739,28.24146969464119],[83.59524897776829,28.24027015597752],[83.59542748291346,28.239988573320733],[83.59567032421229,28.23970492812228],[83.59582382003299,28.239556384644988],[83.59595624450789,28.239405653047378],[83.59611042751565,28.239236728536465],[83.59631181631609,28.23889656709215],[83.59647162721103,28.238497512132433],[83.59647994310751,28.238152286014632],[83.59633107813823,28.23723101540194],[83.59632370083803,28.236657721677247],[83.59655760281463,28.235859424723582],[83.59669315507125,28.23557546713085],[83.59709205540221,28.235046249478497],[83.59748607827935,28.234711151524778],[83.59783445925044,28.23448646127428],[83.59807617495073,28.234243452650304],[83.59829431921965,28.234095096948412],[83.59842574381247,28.233982627356205],[83.59844850259043,28.23392629778357],[83.59838641744776,28.233829082256605],[83.59806886069131,28.233670159793064],[83.59775330662484,28.23343452687548],[83.59673830351001,28.23286054401526],[83.59614489473326,28.23259921647671],[83.59572098612533,28.232399406627565],[83.59571904819853,28.232476116509016],[83.59563114010126,28.232570644356183],[83.5949108693869,28.233092108326158],[83.59430389150324,28.23336793860998],[83.5939364413626,28.23349322459944],[83.59380539167267,28.233587627445466],[83.59340311534397,28.234268076466407],[83.59305098204037,28.234643936480996],[83.59250458949148,28.235073435786504],[83.59224455505424,28.23518321802013],[83.59163570076404,28.235533445040303],[83.59154966842513,28.235551262031716],[83.59093931485518,28.235960193939636],[83.59065489541872,28.23620313934363],[83.59024174003245,28.236445647265306],[83.58982558353745,28.236801001012726],[83.58975937082164,28.236875272870435],[83.58966802438242,28.237102964773925],[83.58953666170986,28.237215309530672],[83.58938166584308,28.237422557566322],[83.58905273026386,28.23772176975785],[83.58868190340634,28.23798247098436],[83.58748958078102,28.238534067890676],[83.58714420170429,28.238623344090787],[83.58645531877514,28.238743127464872],[83.58628394198715,28.238740376578367],[83.58576643535369,28.23886291186711],[83.58474080280251,28.238728932441532],[83.58444300348421,28.23864678341069],[83.58427306542092,28.23858532732789],[83.58401865830436,28.23846722945369],[83.58320741739566,28.238336126896836],[83.58261069490935,28.238189832864013],[83.58226794160761,28.238184267990928],[83.58183759258581,28.238250661807104],[83.58151578487323,28.238265477364237],[83.58125831430833,28.2382782935268],[83.58097414529475,28.238279668292634],[83.57971061020888,28.238287105496266],[83.57945182609666,28.238320114577963],[83.5791051333199,28.238427395591586],[83.57880408318702,28.238421956033996],[83.57874055950758,28.23838113140021],[83.57859169173369,28.23832205115913],[83.57812733166973,28.23796850847153],[83.5777025484721,28.237748318117113],[83.57702160682022,28.237466359206795],[83.57663796410634,28.23732525455834],[83.57653179941872,28.237266236792237],[83.57638374372985,28.23716645716891],[83.57578914705843,28.23686899317229],[83.57555699901174,28.236692190755683],[83.57513221497528,28.236472000577297],[83.5745396198529,28.236097764158494],[83.57407488419602,28.23576228995656],[83.5733955061841,28.235405871153542],[83.57320631108138,28.23522925673652],[83.5729786636998,28.234880965978846],[83.57253718777477,28.234468844293797],[83.57239063273833,28.234312610424894],[83.57230541428159,28.234274036344736],[83.57187950460589,28.23411242587278],[83.57170975392631,28.234012583572344],[83.5715388782875,28.233971446374298],[83.57111446956141,28.233753444088546],[83.57077346765118,28.23363053223097],[83.57051624680291,28.23358676880256],[83.57006933037535,28.233407152693875],[83.56987719574808,28.233345633751934],[83.56894128450566,28.232943263330228],[83.5679304707381,28.232082383453523],[83.56776103277983,28.231982541772627],[83.56756889898969,28.231921023218888],[83.56731467942062,28.231762226203955],[83.56697442762939,28.231623497103584],[83.56509397593157,28.231148103144434],[83.56466806710065,28.230988805785362],[83.56432819003636,28.230829695842974],[83.56415887711847,28.23071184802084],[83.56355977812949,28.230606128875216],[83.56330362068567,28.23052635473325],[83.56296380625982,28.230367244324277],[83.56270727303793,28.23030547629289],[83.56223497136817,28.23027915500015],[83.5620805379399,28.230429886667444],[83.56186095561448,28.23061650317613],[83.5617277175016,28.230785364566668],[83.56138252388689,28.23169375607083],[83.56118088485768,28.23201585015769],[83.56117663301968,28.23218740036439],[83.56131830993795,28.232533127833968],[83.56133275201815,28.232819836957045],[83.56147167860023,28.23327840954177],[83.5614673639662,28.233452210128714],[83.5615919723338,28.233624073884933],[83.56181267759582,28.23425901066098],[83.5619988093913,28.23454847145928],[83.56224389922474,28.235066123628116],[83.5624931791993,28.235414476464147],[83.56259215275885,28.235762328917207],[83.56296585415568,28.236284858588913],[83.56327571871896,28.236807199748384],[83.56333586510753,28.236981188889253],[83.56340895401291,28.23749827786295],[83.56353074896137,28.237787551089276],[83.56362815885521,28.238191857707502],[83.56381585110056,28.23928705490702],[83.5637557025251,28.239972943368848],[83.56363965749205,28.24031560649801],[83.5635494987744,28.240486844088405],[83.56319699094972,28.240824255351335],[83.56310676885265,28.240993241829457],[83.56272843846659,28.241502140533143],[83.56268279659768,28.24161704928869],[83.56258075726784,28.242244170745153],[83.56249059723898,28.24241540846204],[83.56244189149076,28.242643225387127],[83.56240037349524,28.24344652365297],[83.56227707556766,28.244075833907473],[83.56225275162066,28.245050744776517],[83.5622504376739,28.245145522427613],[83.56228620104133,28.24543454496371],[83.56230639514885,28.245491061957054],[83.56223561882638,28.24573907187699],[83.56223861806453,28.246483853413],[83.5621899111142,28.246713858396365],[83.5620064661805,28.247169179557],[83.56199802466273,28.247512217185847],[83.56211531780528,28.247975228670434],[83.5621081262912,28.24826187538389],[83.56196075707747,28.249003905991838],[83.56187747428494,28.249748436444246],[83.56175717753159,28.25026264985251],[83.56159805424944,28.250602937041347],[83.56135171163557,28.25099942800134],[83.56130569426149,28.251114274411837],[83.56128399843132,28.25113221710802],[83.56108335978836,28.251415987959522],[83.56094293175772,28.251871496157833],[83.56090829215073,28.252388210340232],[83.56094711824633,28.25255982366841],[83.56102170515491,28.253882649664597],[83.56099463244033,28.25411046704529],[83.56097024815428,28.254225500666116],[83.56098250165358,28.254588919803545],[83.56103996003456,28.254875753782166],[83.56116331728492,28.255108510488693],[83.56192228710898,28.25571587810894],[83.56208985019619,28.255892429777003],[83.56221352033451,28.256104992583833],[83.56227254179039,28.256335372998514],[83.56230411532303,28.256795883540725],[83.56240271342394,28.257141485226228],[83.56258352964433,28.25766113802778],[83.56293603550674,28.258185918443],[83.56298011372641,28.25847262769414],[83.5630872145565,28.2590191633767],[83.56312310269672,28.25920209180307],[83.56307089240721,28.260208512389326],[83.56264579413124,28.26107607907118],[83.56264416715659,28.2616403077066],[83.56280979043795,28.26205380430698],[83.56328715489096,28.262592526019173],[83.56498916272479,28.264053583760887],[83.56525176024455,28.26436586323838],[83.56551479457026,28.265046064045194],[83.56586423373724,28.266647284961756],[83.56598240229168,28.266898171674637],[83.56648983925497,28.267971800371917],[83.56701747260844,28.26847226133819],[83.56811000267233,28.269777959799388],[83.56828881912563,28.270144130259315],[83.56897207170957,28.2710287037555],[83.56900033216444,28.271055899712138],[83.56991892543851,28.271566551065202],[83.5703147608445,28.27164232395559],[83.57081707329827,28.271641637628854],[83.5713279526141,28.271530356101245],[83.57165401242911,28.271267342207093],[83.57181801252862,28.27097894493922],[83.57224417232693,28.270637220026117],[83.57260649527433,28.27055707215228],[83.57447919618347,28.270587773066815],[83.57492142411768,28.270523692006318],[83.57533357886938,28.270576833377365],[83.57624191889677,28.270469053761918],[83.57660999447064,28.27030550664805],[83.57821196906033,28.270125331535187],[83.57843530207808,28.270150839522536],[83.57882857479687,28.270050436222363],[83.58000426444218,28.26994797112727],[83.580759610087,28.269747162917604],[83.58097387841323,28.269718467828],[83.58134883089532,28.269669954525543],[83.58212355771465,28.269902524602816],[83.58354840162914,28.27054334001704],[83.58417476045696,28.27065581162517],[83.5847561663609,28.27062599163092],[83.58525454037202,28.27038148400235],[83.58558610234411,28.270344098181692],[83.58652163904493,28.270780227828517],[83.58679236383527,28.271056371978187],[83.5870480206407,28.27163041680421],[83.58772377239889,28.27208611441282],[83.58823834055832,28.272121500570265],[83.58874659357527,28.2719537646868],[83.58901619455486,28.271785277927272],[83.58949106022139,28.27168062383673],[83.58963036192515,28.271588534661916],[83.58968394463062,28.27158190772929],[83.59073646379963,28.27143380357195],[83.59163111118599,28.271307830934106],[83.59229323472512,28.271075075988914],[83.59269963662138,28.271040191618777],[83.59273883931144,28.271047068640705],[83.59286688736323,28.271067762174763],[83.5933188674894,28.271294829932597],[83.59396704671084,28.271876752641187],[83.5949764854942,28.272495873646974],[83.59534212242146,28.27249693755212],[83.59555682776613,28.272247051686023],[83.59516812316099,28.270866958075132],[83.59512141966367,28.270485408618192],[83.59517819092066,28.270284661966752],[83.59542891065286,28.27015900074743]]]}},{"type":"Feature","properties":{"province":"Gandaki Province","district":"Baglung","municipality":"Baglung Municipality","ward":"8","wardNumber":8,"sourceMunicipality":"Baglung","sourceType":"Nagarpalika"},"geometry":{"type":"Polygon","coordinates":[[[83.56042362365164,28.271058070046866],[83.56065639849369,28.27101824568637],[83.56073449088467,28.270946224834866],[83.56100540591068,28.270308350412183],[83.56144263436867,28.269601081261733],[83.56178726317053,28.269487110669193],[83.5634679545209,28.26946760910349],[83.56367065512045,28.269549508224557],[83.56436385124918,28.269827028912747],[83.5652112294103,28.270375879446227],[83.56576856183302,28.270623703409186],[83.56614857928365,28.270730923079103],[83.56675111667691,28.270832141718056],[83.56738416576101,28.270867965582422],[83.56829450609183,28.271053646813325],[83.5687458624027,28.271086720197772],[83.56900033216444,28.271055899712138],[83.56897207170957,28.2710287037555],[83.56828881912563,28.270144130259315],[83.56811000267233,28.269777959799388],[83.56701747260844,28.26847226133819],[83.56648983925497,28.267971800371917],[83.56598240229168,28.266898171674637],[83.56586423373724,28.266647284961756],[83.56551479457026,28.265046064045194],[83.56525176024455,28.26436586323838],[83.56498916272479,28.264053583760887],[83.56328715489096,28.262592526019173],[83.56280979043795,28.26205380430698],[83.56264416715659,28.2616403077066],[83.56264579413124,28.26107607907118],[83.56307089240721,28.260208512389326],[83.56312310269672,28.25920209180307],[83.5630872145565,28.2590191633767],[83.56298011372641,28.25847262769414],[83.56293603550674,28.258185918443],[83.56258352964433,28.25766113802778],[83.56240271342394,28.257141485226228],[83.56230411532303,28.256795883540725],[83.56227254179039,28.256335372998514],[83.56221352033451,28.256104992583833],[83.56208985019619,28.255892429777003],[83.56192228710898,28.25571587810894],[83.56116331728492,28.255108510488693],[83.56103996003456,28.254875753782166],[83.56098250165358,28.254588919803545],[83.56097024815428,28.254225500666116],[83.56099463244033,28.25411046704529],[83.56102170515491,28.253882649664597],[83.56094711824633,28.25255982366841],[83.56090829215073,28.252388210340232],[83.56094293175772,28.251871496157833],[83.56108335978836,28.251415987959522],[83.56128399843132,28.25113221710802],[83.56130569426149,28.251114274411837],[83.56135171163557,28.25099942800134],[83.56159805424944,28.250602937041347],[83.56175717753159,28.25026264985251],[83.56187747428494,28.249748436444246],[83.56196075707747,28.249003905991838],[83.5621081262912,28.24826187538389],[83.56211531780528,28.247975228670434],[83.56199802466273,28.247512217185847],[83.5620064661805,28.247169179557],[83.5621899111142,28.246713858396365],[83.56223861806453,28.246483853413],[83.56223561882638,28.24573907187699],[83.56230639514885,28.245491061957054],[83.56228620104133,28.24543454496371],[83.5622504376739,28.245145522427613],[83.56225275162066,28.245050744776517],[83.56227707556766,28.244075833907473],[83.56240037349524,28.24344652365297],[83.56244189149076,28.242643225387127],[83.56249059723898,28.24241540846204],[83.56258075726784,28.242244170745153],[83.56268279659768,28.24161704928869],[83.56272843846659,28.241502140533143],[83.56310676885265,28.240993241829457],[83.56319699094972,28.240824255351335],[83.5635494987744,28.240486844088405],[83.56363965749205,28.24031560649801],[83.5637557025251,28.239972943368848],[83.56381585110056,28.23928705490702],[83.56362815885521,28.238191857707502],[83.56353074896137,28.237787551089276],[83.56340895401291,28.23749827786295],[83.56333586510753,28.236981188889253],[83.56327571871896,28.236807199748384],[83.56296585415568,28.236284858588913],[83.56259215275885,28.235762328917207],[83.5624931791993,28.235414476464147],[83.56224389922474,28.235066123628116],[83.5619988093913,28.23454847145928],[83.56181267759582,28.23425901066098],[83.5615919723338,28.233624073884933],[83.5614673639662,28.233452210128714],[83.56147167860023,28.23327840954177],[83.56133275201815,28.232819836957045],[83.56131830993795,28.232533127833968],[83.56117663301968,28.23218740036439],[83.56118088485768,28.23201585015769],[83.56138252388689,28.23169375607083],[83.5617277175016,28.230785364566668],[83.56186095561448,28.23061650317613],[83.5620805379399,28.230429886667444],[83.56223497136817,28.23027915500015],[83.56212805616083,28.23025852385791],[83.56187196100475,28.23017643615772],[83.56032838465232,28.22999775549418],[83.55970683997283,28.22993029730533],[83.55964031421938,28.23000456887009],[83.55931944291619,28.230800239459178],[83.55916182024305,28.23108407246075],[83.55915844417115,28.23121717382707],[83.55904846461112,28.23131163874447],[83.55900275987855,28.23142435973881],[83.55886383221002,28.23182341388526],[83.55885933024506,28.231994901804235],[83.55860585828394,28.232675663988072],[83.55863017769474,28.233420570338648],[83.55872908907622,28.233766172066673],[83.55895404644599,28.234227308152395],[83.55899249830347,28.234398921207227],[83.55896661109504,28.235430286673214],[83.55891790457086,28.235658041147616],[83.5589065237473,28.236116175156752],[83.55897954999313,28.236631014686484],[83.55898948780352,28.23794683833885],[83.55884480676455,28.238573772505546],[83.55843527667227,28.23946397091974],[83.55836224771414,28.23980675864632],[83.55817911586418,28.240262079707215],[83.55793246002658,28.240658508207513],[83.55766679768908,28.240960033127465],[83.55729528270236,28.241200352936527],[83.55696572170193,28.241481435070824],[83.55674263732689,28.24180115341829],[83.55640006984392,28.24259901220688],[83.55628427570213,28.24294167498037],[83.55620818282163,28.24339737118219],[83.5559789704998,28.243967601218124],[83.55586711633501,28.244136525465375],[83.55577539328874,28.244364154750052],[83.55572662432911,28.244594222196863],[83.55566041283413,28.244668493492245],[83.5552519443436,28.24552024306052],[83.55514159053452,28.245632775747517],[83.55480346229574,28.24625908453794],[83.5539177538104,28.24727181737674],[83.55301635202667,28.248058796455986],[83.55259381719108,28.24862389986372],[83.55254923790267,28.24868016575814],[83.55245982951486,28.248810828720995],[83.55190505510542,28.250350467847444],[83.55161575835376,28.25074670880131],[83.5512202340833,28.25108174405833],[83.55040136354329,28.252002137795518],[83.55020535189547,28.252094039425373],[83.54996857605265,28.252108980182644],[83.54977369059866,28.252162558017584],[83.54944587956405,28.25236686754604],[83.54920416377384,28.252571427233043],[83.54908761951378,28.252932157633023],[83.54890561262845,28.25333108737369],[83.54881657871124,28.253443619719672],[83.54861938028337,28.2535919757955],[83.54844543943938,28.253665809934386],[83.54801371593928,28.253732078416583],[83.54762088036773,28.253954267190885],[83.54737985232693,28.254140759701166],[83.5472713742262,28.254176519992992],[83.54722729475529,28.254214780989713],[83.54702965779808,28.254383392203952],[83.54657054814828,28.25467979130749],[83.54628275231701,28.254999322107125],[83.54612581733956,28.25526283673613],[83.5459423106286,28.25571815747427],[83.54574167203317,28.256001865500178],[83.5455653551819,28.256170539599307],[83.5452608664274,28.256298138642233],[83.54461068495486,28.25649463218933],[83.54441686310076,28.256509761613007],[83.54376711938959,28.256688187373165],[83.54312181489058,28.256695062755654],[83.5429935797739,28.256653988313094],[83.54273473322588,28.25668705985942],[83.54227712316738,28.25692469110923],[83.54162731765835,28.257103054972696],[83.53930526144231,28.257079543278202],[83.53929156878314,28.257077229606693],[83.53879263265648,28.25699426664483],[83.53783483753796,28.256693175776096],[83.53777050136235,28.256692925861152],[83.53755416987778,28.25676444662757],[83.53744444087141,28.256858849153943],[83.53733358710925,28.25700970568505],[83.53728481809969,28.25723746010492],[83.53714757815547,28.257577809553307],[83.53705885669007,28.257690342315396],[83.53690604977767,28.25780268782514],[83.53671110120737,28.257876521785768],[83.5361721501677,28.25798298899662],[83.53583264721188,28.258088019469334],[83.53566946162813,28.25816635392954],[83.53565601881006,28.258179858041206],[83.53561750384182,28.25825875654709],[83.53548301529686,28.25847269427298],[83.53519396857149,28.258932140483264],[83.53492180227389,28.25968498588799],[83.53490660875528,28.25972556054143],[83.53545643836645,28.260059222838724],[83.53596437773608,28.26027760038105],[83.5372958114585,28.261056207092892],[83.53929180456255,28.262383225771888],[83.54039246397008,28.263113630342716],[83.54099181124295,28.263720497415218],[83.54101431991069,28.26374312906614],[83.54147680392141,28.264311109516754],[83.5420731506973,28.264728421500696],[83.5425316344214,28.26496236576068],[83.54283924854343,28.265236510048652],[83.54354313513257,28.265701522595254],[83.54382048948497,28.26582430901019],[83.54474783534673,28.2660327477533],[83.54684168072224,28.26612090294551],[83.54792095859413,28.26635015982845],[83.54881535577033,28.26666456695172],[83.5499715978614,28.267460552967282],[83.55016529545276,28.267479246457047],[83.55065897747544,28.268604765689595],[83.55088118393685,28.269190063642036],[83.55104255509917,28.269779612033467],[83.55100947983206,28.270066133564708],[83.55081284312111,28.270288948458926],[83.55025519507163,28.27067306022153],[83.55005799617432,28.27095676795067],[83.5500059136938,28.27114163457654],[83.55048565488853,28.271418592521986],[83.55087773826155,28.27155075701738],[83.55105711813279,28.271551320141455],[83.55222111764213,28.271036046244692],[83.5523753000583,28.27098015519454],[83.55297477477612,28.2708850656271],[83.55357775048056,28.27080122960661],[83.55534328658139,28.270698703169952],[83.5554053721044,28.270712395071108],[83.5554830264398,28.270728462857292],[83.55682627700742,28.271409853572127],[83.55730376736766,28.271542268070874],[83.55775149826644,28.27154370710205],[83.55836997956341,28.271475750576947],[83.55932158661106,28.271081574036987],[83.56010644270908,28.27101418132112],[83.56038979913659,28.271064696383036],[83.56042362365164,28.271058070046866]]]}}]}