{"type":"FeatureCollection","features":[{"type":"Feature","properties":{"province":"Karnali Province","district":"Surkhet","municipality":"Simta Rural Municipality","ward":"9","wardNumber":9,"sourceMunicipality":"Simta","sourceType":"Gaunpalika"},"geometry":{"type":"Polygon","coordinates":[[[81.93269438168701,28.579796178986953],[81.93216500162352,28.57927177040318],[81.93184638551527,28.579018942661733],[81.93171758734903,28.578979242611478],[81.93129086797072,28.578704595159437],[81.93095405910626,28.57828040462086],[81.93025317908301,28.577657840452385],[81.92972035839436,28.577325299942874],[81.92959324954339,28.57718850845408],[81.92935922582726,28.577032147364417],[81.92885366899985,28.576376637877548],[81.9286618498035,28.576219964658495],[81.92844945933075,28.576063479094312],[81.9278501749528,28.575787830182744],[81.92755331679491,28.575534815151354],[81.92721506931538,28.575148948550233],[81.92693796758925,28.574972581775615],[81.92653682325836,28.57448781064486],[81.92621851987406,28.574196659659837],[81.92589915267696,28.574000285907427],[81.92497949954955,28.57356652464113],[81.92436158572518,28.573137455582543],[81.92410680498895,28.57294283296947],[81.92364188706274,28.572402169773973],[81.92328738758437,28.571765917096762],[81.92298078408115,28.57084276782322],[81.92290457414003,28.570306234942976],[81.92289282723767,28.569771390057852],[81.9227315237469,28.569156457765725],[81.92248393904333,28.568542087884047],[81.92232326108117,28.567927093443245],[81.9222482407695,28.567313787426862],[81.92225393418461,28.567009135444508],[81.92213295699351,28.566547311262056],[81.92214296835452,28.566012404740945],[81.92224301479045,28.56524893127189],[81.9224498517598,28.564563794609498],[81.92306871899174,28.5637900110572],[81.92333132015227,28.563564822806857],[81.92394311823078,28.56315220780543],[81.92402990027863,28.563133578208216],[81.92459730636989,28.562759598897138],[81.9247711220741,28.56268620447231],[81.92575506354349,28.561937056329466],[81.9260851922215,28.561542131956667],[81.92619692476624,28.56131344014561],[81.92649561338278,28.560250757045868],[81.92662866524819,28.560042196438236],[81.92688926555712,28.55989378104201],[81.92716930779116,28.55989859710443],[81.92725521454676,28.559938609963268],[81.92768593880139,28.559926673253656],[81.92796973603252,28.559721615640886],[81.92801381554202,28.559646844135774],[81.92797567985994,28.559378577498304],[81.92802163678328,28.559227033495112],[81.9281544396553,28.55900046869325],[81.9282868029658,28.558850613338727],[81.92841754102916,28.558757212654378],[81.92906741305278,28.55853834182746],[81.92958617139853,28.558451321498783],[81.9299322402178,28.558342855839292],[81.93045393928772,28.558084284833587],[81.93051927696776,28.55802745599148],[81.9306432622474,28.55795887495674],[81.93134590582501,28.55756589177265],[81.93143343955626,28.55749080793386],[81.9316938508177,28.55738071554017],[81.93178057193101,28.557362022961808],[81.93195394949137,28.55730894719877],[81.93234290928378,28.557218299319906],[81.93277588612428,28.557111522513413],[81.93294951442294,28.55702005944798],[81.93312301778808,28.55698273758971],[81.93338336686331,28.556872645398],[81.93370955461917,28.556687594804362],[81.93394939638263,28.556500854786478],[81.93438956861648,28.55597432955419],[81.93456976737282,28.555539765846845],[81.93477647945103,28.554780107453155],[81.93504402327171,28.55425020437037],[81.93556910108059,28.55379976494126],[81.93591604631771,28.553652912926754],[81.9360901756401,28.553541131497767],[81.93695800581641,28.5531944138287],[81.93722060717988,28.552969162932104],[81.93756892762876,28.552765981104464],[81.93826300446896,28.552490282382458],[81.93861120090439,28.55226672007937],[81.93878495399305,28.552193387766707],[81.9391307095845,28.55212330786947],[81.93947777981612,28.551994461459515],[81.93999434833289,28.552022474031933],[81.94103067655102,28.551868564271395],[81.94198560224054,28.55146476805527],[81.94241876719411,28.551319604523037],[81.94320250516596,28.550853787555397],[81.94361954159841,28.55040403456906],[81.94373927647368,28.55021366760878],[81.94408578899748,28.54966738548575],[81.94437221338389,28.549326914084034],[81.94450520349348,28.54911829140646],[81.94490492342759,28.548515305711213],[81.94503710010187,28.548363199743523],[81.94523817966544,28.54798490350294],[81.94551435727082,28.547071263055898],[81.94565954715657,28.546233018007168],[81.94619888921332,28.545096440338426],[81.94623684161304,28.545053302325407],[81.94620014046465,28.54501966743473],[81.94605121083403,28.54494176791743],[81.94562142474373,28.544895062360293],[81.94475953891062,28.544901118900796],[81.94458791217369,28.54485941728214],[81.94390509777777,28.544523436613943],[81.9434779394476,28.544343567267976],[81.94313518783402,28.544242159497827],[81.94270402490973,28.544254221399783],[81.94253070997155,28.544309548229588],[81.9423586454013,28.544288227479534],[81.9420995478164,28.544321610012435],[81.94175510563555,28.544314979981486],[81.94149550780138,28.544368679952225],[81.94115106577989,28.544364300832314],[81.94097993965944,28.544302280646203],[81.94063506087788,28.544315969136004],[81.9402915565959,28.544273203058438],[81.93977767867585,28.544112025342535],[81.93960636538493,28.5440320009048],[81.93922391191145,28.543777359207393],[81.93888478823749,28.54350440118937],[81.93852903710585,28.54294492099444],[81.9383680465097,28.54236837463877],[81.9383499170647,28.542196949762072],[81.9382446908752,28.54208035218969],[81.93818310723367,28.54190698745839],[81.93809901473658,28.541790265540744],[81.93769674366914,28.541459039239555],[81.9370156806032,28.541028218145073],[81.93624633313556,28.54072887338435],[81.93592696557536,28.540532500163042],[81.93545941991133,28.54017914142694],[81.93518219228382,28.540041160818763],[81.93492622264783,28.539923310857613],[81.93475459604957,28.53988160983015],[81.93453970361756,28.53985828849725],[81.93391853480377,28.539695484122664],[81.93353157798616,28.539650842490374],[81.93353689553852,28.539384514157423],[81.93353864773299,28.539287486295752],[81.9334351730621,28.539076047549553],[81.93328824573594,28.538862671004566],[81.9330980522886,28.538669925311066],[81.93292786498031,28.53857176953508],[81.93258567459863,28.538449980560774],[81.93215638948313,28.53838527025003],[81.93207042006544,28.53834750793637],[81.93112387844361,28.53831111330978],[81.93069565703938,28.538151562099532],[81.93037735291647,28.537916802719856],[81.93008124709786,28.537519432491443],[81.92995776481233,28.537355508590103],[81.92925907280367,28.536732944266106],[81.9290039167965,28.5365563899579],[81.92883322912793,28.536478615444775],[81.92862152632772,28.536301748948517],[81.92768236749102,28.53586586103752],[81.92742714859526,28.535689369734246],[81.92700305639883,28.535337950062758],[81.92670726169116,28.535046611210745],[81.92517732539065,28.533971593384187],[81.92401490357184,28.532844313659744],[81.92384471580263,28.53274396951243],[81.92350565488631,28.532471011521878],[81.9230613059777,28.532063262226284],[81.92278845799952,28.531695026240914],[81.92244927185465,28.531404000165196],[81.92179722494397,28.530627578236924],[81.92091678493958,28.529372076659154],[81.92043273504552,28.528808969086942],[81.9202421661761,28.528634227591358],[81.92000826797783,28.52847786746827],[81.91967045817788,28.528128073418863],[81.91902535539617,28.526970227571507],[81.91881559286129,28.52671890178425],[81.91868823399035,28.526620433720073],[81.91824832660559,28.525982555459418],[81.91772077469109,28.524311684661026],[81.91738665588208,28.523790403204224],[81.91724166807468,28.523500253778554],[81.9172032809579,28.52327031161233],[81.9168959885804,28.522462258193674],[81.91683891032882,28.522060952734993],[81.91667360244428,28.521714536985613],[81.91648522252291,28.521424700121813],[81.91597922685324,28.52090004051165],[81.91589563522965,28.520765187726827],[81.91540927035605,28.520296795950024],[81.91521870181954,28.520122117563893],[81.9151556162217,28.52006385025692],[81.91506670899099,28.519983200434382],[81.91481686747244,28.519752442327036],[81.91370952251354,28.519123497089268],[81.91368057469523,28.519101115111994],[81.91341172695037,28.518888549842682],[81.91306897436952,28.518769011503533],[81.91298206656555,28.518767322816142],[81.91259141905567,28.518873787601795],[81.91232856759022,28.519060589447193],[81.91195242097123,28.519514406763406],[81.9116191646138,28.519986104348785],[81.91146160204039,28.520307634370884],[81.91130622861533,28.520516256762864],[81.91113153663422,28.520628038010116],[81.91095759512592,28.520681113926624],[81.91076371032972,28.520639537320317],[81.91055232121064,28.520426535546868],[81.91042702705633,28.5201949665925],[81.91046204940332,28.5195087029036],[81.91075291510836,28.519014748500727],[81.91080594087833,28.518499909894597],[81.91079594455042,28.517926741610776],[81.91069459861734,28.517582139626576],[81.91070041710002,28.517295493369463],[81.91076863186561,28.517123568158972],[81.9108650503081,28.516610606270888],[81.91097041474363,28.515637259397614],[81.91090983173098,28.51542557091326],[81.9107629665673,28.515212132530497],[81.91055051481305,28.515019511105972],[81.91029448330774,28.514881280572887],[81.90977947889182,28.514717789765307],[81.90952106995503,28.514676587919514],[81.90911485787598,28.514458207380105],[81.90877686167103,28.5140722781882],[81.90775792768258,28.513174192063392],[81.90703278713903,28.512705109577766],[81.90632809018945,28.51231036156601],[81.90605155149818,28.512095608581443],[81.90579802257965,28.51180389497365],[81.90558844821048,28.511493864798386],[81.90544414846285,28.51112925639777],[81.90542701924589,28.510919506669882],[81.90507220718904,28.51028325419481],[81.9047757244412,28.50997147249017],[81.90441296609332,28.509755029710785],[81.90387632986292,28.50959385272434],[81.90322858704582,28.509582404786713],[81.90203751255841,28.509752817715945],[81.90095204013855,28.51002176133303],[81.90051887616313,28.51009008933106],[81.90010878544936,28.51008377078489],[81.89963535864277,28.509998929213676],[81.89926046277996,28.51037603599527],[81.89888913311952,28.510579342217014],[81.8987578950552,28.51069081091254],[81.89827176845031,28.511217585664745],[81.89763838747115,28.512679570856875],[81.89761318750752,28.512869313342176],[81.89761275007166,28.512889631627477],[81.8974267343016,28.51355432530103],[81.89733463367352,28.513839282723477],[81.89700262927023,28.514236395977097],[81.89678273152867,28.514440953923707],[81.8961715601519,28.514756415098503],[81.8952590896176,28.515026485643],[81.89460508990769,28.515342259187445],[81.89440945339865,28.515395397607637],[81.89399341880939,28.51567572620318],[81.89370561854025,28.516013884853578],[81.8932577530276,28.51682924482016],[81.89310281724353,28.517017548739183],[81.89279613732873,28.51724073600778],[81.8924685740119,28.517407656559275],[81.89200927310422,28.517704051154688],[81.89174585881157,28.517911109207795],[81.89150326504061,28.51815417813071],[81.89119220525498,28.51860762117714],[81.89090040090366,28.51915790464954],[81.89087776723687,28.51919641582114],[81.89049924219233,28.519763078028202],[81.89020837713275,28.520272725201604],[81.88969798918465,28.52095310671059],[81.8887931999018,28.521911378728507],[81.88826562059317,28.52238194953012],[81.88774079431573,28.52271485417525],[81.88747688040289,28.522939980437744],[81.88712730905429,28.523145411729345],[81.88684169835933,28.52336841175951],[81.88671121128645,28.52342567787404],[81.88586432837567,28.523679430522545],[81.8851492456983,28.523801459813782],[81.88495373334102,28.52387497921946],[81.88332611752614,28.524271454479372],[81.88248292552049,28.52435371970384],[81.88183155319807,28.52453395330908],[81.88131210770942,28.52460278128263],[81.87975489706267,28.524712172682097],[81.87910771705579,28.524702851135157],[81.87846253911383,28.52455805161961],[81.87818305954211,28.524514723683705],[81.87788163430504,28.524453452973823],[81.8768463090586,28.52439930159542],[81.87658658647774,28.5244324961133],[81.87654325748184,28.524450876272113],[81.87628340978392,28.5244661275337],[81.87670812697792,28.52483799164021],[81.87681285209848,28.52499072428403],[81.87695339771079,28.525529196173178],[81.87695494729232,28.526562750201954],[81.87685971790634,28.527021445979535],[81.87679231622013,28.527134791041238],[81.87669852591382,28.527534782411404],[81.87622245718946,28.52867523780571],[81.87619631934992,28.528905617530818],[81.87610465694317,28.5291905750274],[81.87581197638622,28.529797250254674],[81.87568910854394,28.530542780485543],[81.87568091190899,28.53094452267122],[81.87560969392042,28.531287997916973],[81.87549639772739,28.531573142737894],[81.87549414511726,28.53168817665408],[81.87538022397175,28.53197325922759],[81.87508854436786,28.53254154790187],[81.87495574251773,28.532711659179164],[81.87484332212678,28.53294041314475],[81.87448818285304,28.533414298366502],[81.87406219996465,28.53420908969758],[81.87388519327057,28.534438217562716],[81.87361602288124,28.534949927289407],[81.87354186361732,28.535408561062088],[81.87350358883923,28.536268563831154],[81.87350308832735,28.536286631125584],[81.87346662732837,28.537051917995555],[81.87352364321465,28.537455474842982],[81.87350862829169,28.538200317566613],[81.87325477195355,28.539018868468027],[81.87287900036063,28.539472622860796],[81.87248359773415,28.539793338020996],[81.87199835258579,28.539834845144863],[81.8718694285577,28.53984697220735],[81.87128708425053,28.53989360497724],[81.87094201654236,28.539965747797886],[81.8702535073857,28.53999499917622],[81.86982422234284,28.5399322890702],[81.8691370902372,28.539887081213966],[81.86733566988737,28.539463063711263],[81.86675657855065,28.539360714728996],[81.86666722895602,28.53960722394519],[81.86666710368112,28.53966592852173],[81.86649115827161,28.539949135003503],[81.86622536309883,28.540571440149524],[81.86597206269036,28.541938338464938],[81.86592485558518,28.542103386831446],[81.8658372562,28.542413101541246],[81.86576947720636,28.542639229592208],[81.86573914424824,28.543381884523235],[81.86566635897285,28.544009693746794],[81.86559933153858,28.54417936759076],[81.86545983171227,28.544920521198588],[81.8654516341019,28.54549375154541],[81.86537740975669,28.546178014360382],[81.86536764629089,28.546864090240025],[81.86538308505845,28.547263457509146],[81.8654805490595,28.548009802591732],[81.8656031518705,28.548467126088806],[81.86574263142394,28.54926955005413],[81.86605304780251,28.550188385540125],[81.86606730373748,28.550215455824446],[81.86636959666636,28.55076405777222],[81.86666620365864,28.55116836650702],[81.86728342578691,28.55186176452819],[81.86879697655982,28.55323318190732],[81.86915829423616,28.55365731046533],[81.86935061390166,28.553811857890953],[81.86952030010865,28.55400485327651],[81.86977489156313,28.554350707226483],[81.87043431620793,28.555120565363474],[81.871009712994,28.55562234347424],[81.87137347149351,28.55587504622271],[81.87188534545542,28.556338874884595],[81.87195755881675,28.55641739871832],[81.87199738643378,28.556441968734923],[81.8721913319224,28.556560318260562],[81.8723841544414,28.55662002461346],[81.87255446604213,28.55673624829895],[81.87272371453577,28.55694956241011],[81.87316925203858,28.557357436633247],[81.87321076600121,28.557436085587952],[81.8738060453597,28.557942240087456],[81.87389138985503,28.55798012677037],[81.8740603883837,28.558175372994697],[81.87485205562814,28.558549365684883],[81.87511046463435,28.55857256269684],[81.87536737233734,28.55865208886004],[81.87571250272794,28.55865665660092],[81.87725907849692,28.558985143439852],[81.87777614778713,28.558990838039268],[81.87803355658583,28.55905235875824],[81.87846240237683,28.559212034476538],[81.87856769022115,28.55934676241864],[81.87867297818846,28.559483741780813],[81.87881608883438,28.559945440896715],[81.87887379210036,28.560346746674533],[81.87910243409247,28.560868839767576],[81.87912193956366,28.560983810719282],[81.87956403554361,28.561583491916902],[81.87973196962874,28.5618735158827],[81.8800497720139,28.56220317881183],[81.88028129242161,28.562531151592896],[81.88065166807522,28.563571335824953],[81.8806914310309,28.563744824910753],[81.88071012299085,28.56391850136903],[81.88072837785407,28.564110182041194],[81.88067641388905,28.564627333577157],[81.88067259687035,28.56485533801004],[81.88056136474395,28.565083904164442],[81.88040236146333,28.56556110514148],[81.88020203197746,28.565903140731056],[81.88002608759356,28.56611195067256],[81.87984757827577,28.566474179970996],[81.87976004472499,28.566549200796],[81.8795797840338,28.567006208582875],[81.8795316994178,28.567293166746744],[81.87941902807614,28.56758043749285],[81.87926390419919,28.567827446017667],[81.8791537990809,28.56795904637271],[81.87889301194548,28.56810971260852],[81.87871437783352,28.568451623257754],[81.87845039975058,28.568755709989542],[81.87829790280377,28.568867304333704],[81.8779238194522,28.569302990277958],[81.87777076081078,28.56941683480377],[81.87671459765889,28.57068513434594],[81.87638352996296,28.57114088963241],[81.87618376269455,28.571482925146057],[81.87607109222597,28.571770258338095],[81.87590808370582,28.57245739624114],[81.87589813511174,28.57303287754037],[81.8759550256547,28.573492887452492],[81.87590074615517,28.574181526412897],[81.87578751250194,28.57448692808623],[81.87560850265918,28.574867224786384],[81.87533732850909,28.575611378233365],[81.87532900672258,28.5760718260423],[81.87523878298306,28.57630032914344],[81.87520857754556,28.576817293666267],[81.87516274487152,28.576989093374657],[81.87487056431758,28.577674791331955],[81.87453993446071,28.578110228147],[81.87442932811508,28.578262147056854],[81.87453693134321,28.578283966798477],[81.87488005925398,28.5783652440411],[81.87518148411853,28.578406196549544],[81.8756983645894,28.578452528346755],[81.8759571495894,28.578437276573617],[81.87655968798195,28.57850111340515],[81.87690356570808,28.57858239101225],[81.87741863248338,28.578723438045046],[81.87758932024556,28.578803588183778],[81.87776144796146,28.578824971119545],[81.87864114960766,28.57908561900167],[81.87883497228054,28.579106939807684],[81.87926344358122,28.579284683073713],[81.87971073226622,28.579579649157832],[81.87994375361366,28.579851231287797],[81.88008774056594,28.580254288610526],[81.88014700882418,28.58054268702689],[81.8802107819371,28.58060095447191],[81.88058860381314,28.58121913953464],[81.88071533627385,28.581394317308437],[81.88086395266826,28.581510665300918],[81.8809689272997,28.58168603024018],[81.8812446535654,28.58193698206788],[81.88143415859899,28.582208814025144],[81.88192077101121,28.582769795542],[81.88225689112568,28.583293452729926],[81.8827628843617,28.58395133847587],[81.8830969396668,28.584608159481846],[81.88326262082911,28.585010966510307],[81.88334208288175,28.585414398990103],[81.88356715857655,28.586108042290988],[81.88392034401126,28.58691809587175],[81.88419700745543,28.5871329744214],[81.88442940401653,28.587404493859566],[81.88502493361212,28.58791064812581],[81.88528108996704,28.588046690834247],[81.88573069379247,28.588226435500133],[81.88600992358941,28.58828783142095],[81.8863776872847,28.588233506197117],[81.88663609670209,28.588256640616525],[81.88698210208386,28.58820475437746],[81.88810371138379,28.588181571130935],[81.8884492795366,28.58814775211369],[81.8885359371926,28.588111054828623],[81.88870850239022,28.588112244547705],[81.8893144810238,28.587966020184773],[81.88965973639658,28.58797277599397],[81.89026496486343,28.587883067519257],[81.890695375567,28.587909580207274],[81.89086887924952,28.587872320453517],[81.891215698509,28.58776179148403],[81.89165086506739,28.587519662967047],[81.89286639054878,28.587037720852635],[81.89424022997422,28.58615535058902],[81.89476042752987,28.585989369544336],[81.89495462635358,28.585972304370014],[81.8956473882126,28.585809763553463],[81.89616583338643,28.585740936025893],[81.89780426135316,28.585761646069123],[81.89883952557224,28.58573671173718],[81.89909812287554,28.58577791387242],[81.8995293469405,28.58574572110007],[81.90013294921947,28.58577329767419],[81.90142793666737,28.5856947250032],[81.90212026055282,28.585550189271483],[81.90240067902634,28.585534750729842],[81.90291674669074,28.585637410567557],[81.90317346591065,28.585755322920495],[81.9036032514623,28.58585848206475],[81.90403410004411,28.58586461327238],[81.90489898988432,28.58572120510894],[81.9052470603143,28.585533841264013],[81.90602917074764,28.585199125727367],[81.90654849279406,28.58509184889115],[81.90680721477968,28.585076597191616],[81.90689443552864,28.585039900104956],[81.90749966272628,28.585029090308495],[81.9079326386804,28.584978767284493],[81.9092288759194,28.584979155370046],[81.90940244155502,28.584944084190088],[81.9095103574911,28.584927580527726],[81.90970561880897,28.58489238461482],[81.90988006014379,28.584818990168944],[81.9104869141848,28.584693084340586],[81.91100585935102,28.58468283572945],[81.9117814625112,28.58479043808285],[81.91212559022848,28.584891908912915],[81.91262033739122,28.58497437545814],[81.91316060279215,28.58498425885233],[81.91367979862655,28.584926558788226],[81.91406932040306,28.584883363074066],[81.91485293227676,28.584510198289152],[81.91511353077848,28.584418174246306],[81.91563291453015,28.584313148829605],[81.91623751707856,28.584302276661187],[81.91675389813176,28.584366487662795],[81.91778903665265,28.584400070686396],[81.91865311164621,28.58431749274006],[81.91891346054446,28.584263854126274],[81.91915092489174,28.584228346535628],[81.91928097431048,28.584191398927103],[81.91997404838855,28.58406930721933],[81.92023502342634,28.5839388965898],[81.92066912563044,28.58381186361365],[81.92127748238903,28.58357073699365],[81.92205840334691,28.583332987024658],[81.92318420361161,28.58314031671502],[81.92370139847517,28.58314582337938],[81.92387321225615,28.583205530342617],[81.92430474924261,28.583213911986203],[81.92508560750692,28.58297609992849],[81.92576161697004,28.58258336667392],[81.92674030242092,28.582156938458517],[81.92710850354139,28.582086733478203],[81.92715083176728,28.58210674013581],[81.92758405892832,28.58201796859413],[81.92801196697536,28.58219558758455],[81.92864164337256,28.581992721347426],[81.92918791586591,28.581600799151314],[81.92947678026957,28.581165548956484],[81.92969567736554,28.580976746539047],[81.93030478445651,28.58069723219897],[81.93074120223615,28.58045497811093],[81.93100180029039,28.580365267042406],[81.93132867565913,28.580177965520306],[81.93152331172624,28.580142831789285],[81.93178484950325,28.58001235870721],[81.93243615980141,28.57979123726073],[81.93247898754592,28.57979317627479],[81.93269438168701,28.579796178986953]]]}},{"type":"Feature","properties":{"province":"Karnali Province","district":"Surkhet","municipality":"Simta Rural Municipality","ward":"3","wardNumber":3,"sourceMunicipality":"Simta","sourceType":"Gaunpalika"},"geometry":{"type":"Polygon","coordinates":[[[82.02243258694955,28.63174410417319],[82.02241032893808,28.631690088209265],[82.02262341495863,28.631246271808468],[82.02271877063407,28.63059558213775],[82.0233989944467,28.628144244056145],[82.02392876307835,28.627517439609502],[82.02447109874812,28.626998792639604],[82.02527784591693,28.626451077277174],[82.02568481834398,28.62588835369798],[82.02585113584416,28.625435784290755],[82.02585045706523,28.624713697507712],[82.02571434938938,28.624263376642006],[82.0254088015763,28.623877572921646],[82.0251820935365,28.623707770875377],[82.02472074262629,28.62281756765334],[82.02438280896443,28.62232373212688],[82.02366342257751,28.621589010174983],[82.02219913160215,28.620796638091154],[82.02119650479487,28.620795253264802],[82.02050480709431,28.620872706827722],[82.01955257192428,28.621051375736275],[82.0178912514154,28.6216957367371],[82.01727188961719,28.622052397588345],[82.01683853742205,28.6222000622263],[82.01603016960439,28.62231446345987],[82.01546764226023,28.622598540881732],[82.014026526165,28.623539053336067],[82.0129793174659,28.62375448163932],[82.01182750854433,28.623862439888413],[82.0107214049496,28.62387068247315],[82.00966657410075,28.623625787268256],[82.00716294418505,28.623725668372074],[82.00624991408695,28.623669330514026],[82.0054863792238,28.623467451805247],[82.00501382966495,28.623254259071047],[82.00343893723537,28.62225495122753],[82.0030699266614,28.62196886392487],[82.00292031157241,28.62169915775429],[82.00287492318995,28.621365497226236],[82.00320256555418,28.619846617031698],[82.00358215292682,28.619220999290448],[82.00373584692181,28.618299104969037],[82.00418027574794,28.617375088377443],[82.0043334065714,28.61647132442234],[82.0045786285565,28.61603626169408],[82.00468154766111,28.615629268675534],[82.00519637540816,28.614840166396586],[82.00570708331911,28.613552293300504],[82.0057633561868,28.61340975240623],[82.00670504257613,28.61180504005929],[82.0069109427704,28.610936974536806],[82.00713634630736,28.61043883070097],[82.00794222453123,28.609403784370947],[82.00889790682645,28.6085210970094],[82.00932351275101,28.607831898543633],[82.01012765095214,28.60588520989388],[82.01043677751014,28.60498926265344],[82.01048067531586,28.604501494601465],[82.01038920947332,28.604023791387203],[82.01019451824898,28.603456559971864],[82.00981169462082,28.602800426530955],[82.00922098285722,28.602001498662254],[82.00891668380565,28.601732979818486],[82.00836591715698,28.60149334137643],[82.00702511069358,28.600736106450327],[82.00484243344124,28.59923583293648],[82.00374827794278,28.598729424018494],[82.00345023018465,28.598636893724468],[82.00298974625605,28.598491347160266],[82.00191566215388,28.59793961199835],[82.0015401517947,28.597445963506466],[82.00061287509479,28.59665841149352],[81.99972530403267,28.59568111603717],[81.99958212928229,28.59534820408599],[81.99961271218625,28.59459879717439],[81.9992632082654,28.594411738639423],[81.99704451230681,28.593405922870705],[81.99701875287259,28.59338347825028],[81.9965942859563,28.592975917035606],[81.996278297374,28.592551727604963],[81.9958766513817,28.592128161694998],[81.9955944233233,28.59189327741977],[81.99543148914806,28.591759111570315],[81.99498376118315,28.591523162783606],[81.99445018868958,28.5912675825118],[81.99376499615502,28.591069517766332],[81.99333546041288,28.59100499538017],[81.99290454860514,28.59100136466045],[81.99230244845934,28.590935839674785],[81.99169915897573,28.59094708698799],[81.99118046243066,28.591054614150114],[81.99023160523446,28.59109767997931],[81.98937259719892,28.590973072348632],[81.98894174741908,28.590967191913037],[81.98773817179281,28.590836016931398],[81.98696313121013,28.590807813806308],[81.98601690211174,28.590717715481315],[81.98549808071976,28.590807237015973],[81.985153451353,28.590802982303117],[81.98472091233401,28.59089187911616],[81.98429000059197,28.59088593605257],[81.98334533525968,28.59075970269528],[81.98231188494364,28.590708489710828],[81.98171116105145,28.59058651031683],[81.98084958719998,28.59059275443731],[81.9806778973582,28.590553366098796],[81.97998870137414,28.59054254370318],[81.97964601084914,28.59046376769483],[81.97947338382662,28.59046051432596],[81.97861487527956,28.590315526501243],[81.97827030892243,28.59031127151676],[81.97775236362382,28.590362406786845],[81.97749226516434,28.59043423751264],[81.9771481355062,28.590409602105485],[81.9762843725309,28.590533193252483],[81.97576717817148,28.59052562276838],[81.9740482848506,28.59031241873893],[81.97379075147026,28.590251023555],[81.97250933926057,28.58971860460687],[81.971823270635,28.589558801350865],[81.97113388680953,28.5895299107713],[81.97087491436425,28.589583674434508],[81.97057098632592,28.589694141825007],[81.97033045615643,28.589880944252997],[81.97004903680367,28.589934831809195],[81.97000670904036,28.58991482554981],[81.96983577147998,28.589816795209888],[81.96966777275868,28.589623924779794],[81.96960750269857,28.58939416886096],[81.96961888917569,28.58882312656517],[81.96955912010489,28.588573052758115],[81.96945426956297,28.588438449645842],[81.96936892521248,28.58840062479331],[81.96917685504404,28.588302719792825],[81.96891913321892,28.588279772396703],[81.96872393390166,28.58833309912139],[81.96846033189594,28.588578668270515],[81.96817741169707,28.588745402343115],[81.9676564006275,28.58895001996265],[81.96687353879301,28.589318932528254],[81.966354217606,28.589428709968136],[81.96583839977556,28.589362373595822],[81.9655610470247,28.58922670593951],[81.96539292466662,28.589013516859474],[81.96525218991614,28.58851580631348],[81.96512476824094,28.588419777022256],[81.96486836011377,28.588340251442247],[81.96443701090719,28.588352312815296],[81.96426413314167,28.588389634734003],[81.96356880563233,28.588683527024052],[81.96339405076452,28.588797621404932],[81.96287535449088,28.58890508554178],[81.96198445292636,28.589274747468718],[81.96155279046292,28.589325195655903],[81.96086409449309,28.58929624341572],[81.9602641841132,28.589117685087356],[81.9595781158443,28.588955568127524],[81.95897570192166,28.588928241642876],[81.95820135014934,28.588823141126266],[81.95785734624025,28.588742051162146],[81.95759793674607,28.588757427906],[81.956995149379,28.5886150055765],[81.95664951959587,28.588631006865647],[81.95634540409974,28.588721155328155],[81.95625774479656,28.588778233209098],[81.95608417942138,28.58881330431487],[81.95573898690927,28.588808925014348],[81.9555803029233,28.588791918771687],[81.95552334404148,28.588785666271356],[81.95536222178411,28.58871233085136],[81.95535196852404,28.588707891718233],[81.95498902193674,28.58851183033078],[81.95456355394039,28.588180854203156],[81.95411939286089,28.587696519959135],[81.95318254905015,28.58701262322189],[81.95288556587313,28.586759670599402],[81.95239507299199,28.586447198940526],[81.95211703338127,28.58630921832002],[81.95128629076703,28.58576217455249],[81.95098793050441,28.585565677081178],[81.95085950791551,28.585505720277208],[81.95043128673963,28.585366488279693],[81.94985319773374,28.58512684906669],[81.94953070195399,28.585083958729953],[81.94877867085987,28.584976420136996],[81.94826366595387,28.58485362894468],[81.94766388111206,28.58461636543845],[81.94731994093627,28.584535275672902],[81.94637158535862,28.5844832512061],[81.9461998955703,28.584441550346995],[81.94568808256928,28.58410888504836],[81.94508879823722,28.583853554311666],[81.94465951386567,28.583732452356294],[81.94362744127028,28.583545574473295],[81.94328293661458,28.583541195226424],[81.94293849513642,28.583478110088453],[81.94242374160476,28.583316995999674],[81.9423375218512,28.583317557287902],[81.9417377373849,28.58307804382324],[81.9413942336899,28.58297888584678],[81.94113676331426,28.582917490333603],[81.94027606617115,28.582808387371358],[81.93993212523327,28.58272723591118],[81.93787805322147,28.581818511144114],[81.93766341058448,28.581759053737784],[81.93742701018624,28.58169753372471],[81.93710495208701,28.581636575341086],[81.93716741139195,28.581751234360233],[81.93716641045398,28.581789558361084],[81.93722292636762,28.58224956886971],[81.93742468047263,28.583017671123976],[81.93746068836316,28.58340103446997],[81.93756122149794,28.583784022610715],[81.93812991085373,28.585705029451514],[81.93833604443186,28.58624293889626],[81.93854461756678,28.586627366767654],[81.93866603291839,28.587050804492737],[81.938747685501,28.587318759186708],[81.93891030155498,28.58785698080407],[81.9389202360582,28.58846847336037],[81.93869364264516,28.58907708734732],[81.93861723094714,28.589686890477342],[81.93845641430818,28.590220607603513],[81.93845084567243,28.5905275731031],[81.93838162865796,28.590794337550363],[81.93837681164493,28.591042598679724],[81.9384183887027,28.591118996155867],[81.93841669905883,28.591213836161817],[81.9387289967893,28.591829958184817],[81.93878132747713,28.591892789491453],[81.93898233784277,28.59213961340312],[81.93908368361589,28.59246614769972],[81.93910043717554,28.59269621606622],[81.93901115205996,28.592868327489864],[81.9389838250084,28.593173229941605],[81.93901808249997,28.593633302234807],[81.9391388715639,28.594074808122762],[81.9392432216803,28.594229792476405],[81.93937133170252,28.59432588388718],[81.93954145643214,28.594424039712003],[81.93988458347228,28.594543515726322],[81.94059585039105,28.594592724406976],[81.94085557385499,28.594539023864616],[81.94182650073567,28.59453234383169],[81.9426210474212,28.594736599239507],[81.94266400014838,28.59475435472666],[81.94317687745492,28.594992242435485],[81.94388551687291,28.595174615449363],[81.94453113294709,28.595240077810242],[81.94478929165504,28.595301473837715],[81.94517518586052,28.595422888314555],[81.94530310786843,28.595500974566388],[81.9454960538963,28.59556055634745],[81.94594409473754,28.595834954289312],[81.94670199852185,28.596235891533045],[81.94679834743242,28.59628715808897],[81.9482912089899,28.597168055617693],[81.9487166158354,28.59748102672831],[81.94937504316378,28.59804507369067],[81.94969015634008,28.59846938906081],[81.94994431153738,28.598720339656715],[81.95004928640104,28.598875323957564],[81.95111342632529,28.59963511950855],[81.9516911400029,28.599890575927162],[81.95194879899886,28.59997003848477],[81.95207672034442,28.600048125877684],[81.95246311428234,28.60014922171319],[81.95284831981435,28.600327027727246],[81.95323471317207,28.600425872579407],[81.95361891815267,28.600642064791014],[81.95406864734039,28.600819371229534],[81.95445291379917,28.601035563907306],[81.9548402458462,28.601098272902128],[81.95536175200071,28.60129096019343],[81.95548298442777,28.601335286133907],[81.95638507140404,28.601482338519837],[81.95689951342926,28.601602816524128],[81.95728665857868,28.601647458373897],[81.95786612535574,28.601749430923032],[81.95806432387901,28.601752496215745],[81.95814616758702,28.60175418515164],[81.95853243703898,28.60183496312269],[81.95975952277934,28.60187142321129],[81.9600838320927,28.60181722311579],[81.96053650267848,28.601823041125563],[81.96099017354526,28.60173408218743],[81.9613780702985,28.601720019306182],[81.96170238008177,28.601668069544534],[81.96221963626002,28.60167338909119],[81.96306220495724,28.601532043108353],[81.96345028805588,28.60153836098703],[81.96377134501861,28.60161951268135],[81.9639205250204,28.601715480201886],[81.96398454964665,28.601735361854992],[81.96404844757981,28.601793566600826],[81.96413028828087,28.602005067145054],[81.96414772877117,28.602235134523905],[81.9638630427084,28.603606972427222],[81.96374904470676,28.60505883454671],[81.96375910310532,28.6056703265097],[81.96368838454606,28.605975415910113],[81.96367856251722,28.606510322250276],[81.96364917140092,28.606930320876103],[81.96357932911455,28.607197085654956],[81.9635545675252,28.607348441987025],[81.96335298657016,28.607747057840463],[81.96310782703819,28.608202376234278],[81.96298802383667,28.608812553740282],[81.96302070238924,28.610495736055803],[81.9629961145129,28.6117934920693],[81.96294590348707,28.612175227983297],[81.96276157689968,28.612783592262662],[81.96244563608177,28.61354406276821],[81.96232896110016,28.61400300846608],[81.96222666262263,28.614840941479244],[81.96220645387986,28.615910754455022],[81.96213623629744,28.616215906617892],[81.96188732296001,28.61682470747056],[81.9618215466466,28.616899666151863],[81.96168618006864,28.61720300445142],[81.9615943296292,28.61750828057487],[81.96156218547455,28.618043374458658],[81.96159950780944,28.618350027377456],[81.96172192445712,28.618732765912732],[81.96155497651837,28.619571135774937],[81.9615589039103,28.620489592766],[81.96164093167441,28.620719160310582],[81.96165774734042,28.620949227914966],[81.9616062844506,28.621407737022142],[81.96126670983212,28.622242854041858],[81.96115403817547,28.622509931130864],[81.9610648156652,28.622679792701714],[81.96093069977758,28.622906421112802],[81.96086223424778,28.623116794643465],[81.9608839916562,28.62311660733449],[81.96094857877964,28.623118420184163],[81.9612069263728,28.623121111332868],[81.96146671178458,28.62306728516379],[81.96237280293116,28.623002212493997],[81.96282772554578,28.622895186024632],[81.96308651012725,28.6228798714206],[81.96347528262059,28.622807103366437],[81.9639747229752,28.622604987222935],[81.96417129851838,28.62249301876632],[81.964600896578,28.622555353356194],[81.96502530191273,28.622886329927987],[81.96521568340238,28.62307901291661],[81.96542263063168,28.623540150087912],[81.96548596521193,28.623618673986137],[81.96556799321955,28.62384830442706],[81.96600890060773,28.624578460918716],[81.9662421099158,28.624829661602284],[81.9663266408695,28.62492606587771],[81.96643380516984,28.624965890996112],[81.96714144347558,28.62522266076582],[81.96772190990127,28.62534488996627],[81.96830162512113,28.625523510457437],[81.96851514150826,28.62565961447107],[81.96898769228986,28.6258006610356],[81.96937177092768,28.626052926220428],[81.96981705753007,28.626498811605973],[81.97051193151884,28.627518367030923],[81.97172249814223,28.628640208631317],[81.97223474890205,28.62899094121221],[81.97270517171918,28.629244707687377],[81.97283359502804,28.629302475453066],[81.97328394930764,28.629461714447004],[81.97457324260503,28.62982251990712],[81.97496019925177,28.629903235279738],[81.97541318214108,28.62992705914749],[81.97592906172022,28.63004747438892],[81.97644706895748,28.630054981988838],[81.9766417670992,28.630019723208875],[81.97761325715577,28.630030798057557],[81.97812957532341,28.630133083649294],[81.97864745791072,28.630120334186067],[81.97981189483582,28.63019092931917],[81.9807790679061,28.63043213400452],[81.98142480914973,28.630556051981337],[81.98181345561963,28.63054198871067],[81.98220285297467,28.630469158702084],[81.98291574568012,28.630459475449264],[81.98388917618385,28.630337323511327],[81.98505317512495,28.63042817362579],[81.98557243355111,28.63035890905578],[81.98576756964341,28.630303331737835],[81.9862208026949,28.63029101988277],[81.9866754744197,28.630220003323853],[81.98686942206784,28.63024113651204],[81.98719442052807,28.630186873636024],[81.98777701443417,28.630193943649513],[81.9884230054641,28.63027947538685],[81.98900353471194,28.630401578980468],[81.98951866430568,28.630578385981543],[81.98983984551792,28.630736248041778],[81.99022592691789,28.630855286657667],[81.99113064043442,28.630979519029626],[81.99151884881798,28.630985712499747],[81.99190649297987,28.631066364906037],[81.99235691107455,28.631225540787867],[81.99287041346155,28.631497124937315],[81.99340598649859,28.63173463768416],[81.99347000980134,28.631754456497262],[81.99400695957956,28.631931076064653],[81.99430794742914,28.631973966544862],[81.99489029053963,28.632019360334343],[81.99553872340964,28.631951409556702],[81.99584121192213,28.6319536625696],[81.99612313150232,28.6318816442515],[81.99631695405391,28.631884709108235],[81.9970437904076,28.631863584930045],[81.99760337076529,28.632272397763714],[81.99852933835837,28.632680839455627],[82.00108679080958,28.63343821078362],[82.00186351893065,28.63354981396494],[82.00197368557293,28.63357157117907],[82.00317057007656,28.63381765492461],[82.00364993619314,28.633924690726946],[82.0046755051111,28.63424204399663],[82.00656471478982,28.634331837801064],[82.00872146286214,28.634308976467924],[82.01154177177398,28.634461673437908],[82.01361285929086,28.63477566013465],[82.01487758446297,28.634754916263052],[82.01534751424073,28.63454610935793],[82.01567151491645,28.63426152875267],[82.01594381062245,28.633781078052543],[82.01602690658727,28.633572830281384],[82.01622104747673,28.633090690482177],[82.01675681952126,28.632481891846115],[82.01729421243185,28.632179996001927],[82.01795977663411,28.63203058312595],[82.01846434364982,28.631837218820998],[82.01891701758169,28.631562954617287],[82.01944690561015,28.63147781016844],[82.02077396583074,28.631558033659747],[82.02197060109118,28.631711464633764],[82.02243258694955,28.63174410417319]]]}},{"type":"Feature","properties":{"province":"Karnali Province","district":"Surkhet","municipality":"Simta Rural Municipality","ward":"5","wardNumber":5,"sourceMunicipality":"Simta","sourceType":"Gaunpalika"},"geometry":{"type":"Polygon","coordinates":[[[81.97878541080578,28.56231593543421],[81.9787660923994,28.56216257737078],[81.9787539706326,28.56160978971354],[81.97871264384834,28.561495006213683],[81.978676322759,28.56109357539923],[81.97888716389636,28.560123980380567],[81.9788783570918,28.559379324205384],[81.97865290627948,28.558631726988743],[81.97846434016934,28.55828562384743],[81.97825764331587,28.557768032957515],[81.97817861999384,28.557310522740607],[81.97818581441143,28.55690878003688],[81.97838946114899,28.55634086475136],[81.97867838803894,28.55586710356537],[81.9788580853412,28.555468676175757],[81.97892842766281,28.555127389066012],[81.97898339481462,28.554441000097196],[81.97920592055574,28.55404219842067],[81.97951472900819,28.55364727309369],[81.9796480948306,28.55341839399082],[81.97993458051123,28.553098178394766],[81.98008964169416,28.552871363055054],[81.98092296418206,28.552120650348062],[81.98162949095041,28.551212828823235],[81.98171702474608,28.55113774435794],[81.98202914927553,28.55055101315406],[81.98211993680809,28.55021410274072],[81.98226018357764,28.549696327015443],[81.98228694748607,28.54941186903226],[81.98240105609027,28.5491085936553],[81.98240468555555,28.54888058864941],[81.98247415214936,28.548652210271978],[81.98254887467453,28.548101049219273],[81.9827523947304,28.547589525634933],[81.98282261158559,28.547304692735164],[81.98290571840515,28.54627732949675],[81.9832458568609,28.54540601467577],[81.98337853347878,28.545238092051285],[81.98392862186769,28.54469249894983],[81.98481302991173,28.543541920104854],[81.98509801485697,28.543336737318544],[81.98569049403707,28.54281108866743],[81.98608871215721,28.542284688228698],[81.98633405910418,28.541867693452964],[81.9864250337128,28.541621058915034],[81.9864519852574,28.54129815198102],[81.98652176509096,28.54103363735939],[81.98648488041292,28.540708917340385],[81.9865076399375,28.54061401401262],[81.98605421933124,28.5406263260556],[81.98553683871845,28.54058262090288],[81.98527955584007,28.54046495912243],[81.98441998608742,28.54024326051942],[81.98390185417512,28.54023575375574],[81.9836450090186,28.540099960993096],[81.98332526654801,28.539867577077995],[81.9828972965202,28.53967207869148],[81.98255298003677,28.53960911899629],[81.98229357095859,28.539606490716373],[81.98194975538885,28.539525526125814],[81.98160756592414,28.539349721659455],[81.98134997062374,28.539270320332623],[81.98083296472907,28.539186040403997],[81.98031902483748,28.538950591974675],[81.9799118735039,28.5387932916321],[81.97971873955801,28.538715704537566],[81.97954705158084,28.53865599830153],[81.97911557712173,28.53863204879188],[81.97868485370762,28.53854939574755],[81.97800047629481,28.538197786337005],[81.97731309541895,28.537997407687335],[81.9767138744243,28.537724134513855],[81.97619805758237,28.53756301990768],[81.9759388975644,28.53758077296427],[81.97524500980907,28.537723432416374],[81.9745573795291,28.53756137898067],[81.97403987352641,28.537497354681634],[81.97308807769365,28.537580932881855],[81.9725712593326,28.537516971015652],[81.97162797190738,28.537142352496613],[81.97147866707154,28.537026066506563],[81.97130954418373,28.536833196455945],[81.97041308970782,28.536268647052793],[81.97022176996602,28.53609403078159],[81.96996511221796,28.535976243711243],[81.96977210365127,28.5358986564653],[81.96960079005339,28.53581863160932],[81.96882549913975,28.535788053041202],[81.96856552608206,28.535859883499235],[81.96796042265859,28.535925146955726],[81.96770088717861,28.535978910156665],[81.96726653476867,28.536124136016316],[81.96683349587475,28.5362130331438],[81.96622889398007,28.53626016640739],[81.96518918818536,28.53651129274113],[81.96492777570961,28.53663951541822],[81.96451217814648,28.5369584169742],[81.96359013463622,28.537781899746914],[81.96301241337686,28.538119993753217],[81.96289167949504,28.53819082525645],[81.96238986183505,28.53850803845732],[81.96169278407321,28.538858259650617],[81.96125811785858,28.539044122462354],[81.96084327178357,28.539304320157488],[81.96023554113516,28.53950274710434],[81.95980344129194,28.53955319524061],[81.95936996386592,28.539660034856293],[81.95850757770641,28.539666153930067],[81.95781569266491,28.539750046277746],[81.95643054333974,28.540032866340187],[81.95590934647235,28.540196784343667],[81.95539021204911,28.540301934523374],[81.95536213881819,28.540304435119143],[81.9545268247734,28.540344126360147],[81.95340646772851,28.54030691706237],[81.95297342880303,28.540395688513478],[81.95228310649904,28.540441195603858],[81.95150381213367,28.540600109710347],[81.95089420501505,28.54087518443981],[81.95052575266489,28.54096577003816],[81.95017774563819,28.541130689930938],[81.94991802196571,28.541164072032192],[81.94954925733781,28.541293043909373],[81.94937544124097,28.54136650109089],[81.94928734415429,28.541441584605657],[81.94867429634145,28.54190846624973],[81.9482576976711,28.542263441371077],[81.94788255127638,28.542676808938076],[81.94721728941025,28.54366084086664],[81.94703483958354,28.544192432918344],[81.9467267195579,28.544530841474355],[81.94626466498126,28.545021481026687],[81.94623684161304,28.545053302325407],[81.94619888921332,28.545096440338426],[81.94565954715657,28.546233018007168],[81.94551435727082,28.547071263055898],[81.94523817966544,28.54798490350294],[81.94503710010187,28.548363199743523],[81.94490492342759,28.548515305711213],[81.94450520349348,28.54911829140646],[81.94437221338389,28.549326914084034],[81.94408578899748,28.54966738548575],[81.94373927647368,28.55021366760878],[81.94361954159841,28.55040403456906],[81.94320250516596,28.550853787555397],[81.94241876719411,28.551319604523037],[81.94198560224054,28.55146476805527],[81.94103067655102,28.551868564271395],[81.93999434833289,28.552022474031933],[81.93947777981612,28.551994461459515],[81.9391307095845,28.55212330786947],[81.93878495399305,28.552193387766707],[81.93861120090439,28.55226672007937],[81.93826300446896,28.552490282382458],[81.93756892762876,28.552765981104464],[81.93722060717988,28.552969162932104],[81.93695800581641,28.5531944138287],[81.9360901756401,28.553541131497767],[81.93591604631771,28.553652912926754],[81.93556910108059,28.55379976494126],[81.93504402327171,28.55425020437037],[81.93477647945103,28.554780107453155],[81.93456976737282,28.555539765846845],[81.93438956861648,28.55597432955419],[81.93394939638263,28.556500854786478],[81.93370955461917,28.556687594804362],[81.93338336686331,28.556872645398],[81.93312301778808,28.55698273758971],[81.93294951442294,28.55702005944798],[81.93277588612428,28.557111522513413],[81.93234290928378,28.557218299319906],[81.93195394949137,28.55730894719877],[81.93178057193101,28.557362022961808],[81.9316938508177,28.55738071554017],[81.93143343955626,28.55749080793386],[81.93134590582501,28.55756589177265],[81.9306432622474,28.55795887495674],[81.93051927696776,28.55802745599148],[81.93045393928772,28.558084284833587],[81.9299322402178,28.558342855839292],[81.92958617139853,28.558451321498783],[81.92906741305278,28.55853834182746],[81.92841754102916,28.558757212654378],[81.9282868029658,28.558850613338727],[81.9281544396553,28.55900046869325],[81.92802163678328,28.559227033495112],[81.92797567985994,28.559378577498304],[81.92801381554202,28.559646844135774],[81.92796973603252,28.559721615640886],[81.92768593880139,28.559926673253656],[81.92725521454676,28.559938609963268],[81.92716930779116,28.55989859710443],[81.92688926555712,28.55989378104201],[81.92662866524819,28.560042196438236],[81.92649561338278,28.560250757045868],[81.92619692476624,28.56131344014561],[81.9260851922215,28.561542131956667],[81.92575506354349,28.561937056329466],[81.9247711220741,28.56268620447231],[81.92459730636989,28.562759598897138],[81.92402990027863,28.563133578208216],[81.92394311823078,28.56315220780543],[81.92333132015227,28.563564822806857],[81.92306871899174,28.5637900110572],[81.9224498517598,28.564563794609498],[81.92224301479045,28.56524893127189],[81.92214296835452,28.566012404740945],[81.92213295699351,28.566547311262056],[81.92225393418461,28.567009135444508],[81.9222482407695,28.567313787426862],[81.92232326108117,28.567927093443245],[81.92248393904333,28.568542087884047],[81.9227315237469,28.569156457765725],[81.92289282723767,28.569771390057852],[81.92290457414003,28.570306234942976],[81.92298078408115,28.57084276782322],[81.92328738758437,28.571765917096762],[81.92364188706274,28.572402169773973],[81.92410680498895,28.57294283296947],[81.92436158572518,28.573137455582543],[81.92497949954955,28.57356652464113],[81.92589915267696,28.574000285907427],[81.92621851987406,28.574196659659837],[81.92653682325836,28.57448781064486],[81.92693796758925,28.574972581775615],[81.92721506931538,28.575148948550233],[81.92755331679491,28.575534815151354],[81.9278501749528,28.575787830182744],[81.92844945933075,28.576063479094312],[81.9286618498035,28.576219964658495],[81.92885366899985,28.576376637877548],[81.92935922582726,28.577032147364417],[81.92959324954339,28.57718850845408],[81.92972035839436,28.577325299942874],[81.93025317908301,28.577657840452385],[81.93095405910626,28.57828040462086],[81.93129086797072,28.578704595159437],[81.93171758734903,28.578979242611478],[81.93184638551527,28.579018942661733],[81.93216500162352,28.57927177040318],[81.93269438168701,28.579796178986953],[81.9327378973271,28.57979592920449],[81.93288795289098,28.579855823175823],[81.93327472254407,28.579936663932482],[81.9337026309633,28.580116470540315],[81.9340443817025,28.58031271902898],[81.93453393582108,28.58066363977796],[81.93523950966627,28.58101756261818],[81.93592582751226,28.581218190677184],[81.93605587638451,28.581181181465823],[81.93614509994396,28.581011319440105],[81.9363276746317,28.580477477534057],[81.93641708545769,28.580325683618092],[81.93662073080866,28.579793967155933],[81.9371031824648,28.578195127933693],[81.93779852464205,28.576752773609943],[81.93839901260044,28.575785058267787],[81.93883949628878,28.57529454314016],[81.93945248369765,28.574732947196765],[81.93991885679871,28.57391952569543],[81.9402483601482,28.57352460067172],[81.9409918971409,28.57290786384949],[81.94166653013063,28.57251731839267],[81.94234329132028,28.572013864631682],[81.94353655816595,28.571518106092924],[81.94421069067185,28.57114781615104],[81.94473151379054,28.570927569143873],[81.9449721070076,28.57074082990794],[81.94523295621876,28.570612669643552],[81.94606039864135,28.57009233732145],[81.9464311043944,28.5698121960479],[81.9467787359886,28.569665343588916],[81.94719295823582,28.56938489059293],[81.9474553100975,28.569141572382957],[81.9476540753806,28.568858115859538],[81.94820328961812,28.56823818939521],[81.94909919782013,28.56750979635112],[81.94925163049902,28.567416208459164],[81.94968955034106,28.567002403814538],[81.94992914208595,28.56685404976176],[81.950276774542,28.56670719768375],[81.95053787458177,28.5665405889],[81.95108533710835,28.56601550210763],[81.95150381323721,28.565507044816147],[81.9515469543065,28.56547065910025],[81.95163630317491,28.56531880303142],[81.95161585839068,28.565242218220398],[81.95166569494276,28.56482215780994],[81.9518071943407,28.564139646025847],[81.95181088589521,28.563909391335567],[81.95190304970448,28.56356804220479],[81.95203579028895,28.563341414522434],[81.95208174685267,28.5631898702656],[81.95217265878034,28.562922979973195],[81.95241756985355,28.562451906668134],[81.95246258747879,28.56233643603222],[81.95265459662559,28.562436654956723],[81.9528899961053,28.56253431042392],[81.95310463827059,28.56259595638573],[81.9538518514944,28.562969885490002],[81.95408556229341,28.563164507046245],[81.95468215602655,28.563555252905054],[81.95487310004964,28.563750249831443],[81.95536202977,28.564107859063203],[81.95572484965207,28.564373816126643],[81.95608679503678,28.564682722682456],[81.95687739768982,28.565189378668887],[81.95694198399431,28.565191192160828],[81.95754170603945,28.565502915269605],[81.9576062927464,28.565504666190698],[81.95805620885234,28.56572042105747],[81.95831430469853,28.565781753983522],[81.95876759953583,28.565805640231165],[81.95896167214312,28.565847154443706],[81.95915624565386,28.56581195886017],[81.96006364925053,28.565805465436842],[81.96096936302725,28.565893812679846],[81.96200562697659,28.565927145382016],[81.96296042630806,28.565651823909388],[81.96350851305523,28.565203322563136],[81.96376948729132,28.56509091686398],[81.9642302906754,28.56467692476696],[81.96447006957561,28.564546576442158],[81.96464645098177,28.564340017886916],[81.96478106817312,28.564036617310563],[81.96524387352908,28.563489461112752],[81.96546233239431,28.56334123203917],[81.96559300622397,28.563304160165128],[81.96572205485555,28.563305537052717],[81.96598284153754,28.563233705309756],[81.9663068383605,28.563235897236545],[81.96643569836958,28.56327784832189],[81.96695401773367,28.56328316714239],[81.96747089935643,28.56334719073953],[81.9681845420978,28.56331950180278],[81.9684638962545,28.563398715432385],[81.9686347714958,28.563496870770987],[81.96882803025996,28.56359477675478],[81.96904311061826,28.563636103366814],[81.96915115084644,28.563637605068628],[81.9693237160144,28.563638606720072],[81.96966990907127,28.563624856194398],[81.97025281468953,28.56363198877799],[81.97074774940246,28.56373446118366],[81.97104980000364,28.56377741422417],[81.97148165005828,28.563763102110656],[81.97226344667266,28.56350697205804],[81.97321761995178,28.563310547862297],[81.97360908190542,28.5631429403511],[81.97393220238322,28.563185831281732],[81.97438749948299,28.563076490623153],[81.97484173277589,28.56306417909169],[81.97549135312607,28.562957966388286],[81.97633492075816,28.562893268727112],[81.97672563098857,28.562784302450837],[81.97724757974807,28.562561679752577],[81.97783261365758,28.56245590432383],[81.97794109232771,28.56243708724268],[81.97828747315526,28.562366882799108],[81.97878541080578,28.56231593543421]]]}},{"type":"Feature","properties":{"province":"Karnali Province","district":"Surkhet","municipality":"Simta Rural Municipality","ward":"4","wardNumber":4,"sourceMunicipality":"Simta","sourceType":"Gaunpalika"},"geometry":{"type":"Polygon","coordinates":[[[82.00027003681494,28.593404640195544],[82.00029629731102,28.59333899676096],[82.00067632345541,28.592632167760108],[82.0009864448761,28.59224168117195],[82.00115001085224,28.591895206275833],[82.00132733236057,28.591517034352528],[82.0021499246149,28.588748854145333],[82.00192104243797,28.587396580386873],[82.0016867122958,28.586748388306738],[82.001543662383,28.586496687654385],[82.00105267114668,28.586010603061865],[82.00094744524469,28.58590532045128],[82.00011926489654,28.585451117464647],[81.99784754426727,28.58477277106336],[81.99704461639985,28.584896049698944],[81.99690068654058,28.58494893871442],[81.99653623776905,28.58486822409082],[81.99627958063742,28.584768568077976],[81.99516966967525,28.584257656819133],[81.99472313114701,28.583947249504924],[81.9945968347561,28.58383083895024],[81.99432361154426,28.583465041305214],[81.99422182677525,28.5831768937012],[81.99425127998634,28.582777276757806],[81.99434482003241,28.582397478197027],[81.99443448118424,28.58220723554972],[81.99450601254497,28.5818659489088],[81.99451514677496,28.581407876949193],[81.99445687903037,28.581062962935952],[81.99412544990376,28.58041095532665],[81.99345070506624,28.57967798377618],[81.99324081788119,28.57938839680973],[81.99309695533742,28.579041981745753],[81.99295872319706,28.578411107525824],[81.99309765658768,28.577897833610326],[81.99325553290296,28.577558172840284],[81.99340928022615,28.5773878117383],[81.9936545648184,28.576970754178046],[81.99396406066569,28.576573577772074],[81.99424960903278,28.576291684936976],[81.99449214164689,28.57598972400894],[81.9945602942087,28.575819986971577],[81.99482596104356,28.575461509935316],[81.99537492361704,28.574913666402264],[81.9954236301966,28.574859088619704],[81.99535529326496,28.574798695045168],[81.9952287467698,28.574664154378546],[81.99478245840882,28.574371876515997],[81.99461170721847,28.574294102769674],[81.99418323527196,28.57419344403367],[81.99323544150126,28.574200436620643],[81.9930408684576,28.574235695419166],[81.99269323605174,28.574382672782416],[81.99234647959052,28.574473195893233],[81.99208750637929,28.574527021758243],[81.99174250141363,28.57454314807517],[81.99079777328761,28.574396470650655],[81.99002592325026,28.574214847655885],[81.98985517268105,28.574134885064257],[81.98968304553814,28.574113564639152],[81.98908432287354,28.573917126427347],[81.98865741567447,28.57371937711325],[81.98838125147186,28.573506999361015],[81.98827646445154,28.573370146073103],[81.98776846689742,28.572906692112845],[81.98753719532283,28.572637548838262],[81.98683600044005,28.57215077393516],[81.98634581971852,28.571876688605094],[81.98596361686037,28.571604230025525],[81.98570971177247,28.57137359795608],[81.98543623814085,28.57104387313579],[81.98484126984148,28.570635247419546],[81.98430738507463,28.57039992308313],[81.98396682203769,28.570206051036134],[81.98233065840417,28.569096334239394],[81.98190431311639,28.568880579398375],[81.98152148587842,28.568607995912448],[81.98135079704973,28.568530283700103],[81.98103243051122,28.568315905497215],[81.98069099160321,28.568158167646146],[81.98022332036844,28.567827503865896],[81.979352502732,28.567091405021195],[81.97922576951598,28.566936607792755],[81.97912185789411,28.566689158904065],[81.97912548713086,28.56645896637009],[81.97926266912631,28.56602233963089],[81.97961705877272,28.56551213147988],[81.97968859042268,28.565094133837384],[81.97954379063458,28.56470927009889],[81.9794800174027,28.564651064811642],[81.979102947057,28.563960983616536],[81.97903911112898,28.563902778110467],[81.97897746546978,28.563729476449033],[81.97885849123178,28.56309847795274],[81.97884392775097,28.562696860192204],[81.97878541080578,28.56231593543421],[81.97828747315526,28.562366882799108],[81.97794109232771,28.56243708724268],[81.97783261365758,28.56245590432383],[81.97724757974807,28.562561679752577],[81.97672563098857,28.562784302450837],[81.97633492075816,28.562893268727112],[81.97549135312607,28.562957966388286],[81.97484173277589,28.56306417909169],[81.97438749948299,28.563076490623153],[81.97393220238322,28.563185831281732],[81.97360908190542,28.5631429403511],[81.97321761995178,28.563310547862297],[81.97226344667266,28.56350697205804],[81.97148165005828,28.563763102110656],[81.97104980000364,28.56377741422417],[81.97074774940246,28.56373446118366],[81.97025281468953,28.56363198877799],[81.96966990907127,28.563624856194398],[81.9693237160144,28.563638606720072],[81.96915115084644,28.563637605068628],[81.96904311061826,28.563636103366814],[81.96882803025996,28.56359477675478],[81.9686347714958,28.563496870770987],[81.9684638962545,28.563398715432385],[81.9681845420978,28.56331950180278],[81.96747089935643,28.56334719073953],[81.96695401773367,28.56328316714239],[81.96643569836958,28.56327784832189],[81.9663068383605,28.563235897236545],[81.96598284153754,28.563233705309756],[81.96572205485555,28.563305537052717],[81.96559300622397,28.563304160165128],[81.96546233239431,28.56334123203917],[81.96524387352908,28.563489461112752],[81.96478106817312,28.564036617310563],[81.96464645098177,28.564340017886916],[81.96447006957561,28.564546576442158],[81.9642302906754,28.56467692476696],[81.96376948729132,28.56509091686398],[81.96350851305523,28.565203322563136],[81.96296042630806,28.565651823909388],[81.96200562697659,28.565927145382016],[81.96096936302725,28.565893812679846],[81.96006364925053,28.565805465436842],[81.95915624565386,28.56581195886017],[81.95896167214312,28.565847154443706],[81.95876759953583,28.565805640231165],[81.95831430469853,28.565781753983522],[81.95805620885234,28.56572042105747],[81.9576062927464,28.565504666190698],[81.95754170603945,28.565502915269605],[81.95694198399431,28.565191192160828],[81.95687739768982,28.565189378668887],[81.95608679503678,28.564682722682456],[81.95572484965207,28.564373816126643],[81.95536202977,28.564107859063203],[81.95487310004964,28.563750249831443],[81.95468215602655,28.563555252905054],[81.95408556229341,28.563164507046245],[81.9538518514944,28.562969885490002],[81.95310463827059,28.56259595638573],[81.9528899961053,28.56253431042392],[81.95265459662559,28.562436654956723],[81.95246258747879,28.56233643603222],[81.95241756985355,28.562451906668134],[81.95217265878034,28.562922979973195],[81.95208174685267,28.5631898702656],[81.95203579028895,28.563341414522434],[81.95190304970448,28.56356804220479],[81.95181088589521,28.563909391335567],[81.9518071943407,28.564139646025847],[81.95166569494276,28.56482215780994],[81.95161585839068,28.565242218220398],[81.95163630317491,28.56531880303142],[81.9515469543065,28.56547065910025],[81.95150381323721,28.565507044816147],[81.95108533710835,28.56601550210763],[81.95053787458177,28.5665405889],[81.950276774542,28.56670719768375],[81.94992914208595,28.56685404976176],[81.94968955034106,28.567002403814538],[81.94925163049902,28.567416208459164],[81.94909919782013,28.56750979635112],[81.94820328961812,28.56823818939521],[81.9476540753806,28.568858115859538],[81.9474553100975,28.569141572382957],[81.94719295823582,28.56938489059293],[81.9467787359886,28.569665343588916],[81.9464311043944,28.5698121960479],[81.94606039864135,28.57009233732145],[81.94523295621876,28.570612669643552],[81.9449721070076,28.57074082990794],[81.94473151379054,28.570927569143873],[81.94421069067185,28.57114781615104],[81.94353655816595,28.571518106092924],[81.94234329132028,28.572013864631682],[81.94166653013063,28.57251731839267],[81.9409918971409,28.57290786384949],[81.9402483601482,28.57352460067172],[81.93991885679871,28.57391952569543],[81.93945248369765,28.574732947196765],[81.93883949628878,28.57529454314016],[81.93839901260044,28.575785058267787],[81.93779852464205,28.576752773609943],[81.9371031824648,28.578195127933693],[81.93662073080866,28.579793967155933],[81.93641708545769,28.580325683618092],[81.9363276746317,28.580477477534057],[81.93614509994396,28.581011319440105],[81.93605587638451,28.581181181465823],[81.93592582751226,28.581218190677184],[81.93616128979534,28.581318097741416],[81.93648209602283,28.581455828690636],[81.93699722455763,28.581596687711382],[81.93710495208701,28.581636575341086],[81.93742701018624,28.58169753372471],[81.93766341058448,28.581759053737784],[81.93787805322147,28.581818511144114],[81.93993212523327,28.58272723591118],[81.94027606617115,28.582808387371358],[81.94113676331426,28.582917490333603],[81.9413942336899,28.58297888584678],[81.9417377373849,28.58307804382324],[81.9423375218512,28.583317557287902],[81.94242374160476,28.583316995999674],[81.94293849513642,28.583478110088453],[81.94328293661458,28.583541195226424],[81.94362744127028,28.583545574473295],[81.94465951386567,28.583732452356294],[81.94508879823722,28.583853554311666],[81.94568808256928,28.58410888504836],[81.9461998955703,28.584441550346995],[81.94637158535862,28.5844832512061],[81.94731994093627,28.584535275672902],[81.94766388111206,28.58461636543845],[81.94826366595387,28.58485362894468],[81.94877867085987,28.584976420136996],[81.94953070195399,28.585083958729953],[81.94985319773374,28.58512684906669],[81.95043128673963,28.585366488279693],[81.95085950791551,28.585505720277208],[81.95098793050441,28.585565677081178],[81.95128629076703,28.58576217455249],[81.95211703338127,28.58630921832002],[81.95239507299199,28.586447198940526],[81.95288556587313,28.586759670599402],[81.95318254905015,28.58701262322189],[81.95411939286089,28.587696519959135],[81.95456355394039,28.588180854203156],[81.95498902193674,28.58851183033078],[81.95535196852404,28.588707891718233],[81.95536222178411,28.58871233085136],[81.95552334404148,28.588785666271356],[81.9555803029233,28.588791918771687],[81.95573898690927,28.588808925014348],[81.95608417942138,28.58881330431487],[81.95625774479656,28.588778233209098],[81.95634540409974,28.588721155328155],[81.95664951959587,28.588631006865647],[81.956995149379,28.5886150055765],[81.95759793674607,28.588757427906],[81.95785734624025,28.588742051162146],[81.95820135014934,28.588823141126266],[81.95897570192166,28.588928241642876],[81.9595781158443,28.588955568127524],[81.9602641841132,28.589117685087356],[81.96086409449309,28.58929624341572],[81.96155279046292,28.589325195655903],[81.96198445292636,28.589274747468718],[81.96287535449088,28.58890508554178],[81.96339405076452,28.588797621404932],[81.96356880563233,28.588683527024052],[81.96426413314167,28.588389634734003],[81.96443701090719,28.588352312815296],[81.96486836011377,28.588340251442247],[81.96512476824094,28.588419777022256],[81.96525218991614,28.58851580631348],[81.96539292466662,28.589013516859474],[81.9655610470247,28.58922670593951],[81.96583839977556,28.589362373595822],[81.966354217606,28.589428709968136],[81.96687353879301,28.589318932528254],[81.9676564006275,28.58895001996265],[81.96817741169707,28.588745402343115],[81.96846033189594,28.588578668270515],[81.96872393390166,28.58833309912139],[81.96891913321892,28.588279772396703],[81.96917685504404,28.588302719792825],[81.96936892521248,28.58840062479331],[81.96945426956297,28.588438449645842],[81.96955912010489,28.588573052758115],[81.96961888917569,28.58882312656517],[81.96960750269857,28.58939416886096],[81.96966777275868,28.589623924779794],[81.96983577147998,28.589816795209888],[81.97000670904036,28.58991482554981],[81.97004903680367,28.589934831809195],[81.97033045615643,28.589880944252997],[81.97057098632592,28.589694141825007],[81.97087491436425,28.589583674434508],[81.97113388680953,28.5895299107713],[81.971823270635,28.589558801350865],[81.97250933926057,28.58971860460687],[81.97379075147026,28.590251023555],[81.9740482848506,28.59031241873893],[81.97576717817148,28.59052562276838],[81.9762843725309,28.590533193252483],[81.9771481355062,28.590409602105485],[81.97749226516434,28.59043423751264],[81.97775236362382,28.590362406786845],[81.97827030892243,28.59031127151676],[81.97861487527956,28.590315526501243],[81.97947338382662,28.59046051432596],[81.97964601084914,28.59046376769483],[81.97998870137414,28.59054254370318],[81.9806778973582,28.590553366098796],[81.98084958719998,28.59059275443731],[81.98171116105145,28.59058651031683],[81.98231188494364,28.590708489710828],[81.98334533525968,28.59075970269528],[81.98429000059197,28.59088593605257],[81.98472091233401,28.59089187911616],[81.985153451353,28.590802982303117],[81.98549808071976,28.590807237015973],[81.98601690211174,28.590717715481315],[81.98696313121013,28.590807813806308],[81.98773817179281,28.590836016931398],[81.98894174741908,28.590967191913037],[81.98937259719892,28.590973072348632],[81.99023160523446,28.59109767997931],[81.99118046243066,28.591054614150114],[81.99169915897573,28.59094708698799],[81.99230244845934,28.590935839674785],[81.99290454860514,28.59100136466045],[81.99333546041288,28.59100499538017],[81.99376499615502,28.591069517766332],[81.99445018868958,28.5912675825118],[81.99498376118315,28.591523162783606],[81.99543148914806,28.591759111570315],[81.9955944233233,28.59189327741977],[81.9958766513817,28.592128161694998],[81.996278297374,28.592551727604963],[81.9965942859563,28.592975917035606],[81.99701875287259,28.59338347825028],[81.99704451230681,28.593405922870705],[81.9992632082654,28.594411738639423],[81.99961271218625,28.59459879717439],[81.9997672137869,28.594101152892943],[82.00021263896515,28.593484100528737],[82.00025109204695,28.59342964734323],[82.00027003681494,28.593404640195544]]]}},{"type":"Feature","properties":{"province":"Karnali Province","district":"Surkhet","municipality":"Simta Rural Municipality","ward":"8","wardNumber":8,"sourceMunicipality":"Simta","sourceType":"Gaunpalika"},"geometry":{"type":"Polygon","coordinates":[[[81.96977210365127,28.5358986564653],[81.96971083284927,28.535707287278875],[81.9694587424853,28.535377375799975],[81.96876030031422,28.53473693139496],[81.96816326787936,28.534420707704076],[81.96764920236305,28.53423933713964],[81.96688273238172,28.53376869142704],[81.96654141855208,28.533610891342157],[81.96545451894164,28.53296194034365],[81.9651976115464,28.532882540299738],[81.96511270466254,28.53282220864188],[81.96425738794258,28.532482976246722],[81.96391357244056,28.53240194911005],[81.96365804072946,28.53226384382641],[81.96355050085792,28.532242023632204],[81.96318918076221,28.531989571017036],[81.9629374656275,28.531641590860666],[81.96285612546929,28.531409772677538],[81.96285906670636,28.531238222166145],[81.96299305737395,28.5310115947369],[81.9634336026926,28.53055940345651],[81.96346086686897,28.530254564477328],[81.96337783724468,28.530119710983307],[81.96322922063591,28.530003425892446],[81.96252633739827,28.529570604853898],[81.96218752586351,28.529259385244792],[81.96201909024933,28.529066451597593],[81.96193631163642,28.528893274808823],[81.96186285396979,28.528261964186896],[81.96188274915086,28.527286928220885],[81.96192908064086,28.5271150653325],[81.96194046745273,28.526544085366144],[81.96190339426977,28.52625550048849],[81.96155383651538,28.5254094359685],[81.96136464342727,28.525178366813343],[81.96099038666316,28.524483659134823],[81.96093149257743,28.524195261140296],[81.96093724809573,28.523908614301718],[81.9612033528537,28.523532131979213],[81.96138298767704,28.523190095961553],[81.96141043828706,28.522905512421406],[81.9613492930178,28.522714142736003],[81.96101104542556,28.52240286070008],[81.96059207878744,28.522128276414424],[81.96050016999553,28.522068007715976],[81.95996728572509,28.521773853516635],[81.95934674397876,28.52153452730896],[81.9585158749078,28.521062006124485],[81.95817268508269,28.520978665878154],[81.95772376908317,28.52078097793603],[81.95710560385123,28.520446873576283],[81.95683050407678,28.52019379700033],[81.95634232539064,28.51982262068329],[81.95608879609095,28.519551350863537],[81.9553622809453,28.51895616949894],[81.95532558007572,28.51892709807637],[81.95481564342055,28.518553858540134],[81.95462563669447,28.51837911805967],[81.95431027311619,28.51797293294882],[81.953908314244,28.51760338314518],[81.95356781422632,28.51738687897064],[81.95348159436354,28.517385190513878],[81.95328971156948,28.51728734678906],[81.95286461840934,28.51697431336463],[81.95271650126189,28.516837709658077],[81.9525503808891,28.51654999808684],[81.95255256995304,28.516434901766484],[81.9527312039047,28.516131252672366],[81.95282661994403,28.51565667643798],[81.95283018632958,28.515485125854934],[81.95277135482202,28.51519672861732],[81.95258259986187,28.514945277985834],[81.95230568615294,28.514768973260914],[81.9518763386496,28.514686194782115],[81.95142754659564,28.514506575588598],[81.95127849214903,28.51440829515953],[81.95100533148118,28.514078507783253],[81.95066476890865,28.513862004026347],[81.95023316891381,28.513874065284373],[81.94980038094053,28.51398084246825],[81.94911093430916,28.513951827645386],[81.94868246247614,28.51382847474945],[81.94836278301581,28.513652419567826],[81.94798076848758,28.513359454598913],[81.94770310281048,28.51323954214062],[81.94731658382723,28.513156514278045],[81.94701640941459,28.513093117280288],[81.94623949240186,28.51313918599708],[81.94580826853004,28.51313092889739],[81.9452926379741,28.513046461940586],[81.94469266474893,28.51288365815465],[81.9441816020088,28.512587066475326],[81.94388630747758,28.512277785228196],[81.94360989378711,28.512081037359806],[81.94348347279677,28.51194655891897],[81.94308501798618,28.511385139774386],[81.94304437910581,28.511270293995914],[81.94285593745495,28.51098058163355],[81.94285725066996,28.510921814670116],[81.94269200594404,28.51057539884799],[81.94263323711729,28.510289251539085],[81.94253076505079,28.510039489450683],[81.94249275333594,28.509789228016345],[81.94238959318525,28.5095395294235],[81.94214182540858,28.508536982713302],[81.94240549294436,28.50802283444622],[81.94258475985488,28.507069306220618],[81.94267987248584,28.505904152194248],[81.94274590024277,28.50565545548369],[81.94279348870258,28.505045838876164],[81.942974257738,28.50390044254985],[81.94299996162378,28.5033450924891],[81.94311075921624,28.502944913161503],[81.94313439590803,28.502658141350075],[81.9431395948221,28.501951746604888],[81.9432071874602,28.501513493588636],[81.94323483407796,28.500671559468167],[81.94321570545806,28.500385100144022],[81.94304777385152,28.499813055983815],[81.94302751897723,28.499621374322484],[81.94285802308895,28.49923888582616],[81.9425172131768,28.498760616673383],[81.94211062846597,28.498357244119333],[81.94168284759331,28.498012638921562],[81.94144813718233,28.497763813394744],[81.9411909806617,28.49757156754063],[81.94087049044195,28.49722846376175],[81.94072156236042,28.496997018657165],[81.94010077258694,28.49650036685372],[81.93917930945831,28.495924501606225],[81.93890189554213,28.495675925675076],[81.93881586400643,28.495635913402985],[81.9386234195904,28.495463486188576],[81.93787339404058,28.495003780866696],[81.93733844931435,28.494524510564037],[81.93674035697656,28.493912574888192],[81.93626987374485,28.4935095768801],[81.9362271707123,28.493433116141976],[81.93584221791549,28.493088324037284],[81.93573561777072,28.49295365808097],[81.93554335928484,28.49280148730739],[81.93511689444409,28.492244756401746],[81.93492444880347,28.492072329706915],[81.93439075673484,28.49144188946262],[81.93422119720671,28.491115854382297],[81.9335394539582,28.490138873538225],[81.93253521646966,28.48900840658212],[81.93240767168217,28.488740701877692],[81.93206705153531,28.48820366550338],[81.93202553932787,28.4879151432888],[81.93187723867268,28.487532466649867],[81.9317914576716,28.487436063191502],[81.93157938305336,28.48699518131772],[81.93123813687241,28.486458145317126],[81.9311957488013,28.486284719505882],[81.93104694659122,28.485996883094053],[81.93092034163546,28.48561408242536],[81.93043016747184,28.48477120443203],[81.93019859200015,28.483926517548465],[81.93007142337142,28.483620488776385],[81.93005148068293,28.483390420373432],[81.92992487572538,28.483007619797657],[81.92986279504085,28.48262444442906],[81.92935349369299,28.481416084383003],[81.92911909776544,28.481052099977145],[81.92845548275984,28.480379583882527],[81.92845416683032,28.48058952057752],[81.92840952229875,28.480817712512863],[81.92832211310184,28.480971756153412],[81.9280798240257,28.481812938521085],[81.92796708483387,28.48257647376461],[81.92785735227694,28.482881874869587],[81.92758973419883,28.484260276741082],[81.92719757875633,28.4849084003218],[81.92687157640479,28.485307827598586],[81.92667700118689,28.485480626390196],[81.9264823022044,28.485556459204066],[81.92626634514268,28.4856888078844],[81.92585424829115,28.486030091841453],[81.92559377179242,28.48633655408681],[81.9254632827977,28.48652698408733],[81.92526645281791,28.487022627525285],[81.92515459147887,28.48759654498989],[81.92510831798717,28.488075246937754],[81.92493243220943,28.48862934592418],[81.92482363868754,28.4888196502797],[81.92471221595268,28.489298852625364],[81.92473240923431,28.489490534147173],[81.92468914167559,28.489585624067388],[81.92468763815371,28.489775179700825],[81.92446698361276,28.490541714928625],[81.92445670925845,28.492148623604407],[81.92428107554191,28.492587563030774],[81.92428051148842,28.49266427307567],[81.923931559995,28.493294017157673],[81.92378018978393,28.493369538349285],[81.9235422242588,28.493540397992664],[81.92310974670245,28.493748705427326],[81.92263331333449,28.494110743870344],[81.92241741868091,28.494186702128143],[81.92217945220628,28.49435756190825],[81.92183375833862,28.49448853448951],[81.92101369857441,28.494697213187926],[81.91963129909387,28.49516921306275],[81.91945810695604,28.49530124985954],[81.91919894602414,28.495395524411773],[81.91893972173759,28.495548504527306],[81.91850705778928,28.495736492875892],[81.91844240740735,28.49579332174946],[81.91798854788271,28.49596342922473],[81.91746984969159,28.496249008071832],[81.91729665853961,28.496304335244492],[81.91684229683675,28.496571408802826],[81.91636705350686,28.49678002784251],[81.91582709920813,28.496968702834025],[81.91552423280127,28.497176136251426],[81.91530840095267,28.49725203137147],[81.9146805350547,28.497689528615094],[81.91429019612437,28.498050943495716],[81.91368090075116,28.498411668284767],[81.91335933946749,28.49860340818079],[81.91292611007879,28.49894481656387],[81.91253489483024,28.499423640710216],[81.91235932406524,28.499803938243495],[81.91224846429994,28.50028301580522],[81.91213917080964,28.50049370083968],[81.91174764190976,28.50100853570823],[81.91170456296857,28.501047234197376],[81.9109230733932,28.50175205859057],[81.91053185792785,28.50222863175556],[81.91027194557812,28.502456008665394],[81.9094712642991,28.50285630582979],[81.90919040863152,28.502950705880274],[81.90893030862954,28.503083366597707],[81.90882251850623,28.50310212109224],[81.90847657410578,28.50327373044997],[81.90806435201466,28.503617202781495],[81.90799938905255,28.503712417483374],[81.90756440737745,28.504227626314588],[81.9073252509609,28.50449320171176],[81.9069991234513,28.504894879016838],[81.90673902390454,28.505104250583887],[81.90656501840445,28.50529492947119],[81.90632698920304,28.505465789958947],[81.90617468006748,28.505656407039318],[81.9056980598301,28.50594167398363],[81.90559026939299,28.50596042757406],[81.90498391156645,28.50637973213318],[81.90472331037172,28.506609360048532],[81.90437680335754,28.50679897439051],[81.9036420244716,28.507063419839827],[81.90284196976235,28.507386944585495],[81.90269084975048,28.507424016219186],[81.90251797174501,28.507520042580406],[81.90197745416685,28.50772891068226],[81.90158818031908,28.507918837778206],[81.90087660108831,28.507914516582844],[81.90044450088281,28.507951210716094],[81.9003370226291,28.50793164200158],[81.89999195541881,28.507988092190207],[81.89962387807418,28.50812143997217],[81.89947219439604,28.508235284747617],[81.89932163830251,28.508254288597865],[81.89919152504089,28.50834994058556],[81.89903784037398,28.50853605624131],[81.89955708399458,28.509577428988536],[81.89961854326262,28.50975079350521],[81.89963854951593,28.509845446290917],[81.89963535864277,28.509998929213676],[81.90010878544936,28.51008377078489],[81.90051887616313,28.51009008933106],[81.90095204013855,28.51002176133303],[81.90203751255841,28.509752817715945],[81.90322858704582,28.509582404786713],[81.90387632986292,28.50959385272434],[81.90441296609332,28.509755029710785],[81.9047757244412,28.50997147249017],[81.90507220718904,28.51028325419481],[81.90542701924589,28.510919506669882],[81.90544414846285,28.51112925639777],[81.90558844821048,28.511493864798386],[81.90579802257965,28.51180389497365],[81.90605155149818,28.512095608581443],[81.90632809018945,28.51231036156601],[81.90703278713903,28.512705109577766],[81.90775792768258,28.513174192063392],[81.90877686167103,28.5140722781882],[81.90911485787598,28.514458207380105],[81.90952106995503,28.514676587919514],[81.90977947889182,28.514717789765307],[81.91029448330774,28.514881280572887],[81.91055051481305,28.515019511105972],[81.9107629665673,28.515212132530497],[81.91090983173098,28.51542557091326],[81.91097041474363,28.515637259397614],[81.9108650503081,28.516610606270888],[81.91076863186561,28.517123568158972],[81.91070041710002,28.517295493369463],[81.91069459861734,28.517582139626576],[81.91079594455042,28.517926741610776],[81.91080594087833,28.518499909894597],[81.91075291510836,28.519014748500727],[81.91046204940332,28.5195087029036],[81.91042702705633,28.5201949665925],[81.91055232121064,28.520426535546868],[81.91076371032972,28.520639537320317],[81.91095759512592,28.520681113926624],[81.91113153663422,28.520628038010116],[81.91130622861533,28.520516256762864],[81.91146160204039,28.520307634370884],[81.9116191646138,28.519986104348785],[81.91195242097123,28.519514406763406],[81.91232856759022,28.519060589447193],[81.91259141905567,28.518873787601795],[81.91298206656555,28.518767322816142],[81.91306897436952,28.518769011503533],[81.91341172695037,28.518888549842682],[81.91368057469523,28.519101115111994],[81.91370952251354,28.519123497089268],[81.91481686747244,28.519752442327036],[81.91506670899099,28.519983200434382],[81.9151556162217,28.52006385025692],[81.91521870181954,28.520122117563893],[81.91540927035605,28.520296795950024],[81.91589563522965,28.520765187726827],[81.91597922685324,28.52090004051165],[81.91648522252291,28.521424700121813],[81.91667360244428,28.521714536985613],[81.91683891032882,28.522060952734993],[81.9168959885804,28.522462258193674],[81.9172032809579,28.52327031161233],[81.91724166807468,28.523500253778554],[81.91738665588208,28.523790403204224],[81.91772077469109,28.524311684661026],[81.91824832660559,28.525982555459418],[81.91868823399035,28.526620433720073],[81.91881559286129,28.52671890178425],[81.91902535539617,28.526970227571507],[81.91967045817788,28.528128073418863],[81.92000826797783,28.52847786746827],[81.9202421661761,28.528634227591358],[81.92043273504552,28.528808969086942],[81.92091678493958,28.529372076659154],[81.92179722494397,28.530627578236924],[81.92244927185465,28.531404000165196],[81.92278845799952,28.531695026240914],[81.9230613059777,28.532063262226284],[81.92350565488631,28.532471011521878],[81.92384471580263,28.53274396951243],[81.92401490357184,28.532844313659744],[81.92517732539065,28.533971593384187],[81.92670726169116,28.535046611210745],[81.92700305639883,28.535337950062758],[81.92742714859526,28.535689369734246],[81.92768236749102,28.53586586103752],[81.92862152632772,28.536301748948517],[81.92883322912793,28.536478615444775],[81.9290039167965,28.5365563899579],[81.92925907280367,28.536732944266106],[81.92995776481233,28.537355508590103],[81.93008124709786,28.537519432491443],[81.93037735291647,28.537916802719856],[81.93069565703938,28.538151562099532],[81.93112387844361,28.53831111330978],[81.93207042006544,28.53834750793637],[81.93215638948313,28.53838527025003],[81.93258567459863,28.538449980560774],[81.93292786498031,28.53857176953508],[81.9330980522886,28.538669925311066],[81.93328824573594,28.538862671004566],[81.9334351730621,28.539076047549553],[81.93353864773299,28.539287486295752],[81.93353689553852,28.539384514157423],[81.93353157798616,28.539650842490374],[81.93391853480377,28.539695484122664],[81.93453970361756,28.53985828849725],[81.93475459604957,28.53988160983015],[81.93492622264783,28.539923310857613],[81.93518219228382,28.540041160818763],[81.93545941991133,28.54017914142694],[81.93592696557536,28.540532500163042],[81.93624633313556,28.54072887338435],[81.9370156806032,28.541028218145073],[81.93769674366914,28.541459039239555],[81.93809901473658,28.541790265540744],[81.93818310723367,28.54190698745839],[81.9382446908752,28.54208035218969],[81.9383499170647,28.542196949762072],[81.9383680465097,28.54236837463877],[81.93852903710585,28.54294492099444],[81.93888478823749,28.54350440118937],[81.93922391191145,28.543777359207393],[81.93960636538493,28.5440320009048],[81.93977767867585,28.544112025342535],[81.9402915565959,28.544273203058438],[81.94063506087788,28.544315969136004],[81.94097993965944,28.544302280646203],[81.94115106577989,28.544364300832314],[81.94149550780138,28.544368679952225],[81.94175510563555,28.544314979981486],[81.9420995478164,28.544321610012435],[81.9423586454013,28.544288227479534],[81.94253070997155,28.544309548229588],[81.94270402490973,28.544254221399783],[81.94313518783402,28.544242159497827],[81.9434779394476,28.544343567267976],[81.94390509777777,28.544523436613943],[81.94458791217369,28.54485941728214],[81.94475953891062,28.544901118900796],[81.94562142474373,28.544895062360293],[81.94605121083403,28.54494176791743],[81.94620014046465,28.54501966743473],[81.94623684161304,28.545053302325407],[81.94626466498126,28.545021481026687],[81.9467267195579,28.544530841474355],[81.94703483958354,28.544192432918344],[81.94721728941025,28.54366084086664],[81.94788255127638,28.542676808938076],[81.9482576976711,28.542263441371077],[81.94867429634145,28.54190846624973],[81.94928734415429,28.541441584605657],[81.94937544124097,28.54136650109089],[81.94954925733781,28.541293043909373],[81.94991802196571,28.541164072032192],[81.95017774563819,28.541130689930938],[81.95052575266489,28.54096577003816],[81.95089420501505,28.54087518443981],[81.95150381213367,28.540600109710347],[81.95228310649904,28.540441195603858],[81.95297342880303,28.540395688513478],[81.95340646772851,28.54030691706237],[81.9545268247734,28.540344126360147],[81.95536213881819,28.540304435119143],[81.95539021204911,28.540301934523374],[81.95590934647235,28.540196784343667],[81.95643054333974,28.540032866340187],[81.95781569266491,28.539750046277746],[81.95850757770641,28.539666153930067],[81.95936996386592,28.539660034856293],[81.95980344129194,28.53955319524061],[81.96023554113516,28.53950274710434],[81.96084327178357,28.539304320157488],[81.96125811785858,28.539044122462354],[81.96169278407321,28.538858259650617],[81.96238986183505,28.53850803845732],[81.96289167949504,28.53819082525645],[81.96301241337686,28.538119993753217],[81.96359013463622,28.537781899746914],[81.96451217814648,28.5369584169742],[81.96492777570961,28.53663951541822],[81.96518918818536,28.53651129274113],[81.96622889398007,28.53626016640739],[81.96683349587475,28.5362130331438],[81.96726653476867,28.536124136016316],[81.96770088717861,28.535978910156665],[81.96796042265859,28.535925146955726],[81.96856552608206,28.535859883499235],[81.96882549913975,28.535788053041202],[81.96960079005339,28.53581863160932],[81.96977210365127,28.5358986564653]]]}},{"type":"Feature","properties":{"province":"Karnali Province","district":"Surkhet","municipality":"Simta Rural Municipality","ward":"1","wardNumber":1,"sourceMunicipality":"Simta","sourceType":"Gaunpalika"},"geometry":{"type":"Polygon","coordinates":[[[81.94449536349109,28.645394610512263],[81.94471457200048,28.645307274708614],[81.94513285711267,28.645092277572957],[81.94609766221556,28.64470411037483],[81.94644604372532,28.644620464682223],[81.94655358489359,28.644624216883454],[81.9470260115218,28.644677299592047],[81.94732374751723,28.64478358362454],[81.94768288030448,28.64496607846465],[81.94806264533788,28.64516876663152],[81.94858827575092,28.64551262271344],[81.94890770697288,28.645616468464393],[81.94909890326802,28.645680551737332],[81.94956776535479,28.645830725742307],[81.9499915474011,28.646015033472906],[81.95083548407604,28.646482992106396],[81.95112909101402,28.646702058879594],[81.95188830957682,28.64712775409348],[81.95393700395674,28.64820552777809],[81.95444556697906,28.64843216151615],[81.9549732612888,28.64871725079366],[81.95536090592182,28.64887023661396],[81.95618314814857,28.64919390178],[81.95631125827063,28.649215534648704],[81.95656860522047,28.649243107757524],[81.95680531903977,28.649250425120073],[81.95708861374833,28.649182970468065],[81.95786546868506,28.649150405992508],[81.9588107611609,28.649215934620596],[81.95950020787677,28.649217816438902],[81.96045131587964,28.649152369495507],[81.96200283798689,28.6491413807796],[81.9623057021764,28.649112125226605],[81.96388367213163,28.6489880414899],[81.9647519998543,28.64882387679182],[81.9651892921826,28.648665084523223],[81.96529833324414,28.648630450202283],[81.96555993275184,28.648563121188303],[81.96638474457168,28.648396955367915],[81.96707419173308,28.64839889945941],[81.96812489775999,28.64852676035392],[81.96827476607432,28.648550518301313],[81.96844595507604,28.648592157565325],[81.96897977940735,28.648705695745438],[81.97009663578227,28.64879473308327],[81.97060320470331,28.648524783144424],[81.97069167596801,28.64847226907777],[81.97129996911436,28.648339235463773],[81.97173926195502,28.64812392660639],[81.97202243223404,28.64803846664217],[81.97215635892111,28.647929123857985],[81.97235268327525,28.647857791926274],[81.97246491417985,28.647748698268718],[81.97301593793495,28.647442301547958],[81.97343190858959,28.647265503690896],[81.973521380629,28.647190482717548],[81.97397980566956,28.647033690849828],[81.9743271242536,28.646970301140794],[81.9744991883745,28.646975803840316],[81.97484025331858,28.64706133262578],[81.97534775407782,28.64730590911456],[81.97583199513777,28.647588996589473],[81.97686049845362,28.648287962088588],[81.97690132557891,28.648346292058285],[81.97718811566163,28.64871659109923],[81.97743720629823,28.648953975224913],[81.9780645620092,28.649430121045018],[81.97882427969601,28.649835310102507],[81.97907962495543,28.64991914992252],[81.97933809702403,28.649928654602483],[81.98002179032147,28.650063576291533],[81.98045282730435,28.650058203444416],[81.98113758286287,28.650175119419522],[81.9816539025069,28.65019169178172],[81.9819143757748,28.650142430288643],[81.98213202069215,28.650093417893515],[81.98238936666877,28.650120928619888],[81.98283703435185,28.65024853226747],[81.98315790365953,28.65029586181764],[81.98324268521183,28.650338125611484],[81.98428982641079,28.650560637724254],[81.98471823722734,28.65061397003245],[81.98505886349949,28.65071981685521],[81.98557468261477,28.650754394652044],[81.98702597372267,28.651104886796997],[81.98745188230818,28.651232678510393],[81.9883857913922,28.651586916436788],[81.99119846489991,28.652380989068256],[81.9922270369116,28.652526853928553],[81.99239960210629,28.652514351753027],[81.99351702204831,28.65258738381659],[81.99394918481696,28.652563881367414],[81.99455585149423,28.652469109071326],[81.99507329634726,28.652465363448663],[81.99516057941115,28.65243085412663],[81.99559267983486,28.65240510022804],[81.9961136894014,28.65230876464196],[81.99689048129434,28.652275950150507],[81.99704354022795,28.652229688158904],[81.997441876467,28.65228089383062],[82.00049702438366,28.65233506427592],[82.00115402311411,28.652278303674336],[82.00128375944237,28.652268301764078],[82.00279188733151,28.652403856750134],[82.00396576168666,28.65275165714575],[82.00628737409292,28.65361893357251],[82.00721390868327,28.653727224776603],[82.00885102554413,28.653703732910664],[82.01141531311252,28.65278642565096],[82.0126089518388,28.652603758689406],[82.0131574079883,28.652638023600915],[82.01399653454152,28.65276713198997],[82.0149380096343,28.653098550548204],[82.0156458374605,28.653147384192952],[82.01642281388786,28.65339427677849],[82.01751203506863,28.653460555960127],[82.01815959049358,28.653555027312038],[82.02033015987244,28.65333554613469],[82.02149447475527,28.6531665702084],[82.02359195307471,28.652994977049122],[82.02431066030452,28.653041435144612],[82.02655362335737,28.65349383895413],[82.02739856587226,28.653494159306838],[82.02939369318781,28.653388772356998],[82.02964003560172,28.653334946312345],[82.03006988788563,28.653144394300494],[82.03110690541409,28.652906334762122],[82.03212072989629,28.652458525117453],[82.03329174038286,28.651795216027864],[82.03394549286658,28.651289199321234],[82.03424629514389,28.651113087910986],[82.03536171912259,28.65078643989404],[82.03633840440656,28.650280175617144],[82.03688173653919,28.65010913007284],[82.03744325941582,28.650109322760645],[82.03872623994832,28.650304767100444],[82.03928738718989,28.650390797686864],[82.03934916191496,28.6502932700258],[82.03941393701027,28.650191240128198],[82.03895495792999,28.649696027990178],[82.03872625201616,28.649329981111727],[82.03868855077828,28.649269337707832],[82.0384928564152,28.648950367333324],[82.03731548598856,28.648108671566842],[82.03630029669672,28.64770123002535],[82.03535207360284,28.646945750134684],[82.03487540089272,28.646466479218965],[82.03358128292226,28.646959299431284],[82.03277691241878,28.647367099010406],[82.0319882331369,28.64801178131454],[82.0307493212096,28.648718477169936],[82.02925900502356,28.649228550369727],[82.0287423097814,28.64930469285419],[82.02804067130246,28.64923322739391],[82.02758506467707,28.64908105388982],[82.02693976596863,28.648555642818998],[82.02660858267417,28.64824223536271],[82.02619268482205,28.647563907344217],[82.02590883492049,28.6469861101202],[82.02580280015508,28.646542291866314],[82.02563763543485,28.6446886837991],[82.02549771788387,28.643845747437513],[82.02541776713771,28.642469842979327],[82.02517957016661,28.640989031172754],[82.0249119783519,28.640307265407948],[82.0245620395738,28.639831560561188],[82.02392205670225,28.639195492559157],[82.0227723211083,28.638416628365952],[82.0215787590652,28.637462086146193],[82.02120468575518,28.637074532168107],[82.02096097424608,28.636672411127044],[82.02062317151737,28.635664050208657],[82.02062411412003,28.63530063109853],[82.02135315840907,28.633652341608663],[82.02133440188612,28.633573505406538],[82.0212831350627,28.63335950435877],[82.02161763901265,28.63309518005761],[82.02202917938108,28.632216551320216],[82.02243258694955,28.63174410417319],[82.02197060109118,28.631711464633764],[82.02077396583074,28.631558033659747],[82.01944690561015,28.63147781016844],[82.01891701758169,28.631562954617287],[82.01846434364982,28.631837218820998],[82.01795977663411,28.63203058312595],[82.01729421243185,28.632179996001927],[82.01675681952126,28.632481891846115],[82.01622104747673,28.633090690482177],[82.01602690658727,28.633572830281384],[82.01594381062245,28.633781078052543],[82.01567151491645,28.63426152875267],[82.01534751424073,28.63454610935793],[82.01487758446297,28.634754916263052],[82.01361285929086,28.63477566013465],[82.01154177177398,28.634461673437908],[82.00872146286214,28.634308976467924],[82.00656471478982,28.634331837801064],[82.0046755051111,28.63424204399663],[82.00364993619314,28.633924690726946],[82.00317057007656,28.63381765492461],[82.00197368557293,28.63357157117907],[82.00186351893065,28.63354981396494],[82.00108679080958,28.63343821078362],[81.99852933835837,28.632680839455627],[81.99760337076529,28.632272397763714],[81.9970437904076,28.631863584930045],[81.99631695405391,28.631884709108235],[81.99612313150232,28.6318816442515],[81.99584121192213,28.6319536625696],[81.99553872340964,28.631951409556702],[81.99489029053963,28.632019360334343],[81.99430794742914,28.631973966544862],[81.99400695957956,28.631931076064653],[81.99347000980134,28.631754456497262],[81.99340598649859,28.63173463768416],[81.99287041346155,28.631497124937315],[81.99235691107455,28.631225540787867],[81.99190649297987,28.631066364906037],[81.99151884881798,28.630985712499747],[81.99113064043442,28.630979519029626],[81.99022592691789,28.630855286657667],[81.98983984551792,28.630736248041778],[81.98951866430568,28.630578385981543],[81.98900353471194,28.630401578980468],[81.9884230054641,28.63027947538685],[81.98777701443417,28.630193943649513],[81.98719442052807,28.630186873636024],[81.98686942206784,28.63024113651204],[81.9866754744197,28.630220003323853],[81.9862208026949,28.63029101988277],[81.98576756964341,28.630303331737835],[81.98557243355111,28.63035890905578],[81.98505317512495,28.63042817362579],[81.98388917618385,28.630337323511327],[81.98291574568012,28.630459475449264],[81.98220285297467,28.630469158702084],[81.98181345561963,28.63054198871067],[81.98142480914973,28.630556051981337],[81.9807790679061,28.63043213400452],[81.97981189483582,28.63019092931917],[81.97864745791072,28.630120334186067],[81.97812957532341,28.630133083649294],[81.97761325715577,28.630030798057557],[81.9766417670992,28.630019723208875],[81.97644706895748,28.630054981988838],[81.97592906172022,28.63004747438892],[81.97541318214108,28.62992705914749],[81.97496019925177,28.629903235279738],[81.97457324260503,28.62982251990712],[81.97328394930764,28.629461714447004],[81.97283359502804,28.629302475453066],[81.97270517171918,28.629244707687377],[81.97223474890205,28.62899094121221],[81.97172249814223,28.628640208631317],[81.97051193151884,28.627518367030923],[81.96981705753007,28.626498811605973],[81.96937177092768,28.626052926220428],[81.96898769228986,28.6258006610356],[81.96851514150826,28.62565961447107],[81.96830162512113,28.625523510457437],[81.96772190990127,28.62534488996627],[81.96714144347558,28.62522266076582],[81.96643380516984,28.624965890996112],[81.9663266408695,28.62492606587771],[81.9662421099158,28.624829661602284],[81.96600890060773,28.624578460918716],[81.96556799321955,28.62384830442706],[81.96548596521193,28.623618673986137],[81.96542263063168,28.623540150087912],[81.96521568340238,28.62307901291661],[81.96502530191273,28.622886329927987],[81.964600896578,28.622555353356194],[81.96417129851838,28.62249301876632],[81.9639747229752,28.622604987222935],[81.96347528262059,28.622807103366437],[81.96308651012725,28.6228798714206],[81.96282772554578,28.622895186024632],[81.96237280293116,28.623002212493997],[81.96146671178458,28.62306728516379],[81.9612069263728,28.623121111332868],[81.96094857877964,28.623118420184163],[81.9608839916562,28.62311660733449],[81.96086223424778,28.623116794643465],[81.96075388030852,28.62315361606213],[81.96032021521,28.62328083719967],[81.96019035328649,28.62333816529832],[81.95973586861207,28.623427124680013],[81.95949884248003,28.623442438858437],[81.95926150306877,28.623439560542764],[81.95902660364796,28.62333965428712],[81.95883497056366,28.62322368048159],[81.95849584686933,28.62291239878247],[81.95830327574188,28.622834749432673],[81.95798434599311,28.62263843818673],[81.95734385922341,28.62230452147107],[81.95704506113424,28.622148660789964],[81.95646596967264,28.6220263687076],[81.95640088280192,28.622044874101693],[81.95614328695066,28.621983478349428],[81.95575626611426,28.621959155034045],[81.95536168099385,28.621952899432852],[81.95491532583164,28.62194701819421],[81.95478483798139,28.62200434606989],[81.95439131165855,28.622266669567857],[81.95417222790876,28.62243521665379],[81.95395082839542,28.62269854187518],[81.95362389046493,28.6228859063087],[81.95310375684545,28.62299336947337],[81.9525857498471,28.62298798831311],[81.95226312860426,28.62294509770663],[81.95207011895347,28.622885515666535],[81.95142175014819,28.62289463729573],[81.95050270890894,28.62357126404509],[81.95008798763146,28.62381339375107],[81.94960892972138,28.624017636258063],[81.9492849325551,28.624033450556542],[81.94892142330758,28.623855457476342],[81.94877405760502,28.623682717504618],[81.94856704811667,28.623201261181528],[81.94850365027865,28.62312498851129],[81.9482912606848,28.62296850348478],[81.94803610440694,28.62275593848826],[81.94801578470444,28.622697358483116],[81.94787430056148,28.62217933026519],[81.94774850658106,28.621986146517337],[81.94764634572347,28.62171831771741],[81.94728533990018,28.621389091856297],[81.94724276128457,28.62134876739619],[81.94707282462193,28.621232606780495],[81.94643133665383,28.620918946238707],[81.9460482594152,28.620625981524867],[81.94598755102594,28.620416543799124],[81.94598068330382,28.619651569282002],[81.94593904391925,28.619575108789007],[81.94594223460369,28.619421626377143],[81.94586020652291,28.61919205865266],[81.94569108242058,28.61901713079729],[81.94554140265484,28.618939293954273],[81.94539034604742,28.61891778564964],[81.94493623713772,28.618968296287775],[81.94478405424138,28.61904387919009],[81.94449850637561,28.619287322727182],[81.94419213822125,28.61949481821479],[81.94397136428196,28.619758206400878],[81.9437111407438,28.619832163114115],[81.94351625443306,28.619847040560867],[81.94338789445666,28.619789272107536],[81.94328260611869,28.619672673859853],[81.9432414677174,28.619575895108074],[81.9432449086889,28.619386339945624],[81.94329080301372,28.61923254500777],[81.94327092103912,28.61915595971588],[81.94304071384624,28.618789725501173],[81.9430228329478,28.618792101158004],[81.94252095517726,28.618861053853976],[81.94232613189358,28.618896249375627],[81.94212961927278,28.6190082180934],[81.94191065898391,28.619197021357948],[81.9414966886687,28.619382696453282],[81.94127841783109,28.619492538789494],[81.94106214827592,28.61954817873305],[81.94015493255087,28.619554484040385],[81.94000349996972,28.619571362643025],[81.93980930225906,28.619588490411978],[81.93935513115927,28.619639063288783],[81.93883668601053,28.61965168706057],[81.93846885912097,28.619703886489244],[81.93818769047567,28.61971932561819],[81.9379501011366,28.619754833006223],[81.93781986414747,28.61977152417283],[81.93695503803909,28.619874546697385],[81.93663004034731,28.61992874603072],[81.93623914130961,28.62005778077343],[81.93593502643068,28.620147928771722],[81.93562822105221,28.620373491770106],[81.9349771608919,28.62057654529517],[81.93393733030558,28.62077102990963],[81.93371924599197,28.620903378565725],[81.93345827245683,28.620975210167163],[81.93306656068606,28.621142567441943],[81.93291343858927,28.621254224122303],[81.9326532155595,28.621328243072174],[81.9322600642722,28.621552117463498],[81.93187047970518,28.6216044415884],[81.93174049348953,28.621659456011848],[81.93063976681495,28.6216264358734],[81.92895544597847,28.62168087256599],[81.92766859190445,28.621281242947653],[81.92747470750365,28.62125998442821],[81.92708806324364,28.621138569809002],[81.92695888981754,28.62113719318205],[81.92687310789417,28.621117436941763],[81.92678670006923,28.621115810421585],[81.9262890122703,28.621166569952155],[81.92525449989972,28.62109466356326],[81.92435410234005,28.62079387958766],[81.92345595751394,28.62038031144274],[81.92326201042837,28.620359053234203],[81.92300491411353,28.62027733927687],[81.9227459418864,28.620274585751943],[81.92222968664952,28.620172050862287],[81.9218419794754,28.62014760248639],[81.92112752127085,28.620269818139494],[81.92099603305427,28.62036547061955],[81.92066928350071,28.62051213461407],[81.92018728535864,28.620887740769835],[81.91999071023851,28.620999646483032],[81.91973042367141,28.621073665468295],[81.91953647565626,28.621050156697468],[81.91921510645766,28.62093274411926],[81.91863301286884,28.62090510510202],[81.91824392879944,28.620937048230843],[81.91776718652723,28.62104407494766],[81.91759405829944,28.621061078008356],[81.91739498009065,28.621326466084152],[81.91730644490957,28.621439873959563],[81.91715269896176,28.621551530572475],[81.91689166116574,28.621681878705598],[81.91641698316073,28.621655803760415],[81.91589828771366,28.621706688496218],[81.9157033391668,28.621723815861],[81.91548782046449,28.62172075043569],[81.91520709038494,28.621715871158166],[81.9150133928296,28.621712681030328],[81.9147971861073,28.621709553396137],[81.91408541842246,28.6217008559953],[81.9136795788141,28.621726171628175],[81.91335114242187,28.621746487164486],[81.91291841581966,28.621837384310627],[81.91241190665178,28.622346278369932],[81.91225396750455,28.622708446286058],[81.9122066966788,28.622936637212323],[81.91219205725396,28.623681480769434],[81.91205481241352,28.624081909342216],[81.91183203738171,28.62442407021562],[81.91149665319054,28.62504918826533],[81.91143062761284,28.625106016623285],[81.91127387678637,28.62539147344997],[81.91109793363007,28.625597970074935],[81.91091892495763,28.625901619900144],[81.91045780854586,28.626335680474938],[81.91030518726912,28.626429268177723],[81.90989127875355,28.626635137553833],[81.90937076882176,28.626780800061752],[81.90898180921386,28.626833061339543],[81.9085236337369,28.627093383442624],[81.90834656458253,28.627320260315074],[81.90830054488606,28.627474055574297],[81.90825327500289,28.627702246409935],[81.90826558551572,28.628162568982333],[81.90815260317105,28.62840926522945],[81.90810896065855,28.628465969585932],[81.9077141832487,28.628804877578194],[81.907537050964,28.629031754906244],[81.90742231578308,28.629373291180105],[81.9073873563541,28.630061805766587],[81.9071645809883,28.63040402896336],[81.90650332312131,28.631139613367964],[81.90619751804032,28.631347108443414],[81.90587139336766,28.631495899081546],[81.90574153214314,28.63149458497246],[81.90548124527741,28.63156622797896],[81.90528742236334,28.631562975319234],[81.90496261256301,28.6316351177492],[81.90481036697832,28.631710638451445],[81.90454695226364,28.6319357650028],[81.90439063980685,28.632200840392574],[81.90438544716378,28.63248973799751],[81.9044043275807,28.632604709648362],[81.90446860079783,28.632642658896017],[81.90461471485513,28.632894421654058],[81.90469905869043,28.63297057005492],[81.90473925929938,28.633105734746835],[81.90462771490934,28.633295977331418],[81.90440919336409,28.63346439893243],[81.90439731216934,28.63357286896928],[81.90438774563087,28.633654142103506],[81.90437892927804,28.633663269912457],[81.90413133104343,28.63402599881596],[81.90389292198208,28.634632424585195],[81.90375586701452,28.634838609034478],[81.90319446098141,28.635433652653074],[81.90255390268382,28.635835076673818],[81.90123621194834,28.636464435546138],[81.90036206651223,28.636781707355826],[81.89966517774272,28.636951062551923],[81.89914054046281,28.637146364852207],[81.89869955830956,28.63740206047602],[81.8981675409958,28.63778691790909],[81.8976614722635,28.63805886752068],[81.8975508049745,28.638131825107394],[81.89737348612331,28.638259361178193],[81.89691343537103,28.638456477119146],[81.89678169762243,28.638529559327452],[81.89642749913772,28.63876662582031],[81.89598026316781,28.63919380872034],[81.89575848989699,28.63936004326574],[81.89562349969836,28.63950758479088],[81.89539328353956,28.639883755041662],[81.89508759762158,28.64056276377678],[81.89439518094692,28.64291651007886],[81.89424830768868,28.64339133535843],[81.8942471816548,28.64340946597689],[81.8941768410334,28.64356113482579],[81.89399007841246,28.643936931035828],[81.89385671419925,28.64404839978788],[81.89299744693201,28.64453922282794],[81.89273422172174,28.644644813460282],[81.89221321251193,28.64474527518907],[81.89186376647793,28.64486718253715],[81.89107946934215,28.645073235288827],[81.8906416145974,28.645252095849933],[81.89039852108932,28.64539588569366],[81.89010640756591,28.64571372604349],[81.88963897712722,28.646100396633155],[81.88921231096758,28.64654783668469],[81.88856956305791,28.647005651602207],[81.88823499580643,28.64730117238457],[81.88805511340983,28.64750773111393],[81.88752034342083,28.647951293678663],[81.88701158580872,28.648297640190616],[81.8867437316826,28.648538646286873],[81.88654096534835,28.648763334291132],[81.88637270832281,28.649215778308474],[81.88634269412351,28.64944615802786],[81.88637476480257,28.649752873716594],[81.88635425041838,28.650287905313366],[81.88613422036352,28.650970790745923],[81.8860178615196,28.65119723120277],[81.88588393443565,28.651326705164934],[81.88570180060205,28.651569399367006],[81.88639306058025,28.651553589788282],[81.88803230212862,28.651547354068345],[81.88900473085165,28.651500350023124],[81.88967260697393,28.65152073804302],[81.89036324192455,28.651502677604906],[81.89105131269397,28.651563576626245],[81.89182666558644,28.651585528681697],[81.89225520139097,28.65165717882315],[81.89337293286916,28.651767159891943],[81.89440719627886,28.65178061172397],[81.89472981789493,28.65181012374406],[81.89494589891578,28.65179737268104],[81.89514128518312,28.651764551879534],[81.89529328011022,28.651731918852114],[81.89581385238333,28.651651712964043],[81.89671275818536,28.651237287799372],[81.89706226584617,28.651115381273552],[81.89732323955512,28.65104592581633],[81.89775477777809,28.651020547816284],[81.89792590369176,28.651062249249726],[81.89856138946377,28.65133108417022],[81.89872932604163,28.651449620347947],[81.8989564704771,28.651687317919784],[81.89927227414323,28.651886004170027],[81.8996116510625,28.65201242009432],[81.90033917314543,28.65212939898014],[81.90085023832123,28.652277197744386],[81.90127871052529,28.65234659691444],[81.90239544274007,28.652418129357407],[81.90265391414707,28.652425383823722],[81.90304312428798,28.652379999371103],[81.90373250807262,28.652379819069505],[81.90476195626833,28.652488048090003],[81.90561715066825,28.652647041546462],[81.90596134238423,28.65265604730197],[81.90624207373162,28.65264510893945],[81.90661215092119,28.652541145274437],[81.90698635699488,28.6523242096909],[81.90738544924213,28.652028190029075],[81.90764917422793,28.651902280230132],[81.90808383911336,28.65180006733335],[81.90946423401134,28.651745689589077],[81.90987563968531,28.651681987568956],[81.91011598086503,28.65159233890996],[81.91042097245519,28.651506816841554],[81.91068307147943,28.651417043214227],[81.9109456716162,28.6513114522731],[81.91112186479333,28.651201922280972],[81.91173497368278,28.65095185426888],[81.91208279310514,28.650866020715004],[81.91221409301978,28.6508131941155],[81.91232207068825,28.65079668994058],[81.9129696277078,28.65075843507819],[81.9136591370338,28.65075831669848],[81.91367889401073,28.650755941541124],[81.91385346055054,28.650745690386987],[81.91445387294856,28.650802587632906],[81.91488284570397,28.65085385743227],[81.91530656533943,28.651040540880945],[81.91590328765234,28.65119221667862],[81.91616069687257,28.65121978983625],[81.91624547819887,28.65125986485989],[81.91667538917996,28.651272748039023],[81.91693548731757,28.65124386700596],[81.91710642649157,28.651267562998722],[81.91771115464019,28.65122962092093],[81.91813900237696,28.651298895054882],[81.91839747433872,28.651306212317873],[81.9193520853524,28.651125918919384],[81.91994030852248,28.650952686730033],[81.92081739383363,28.65054051147773],[81.92099421232267,28.650430981389544],[81.92105936182382,28.65041478973162],[81.9215870010829,28.6501245852615],[81.92214434237553,28.64964457441007],[81.92257613626768,28.64906622148067],[81.92277815300969,28.64884140741383],[81.92282423364266,28.648766636302685],[81.92307026728056,28.648525755661453],[81.92313804329764,28.64845085929062],[81.92331010803493,28.64845642532345],[81.92375608640992,28.648624916076727],[81.92413222368012,28.648922444831836],[81.92458889006842,28.649357139404298],[81.92511439620914,28.649698807682576],[81.92538868474738,28.64984135168582],[81.92596283562568,28.650029225112448],[81.92606987572104,28.650053358832633],[81.9261984858256,28.65005698588667],[81.92632878546121,28.650040294814932],[81.92643676364767,28.65002597933121],[81.92683016405346,28.6498856295478],[81.92773419775816,28.649340103349616],[81.92788769414064,28.64926683337487],[81.92804169049448,28.649175495647402],[81.92927459989156,28.648508124296086],[81.92953838855833,28.648384465365787],[81.92999693799229,28.648245867093124],[81.92997474204438,28.648266372890955],[81.93010491581086,28.648231613559922],[81.93017062866944,28.648215359230697],[81.93051544522113,28.648226554054432],[81.93173052292711,28.64857248010907],[81.93211185178603,28.648736844147425],[81.93338851378661,28.649179362112953],[81.9344140215614,28.64942500657783],[81.93526633831833,28.649680902035797],[81.93578528419403,28.649641208313824],[81.93624126952906,28.649561314647585],[81.9366135363517,28.64942108969696],[81.93723827728529,28.648909008009735],[81.9373707032313,28.648835863015883],[81.93774972463382,28.648524087428484],[81.93799481908033,28.64832378066079],[81.93821721773148,28.648159797684116],[81.93837227730734,28.64805039229802],[81.93883814446426,28.647722237800675],[81.94013764143234,28.647060994281265],[81.94127707577609,28.646601745722705],[81.9419755281781,28.64639606734988],[81.94239268722215,28.646201326540293],[81.94309226578963,28.645977580385225],[81.94342214176322,28.64581503570927],[81.94370643723829,28.645711507881156],[81.94383579999398,28.645658681716853],[81.94388169223855,28.64564030162181],[81.94449536349109,28.645394610512263]]]}},{"type":"Feature","properties":{"province":"Karnali Province","district":"Surkhet","municipality":"Simta Rural Municipality","ward":"2","wardNumber":2,"sourceMunicipality":"Simta","sourceType":"Gaunpalika"},"geometry":{"type":"Polygon","coordinates":[[[81.96086223424778,28.623116794643465],[81.96093069977758,28.622906421112802],[81.9610648156652,28.622679792701714],[81.96115403817547,28.622509931130864],[81.96126670983212,28.622242854041858],[81.9616062844506,28.621407737022142],[81.96165774734042,28.620949227914966],[81.96164093167441,28.620719160310582],[81.9615589039103,28.620489592766],[81.96155497651837,28.619571135774937],[81.96172192445712,28.618732765912732],[81.96159950780944,28.618350027377456],[81.96156218547455,28.618043374458658],[81.9615943296292,28.61750828057487],[81.96168618006864,28.61720300445142],[81.9618215466466,28.616899666151863],[81.96188732296001,28.61682470747056],[81.96213623629744,28.616215906617892],[81.96220645387986,28.615910754455022],[81.96222666262263,28.614840941479244],[81.96232896110016,28.61400300846608],[81.96244563608177,28.61354406276821],[81.96276157689968,28.612783592262662],[81.96294590348707,28.612175227983297],[81.9629961145129,28.6117934920693],[81.96302070238924,28.610495736055803],[81.96298802383667,28.608812553740282],[81.96310782703819,28.608202376234278],[81.96335298657016,28.607747057840463],[81.9635545675252,28.607348441987025],[81.96357932911455,28.607197085654956],[81.96364917140092,28.606930320876103],[81.96367856251722,28.606510322250276],[81.96368838454606,28.605975415910113],[81.96375910310532,28.6056703265097],[81.96374904470676,28.60505883454671],[81.9638630427084,28.603606972427222],[81.96414772877117,28.602235134523905],[81.96413028828087,28.602005067145054],[81.96404844757981,28.601793566600826],[81.96398454964665,28.601735361854992],[81.9639205250204,28.601715480201886],[81.96377134501861,28.60161951268135],[81.96345028805588,28.60153836098703],[81.96306220495724,28.601532043108353],[81.96221963626002,28.60167338909119],[81.96170238008177,28.601668069544534],[81.9613780702985,28.601720019306182],[81.96099017354526,28.60173408218743],[81.96053650267848,28.601823041125563],[81.9600838320927,28.60181722311579],[81.95975952277934,28.60187142321129],[81.95853243703898,28.60183496312269],[81.95814616758702,28.60175418515164],[81.95806432387901,28.601752496215745],[81.95786612535574,28.601749430923032],[81.95728665857868,28.601647458373897],[81.95689951342926,28.601602816524128],[81.95638507140404,28.601482338519837],[81.95548298442777,28.601335286133907],[81.95536175200071,28.60129096019343],[81.9548402458462,28.601098272902128],[81.95445291379917,28.601035563907306],[81.95406864734039,28.600819371229534],[81.95361891815267,28.600642064791014],[81.95323471317207,28.600425872579407],[81.95284831981435,28.600327027727246],[81.95246311428234,28.60014922171319],[81.95207672034442,28.600048125877684],[81.95194879899886,28.59997003848477],[81.9516911400029,28.599890575927162],[81.95111342632529,28.59963511950855],[81.95004928640104,28.598875323957564],[81.94994431153738,28.598720339656715],[81.94969015634008,28.59846938906081],[81.94937504316378,28.59804507369067],[81.9487166158354,28.59748102672831],[81.9482912089899,28.597168055617693],[81.94679834743242,28.59628715808897],[81.94670199852185,28.596235891533045],[81.94594409473754,28.595834954289312],[81.9454960538963,28.59556055634745],[81.94530310786843,28.595500974566388],[81.94517518586052,28.595422888314555],[81.94478929165504,28.595301473837715],[81.94453113294709,28.595240077810242],[81.94388551687291,28.595174615449363],[81.94317687745492,28.594992242435485],[81.94266400014838,28.59475435472666],[81.9426210474212,28.594736599239507],[81.94182650073567,28.59453234383169],[81.94085557385499,28.594539023864616],[81.94059585039105,28.594592724406976],[81.93988458347228,28.594543515726322],[81.93954145643214,28.594424039712003],[81.93937133170252,28.59432588388718],[81.9392432216803,28.594229792476405],[81.9391388715639,28.594074808122762],[81.93901808249997,28.593633302234807],[81.9389838250084,28.593173229941605],[81.93901115205996,28.592868327489864],[81.93910043717554,28.59269621606622],[81.93908368361589,28.59246614769972],[81.93898233784277,28.59213961340312],[81.93878132747713,28.591892789491453],[81.9387289967893,28.591829958184817],[81.93841669905883,28.591213836161817],[81.9384183887027,28.591118996155867],[81.93837681164493,28.591042598679724],[81.93838162865796,28.590794337550363],[81.93845084567243,28.5905275731031],[81.93845641430818,28.590220607603513],[81.93861723094714,28.589686890477342],[81.93869364264516,28.58907708734732],[81.9389202360582,28.58846847336037],[81.93891030155498,28.58785698080407],[81.938747685501,28.587318759186708],[81.93866603291839,28.587050804492737],[81.93854461756678,28.586627366767654],[81.93833604443186,28.58624293889626],[81.93812991085373,28.585705029451514],[81.93756122149794,28.583784022610715],[81.93746068836316,28.58340103446997],[81.93742468047263,28.583017671123976],[81.93722292636762,28.58224956886971],[81.93716641045398,28.581789558361084],[81.93716741139195,28.581751234360233],[81.93710495208701,28.581636575341086],[81.93699722455763,28.581596687711382],[81.93648209602283,28.581455828690636],[81.93616128979534,28.581318097741416],[81.93592582751226,28.581218190677184],[81.93523950966627,28.58101756261818],[81.93453393582108,28.58066363977796],[81.9340443817025,28.58031271902898],[81.9337026309633,28.580116470540315],[81.93327472254407,28.579936663932482],[81.93288795289098,28.579855823175823],[81.9327378973271,28.57979592920449],[81.93269438168701,28.579796178986953],[81.93247898754592,28.57979317627479],[81.93243615980141,28.57979123726073],[81.93178484950325,28.58001235870721],[81.93152331172624,28.580142831789285],[81.93132867565913,28.580177965520306],[81.93100180029039,28.580365267042406],[81.93074120223615,28.58045497811093],[81.93030478445651,28.58069723219897],[81.92969567736554,28.580976746539047],[81.92947678026957,28.581165548956484],[81.92918791586591,28.581600799151314],[81.92864164337256,28.581992721347426],[81.92801196697536,28.58219558758455],[81.92758405892832,28.58201796859413],[81.92715083176728,28.58210674013581],[81.92710850354139,28.582086733478203],[81.92674030242092,28.582156938458517],[81.92576161697004,28.58258336667392],[81.92508560750692,28.58297609992849],[81.92430474924261,28.583213911986203],[81.92387321225615,28.583205530342617],[81.92370139847517,28.58314582337938],[81.92318420361161,28.58314031671502],[81.92205840334691,28.583332987024658],[81.92127748238903,28.58357073699365],[81.92066912563044,28.58381186361365],[81.92023502342634,28.5839388965898],[81.91997404838855,28.58406930721933],[81.91928097431048,28.584191398927103],[81.91915092489174,28.584228346535628],[81.91891346054446,28.584263854126274],[81.91865311164621,28.58431749274006],[81.91778903665265,28.584400070686396],[81.91675389813176,28.584366487662795],[81.91623751707856,28.584302276661187],[81.91563291453015,28.584313148829605],[81.91511353077848,28.584418174246306],[81.91485293227676,28.584510198289152],[81.91406932040306,28.584883363074066],[81.91367979862655,28.584926558788226],[81.91316060279215,28.58498425885233],[81.91262033739122,28.58497437545814],[81.91212559022848,28.584891908912915],[81.9117814625112,28.58479043808285],[81.91100585935102,28.58468283572945],[81.9104869141848,28.584693084340586],[81.90988006014379,28.584818990168944],[81.90970561880897,28.58489238461482],[81.9095103574911,28.584927580527726],[81.90940244155502,28.584944084190088],[81.9092288759194,28.584979155370046],[81.9079326386804,28.584978767284493],[81.90749966272628,28.585029090308495],[81.90689443552864,28.585039900104956],[81.90680721477968,28.585076597191616],[81.90654849279406,28.58509184889115],[81.90602917074764,28.585199125727367],[81.9052470603143,28.585533841264013],[81.90489898988432,28.58572120510894],[81.90403410004411,28.58586461327238],[81.9036032514623,28.58585848206475],[81.90317346591065,28.585755322920495],[81.90291674669074,28.585637410567557],[81.90240067902634,28.585534750729842],[81.90212026055282,28.585550189271483],[81.90142793666737,28.5856947250032],[81.90013294921947,28.58577329767419],[81.8995293469405,28.58574572110007],[81.89909812287554,28.58577791387242],[81.89883952557224,28.58573671173718],[81.89780426135316,28.585761646069123],[81.89616583338643,28.585740936025893],[81.8956473882126,28.585809763553463],[81.89495462635358,28.585972304370014],[81.89476042752987,28.585989369544336],[81.89424022997422,28.58615535058902],[81.89286639054878,28.587037720852635],[81.89165086506739,28.587519662967047],[81.891215698509,28.58776179148403],[81.89086887924952,28.587872320453517],[81.890695375567,28.587909580207274],[81.89026496486343,28.587883067519257],[81.88965973639658,28.58797277599397],[81.8893144810238,28.587966020184773],[81.88870850239022,28.588112244547705],[81.8885359371926,28.588111054828623],[81.8884492795366,28.58814775211369],[81.88810371138379,28.588181571130935],[81.88698210208386,28.58820475437746],[81.88663609670209,28.588256640616525],[81.8863776872847,28.588233506197117],[81.88600992358941,28.58828783142095],[81.88573069379247,28.588226435500133],[81.88528108996704,28.588046690834247],[81.88502493361212,28.58791064812581],[81.88442940401653,28.587404493859566],[81.88419700745543,28.5871329744214],[81.88392034401126,28.58691809587175],[81.88356715857655,28.586108042290988],[81.88334208288175,28.585414398990103],[81.88326262082911,28.585010966510307],[81.8830969396668,28.584608159481846],[81.8827628843617,28.58395133847587],[81.88225689112568,28.583293452729926],[81.88192077101121,28.582769795542],[81.88143415859899,28.582208814025144],[81.8812446535654,28.58193698206788],[81.8809689272997,28.58168603024018],[81.88086395266826,28.581510665300918],[81.88071533627385,28.581394317308437],[81.88058860381314,28.58121913953464],[81.8802107819371,28.58060095447191],[81.88014700882418,28.58054268702689],[81.88008774056594,28.580254288610526],[81.87994375361366,28.579851231287797],[81.87971073226622,28.579579649157832],[81.87926344358122,28.579284683073713],[81.87883497228054,28.579106939807684],[81.87864114960766,28.57908561900167],[81.87776144796146,28.578824971119545],[81.87758932024556,28.578803588183778],[81.87741863248338,28.578723438045046],[81.87690356570808,28.57858239101225],[81.87655968798195,28.57850111340515],[81.8759571495894,28.578437276573617],[81.8756983645894,28.578452528346755],[81.87518148411853,28.578406196549544],[81.87488005925398,28.5783652440411],[81.87453693134321,28.578283966798477],[81.87442932811508,28.578262147056854],[81.87412552510794,28.578392682597197],[81.87392832400414,28.57858129837581],[81.87394939367998,28.578581173500073],[81.87397065126282,28.578601304082866],[81.8740978226585,28.578756226595086],[81.87422393002589,28.57893140380984],[81.87443469292693,28.57922117890633],[81.87447370487018,28.579451121509074],[81.87455566939414,28.57970107040785],[81.87468014972438,28.579991407481504],[81.87493086323806,28.580472613055854],[81.874928360179,28.580626158428643],[81.87502926814618,28.58101139783761],[81.87504589516818,28.58131823790859],[81.87510660204676,28.581547992913826],[81.87504769353693,28.582466886978356],[81.87497609874293,28.58285093683259],[81.87507725685113,28.583254243397178],[81.87518097979458,28.58350406779711],[81.87528069906087,28.58396607976083],[81.87527813396474,28.58411956185205],[81.87536053703391,28.58434919248],[81.8756421268252,28.585541170175006],[81.87564649020403,28.586538588284895],[81.87555513986682,28.586843801519272],[81.87554612944027,28.58738095975464],[81.87562152426578,28.587994327984326],[81.87588492292042,28.58899456143577],[81.87594049997769,28.589531344214244],[81.87551883159125,28.590253927306865],[81.87553226860295,28.590714187826205],[81.87544085498118,28.591019463755607],[81.87517374875479,28.591495100650143],[81.87515011232499,28.591648707523614],[81.87516042596144,28.5918923419885],[81.87518011442069,28.5923367855921],[81.87521843869828,28.592566727904764],[81.87521268245816,28.5928736927545],[81.87529258402644,28.593180034010377],[81.87526375540348,28.593561645780753],[81.87542868776424,28.593946447717993],[81.87565814341089,28.594330875135846],[81.87580006594806,28.594792574326192],[81.87607815494802,28.59602068749799],[81.87614904588635,28.59678522540723],[81.87630947315766,28.59740028274305],[81.87643476705648,28.597629663520227],[81.87649484976815,28.59786166953175],[81.87670279752024,28.59826429052897],[81.87718884844757,28.59875081246255],[81.87768053089738,28.598986887505706],[81.87784846592054,28.59919788796685],[81.87790854830278,28.59942770603837],[81.87815857286739,28.59989096983319],[81.87831580976471,28.600657258512605],[81.87844110438746,28.60088882777285],[81.8785838400228,28.601291822698805],[81.87906701247498,28.601967963860396],[81.87957388385857,28.602490496870463],[81.87990693830703,28.603106681388212],[81.88009237706765,28.60356806845491],[81.88029250456688,28.604336295844288],[81.8803083822765,28.60464088542201],[81.88038790805857,28.604967544720374],[81.88055208861093,28.605411051159596],[81.88090821563503,28.605950338809254],[81.88137275855216,28.606452803257167],[81.88168812200286,28.606859300100727],[81.88183773937394,28.606937262130508],[81.88196466024822,28.60705373506676],[81.88219661849088,28.60734338500072],[81.88304680513524,28.60794713343873],[81.88325882057195,28.608142068024076],[81.8836862909135,28.608337879653323],[81.88415796620532,28.60847923831111],[81.88449884124371,28.608713935890044],[81.88492581138863,28.60893006608774],[81.88524486627263,28.60916263769966],[81.88539429574018,28.609222593829717],[81.88614501323082,28.609461421973613],[81.88629544378843,28.60948299207435],[81.88700295756787,28.609683745320357],[81.88726142865649,28.609706879588114],[81.88765051303335,28.6096726862241],[81.8881031203343,28.609678754717724],[81.88829838251999,28.609623303120816],[81.88862225413044,28.60958960888571],[81.88946131826272,28.609696961487813],[81.89036271683128,28.609918847896747],[81.89076717801288,28.610191620270488],[81.89102539881146,28.61025307838056],[81.89140935301397,28.610449139305853],[81.89162136778494,28.610644074107324],[81.89187758776372,28.610780054042902],[81.89226429435341,28.610842951233888],[81.89290740850065,28.611062084484022],[81.8932300291572,28.611105037776017],[81.89385132261442,28.611322170118505],[81.89397911953888,28.61138225137953],[81.89475222077431,28.611546370176953],[81.89513986560031,28.611570943484352],[81.89539739914439,28.611630151158728],[81.89558846960392,28.611766505185663],[81.89590933768638,28.61190661272878],[81.8962952320675,28.61202590145812],[81.89687169447963,28.612301925195357],[81.89706470422958,28.612361569786035],[81.89745184848032,28.612406399486158],[81.89796597726057,28.612565451668814],[81.89856864129281,28.61261109591583],[81.89886775125528,28.612749014238148],[81.89931923222575,28.61283179292438],[81.89998329190442,28.613032733881063],[81.90026164539745,28.613132390938958],[81.90058332794351,28.613213792759595],[81.90122531566097,28.613450994001894],[81.90139581612169,28.613569467537207],[81.9015885760211,28.613608794307098],[81.9022958383228,28.613850059381914],[81.90274807035861,28.613874133567474],[81.90307019054964,28.613935154707878],[81.90390556426446,28.614195863989607],[81.90442113110673,28.61429846193994],[81.90487386333893,28.614304468003457],[81.90538943079979,28.614407065935772],[81.90661782972181,28.614423708769603],[81.90772281196462,28.614152264799934],[81.90791657162356,28.61415545498217],[81.90817679562932,28.61408149888534],[81.90843564317711,28.614066246856567],[81.90927902439235,28.613925150874355],[81.90976151821718,28.61390164924421],[81.90988362670792,28.613896336534733],[81.9104013216078,28.613883775141982],[81.91065891717615,28.613945232900015],[81.9109172649748,28.61394798673602],[81.9113665563614,28.614145799303966],[81.91157932207162,28.61428202886815],[81.91191769527603,28.614593436218517],[81.91204073661713,28.614919845929993],[81.91231202083362,28.615382921364464],[81.91237579377052,28.61544106473166],[81.91250402873237,28.615480889394174],[81.91269822757316,28.615463761908238],[81.91304085433649,28.61560361882353],[81.91354672455114,28.61620273675421],[81.91367927276399,28.61630339291969],[81.91403521504084,28.61657178794693],[81.91422547203854,28.61676684641729],[81.91475891824406,28.617081444794124],[81.91514237173828,28.617354152939097],[81.91588952221007,28.61776659440165],[81.9162510918315,28.618019234952303],[81.91646310675542,28.618214043546132],[81.9168434319943,28.6186402355239],[81.9168647524899,28.61866042851361],[81.91692708688872,28.6187750880956],[81.9173156566667,28.619853408079784],[81.91736266212556,28.620771553672757],[81.91740380153227,28.620868269966362],[81.91759405829944,28.621061078008356],[81.91776718652723,28.62104407494766],[81.91824392879944,28.620937048230843],[81.91863301286884,28.62090510510202],[81.91921510645766,28.62093274411926],[81.91953647565626,28.621050156697468],[81.91973042367141,28.621073665468295],[81.91999071023851,28.620999646483032],[81.92018728535864,28.620887740769835],[81.92066928350071,28.62051213461407],[81.92099603305427,28.62036547061955],[81.92112752127085,28.620269818139494],[81.9218419794754,28.62014760248639],[81.92222968664952,28.620172050862287],[81.9227459418864,28.620274585751943],[81.92300491411353,28.62027733927687],[81.92326201042837,28.620359053234203],[81.92345595751394,28.62038031144274],[81.92435410234005,28.62079387958766],[81.92525449989972,28.62109466356326],[81.9262890122703,28.621166569952155],[81.92678670006923,28.621115810421585],[81.92687310789417,28.621117436941763],[81.92695888981754,28.62113719318205],[81.92708806324364,28.621138569809002],[81.92747470750365,28.62125998442821],[81.92766859190445,28.621281242947653],[81.92895544597847,28.62168087256599],[81.93063976681495,28.6216264358734],[81.93174049348953,28.621659456011848],[81.93187047970518,28.6216044415884],[81.9322600642722,28.621552117463498],[81.9326532155595,28.621328243072174],[81.93291343858927,28.621254224122303],[81.93306656068606,28.621142567441943],[81.93345827245683,28.620975210167163],[81.93371924599197,28.620903378565725],[81.93393733030558,28.62077102990963],[81.9349771608919,28.62057654529517],[81.93562822105221,28.620373491770106],[81.93593502643068,28.620147928771722],[81.93623914130961,28.62005778077343],[81.93663004034731,28.61992874603072],[81.93695503803909,28.619874546697385],[81.93781986414747,28.61977152417283],[81.9379501011366,28.619754833006223],[81.93818769047567,28.61971932561819],[81.93846885912097,28.619703886489244],[81.93883668601053,28.61965168706057],[81.93935513115927,28.619639063288783],[81.93980930225906,28.619588490411978],[81.94000349996972,28.619571362643025],[81.94015493255087,28.619554484040385],[81.94106214827592,28.61954817873305],[81.94127841783109,28.619492538789494],[81.9414966886687,28.619382696453282],[81.94191065898391,28.619197021357948],[81.94212961927278,28.6190082180934],[81.94232613189358,28.618896249375627],[81.94252095517726,28.618861053853976],[81.9430228329478,28.618792101158004],[81.94304071384624,28.618789725501173],[81.94327092103912,28.61915595971588],[81.94329080301372,28.61923254500777],[81.9432449086889,28.619386339945624],[81.9432414677174,28.619575895108074],[81.94328260611869,28.619672673859853],[81.94338789445666,28.619789272107536],[81.94351625443306,28.619847040560867],[81.9437111407438,28.619832163114115],[81.94397136428196,28.619758206400878],[81.94419213822125,28.61949481821479],[81.94449850637561,28.619287322727182],[81.94478405424138,28.61904387919009],[81.94493623713772,28.618968296287775],[81.94539034604742,28.61891778564964],[81.94554140265484,28.618939293954273],[81.94569108242058,28.61901713079729],[81.94586020652291,28.61919205865266],[81.94594223460369,28.619421626377143],[81.94593904391925,28.619575108789007],[81.94598068330382,28.619651569282002],[81.94598755102594,28.620416543799124],[81.9460482594152,28.620625981524867],[81.94643133665383,28.620918946238707],[81.94707282462193,28.621232606780495],[81.94724276128457,28.62134876739619],[81.94728533990018,28.621389091856297],[81.94764634572347,28.62171831771741],[81.94774850658106,28.621986146517337],[81.94787430056148,28.62217933026519],[81.94801578470444,28.622697358483116],[81.94803610440694,28.62275593848826],[81.9482912606848,28.62296850348478],[81.94850365027865,28.62312498851129],[81.94856704811667,28.623201261181528],[81.94877405760502,28.623682717504618],[81.94892142330758,28.623855457476342],[81.9492849325551,28.624033450556542],[81.94960892972138,28.624017636258063],[81.95008798763146,28.62381339375107],[81.95050270890894,28.62357126404509],[81.95142175014819,28.62289463729573],[81.95207011895347,28.622885515666535],[81.95226312860426,28.62294509770663],[81.9525857498471,28.62298798831311],[81.95310375684545,28.62299336947337],[81.95362389046493,28.6228859063087],[81.95395082839542,28.62269854187518],[81.95417222790876,28.62243521665379],[81.95439131165855,28.622266669567857],[81.95478483798139,28.62200434606989],[81.95491532583164,28.62194701819421],[81.95536168099385,28.621952899432852],[81.95575626611426,28.621959155034045],[81.95614328695066,28.621983478349428],[81.95640088280192,28.622044874101693],[81.95646596967264,28.6220263687076],[81.95704506113424,28.622148660789964],[81.95734385922341,28.62230452147107],[81.95798434599311,28.62263843818673],[81.95830327574188,28.622834749432673],[81.95849584686933,28.62291239878247],[81.95883497056366,28.62322368048159],[81.95902660364796,28.62333965428712],[81.95926150306877,28.623439560542764],[81.95949884248003,28.623442438858437],[81.95973586861207,28.623427124680013],[81.96019035328649,28.62333816529832],[81.96032021521,28.62328083719967],[81.96075388030852,28.62315361606213],[81.96086223424778,28.623116794643465]]]}},{"type":"Feature","properties":{"province":"Karnali Province","district":"Surkhet","municipality":"Simta Rural Municipality","ward":"7","wardNumber":7,"sourceMunicipality":"Simta","sourceType":"Gaunpalika"},"geometry":{"type":"Polygon","coordinates":[[[81.9865076399375,28.54061401401262],[81.98659855170635,28.540367317871755],[81.9866445084021,28.540215773762903],[81.98666696993344,28.5389970415688],[81.98673581060784,28.53877091330022],[81.98706944223568,28.53824038557253],[81.98711364784411,28.538183682243815],[81.98739882019645,28.537940113191798],[81.98781547998446,28.53760308088169],[81.98799230012861,28.537378329321438],[81.98821820381526,28.53680810163874],[81.98822126978597,28.536656869479078],[81.98833519156582,28.53633558832738],[81.9883418856401,28.535954164411727],[81.9883130098037,28.535191627719687],[81.98821591828548,28.534580760379665],[81.98824199326266,28.534352630816944],[81.98835535145184,28.534049417870907],[81.98860094948292,28.533596286722684],[81.98907639309388,28.532383248337855],[81.98927959983914,28.531910173567944],[81.98943585022026,28.531608836555336],[81.98952945243533,28.531229038760408],[81.98953608449361,28.530847614357615],[81.98958498167275,28.530544901312936],[81.98960836616958,28.530449998286198],[81.98960930482436,28.530411549295618],[81.98965632553491,28.530183295800047],[81.99001290357309,28.529578121623224],[81.99027781932236,28.52927834854636],[81.99145996216586,28.528360277860845],[81.99150160284503,28.528299010066885],[81.99161564823262,28.52813346290683],[81.99190914247086,28.527413691264847],[81.99215442672894,28.526999009595205],[81.9922460902767,28.52669360847243],[81.99235832241428,28.52646710548354],[81.99254052243167,28.52593770162025],[81.99259248432496,28.5254815062104],[81.99255566277046,28.525100394123825],[81.99203042810727,28.523111554888356],[81.99205525131411,28.52296019860208],[81.99199854841368,28.522502501244425],[81.99200399118367,28.5221978489181],[81.99205407716767,28.521818300823025],[81.99214642833009,28.52151527487007],[81.99215005706232,28.521285082295982],[81.99208847398731,28.521132037478612],[81.99189622989442,28.519835905082093],[81.99165083475074,28.519070427847105],[81.99161589006624,28.518612542639985],[81.99147478062001,28.51807869735343],[81.99122300420034,28.517656320943438],[81.99099686436837,28.517044201949766],[81.99094447800356,28.516358500133606],[81.99108503844485,28.51575044782331],[81.99110205546737,28.51483636698075],[81.99114901382714,28.514608113036875],[81.99113470018328,28.51422681395147],[81.99097314635435,28.51368865385912],[81.99089512262756,28.513267216816164],[81.9908539833152,28.51317275144147],[81.9908354771743,28.513037524157408],[81.99113353804506,28.512125884896886],[81.99140139463141,28.511672566810272],[81.99199743936673,28.51093704367246],[81.99232587830312,28.510675094710162],[81.99243473179605,28.510638272952548],[81.99265312855579,28.510489981166373],[81.99317432678276,28.51028755211889],[81.99337065160563,28.510175521146078],[81.99356722704246,28.51002741660534],[81.99380982156381,28.509743585446678],[81.99398463851088,28.509651997847076],[81.99417958738346,28.50959648339705],[81.99441705152653,28.509581168689035],[81.99551189672975,28.50979199162922],[81.99583464288112,28.509814501137313],[81.99592180132719,28.509777741226145],[81.99603215712018,28.509627948160986],[81.99605785625893,28.509435954695125],[81.99578650983268,28.508973066157875],[81.99555461349046,28.508701733728817],[81.9955065353227,28.50854187464712],[81.9955064107713,28.508541436931043],[81.99550547281224,28.508538248309346],[81.9955061607478,28.508535310164884],[81.99555936994477,28.508320310152108],[81.99547496653277,28.5081088093838],[81.9951113362973,28.507610472342225],[81.99470381208434,28.507265929648238],[81.99423188941934,28.50693995414689],[81.99390964520119,28.506766275720086],[81.99363135602681,28.50651557439222],[81.99294723558637,28.505615553239185],[81.99284063647357,28.50536591652279],[81.9926701373408,28.50515504057082],[81.99254215455495,28.504925784686982],[81.99234983717537,28.504579680997292],[81.9916024441407,28.503544807984476],[81.99136704608037,28.503296045163353],[81.99070142727352,28.502874414798686],[81.99012340485305,28.502260291459596],[81.98956808128361,28.501474555308615],[81.98937651386164,28.501071935301205],[81.98912023535047,28.50070820127817],[81.98886333009399,28.50041898939204],[81.9888421973996,28.500342404289125],[81.9886285591937,28.500037062513393],[81.98839359849427,28.499767981112456],[81.98781513880697,28.49917417614205],[81.987365036443,28.498845700939338],[81.98723605247314,28.49871353575519],[81.98672123923104,28.49836742931134],[81.98667828647513,28.49828878016857],[81.98618541835548,28.497886157184972],[81.98607863081112,28.497733486691953],[81.98586461499369,28.49752292335334],[81.98580077999594,28.497388007945112],[81.98562971822125,28.497195137322684],[81.98546028538729,28.49675625693481],[81.9853968897969,28.49647017166502],[81.98539851762779,28.496296433246933],[81.98550862615217,28.495916510357386],[81.98574834722397,28.495456627890576],[81.98631250380602,28.49486808535724],[81.9865288362644,28.49471529290147],[81.98733108401775,28.493973770402288],[81.9878311552909,28.493288636336374],[81.98841581776654,28.49277436606002],[81.9890425560923,28.49252829944164],[81.98951660910666,28.49254968517754],[81.98999059962283,28.49249436150585],[81.99024913391796,28.49255113087403],[81.990572316995,28.492553259556605],[81.99132722687628,28.49242366574103],[81.99201880276718,28.492138776085287],[81.9923646221149,28.49191058771601],[81.99253800148928,28.49174003909964],[81.99292808977162,28.49145514658549],[81.99353332041892,28.491094109051904],[81.99398724333669,28.490941881013953],[81.99426810032399,28.49079090217786],[81.9944192816626,28.490771710367557],[81.99493729153262,28.490582847699866],[81.99536876634535,28.49048944931355],[81.99562742585971,28.49048982720802],[81.9959504839814,28.490548346604797],[81.99638108244741,28.490570045375993],[81.99704526553086,28.490910401690268],[81.99745861057252,28.49072235009183],[81.99778035517863,28.490783183195077],[81.99808884617848,28.490785374483828],[81.9984453569403,28.49060001119622],[81.99877617179938,28.4903312474697],[81.99981426221218,28.489213367188356],[81.99997820182097,28.488927784492024],[82.0007668223375,28.48797645010221],[82.00286950161409,28.486667836500562],[82.003943417129,28.485637606537665],[82.00421452023703,28.485473123834694],[82.00471964890474,28.485338525829274],[82.00569801515331,28.485412494993636],[82.00705340030974,28.48530991478067],[82.00789940456518,28.485296918664602],[82.00797950021929,28.485061600532646],[82.00893199317893,28.48422630240689],[82.00938579519023,28.483602373073335],[82.00970604907803,28.482900420307505],[82.0099820357965,28.482241666636433],[82.01030541748786,28.481329839477272],[82.01001012698958,28.480756544256202],[82.00998756882858,28.479671287295453],[82.00990610889912,28.47902872293561],[82.00994850819737,28.478319890546828],[82.00975038650938,28.477028196775613],[82.00927602888505,28.47643370543801],[82.00775734631515,28.475463343893058],[82.00728167018045,28.475270533107278],[82.00681968532231,28.475163371595585],[82.00616850284626,28.47524045107225],[82.00499249537081,28.47552446084019],[82.00458446819131,28.47552070571013],[82.00363161211979,28.475367526915438],[82.00323471660947,28.475126702203088],[82.0021935912131,28.473875199682595],[82.00122211320335,28.472902967628546],[82.00090193360595,28.472659331104083],[82.0005601201763,28.472503907274838],[82.00010038550076,28.472500464253702],[81.99853804523623,28.47284823841673],[81.99796783115846,28.472843419816154],[81.99769297932191,28.472748389219127],[81.99727113814946,28.47242879146212],[81.99718917003423,28.472402282523895],[81.99704574255064,28.472292749048894],[81.99692701292895,28.472092814241574],[81.99684123082162,28.472073057949995],[81.99658363673157,28.471901255216732],[81.99593846024385,28.471668992712246],[81.99581003767771,28.47159096860627],[81.99555156682347,28.471534137420104],[81.99516423426437,28.47149418414027],[81.99400035998852,28.47150717729134],[81.99329053313701,28.47139051068804],[81.99316167308025,28.471332805332693],[81.99225771035593,28.471215261788792],[81.9918708163997,28.471080469315087],[81.99090389444629,28.47084607866724],[81.9897226453592,28.4703649882227],[81.98908003394791,28.46992279033471],[81.98852408338642,28.4693288604528],[81.98809874532068,28.468564694835013],[81.9878436545542,28.468180641678178],[81.98769460215843,28.467874800418816],[81.98720417648111,28.467185468351786],[81.9869604641757,28.466857870208795],[81.98690550738283,28.466783785207195],[81.98677733541034,28.46666737473192],[81.98624120074795,28.466341773849884],[81.98585474537623,28.46618659973254],[81.98508258662457,28.465745338053097],[81.98399018660122,28.464920647756326],[81.98369089177964,28.464593299482672],[81.9833061258314,28.464268762619998],[81.98311424535929,28.463961045139],[81.98260156024206,28.463405127547556],[81.98226087719897,28.462811825249553],[81.98221917697578,28.462581944646097],[81.98217678673323,28.462487479221487],[81.98207388143715,28.461856292772392],[81.98209670505248,28.46162822581472],[81.98222819641185,28.46128425121451],[81.98255451152076,28.460807989854874],[81.98344103771876,28.46029609798416],[81.98387276433857,28.460105671108394],[81.98434813416279,28.459802086880185],[81.98469382779008,28.45963028969403],[81.98488884045932,28.459459679060924],[81.9851264319458,28.459327017106883],[81.98551677003321,28.458947347376874],[81.9857563020764,28.45854616921668],[81.98591255903216,28.45770554863639],[81.98602272896483,28.45740008556109],[81.98598159177908,28.457095745056513],[81.98598378472131,28.45671432132775],[81.9858365477328,28.45625505944948],[81.98549586539934,28.45566181995953],[81.98508934183772,28.455335219702874],[81.98465980755343,28.45514203476548],[81.98448818175225,28.45508457876778],[81.984015819036,28.454948033479937],[81.98311317162488,28.454679258690415],[81.98298474936837,28.454601171920377],[81.98208260243595,28.454312140677377],[81.98182488199122,28.454196666918776],[81.98137352656319,28.454059998089814],[81.98109435971104,28.45403942661305],[81.9809865071952,28.45404023790394],[81.98066344798114,28.454038047301793],[81.98027692911678,28.45394151517137],[81.97969721554792,28.45365236211983],[81.97924654891928,28.453517880530825],[81.97892348944147,28.45351800242071],[81.9786640787705,28.45363047071183],[81.97795281007508,28.453818268716326],[81.97769346047279,28.453951117705845],[81.97730462644519,28.454084778104047],[81.97678730622488,28.45419686855363],[81.97646462174093,28.454233001228243],[81.97607622488556,28.454346406442824],[81.9758178150279,28.454364033500845],[81.97529980710914,28.45447831262229],[81.9749558667346,28.45441985451325],[81.97476241927426,28.454418977237786],[81.97346861769633,28.454719365108186],[81.97288727477219,28.45475512002875],[81.97088326992106,28.45501549013371],[81.97068925848747,28.455091322462685],[81.96926597103275,28.455410652864824],[81.9688772607768,28.455562443900458],[81.9680338752463,28.456112159062826],[81.96615434761262,28.457021533505504],[81.96563552394007,28.45732536727392],[81.96544094869233,28.457477972937404],[81.96513695575362,28.457820820836897],[81.9644871428917,28.45839191894733],[81.96392116988825,28.459267045984934],[81.96359610568541,28.45961008114144],[81.96335857839178,28.45974268012178],[81.96292691402179,28.45987433956333],[81.96279774118592,28.45985495720089],[81.96202163677896,28.45994847695738],[81.96176310289663,28.459889394575065],[81.96143992107748,28.459733659025545],[81.96075417479254,28.45886971114083],[81.960564049593,28.4581782564039],[81.9605440462922,28.457873729257688],[81.96043682124032,28.45766235384073],[81.96037342536142,28.457432597982038],[81.96039549731043,28.45733544445969],[81.96035266885517,28.457258984466172],[81.96028983800106,28.456875808870514],[81.9602510831791,28.456111083522252],[81.96003794647365,28.455631878170472],[81.96010453428222,28.45558630361144],[81.95993065905657,28.45542050328258],[81.95984563028483,28.455190934759244],[81.95961054621642,28.454824762555077],[81.95915981994978,28.45440138408547],[81.95866532669876,28.454073158217398],[81.95814913545094,28.45382170422414],[81.95745950476368,28.453664150854078],[81.95720040755799,28.453663773602646],[81.95642486820743,28.453545106363222],[81.95590692395128,28.453521656683208],[81.95536378395686,28.453462258918638],[81.95478738121942,28.453400922717908],[81.95461519114835,28.453420177097584],[81.95444312745045,28.45338072597951],[81.95332377050808,28.453357021028783],[81.95246244687381,28.453410465988675],[81.95142855627753,28.453654651866767],[81.95091142337688,28.453728231649386],[81.95056666958168,28.4537260401056],[81.95039460526485,28.453688964514054],[81.94918927925828,28.45368382642913],[81.9479835743303,28.453850238476782],[81.94703502931051,28.45407573270587],[81.9466900232105,28.454188700760465],[81.94599957299353,28.454509475256664],[81.94532981643444,28.45492940471937],[81.9448763919462,28.455271062934663],[81.94461710590788,28.455403724432298],[81.94442265579498,28.45557433518337],[81.94390433341518,28.45580133411797],[81.9428456801839,28.456352548152246],[81.94258570295783,28.456695146288986],[81.94197972114473,28.457114576110886],[81.94169773566612,28.457495684908686],[81.94124381207055,28.45778088886263],[81.94231332272152,28.458951492933625],[81.94246231117302,28.45933635736669],[81.94261117713297,28.459565488709895],[81.9429962532721,28.460007372156035],[81.94312404835746,28.46023894156253],[81.94331699308903,28.460467885353292],[81.9435737740538,28.46069845554622],[81.94374502291419,28.460929712482645],[81.94389482725575,28.461045998400646],[81.94410890340633,28.461353716064433],[81.94415047892493,28.461581345634844],[81.94414816019487,28.461965020811608],[81.94410301492172,28.462272234889486],[81.94412176644481,28.462730182635802],[81.94392424608837,28.46341763230771],[81.94392249190014,28.463724535068746],[81.94404677839603,28.464490948132994],[81.94391591381037,28.464776217881536],[81.943724026629,28.464955832045764],[81.94352538626809,28.46523478657882],[81.94294128669334,28.465672096971346],[81.94190577041006,28.465895964859104],[81.94114991959407,28.46627581864544],[81.94086856220488,28.46650569612265],[81.94056494422767,28.46682816318919],[81.94055050048004,28.466857671668773],[81.94041257017004,28.467133938944347],[81.94036604686337,28.46759238501154],[81.94042881678017,28.46789885119005],[81.94066264925111,28.468341795637745],[81.94063869794493,28.468741412611802],[81.94072404053459,28.468858197867018],[81.94067814316347,28.46929857682651],[81.94057028891936,28.469373785255918],[81.9404835688824,28.469392415070583],[81.93988052993042,28.46942816898176],[81.93959929759512,28.469540699394347],[81.93938340223144,28.469675362312277],[81.93901469641156,28.470075100512044],[81.93877422624826,28.470532607596507],[81.93870857319114,28.470763237538197],[81.93838094128698,28.47146956665616],[81.93822932051603,28.4715834732412],[81.93807726201737,28.471715447791123],[81.93790350650393,28.4719265082066],[81.93764209100675,28.472402207962357],[81.93757612615511,28.47259445118728],[81.93716384095792,28.47305095565748],[81.93696870307298,28.473223755163122],[81.93688292049615,28.47326045255744],[81.93668721933221,28.47345138102092],[81.93640636215927,28.473602297489332],[81.93621241457801,28.47362167645984],[81.93603978667099,28.473677003676812],[81.93532839329964,28.47373157560288],[81.9350692950216,28.473825850734947],[81.93483089026942,28.4740734832221],[81.93470033887024,28.474263974955306],[81.93469927408239,28.474437713393833],[81.93465544427147,28.47453280410824],[81.93461023508432,28.47483776802859],[81.93458509445794,28.475393118487386],[81.93445385305874,28.475718962829525],[81.93421519806869,28.475946276498572],[81.93348022992711,28.476382397944597],[81.9326979876551,28.47731753919239],[81.93248171685539,28.47748827520161],[81.93243832415908,28.477565296954698],[81.93181020764719,28.478020924377024],[81.93150777958793,28.47819228410222],[81.93139998964563,28.47821103872247],[81.93107718108052,28.478170398904158],[81.93047658655264,28.477766024280594],[81.92970236120021,28.47751406808335],[81.92931434048126,28.477532506653905],[81.92920673782282,28.477569391249908],[81.92888211361966,28.477758881756724],[81.92860056689155,28.47798650762914],[81.92840511548302,28.478274402645177],[81.92831739305532,28.478464582924367],[81.92825023698232,28.478884830427518],[81.92824766919838,28.479248187667395],[81.92828893102013,28.479516453883928],[81.92845548275984,28.480379583882527],[81.92911909776544,28.481052099977145],[81.92935349369299,28.481416084383003],[81.92986279504085,28.48262444442906],[81.92992487572538,28.483007619797657],[81.93005148068293,28.483390420373432],[81.93007142337142,28.483620488776385],[81.93019859200015,28.483926517548465],[81.93043016747184,28.48477120443203],[81.93092034163546,28.48561408242536],[81.93104694659122,28.485996883094053],[81.9311957488013,28.486284719505882],[81.93123813687241,28.486458145317126],[81.93157938305336,28.48699518131772],[81.9317914576716,28.487436063191502],[81.93187723867268,28.487532466649867],[81.93202553932787,28.4879151432888],[81.93206705153531,28.48820366550338],[81.93240767168217,28.488740701877692],[81.93253521646966,28.48900840658212],[81.9335394539582,28.490138873538225],[81.93422119720671,28.491115854382297],[81.93439075673484,28.49144188946262],[81.93492444880347,28.492072329706915],[81.93511689444409,28.492244756401746],[81.93554335928484,28.49280148730739],[81.93573561777072,28.49295365808097],[81.93584221791549,28.493088324037284],[81.9362271707123,28.493433116141976],[81.93626987374485,28.4935095768801],[81.93674035697656,28.493912574888192],[81.93733844931435,28.494524510564037],[81.93787339404058,28.495003780866696],[81.9386234195904,28.495463486188576],[81.93881586400643,28.495635913402985],[81.93890189554213,28.495675925675076],[81.93917930945831,28.495924501606225],[81.94010077258694,28.49650036685372],[81.94072156236042,28.496997018657165],[81.94087049044195,28.49722846376175],[81.9411909806617,28.49757156754063],[81.94144813718233,28.497763813394744],[81.94168284759331,28.498012638921562],[81.94211062846597,28.498357244119333],[81.9425172131768,28.498760616673383],[81.94285802308895,28.49923888582616],[81.94302751897723,28.499621374322484],[81.94304777385152,28.499813055983815],[81.94321570545806,28.500385100144022],[81.94323483407796,28.500671559468167],[81.9432071874602,28.501513493588636],[81.9431395948221,28.501951746604888],[81.94313439590803,28.502658141350075],[81.94311075921624,28.502944913161503],[81.94299996162378,28.5033450924891],[81.942974257738,28.50390044254985],[81.94279348870258,28.505045838876164],[81.94274590024277,28.50565545548369],[81.94267987248584,28.505904152194248],[81.94258475985488,28.507069306220618],[81.94240549294436,28.50802283444622],[81.94214182540858,28.508536982713302],[81.94238959318525,28.5095395294235],[81.94249275333594,28.509789228016345],[81.94253076505079,28.510039489450683],[81.94263323711729,28.510289251539085],[81.94269200594404,28.51057539884799],[81.94285725066996,28.510921814670116],[81.94285593745495,28.51098058163355],[81.94304437910581,28.511270293995914],[81.94308501798618,28.511385139774386],[81.94348347279677,28.51194655891897],[81.94360989378711,28.512081037359806],[81.94388630747758,28.512277785228196],[81.9441816020088,28.512587066475326],[81.94469266474893,28.51288365815465],[81.9452926379741,28.513046461940586],[81.94580826853004,28.51313092889739],[81.94623949240186,28.51313918599708],[81.94701640941459,28.513093117280288],[81.94731658382723,28.513156514278045],[81.94770310281048,28.51323954214062],[81.94798076848758,28.513359454598913],[81.94836278301581,28.513652419567826],[81.94868246247614,28.51382847474945],[81.94911093430916,28.513951827645386],[81.94980038094053,28.51398084246825],[81.95023316891381,28.513874065284373],[81.95066476890865,28.513862004026347],[81.95100533148118,28.514078507783253],[81.95127849214903,28.51440829515953],[81.95142754659564,28.514506575588598],[81.9518763386496,28.514686194782115],[81.95230568615294,28.514768973260914],[81.95258259986187,28.514945277985834],[81.95277135482202,28.51519672861732],[81.95283018632958,28.515485125854934],[81.95282661994403,28.51565667643798],[81.9527312039047,28.516131252672366],[81.95255256995304,28.516434901766484],[81.9525503808891,28.51654999808684],[81.95271650126189,28.516837709658077],[81.95286461840934,28.51697431336463],[81.95328971156948,28.51728734678906],[81.95348159436354,28.517385190513878],[81.95356781422632,28.51738687897064],[81.953908314244,28.51760338314518],[81.95431027311619,28.51797293294882],[81.95462563669447,28.51837911805967],[81.95481564342055,28.518553858540134],[81.95532558007572,28.51892709807637],[81.9553622809453,28.51895616949894],[81.95608879609095,28.519551350863537],[81.95634232539064,28.51982262068329],[81.95683050407678,28.52019379700033],[81.95710560385123,28.520446873576283],[81.95772376908317,28.52078097793603],[81.95817268508269,28.520978665878154],[81.9585158749078,28.521062006124485],[81.95934674397876,28.52153452730896],[81.95996728572509,28.521773853516635],[81.96050016999553,28.522068007715976],[81.96059207878744,28.522128276414424],[81.96101104542556,28.52240286070008],[81.9613492930178,28.522714142736003],[81.96141043828706,28.522905512421406],[81.96138298767704,28.523190095961553],[81.9612033528537,28.523532131979213],[81.96093724809573,28.523908614301718],[81.96093149257743,28.524195261140296],[81.96099038666316,28.524483659134823],[81.96136464342727,28.525178366813343],[81.96155383651538,28.5254094359685],[81.96190339426977,28.52625550048849],[81.96194046745273,28.526544085366144],[81.96192908064086,28.5271150653325],[81.96188274915086,28.527286928220885],[81.96186285396979,28.528261964186896],[81.96193631163642,28.528893274808823],[81.96201909024933,28.529066451597593],[81.96218752586351,28.529259385244792],[81.96252633739827,28.529570604853898],[81.96322922063591,28.530003425892446],[81.96337783724468,28.530119710983307],[81.96346086686897,28.530254564477328],[81.9634336026926,28.53055940345651],[81.96299305737395,28.5310115947369],[81.96285906670636,28.531238222166145],[81.96285612546929,28.531409772677538],[81.9629374656275,28.531641590860666],[81.96318918076221,28.531989571017036],[81.96355050085792,28.532242023632204],[81.96365804072946,28.53226384382641],[81.96391357244056,28.53240194911005],[81.96425738794258,28.532482976246722],[81.96511270466254,28.53282220864188],[81.9651976115464,28.532882540299738],[81.96545451894164,28.53296194034365],[81.96654141855208,28.533610891342157],[81.96688273238172,28.53376869142704],[81.96764920236305,28.53423933713964],[81.96816326787936,28.534420707704076],[81.96876030031422,28.53473693139496],[81.9694587424853,28.535377375799975],[81.96971083284927,28.535707287278875],[81.96977210365127,28.5358986564653],[81.96996511221796,28.535976243711243],[81.97022176996602,28.53609403078159],[81.97041308970782,28.536268647052793],[81.97130954418373,28.536833196455945],[81.97147866707154,28.537026066506563],[81.97162797190738,28.537142352496613],[81.9725712593326,28.537516971015652],[81.97308807769365,28.537580932881855],[81.97403987352641,28.537497354681634],[81.9745573795291,28.53756137898067],[81.97524500980907,28.537723432416374],[81.9759388975644,28.53758077296427],[81.97619805758237,28.53756301990768],[81.9767138744243,28.537724134513855],[81.97731309541895,28.537997407687335],[81.97800047629481,28.538197786337005],[81.97868485370762,28.53854939574755],[81.97911557712173,28.53863204879188],[81.97954705158084,28.53865599830153],[81.97971873955801,28.538715704537566],[81.9799118735039,28.5387932916321],[81.98031902483748,28.538950591974675],[81.98083296472907,28.539186040403997],[81.98134997062374,28.539270320332623],[81.98160756592414,28.539349721659455],[81.98194975538885,28.539525526125814],[81.98229357095859,28.539606490716373],[81.98255298003677,28.53960911899629],[81.9828972965202,28.53967207869148],[81.98332526654801,28.539867577077995],[81.9836450090186,28.540099960993096],[81.98390185417512,28.54023575375574],[81.98441998608742,28.54024326051942],[81.98527955584007,28.54046495912243],[81.98553683871845,28.54058262090288],[81.98605421933124,28.5406263260556],[81.9865076399375,28.54061401401262]]]}},{"type":"Feature","properties":{"province":"Karnali Province","district":"Surkhet","municipality":"Simta Rural Municipality","ward":"6","wardNumber":6,"sourceMunicipality":"Simta","sourceType":"Gaunpalika"},"geometry":{"type":"Polygon","coordinates":[[[82.00789940456518,28.485296918664602],[82.00705340030974,28.48530991478067],[82.00569801515331,28.485412494993636],[82.00471964890474,28.485338525829274],[82.00421452023703,28.485473123834694],[82.003943417129,28.485637606537665],[82.00286950161409,28.486667836500562],[82.0007668223375,28.48797645010221],[81.99997820182097,28.488927784492024],[81.99981426221218,28.489213367188356],[81.99877617179938,28.4903312474697],[81.9984453569403,28.49060001119622],[81.99808884617848,28.490785374483828],[81.99778035517863,28.490783183195077],[81.99745861057252,28.49072235009183],[81.99704526553086,28.490910401690268],[81.99638108244741,28.490570045375993],[81.9959504839814,28.490548346604797],[81.99562742585971,28.49048982720802],[81.99536876634535,28.49048944931355],[81.99493729153262,28.490582847699866],[81.9944192816626,28.490771710367557],[81.99426810032399,28.49079090217786],[81.99398724333669,28.490941881013953],[81.99353332041892,28.491094109051904],[81.99292808977162,28.49145514658549],[81.99253800148928,28.49174003909964],[81.9923646221149,28.49191058771601],[81.99201880276718,28.492138776085287],[81.99132722687628,28.49242366574103],[81.990572316995,28.492553259556605],[81.99024913391796,28.49255113087403],[81.98999059962283,28.49249436150585],[81.98951660910666,28.49254968517754],[81.9890425560923,28.49252829944164],[81.98841581776654,28.49277436606002],[81.9878311552909,28.493288636336374],[81.98733108401775,28.493973770402288],[81.9865288362644,28.49471529290147],[81.98631250380602,28.49486808535724],[81.98574834722397,28.495456627890576],[81.98550862615217,28.495916510357386],[81.98539851762779,28.496296433246933],[81.9853968897969,28.49647017166502],[81.98546028538729,28.49675625693481],[81.98562971822125,28.497195137322684],[81.98580077999594,28.497388007945112],[81.98586461499369,28.49752292335334],[81.98607863081112,28.497733486691953],[81.98618541835548,28.497886157184972],[81.98667828647513,28.49828878016857],[81.98672123923104,28.49836742931134],[81.98723605247314,28.49871353575519],[81.987365036443,28.498845700939338],[81.98781513880697,28.49917417614205],[81.98839359849427,28.499767981112456],[81.9886285591937,28.500037062513393],[81.9888421973996,28.500342404289125],[81.98886333009399,28.50041898939204],[81.98912023535047,28.50070820127817],[81.98937651386164,28.501071935301205],[81.98956808128361,28.501474555308615],[81.99012340485305,28.502260291459596],[81.99070142727352,28.502874414798686],[81.99136704608037,28.503296045163353],[81.9916024441407,28.503544807984476],[81.99234983717537,28.504579680997292],[81.99254215455495,28.504925784686982],[81.9926701373408,28.50515504057082],[81.99284063647357,28.50536591652279],[81.99294723558637,28.505615553239185],[81.99363135602681,28.50651557439222],[81.99390964520119,28.506766275720086],[81.99423188941934,28.50693995414689],[81.99470381208434,28.507265929648238],[81.9951113362973,28.507610472342225],[81.99547496653277,28.5081088093838],[81.99555936994477,28.508320310152108],[81.9955061607478,28.508535310164884],[81.99550547281224,28.508538248309346],[81.9955064107713,28.508541436931043],[81.9955065353227,28.50854187464712],[81.99555461349046,28.508701733728817],[81.99578650983268,28.508973066157875],[81.99605785625893,28.509435954695125],[81.99603215712018,28.509627948160986],[81.99592180132719,28.509777741226145],[81.99583464288112,28.509814501137313],[81.99551189672975,28.50979199162922],[81.99441705152653,28.509581168689035],[81.99417958738346,28.50959648339705],[81.99398463851088,28.509651997847076],[81.99380982156381,28.509743585446678],[81.99356722704246,28.51002741660534],[81.99337065160563,28.510175521146078],[81.99317432678276,28.51028755211889],[81.99265312855579,28.510489981166373],[81.99243473179605,28.510638272952548],[81.99232587830312,28.510675094710162],[81.99199743936673,28.51093704367246],[81.99140139463141,28.511672566810272],[81.99113353804506,28.512125884896886],[81.9908354771743,28.513037524157408],[81.9908539833152,28.51317275144147],[81.99089512262756,28.513267216816164],[81.99097314635435,28.51368865385912],[81.99113470018328,28.51422681395147],[81.99114901382714,28.514608113036875],[81.99110205546737,28.51483636698075],[81.99108503844485,28.51575044782331],[81.99094447800356,28.516358500133606],[81.99099686436837,28.517044201949766],[81.99122300420034,28.517656320943438],[81.99147478062001,28.51807869735343],[81.99161589006624,28.518612542639985],[81.99165083475074,28.519070427847105],[81.99189622989442,28.519835905082093],[81.99208847398731,28.521132037478612],[81.99215005706232,28.521285082295982],[81.99214642833009,28.52151527487007],[81.99205407716767,28.521818300823025],[81.99200399118367,28.5221978489181],[81.99199854841368,28.522502501244425],[81.99205525131411,28.52296019860208],[81.99203042810727,28.523111554888356],[81.99255566277046,28.525100394123825],[81.99259248432496,28.5254815062104],[81.99254052243167,28.52593770162025],[81.99235832241428,28.52646710548354],[81.9922460902767,28.52669360847243],[81.99215442672894,28.526999009595205],[81.99190914247086,28.527413691264847],[81.99161564823262,28.52813346290683],[81.99150160284503,28.528299010066885],[81.99145996216586,28.528360277860845],[81.99027781932236,28.52927834854636],[81.99001290357309,28.529578121623224],[81.98965632553491,28.530183295800047],[81.98960930482436,28.530411549295618],[81.98960836616958,28.530449998286198],[81.98958498167275,28.530544901312936],[81.98953608449361,28.530847614357615],[81.98952945243533,28.531229038760408],[81.98943585022026,28.531608836555336],[81.98927959983914,28.531910173567944],[81.98907639309388,28.532383248337855],[81.98860094948292,28.533596286722684],[81.98835535145184,28.534049417870907],[81.98824199326266,28.534352630816944],[81.98821591828548,28.534580760379665],[81.9883130098037,28.535191627719687],[81.9883418856401,28.535954164411727],[81.98833519156582,28.53633558832738],[81.98822126978597,28.536656869479078],[81.98821820381526,28.53680810163874],[81.98799230012861,28.537378329321438],[81.98781547998446,28.53760308088169],[81.98739882019645,28.537940113191798],[81.98711364784411,28.538183682243815],[81.98706944223568,28.53824038557253],[81.98673581060784,28.53877091330022],[81.98666696993344,28.5389970415688],[81.9866445084021,28.540215773762903],[81.98659855170635,28.540367317871755],[81.9865076399375,28.54061401401262],[81.98648488041292,28.540708917340385],[81.98652176509096,28.54103363735939],[81.9864519852574,28.54129815198102],[81.9864250337128,28.541621058915034],[81.98633405910418,28.541867693452964],[81.98608871215721,28.542284688228698],[81.98569049403707,28.54281108866743],[81.98509801485697,28.543336737318544],[81.98481302991173,28.543541920104854],[81.98392862186769,28.54469249894983],[81.98337853347878,28.545238092051285],[81.9832458568609,28.54540601467577],[81.98290571840515,28.54627732949675],[81.98282261158559,28.547304692735164],[81.9827523947304,28.547589525634933],[81.98254887467453,28.548101049219273],[81.98247415214936,28.548652210271978],[81.98240468555555,28.54888058864941],[81.98240105609027,28.5491085936553],[81.98228694748607,28.54941186903226],[81.98226018357764,28.549696327015443],[81.98211993680809,28.55021410274072],[81.98202914927553,28.55055101315406],[81.98171702474608,28.55113774435794],[81.98162949095041,28.551212828823235],[81.98092296418206,28.552120650348062],[81.98008964169416,28.552871363055054],[81.97993458051123,28.553098178394766],[81.9796480948306,28.55341839399082],[81.97951472900819,28.55364727309369],[81.97920592055574,28.55404219842067],[81.97898339481462,28.554441000097196],[81.97892842766281,28.555127389066012],[81.9788580853412,28.555468676175757],[81.97867838803894,28.55586710356537],[81.97838946114899,28.55634086475136],[81.97818581441143,28.55690878003688],[81.97817861999384,28.557310522740607],[81.97825764331587,28.557768032957515],[81.97846434016934,28.55828562384743],[81.97865290627948,28.558631726988743],[81.9788783570918,28.559379324205384],[81.97888716389636,28.560123980380567],[81.978676322759,28.56109357539923],[81.97871264384834,28.561495006213683],[81.9787539706326,28.56160978971354],[81.9787660923994,28.56216257737078],[81.97878541080578,28.56231593543421],[81.97884392775097,28.562696860192204],[81.97885849123178,28.56309847795274],[81.97897746546978,28.563729476449033],[81.97903911112898,28.563902778110467],[81.979102947057,28.563960983616536],[81.9794800174027,28.564651064811642],[81.97954379063458,28.56470927009889],[81.97968859042268,28.565094133837384],[81.97961705877272,28.56551213147988],[81.97926266912631,28.56602233963089],[81.97912548713086,28.56645896637009],[81.97912185789411,28.566689158904065],[81.97922576951598,28.566936607792755],[81.979352502732,28.567091405021195],[81.98022332036844,28.567827503865896],[81.98069099160321,28.568158167646146],[81.98103243051122,28.568315905497215],[81.98135079704973,28.568530283700103],[81.98152148587842,28.568607995912448],[81.98190431311639,28.568880579398375],[81.98233065840417,28.569096334239394],[81.98396682203769,28.570206051036134],[81.98430738507463,28.57039992308313],[81.98484126984148,28.570635247419546],[81.98543623814085,28.57104387313579],[81.98570971177247,28.57137359795608],[81.98596361686037,28.571604230025525],[81.98634581971852,28.571876688605094],[81.98683600044005,28.57215077393516],[81.98753719532283,28.572637548838262],[81.98776846689742,28.572906692112845],[81.98827646445154,28.573370146073103],[81.98838125147186,28.573506999361015],[81.98865741567447,28.57371937711325],[81.98908432287354,28.573917126427347],[81.98968304553814,28.574113564639152],[81.98985517268105,28.574134885064257],[81.99002592325026,28.574214847655885],[81.99079777328761,28.574396470650655],[81.99174250141363,28.57454314807517],[81.99208750637929,28.574527021758243],[81.99234647959052,28.574473195893233],[81.99269323605174,28.574382672782416],[81.9930408684576,28.574235695419166],[81.99323544150126,28.574200436620643],[81.99418323527196,28.57419344403367],[81.99461170721847,28.574294102769674],[81.99478245840882,28.574371876515997],[81.9952287467698,28.574664154378546],[81.99535529326496,28.574798695045168],[81.9954236301966,28.574859088619704],[81.99548415348136,28.574840583250236],[81.99616222774782,28.574296305170424],[81.9967710850604,28.573998411715685],[81.99704450493545,28.573578915828268],[81.99789608001394,28.573137106878356],[81.99815467721136,28.573117165986343],[82.00037201739731,28.572532140522632],[82.00111423748487,28.572219743345567],[82.00246563008103,28.571379321686372],[82.0029620712124,28.5710235967473],[82.00345213837768,28.57040617081805],[82.00416797851106,28.56966971082996],[82.00535469881008,28.567657006269606],[82.00591423917909,28.566217652448003],[82.00664136340588,28.562982959480134],[82.00691416813316,28.561769105808107],[82.00721635482927,28.560954494463708],[82.0074293762401,28.560573759554224],[82.00778345146139,28.560183023671144],[82.0080808785511,28.55994608137687],[82.00921706325609,28.559269644060436],[82.01037307177849,28.558340319384854],[82.01105739662256,28.55786587453731],[82.01117369210553,28.557729585487845],[82.01119782612888,28.55771133042752],[82.0113355045199,28.557611052187085],[82.0132072222645,28.55641459395436],[82.01387860609118,28.55585893674199],[82.01550417667745,28.553924071949943],[82.0162968009439,28.552825944922297],[82.01690335545135,28.551647854808756],[82.01739842978583,28.55050683701159],[82.01742456573689,28.550366733773007],[82.017452516075,28.550215314159935],[82.01755762459295,28.549648149081843],[82.01760071475945,28.54868192810976],[82.01735114337026,28.54685138819538],[82.01729057259712,28.54567841845622],[82.01731440912087,28.54443255315868],[82.01768895547175,28.54185717568778],[82.01776512869057,28.540276962805088],[82.01752373745549,28.53929492241217],[82.01739581774916,28.5390114623362],[82.0172371378675,28.53865610669321],[82.01710678201027,28.53819672124261],[82.01707834976254,28.536824880434544],[82.01723829261678,28.536182818743143],[82.01747169867441,28.53574550521341],[82.01772211027726,28.535276494367615],[82.01794463515921,28.534965655278896],[82.01834054058004,28.534414309966454],[82.0187665792841,28.53406808672312],[82.01919868240998,28.533830146693997],[82.01972206862268,28.533645721885268],[82.02047160229263,28.533459549307995],[82.02230561246377,28.532714598638908],[82.0227891744453,28.532250591799748],[82.02326679794311,28.531696370885687],[82.02473111428543,28.53031322824456],[82.02521530258807,28.529713807399652],[82.02549747899688,28.52903467282342],[82.02571426025322,28.528003997464136],[82.02581136506127,28.527542926067586],[82.02644167951378,28.526274433913258],[82.02649926739272,28.52594902662291],[82.02646538885979,28.525227127172716],[82.02620598334758,28.524822943803436],[82.02554605463784,28.52429534460708],[82.02498340901992,28.524046828916372],[82.0234071979681,28.52362093966059],[82.02310108372312,28.523537537192194],[82.02286737255878,28.523421937989053],[82.02175489720047,28.52306019675475],[82.02057027339532,28.52230183813079],[82.02026647652053,28.521934039950153],[82.01981800436054,28.521197256829293],[82.01965495158736,28.520521494013774],[82.0194209945244,28.520035787416305],[82.01936686511752,28.51872734031489],[82.01923632468798,28.51804226262089],[82.01932975721547,28.51613695447136],[82.02003791598803,28.51465127468675],[82.0207531949454,28.513779337828197],[82.02082322357232,28.51362535570919],[82.02208634673649,28.511602899298783],[82.02304410680091,28.509456340628272],[82.0233345328477,28.509102114391148],[82.02398184471276,28.508537580175226],[82.02411064827355,28.508121396758693],[82.0241447901341,28.507753351045185],[82.02410696636511,28.50753922534832],[82.0240837075595,28.507512279538695],[82.02294854771863,28.50617812721564],[82.02220610253495,28.50449575163844],[82.02170823781917,28.50372995973019],[82.02120361860234,28.503065822996668],[82.02080316413014,28.502400873712674],[82.02034906411566,28.501740801016425],[82.01941503868765,28.500648846683383],[82.0183914251313,28.499004603954674],[82.01728746472858,28.497638567840486],[82.0171456005939,28.497495212313925],[82.01652518808997,28.49686577136686],[82.01601944016225,28.496542296736187],[82.01462643114233,28.495395072021175],[82.01380919422976,28.494814456491703],[82.01319515885949,28.494187141208794],[82.01122244896264,28.49171045839384],[82.01080004855086,28.491016312898527],[82.01037246289415,28.489972377335405],[82.01010918170606,28.489559128668475],[82.00982876859466,28.48921821303554],[82.00914670648677,28.48866810760427],[82.00855111670762,28.487954955503124],[82.0082470109394,28.48733658378064],[82.00792364281176,28.487041118464624],[82.00778915897467,28.486733026755847],[82.00771201071534,28.48621224843115],[82.00771733008756,28.485830823671673],[82.00789940456518,28.485296918664602]]]}}]}