{"type":"FeatureCollection","features":[{"type":"Feature","properties":{"province":"Karnali Province","district":"Jajarkot","municipality":"Bheri Municipality","ward":"8","wardNumber":8,"sourceMunicipality":"Bheri","sourceType":"Nagarpalika"},"geometry":{"type":"Polygon","coordinates":[[[82.11475938461759,28.689404129979046],[82.1158253540847,28.68887410881449],[82.11616585840166,28.688823909894833],[82.11693177150289,28.68882654199902],[82.11807125956163,28.68906993679685],[82.11904299919033,28.689179227806907],[82.12066861052656,28.68922894441547],[82.12147353921577,28.68916580739472],[82.12197053864548,28.68916625023892],[82.12209008456702,28.68909304214229],[82.12273214348946,28.68870405827471],[82.12319263283779,28.688330140288247],[82.12375153384303,28.688126960931882],[82.12417106966177,28.68786845096203],[82.12561536661501,28.68753824189201],[82.12686096088932,28.687530126068843],[82.12819233285627,28.68788686776166],[82.1294076630045,28.6880414240693],[82.1299129166211,28.688014670082968],[82.13130626230559,28.687238017146093],[82.13204910606761,28.687067036267646],[82.13244931884834,28.687099800066637],[82.13360968733137,28.68755494375187],[82.13469365574822,28.68780765203499],[82.13508398796574,28.687928440960654],[82.13537347118465,28.688018533267876],[82.13868402326446,28.688633743346045],[82.14118995559905,28.689564976445233],[82.14249237820854,28.689957853109366],[82.14310316956266,28.69005426128223],[82.14455496510794,28.69011641778856],[82.1449648708191,28.69004308733178],[82.14543042334085,28.689784077896277],[82.14580413084899,28.68943791751163],[82.146836089526,28.688734157587092],[82.14722023840116,28.688408190409657],[82.14815278540591,28.6876195295791],[82.1481756065824,28.687601274167314],[82.1485937774,28.68646719515453],[82.14904426427721,28.68600525064544],[82.14964368184052,28.685591759700802],[82.15034258568497,28.684270190139227],[82.15053553827546,28.683776672525106],[82.1507829561738,28.682709423661667],[82.15070580664836,28.682324247721084],[82.15067054505076,28.68214625725544],[82.15006289714309,28.680574103057918],[82.14918139381697,28.679177997634486],[82.14838647837558,28.67838363290943],[82.14757668094182,28.6778037674236],[82.14674474570889,28.67748597984696],[82.14531295509502,28.677651577696828],[82.14491105337314,28.67775873122816],[82.14403734402862,28.67818134751428],[82.14365113206414,28.67855245258076],[82.14224909542166,28.67939925184457],[82.14050136979964,28.679878814089083],[82.14023727038034,28.679831422634578],[82.14010859811171,28.679762526608087],[82.13992959914991,28.679184105131398],[82.13964374835969,28.678606682920794],[82.13926267479586,28.67797343104948],[82.13861081247275,28.67726815567421],[82.13796220839366,28.675973832408665],[82.13787355428333,28.675579653647894],[82.13787768456554,28.675254683834964],[82.1382315805187,28.674148236553176],[82.13886539343719,28.673131944278566],[82.13904127712804,28.672715260676757],[82.13913745121721,28.671550044380616],[82.13897796032941,28.671000819867746],[82.13857412578511,28.670510046628927],[82.13854355239266,28.67047191083776],[82.13777933589773,28.66977432415985],[82.1373952564133,28.669511243256803],[82.13695234175472,28.669309617301245],[82.1358785087209,28.668616841915394],[82.13561591035959,28.66852431263149],[82.13469656558563,28.668513988691874],[82.13402218483972,28.668618889190583],[82.13327177819254,28.66860937963387],[82.13249898899596,28.66842856929941],[82.13203525410881,28.66830834271558],[82.13088607744872,28.667803496396484],[82.13054938916987,28.66772503302717],[82.13002900469796,28.667751973741872],[82.12971926464654,28.667677823901315],[82.12892415786862,28.667201551865407],[82.12837807918574,28.667102330832705],[82.12789083526006,28.666878448058426],[82.12716049866589,28.66683267847064],[82.12636470194401,28.666593288042062],[82.12532400397224,28.666114575912612],[82.12506203059776,28.666080625858495],[82.12405533851582,28.666152201054057],[82.12313873728837,28.666694601788354],[82.12250393594672,28.66673373235571],[82.12209028053998,28.666694279326634],[82.12197311156876,28.666683963339906],[82.1218449373302,28.666777552238287],[82.12163635766429,28.66683344180109],[82.12102356685963,28.666714400817288],[82.12049674570498,28.66649989562891],[82.1200373264465,28.666183236072722],[82.11972320465732,28.666540150306723],[82.11940776508901,28.667253607018303],[82.11918016798438,28.66822576573461],[82.1188436591576,28.668819811567353],[82.11873749072069,28.66912983944432],[82.11881969627697,28.67024391692474],[82.11880200133382,28.670320690018677],[82.11878693239129,28.670411153791765],[82.11844535540479,28.671314353227913],[82.11837069880848,28.671628631895203],[82.11824151944302,28.672173540677843],[82.11808731705985,28.673797203272702],[82.11746657334584,28.674680207408194],[82.11740117077366,28.67496735318079],[82.11745093629489,28.675253500719087],[82.11754771556079,28.675814603105028],[82.11727328957349,28.676775945905632],[82.1170421338663,28.677299097127197],[82.11641126109139,28.678191165693445],[82.11632547542845,28.678489752952608],[82.11646558014894,28.67938895521293],[82.11632226274902,28.680538728862054],[82.11602020534926,28.681071507548516],[82.11569363464294,28.6820084047849],[82.11556220990029,28.68198245873962],[82.11513880026837,28.681988206339135],[82.1147215172944,28.68209767255883],[82.11342146407402,28.682209943822603],[82.11228441319543,28.682072642867563],[82.11037688876293,28.68154447053794],[82.10815424232587,28.681294189524493],[82.10753569932231,28.681120946102336],[82.10682324895734,28.68065517782899],[82.10643185653093,28.68024317818717],[82.1039823172174,28.679635852782887],[82.10268377148472,28.679161326620576],[82.10185177558999,28.67876639038224],[82.10126824494483,28.678633534128714],[82.10083426972086,28.67860989847825],[82.10081945154525,28.678607834433105],[82.10015163586483,28.678791569752978],[82.09963662428494,28.67921544015027],[82.09926354101395,28.67969463995024],[82.098747340362,28.680193030858316],[82.09815661654075,28.680349009593968],[82.0976976937554,28.680397894741883],[82.09647016906261,28.680407824009745],[82.09617480942879,28.68024320985456],[82.09605526694129,28.680070470981615],[82.09537620574233,28.679428339073038],[82.0940006951688,28.678861784587927],[82.09282237962233,28.67863208201138],[82.09210161180432,28.678283660623112],[82.09152558507454,28.678134861660624],[82.08927430133902,28.678067320914106],[82.08868332735346,28.678141962775243],[82.08811592438947,28.678329324984254],[82.08776072776784,28.6783795859514],[82.08719732816601,28.67834119485061],[82.08686057857183,28.67819046009847],[82.08633901177821,28.67779977802972],[82.08600369951067,28.677673800409792],[82.08525091631327,28.677679858331977],[82.08512893262467,28.677701175868922],[82.08508985590238,28.67770373888689],[82.08528079743044,28.678164813431042],[82.08538314365177,28.678536297708835],[82.08538113907717,28.67889965455353],[82.08525308300094,28.679568600160604],[82.0851624834571,28.67977922322403],[82.08407793513743,28.681065153710485],[82.0840554236799,28.68130453593868],[82.0841625885729,28.681332983136908],[82.08455155126808,28.681083913288884],[82.08508587957739,28.680849474283246],[82.08580440635838,28.680299819649015],[82.08614215696151,28.680414481412765],[82.08627870792412,28.68050588453316],[82.08659669621802,28.681006534710036],[82.08683221339626,28.681812523432132],[82.08682481795098,28.683279390791075],[82.08687789398446,28.683824989181865],[82.08702075476045,28.684277498759187],[82.08755194324856,28.685286361496065],[82.08776720125127,28.686115106770327],[82.08822679829198,28.687255446200844],[82.08828256871145,28.68738367182885],[82.08830763750183,28.68758204210771],[82.0889111731943,28.68791114500533],[82.08994223625255,28.6889950345031],[82.09050638121391,28.689407911043713],[82.09105589694603,28.68970812933302],[82.09208327867904,28.690121822338238],[82.09256114257593,28.69042935426216],[82.09347554045327,28.691236599675427],[82.0941152748508,28.69172112272736],[82.09457363229703,28.691927250157637],[82.09546496738984,28.691994465804726],[82.09620105346687,28.692270616013676],[82.0971310929141,28.69212089276734],[82.09753343153207,28.692113081372984],[82.09852768080788,28.692168169275895],[82.09956675720383,28.692351545208272],[82.1010419307695,28.692881151396918],[82.10239756183354,28.69328972142057],[82.10415127960995,28.693652343880952],[82.10542951217795,28.69357870878489],[82.1064740952873,28.69330838866324],[82.10718636746178,28.69301824769613],[82.10831223192999,28.69275630542872],[82.10967505875925,28.692573577016045],[82.11040615000479,28.69231038127421],[82.11095779748722,28.692082381934007],[82.11140128126446,28.69172446808532],[82.1125528569453,28.690266300724314],[82.1128386534759,28.69006761956566],[82.11321279742675,28.689809547571297],[82.11462064352393,28.689473023957127],[82.11475938461759,28.689404129979046]]]}},{"type":"Feature","properties":{"province":"Karnali Province","district":"Jajarkot","municipality":"Bheri Municipality","ward":"10","wardNumber":10,"sourceMunicipality":"Bheri","sourceType":"Nagarpalika"},"geometry":{"type":"Polygon","coordinates":[[[82.1200373264465,28.666183236072722],[82.11988589570424,28.666078454404758],[82.11976047748927,28.665777114509204],[82.11978949075885,28.665503847303192],[82.1205991296197,28.663678318805882],[82.12081208966362,28.663198179817314],[82.12118580368949,28.662310484875565],[82.12164523224233,28.661787648050563],[82.12201718941404,28.66140097505181],[82.12209302956217,28.661434173270774],[82.12231555260834,28.661305950227693],[82.12269519872133,28.660980107542567],[82.12333857824257,28.65995031086906],[82.12386965902749,28.659431414037325],[82.12410962848814,28.65902104568615],[82.12421561294349,28.65840405299926],[82.12429528825258,28.6566432870094],[82.12440008378074,28.65609400103248],[82.12510800420942,28.653569767123308],[82.12508394071341,28.652879501078715],[82.12500616726983,28.652422053679775],[82.12517737396912,28.6508455302294],[82.12543741899333,28.650046798309738],[82.12570408865855,28.64944431077303],[82.12622304403861,28.64851479298531],[82.12648740097858,28.64787623248899],[82.12660832848064,28.647286248610992],[82.12659426978443,28.64650789425962],[82.12653418880556,28.64615635333204],[82.12617000214856,28.64498819438225],[82.1261796379959,28.644396896513104],[82.1264381219717,28.6433341493683],[82.12685010366373,28.64208959996718],[82.12679402692787,28.64156882154125],[82.12663159401026,28.641270044465667],[82.12650436649646,28.64061666461573],[82.126483488228,28.640158779653266],[82.12663967823602,28.639638440718713],[82.12700888614276,28.6390577734335],[82.1279646947453,28.63801847701204],[82.12811825691679,28.637669688420157],[82.12816259159155,28.637213493025833],[82.12778233425442,28.63628015337118],[82.1274056997649,28.63562664478902],[82.12692659079916,28.63489498876085],[82.12646304768955,28.63436401574789],[82.1259609920447,28.633639361335977],[82.1261310561849,28.633574718989227],[82.12556079159812,28.632512089120116],[82.12549883692508,28.631977807160926],[82.12562396160652,28.630643166271476],[82.12560095361427,28.630650105984625],[82.12521393193728,28.6306871761147],[82.12479696172421,28.63080120503857],[82.1228883656773,28.6311171563925],[82.12214614873186,28.63113459252281],[82.12209069023096,28.631150846162814],[82.12149227558241,28.63133864619559],[82.11938441472368,28.631798386906137],[82.11840129612108,28.631770370219513],[82.11788328962675,28.631648267232038],[82.1162940798629,28.630596319310538],[82.11573768620545,28.630294037879743],[82.11521824417828,28.63003652004341],[82.11493426340395,28.62996662178375],[82.11436411380757,28.629745676894284],[82.1130738232631,28.629088347657923],[82.11265910715096,28.628938299460167],[82.11217386442883,28.628698599656857],[82.11091076882569,28.628375055924494],[82.1097582109299,28.628348350406963],[82.10890339165516,28.628116149435563],[82.1075310674523,28.627743715047494],[82.10598085408114,28.628207712291616],[82.10440863512524,28.628464273348936],[82.10257800268458,28.629020795728863],[82.10184916233001,28.629333630207213],[82.1013641026546,28.629608331858307],[82.10102791225736,28.6296832886844],[82.10080857877207,28.629802446292498],[82.10008442850551,28.630024942518002],[82.0994172396021,28.630057445615922],[82.09878300443961,28.62981887065497],[82.09788242361549,28.6291221579854],[82.0975781226767,28.62907045186839],[82.09685241733776,28.62864307045029],[82.09615859990419,28.628152232423062],[82.09597597079473,28.62792803953043],[82.09561940244758,28.627642014675637],[82.09525914368345,28.627496093541108],[82.0951403503335,28.62744739109389],[82.094778026158,28.627405188214652],[82.09316673204424,28.62753558609696],[82.09268830065517,28.627647739936997],[82.09195220763684,28.62800571380385],[82.09155749198165,28.628360939511566],[82.08995169127029,28.629143341751632],[82.08991667822596,28.62915953335664],[82.08917984049683,28.62901192076238],[82.08774805722514,28.62857215382232],[82.08754029334611,28.628456430290488],[82.08638742681516,28.628023355602213],[82.08575850750508,28.62762229418674],[82.0848522949465,28.627358770888883],[82.08439806520452,28.627082560721327],[82.0839384574324,28.62691475737352],[82.08304568640455,28.626651109843237],[82.08217185967892,28.626549759387967],[82.08177658635552,28.62654387902408],[82.08122694107657,28.626629524092447],[82.08101060870136,28.62673505276608],[82.08067723121758,28.62689565970964],[82.08040894066473,28.62711222036366],[82.08021298928142,28.62726945257133],[82.0796131909635,28.628140827942474],[82.07875159896665,28.629736350696724],[82.07788019616119,28.630754204229248],[82.07640118888676,28.63194847835193],[82.07500120852926,28.633376759825122],[82.0749144231156,28.633573754491763],[82.07415243835334,28.634475574471182],[82.0732602795419,28.63540796546902],[82.07274158068356,28.635721239444432],[82.07210145861926,28.636283648792],[82.07119923552102,28.636979094842864],[82.07031220843011,28.637539001272895],[82.06953159788037,28.63793779840816],[82.06862537474804,28.63856553682618],[82.06806572433787,28.638748210597633],[82.06735608183094,28.638828290105298],[82.06701657902491,28.638770019134743],[82.0674184618676,28.64038255865826],[82.06798328837671,28.641276263928066],[82.06825525790319,28.641921768545803],[82.06837066695026,28.642708375966617],[82.06858899478564,28.643047414633227],[82.06937371840382,28.643806206933483],[82.0703133185916,28.64406960532418],[82.07078430551218,28.644347941902456],[82.07195436647189,28.644634286709913],[82.07364637840382,28.644616359163003],[82.07476699097008,28.64431634434588],[82.07516732863608,28.64431766083457],[82.07553027635947,28.64440956602147],[82.07609560874192,28.644912843885518],[82.0765279583274,28.644913910318113],[82.076763737707,28.64470666396284],[82.07701546330416,28.64417888659828],[82.07722817031888,28.643969577612904],[82.07733258579994,28.643923627087425],[82.07771441642058,28.643925068848866],[82.07787829158924,28.643817725877977],[82.07845551097569,28.64360098036631],[82.07862063552125,28.643674128416908],[82.07893549705918,28.644192908022255],[82.07898814088027,28.64427824612565],[82.07911561838326,28.6449857681231],[82.079319317236,28.645203083556968],[82.07958560417718,28.645291111773737],[82.08021784341891,28.645200403120022],[82.08040854098395,28.645086059281386],[82.08074091881383,28.644884815445756],[82.08101046232485,28.64447638525447],[82.08154716649132,28.644242009363246],[82.08185709559852,28.6442191930384],[82.0822568069518,28.6443401693746],[82.08385628416968,28.644282229762894],[82.08443550207889,28.644322684281835],[82.08488754542407,28.644438659834574],[82.08513751290954,28.644608149530026],[82.08524448310307,28.64518725789034],[82.08567207670681,28.64565996342077],[82.08582275334652,28.646067209554996],[82.08578779928476,28.64633828806219],[82.08566243687197,28.646585234603986],[82.08550500118893,28.64670157981922],[82.08502625611949,28.64691076211783],[82.08489082842277,28.64705405241963],[82.08491107411717,28.648085168112342],[82.0851097693761,28.648440086632107],[82.08556581041191,28.648937424468432],[82.08559619290473,28.649277899889185],[82.08540342734196,28.64975109870099],[82.08500283454511,28.65016271593884],[82.08452933993345,28.65045085885426],[82.08428530838205,28.650664919377302],[82.0842093403142,28.650866352852685],[82.08420839768458,28.651209390897105],[82.08412680110325,28.65149209820735],[82.08387914477493,28.651602503217234],[82.08350875614832,28.65152641548633],[82.08326597900296,28.651426821642445],[82.0824528623895,28.651279896238865],[82.08197118033054,28.65133334487147],[82.08135794770737,28.651473692688395],[82.08040840239148,28.651555707665125],[82.08035281903494,28.651560646722732],[82.08017687587962,28.651677178902247],[82.080139359178,28.65194150647768],[82.08037225430265,28.652329997869717],[82.08040845343608,28.652496733955996],[82.08048710395231,28.65285940411432],[82.0805437451818,28.653274150855147],[82.08105036677188,28.653843323009543],[82.08106430682565,28.654077891628216],[82.08091787474167,28.654205428098134],[82.08074387270996,28.654204551359218],[82.08040830927068,28.654101142506978],[82.08032171456978,28.654074759592767],[82.07986898446231,28.65383918584182],[82.07953273312476,28.653850936010038],[82.07912263896822,28.654030172797746],[82.07907086733192,28.65422241583901],[82.07932964981296,28.654445983652398],[82.080055225831,28.655218717499743],[82.08040810319007,28.65570111249185],[82.08139026902712,28.657044953379778],[82.08173239109432,28.657658261474385],[82.08205732037513,28.658095767973457],[82.08262077597092,28.658653061412164],[82.08329389369777,28.65954357879351],[82.08441742792054,28.660635784944645],[82.08643140834229,28.663029631095924],[82.0868183580183,28.66370577090781],[82.08805387157302,28.664853493517143],[82.0884456409853,28.66513014151045],[82.08933572209426,28.665468248260986],[82.09033346546944,28.666013042675814],[82.09136909651613,28.666756145291526],[82.09199651717691,28.666992532268168],[82.09284120926087,28.667085004867012],[82.093308073086,28.66701580179788],[82.09366977115911,28.667042187688928],[82.09421610062789,28.66716641667496],[82.09534408242246,28.66762212319825],[82.09576161377396,28.667666139747173],[82.09661174717566,28.667553114282217],[82.09864663858144,28.667493803096235],[82.09910662643809,28.66731856767973],[82.09950646496478,28.66726111772706],[82.10039642487911,28.667215549201387],[82.10097626715276,28.66730564326211],[82.10200328218792,28.667035448930786],[82.10305086094347,28.667257085473647],[82.10355455170448,28.667162750533997],[82.10463658375119,28.667138190209844],[82.10489655734918,28.667097617800295],[82.10566097085184,28.666976277312447],[82.1060389882461,28.666977718540714],[82.10670085811432,28.667324326345963],[82.10772799545,28.667248187728234],[82.10829589622259,28.667293206442043],[82.1091980463527,28.667430255080017],[82.11050390846209,28.667769303481073],[82.11125462954712,28.667738301289997],[82.11175806745614,28.667869531541424],[82.11190993581424,28.66795405806937],[82.11247201711966,28.668421074794193],[82.11326655594769,28.66927426982867],[82.11359211419584,28.66944988722143],[82.11417164346919,28.669566989454367],[82.11501595377696,28.670164734867036],[82.11529774519084,28.6703158442356],[82.11540403464787,28.670384928305285],[82.11547824970778,28.670445259148124],[82.11588564906953,28.67080974437612],[82.11636532763956,28.670972733690277],[82.11730699207568,28.671159047691354],[82.11765018000001,28.671427003892724],[82.11828485408856,28.671618066107985],[82.11837069880848,28.671628631895203],[82.11844535540479,28.671314353227913],[82.11878693239129,28.670411153791765],[82.11880200133382,28.670320690018677],[82.11881969627697,28.67024391692474],[82.11873749072069,28.66912983944432],[82.1188436591576,28.668819811567353],[82.11918016798438,28.66822576573461],[82.11940776508901,28.667253607018303],[82.11972320465732,28.666540150306723],[82.1200373264465,28.666183236072722]]]}},{"type":"Feature","properties":{"province":"Karnali Province","district":"Jajarkot","municipality":"Bheri Municipality","ward":"9","wardNumber":9,"sourceMunicipality":"Bheri","sourceType":"Nagarpalika"},"geometry":{"type":"Polygon","coordinates":[[[82.08830763750183,28.68758204210771],[82.08828256871145,28.68738367182885],[82.08822679829198,28.687255446200844],[82.08776720125127,28.686115106770327],[82.08755194324856,28.685286361496065],[82.08702075476045,28.684277498759187],[82.08687789398446,28.683824989181865],[82.08682481795098,28.683279390791075],[82.08683221339626,28.681812523432132],[82.08659669621802,28.681006534710036],[82.08627870792412,28.68050588453316],[82.08614215696151,28.680414481412765],[82.08580440635838,28.680299819649015],[82.08508587957739,28.680849474283246],[82.08455155126808,28.681083913288884],[82.0841625885729,28.681332983136908],[82.0840554236799,28.68130453593868],[82.08407793513743,28.681065153710485],[82.0851624834571,28.67977922322403],[82.08525308300094,28.679568600160604],[82.08538113907717,28.67889965455353],[82.08538314365177,28.678536297708835],[82.08528079743044,28.678164813431042],[82.08508985590238,28.67770373888689],[82.08512893262467,28.677701175868922],[82.08525091631327,28.677679858331977],[82.08600369951067,28.677673800409792],[82.08633901177821,28.67779977802972],[82.08686057857183,28.67819046009847],[82.08719732816601,28.67834119485061],[82.08776072776784,28.6783795859514],[82.08811592438947,28.678329324984254],[82.08868332735346,28.678141962775243],[82.08927430133902,28.678067320914106],[82.09152558507454,28.678134861660624],[82.09210161180432,28.678283660623112],[82.09282237962233,28.67863208201138],[82.0940006951688,28.678861784587927],[82.09537620574233,28.679428339073038],[82.09605526694129,28.680070470981615],[82.09617480942879,28.68024320985456],[82.09647016906261,28.680407824009745],[82.0976976937554,28.680397894741883],[82.09815661654075,28.680349009593968],[82.098747340362,28.680193030858316],[82.09926354101395,28.67969463995024],[82.09963662428494,28.67921544015027],[82.10015163586483,28.678791569752978],[82.10081945154525,28.678607834433105],[82.10083426972086,28.67860989847825],[82.10126824494483,28.678633534128714],[82.10185177558999,28.67876639038224],[82.10268377148472,28.679161326620576],[82.1039823172174,28.679635852782887],[82.10643185653093,28.68024317818717],[82.10682324895734,28.68065517782899],[82.10753569932231,28.681120946102336],[82.10815424232587,28.681294189524493],[82.11037688876293,28.68154447053794],[82.11228441319543,28.682072642867563],[82.11342146407402,28.682209943822603],[82.1147215172944,28.68209767255883],[82.11513880026837,28.681988206339135],[82.11556220990029,28.68198245873962],[82.11569363464294,28.6820084047849],[82.11602020534926,28.681071507548516],[82.11632226274902,28.680538728862054],[82.11646558014894,28.67938895521293],[82.11632547542845,28.678489752952608],[82.11641126109139,28.678191165693445],[82.1170421338663,28.677299097127197],[82.11727328957349,28.676775945905632],[82.11754771556079,28.675814603105028],[82.11745093629489,28.675253500719087],[82.11740117077366,28.67496735318079],[82.11746657334584,28.674680207408194],[82.11808731705985,28.673797203272702],[82.11824151944302,28.672173540677843],[82.11837069880848,28.671628631895203],[82.11828485408856,28.671618066107985],[82.11765018000001,28.671427003892724],[82.11730699207568,28.671159047691354],[82.11636532763956,28.670972733690277],[82.11588564906953,28.67080974437612],[82.11547824970778,28.670445259148124],[82.11540403464787,28.670384928305285],[82.11529774519084,28.6703158442356],[82.11501595377696,28.670164734867036],[82.11417164346919,28.669566989454367],[82.11359211419584,28.66944988722143],[82.11326655594769,28.66927426982867],[82.11247201711966,28.668421074794193],[82.11190993581424,28.66795405806937],[82.11175806745614,28.667869531541424],[82.11125462954712,28.667738301289997],[82.11050390846209,28.667769303481073],[82.1091980463527,28.667430255080017],[82.10829589622259,28.667293206442043],[82.10772799545,28.667248187728234],[82.10670085811432,28.667324326345963],[82.1060389882461,28.666977718540714],[82.10566097085184,28.666976277312447],[82.10489655734918,28.667097617800295],[82.10463658375119,28.667138190209844],[82.10355455170448,28.667162750533997],[82.10305086094347,28.667257085473647],[82.10200328218792,28.667035448930786],[82.10097626715276,28.66730564326211],[82.10039642487911,28.667215549201387],[82.09950646496478,28.66726111772706],[82.09910662643809,28.66731856767973],[82.09864663858144,28.667493803096235],[82.09661174717566,28.667553114282217],[82.09576161377396,28.667666139747173],[82.09534408242246,28.66762212319825],[82.09421610062789,28.66716641667496],[82.09366977115911,28.667042187688928],[82.093308073086,28.66701580179788],[82.09284120926087,28.667085004867012],[82.09199651717691,28.666992532268168],[82.09136909651613,28.666756145291526],[82.09033346546944,28.666013042675814],[82.08933572209426,28.665468248260986],[82.0884456409853,28.66513014151045],[82.08805387157302,28.664853493517143],[82.0868183580183,28.66370577090781],[82.08643140834229,28.663029631095924],[82.08441742792054,28.660635784944645],[82.08329389369777,28.65954357879351],[82.08262077597092,28.658653061412164],[82.08205732037513,28.658095767973457],[82.08173239109432,28.657658261474385],[82.08139026902712,28.657044953379778],[82.08040810319007,28.65570111249185],[82.080055225831,28.655218717499743],[82.07932964981296,28.654445983652398],[82.07907086733192,28.65422241583901],[82.07902097222473,28.654407844857985],[82.07905116086283,28.655229024144553],[82.0795746561668,28.65644338489897],[82.0796301737154,28.656743098439605],[82.07949962054619,28.657046498561034],[82.07866661493865,28.657463864233222],[82.07856107394178,28.6575887746059],[82.07853655643797,28.658313362225957],[82.07844358153022,28.658476596270276],[82.07812126989933,28.658731918322335],[82.07771261426093,28.658866016288677],[82.07679226733136,28.658934277936773],[82.07653817065194,28.65904462049558],[82.07573123485648,28.659696429755897],[82.07568540324927,28.659775765059425],[82.076003199397,28.660707479322365],[82.07593398342719,28.660947236139496],[82.07551788503694,28.661349975400764],[82.07551656694228,28.661780977414892],[82.07569506712507,28.662100009742815],[82.0756531735411,28.66238465579986],[82.07446959074099,28.663423074343903],[82.07431040062481,28.663868953541584],[82.07434572182139,28.664261194001256],[82.0745653600444,28.664848493892606],[82.07451858978202,28.66508806405239],[82.07436790574637,28.66530137479472],[82.07371497065984,28.665441972453408],[82.07328755619277,28.66574318170301],[82.0731932685283,28.665906416288315],[82.0731019793304,28.666304345324846],[82.0734055151925,28.6677121985949],[82.07336780869558,28.66809168439904],[82.07289499985382,28.668589639016435],[82.07259082067105,28.668804199374662],[82.07220104681525,28.668974245619435],[82.07198746445708,28.669160985685245],[82.07191505698309,28.669599301335893],[82.07197132094552,28.670219484038395],[82.07181925848649,28.67061784929482],[82.07132356555157,28.67112499374068],[82.07093866802596,28.671389818060554],[82.07087120202694,28.67162501090809],[82.0708696344434,28.67202669211768],[82.07074383374191,28.672357162298532],[82.0704334625811,28.6726665005531],[82.06979489963356,28.673538062525182],[82.0693022638505,28.67460030793691],[82.06915157477857,28.675253685962083],[82.06902289448256,28.67580984729505],[82.06900632528327,28.675882181367886],[82.06911542120568,28.67654250082703],[82.07026751770158,28.67861618291777],[82.0703314753026,28.678927086721515],[82.0713156292071,28.681331614226142],[82.07153776737312,28.682036073392343],[82.07153463514429,28.682543910054836],[82.07111514725403,28.684002772021223],[82.07111301751769,28.684366065402823],[82.07129863573694,28.685565107255833],[82.0712573636795,28.686102452068187],[82.07100725247805,28.68754643571785],[82.07100549812763,28.68787815860752],[82.07107195388284,28.688435009306136],[82.07107751743287,28.6884823983101],[82.07183378126936,28.69029968879028],[82.07207048571405,28.691049286193966],[82.07216876244323,28.691905976328073],[82.07219013141675,28.693126646840852],[82.0727448457023,28.69267995841136],[82.07316607207808,28.692207198512243],[82.07391830140043,28.691492683627246],[82.07441342883307,28.691166029354562],[82.07495357139531,28.69099704750618],[82.07540517867261,28.691049879382312],[82.0780651737409,28.69157024390742],[82.07873405013072,28.69160100972063],[82.07906079960532,28.6914562202866],[82.07944988745247,28.69108755311033],[82.07999879024788,28.690399418504455],[82.0803164134108,28.690117151173972],[82.08040801087573,28.690062197859813],[82.08188513964714,28.68917032466415],[82.08230342718245,28.68872694852222],[82.08348189868666,28.686354825502878],[82.0836843503657,28.68632613169259],[82.086472391942,28.686933335423124],[82.08782702294154,28.687319585862706],[82.08830763750183,28.68758204210771]]]}},{"type":"Feature","properties":{"province":"Karnali Province","district":"Jajarkot","municipality":"Bheri Municipality","ward":"11","wardNumber":11,"sourceMunicipality":"Bheri","sourceType":"Nagarpalika"},"geometry":{"type":"Polygon","coordinates":[[[82.19378004154933,28.68010490931107],[82.19368814367748,28.679112867458617],[82.19351841215376,28.67728883081139],[82.19360695198586,28.676685529569497],[82.19366034968316,28.676436831781785],[82.19390801142895,28.675935936550925],[82.19428803281454,28.675603155127035],[82.19494747231994,28.675254308513374],[82.19521707568944,28.675112018516852],[82.19573446142468,28.67476673421738],[82.19651570253693,28.673933934384706],[82.19699295594212,28.672925517623536],[82.19714808213611,28.672393862403116],[82.19688637005352,28.67137624904211],[82.19586306726683,28.6695890908417],[82.19481137532266,28.668118087619508],[82.19479680777852,28.668134029079333],[82.19429111294508,28.668495005700898],[82.19363235496398,28.66940795584974],[82.19292007364184,28.670619242994462],[82.19261364179657,28.671012355151884],[82.19243794594915,28.671426787702643],[82.1921889748936,28.67163884856662],[82.19208856051772,28.671808959728313],[82.19171185288346,28.672096666358687],[82.19101289720547,28.672513469345496],[82.18943829862238,28.673044174121614],[82.18894229738125,28.67325604448583],[82.18847311750721,28.673571571099217],[82.1883743254202,28.673998945471347],[82.188405893783,28.674576365024887],[82.18830885272244,28.674996925477444],[82.18814660163608,28.675185604554596],[82.18794008589535,28.675255122921556],[82.18791770250532,28.67525531006365],[82.18704869167367,28.67494252385384],[82.1867515168425,28.674972216801297],[82.18646440973521,28.67486643372699],[82.18544652772313,28.674803156056747],[82.18358889720054,28.67423947488192],[82.18305982713859,28.673892117774532],[82.1829752968766,28.673777833565307],[82.18334037488509,28.673422545170734],[82.183690074907,28.672938843522783],[82.18431669021365,28.672518162789668],[82.18475573504752,28.67214199408931],[82.18488691109967,28.671917429137068],[82.18496439776314,28.670109274517024],[82.18482597408101,28.66985769935764],[82.18459595876598,28.66908797083225],[82.18454150211849,28.668905667145122],[82.1847591562032,28.66807111139574],[82.18498343314937,28.667597537168035],[82.18573735593225,28.666383686860193],[82.18641430702053,28.665549573454122],[82.18650628084211,28.665368333358412],[82.18644269850078,28.665000974704903],[82.18563615501694,28.66409870271459],[82.18534435667927,28.66426143601178],[82.18255516766737,28.66553372226207],[82.18192580197164,28.665938648167742],[82.18132713243608,28.66651481209258],[82.18043260328612,28.666998759233774],[82.17961428838595,28.667545162668155],[82.17902525131993,28.66783918151688],[82.17846422239496,28.668358516615104],[82.17811145909678,28.668788077212433],[82.17749859912112,28.669181499725237],[82.17699253277564,28.66928527534004],[82.1758189697528,28.669024688638473],[82.17512958372978,28.669093828282804],[82.17443282215326,28.669084068929415],[82.1739872151774,28.669218792052664],[82.1730734277553,28.669759318445408],[82.17271510490008,28.669807578824404],[82.17212650855743,28.669801384707508],[82.17160824947383,28.669957113272375],[82.17119878072889,28.67012984751727],[82.1704419263396,28.670756962562756],[82.16964062180736,28.67105723170702],[82.16863711857991,28.671129119046697],[82.16685718947173,28.671909457014966],[82.16496002412075,28.673191754334013],[82.16454780514057,28.67334198225665],[82.16423843769165,28.67341912735355],[82.16377263701925,28.673470513780902],[82.16166990552667,28.673698437162695],[82.16153710686851,28.673548391988415],[82.16145682947119,28.673348269893502],[82.16160582991806,28.672703832211372],[82.16139756929248,28.672265513519715],[82.16086093618658,28.671699280597636],[82.16079247412199,28.671573492681556],[82.1604300972548,28.67073718182189],[82.16029661461236,28.67028479804055],[82.16030011829831,28.67008392637844],[82.1604363003109,28.669559211063188],[82.16069658977204,28.669202733835448],[82.16077437107667,28.669005739046586],[82.16086572500312,28.66836180098879],[82.16083171425572,28.668231199309655],[82.16056655629149,28.667854399670397],[82.16001829227505,28.66738750730699],[82.15979258767594,28.666929058182273],[82.15924957528834,28.666527560581972],[82.15862340468958,28.66635688014988],[82.157975978339,28.66594275312981],[82.15790251427329,28.665837283658483],[82.15793921945604,28.66550981325614],[82.15806201889535,28.665217665948976],[82.15831336458754,28.66509813293518],[82.15840114817321,28.665002605859986],[82.15852025955917,28.664717273058088],[82.15865238118839,28.663881215996387],[82.15827674672255,28.663223269516457],[82.15800158210033,28.66309698026243],[82.1578512753758,28.663096041409094],[82.15754265821535,28.66319119112912],[82.15701527611012,28.662868466939244],[82.15635097194034,28.66213399558227],[82.15585328918102,28.661725308961316],[82.15564177696132,28.66133450459822],[82.15550560187845,28.66122509604687],[82.1557149984836,28.660781030040333],[82.15581141860261,28.66000842942369],[82.15554557791363,28.659153238890216],[82.1555953551842,28.658390077041794],[82.15541504727958,28.6575183821947],[82.15542280065218,28.65746861796105],[82.15441185925356,28.65732156578067],[82.1539059190935,28.65731680970092],[82.15333820785494,28.657107305811728],[82.1503916647404,28.656938292541977],[82.15024166927769,28.657025317232343],[82.14960266899791,28.65790181895483],[82.14922233421821,28.658275112493346],[82.14879273566676,28.658238160318923],[82.14861423038299,28.65828936097184],[82.14810709841989,28.658589257021696],[82.14776252642332,28.659018630484766],[82.14743871398284,28.65929670868148],[82.14714904107409,28.659420992564346],[82.14627527300017,28.65959091013579],[82.14616773092777,28.659697877565808],[82.14611633819315,28.6595696521714],[82.14601393146113,28.658970287875196],[82.14583567952283,28.658752910550337],[82.14552432140742,28.65799962345193],[82.14550356720291,28.65767934182996],[82.14562656003453,28.656874982440222],[82.14560274129575,28.656626908800522],[82.14528906645492,28.6561331362454],[82.14487935429847,28.65574170570711],[82.14439542611606,28.65541410518909],[82.14416734308452,28.655140709794342],[82.14394888787942,28.65499135222383],[82.14347433597008,28.654817109050185],[82.14288205543424,28.654402419456257],[82.14226069958946,28.654197791148064],[82.14173238016194,28.653838931720795],[82.14132872990156,28.65365281091817],[82.14083911381584,28.65315591005285],[82.14046485528765,28.65255435560968],[82.14036063169102,28.65226414418162],[82.14009872326004,28.6520023155553],[82.13923121708058,28.65132367044867],[82.13904590340998,28.65080620459718],[82.1389891974944,28.650590016018793],[82.13934909416656,28.64963023769292],[82.13932815041794,28.649404733737747],[82.13873625839355,28.64784139442114],[82.13866798722957,28.64744258936497],[82.13869793816691,28.647255034238384],[82.13901050152529,28.646591217351133],[82.13961623575233,28.64594522078261],[82.1398245051934,28.645632067421854],[82.14025943041413,28.644631028315498],[82.14030039520287,28.64363323549799],[82.14047677616607,28.64338128763204],[82.14050960316932,28.64322305464863],[82.14051210639539,28.64304250110137],[82.14038606122138,28.642858508958895],[82.14039225476516,28.642488399754644],[82.14054031488733,28.642162180815905],[82.14064762141012,28.64073513726692],[82.14052839555504,28.640117830071063],[82.14025054991393,28.63938004920154],[82.13977137604816,28.63883344651242],[82.13959587556005,28.638570931009458],[82.13936779520466,28.638060591269998],[82.1393765548364,28.637509929250943],[82.13884654868755,28.637045038912166],[82.13837437267739,28.636906806154276],[82.13747804315697,28.636217095455475],[82.13738289168406,28.635398729375],[82.13751169439041,28.63501180512657],[82.13721276899695,28.635041373014744],[82.13505833738077,28.63473676482543],[82.13345136331736,28.634265049738552],[82.1331118619589,28.634211531147496],[82.13267001087794,28.63397376969553],[82.1313921594451,28.633596272253754],[82.13135095710085,28.63357632862378],[82.1312834939627,28.633540817489145],[82.13058711391,28.632946386741935],[82.12981814306049,28.632499185818556],[82.12894263369928,28.63182954453111],[82.12854317675585,28.6313115763487],[82.12820024239255,28.6307006440844],[82.12804825293932,28.630298024119234],[82.12790888958023,28.63012090829602],[82.12778052999602,28.630070080372523],[82.12711171424189,28.630141095146517],[82.126841611181,28.6302990137898],[82.12562396160652,28.630643166271476],[82.12549883692508,28.631977807160926],[82.12556079159812,28.632512089120116],[82.1261310561849,28.633574718989227],[82.1259609920447,28.633639361335977],[82.12646304768955,28.63436401574789],[82.12692659079916,28.63489498876085],[82.1274056997649,28.63562664478902],[82.12778233425442,28.63628015337118],[82.12816259159155,28.637213493025833],[82.12811825691679,28.637669688420157],[82.1279646947453,28.63801847701204],[82.12700888614276,28.6390577734335],[82.12663967823602,28.639638440718713],[82.126483488228,28.640158779653266],[82.12650436649646,28.64061666461573],[82.12663159401026,28.641270044465667],[82.12679402692787,28.64156882154125],[82.12685010366373,28.64208959996718],[82.1264381219717,28.6433341493683],[82.1261796379959,28.644396896513104],[82.12617000214856,28.64498819438225],[82.12653418880556,28.64615635333204],[82.12659426978443,28.64650789425962],[82.12660832848064,28.647286248610992],[82.12648740097858,28.64787623248899],[82.12622304403861,28.64851479298531],[82.12570408865855,28.64944431077303],[82.12543741899333,28.650046798309738],[82.12517737396912,28.6508455302294],[82.12500616726983,28.652422053679775],[82.12508394071341,28.652879501078715],[82.12510800420942,28.653569767123308],[82.12440008378074,28.65609400103248],[82.12429528825258,28.6566432870094],[82.12421561294349,28.65840405299926],[82.12410962848814,28.65902104568615],[82.12386965902749,28.659431414037325],[82.12333857824257,28.65995031086906],[82.12269519872133,28.660980107542567],[82.12231555260834,28.661305950227693],[82.12209302956217,28.661434173270774],[82.12201718941404,28.66140097505181],[82.12164523224233,28.661787648050563],[82.12118580368949,28.662310484875565],[82.12081208966362,28.663198179817314],[82.1205991296197,28.663678318805882],[82.11978949075885,28.665503847303192],[82.11976047748927,28.665777114509204],[82.11988589570424,28.666078454404758],[82.1200373264465,28.666183236072722],[82.12049674570498,28.66649989562891],[82.12102356685963,28.666714400817288],[82.12163635766429,28.66683344180109],[82.1218449373302,28.666777552238287],[82.12197311156876,28.666683963339906],[82.12209028053998,28.666694279326634],[82.12250393594672,28.66673373235571],[82.12313873728837,28.666694601788354],[82.12405533851582,28.666152201054057],[82.12506203059776,28.666080625858495],[82.12532400397224,28.666114575912612],[82.12636470194401,28.666593288042062],[82.12716049866589,28.66683267847064],[82.12789083526006,28.666878448058426],[82.12837807918574,28.667102330832705],[82.12892415786862,28.667201551865407],[82.12971926464654,28.667677823901315],[82.13002900469796,28.667751973741872],[82.13054938916987,28.66772503302717],[82.13088607744872,28.667803496396484],[82.13203525410881,28.66830834271558],[82.13249898899596,28.66842856929941],[82.13327177819254,28.66860937963387],[82.13402218483972,28.668618889190583],[82.13469656558563,28.668513988691874],[82.13561591035959,28.66852431263149],[82.1358785087209,28.668616841915394],[82.13695234175472,28.669309617301245],[82.1373952564133,28.669511243256803],[82.13777933589773,28.66977432415985],[82.13854355239266,28.67047191083776],[82.13857412578511,28.670510046628927],[82.13897796032941,28.671000819867746],[82.13913745121721,28.671550044380616],[82.13904127712804,28.672715260676757],[82.13886539343719,28.673131944278566],[82.1382315805187,28.674148236553176],[82.13787768456554,28.675254683834964],[82.13787355428333,28.675579653647894],[82.13796220839366,28.675973832408665],[82.13861081247275,28.67726815567421],[82.13926267479586,28.67797343104948],[82.13964374835969,28.678606682920794],[82.13992959914991,28.679184105131398],[82.14010859811171,28.679762526608087],[82.14023727038034,28.679831422634578],[82.14050136979964,28.679878814089083],[82.14224909542166,28.67939925184457],[82.14365113206414,28.67855245258076],[82.14403734402862,28.67818134751428],[82.14491105337314,28.67775873122816],[82.14531295509502,28.677651577696828],[82.14674474570889,28.67748597984696],[82.14757668094182,28.6778037674236],[82.14838647837558,28.67838363290943],[82.14918139381697,28.679177997634486],[82.15006289714309,28.680574103057918],[82.15067054505076,28.68214625725544],[82.15070580664836,28.682324247721084],[82.15108438580181,28.68237063902426],[82.15140531921271,28.68240852850196],[82.15215628524098,28.682751885998023],[82.15321623724235,28.68355750665645],[82.15355279750652,28.683906612090798],[82.15385434345916,28.684396008547587],[82.15433350994097,28.68555854175759],[82.15435976477575,28.686027741915286],[82.15452944485016,28.686795718694214],[82.15445703697007,28.687308556539527],[82.15446583754446,28.688637633671718],[82.1545409263172,28.68877461254991],[82.15481296525238,28.688898651406696],[82.15567522569432,28.688997375498168],[82.15605943435288,28.68891735469756],[82.15658426026613,28.688642091044702],[82.15718786421341,28.68849474072505],[82.15798478927414,28.688411223590983],[82.15844996742489,28.688181597848377],[82.15932717533207,28.687959665564794],[82.16008752441341,28.687926037342613],[82.1608576873803,28.68802776150754],[82.16239607188831,28.688693782393965],[82.16314335228051,28.68875274379298],[82.16343346223466,28.688660032243654],[82.16377240579638,28.688417901000587],[82.16396985598763,28.688276298993028],[82.16452506786061,28.68803910903193],[82.16489927191279,28.68797265561523],[82.1658400049035,28.68765094428901],[82.16749545239661,28.68658283288236],[82.16756879327284,28.686505436100628],[82.16854842300428,28.685483832092835],[82.17022531585016,28.684451606318458],[82.17106826341448,28.684029114410805],[82.17131585841994,28.68385093911196],[82.17176509378307,28.683465705119467],[82.17247455751226,28.68266072471958],[82.1740347788112,28.68184162336621],[82.17566764937955,28.681294851980137],[82.176686222827,28.681130312195272],[82.1789118169875,28.680494894868428],[82.18113002976223,28.680234088108573],[82.18162502828412,28.680274854230483],[82.18292626417981,28.68061552836981],[82.18401635314319,28.681407019823954],[82.18479614305622,28.681686796555898],[82.18595382691569,28.681834599992015],[82.18657318162442,28.682176643031188],[82.18727300520352,28.68240521646377],[82.18788329798573,28.682343452998815],[82.18816821849721,28.68225292887248],[82.18902285434277,28.68213033771749],[82.18932546828675,28.68213446671497],[82.19040437075068,28.682384425011826],[82.1907869531964,28.682331412426848],[82.19106155820353,28.68217549423236],[82.19163753114769,28.68162439953948],[82.19220344056843,28.68086799545132],[82.19308784230526,28.680275766292333],[82.19321376502774,28.680209185380534],[82.19378004154933,28.68010490931107]]]}},{"type":"Feature","properties":{"province":"Karnali Province","district":"Jajarkot","municipality":"Bheri Municipality","ward":"12","wardNumber":12,"sourceMunicipality":"Bheri","sourceType":"Nagarpalika"},"geometry":{"type":"Polygon","coordinates":[[[82.19481137532266,28.668118087619508],[82.19429718969921,28.66739824631605],[82.19384533816788,28.666921602549284],[82.19363438935719,28.66642245445559],[82.19331515018658,28.665804770233926],[82.19325882096425,28.66540590310023],[82.19321168115418,28.665198716522642],[82.19298791746877,28.664480816486332],[82.19278516263869,28.663629689336435],[82.19264481322038,28.662252159410563],[82.19277469462429,28.660445755225922],[82.19266253246656,28.659921037686384],[82.19236492834929,28.659280472293656],[82.19220593372125,28.658968191593303],[82.19089613294881,28.65858256712007],[82.19029697185174,28.658477281014168],[82.1897136294799,28.658254522605315],[82.18933205044615,28.658052522484155],[82.18906232623189,28.657838269799257],[82.188657054637,28.65734993600891],[82.18843597271442,28.657198389369725],[82.18790096166464,28.656945872773374],[82.18703295176152,28.656601452034998],[82.18659147618482,28.65630292276276],[82.18627354803627,28.655955942820377],[82.18614012821836,28.655521626684465],[82.18591867474187,28.65511738186636],[82.18456624726693,28.65343456330006],[82.18336093113427,28.65226721034116],[82.18315610778785,28.65196887100334],[82.18310002651059,28.651759496663963],[82.18310446912605,28.651472849787837],[82.18318562639196,28.65129160996028],[82.18334775118308,28.651152570115915],[82.18351325149143,28.65108117561692],[82.18412492032823,28.65098784125278],[82.18475396829164,28.65107931132115],[82.18516374970663,28.650949401887164],[82.18538001989356,28.650789481495714],[82.18546092730767,28.65065344210175],[82.18528080015695,28.650323280897098],[82.18496043326977,28.650044008629553],[82.18417264041317,28.64971471834541],[82.18397812995235,28.649650947771068],[82.18365988674385,28.64955898029732],[82.1823186440097,28.648525915085887],[82.18182814921302,28.648302282676916],[82.18107323932243,28.6483923654412],[82.18049251655087,28.648794603772885],[82.17988785000372,28.648935264479686],[82.17919152747912,28.648722445626223],[82.17818046539192,28.648214475227487],[82.17705904680868,28.64795345131346],[82.17686453558848,28.647950636825605],[82.17630495216899,28.647779518802313],[82.17578325626502,28.64773437629442],[82.17467778243605,28.647360382025447],[82.17372817763345,28.647199388436828],[82.17281865373808,28.64661602239353],[82.17250260039191,28.646375073982085],[82.17219511241993,28.646102427956887],[82.17208469706571,28.64600408565832],[82.17133917008775,28.645730811974907],[82.17104806121623,28.645663351584712],[82.16998728735946,28.645683785997758],[82.16985136092053,28.645653400811533],[82.16936917858507,28.645768117739138],[82.16894733273952,28.645735667480885],[82.16845596189643,28.64559999823023],[82.16818204731436,28.645579801997066],[82.16736380438121,28.645327346424416],[82.16718430042627,28.645229628775475],[82.1670063579803,28.645328155802762],[82.16648353150508,28.645705011412623],[82.16634904219337,28.6458618691232],[82.1659367610822,28.645876682409508],[82.16553448405625,28.64599527650626],[82.16523218152206,28.64612424866506],[82.16377324688074,28.647037128838],[82.16369127860945,28.647087517744918],[82.16315663729054,28.64726362811001],[82.16248544719109,28.64728744150743],[82.16186190169306,28.647175402516304],[82.16158979790902,28.647322193394643],[82.16133444889057,28.647541005503665],[82.1612662323148,28.64785072061326],[82.16117588414708,28.648004953126396],[82.16070201951489,28.6478939790824],[82.15977523508529,28.64777099687862],[82.15923209201274,28.647868208026107],[82.15836932553955,28.648331461788345],[82.15781411470941,28.64844674039888],[82.15755570513079,28.648442174463217],[82.15676484676032,28.64834513887445],[82.15592772127455,28.64811762699109],[82.15569100976981,28.647936822433262],[82.15541797377716,28.64753751550008],[82.15487547363988,28.646115968445],[82.15481107961324,28.645669711533195],[82.15455918154426,28.644859533560645],[82.15440837721643,28.644583263672942],[82.15409902619999,28.643254496019928],[82.15389359650351,28.641315612485556],[82.15394087095898,28.640669860775148],[82.1541894105845,28.639891447427996],[82.15454036087117,28.63940780877909],[82.15476876135945,28.639184744648613],[82.15503286267665,28.639013197081937],[82.15543732955095,28.638865344714926],[82.155733880691,28.638675541369867],[82.15628159320813,28.63811800722547],[82.15721882687585,28.63757066762572],[82.15809828973748,28.636895164847104],[82.15896305746438,28.636445477963992],[82.1596607635678,28.635864062938285],[82.16012394401143,28.635363670316202],[82.16021523148342,28.63505826873665],[82.16041244780001,28.633574022254365],[82.16041901275646,28.633524320746055],[82.16043270992286,28.633145084528095],[82.1604756683155,28.63269563983789],[82.16059903143594,28.632340286579915],[82.16091796901813,28.631861461908567],[82.16135063607122,28.63149442005932],[82.16214925219548,28.63119646441909],[82.16279449883457,28.630854682703973],[82.16375117503725,28.630514779074993],[82.16377337104008,28.630496461408253],[82.16405585490821,28.630254892993573],[82.16425918550895,28.62990335347834],[82.16416977914344,28.629685288873432],[82.16377363517311,28.62925090807271],[82.16356005728247,28.62901802489453],[82.16337393048035,28.62848936847862],[82.16337924836496,28.628220789880416],[82.16360377438129,28.627821674316795],[82.16377346480205,28.627725460347477],[82.16413372781489,28.62752152886618],[82.16441277498687,28.62708133956145],[82.16441158847856,28.62697305766434],[82.16432868343011,28.62681807321881],[82.16377316888006,28.626195510859677],[82.1632953705454,28.625658036442818],[82.1625651666961,28.62490612202152],[82.1618200848917,28.623962463072434],[82.16136985938269,28.62343155323298],[82.16089562333941,28.62298654380704],[82.16054549878056,28.622371234820754],[82.16038275489548,28.621993560420275],[82.15983173239131,28.622237439929325],[82.15930471976692,28.62239991987945],[82.15906981804888,28.622431302200315],[82.15900147963922,28.622438616350983],[82.15889787805848,28.622495944673485],[82.1586500332283,28.622635670831666],[82.15858131990385,28.622663365740713],[82.15852773698128,28.62267736962666],[82.1583973749836,28.622685245878966],[82.15669585898839,28.622790074527273],[82.1555603713752,28.622675655491673],[82.15467597979193,28.622317605741788],[82.15399153991972,28.62188565986129],[82.15376332997305,28.62182895388255],[82.15306100227633,28.621920724162916],[82.15244764520729,28.622081641621698],[82.15177045051392,28.622306326445482],[82.15099415414862,28.622712313741093],[82.14935715527152,28.623459581549888],[82.14914338612103,28.623556170494936],[82.1475117708443,28.623743773049735],[82.14674773458876,28.623628420431917],[82.14620284247728,28.62361947530805],[82.1438789041594,28.623760995817136],[82.14317938984331,28.62387746140127],[82.14245105195342,28.624050568569125],[82.14242873094702,28.624059821041772],[82.141742657334,28.624349900301805],[82.14142653523272,28.6245669609103],[82.14121801705213,28.624794400672112],[82.14072745297221,28.625195701540285],[82.1405463188136,28.62553117406639],[82.14048673032293,28.625874711796364],[82.14043933017932,28.626518150067035],[82.14051979225225,28.626982412438913],[82.14073005259057,28.627499628455254],[82.14193467226364,28.62932630016031],[82.14254095082649,28.630397619757737],[82.14327746557655,28.631447434938536],[82.14348810223125,28.631883439673153],[82.14353786973037,28.631986845615476],[82.1436127060794,28.632401405159392],[82.14361701932904,28.63244873117122],[82.14361926570109,28.632832344176183],[82.14353260636392,28.63303846681294],[82.14337148012959,28.63327447165122],[82.14302997365418,28.63356624160666],[82.14301284227399,28.633575369312382],[82.1419665045603,28.634148340801733],[82.14093798837055,28.634540634166978],[82.14016369651398,28.634610335644794],[82.13966369341708,28.6347928224933],[82.13751169439041,28.63501180512657],[82.13738289168406,28.635398729375],[82.13747804315697,28.636217095455475],[82.13837437267739,28.636906806154276],[82.13884654868755,28.637045038912166],[82.1393765548364,28.637509929250943],[82.13936779520466,28.638060591269998],[82.13959587556005,28.638570931009458],[82.13977137604816,28.63883344651242],[82.14025054991393,28.63938004920154],[82.14052839555504,28.640117830071063],[82.14064762141012,28.64073513726692],[82.14054031488733,28.642162180815905],[82.14039225476516,28.642488399754644],[82.14038606122138,28.642858508958895],[82.14051210639539,28.64304250110137],[82.14050960316932,28.64322305464863],[82.14047677616607,28.64338128763204],[82.14030039520287,28.64363323549799],[82.14025943041413,28.644631028315498],[82.1398245051934,28.645632067421854],[82.13961623575233,28.64594522078261],[82.13901050152529,28.646591217351133],[82.13869793816691,28.647255034238384],[82.13866798722957,28.64744258936497],[82.13873625839355,28.64784139442114],[82.13932815041794,28.649404733737747],[82.13934909416656,28.64963023769292],[82.1389891974944,28.650590016018793],[82.13904590340998,28.65080620459718],[82.13923121708058,28.65132367044867],[82.14009872326004,28.6520023155553],[82.14036063169102,28.65226414418162],[82.14046485528765,28.65255435560968],[82.14083911381584,28.65315591005285],[82.14132872990156,28.65365281091817],[82.14173238016194,28.653838931720795],[82.14226069958946,28.654197791148064],[82.14288205543424,28.654402419456257],[82.14347433597008,28.654817109050185],[82.14394888787942,28.65499135222383],[82.14416734308452,28.655140709794342],[82.14439542611606,28.65541410518909],[82.14487935429847,28.65574170570711],[82.14528906645492,28.6561331362454],[82.14560274129575,28.656626908800522],[82.14562656003453,28.656874982440222],[82.14550356720291,28.65767934182996],[82.14552432140742,28.65799962345193],[82.14583567952283,28.658752910550337],[82.14601393146113,28.658970287875196],[82.14611633819315,28.6595696521714],[82.14616773092777,28.659697877565808],[82.14627527300017,28.65959091013579],[82.14714904107409,28.659420992564346],[82.14743871398284,28.65929670868148],[82.14776252642332,28.659018630484766],[82.14810709841989,28.658589257021696],[82.14861423038299,28.65828936097184],[82.14879273566676,28.658238160318923],[82.14922233421821,28.658275112493346],[82.14960266899791,28.65790181895483],[82.15024166927769,28.657025317232343],[82.1503916647404,28.656938292541977],[82.15333820785494,28.657107305811728],[82.1539059190935,28.65731680970092],[82.15441185925356,28.65732156578067],[82.15542280065218,28.65746861796105],[82.15541504727958,28.6575183821947],[82.1555953551842,28.658390077041794],[82.15554557791363,28.659153238890216],[82.15581141860261,28.66000842942369],[82.1557149984836,28.660781030040333],[82.15550560187845,28.66122509604687],[82.15564177696132,28.66133450459822],[82.15585328918102,28.661725308961316],[82.15635097194034,28.66213399558227],[82.15701527611012,28.662868466939244],[82.15754265821535,28.66319119112912],[82.1578512753758,28.663096041409094],[82.15800158210033,28.66309698026243],[82.15827674672255,28.663223269516457],[82.15865238118839,28.663881215996387],[82.15852025955917,28.664717273058088],[82.15840114817321,28.665002605859986],[82.15831336458754,28.66509813293518],[82.15806201889535,28.665217665948976],[82.15793921945604,28.66550981325614],[82.15790251427329,28.665837283658483],[82.157975978339,28.66594275312981],[82.15862340468958,28.66635688014988],[82.15924957528834,28.666527560581972],[82.15979258767594,28.666929058182273],[82.16001829227505,28.66738750730699],[82.16056655629149,28.667854399670397],[82.16083171425572,28.668231199309655],[82.16086572500312,28.66836180098879],[82.16077437107667,28.669005739046586],[82.16069658977204,28.669202733835448],[82.1604363003109,28.669559211063188],[82.16030011829831,28.67008392637844],[82.16029661461236,28.67028479804055],[82.1604300972548,28.67073718182189],[82.16079247412199,28.671573492681556],[82.16086093618658,28.671699280597636],[82.16139756929248,28.672265513519715],[82.16160582991806,28.672703832211372],[82.16145682947119,28.673348269893502],[82.16153710686851,28.673548391988415],[82.16166990552667,28.673698437162695],[82.16377263701925,28.673470513780902],[82.16423843769165,28.67341912735355],[82.16454780514057,28.67334198225665],[82.16496002412075,28.673191754334013],[82.16685718947173,28.671909457014966],[82.16863711857991,28.671129119046697],[82.16964062180736,28.67105723170702],[82.1704419263396,28.670756962562756],[82.17119878072889,28.67012984751727],[82.17160824947383,28.669957113272375],[82.17212650855743,28.669801384707508],[82.17271510490008,28.669807578824404],[82.1730734277553,28.669759318445408],[82.1739872151774,28.669218792052664],[82.17443282215326,28.669084068929415],[82.17512958372978,28.669093828282804],[82.1758189697528,28.669024688638473],[82.17699253277564,28.66928527534004],[82.17749859912112,28.669181499725237],[82.17811145909678,28.668788077212433],[82.17846422239496,28.668358516615104],[82.17902525131993,28.66783918151688],[82.17961428838595,28.667545162668155],[82.18043260328612,28.666998759233774],[82.18132713243608,28.66651481209258],[82.18192580197164,28.665938648167742],[82.18255516766737,28.66553372226207],[82.18534435667927,28.66426143601178],[82.18563615501694,28.66409870271459],[82.18644269850078,28.665000974704903],[82.18650628084211,28.665368333358412],[82.18641430702053,28.665549573454122],[82.18573735593225,28.666383686860193],[82.18498343314937,28.667597537168035],[82.1847591562032,28.66807111139574],[82.18454150211849,28.668905667145122],[82.18459595876598,28.66908797083225],[82.18482597408101,28.66985769935764],[82.18496439776314,28.670109274517024],[82.18488691109967,28.671917429137068],[82.18475573504752,28.67214199408931],[82.18431669021365,28.672518162789668],[82.183690074907,28.672938843522783],[82.18334037488509,28.673422545170734],[82.1829752968766,28.673777833565307],[82.18305982713859,28.673892117774532],[82.18358889720054,28.67423947488192],[82.18544652772313,28.674803156056747],[82.18646440973521,28.67486643372699],[82.1867515168425,28.674972216801297],[82.18704869167367,28.67494252385384],[82.18791770250532,28.67525531006365],[82.18794008589535,28.675255122921556],[82.18814660163608,28.675185604554596],[82.18830885272244,28.674996925477444],[82.188405893783,28.674576365024887],[82.1883743254202,28.673998945471347],[82.18847311750721,28.673571571099217],[82.18894229738125,28.67325604448583],[82.18943829862238,28.673044174121614],[82.19101289720547,28.672513469345496],[82.19171185288346,28.672096666358687],[82.19208856051772,28.671808959728313],[82.1921889748936,28.67163884856662],[82.19243794594915,28.671426787702643],[82.19261364179657,28.671012355151884],[82.19292007364184,28.670619242994462],[82.19363235496398,28.66940795584974],[82.19429111294508,28.668495005700898],[82.19479680777852,28.668134029079333],[82.19481137532266,28.668118087619508]]]}},{"type":"Feature","properties":{"province":"Karnali Province","district":"Jajarkot","municipality":"Bheri Municipality","ward":"13","wardNumber":13,"sourceMunicipality":"Bheri","sourceType":"Nagarpalika"},"geometry":{"type":"Polygon","coordinates":[[[82.19128050240823,28.649652323917305],[82.19130545521512,28.649085720387735],[82.19123718637906,28.64842058656309],[82.19123212340801,28.648368758901405],[82.19104606213862,28.647585090051493],[82.19072613528989,28.6470012280975],[82.1904524715944,28.646836615042023],[82.18993371380505,28.646829920896593],[82.18988457102581,28.646839361009906],[82.18952074602343,28.646901250803598],[82.1891908699501,28.647023721776332],[82.18875263901697,28.647352563917618],[82.18789387364917,28.647763989591127],[82.18696352158386,28.647948161357068],[82.18660845157271,28.64788132544814],[82.1862436922066,28.64769045454923],[82.18592107318737,28.647436063915773],[82.18578840063233,28.647243131562405],[82.1854794168409,28.64655086301825],[82.18551026132577,28.644691192382336],[82.18568496127024,28.6439089016904],[82.18588948251971,28.643324857158184],[82.1864056811346,28.642882606472227],[82.1875318618111,28.64220254164105],[82.18781728529245,28.6419337779423],[82.18832766740944,28.641717156351117],[82.18880884973876,28.64151209981472],[82.1897063192768,28.64096713517276],[82.19004307410144,28.6406031563692],[82.19029423643272,28.640194726167067],[82.19026279264709,28.63962186996071],[82.18946094627636,28.638096727868422],[82.1893309687232,28.637231347947193],[82.18921211691378,28.636787841856865],[82.18902136134616,28.636489315470477],[82.18857332262984,28.63599691632326],[82.18778690931242,28.63533133917164],[82.18724839859264,28.634981794251047],[82.18614555381518,28.63426257412676],[82.18594397952941,28.634138035975],[82.18584788203154,28.634010184660564],[82.18554596139802,28.633599874414994],[82.18552395328531,28.63357749264007],[82.18409293129695,28.632102984815532],[82.1836981641911,28.63157613917094],[82.18357036740511,28.631405775510764],[82.18121069609768,28.628887703317815],[82.1810193126564,28.628756288004354],[82.18086137935589,28.628647067216473],[82.18033931329781,28.628168734879853],[82.17969063794058,28.62767795962365],[82.17913280687183,28.627369114764967],[82.17906884566257,28.627311034359703],[82.17894461287635,28.627183495757016],[82.17887746347888,28.62712310272724],[82.1787741125833,28.627029199141433],[82.17830018871943,28.62667459072786],[82.177611933947,28.626310478513847],[82.17660305828659,28.625973995650657],[82.17658892798393,28.625969556850254],[82.17643655879598,28.625889719438707],[82.17549114574047,28.625518852242394],[82.17470010098941,28.62528196321243],[82.17185941413922,28.624665757802912],[82.16977983550841,28.623318531726124],[82.16957351028445,28.623103654548],[82.16941726679326,28.62285226609873],[82.16916655362219,28.62227221893285],[82.16870495194115,28.621411962183313],[82.16837639673271,28.620958952066328],[82.16796749743531,28.62052469563149],[82.16764969346725,28.620231856856552],[82.16711924666161,28.62001978964639],[82.16609774028252,28.619807468327245],[82.16522397449663,28.61977438882072],[82.1644424910035,28.61993455372806],[82.16377329966802,28.620129855623862],[82.16364906543869,28.620166989911272],[82.1632435980505,28.620391614869103],[82.16298881319373,28.620533717368883],[82.16257365362786,28.620805856265623],[82.16231430533132,28.620945707116416],[82.16199462044996,28.62106355170954],[82.16146329333083,28.621350193657673],[82.16075971050245,28.621794005150583],[82.1605895828278,28.621901472633514],[82.16038275489548,28.621993560420275],[82.16054549878056,28.622371234820754],[82.16089562333941,28.62298654380704],[82.16136985938269,28.62343155323298],[82.1618200848917,28.623962463072434],[82.1625651666961,28.62490612202152],[82.1632953705454,28.625658036442818],[82.16377316888006,28.626195510859677],[82.16432868343011,28.62681807321881],[82.16441158847856,28.62697305766434],[82.16441277498687,28.62708133956145],[82.16413372781489,28.62752152886618],[82.16377346480205,28.627725460347477],[82.16360377438129,28.627821674316795],[82.16337924836496,28.628220789880416],[82.16337393048035,28.62848936847862],[82.16356005728247,28.62901802489453],[82.16377363517311,28.62925090807271],[82.16416977914344,28.629685288873432],[82.16425918550895,28.62990335347834],[82.16405585490821,28.630254892993573],[82.16377337104008,28.630496461408253],[82.16375117503725,28.630514779074993],[82.16279449883457,28.630854682703973],[82.16214925219548,28.63119646441909],[82.16135063607122,28.63149442005932],[82.16091796901813,28.631861461908567],[82.16059903143594,28.632340286579915],[82.1604756683155,28.63269563983789],[82.16043270992286,28.633145084528095],[82.16041901275646,28.633524320746055],[82.16041244780001,28.633574022254365],[82.16021523148342,28.63505826873665],[82.16012394401143,28.635363670316202],[82.1596607635678,28.635864062938285],[82.15896305746438,28.636445477963992],[82.15809828973748,28.636895164847104],[82.15721882687585,28.63757066762572],[82.15628159320813,28.63811800722547],[82.155733880691,28.638675541369867],[82.15543732955095,28.638865344714926],[82.15503286267665,28.639013197081937],[82.15476876135945,28.639184744648613],[82.15454036087117,28.63940780877909],[82.1541894105845,28.639891447427996],[82.15394087095898,28.640669860775148],[82.15389359650351,28.641315612485556],[82.15409902619999,28.643254496019928],[82.15440837721643,28.644583263672942],[82.15455918154426,28.644859533560645],[82.15481107961324,28.645669711533195],[82.15487547363988,28.646115968445],[82.15541797377716,28.64753751550008],[82.15569100976981,28.647936822433262],[82.15592772127455,28.64811762699109],[82.15676484676032,28.64834513887445],[82.15755570513079,28.648442174463217],[82.15781411470941,28.64844674039888],[82.15836932553955,28.648331461788345],[82.15923209201274,28.647868208026107],[82.15977523508529,28.64777099687862],[82.16070201951489,28.6478939790824],[82.16117588414708,28.648004953126396],[82.1612662323148,28.64785072061326],[82.16133444889057,28.647541005503665],[82.16158979790902,28.647322193394643],[82.16186190169306,28.647175402516304],[82.16248544719109,28.64728744150743],[82.16315663729054,28.64726362811001],[82.16369127860945,28.647087517744918],[82.16377324688074,28.647037128838],[82.16523218152206,28.64612424866506],[82.16553448405625,28.64599527650626],[82.1659367610822,28.645876682409508],[82.16634904219337,28.6458618691232],[82.16648353150508,28.645705011412623],[82.1670063579803,28.645328155802762],[82.16718430042627,28.645229628775475],[82.16736380438121,28.645327346424416],[82.16818204731436,28.645579801997066],[82.16845596189643,28.64559999823023],[82.16894733273952,28.645735667480885],[82.16936917858507,28.645768117739138],[82.16985136092053,28.645653400811533],[82.16998728735946,28.645683785997758],[82.17104806121623,28.645663351584712],[82.17133917008775,28.645730811974907],[82.17208469706571,28.64600408565832],[82.17219511241993,28.646102427956887],[82.17250260039191,28.646375073982085],[82.17281865373808,28.64661602239353],[82.17372817763345,28.647199388436828],[82.17467778243605,28.647360382025447],[82.17578325626502,28.64773437629442],[82.17630495216899,28.647779518802313],[82.17686453558848,28.647950636825605],[82.17705904680868,28.64795345131346],[82.17818046539192,28.648214475227487],[82.17919152747912,28.648722445626223],[82.17988785000372,28.648935264479686],[82.18049251655087,28.648794603772885],[82.18107323932243,28.6483923654412],[82.18182814921302,28.648302282676916],[82.1823186440097,28.648525915085887],[82.18365988674385,28.64955898029732],[82.18397812995235,28.649650947771068],[82.18417264041317,28.64971471834541],[82.18496043326977,28.650044008629553],[82.18528080015695,28.650323280897098],[82.18546092730767,28.65065344210175],[82.18538001989356,28.650789481495714],[82.18516374970663,28.650949401887164],[82.18475396829164,28.65107931132115],[82.18412492032823,28.65098784125278],[82.18351325149143,28.65108117561692],[82.18334775118308,28.651152570115915],[82.18318562639196,28.65129160996028],[82.18310446912605,28.651472849787837],[82.18310002651059,28.651759496663963],[82.18315610778785,28.65196887100334],[82.18336093113427,28.65226721034116],[82.18456624726693,28.65343456330006],[82.18591867474187,28.65511738186636],[82.18614012821836,28.655521626684465],[82.18627354803627,28.655955942820377],[82.18659147618482,28.65630292276276],[82.18703295176152,28.656601452034998],[82.18790096166464,28.656945872773374],[82.18843597271442,28.657198389369725],[82.188657054637,28.65734993600891],[82.18906232623189,28.657838269799257],[82.18933205044615,28.658052522484155],[82.1897136294799,28.658254522605315],[82.19029697185174,28.658477281014168],[82.19089613294881,28.65858256712007],[82.19220593372125,28.658968191593303],[82.19197241401872,28.658509929447018],[82.19194090303706,28.65844028429248],[82.19182142328084,28.658222406383395],[82.19151862993765,28.657414979617872],[82.19146605233533,28.657058999826976],[82.19187358905378,28.656279086304018],[82.19190110368113,28.655933610179616],[82.1917499903456,28.655352751492362],[82.19134429069845,28.653986658839674],[82.19111784031169,28.65307695230293],[82.19106426891177,28.652016828362942],[82.19108202726851,28.65194668334658],[82.1911851997337,28.65111762830251],[82.19123328485084,28.65073357822833],[82.19128050240823,28.649652323917305]]]}},{"type":"Feature","properties":{"province":"Karnali Province","district":"Jajarkot","municipality":"Bheri Municipality","ward":"4","wardNumber":4,"sourceMunicipality":"Bheri","sourceType":"Nagarpalika"},"geometry":{"type":"Polygon","coordinates":[[[82.20570382283537,28.715760604125506],[82.20575290356184,28.71581205688415],[82.206200949957,28.715593683963597],[82.20644442084246,28.715223702421653],[82.2065462143309,28.714726370349204],[82.2068943494632,28.71433738438203],[82.20748569871331,28.714232795759553],[82.2078367677689,28.714263557872016],[82.20814894827038,28.71419754142759],[82.20901728279432,28.71358049258454],[82.21118172752911,28.7131526981916],[82.21236143055314,28.712350034665732],[82.21304318936886,28.712091214571192],[82.21445441852131,28.711169143551512],[82.2155211452774,28.71005838956984],[82.21650964428746,28.709880283172872],[82.2172223495443,28.709921238360675],[82.21737540718256,28.709879227425652],[82.21772416689082,28.70965497710435],[82.21791949017675,28.70961484211972],[82.21886578345527,28.709655924743558],[82.21945588323729,28.70944749305599],[82.21980257757522,28.70937672520949],[82.2202998269283,28.70938123125033],[82.22049215054236,28.709300521622055],[82.22081333738379,28.70896817661804],[82.22113358824281,28.708500354701552],[82.22200611449139,28.707535766072148],[82.222987678176,28.706935660776413],[82.22322045661488,28.70658606082421],[82.22318326953395,28.705318250219293],[82.22279431882808,28.70455458561326],[82.22314452174332,28.703804493514912],[82.223037795164,28.70370840183979],[82.2226714075634,28.70367338815503],[82.22136872438102,28.704066492656963],[82.22128319324217,28.704028981210058],[82.22049683040645,28.704363197584005],[82.22000695848863,28.704387950129505],[82.21912962601442,28.704601193133836],[82.21884226791673,28.704597001868873],[82.21851802254264,28.70439237676379],[82.21839948183828,28.704102352909622],[82.21844419038077,28.703657409926613],[82.2183277783458,28.70310787313321],[82.21742857500419,28.70215464782094],[82.21723244219575,28.701795415546613],[82.21692346239138,28.700807560479102],[82.21650299684474,28.700299094739265],[82.21595817156404,28.69988884519327],[82.21531017856769,28.69979318658967],[82.21506089865807,28.699650955462307],[82.21459185377094,28.698982692774983],[82.2143865922753,28.698770191209363],[82.21398244200755,28.698516549960168],[82.21373903788886,28.69854805797592],[82.21333832134688,28.698863084189835],[82.21298793900264,28.69888877648228],[82.21253064081236,28.69901699778221],[82.21194173075158,28.69904712660276],[82.2116066039595,28.69911558136435],[82.21119263750381,28.698952279843713],[82.21069988932345,28.698945397967627],[82.20989083253738,28.699144449406965],[82.2090624489899,28.699991316316364],[82.20854324996634,28.700305091278764],[82.20832504400296,28.700187430136456],[82.20806495026534,28.699833261553707],[82.20792527289463,28.69976905392006],[82.20779547464144,28.699767927668265],[82.20757832960922,28.699860139778924],[82.20721544278109,28.699854385005256],[82.20700548491014,28.70017891601851],[82.20679471704557,28.700268816049583],[82.20624050899657,28.70026249656779],[82.20577914839326,28.70025530288744],[82.20545483715213,28.7003236327113],[82.20544339554267,28.700326008066675],[82.20527064240883,28.700435851473742],[82.2051670387145,28.700612778173827],[82.20482565828816,28.700807644500802],[82.20439568204439,28.700922049794066],[82.20372424207302,28.700957304249567],[82.2031759087125,28.701070582614022],[82.2029820198064,28.70140174027721],[82.202894664184,28.702325448280288],[82.20269270210261,28.703295294304553],[82.20249550051035,28.70356555914003],[82.2020722742585,28.70393034979018],[82.20174633515236,28.70430333204968],[82.20114772269206,28.705394084290592],[82.20068429399424,28.70571861351631],[82.19970492251502,28.706025194692486],[82.19926600629375,28.70608545867592],[82.19849915191107,28.70633815103392],[82.19716033257585,28.706666048173584],[82.19577517792905,28.707350737102193],[82.1952589832145,28.707377866130194],[82.19467158123057,28.70675799112878],[82.19440605183594,28.706087917529054],[82.1938910500098,28.705699798774337],[82.19323980716767,28.70549117009939],[82.19209150009944,28.70540432170028],[82.19168147277276,28.70524770967155],[82.19158212513832,28.705065780370855],[82.19156168255844,28.7047839472987],[82.19150841320436,28.704716677412925],[82.19126044607029,28.7046285241135],[82.19098909703317,28.704342188250756],[82.19069043062282,28.703622724136597],[82.19069531089022,28.703266119730717],[82.19111910114182,28.702718587516493],[82.19154621216578,28.7016158924396],[82.19212199926706,28.70093157146779],[82.19206017855633,28.699546602247267],[82.19215352843257,28.699311095899557],[82.19250966739394,28.698946929551376],[82.19262827731684,28.698693168844184],[82.19286324553256,28.69819464989875],[82.19294984556808,28.697767399892097],[82.1928570020793,28.69742060967135],[82.19153146479775,28.69529772510257],[82.19149789121342,28.695101667504858],[82.19135766023972,28.694299617747284],[82.19140037088265,28.69361091593128],[82.19126638739338,28.693246620584144],[82.19095802470352,28.692910832417294],[82.19086755613864,28.692661133268178],[82.19102800041313,28.691917353368243],[82.1908823870907,28.691487600859446],[82.19088826995457,28.691052098339636],[82.190956735475,28.69082353135912],[82.19126623135826,28.69041241372475],[82.19226767740972,28.68980780725298],[82.1923398933002,28.689685334319368],[82.19231363843944,28.689286154273024],[82.19183721719826,28.68851861261798],[82.19156124649436,28.687821530390245],[82.19156881730581,28.687302503090777],[82.19169399723002,28.686558973644324],[82.19194309947268,28.685839202139604],[82.19195085404614,28.685728482091907],[82.1916959443587,28.68581656808225],[82.19125546293847,28.686075390929176],[82.19095434612571,28.68637366320344],[82.18990068547345,28.687680474934506],[82.18929564002003,28.68809421634229],[82.18821935084166,28.688981467739],[82.18759273744914,28.689187834597078],[82.18616588380623,28.689516356708232],[82.18568038636198,28.68975067087389],[82.1847304601197,28.690332208745584],[82.18442615362487,28.69069812548436],[82.18386874635173,28.691594383906494],[82.18362220966128,28.692140354418466],[82.18340643328487,28.69286431524524],[82.18320116448572,28.69321591688594],[82.1829789528867,28.693427726632066],[82.18280194598535,28.693729376479492],[82.18276180052831,28.69419907647571],[82.18240334563994,28.694867894833163],[82.18222020649941,28.69553971548911],[82.1819107756843,28.695673251558816],[82.18121326371217,28.695668119562594],[82.18078791573929,28.69573726081485],[82.18037513154388,28.696011650554706],[82.18030860462818,28.69618145002736],[82.18034649121361,28.696478975141357],[82.18011164243187,28.697331785600436],[82.17988686756429,28.697602237733683],[82.17979958410548,28.697639123090735],[82.1794468264343,28.697671504631455],[82.17911989095302,28.6976202363948],[82.17820198601595,28.697355213732724],[82.17780521230785,28.69734964559532],[82.17729308070363,28.697442105689618],[82.17680045616865,28.697615590550573],[82.17640699105708,28.698022956151306],[82.17619603244856,28.69838356076618],[82.17619396736107,28.698541544306195],[82.1763901001477,28.698853512342808],[82.17653771306071,28.699290017118745],[82.17662235803445,28.700394967188114],[82.17656026501497,28.700964133299784],[82.17634117989093,28.701227833678534],[82.17486492351705,28.70236665534484],[82.17365070333396,28.703537113712468],[82.17335208647202,28.70396167306558],[82.17282688032735,28.704708637659483],[82.17192414745527,28.706273464277313],[82.1716150295672,28.706449888282243],[82.17134423985844,28.706488334996795],[82.16938649201767,28.70744178458004],[82.16903791900138,28.707801324461784],[82.16842236604187,28.708603180199304],[82.16802552533466,28.708945152043093],[82.16775023027871,28.70927693409085],[82.16748206130241,28.709735066540496],[82.16746230350333,28.709798459366283],[82.16707558095604,28.71104513449514],[82.16700461101057,28.711571538963575],[82.16710845120775,28.71256351828806],[82.16709024587544,28.71351592275671],[82.1667559258249,28.714125848992918],[82.16636488326492,28.715909618644513],[82.16620343578613,28.71693098022554],[82.16608206963922,28.717701517115866],[82.16585991150332,28.718730129860734],[82.16568345524585,28.72007202210056],[82.16496666536118,28.7218022116289],[82.1646259057971,28.72240763575813],[82.16411632240928,28.72383817649573],[82.16379131247874,28.72494443610817],[82.16377243003335,28.724976194981718],[82.16326179030982,28.725847071261317],[82.16276859804917,28.726390664388898],[82.16201061150649,28.72758638306892],[82.16094351031916,28.72867194232153],[82.16093287996398,28.728748715027958],[82.16088542155254,28.72908768873807],[82.16077417672228,28.730374878802426],[82.16112222762298,28.73197847773904],[82.16183542185018,28.732981028328787],[82.16213396834213,28.733294372054925],[82.16231835385128,28.73294752239687],[82.16326803544274,28.731953238583554],[82.16377229556502,28.731251599857895],[82.16462888191109,28.730059569972298],[82.16525743556043,28.72971341150854],[82.16589161214408,28.72964927304604],[82.16690518647232,28.729220781320784],[82.16743319936491,28.729105626956944],[82.16780471374115,28.729134013131638],[82.16869105115886,28.728832995119998],[82.16890138120999,28.728698144816068],[82.16939994900842,28.728296593989704],[82.16977315677998,28.72783752494754],[82.17050656644177,28.72714520372537],[82.17278506559114,28.725719617745312],[82.1734471360736,28.724885690803276],[82.17355593438714,28.72431158541157],[82.17442965070582,28.72317794813065],[82.17493528221848,28.72283735276984],[82.1754816815162,28.722367844584408],[82.17632181497274,28.72195204262497],[82.17672490980296,28.721434018371117],[82.1773807253516,28.72084385130415],[82.17937248761305,28.719829133412766],[82.17955662035868,28.719696658369642],[82.1800329264271,28.719597695856077],[82.18040544420985,28.719316866720494],[82.18068130135346,28.719036911656307],[82.18080210257145,28.718568775602666],[82.18093634190714,28.71838478553237],[82.18139495796241,28.717904648495452],[82.18191953220538,28.717717285782662],[82.18224428537845,28.717231582863178],[82.1823503910871,28.71693274656254],[82.18235533075415,28.71691918012314],[82.1830787954093,28.716438919976397],[82.18349032720276,28.716329329603898],[82.18392762011432,28.716007301035468],[82.18480702445467,28.71504958967095],[82.18532991375682,28.714659167187136],[82.18554662314645,28.714411283818208],[82.18563559667413,28.714184843261492],[82.18584024758559,28.713151791470732],[82.18613905338403,28.712639206518126],[82.18623165419498,28.712281914620412],[82.18649563092576,28.712083233734003],[82.18673566245336,28.711805841802484],[82.18677386700332,28.711561833311297],[82.1872323561725,28.71114033882365],[82.18852760017616,28.710573870903456],[82.19001028853688,28.710181643973375],[82.19082028372674,28.709885688614538],[82.19139644521273,28.709284892293468],[82.19143383520587,28.709198804486356],[82.19144959038623,28.709232502183358],[82.19187181068608,28.709388989321862],[82.19197716164427,28.709482893454638],[82.1923501080149,28.710093325660463],[82.19267222095212,28.71078784446377],[82.19282352687001,28.710924073784177],[82.1945097895003,28.71065194588537],[82.19506656158204,28.710656076905792],[82.19597008493376,28.711045198980933],[82.19666021288053,28.71168670580303],[82.19718315578538,28.712034124168287],[82.19809011847221,28.712384859928473],[82.198360469898,28.712411807965346],[82.19934189937258,28.71267158005548],[82.1996751499934,28.71260318753983],[82.2007146032209,28.71267521791623],[82.20099026910998,28.7127765621717],[82.2022896876343,28.713475841760186],[82.20321127732358,28.71415586135537],[82.20396536435241,28.71495697789567],[82.20429729986314,28.71521799488248],[82.20504551850567,28.715229379534435],[82.20531318032768,28.715353356153045],[82.20545504511317,28.71550102562822],[82.20570382283537,28.715760604125506]]]}},{"type":"Feature","properties":{"province":"Karnali Province","district":"Jajarkot","municipality":"Bheri Municipality","ward":"3","wardNumber":3,"sourceMunicipality":"Bheri","sourceType":"Nagarpalika"},"geometry":{"type":"Polygon","coordinates":[[[82.20624050899657,28.70026249656779],[82.20626196046508,28.69972977794019],[82.2065537611576,28.699454137127884],[82.20674252592501,28.69889960134827],[82.20694497779053,28.698812014377506],[82.2074218457758,28.698712989371696],[82.20770007650236,28.69859539480336],[82.20795442490773,28.698408091847046],[82.20830331570991,28.69752496093268],[82.20847775980594,28.697225498953557],[82.2089193037488,28.69695529845828],[82.20957280706774,28.69630861456059],[82.21043083088054,28.695136527846593],[82.21141821178726,28.694263467820488],[82.21172483133657,28.69388835999046],[82.2120572748768,28.693366397142047],[82.21257923463693,28.692136477962137],[82.21271672546794,28.691963678454613],[82.21247951368802,28.691755990834753],[82.2122277341304,28.691559618151764],[82.21155542491425,28.690906796118412],[82.21122017884821,28.69046297511984],[82.21090738012117,28.68991293595583],[82.21027765932506,28.68839767312228],[82.2102546514962,28.688343720143376],[82.2101179217514,28.687525853801535],[82.2095160870957,28.685987772217374],[82.20896720081399,28.685211914730317],[82.20854986088138,28.68480266594022],[82.20812195325934,28.684479317167533],[82.20766534589428,28.68432545562271],[82.20723230900931,28.68427512417311],[82.20649934504259,28.684292936384708],[82.20589642772993,28.68454881881272],[82.205561361885,28.684788760560405],[82.20545525739631,28.684909295170886],[82.20538579361302,28.684988881115412],[82.20483394758769,28.686126584691706],[82.20482081753806,28.68615371804027],[82.20446673154545,28.68752436673383],[82.20370455082582,28.68929581809345],[82.20319016035877,28.690133059129106],[82.20274035968234,28.690687655561486],[82.2021201205961,28.691171542537525],[82.2015220799411,28.6914656866405],[82.20111379876937,28.691683684026557],[82.20104571020171,28.691713630290394],[82.2008188121103,28.691790087736212],[82.19969988702483,28.692133992192304],[82.19853482103771,28.692358735517846],[82.19744641111772,28.692354724515557],[82.19673820910667,28.692189608080714],[82.1960956588156,28.691780107109313],[82.19565462274659,28.691366543994302],[82.19542028912551,28.690901467886544],[82.1954273601899,28.690398195138542],[82.19547569476865,28.690036777717804],[82.19571866572342,28.689689302133747],[82.19585653144587,28.689491870636864],[82.19588448015878,28.689473490197575],[82.1963879861468,28.689085443267352],[82.19720949080624,28.688403437715376],[82.19767761066527,28.687823896649626],[82.197792846216,28.687437034474755],[82.19766811679311,28.68693263499254],[82.19696023724055,28.685842246185757],[82.19681162367317,28.685487015914894],[82.19674516088597,28.68543800118674],[82.19645317623792,28.685476634276746],[82.19619664104438,28.685589477633787],[82.19540258967146,28.685806410127288],[82.1945201933106,28.68590218044213],[82.19356964912332,28.685860972235176],[82.19284431534945,28.685648466492047],[82.19220895135223,28.685640521166018],[82.19195085404614,28.685728482091907],[82.19194309947268,28.685839202139604],[82.19169399723002,28.686558973644324],[82.19156881730581,28.687302503090777],[82.19156124649436,28.687821530390245],[82.19183721719826,28.68851861261798],[82.19231363843944,28.689286154273024],[82.1923398933002,28.689685334319368],[82.19226767740972,28.68980780725298],[82.19126623135826,28.69041241372475],[82.190956735475,28.69082353135912],[82.19088826995457,28.691052098339636],[82.1908823870907,28.691487600859446],[82.19102800041313,28.691917353368243],[82.19086755613864,28.692661133268178],[82.19095802470352,28.692910832417294],[82.19126638739338,28.693246620584144],[82.19140037088265,28.69361091593128],[82.19135766023972,28.694299617747284],[82.19149789121342,28.695101667504858],[82.19153146479775,28.69529772510257],[82.1928570020793,28.69742060967135],[82.19294984556808,28.697767399892097],[82.19286324553256,28.69819464989875],[82.19262827731684,28.698693168844184],[82.19250966739394,28.698946929551376],[82.19215352843257,28.699311095899557],[82.19206017855633,28.699546602247267],[82.19212199926706,28.70093157146779],[82.19154621216578,28.7016158924396],[82.19111910114182,28.702718587516493],[82.19069531089022,28.703266119730717],[82.19069043062282,28.703622724136597],[82.19098909703317,28.704342188250756],[82.19126044607029,28.7046285241135],[82.19150841320436,28.704716677412925],[82.19156168255844,28.7047839472987],[82.19158212513832,28.705065780370855],[82.19168147277276,28.70524770967155],[82.19209150009944,28.70540432170028],[82.19323980716767,28.70549117009939],[82.1938910500098,28.705699798774337],[82.19440605183594,28.706087917529054],[82.19467158123057,28.70675799112878],[82.1952589832145,28.707377866130194],[82.19577517792905,28.707350737102193],[82.19716033257585,28.706666048173584],[82.19849915191107,28.70633815103392],[82.19926600629375,28.70608545867592],[82.19970492251502,28.706025194692486],[82.20068429399424,28.70571861351631],[82.20114772269206,28.705394084290592],[82.20174633515236,28.70430333204968],[82.2020722742585,28.70393034979018],[82.20249550051035,28.70356555914003],[82.20269270210261,28.703295294304553],[82.202894664184,28.702325448280288],[82.2029820198064,28.70140174027721],[82.2031759087125,28.701070582614022],[82.20372424207302,28.700957304249567],[82.20439568204439,28.700922049794066],[82.20482565828816,28.700807644500802],[82.2051670387145,28.700612778173827],[82.20527064240883,28.700435851473742],[82.20544339554267,28.700326008066675],[82.20545483715213,28.7003236327113],[82.20577914839326,28.70025530288744],[82.20624050899657,28.70026249656779]]]}},{"type":"Feature","properties":{"province":"Karnali Province","district":"Jajarkot","municipality":"Bheri Municipality","ward":"2","wardNumber":2,"sourceMunicipality":"Bheri","sourceType":"Nagarpalika"},"geometry":{"type":"Polygon","coordinates":[[[82.21834366841786,28.78766581975864],[82.21837367962151,28.787658818602868],[82.21830897251363,28.787269015768533],[82.21839501606897,28.786246028455082],[82.21842972271618,28.785652292303617],[82.2184280979438,28.785622971163747],[82.21833094615367,28.78470094961199],[82.21825942325276,28.78433602920859],[82.21815432519969,28.783944351013737],[82.21779569640502,28.78333379387284],[82.21741330835147,28.78282951745201],[82.21685579367521,28.782135058778525],[82.21607394983431,28.780867179876132],[82.21598742083187,28.780534018829943],[82.21584637000609,28.78029607310824],[82.21567912581105,28.779794424274463],[82.21559372293515,28.779328098829776],[82.21559722758582,28.77907758844526],[82.2156545639176,28.778892033797828],[82.215554029681,28.778554434295216],[82.21521359500024,28.777970822426415],[82.21504690967294,28.777733125995525],[82.21487547163258,28.777581267740064],[82.21474617471154,28.777474110197964],[82.21445969706339,28.77695314215553],[82.21413752098714,28.776227238431748],[82.21410601126672,28.77605375028179],[82.21410250965236,28.776026679443973],[82.21407593965276,28.775835123110625],[82.21419867724958,28.77553841226419],[82.21436330580374,28.775103723728556],[82.21456701173305,28.774725051263903],[82.21473726909234,28.774278984956997],[82.21480760915938,28.774104559137033],[82.21491603048064,28.773622981433338],[82.2150051932705,28.773306263460437],[82.21505684335327,28.77273490882534],[82.21512856688301,28.77196255810398],[82.21513501310731,28.771364507095225],[82.21525381250068,28.77094826149021],[82.21544126275197,28.770493004261535],[82.21576113964186,28.769919213776603],[82.21595834274841,28.76964438447972],[82.21620625132121,28.769380434262576],[82.2165224354009,28.769151932505057],[82.21674108278606,28.76895362587455],[82.2170899031716,28.768835344631697],[82.21740014686276,28.76864304010927],[82.217804678459,28.768305445013493],[82.21801238317742,28.768107263619353],[82.2181279290669,28.76796628590066],[82.21820420953168,28.767755724262745],[82.21824641567359,28.767529720832986],[82.21830270293185,28.766094112410922],[82.21848871356828,28.765790024733334],[82.21860675857845,28.76570325054321],[82.2186779111086,28.765650672602845],[82.218884365115,28.76556758763363],[82.21928076530591,28.765466998966364],[82.22011014298026,28.765213494573132],[82.2205793222253,28.76503550845913],[82.22098203790729,28.764873901847125],[82.22152630850627,28.764659156578578],[82.2220010515747,28.764517180593373],[82.22256307701014,28.76434738579278],[82.22303150440564,28.764270929636332],[82.22336844561416,28.764177655368954],[82.22405057864188,28.764033806851568],[82.22449612340954,28.76392146486694],[82.22492547400788,28.76379118056773],[82.22561879939585,28.763620135675485],[82.22603652079329,28.763478722861137],[82.22651101318976,28.763377384930752],[82.22695218048612,28.76332599839321],[82.22752971220851,28.76316726959905],[82.2279073559233,28.76304880005923],[82.22866357979474,28.762890697977053],[82.2288916037079,28.762847999461087],[82.22916001758267,28.762802676075466],[82.22920022042238,28.762795487099716],[82.22964526409616,28.762744100871906],[82.23021848091989,28.762653141484908],[82.23069803818699,28.762547238664556],[82.23097301781323,28.76241382698373],[82.23128313672906,28.762212458065793],[82.23147008478023,28.761998647380523],[82.23156299685677,28.76183760064123],[82.23161101653282,28.761622788269367],[82.231587387267,28.761189785929343],[82.23155269252536,28.760691388646126],[82.23156082315626,28.760510773182784],[82.2316483575103,28.760331721905914],[82.23177559442573,28.760156796761464],[82.2321176027608,28.75984001895949],[82.23257408986024,28.759567317765086],[82.23292166229295,28.759236973975064],[82.23259166924213,28.75861259965919],[82.22718195365012,28.757586878352548],[82.22555765975066,28.75713416902912],[82.22425635502914,28.757314335913904],[82.22423585400956,28.75670978297784],[82.22408198817237,28.7562575243991],[82.22392436926302,28.75597018869031],[82.22346401471242,28.755360630084223],[82.22314552544385,28.75484222555839],[82.22274707557422,28.75366794007317],[82.22234501034052,28.751521118674926],[82.22232488343217,28.75105867016824],[82.22258793716452,28.74946551709845],[82.22259119089492,28.749199251624432],[82.22236242423486,28.748571690577858],[82.22253449903043,28.747678867210062],[82.2225112443766,28.74733157806292],[82.22232568028063,28.746733025211245],[82.22229255887132,28.745320735913502],[82.22213612934105,28.74485959902245],[82.22193011819732,28.744541004276094],[82.22008819338016,28.742759214832596],[82.21882672851673,28.741836433310166],[82.21830960006945,28.741516147676546],[82.21807363908304,28.741261070347175],[82.21790989287939,28.74099624113254],[82.21758027820448,28.740060526897242],[82.21741490693172,28.739761875169407],[82.21740765447208,28.73974843377258],[82.21712129795833,28.739617892954136],[82.2167756054552,28.73961420103504],[82.2165343284184,28.739451650936893],[82.21603871048899,28.73893937187807],[82.21548112460484,28.738985005125713],[82.21497505748628,28.739118227924425],[82.21478623643989,28.73911766312985],[82.21416350433196,28.738904345159867],[82.21346862188199,28.73848640419945],[82.21284864466007,28.737896225467875],[82.21197608265435,28.73644860621628],[82.21146964599326,28.736049234471114],[82.21071680241792,28.735762643260625],[82.21048934233252,28.73573763440658],[82.21012983405984,28.735535509386114],[82.20991900869585,28.735180903582],[82.20997296714943,28.73514201740795],[82.20944889907464,28.734765339926735],[82.20814478800894,28.734239987603498],[82.2068057930706,28.73346218468773],[82.20612547923731,28.732969534765452],[82.20600118266309,28.73295940493215],[82.20617081331339,28.73257198066615],[82.20658278312868,28.732326849974847],[82.20712605172123,28.732263335445392],[82.20778260793927,28.732528293744934],[82.2082902374176,28.732534988308718],[82.20904771444756,28.732113120705563],[82.20950001040428,28.732032288052647],[82.2097559822996,28.732034478143202],[82.20986458701272,28.731850737735257],[82.20975017135693,28.731639613023816],[82.20936515517484,28.731336207657286],[82.20887165930645,28.73111270074789],[82.20853835034019,28.73073658693291],[82.20847620483018,28.730504705629933],[82.20821291999601,28.730265633236094],[82.20784591007597,28.7300183706482],[82.20725099688286,28.730105015444458],[82.20703472972325,28.729942215587823],[82.20690399617268,28.729704207892805],[82.20688005368535,28.729347852370665],[82.20691700697584,28.72916473636514],[82.20726170448975,28.728699102858734],[82.20726445814584,28.728493729899174],[82.20694040280365,28.728083670062215],[82.2068781945245,28.727851788171577],[82.2069204641192,28.727463299707473],[82.20714080244197,28.727034863370037],[82.20710779217931,28.72678016374425],[82.20677673862062,28.726040756166764],[82.20675579518682,28.72583557103762],[82.20686621482403,28.725584123189467],[82.20720628322249,28.725328363376065],[82.20737578774646,28.725038092245555],[82.2071417681196,28.724505308625183],[82.20712313873139,28.724273052713585],[82.20724650161716,28.723924451641057],[82.2075409923189,28.723490826786744],[82.2074614653603,28.723195926700676],[82.2072163140505,28.72286188948862],[82.20589263978397,28.721844767048502],[82.20550156012649,28.721399195095515],[82.20545448017596,28.721363497121985],[82.20478485788647,28.72084139986273],[82.20429686699056,28.720367382175198],[82.20407178878682,28.71982559547232],[82.20403921781265,28.719500938156035],[82.20426074357414,28.719061185632334],[82.20490911943378,28.718398746676726],[82.20545489287646,28.71794486823231],[82.20572687300293,28.717719116851825],[82.2056481013091,28.716932197820483],[82.20563941172179,28.716844296718108],[82.20550067957127,28.716191103749377],[82.20565274010093,28.71588964141472],[82.20570382283537,28.715760604125506],[82.20545504511317,28.71550102562822],[82.20531318032768,28.715353356153045],[82.20504551850567,28.715229379534435],[82.20429729986314,28.71521799488248],[82.20396536435241,28.71495697789567],[82.20321127732358,28.71415586135537],[82.2022896876343,28.713475841760186],[82.20099026910998,28.7127765621717],[82.2007146032209,28.71267521791623],[82.1996751499934,28.71260318753983],[82.19934189937258,28.71267158005548],[82.198360469898,28.712411807965346],[82.19809011847221,28.712384859928473],[82.19718315578538,28.712034124168287],[82.19666021288053,28.71168670580303],[82.19597008493376,28.711045198980933],[82.19506656158204,28.710656076905792],[82.1945097895003,28.71065194588537],[82.19282352687001,28.710924073784177],[82.19267222095212,28.71078784446377],[82.1923501080149,28.710093325660463],[82.19197716164427,28.709482893454638],[82.19187181068608,28.709388989321862],[82.19144959038623,28.709232502183358],[82.19143383520587,28.709198804486356],[82.19139644521273,28.709284892293468],[82.19082028372674,28.709885688614538],[82.19001028853688,28.710181643973375],[82.18852760017616,28.710573870903456],[82.1872323561725,28.71114033882365],[82.18677386700332,28.711561833311297],[82.18673566245336,28.711805841802484],[82.18649563092576,28.712083233734003],[82.18623165419498,28.712281914620412],[82.18613905338403,28.712639206518126],[82.18584024758559,28.713151791470732],[82.18563559667413,28.714184843261492],[82.18554662314645,28.714411283818208],[82.18532991375682,28.714659167187136],[82.18480702445467,28.71504958967095],[82.18392762011432,28.716007301035468],[82.18349032720276,28.716329329603898],[82.1830787954093,28.716438919976397],[82.18235533075415,28.71691918012314],[82.1823503910871,28.71693274656254],[82.18224428537845,28.717231582863178],[82.18191953220538,28.717717285782662],[82.18139495796241,28.717904648495452],[82.18093634190714,28.71838478553237],[82.18080210257145,28.718568775602666],[82.18068130135346,28.719036911656307],[82.18040544420985,28.719316866720494],[82.1800329264271,28.719597695856077],[82.17955662035868,28.719696658369642],[82.17937248761305,28.719829133412766],[82.1773807253516,28.72084385130415],[82.17672490980296,28.721434018371117],[82.17632181497274,28.72195204262497],[82.1754816815162,28.722367844584408],[82.17493528221848,28.72283735276984],[82.17442965070582,28.72317794813065],[82.17355593438714,28.72431158541157],[82.1734471360736,28.724885690803276],[82.17278506559114,28.725719617745312],[82.17050656644177,28.72714520372537],[82.16977315677998,28.72783752494754],[82.16939994900842,28.728296593989704],[82.16890138120999,28.728698144816068],[82.16869105115886,28.728832995119998],[82.16780471374115,28.729134013131638],[82.16743319936491,28.729105626956944],[82.16690518647232,28.729220781320784],[82.16589161214408,28.72964927304604],[82.16525743556043,28.72971341150854],[82.16462888191109,28.730059569972298],[82.16377229556502,28.731251599857895],[82.16326803544274,28.731953238583554],[82.16231835385128,28.73294752239687],[82.16213396834213,28.733294372054925],[82.16246877838499,28.733645728424396],[82.16297834100504,28.73405429082935],[82.16364802044691,28.734933116734343],[82.16377193906732,28.73520282225611],[82.16408804989119,28.735886088078782],[82.16433450416653,28.73709569556188],[82.16428797210686,28.73838682358641],[82.16386823881147,28.739493894936828],[82.16377213883904,28.739603050888633],[82.16362927154691,28.739766785835094],[82.16309731786491,28.73999472305911],[82.16277594675984,28.73999071855077],[82.16227375662974,28.74013269336602],[82.16186303848161,28.74015432158372],[82.1615545461107,28.740269790369386],[82.16099864745085,28.74047765868039],[82.16043805858635,28.740719412465207],[82.1596927096086,28.741217739568867],[82.15939240568164,28.741497881535782],[82.15824332373391,28.74363787464678],[82.15692224115325,28.745621444640133],[82.15603314163707,28.746845296736208],[82.15503256631136,28.74783320219073],[82.1542418886122,28.74823037464834],[82.15350298284388,28.748448807084408],[82.15217591672585,28.748737755646975],[82.15176532280461,28.74888785865609],[82.15131958977032,28.749162434911636],[82.15000276510757,28.7505592080724],[82.14918113424503,28.751297292404175],[82.14844103375914,28.752109211872167],[82.14815542422505,28.752332774644096],[82.14819656462119,28.75235271901245],[82.14855250631678,28.752703887035658],[82.14867060302186,28.753603402419373],[82.14870216714267,28.754501166714636],[82.14913594588592,28.75540681094445],[82.14954103175134,28.755744101414216],[82.15025779802737,28.756069703035458],[82.15044855295312,28.75647882508632],[82.15047543344956,28.75688475696383],[82.15062692292932,28.75732576276144],[82.15086300731244,28.757718629831615],[82.15124983021785,28.758611144969322],[82.15122237940403,28.758906982201154],[82.15132060056831,28.759163432758765],[82.15139137446685,28.759490029915153],[82.1514808424771,28.75970809465837],[82.15159850886593,28.759982425878675],[82.15173505635508,28.760351348178045],[82.15199371349405,28.760583793906722],[82.15226762700925,28.760813863843435],[82.15230013677774,28.760967033858613],[82.1522394873498,28.76115483829021],[82.1520360941242,28.76147024141988],[82.15177480040934,28.7621630050323],[82.15173390747019,28.762400262240725],[82.15170677037624,28.762556181964932],[82.15175791222732,28.762779123101105],[82.1518226213452,28.763017818835426],[82.15199343180755,28.763352543817856],[82.15205820384614,28.763602493070493],[82.15214022506389,28.764418670439483],[82.15215216023667,28.764978146844033],[82.15210132675381,28.76519070963833],[82.15195076491719,28.7655913258559],[82.15183646948893,28.765788694776976],[82.15163832888173,28.766110788103543],[82.15157305197829,28.76628965214924],[82.15162838377141,28.766487711099302],[82.15175255375584,28.76665819944441],[82.1520305919051,28.76696497956455],[82.1522655533494,28.767197612110134],[82.15263643883665,28.76756003452305],[82.15287114959744,28.767770098481158],[82.15311142446664,28.76801629758758],[82.15327842301082,28.768240490051802],[82.15344498316388,28.768480561419246],[82.15351475688395,28.768712380229122],[82.15359478397492,28.768944136849182],[82.15363516669417,28.769589138515492],[82.1536542943122,28.769986130440767],[82.15372375539486,28.770247270268946],[82.15379671853944,28.77036399229287],[82.15394102231782,28.77049815806677],[82.15406656844108,28.770562490786762],[82.15441375973025,28.770749111203546],[82.1547376928679,28.770859146593892],[82.15510795757199,28.770880781240326],[82.1558024697572,28.770856780548804],[82.15601611227805,28.770841402923434],[82.15608920229165,28.770849843049156],[82.15616054119188,28.770871788025957],[82.15630571584099,28.771380500992432],[82.15661888841505,28.7720231918115],[82.15707711793665,28.772581172367335],[82.15785590446222,28.77317472861182],[82.15815095044566,28.773393295764784],[82.15875629704675,28.773999603462862],[82.15901139110774,28.774196038887904],[82.15908347936791,28.77428562834451],[82.15926667360385,28.774288568114393],[82.15955953310048,28.774369594788446],[82.15998831760052,28.774521580015612],[82.16037577374738,28.774762029326823],[82.1606735093023,28.77487450212957],[82.1609571148978,28.775043554977508],[82.16123515462175,28.77522842388851],[82.16175884898807,28.775510511458915],[82.16208934607779,28.775692692261458],[82.16243610007754,28.77589731811083],[82.16291496361163,28.776233921616722],[82.16327809860476,28.776467743256898],[82.16350899476319,28.77668237028182],[82.16378184447758,28.776968832196484],[82.16415398120999,28.777324376811677],[82.1643589323556,28.77744222587836],[82.16460120950663,28.77752137663263],[82.16474576354489,28.777565265325872],[82.16499154316371,28.77761503278531],[82.16529196954086,28.777625975646544],[82.16552049319219,28.777614912255874],[82.16597160135835,28.77753439212392],[82.1663107920723,28.777511138127917],[82.16660602885243,28.777458938265212],[82.16695716327725,28.777306959553986],[82.16721651237778,28.777135473563618],[82.16731680155726,28.777055638478732],[82.1676367371852,28.776813695497594],[82.16780261368199,28.776636207233395],[82.16798287264851,28.77632099127582],[82.16809316747623,28.776051538590867],[82.1681323718058,28.775893241850046],[82.1682658001824,28.775628040732066],[82.16839147467381,28.77547124555401],[82.16856748049906,28.775287005828403],[82.16876180457679,28.775199543995626],[82.1690011458068,28.775129775976463],[82.16917783700761,28.775130527789184],[82.16943787198616,28.775135031156623],[82.16962550608612,28.775137908724723],[82.16976562144964,28.77512765637987],[82.16995131701994,28.775069641574103],[82.17003803797378,28.774980865892672],[82.17008743295828,28.774874397621325],[82.17012538609924,28.774716101284664],[82.17024486699084,28.774868522344732],[82.17041173982102,28.775072395914577],[82.17065226443414,28.775453884910476],[82.17079512878705,28.77562875025845],[82.17100151554779,28.775877387389357],[82.17134689070743,28.776359531884772],[82.17158829050905,28.776698195788402],[82.17180793337658,28.77693095351108],[82.17203770385564,28.777206537017108],[82.1722882960354,28.777457049632275],[82.17258752957154,28.77775232710053],[82.17278629005261,28.77795595116547],[82.17318862556938,28.778259293467524],[82.17338813737315,28.77840433804671],[82.17362553753256,28.77850599472861],[82.17374008001295,28.778554635142953],[82.1741054666195,28.778704932410513],[82.17426565139593,28.77877120289597],[82.1745852711852,28.778777457815533],[82.17459696113272,28.778962386882693],[82.17469368183303,28.779309051833813],[82.17465278636028,28.779717922041726],[82.17459438755775,28.779878531029976],[82.17453267462811,28.78002801208764],[82.17441256406832,28.7803382265473],[82.1742783202685,28.780810989365083],[82.17426574884732,28.781176659143334],[82.17426011573642,28.78170475130576],[82.17431194430682,28.78204047610482],[82.17441723040675,28.78234875416447],[82.17455033980966,28.782683791331777],[82.17486626431969,28.78327446804183],[82.17507565169996,28.783617945506222],[82.17520951244084,28.783849201773855],[82.1754670416892,28.78425538634271],[82.1755229376229,28.784327095044155],[82.17573438827212,28.78468176378605],[82.17592370606314,28.785002796610478],[82.17617385807378,28.785379721824356],[82.17637755901052,28.78549982159402],[82.17642445106351,28.785515201289186],[82.1763081531537,28.785938074338045],[82.17629845761736,28.78626992174789],[82.17626162247804,28.78703745950938],[82.17628762506347,28.787700654769118],[82.17629856061772,28.788273760523918],[82.17629636488785,28.78893039068236],[82.1761346138395,28.789125883758334],[82.17606939792685,28.789476173627737],[82.17615755464706,28.789574703608686],[82.17632349019891,28.789807961050997],[82.17644284519184,28.790057347745584],[82.17655325762703,28.790365564366294],[82.17664559721929,28.791113909912582],[82.17684297907846,28.79152740750787],[82.1769786516358,28.791857880813],[82.17714958525225,28.79236415631309],[82.17726331030293,28.79285280035382],[82.17735058802347,28.793328190578734],[82.17732157287031,28.793651097415395],[82.17720515160725,28.7938349003882],[82.17691416405557,28.79409916321678],[82.17675272682514,28.79426533541451],[82.17662730179684,28.794498840389615],[82.17646948573608,28.795046312414676],[82.17646410329918,28.795536018488345],[82.17658495706097,28.795974961242184],[82.17682266480384,28.796552819600414],[82.1770338659442,28.796880418448563],[82.17742907180195,28.79734180668172],[82.17775844277783,28.79764133496768],[82.17809856864714,28.79787528207336],[82.17843394332141,28.798023578431124],[82.17866040216153,28.798116294597715],[82.17900478101475,28.798212576584984],[82.17945057196638,28.798441147651705],[82.17961719604828,28.798563747172242],[82.17982333412637,28.798726671852453],[82.18001146621722,28.79888078126467],[82.18018978254771,28.798962682191124],[82.18043055950122,28.799073403795195],[82.18110837116319,28.79960000175875],[82.1814300524298,28.799843138665878],[82.18186271310515,28.80009884204735],[82.18222365922068,28.80024463870667],[82.18274016488357,28.80038668466322],[82.18299088274975,28.8005786182259],[82.18330487290449,28.800878208419846],[82.18337496077935,28.800958857923263],[82.18346705675623,28.801061826929008],[82.18368795051171,28.801278767228055],[82.1839872463086,28.801630435419867],[82.18427585172495,28.801957346480275],[82.18441033863165,28.802125397021914],[82.18450130826587,28.802239681564632],[82.18482098736314,28.80264080160378],[82.18498267029298,28.802892127115218],[82.18504731679835,28.80311719341233],[82.18502167851481,28.8035078078732],[82.18494383381619,28.8037048024556],[82.18482284786923,28.803992448389046],[82.18475594118901,28.804532293769327],[82.18479720194826,28.804949416819564],[82.18483771514953,28.80513634670234],[82.18489204631753,28.80529614462815],[82.1850958713158,28.805535716590832],[82.18528237637635,28.80577328774298],[82.18543474248595,28.806105887126986],[82.18553652773127,28.806382531309602],[82.18559898398142,28.80680846972658],[82.1856608165971,28.807060669300203],[82.18630543044748,28.807481486127845],[82.18672370867982,28.807820776561396],[82.18693159705715,28.808076291052586],[82.1871230414659,28.808352123782697],[82.1873887001341,28.808733300066976],[82.1876167194068,28.809074277063054],[82.18794777632898,28.809574676746717],[82.18812652849145,28.80980093259636],[82.18830090398478,28.810038566459262],[82.1884208218111,28.81022480929395],[82.18857581620054,28.810449063863295],[82.18863571232039,28.810529775467856],[82.18875863228021,28.81069570050509],[82.18900234363856,28.81111776446494],[82.18904585786544,28.811336266435173],[82.1891737143856,28.81170968939535],[82.18935071485568,28.812066920953377],[82.18962919019783,28.812448097083045],[82.1897996901317,28.81262708931335],[82.19004246741191,28.812796452891327],[82.19038615721593,28.81305290624715],[82.19080087261176,28.813304296771946],[82.19109391926483,28.81344152713273],[82.19134732596231,28.813531867568017],[82.1918171886429,28.813730742547282],[82.19221133560106,28.813916801314775],[82.19270727150591,28.814045592967975],[82.19321977584463,28.814158380809],[82.19403933422689,28.814241349702797],[82.19448112480767,28.81428261573719],[82.1948395100794,28.814311002333884],[82.19537696017898,28.814484494783642],[82.19579649035663,28.81475832941258],[82.1959796194602,28.81497558222328],[82.1962001993836,28.81533243894774],[82.19639814398364,28.815725555617203],[82.19655457490231,28.81607159579892],[82.19668812260505,28.816266779386382],[82.19686756302366,28.816441207723475],[82.19771620282629,28.815813092790282],[82.19810829452804,28.81526130957519],[82.19824572708852,28.814788484508835],[82.19839697530772,28.814405747979343],[82.19843805556194,28.814245201170504],[82.19843993780077,28.8136291455291],[82.19836116362784,28.813180825936573],[82.1981742225877,28.812740194961744],[82.19809050938375,28.812199410401252],[82.19796753167137,28.811697324161887],[82.19795446811206,28.811286704011557],[82.19793321417279,28.810937163587738],[82.19787738434759,28.810594687654728],[82.1976779386904,28.810183502778205],[82.19767626019788,28.809308057836066],[82.1976994015532,28.808644425927138],[82.19779713191942,28.808117772385014],[82.19795338567718,28.80744620144653],[82.19801316360147,28.806958246390614],[82.19804681031398,28.806150071720854],[82.19803631249061,28.8056244796937],[82.19812128369654,28.805495067374633],[82.19881405280796,28.804802933170585],[82.19913111241382,28.804524853720363],[82.1994229742323,28.80433955245723],[82.19975435142666,28.80418532184911],[82.2003043121269,28.80383747492371],[82.20122247864263,28.80319741956505],[82.20211863656472,28.80253279468588],[82.20256312084625,28.802095545856787],[82.20270624138615,28.80172868913602],[82.202780651903,28.8010714346565],[82.20274164206056,28.80068363245705],[82.20266955473797,28.800433871391583],[82.2024758603602,28.800130968290084],[82.20199312258926,28.799532788470792],[82.20183763065471,28.799152862618225],[82.20180005647086,28.798893661149968],[82.20205447670824,28.797794716080826],[82.20215708100869,28.79752763902059],[82.20220053618019,28.797463995593258],[82.20233640208504,28.79724618253914],[82.2025089691288,28.797050564508094],[82.20265440052567,28.79688682968336],[82.20289393174191,28.796609374988908],[82.20331866031528,28.79611592203701],[82.20356988312652,28.79584965861686],[82.20374226292115,28.795640473131378],[82.20385180612418,28.795416158174213],[82.20399336291773,28.795141891763134],[82.20408252540945,28.794766469739816],[82.20408897138002,28.794213557349668],[82.20413318244566,28.793599440328716],[82.20421033930494,28.793348242347317],[82.20429218429395,28.7931692527103],[82.20459373891691,28.792886859763726],[82.20471522552582,28.79264654018586],[82.20482927034675,28.792428852148642],[82.20489592311858,28.79215521051545],[82.20490330361095,28.791961090693373],[82.20494813272471,28.791960715865354],[82.20502309907968,28.7919081389595],[82.20537317100576,28.791722212577678],[82.20569854469659,28.791613245846662],[82.20588205187802,28.79153040991122],[82.20606005806644,28.79142050421511],[82.20630865297561,28.79131897673558],[82.20665028353065,28.79117825062913],[82.20687293079315,28.791099542437223],[82.20705437416945,28.791064095979127],[82.20741119693915,28.791020273635684],[82.20766172951333,28.79097513760546],[82.20795277715266,28.79094319357303],[82.20840532310088,28.790871488649866],[82.20869555853287,28.790823727257873],[82.20910777743869,28.7907004444782],[82.20938544667712,28.79057159681194],[82.2095013027812,28.79050288939787],[82.20961791069756,28.790398110130145],[82.20970088074061,28.790261883559182],[82.20977065987796,28.79003106567594],[82.20984637826155,28.78982957007791],[82.21002613881654,28.7893698742388],[82.21018989135298,28.789075101303933],[82.21031500212311,28.78893406070212],[82.21048231751627,28.78877914183394],[82.21054215289784,28.788690554007438],[82.2105900458625,28.788681114584122],[82.21067808078845,28.78859458939197],[82.210849958533,28.78850956639831],[82.21109261341611,28.788446424370523],[82.21147832238245,28.78835496346734],[82.21173191837167,28.788354965696662],[82.21214519952692,28.788319646693353],[82.21239122987282,28.78827232214761],[82.21281926721936,28.78818498815804],[82.21311913164338,28.788085273374808],[82.21343506458115,28.787942484065812],[82.21362957673672,28.78787077742321],[82.21391637409076,28.787694478476407],[82.21413383212085,28.787615769623855],[82.21508000134769,28.787541818589894],[82.21549628385323,28.787479428438925],[82.2157226821663,28.787454798377116],[82.21599759797384,28.78747261799026],[82.21622768484787,28.787488625398122],[82.21651923155584,28.787555960107372],[82.2166900453064,28.7875972860877],[82.21699966144838,28.787677999957832],[82.21734529158005,28.787720015266103],[82.21777414045442,28.787758967332493],[82.21799409828607,28.787725459359525],[82.2182198089023,28.7876963280368],[82.21834366841786,28.78766581975864]]]}},{"type":"Feature","properties":{"province":"Karnali Province","district":"Jajarkot","municipality":"Bheri Municipality","ward":"1","wardNumber":1,"sourceMunicipality":"Bheri","sourceType":"Nagarpalika"},"geometry":{"type":"Polygon","coordinates":[[[82.28336805600658,28.722969935212543],[82.28285799964407,28.721972950619442],[82.2812646117851,28.719627686779262],[82.28065720218399,28.718990431923462],[82.27996375814257,28.718543420295127],[82.27898683176633,28.71814879612262],[82.2771071361194,28.716977374015922],[82.27705799329877,28.71693492427044],[82.27596940629398,28.715986261601476],[82.27523194910444,28.7152282829981],[82.27496954442674,28.714594406990443],[82.27489277027453,28.714170907595676],[82.27494241875951,28.713676262049063],[82.27509917004768,28.713200936805503],[82.27586340864018,28.711945886899354],[82.27680833840977,28.710928283473617],[82.27747315601188,28.710400758991824],[82.27803643738784,28.709783958109494],[82.27872989576109,28.708922148056704],[82.27887551341783,28.70884856512036],[82.2796131803696,28.707526057880482],[82.27989911344378,28.706311640904854],[82.27990730519771,28.706194232251917],[82.27993894665427,28.70574484985346],[82.27964791554913,28.70423352934579],[82.2793658809157,28.703403533055404],[82.2790091903053,28.702799915691973],[82.27862473813988,28.70233871472985],[82.27815306494206,28.701914460651224],[82.27791885359576,28.7017496604739],[82.27712118418307,28.701188551762957],[82.27605897696445,28.70070896476708],[82.27537978535979,28.70052809327494],[82.27458936233651,28.70061673819012],[82.27338534410701,28.700846983341926],[82.27211636020562,28.701402761188632],[82.27113773323742,28.702176917442518],[82.27077734116054,28.702798535001094],[82.27064810262638,28.703063798719867],[82.27061246279939,28.703136382821615],[82.27016846706286,28.70467495507126],[82.26978300101253,28.705445741454017],[82.26889027898162,28.706498917845618],[82.26778947818964,28.70749082466756],[82.26729247653843,28.70777077772816],[82.2672125068774,28.707877620946967],[82.2658085345049,28.708513483645316],[82.26537261884371,28.708607883132732],[82.2648226599779,28.708847698524185],[82.26448015466895,28.708891521088816],[82.2644303864799,28.70889877291903],[82.26342687855654,28.709366214163477],[82.26301172067556,28.70948518343612],[82.26273605297897,28.709654730638835],[82.26235465822546,28.709764384900396],[82.26112418865367,28.710353547746813],[82.260291364914,28.711288689827178],[82.2601533095389,28.711569833659254],[82.26006039280233,28.712200206045146],[82.26011719764013,28.714952639442576],[82.25991361469951,28.71548479420365],[82.25965563910628,28.71580088477501],[82.2590293349837,28.716350540195958],[82.2584893178335,28.716518022539635],[82.25797699926555,28.716592728075515],[82.25736851706982,28.71681953931726],[82.25658822211903,28.716908058730045],[82.25443741237198,28.716916730798925],[82.25431799268316,28.716933672473033],[82.25342865600294,28.717059264355644],[82.25288469853263,28.717326025649253],[82.25228059133991,28.71775583481012],[82.2507898244957,28.71944850627389],[82.25020741327957,28.71982848756081],[82.24842048528907,28.720296297841404],[82.24759817168697,28.720624324441278],[82.24713705747723,28.720917407007835],[82.24640740781132,28.720910586539148],[82.24560041940029,28.72064275106596],[82.24443904655126,28.72044361998311],[82.24412505528568,28.72030207573422],[82.24290009815951,28.719918453277717],[82.24231850792256,28.719556029601442],[82.24074885873577,28.719085315372407],[82.23967308410658,28.718650553551146],[82.23778356979996,28.717754087492466],[82.23746938974288,28.717646365449536],[82.23736603868774,28.717568342025245],[82.2365739981392,28.716932523138475],[82.23618635507883,28.71662242886088],[82.2351999950849,28.71557311257643],[82.2348605599535,28.715059458944467],[82.23448192685063,28.714207705552052],[82.23379205382615,28.71317152092444],[82.23343279787271,28.712714445895383],[82.23238135217201,28.71162292927438],[82.23155161018337,28.71087676520579],[82.23134735145614,28.710373178730077],[82.23112033177466,28.710005193816745],[82.23099328885853,28.709593383924638],[82.23085330768255,28.708791334809046],[82.23091902537321,28.708287562420026],[82.23116338328923,28.7067982529345],[82.23128694322862,28.705542509851664],[82.23129745029014,28.705298750795812],[82.23131233468327,28.704939770582985],[82.23080084455995,28.70354767008205],[82.23063003942215,28.70273011642733],[82.23043691300046,28.701867611338784],[82.23031487718593,28.701006795615548],[82.23015294726407,28.700403491403456],[82.22967834126142,28.699435266409743],[82.22966796390028,28.699367621104034],[82.22959943889065,28.69925089843185],[82.22923293076468,28.698769129449634],[82.22892107075161,28.69814913161798],[82.22846728092154,28.6975891515757],[82.22779422209527,28.696936329052388],[82.22695272296154,28.696433986980054],[82.22624789748181,28.696237297837875],[82.22562760232903,28.696154956403326],[82.2250994029449,28.69618002170141],[82.224166111128,28.696477350931985],[82.22328658870029,28.6968260082736],[82.22263759006718,28.697195236156254],[82.22152079146969,28.697555082404755],[82.22079689315932,28.697588711281153],[82.22022224053043,28.6974720471321],[82.21926776572728,28.69665698701949],[82.21865441325835,28.696342202252005],[82.2173089109978,28.695911939088205],[82.21557851400689,28.69549655259918],[82.2150566355561,28.695018344723373],[82.21405921465136,28.693472570399937],[82.213380531933,28.6925466678316],[82.21271672546794,28.691963678454613],[82.21257923463693,28.692136477962137],[82.2120572748768,28.693366397142047],[82.21172483133657,28.69388835999046],[82.21141821178726,28.694263467820488],[82.21043083088054,28.695136527846593],[82.20957280706774,28.69630861456059],[82.2089193037488,28.69695529845828],[82.20847775980594,28.697225498953557],[82.20830331570991,28.69752496093268],[82.20795442490773,28.698408091847046],[82.20770007650236,28.69859539480336],[82.2074218457758,28.698712989371696],[82.20694497779053,28.698812014377506],[82.20674252592501,28.69889960134827],[82.2065537611576,28.699454137127884],[82.20626196046508,28.69972977794019],[82.20624050899657,28.70026249656779],[82.20679471704557,28.700268816049583],[82.20700548491014,28.70017891601851],[82.20721544278109,28.699854385005256],[82.20757832960922,28.699860139778924],[82.20779547464144,28.699767927668265],[82.20792527289463,28.69976905392006],[82.20806495026534,28.699833261553707],[82.20832504400296,28.700187430136456],[82.20854324996634,28.700305091278764],[82.2090624489899,28.699991316316364],[82.20989083253738,28.699144449406965],[82.21069988932345,28.698945397967627],[82.21119263750381,28.698952279843713],[82.2116066039595,28.69911558136435],[82.21194173075158,28.69904712660276],[82.21253064081236,28.69901699778221],[82.21298793900264,28.69888877648228],[82.21333832134688,28.698863084189835],[82.21373903788886,28.69854805797592],[82.21398244200755,28.698516549960168],[82.2143865922753,28.698770191209363],[82.21459185377094,28.698982692774983],[82.21506089865807,28.699650955462307],[82.21531017856769,28.69979318658967],[82.21595817156404,28.69988884519327],[82.21650299684474,28.700299094739265],[82.21692346239138,28.700807560479102],[82.21723244219575,28.701795415546613],[82.21742857500419,28.70215464782094],[82.2183277783458,28.70310787313321],[82.21844419038077,28.703657409926613],[82.21839948183828,28.704102352909622],[82.21851802254264,28.70439237676379],[82.21884226791673,28.704597001868873],[82.21912962601442,28.704601193133836],[82.22000695848863,28.704387950129505],[82.22049683040645,28.704363197584005],[82.22128319324217,28.704028981210058],[82.22136872438102,28.704066492656963],[82.2226714075634,28.70367338815503],[82.223037795164,28.70370840183979],[82.22314452174332,28.703804493514912],[82.22279431882808,28.70455458561326],[82.22318326953395,28.705318250219293],[82.22322045661488,28.70658606082421],[82.222987678176,28.706935660776413],[82.22200611449139,28.707535766072148],[82.22113358824281,28.708500354701552],[82.22081333738379,28.70896817661804],[82.22049215054236,28.709300521622055],[82.2202998269283,28.70938123125033],[82.21980257757522,28.70937672520949],[82.21945588323729,28.70944749305599],[82.21886578345527,28.709655924743558],[82.21791949017675,28.70961484211972],[82.21772416689082,28.70965497710435],[82.21737540718256,28.709879227425652],[82.2172223495443,28.709921238360675],[82.21650964428746,28.709880283172872],[82.2155211452774,28.71005838956984],[82.21445441852131,28.711169143551512],[82.21304318936886,28.712091214571192],[82.21236143055314,28.712350034665732],[82.21118172752911,28.7131526981916],[82.20901728279432,28.71358049258454],[82.20814894827038,28.71419754142759],[82.2078367677689,28.714263557872016],[82.20748569871331,28.714232795759553],[82.2068943494632,28.71433738438203],[82.2065462143309,28.714726370349204],[82.20644442084246,28.715223702421653],[82.206200949957,28.715593683963597],[82.20575290356184,28.71581205688415],[82.20570382283537,28.715760604125506],[82.20565274010093,28.71588964141472],[82.20550067957127,28.716191103749377],[82.20563941172179,28.716844296718108],[82.2056481013091,28.716932197820483],[82.20572687300293,28.717719116851825],[82.20545489287646,28.71794486823231],[82.20490911943378,28.718398746676726],[82.20426074357414,28.719061185632334],[82.20403921781265,28.719500938156035],[82.20407178878682,28.71982559547232],[82.20429686699056,28.720367382175198],[82.20478485788647,28.72084139986273],[82.20545448017596,28.721363497121985],[82.20550156012649,28.721399195095515],[82.20589263978397,28.721844767048502],[82.2072163140505,28.72286188948862],[82.2074614653603,28.723195926700676],[82.2075409923189,28.723490826786744],[82.20724650161716,28.723924451641057],[82.20712313873139,28.724273052713585],[82.2071417681196,28.724505308625183],[82.20737578774646,28.725038092245555],[82.20720628322249,28.725328363376065],[82.20686621482403,28.725584123189467],[82.20675579518682,28.72583557103762],[82.20677673862062,28.726040756166764],[82.20710779217931,28.72678016374425],[82.20714080244197,28.727034863370037],[82.2069204641192,28.727463299707473],[82.2068781945245,28.727851788171577],[82.20694040280365,28.728083670062215],[82.20726445814584,28.728493729899174],[82.20726170448975,28.728699102858734],[82.20691700697584,28.72916473636514],[82.20688005368535,28.729347852370665],[82.20690399617268,28.729704207892805],[82.20703472972325,28.729942215587823],[82.20725099688286,28.730105015444458],[82.20784591007597,28.7300183706482],[82.20821291999601,28.730265633236094],[82.20847620483018,28.730504705629933],[82.20853835034019,28.73073658693291],[82.20887165930645,28.73111270074789],[82.20936515517484,28.731336207657286],[82.20975017135693,28.731639613023816],[82.20986458701272,28.731850737735257],[82.2097559822996,28.732034478143202],[82.20950001040428,28.732032288052647],[82.20904771444756,28.732113120705563],[82.2082902374176,28.732534988308718],[82.20778260793927,28.732528293744934],[82.20712605172123,28.732263335445392],[82.20658278312868,28.732326849974847],[82.20617081331339,28.73257198066615],[82.20600118266309,28.73295940493215],[82.20612547923731,28.732969534765452],[82.2068057930706,28.73346218468773],[82.20814478800894,28.734239987603498],[82.20944889907464,28.734765339926735],[82.20997296714943,28.73514201740795],[82.20991900869585,28.735180903582],[82.21012983405984,28.735535509386114],[82.21048934233252,28.73573763440658],[82.21071680241792,28.735762643260625],[82.21146964599326,28.736049234471114],[82.21197608265435,28.73644860621628],[82.21284864466007,28.737896225467875],[82.21346862188199,28.73848640419945],[82.21416350433196,28.738904345159867],[82.21478623643989,28.73911766312985],[82.21497505748628,28.739118227924425],[82.21548112460484,28.738985005125713],[82.21603871048899,28.73893937187807],[82.2165343284184,28.739451650936893],[82.2167756054552,28.73961420103504],[82.21712129795833,28.739617892954136],[82.21740765447208,28.73974843377258],[82.21741490693172,28.739761875169407],[82.21758027820448,28.740060526897242],[82.21790989287939,28.74099624113254],[82.21807363908304,28.741261070347175],[82.21830960006945,28.741516147676546],[82.21882672851673,28.741836433310166],[82.22008819338016,28.742759214832596],[82.22193011819732,28.744541004276094],[82.22213612934105,28.74485959902245],[82.22229255887132,28.745320735913502],[82.22232568028063,28.746733025211245],[82.2225112443766,28.74733157806292],[82.22253449903043,28.747678867210062],[82.22236242423486,28.748571690577858],[82.22259119089492,28.749199251624432],[82.22258793716452,28.74946551709845],[82.22232488343217,28.75105867016824],[82.22234501034052,28.751521118674926],[82.22274707557422,28.75366794007317],[82.22314552544385,28.75484222555839],[82.22346401471242,28.755360630084223],[82.22392436926302,28.75597018869031],[82.22408198817237,28.7562575243991],[82.22423585400956,28.75670978297784],[82.22425635502914,28.757314335913904],[82.22555765975066,28.75713416902912],[82.22718195365012,28.757586878352548],[82.23259166924213,28.75861259965919],[82.23309130616579,28.757601682621484],[82.23335722794438,28.75675312367467],[82.2335856938744,28.75636288581578],[82.2337789556443,28.75619415058429],[82.23417929548857,28.75605279922215],[82.23442870218,28.756027981827174],[82.23494189425777,28.756118075030574],[82.23523269260646,28.756074815178508],[82.23528564928607,28.756112638615615],[82.23618630023456,28.756160848110763],[82.23811664921713,28.75649740105259],[82.23957907211766,28.75684051382485],[82.24054368624084,28.756773002666346],[82.24140007202534,28.75664778528609],[82.24210396505539,28.756404344651664],[82.24294090931164,28.756044683598873],[82.24388432913466,28.75592096769535],[82.24493866657004,28.755699036248732],[82.24597287237293,28.755341940065712],[82.2470734137281,28.755187404349268],[82.2471364380442,28.75515752109406],[82.24845262765783,28.75451353046701],[82.24950828147989,28.75402764662409],[82.2498388431506,28.753993014346236],[82.25027644835184,28.75375426050395],[82.25069110586081,28.75363535379455],[82.25321599759539,28.753415622984402],[82.25585030787762,28.752942068636443],[82.25719431824041,28.752536961267065],[82.25930767981248,28.752287092641552],[82.26061060973133,28.752193701384368],[82.26146262057351,28.75197814524535],[82.26221547095975,28.75150176121439],[82.26298601611434,28.75111090327175],[82.26369454056774,28.750411578712097],[82.26471981347828,28.749276003734334],[82.26524201800939,28.74857161372476],[82.26566281112771,28.74768760744804],[82.26649976235933,28.746653061285155],[82.26688678652106,28.746315465474662],[82.26716708411395,28.745938293921967],[82.26796933025027,28.745368883348764],[82.2683117122349,28.745097118887426],[82.26840975042002,28.744947201485974],[82.26861533345357,28.74442861293924],[82.26878040334408,28.74372978427116],[82.26875428384525,28.74225885216756],[82.26879167464043,28.74207117252259],[82.26915844211896,28.74164805164583],[82.26950426292305,28.741396542488484],[82.26976180034428,28.741096269231768],[82.26981463488117,28.740915279189164],[82.26965477042627,28.740183437942836],[82.26969372596339,28.739862656591402],[82.27011407740895,28.73931487403697],[82.27018166712702,28.739138197657017],[82.26992401483778,28.738472750367016],[82.2696397241363,28.73809857569444],[82.26863279292976,28.737135472330213],[82.26826090906756,28.73655454856776],[82.2682492858972,28.735911546752625],[82.26834238626881,28.735662474733527],[82.26845449418995,28.73535907382889],[82.26846987584315,28.735309247206036],[82.26851208061994,28.735146387090634],[82.2685864875471,28.734843298826977],[82.26895513523773,28.733941786855755],[82.2690453606931,28.73357086694285],[82.26953805829488,28.732444790522166],[82.26998661816793,28.730951292844942],[82.2708804717731,28.729399407239928],[82.27091436374694,28.72902904840253],[82.27084058713616,28.728851495939494],[82.27030651806282,28.728197612270378],[82.27035435027284,28.728032438765997],[82.27067491174294,28.727799248434557],[82.27096771008391,28.72767240105979],[82.27186186248116,28.727415770175387],[82.27260564846296,28.726842358365882],[82.27305244523366,28.726583160927625],[82.27358802284611,28.726467569335917],[82.27411096989367,28.72647163713056],[82.27549805033948,28.72685794882174],[82.2762761554406,28.726949919761285],[82.276762214998,28.726818948162975],[82.27742621737899,28.726528368170182],[82.27841071656854,28.7262234120139],[82.27894517296637,28.725809920013887],[82.2795310254463,28.72514779289426],[82.2803821660109,28.724406332445728],[82.28098596011388,28.72406442405473],[82.28162682714105,28.723927451537712],[82.28241431537818,28.723534092537367],[82.28336805600658,28.722969935212543]]]}},{"type":"Feature","properties":{"province":"Karnali Province","district":"Jajarkot","municipality":"Bheri Municipality","ward":"7","wardNumber":7,"sourceMunicipality":"Bheri","sourceType":"Nagarpalika"},"geometry":{"type":"Polygon","coordinates":[[[82.122363593457,28.702661714760758],[82.12208992792337,28.702618824881675],[82.12202327830629,28.70260813336886],[82.12144650216645,28.702348927676415],[82.12114607973636,28.702078344701963],[82.12005243718674,28.700388213959727],[82.11938387790696,28.699917632890813],[82.11901055516901,28.699471685647552],[82.1188194256331,28.69906931552795],[82.1186761298846,28.69835066655521],[82.11829993189062,28.697809941229316],[82.1178667743564,28.697391564651326],[82.1173692201749,28.696693917924364],[82.1165157844764,28.695741881162338],[82.11606062196378,28.694998721066817],[82.11588013176355,28.693666578929566],[82.11565023958225,28.693043393823785],[82.11534838313669,28.692459219378225],[82.11504965665603,28.69155676414109],[82.11508323257664,28.691468489118165],[82.11501833444613,28.69138102506275],[82.1147374357303,28.689634509780156],[82.11475938461759,28.689404129979046],[82.11462064352393,28.689473023957127],[82.11321279742675,28.689809547571297],[82.1128386534759,28.69006761956566],[82.1125528569453,28.690266300724314],[82.11140128126446,28.69172446808532],[82.11095779748722,28.692082381934007],[82.11040615000479,28.69231038127421],[82.10967505875925,28.692573577016045],[82.10831223192999,28.69275630542872],[82.10718636746178,28.69301824769613],[82.1064740952873,28.69330838866324],[82.10542951217795,28.69357870878489],[82.10415127960995,28.693652343880952],[82.10239756183354,28.69328972142057],[82.1010419307695,28.692881151396918],[82.09956675720383,28.692351545208272],[82.09852768080788,28.692168169275895],[82.09753343153207,28.692113081372984],[82.0971310929141,28.69212089276734],[82.09620105346687,28.692270616013676],[82.09546496738984,28.691994465804726],[82.09457363229703,28.691927250157637],[82.0941152748508,28.69172112272736],[82.09347554045327,28.691236599675427],[82.09256114257593,28.69042935426216],[82.09208327867904,28.690121822338238],[82.09105589694603,28.68970812933302],[82.09050638121391,28.689407911043713],[82.08994223625255,28.6889950345031],[82.0889111731943,28.68791114500533],[82.08830763750183,28.68758204210771],[82.08782702294154,28.687319585862706],[82.086472391942,28.686933335423124],[82.0836843503657,28.68632613169259],[82.08348189868666,28.686354825502878],[82.08230342718245,28.68872694852222],[82.08188513964714,28.68917032466415],[82.08040801087573,28.690062197859813],[82.0803164134108,28.690117151173972],[82.07999879024788,28.690399418504455],[82.07944988745247,28.69108755311033],[82.07906079960532,28.6914562202866],[82.07873405013072,28.69160100972063],[82.0780651737409,28.69157024390742],[82.07540517867261,28.691049879382312],[82.07495357139531,28.69099704750618],[82.07441342883307,28.691166029354562],[82.07391830140043,28.691492683627246],[82.07316607207808,28.692207198512243],[82.0727448457023,28.69267995841136],[82.07219013141675,28.693126646840852],[82.07219056847217,28.69316046947581],[82.07219013032321,28.693187477024722],[82.07228709506431,28.694030788467995],[82.07228051710534,28.695080034128587],[82.07210805332937,28.697114691770825],[82.07217994398827,28.69807991370036],[82.07243234174689,28.69885870674049],[82.07300766818848,28.700183288632317],[82.07401271861244,28.701475113986035],[82.07457023001757,28.702436464363817],[82.07472034258558,28.702911417218953],[82.0747177746018,28.703283777114187],[82.07456008642606,28.703630252277698],[82.07437157498003,28.70390483066355],[82.0738528122862,28.704299316673737],[82.07356732480694,28.70473031573908],[82.07356413006744,28.705233588513472],[82.0740449877857,28.706136920805157],[82.0741992912224,28.706582490581525],[82.07460221733436,28.70974754803399],[82.07481935312119,28.710456633446242],[82.07487230895364,28.710629934517],[82.07518660827056,28.71113746115277],[82.07540030656739,28.711756331915524],[82.07542299417803,28.71247598136182],[82.07549482949489,28.712804953159193],[82.07569408940785,28.713071783504986],[82.0765387120854,28.713751053307774],[82.07654352480505,28.713848082038375],[82.07726479520917,28.713914545826597],[82.07777129633779,28.71412936332908],[82.07781124843967,28.714156121292582],[82.07843829246765,28.71457762620838],[82.07900337268828,28.715141796454915],[82.07948480065497,28.715465146391068],[82.08032036005532,28.71587814966769],[82.08040764219658,28.715963237906887],[82.08099004183704,28.71652947246132],[82.08111514710401,28.716932404072388],[82.08127726486448,28.71745012048309],[82.08148996529202,28.71778015651682],[82.08201928341384,28.718344577091788],[82.08262225561936,28.718725631578778],[82.08305366359984,28.719107998426807],[82.08329750085672,28.7195415653558],[82.08366657111495,28.720017020251838],[82.08426579176897,28.72046803363871],[82.08518006776394,28.720936804370034],[82.0855651493972,28.72103971321252],[82.08623133291694,28.721467719803048],[82.08760996252,28.722713535294456],[82.08792382809219,28.722920848941108],[82.08949847457087,28.72362125653726],[82.09002711025377,28.723745610633905],[82.09186754545387,28.72439413007278],[82.09249246415848,28.724793002683793],[82.09259312602651,28.724866713530794],[82.09262219853072,28.7248935333181],[82.09275462267208,28.725009818751907],[82.09322854656418,28.725346734535595],[82.09418101602859,28.726589107753203],[82.09479510924292,28.727719195477345],[82.09545528356963,28.728731561426297],[82.09579083789968,28.72947572023055],[82.09639442748119,28.730578861740284],[82.09714157290888,28.731522770884435],[82.09738953592752,28.7320352988001],[82.09785795401922,28.732699435376777],[82.09821314218074,28.733427652241847],[82.09851836344129,28.73501155730957],[82.09882703493734,28.73563636826171],[82.09905511740638,28.735896322297958],[82.09986216416831,28.73649888084821],[82.10027606429149,28.73702360123993],[82.1017097011993,28.73944451213083],[82.10172833171873,28.739507593788304],[82.10174615014945,28.739568299637686],[82.10206044805904,28.740299141935388],[82.10242876809978,28.740806106568446],[82.10268980138976,28.74103873969652],[82.10339037365992,28.741432361610187],[82.10371124346577,28.741506448403385],[82.1044045643868,28.741755777658494],[82.10657105970371,28.742392422020473],[82.10815903020004,28.7426795201569],[82.10969504189295,28.74302119686683],[82.10995551442278,28.743066400624453],[82.11056149139823,28.74317199921135],[82.11151878828333,28.743258908988096],[82.11280608693939,28.743198652814453],[82.11468591694482,28.743471999769245],[82.11609194277555,28.743805610738995],[82.11650072122863,28.743842874937776],[82.11788311906793,28.743691467868704],[82.11863233714662,28.743836517214714],[82.12098390086054,28.744593260434865],[82.12161013392728,28.744903982427818],[82.12202084828618,28.745123988348215],[82.12208974923996,28.745100794138107],[82.12240230618985,28.744998954720092],[82.12287679374379,28.745306424431252],[82.12343543888215,28.74558607392702],[82.1240005279596,28.74539408553868],[82.12421261117629,28.74517571012587],[82.12510551569281,28.74462668241726],[82.12549841914579,28.744196935075788],[82.12604513006312,28.74372530136248],[82.12631098637624,28.7432694823354],[82.12750182906768,28.74161675752488],[82.12777743937316,28.74099163958073],[82.12829246719468,28.739188864507334],[82.128804423131,28.738047284068855],[82.1295448383452,28.737016613216394],[82.12988785620657,28.735822265932352],[82.12995538923484,28.735203459905364],[82.12985198412147,28.734457302413738],[82.12992941103352,28.73249353964067],[82.13002132671993,28.7319308744475],[82.13020471589101,28.731250113943727],[82.13089686817808,28.72984745904593],[82.13175901925221,28.728662368904658],[82.13218793997015,28.72784419489403],[82.13295967676329,28.72705915857569],[82.13358811054567,28.726279935144966],[82.1335458507427,28.725738714008216],[82.1335990618604,28.725399802078844],[82.13357230612893,28.72499380787138],[82.1336619678613,28.724765178924674],[82.13412508538285,28.72426709985545],[82.13471918909137,28.723867175038695],[82.13491621104313,28.722913271462645],[82.13525784396477,28.72254485441352],[82.13534325207019,28.72245389070814],[82.13534375307756,28.722381681916534],[82.13525979087126,28.721777628410017],[82.13492617535645,28.720931940437165],[82.1347852593064,28.719856748266732],[82.13425725761743,28.719084954118987],[82.13229772561415,28.717438266371502],[82.13146097865052,28.71693304750753],[82.13142690381454,28.71691304169233],[82.12985788260467,28.716337233549886],[82.12925047322803,28.715674345743853],[82.12886815206551,28.71482002970212],[82.128074989541,28.713838296947984],[82.1274620864652,28.712545911704577],[82.1271328565193,28.710910366101555],[82.12707421404836,28.710455044449557],[82.12712561294312,28.7100529268312],[82.12675679446006,28.709376787651767],[82.12676230111309,28.70899542623403],[82.12689129315007,28.70849334186233],[82.12706348584155,28.70819856929527],[82.12714064525107,28.707760191456057],[82.12698058970847,28.707391394451506],[82.1268531684717,28.707207464329148],[82.1266939235563,28.706978583694788],[82.1251996897388,28.705596476683176],[82.12479985644627,28.70513496274201],[82.12424747183634,28.70422112721447],[82.12385576744278,28.703734730614755],[82.12369220756648,28.703634574954418],[82.12302652130838,28.703430258703783],[82.1229514940649,28.70336317603812],[82.12241004742391,28.702756117879602],[82.122363593457,28.702661714760758]]]}},{"type":"Feature","properties":{"province":"Karnali Province","district":"Jajarkot","municipality":"Bheri Municipality","ward":"6","wardNumber":6,"sourceMunicipality":"Bheri","sourceType":"Nagarpalika"},"geometry":{"type":"Polygon","coordinates":[[[82.16213396834213,28.733294372054925],[82.16183542185018,28.732981028328787],[82.16112222762298,28.73197847773904],[82.16077417672228,28.730374878802426],[82.16088542155254,28.72908768873807],[82.16093287996398,28.728748715027958],[82.16094351031916,28.72867194232153],[82.16201061150649,28.72758638306892],[82.16276859804917,28.726390664388898],[82.16326179030982,28.725847071261317],[82.16377243003335,28.724976194981718],[82.16379131247874,28.72494443610817],[82.16411632240928,28.72383817649573],[82.1646259057971,28.72240763575813],[82.16496666536118,28.7218022116289],[82.16568345524585,28.72007202210056],[82.16585991150332,28.718730129860734],[82.16608206963922,28.717701517115866],[82.16620343578613,28.71693098022554],[82.16636488326492,28.715909618644513],[82.1667559258249,28.714125848992918],[82.16709024587544,28.71351592275671],[82.16710845120775,28.71256351828806],[82.16700461101057,28.711571538963575],[82.16707558095604,28.71104513449514],[82.16746230350333,28.709798459366283],[82.16717825824232,28.709805396896094],[82.16631842989928,28.710230326731462],[82.1661234817767,28.710256895104106],[82.16564461107818,28.710461763543044],[82.16502606541079,28.7105460953578],[82.16377209313731,28.71051401283425],[82.1637176982106,28.710512198556703],[82.16295346951303,28.71078508507693],[82.16218229574348,28.711475468274212],[82.15988916920918,28.712666297536554],[82.15860686498151,28.713433261272314],[82.15666236518543,28.715029463150586],[82.15543239140979,28.715958412182825],[82.15459382157032,28.716288313672504],[82.15384597649151,28.71637139445357],[82.1530718070848,28.71668035357643],[82.15271885834605,28.71693386166518],[82.15179619123613,28.717596110683722],[82.15147881840284,28.717894445343855],[82.15062267718234,28.71842978260418],[82.15013217714953,28.71863927743168],[82.14951062514841,28.71914554572418],[82.14928991802734,28.719045889378364],[82.14915630967468,28.718706225643942],[82.1490612239123,28.717623970172983],[82.14910949818632,28.71706393037011],[82.1492207287015,28.716934331093206],[82.14955811087478,28.716536592743022],[82.14975462676654,28.7161332256455],[82.1508768150389,28.71469981529109],[82.15102869033167,28.714251685030245],[82.15175028507633,28.713297785931058],[82.15299239454774,28.711836242704663],[82.15320204042393,28.71140574374135],[82.15320817294578,28.71097242914259],[82.15309200831273,28.710592066422386],[82.15317466761118,28.71031154695029],[82.15394684488555,28.709363963504956],[82.15413261011315,28.708622247481472],[82.15410247686489,28.708383239129535],[82.15415087381723,28.708073711299914],[82.15405202836945,28.70763676966668],[82.15409249145432,28.706718062799226],[82.15496483868584,28.705108410595],[82.15504512756009,28.70437438295202],[82.15490213835717,28.704113805965903],[82.15401969278342,28.703123944341307],[82.15369776459332,28.70259191077014],[82.15370483556846,28.702129274579935],[82.15310655685171,28.701371671980436],[82.1523534913228,28.698634112192668],[82.15184187880548,28.697142356866664],[82.15070509696478,28.695233974165657],[82.15035684552639,28.6948646127475],[82.14993631952399,28.6942070416517],[82.14976663449326,28.693845183109016],[82.14961389714234,28.69322143624724],[82.14978496584416,28.692831823510204],[82.1497892203147,28.6925790618702],[82.14991539413886,28.692415515502493],[82.15016037004958,28.69164848005178],[82.14991684581261,28.691203784876404],[82.14885908276425,28.69036427886682],[82.14853590567786,28.68977353964499],[82.14849901855278,28.689561727422443],[82.14818972350186,28.68883551115228],[82.14814408474828,28.688524482039167],[82.14825769831258,28.687738190449785],[82.14815278540591,28.6876195295791],[82.14722023840116,28.688408190409657],[82.14726319088747,28.6885251626287],[82.1476078031718,28.690031919708936],[82.14772972049836,28.690299374853268],[82.14791384476263,28.690990578893945],[82.1477775384334,28.691447586934682],[82.14777196945886,28.69182894902054],[82.14771300898863,28.69193110340523],[82.14717417202603,28.692684757049083],[82.14686167712405,28.692888251745327],[82.14468164884241,28.694641997133886],[82.14455591433268,28.694667941774405],[82.14416244812632,28.695081934253338],[82.14318263245283,28.695943178688026],[82.14196690227378,28.697946005618594],[82.14150534774916,28.698394445515657],[82.14048601778812,28.69915903631653],[82.13858097472867,28.70038006529247],[82.13818513750563,28.7004623979306],[82.13723627542267,28.700878824562547],[82.13558815161828,28.701127383140054],[82.13485793660683,28.701417836910505],[82.13413072227803,28.70162476542414],[82.1305706275665,28.702056235508568],[82.12981828141467,28.702069295183083],[82.12900766452175,28.70201971090877],[82.12779533167722,28.702162929661384],[82.12671261232924,28.70210202702499],[82.12594176109317,28.701936971440013],[82.1248584139631,28.702112950716128],[82.12323292216516,28.702512428666406],[82.12241430282468,28.702435649062696],[82.12227399947193,28.70247972286277],[82.122363593457,28.702661714760758],[82.12241004742391,28.702756117879602],[82.1229514940649,28.70336317603812],[82.12302652130838,28.703430258703783],[82.12369220756648,28.703634574954418],[82.12385576744278,28.703734730614755],[82.12424747183634,28.70422112721447],[82.12479985644627,28.70513496274201],[82.1251996897388,28.705596476683176],[82.1266939235563,28.706978583694788],[82.1268531684717,28.707207464329148],[82.12698058970847,28.707391394451506],[82.12714064525107,28.707760191456057],[82.12706348584155,28.70819856929527],[82.12689129315007,28.70849334186233],[82.12676230111309,28.70899542623403],[82.12675679446006,28.709376787651767],[82.12712561294312,28.7100529268312],[82.12707421404836,28.710455044449557],[82.1271328565193,28.710910366101555],[82.1274620864652,28.712545911704577],[82.128074989541,28.713838296947984],[82.12886815206551,28.71482002970212],[82.12925047322803,28.715674345743853],[82.12985788260467,28.716337233549886],[82.13142690381454,28.71691304169233],[82.13146097865052,28.71693304750753],[82.13229772561415,28.717438266371502],[82.13425725761743,28.719084954118987],[82.1347852593064,28.719856748266732],[82.13492617535645,28.720931940437165],[82.13525979087126,28.721777628410017],[82.13534375307756,28.722381681916534],[82.13534325207019,28.72245389070814],[82.13525784396477,28.72254485441352],[82.13491621104313,28.722913271462645],[82.13471918909137,28.723867175038695],[82.13412508538285,28.72426709985545],[82.1336619678613,28.724765178924674],[82.13357230612893,28.72499380787138],[82.1335990618604,28.725399802078844],[82.1335458507427,28.725738714008216],[82.13358811054567,28.726279935144966],[82.13295967676329,28.72705915857569],[82.13218793997015,28.72784419489403],[82.13175901925221,28.728662368904658],[82.13089686817808,28.72984745904593],[82.13020471589101,28.731250113943727],[82.13002132671993,28.7319308744475],[82.12992941103352,28.73249353964067],[82.12985198412147,28.734457302413738],[82.12995538923484,28.735203459905364],[82.12988785620657,28.735822265932352],[82.1295448383452,28.737016613216394],[82.128804423131,28.738047284068855],[82.12829246719468,28.739188864507334],[82.12777743937316,28.74099163958073],[82.12750182906768,28.74161675752488],[82.12631098637624,28.7432694823354],[82.12604513006312,28.74372530136248],[82.12549841914579,28.744196935075788],[82.12510551569281,28.74462668241726],[82.12421261117629,28.74517571012587],[82.1240005279596,28.74539408553868],[82.12343543888215,28.74558607392702],[82.12411825414986,28.74592561769363],[82.1252704330476,28.746333496933065],[82.12575311506374,28.74639945835567],[82.12735940274229,28.746771895049218],[82.1281952163141,28.746859677772015],[82.128924805277,28.746788163308885],[82.1297134165073,28.74661005602174],[82.13004891810692,28.746611746913175],[82.13051684450558,28.74661237626552],[82.13130270187443,28.746709599418818],[82.13280751586129,28.746985818933734],[82.13457868176359,28.747034099054428],[82.13536159887651,28.74733213059244],[82.13718383671538,28.748307433527124],[82.1378364546902,28.74857495533373],[82.13904809598408,28.74873401301284],[82.13999526242397,28.749003538093945],[82.14142704276314,28.749801597270036],[82.14293741269086,28.75081778439501],[82.14515092095529,28.751972392216384],[82.14626496407273,28.752100627391684],[82.14774033259238,28.752144465785957],[82.14815542422505,28.752332774644096],[82.14844103375914,28.752109211872167],[82.14918113424503,28.751297292404175],[82.15000276510757,28.7505592080724],[82.15131958977032,28.749162434911636],[82.15176532280461,28.74888785865609],[82.15217591672585,28.748737755646975],[82.15350298284388,28.748448807084408],[82.1542418886122,28.74823037464834],[82.15503256631136,28.74783320219073],[82.15603314163707,28.746845296736208],[82.15692224115325,28.745621444640133],[82.15824332373391,28.74363787464678],[82.15939240568164,28.741497881535782],[82.1596927096086,28.741217739568867],[82.16043805858635,28.740719412465207],[82.16099864745085,28.74047765868039],[82.1615545461107,28.740269790369386],[82.16186303848161,28.74015432158372],[82.16227375662974,28.74013269336602],[82.16277594675984,28.73999071855077],[82.16309731786491,28.73999472305911],[82.16362927154691,28.739766785835094],[82.16377213883904,28.739603050888633],[82.16386823881147,28.739493894936828],[82.16428797210686,28.73838682358641],[82.16433450416653,28.73709569556188],[82.16408804989119,28.735886088078782],[82.16377193906732,28.73520282225611],[82.16364802044691,28.734933116734343],[82.16297834100504,28.73405429082935],[82.16246877838499,28.733645728424396],[82.16213396834213,28.733294372054925]]]}},{"type":"Feature","properties":{"province":"Karnali Province","district":"Jajarkot","municipality":"Bheri Municipality","ward":"5","wardNumber":5,"sourceMunicipality":"Bheri","sourceType":"Nagarpalika"},"geometry":{"type":"MultiPolygon","coordinates":[[[[82.16746230350333,28.709798459366283],[82.16748206130241,28.709735066540496],[82.16775023027871,28.70927693409085],[82.16802552533466,28.708945152043093],[82.16842236604187,28.708603180199304],[82.16903791900138,28.707801324461784],[82.16938649201767,28.70744178458004],[82.17134423985844,28.706488334996795],[82.1716150295672,28.706449888282243],[82.17192414745527,28.706273464277313],[82.17282688032735,28.704708637659483],[82.17335208647202,28.70396167306558],[82.17365070333396,28.703537113712468],[82.17486492351705,28.70236665534484],[82.17634117989093,28.701227833678534],[82.17656026501497,28.700964133299784],[82.17662235803445,28.700394967188114],[82.17653771306071,28.699290017118745],[82.1763901001477,28.698853512342808],[82.17619396736107,28.698541544306195],[82.17619603244856,28.69838356076618],[82.17640699105708,28.698022956151306],[82.17680045616865,28.697615590550573],[82.17729308070363,28.697442105689618],[82.17780521230785,28.69734964559532],[82.17820198601595,28.697355213732724],[82.17911989095302,28.6976202363948],[82.1794468264343,28.697671504631455],[82.17979958410548,28.697639123090735],[82.17988686756429,28.697602237733683],[82.18011164243187,28.697331785600436],[82.18034649121361,28.696478975141357],[82.18030860462818,28.69618145002736],[82.18037513154388,28.696011650554706],[82.18078791573929,28.69573726081485],[82.18121326371217,28.695668119562594],[82.1819107756843,28.695673251558816],[82.18222020649941,28.69553971548911],[82.18240334563994,28.694867894833163],[82.18276180052831,28.69419907647571],[82.18280194598535,28.693729376479492],[82.1829789528867,28.693427726632066],[82.18320116448572,28.69321591688594],[82.18340643328487,28.69286431524524],[82.18362220966128,28.692140354418466],[82.18386874635173,28.691594383906494],[82.18442615362487,28.69069812548436],[82.1847304601197,28.690332208745584],[82.18568038636198,28.68975067087389],[82.18616588380623,28.689516356708232],[82.18759273744914,28.689187834597078],[82.18821935084166,28.688981467739],[82.18929564002003,28.68809421634229],[82.18990068547345,28.687680474934506],[82.19095434612571,28.68637366320344],[82.19125546293847,28.686075390929176],[82.1916959443587,28.68581656808225],[82.19195085404614,28.685728482091907],[82.19220895135223,28.685640521166018],[82.19284431534945,28.685648466492047],[82.19356964912332,28.685860972235176],[82.1945201933106,28.68590218044213],[82.19540258967146,28.685806410127288],[82.19619664104438,28.685589477633787],[82.19645317623792,28.685476634276746],[82.19674516088597,28.68543800118674],[82.19670827735428,28.68500956219224],[82.1965826722134,28.684595439707586],[82.1962845638705,28.68420769805718],[82.19591711718165,28.683849902837906],[82.19507981043225,28.68307885615295],[82.19426095122421,28.682063863671086],[82.19400692507662,28.681438802919192],[82.19385362309467,28.680894079328226],[82.19382374106893,28.680571547033374],[82.19378004154933,28.68010490931107],[82.19321376502774,28.680209185380534],[82.19308784230526,28.680275766292333],[82.19220344056843,28.68086799545132],[82.19163753114769,28.68162439953948],[82.19106155820353,28.68217549423236],[82.1907869531964,28.682331412426848],[82.19040437075068,28.682384425011826],[82.18932546828675,28.68213446671497],[82.18902285434277,28.68213033771749],[82.18816821849721,28.68225292887248],[82.18788329798573,28.682343452998815],[82.18727300520352,28.68240521646377],[82.18657318162442,28.682176643031188],[82.18595382691569,28.681834599992015],[82.18479614305622,28.681686796555898],[82.18401635314319,28.681407019823954],[82.18292626417981,28.68061552836981],[82.18162502828412,28.680274854230483],[82.18113002976223,28.680234088108573],[82.1789118169875,28.680494894868428],[82.176686222827,28.681130312195272],[82.17566764937955,28.681294851980137],[82.1740347788112,28.68184162336621],[82.17247455751226,28.68266072471958],[82.17176509378307,28.683465705119467],[82.17131585841994,28.68385093911196],[82.17106826341448,28.684029114410805],[82.17022531585016,28.684451606318458],[82.16854842300428,28.685483832092835],[82.16756879327284,28.686505436100628],[82.16749545239661,28.68658283288236],[82.1658400049035,28.68765094428901],[82.16489927191279,28.68797265561523],[82.16452506786061,28.68803910903193],[82.16396985598763,28.688276298993028],[82.16377240579638,28.688417901000587],[82.16343346223466,28.688660032243654],[82.16314335228051,28.68875274379298],[82.16239607188831,28.688693782393965],[82.1608576873803,28.68802776150754],[82.16008752441341,28.687926037342613],[82.15932717533207,28.687959665564794],[82.15844996742489,28.688181597848377],[82.15798478927414,28.688411223590983],[82.15718786421341,28.68849474072505],[82.15658426026613,28.688642091044702],[82.15605943435288,28.68891735469756],[82.15567522569432,28.688997375498168],[82.15481296525238,28.688898651406696],[82.1545409263172,28.68877461254991],[82.15446583754446,28.688637633671718],[82.15445703697007,28.687308556539527],[82.15452944485016,28.686795718694214],[82.15435976477575,28.686027741915286],[82.15433350994097,28.68555854175759],[82.15385434345916,28.684396008547587],[82.15355279750652,28.683906612090798],[82.15321623724235,28.68355750665645],[82.15215628524098,28.682751885998023],[82.15140531921271,28.68240852850196],[82.15108438580181,28.68237063902426],[82.15070580664836,28.682324247721084],[82.1507829561738,28.682709423661667],[82.15053553827546,28.683776672525106],[82.15034258568497,28.684270190139227],[82.14964368184052,28.685591759700802],[82.14904426427721,28.68600525064544],[82.1485937774,28.68646719515453],[82.1481756065824,28.687601274167314],[82.14815278540591,28.6876195295791],[82.14825769831258,28.687738190449785],[82.14814408474828,28.688524482039167],[82.14818972350186,28.68883551115228],[82.14849901855278,28.689561727422443],[82.14853590567786,28.68977353964499],[82.14885908276425,28.69036427886682],[82.14991684581261,28.691203784876404],[82.15016037004958,28.69164848005178],[82.14991539413886,28.692415515502493],[82.1497892203147,28.6925790618702],[82.14978496584416,28.692831823510204],[82.14961389714234,28.69322143624724],[82.14976663449326,28.693845183109016],[82.14993631952399,28.6942070416517],[82.15035684552639,28.6948646127475],[82.15070509696478,28.695233974165657],[82.15184187880548,28.697142356866664],[82.1523534913228,28.698634112192668],[82.15310655685171,28.701371671980436],[82.15370483556846,28.702129274579935],[82.15369776459332,28.70259191077014],[82.15401969278342,28.703123944341307],[82.15490213835717,28.704113805965903],[82.15504512756009,28.70437438295202],[82.15496483868584,28.705108410595],[82.15409249145432,28.706718062799226],[82.15405202836945,28.70763676966668],[82.15415087381723,28.708073711299914],[82.15410247686489,28.708383239129535],[82.15413261011315,28.708622247481472],[82.15394684488555,28.709363963504956],[82.15317466761118,28.71031154695029],[82.15309200831273,28.710592066422386],[82.15320817294578,28.71097242914259],[82.15320204042393,28.71140574374135],[82.15299239454774,28.711836242704663],[82.15175028507633,28.713297785931058],[82.15102869033167,28.714251685030245],[82.1508768150389,28.71469981529109],[82.14975462676654,28.7161332256455],[82.14955811087478,28.716536592743022],[82.1492207287015,28.716934331093206],[82.14910949818632,28.71706393037011],[82.1490612239123,28.717623970172983],[82.14915630967468,28.718706225643942],[82.14928991802734,28.719045889378364],[82.14951062514841,28.71914554572418],[82.15013217714953,28.71863927743168],[82.15062267718234,28.71842978260418],[82.15147881840284,28.717894445343855],[82.15179619123613,28.717596110683722],[82.15271885834605,28.71693386166518],[82.1530718070848,28.71668035357643],[82.15384597649151,28.71637139445357],[82.15459382157032,28.716288313672504],[82.15543239140979,28.715958412182825],[82.15666236518543,28.715029463150586],[82.15860686498151,28.713433261272314],[82.15988916920918,28.712666297536554],[82.16218229574348,28.711475468274212],[82.16295346951303,28.71078508507693],[82.1637176982106,28.710512198556703],[82.16377209313731,28.71051401283425],[82.16502606541079,28.7105460953578],[82.16564461107818,28.710461763543044],[82.1661234817767,28.710256895104106],[82.16631842989928,28.710230326731462],[82.16717825824232,28.709805396896094],[82.16746230350333,28.709798459366283]]],[[[82.14722023840116,28.688408190409657],[82.146836089526,28.688734157587092],[82.14580413084899,28.68943791751163],[82.14543042334085,28.689784077896277],[82.1449648708191,28.69004308733178],[82.14455496510794,28.69011641778856],[82.14310316956266,28.69005426128223],[82.14249237820854,28.689957853109366],[82.14118995559905,28.689564976445233],[82.13868402326446,28.688633743346045],[82.13537347118465,28.688018533267876],[82.13508398796574,28.687928440960654],[82.13469365574822,28.68780765203499],[82.13360968733137,28.68755494375187],[82.13244931884834,28.687099800066637],[82.13204910606761,28.687067036267646],[82.13130626230559,28.687238017146093],[82.1299129166211,28.688014670082968],[82.1294076630045,28.6880414240693],[82.12819233285627,28.68788686776166],[82.12686096088932,28.687530126068843],[82.12561536661501,28.68753824189201],[82.12417106966177,28.68786845096203],[82.12375153384303,28.688126960931882],[82.12319263283779,28.688330140288247],[82.12273214348946,28.68870405827471],[82.12209008456702,28.68909304214229],[82.12197053864548,28.68916625023892],[82.12147353921577,28.68916580739472],[82.12066861052656,28.68922894441547],[82.11904299919033,28.689179227806907],[82.11807125956163,28.68906993679685],[82.11693177150289,28.68882654199902],[82.11616585840166,28.688823909894833],[82.1158253540847,28.68887410881449],[82.11475938461759,28.689404129979046],[82.1147374357303,28.689634509780156],[82.11501833444613,28.69138102506275],[82.11508323257664,28.691468489118165],[82.11504965665603,28.69155676414109],[82.11534838313669,28.692459219378225],[82.11565023958225,28.693043393823785],[82.11588013176355,28.693666578929566],[82.11606062196378,28.694998721066817],[82.1165157844764,28.695741881162338],[82.1173692201749,28.696693917924364],[82.1178667743564,28.697391564651326],[82.11829993189062,28.697809941229316],[82.1186761298846,28.69835066655521],[82.1188194256331,28.69906931552795],[82.11901055516901,28.699471685647552],[82.11938387790696,28.699917632890813],[82.12005243718674,28.700388213959727],[82.12114607973636,28.702078344701963],[82.12144650216645,28.702348927676415],[82.12202327830629,28.70260813336886],[82.12208992792337,28.702618824881675],[82.122363593457,28.702661714760758],[82.12227399947193,28.70247972286277],[82.12241430282468,28.702435649062696],[82.12323292216516,28.702512428666406],[82.1248584139631,28.702112950716128],[82.12594176109317,28.701936971440013],[82.12671261232924,28.70210202702499],[82.12779533167722,28.702162929661384],[82.12900766452175,28.70201971090877],[82.12981828141467,28.702069295183083],[82.1305706275665,28.702056235508568],[82.13413072227803,28.70162476542414],[82.13485793660683,28.701417836910505],[82.13558815161828,28.701127383140054],[82.13723627542267,28.700878824562547],[82.13818513750563,28.7004623979306],[82.13858097472867,28.70038006529247],[82.14048601778812,28.69915903631653],[82.14150534774916,28.698394445515657],[82.14196690227378,28.697946005618594],[82.14318263245283,28.695943178688026],[82.14416244812632,28.695081934253338],[82.14455591433268,28.694667941774405],[82.14468164884241,28.694641997133886],[82.14686167712405,28.692888251745327],[82.14717417202603,28.692684757049083],[82.14771300898863,28.69193110340523],[82.14777196945886,28.69182894902054],[82.1477775384334,28.691447586934682],[82.14791384476263,28.690990578893945],[82.14772972049836,28.690299374853268],[82.1476078031718,28.690031919708936],[82.14726319088747,28.6885251626287],[82.14722023840116,28.688408190409657]]]]}}]}