{"type":"FeatureCollection","features":[{"type":"Feature","properties":{"province":"Karnali Province","district":"Western Rukum","municipality":"Triveni Rural Municipality","ward":"3","wardNumber":3,"sourceMunicipality":"Tribeni","sourceType":"Gaunpalika"},"geometry":{"type":"Polygon","coordinates":[[[82.43279158980482,28.573075723027987],[82.43243001913804,28.572896855448715],[82.43223819768095,28.572797324359982],[82.43191795322946,28.57269466736316],[82.43140332298829,28.572589507455422],[82.43114841618458,28.57245008926217],[82.4309584088436,28.57229410461014],[82.43079735256438,28.571869354247628],[82.43042621919791,28.571268550230954],[82.43013217333875,28.57097602387429],[82.42953776638464,28.570639296092157],[82.42902357402193,28.570513880138765],[82.42844266898642,28.57046579938966],[82.4271484945541,28.570456912180845],[82.42650656819109,28.57029217130288],[82.4261244895139,28.57005472336331],[82.42593504411992,28.569898801631034],[82.4258538905654,28.569705619655707],[82.42564712881399,28.569396401508776],[82.42511474299219,28.56915601513969],[82.42492085790461,28.56913325638615],[82.42466044710527,28.569203650165083],[82.42427142585035,28.56921452607149],[82.42407591456085,28.56926847770108],[82.42381769277918,28.56926216117138],[82.42368720599909,28.569299608811246],[82.42349288229482,28.56929491833217],[82.42317257564763,28.56919219801274],[82.42291629335156,28.569091104576053],[82.42215113482364,28.56869529497215],[82.42195862490624,28.568634087565446],[82.42150789439631,28.56856656444106],[82.42138059729811,28.568468659707992],[82.42127755990967,28.56831405143975],[82.42104472431535,28.568156253425606],[82.42072347854369,28.568073851934308],[82.42026949513324,28.568101168557632],[82.4201411980613,28.568061906066834],[82.41971941777386,28.567727867259126],[82.41932271011068,28.567260414959936],[82.41913307817849,28.567084173610976],[82.41862545402898,28.566730691001354],[82.4184335694119,28.566669484200673],[82.41798640358822,28.566450792220355],[82.41766303275098,28.566442912323197],[82.41714852739366,28.566337690070355],[82.41624593933503,28.566223024411006],[82.41573356163114,28.56604109224206],[82.4154105026348,28.56601514429917],[82.41528264289981,28.565955563307295],[82.41489674829866,28.5658715982899],[82.41464146638718,28.5657523744623],[82.41425488380622,28.565706795002637],[82.4141247721709,28.565721674113398],[82.41386761313956,28.565704041435737],[82.41334898102878,28.56566883977843],[82.41302804977286,28.565566119413063],[82.41296465070762,28.56550810227761],[82.41264453187105,28.56536699605298],[82.41201048647524,28.5648772222429],[82.41188506558433,28.56472061277114],[82.41155663621534,28.564103553966664],[82.4112427092683,28.563752510836714],[82.41086094299469,28.56349468236992],[82.41079723226147,28.563456983333452],[82.41038901676053,28.56337101820027],[82.40974959205937,28.563052731556432],[82.40942703417004,28.563008654123013],[82.40923446177496,28.562947509592853],[82.40878673336968,28.56272650350979],[82.40825716350164,28.56235289023227],[82.40821514825396,28.562315003694504],[82.40802557852886,28.562138700348836],[82.40739622364559,28.56147506313568],[82.40731075434967,28.56143530152704],[82.4066792727736,28.560848436824305],[82.40620009909145,28.560228375538507],[82.40618059246712,28.560151853425598],[82.40615271237999,28.559597065481807],[82.40551735968519,28.558378389654354],[82.40547747169744,28.55826373120591],[82.40548578968448,28.557977084526087],[82.40558039007594,28.55769175153185],[82.40577984267226,28.55750463540435],[82.40611003045663,28.55730264116549],[82.40626527831627,28.557152097913708],[82.40650274265609,28.557138345773865],[82.40701092942616,28.5574918910427],[82.40739006854679,28.557844497267975],[82.40753831110926,28.55794221502464],[82.40793526814184,28.558429985877467],[82.40814040386624,28.55881597584326],[82.40849521986475,28.559261359733462],[82.40861626275468,28.559571450839815],[82.40862501101346,28.56002946079093],[82.40868434396681,28.560220642191954],[82.40881014005839,28.560356995695948],[82.40897976529324,28.560477032373385],[82.40917189928014,28.5605563069488],[82.4096670850676,28.560605325662586],[82.40990304764178,28.560666032204814],[82.41018365375619,28.56067216175695],[82.41033733690914,28.560598328550878],[82.41051540572576,28.56039339440806],[82.41085547614607,28.55982573060057],[82.41111220473549,28.559143844900657],[82.4111234004581,28.55874210183959],[82.41102549170859,28.558397875315674],[82.41108608281532,28.557767752593417],[82.41102806350533,28.55753587161059],[82.41103281718745,28.55736432170431],[82.41116880833498,28.557119250862886],[82.41145591761939,28.556895124497224],[82.41169619626402,28.556804536729146],[82.41191884529341,28.556581160566253],[82.4120120072483,28.556334213743412],[82.41197324425124,28.556160850201042],[82.4118692066768,28.556024309768045],[82.41155346537298,28.555732034046382],[82.41145017904631,28.55555704441197],[82.4114584966148,28.55527264775814],[82.41157416846995,28.554987127517457],[82.41157779547702,28.554872031517938],[82.41140423797638,28.55412468581061],[82.41143544053185,28.5537814602548],[82.41164271046297,28.55332570258717],[82.4118867420416,28.553081695520177],[82.41232572125573,28.552842440892988],[82.4126302111524,28.55277386073634],[82.41304561964934,28.55259124781892],[82.4133084063009,28.55246214961492],[82.4134410829146,28.55235017989874],[82.41355381443414,28.552179818649602],[82.41364228594378,28.552106672292304],[82.41362709492648,28.551876667484663],[82.41356726147073,28.551703553860055],[82.41357157725928,28.551550071188796],[82.41353168776891,28.551435412106486],[82.41349004834824,28.551377144767923],[82.41331967199338,28.551297682895882],[82.41314792070261,28.551254418740587],[82.41271644578629,28.551245224768614],[82.41228803603232,28.551123435854013],[82.41207558313495,28.551003774141],[82.4116528641446,28.550687740402154],[82.41122620591109,28.550507184631652],[82.41096879729065,28.55046473251861],[82.41001831552317,28.550481355391724],[82.40924615126835,28.550313362271538],[82.4090757757885,28.550233838343026],[82.40905514393876,28.550218332935415],[82.40886413601709,28.550075914912878],[82.40861260596748,28.54980320802259],[82.40812330063244,28.549523997003792],[82.40760748172377,28.549457161499006],[82.40734863462114,28.5494507823672],[82.40700131603033,28.549519862535792],[82.40665662410574,28.54949410283767],[82.40648481009023,28.549450713227454],[82.4062082078859,28.549311483223843],[82.406081473959,28.54919544831325],[82.40591578926542,28.548942185003174],[82.40571578170099,28.54836432660546],[82.40558442813294,28.547616543190497],[82.40544606801461,28.547153155833453],[82.40542744466205,28.546234949079977],[82.40550147617527,28.54589341150344],[82.40551279655311,28.545491668402388],[82.40558501398317,28.54520658563614],[82.40559151875853,28.544976393333865],[82.40555281864563,28.544803028839695],[82.40541083077096,28.54445692678091],[82.40501474966494,28.543930831987478],[82.40464517956869,28.54323518722254],[82.40456834171623,28.5428885220868],[82.40436483303779,28.54242569765673],[82.40434964212004,28.54219569211489],[82.40423122620909,28.541790760231645],[82.40406816827266,28.54144271908114],[82.40403165671034,28.5411948959828],[82.4037481116664,28.541303863512248],[82.40361762503535,28.541339059837355],[82.40341936177913,28.541467408414597],[82.40319671268492,28.541731546882264],[82.40308141754412,28.54199674918299],[82.40290297345709,28.54222200097308],[82.40270395937003,28.542390986842687],[82.40235551422896,28.542516458200858],[82.40183650680247,28.542544400604395],[82.40144498405786,28.542649990862106],[82.40131337142472,28.542743830165367],[82.40115637258644,28.542950826692657],[82.4009393451234,28.54378794583151],[82.40082842740232,28.543899665630793],[82.4005883989057,28.544010445885647],[82.40033292914843,28.54387096565261],[82.39995422774759,28.543500291658138],[82.39959472072184,28.543224207745645],[82.39898850036221,28.54250386677721],[82.39862905541993,28.542227782970862],[82.39831337762547,28.54193538223963],[82.3978897207465,28.541639666872282],[82.3972489199415,28.54139577819174],[82.39711918441795,28.541392588945996],[82.39647619434967,28.541225472368357],[82.39628412237074,28.54114626010736],[82.39609380252472,28.541008280746514],[82.39582176590312,28.540677118500316],[82.39554329533831,28.53981123709346],[82.39546139086816,28.53965637877415],[82.39527082121751,28.539498143100538],[82.39507881247623,28.5394188686016],[82.39482171620254,28.539356098409876],[82.3946275186437,28.539351345243677],[82.39443682319863,28.53923143367745],[82.39435429319855,28.539076575472375],[82.39431621800925,28.53890546203718],[82.39430478009996,28.538521974005814],[82.39412740670548,28.53790554241369],[82.39391951921824,28.537596261994295],[82.39341577301911,28.537086983868416],[82.39329410515661,28.536779079580974],[82.3932030148986,28.53616402381615],[82.39307990800194,28.53593282979641],[82.39280630743839,28.535678440379076],[82.3924501785133,28.53526912980469],[82.39227986469406,28.53518966761398],[82.39193955100254,28.53501036317095],[82.3917449158718,28.535023614891923],[82.39161367809366,28.53509944891634],[82.39122178035306,28.53522304505734],[82.3909784989606,28.53542866593298],[82.39075966580312,28.53553919621543],[82.39042853815872,28.53582015177962],[82.38950474848504,28.536450142277804],[82.38917105653448,28.53682587499727],[82.38890570517695,28.537049750702682],[82.3883147922912,28.537342332054756],[82.38785905773061,28.537428291452454],[82.38734155159963,28.53741772213855],[82.38663328632472,28.537287365969576],[82.38533998871499,28.537223836894764],[82.3846258449842,28.537323673501103],[82.38397359835395,28.53751985140954],[82.38351717548505,28.537644071209083],[82.38299285121532,28.53790214357497],[82.38259801274151,28.538140898188264],[82.38217660014382,28.538553578136188],[82.38195395163876,28.53881759116643],[82.38153490832251,28.539898217645742],[82.38126286466184,28.540350035920415],[82.38026935785042,28.541172519549907],[82.3801132980455,28.541359135928897],[82.3799740551356,28.541701297581128],[82.37998073952603,28.542215698599037],[82.38003757023961,28.542503909339654],[82.38001424090291,28.543363911503764],[82.37991182120602,28.543935828372405],[82.37972674814466,28.54439127315184],[82.3796375259996,28.544505055774035],[82.37936316691268,28.54507190804057],[82.37878175336398,28.545806681620036],[82.37873536062935,28.54591996438893],[82.37860143337194,28.546088325098367],[82.37839460070431,28.546543957589815],[82.37787658568155,28.54733674847205],[82.3778072459281,28.54750667321856],[82.37777954537931,28.54773486483375],[82.37788720327457,28.548541602710653],[82.3777714071499,28.54882480988518],[82.37768212272965,28.54893859295084],[82.3774167078925,28.549162406495896],[82.37721644303414,28.549387845671443],[82.37735993115713,28.549659427103723],[82.37739975797592,28.54977408595326],[82.37752686759033,28.5498720534778],[82.3782089951227,28.55019234013595],[82.37824957226347,28.550218972747057],[82.37901435536388,28.550707685055812],[82.3796445863325,28.55131274269915],[82.37978882549334,28.55154593740292],[82.37985259884988,28.551585949177127],[82.38003929179177,28.551839024553384],[82.38030663693395,28.552303412980816],[82.38072128767185,28.552885837808372],[82.38100494964624,28.553521526244438],[82.38109797932765,28.554039616643312],[82.38108478301612,28.55449781341512],[82.38113980047031,28.554844728583586],[82.38108977937786,28.5550731702917],[82.38099505341812,28.555356189640598],[82.38076765179716,28.55575336771104],[82.38045759421765,28.556034072805726],[82.38027846235364,28.556259324785636],[82.38014209650045,28.55648632812048],[82.38024794816022,28.556564226415116],[82.38050241721693,28.556724087491048],[82.38082284902978,28.556844938159845],[82.38114002824804,28.55706281695197],[82.38152423301854,28.557223679933895],[82.38165334455529,28.5572246190354],[82.3818458539853,28.557288076604067],[82.38210132314545,28.557425368667612],[82.38242106732145,28.557548469248186],[82.38305580079988,28.558000107234072],[82.38362926337877,28.558319079853682],[82.38375762348873,28.558360718181973],[82.38407624201109,28.558538022801628],[82.38484690383096,28.558785101715056],[82.38542655792303,28.55889201206181],[82.38581451599163,28.55890158097281],[82.38633439942251,28.558835377177317],[82.3867256098566,28.55874785480019],[82.38763194992087,28.558767992659917],[82.38808724700866,28.558700101542208],[82.38854072941317,28.558690915039957],[82.38964696006899,28.558503556022792],[82.390016411623,28.55841628246453],[82.39016903174779,28.558360580204816],[82.3904970936697,28.558235358504486],[82.39141037745809,28.558004860415608],[82.39166959996429,28.557990920762368],[82.39224931657509,28.558100081692256],[82.39269848386836,28.558242127504137],[82.39327294595662,28.5585408441517],[82.39359462915156,28.55860524107068],[82.39410794549693,28.55876916734607],[82.39456074029967,28.5587983676481],[82.39553235476193,28.558781620132507],[82.39574662254914,28.558842576816396],[82.39610550473209,28.559118722854375],[82.39631282946432,28.5594279405115],[82.396536409381,28.559910771257137],[82.3967448593243,28.560163660113385],[82.39699720242957,28.56039798026553],[82.39750795415989,28.56065668531764],[82.39808510661139,28.560860624893355],[82.39829537059103,28.561056996444503],[82.39837946424616,28.561135145370486],[82.39869595600894,28.561389097079648],[82.39921695725636,28.562031351981144],[82.3996795018349,28.562462044658357],[82.39992965524758,28.5627731378661],[82.40005219891113,28.56300645763888],[82.40024176902742,28.563180572280938],[82.40049411138763,28.563417143511458],[82.40060065086762,28.563456656457692],[82.40064235391053,28.563514923829786],[82.40102443275129,28.563752433420856],[82.40121656610597,28.56383164612084],[82.4016624182138,28.564109105504322],[82.40236674292944,28.564410949616903],[82.40313233896391,28.564847583628485],[82.40350966340591,28.56525658140341],[82.40384234721849,28.565720220239083],[82.40396564097144,28.5659536023918],[82.40429944953478,28.566360849586154],[82.40474136161914,28.566771473543508],[82.40535946578919,28.567071941189866],[82.40557116896704,28.56722773855848],[82.40576036366093,28.567424360013305],[82.40615544393839,28.567966272483023],[82.40643923108898,28.568640285163863],[82.4066469320148,28.56893143423118],[82.40696273469274,28.569226023798542],[82.40734487598569,28.569463533348713],[82.40792265434976,28.569665097006638],[82.40869519258348,28.569853408321283],[82.40939820296073,28.57019357555526],[82.40971613343982,28.570409141413293],[82.41022363244761,28.57080101100627],[82.41053943539666,28.57109559982526],[82.41111177195222,28.571507099720723],[82.41161651915083,28.571977929522223],[82.41237742435486,28.57258605119862],[82.41352484866266,28.573278075434942],[82.41386772678695,28.573398613201245],[82.4141020641756,28.573479638578092],[82.41493793834792,28.5736695138251],[82.41506704992375,28.573672640142423],[82.41551634225362,28.573814623255913],[82.41577162377432,28.573933847676447],[82.41613063177458,28.574209868694382],[82.41632276526057,28.57428914375624],[82.41744661890155,28.57498135480288],[82.41772009427828,28.57521542585105],[82.41786402033775,28.575466688589536],[82.41809466706749,28.575701196097874],[82.41834844893498,28.575897068173578],[82.41854001984932,28.57597859364097],[82.41879198652602,28.57623091993986],[82.41916993771144,28.576583463421734],[82.41942415715727,28.576761330088623],[82.42012948187076,28.57698408847403],[82.42064511211083,28.577071243002077],[82.42090045762814,28.577192655640758],[82.42147848527014,28.577355832985216],[82.42173345461032,28.577495250116158],[82.42224552051103,28.57769750101882],[82.42306913620594,28.57830487364255],[82.42351117404728,28.578715434310816],[82.42361427343897,28.578872293618634],[82.42373325247158,28.579256908019456],[82.4238775537401,28.579487789545748],[82.42405893058005,28.579950738848474],[82.42419528874531,28.580488585537573],[82.42437816625757,28.580874762846108],[82.42464876455648,28.5812239300923],[82.42490292130024,28.58139954607818],[82.4252236032269,28.581481884356183],[82.42567621045116,28.581490766086738],[82.42632564252249,28.581407120860707],[82.42691136394504,28.581285840232635],[82.42742849635557,28.581293971384703],[82.42794175031202,28.581437516899904],[82.42864970220826,28.581565435098327],[82.42903159399005,28.581782563675276],[82.42992780193426,28.582125108477427],[82.43031050705115,28.582303852021845],[82.43054296780686,28.582479654690204],[82.43066951382015,28.582577559805323],[82.43083820090389,28.582713413836178],[82.43132819601473,28.58293391942889],[82.43184063665446,28.58311353868758],[82.43254683771956,28.583300098862495],[82.43273759552137,28.583417696656294],[82.43299331556044,28.583518791330746],[82.43331362266706,28.583619198130197],[82.43329974539104,28.583350806745653],[82.43330981497128,28.583007767968425],[82.43316832727686,28.582661728367253],[82.43308560998902,28.58254525565358],[82.43300795838019,28.58223922770857],[82.43325486786203,28.58188237518648],[82.43345394378156,28.58171326466418],[82.43380320170492,28.581549344030677],[82.43395763621822,28.5814371871586],[82.43404679552224,28.581323403968863],[82.43414139616667,28.581040322110937],[82.43413552424971,28.580467278681457],[82.43422831107733,28.580240650336908],[82.43473769485783,28.579772641425976],[82.4348516148289,28.579545825561645],[82.43486162203803,28.579202725154424],[82.43473489548931,28.57833984569345],[82.43455527037392,28.577822755592205],[82.43436920251601,28.577531417976708],[82.4342283404439,28.577185378418847],[82.4342196543187,28.576727431056945],[82.43455284573693,28.57637189203711],[82.43472797466808,28.576279803338995],[82.43486065028401,28.57616783396866],[82.43499445219877,28.575997160002327],[82.43515357714797,28.575715766169008],[82.43518290346572,28.5754288066599],[82.4351426398446,28.575332215515942],[82.43486810101547,28.5751184638276],[82.43410212957171,28.57476104074768],[82.4334184368402,28.57453809499267],[82.43316352982664,28.57439867681035],[82.43303798411797,28.574282641628006],[82.43283015833794,28.573991492453327],[82.43290769242292,28.57353485898399],[82.43291419619572,28.573306917408132],[82.43285317492116,28.57319019483963],[82.43279158980482,28.573075723027987]]]}},{"type":"Feature","properties":{"province":"Karnali Province","district":"Western Rukum","municipality":"Triveni Rural Municipality","ward":"4","wardNumber":4,"sourceMunicipality":"Tribeni","sourceType":"Gaunpalika"},"geometry":{"type":"Polygon","coordinates":[[[82.43072275402827,28.533593740264628],[82.43061690234991,28.533515904189294],[82.43044864636036,28.53341714583773],[82.43044690149796,28.533416122957163],[82.43031151487575,28.53338362601299],[82.43027692752497,28.53337517144442],[82.42990530897029,28.53318435242571],[82.42985055515364,28.53315616786158],[82.42950805251354,28.533053697769645],[82.42925114406772,28.53299098938803],[82.428992297096,28.53298692346565],[82.42856082264588,28.533016303960583],[82.42839376212729,28.53304844580579],[82.42830022385894,28.53306644211545],[82.42826965160502,28.533078044946866],[82.42810452495814,28.533140712508626],[82.428056452685,28.533139502476516],[82.42803993818525,28.533139086841082],[82.4279290084797,28.533179065805832],[82.4276916183378,28.533264620254027],[82.42727477187078,28.533524006399645],[82.42694377023395,28.533805023929386],[82.42652723636569,28.53408247684134],[82.42574418939724,28.534334419829896],[82.42552286316558,28.534378871578433],[82.42548365385883,28.53438674638316],[82.42524959884943,28.53437336069622],[82.42445051655568,28.534327658528834],[82.42384328766603,28.534449127582523],[82.42314408364784,28.53479941195836],[82.42259305956809,28.535247476898242],[82.4223305226427,28.53539464349123],[82.42189504493983,28.535557187635874],[82.42156570077454,28.53560354713649],[82.42128881661458,28.53564252096333],[82.42066798637325,28.5356290047021],[82.42016858388574,28.535618130218566],[82.41999389170665,28.535692150691123],[82.41939791327381,28.536215112562996],[82.41913575147666,28.53634421068662],[82.41894388627551,28.53647696961877],[82.41889397135657,28.536511507629324],[82.41879410288803,28.5365473907947],[82.41758741326873,28.536980948129],[82.41726187946972,28.537183157390277],[82.41725860084021,28.537185193296537],[82.41714730775367,28.537317231217166],[82.41666424001173,28.538455061641816],[82.41635024247188,28.538907379539804],[82.41615041551113,28.53911481447732],[82.41545077426078,28.539483104291524],[82.41538443674524,28.53953799526276],[82.41510095409737,28.53964696245516],[82.4143153434075,28.539993683883264],[82.41386786171645,28.54011565309087],[82.41353310945902,28.540207178066208],[82.41288198923442,28.54034708867655],[82.4120978791439,28.540616974686962],[82.4119682060715,28.540616098285277],[82.4115125339258,28.540702057658578],[82.41131827299562,28.540697304993667],[82.41053635241143,28.540890480507226],[82.40949596011973,28.541061460517533],[82.40878488112064,28.541007939596987],[82.40852822316796,28.540924850357897],[82.40808024427935,28.540724163759364],[82.4078889233784,28.540606564810695],[82.40757287072032,28.54033229479961],[82.40718866554806,28.54016930633926],[82.40680270840171,28.540067273561036],[82.40654486229849,28.540042889436805],[82.40602554167229,28.540088836033835],[82.4058936163151,28.540162419494546],[82.40576200361262,28.540256321106085],[82.40547195366142,28.54059329253019],[82.40526962503786,28.540895505164972],[82.40507161192392,28.541044234262554],[82.40465801759106,28.541170331100183],[82.40403165671034,28.5411948959828],[82.40406816827266,28.54144271908114],[82.40423122620909,28.541790760231645],[82.40434964212004,28.54219569211489],[82.40436483303779,28.54242569765673],[82.40456834171623,28.5428885220868],[82.40464517956869,28.54323518722254],[82.40501474966494,28.543930831987478],[82.40541083077096,28.54445692678091],[82.40555281864563,28.544803028839695],[82.40559151875853,28.544976393333865],[82.40558501398317,28.54520658563614],[82.40551279655311,28.545491668402388],[82.40550147617527,28.54589341150344],[82.40542744466205,28.546234949079977],[82.40544606801461,28.547153155833453],[82.40558442813294,28.547616543190497],[82.40571578170099,28.54836432660546],[82.40591578926542,28.548942185003174],[82.406081473959,28.54919544831325],[82.4062082078859,28.549311483223843],[82.40648481009023,28.549450713227454],[82.40665662410574,28.54949410283767],[82.40700131603033,28.549519862535792],[82.40734863462114,28.5494507823672],[82.40760748172377,28.549457161499006],[82.40812330063244,28.549523997003792],[82.40861260596748,28.54980320802259],[82.40886413601709,28.550075914912878],[82.40905514393876,28.550218332935415],[82.4090757757885,28.550233838343026],[82.40924615126835,28.550313362271538],[82.41001831552317,28.550481355391724],[82.41096879729065,28.55046473251861],[82.41122620591109,28.550507184631652],[82.4116528641446,28.550687740402154],[82.41207558313495,28.551003774141],[82.41228803603232,28.551123435854013],[82.41271644578629,28.551245224768614],[82.41314792070261,28.551254418740587],[82.41331967199338,28.551297682895882],[82.41349004834824,28.551377144767923],[82.41353168776891,28.551435412106486],[82.41357157725928,28.551550071188796],[82.41356726147073,28.551703553860055],[82.41362709492648,28.551876667484663],[82.41364228594378,28.552106672292304],[82.41355381443414,28.552179818649602],[82.4134410829146,28.55235017989874],[82.4133084063009,28.55246214961492],[82.41304561964934,28.55259124781892],[82.4126302111524,28.55277386073634],[82.41232572125573,28.552842440892988],[82.4118867420416,28.553081695520177],[82.41164271046297,28.55332570258717],[82.41143544053185,28.5537814602548],[82.41140423797638,28.55412468581061],[82.41157779547702,28.554872031517938],[82.41157416846995,28.554987127517457],[82.4114584966148,28.55527264775814],[82.41145017904631,28.55555704441197],[82.41155346537298,28.555732034046382],[82.4118692066768,28.556024309768045],[82.41197324425124,28.556160850201042],[82.4120120072483,28.556334213743412],[82.41191884529341,28.556581160566253],[82.41169619626402,28.556804536729146],[82.41145591761939,28.556895124497224],[82.41116880833498,28.557119250862886],[82.41103281718745,28.55736432170431],[82.41102806350533,28.55753587161059],[82.41108608281532,28.557767752593417],[82.41102549170859,28.558397875315674],[82.4111234004581,28.55874210183959],[82.41111220473549,28.559143844900657],[82.41085547614607,28.55982573060057],[82.41051540572576,28.56039339440806],[82.41033733690914,28.560598328550878],[82.41018365375619,28.56067216175695],[82.40990304764178,28.560666032204814],[82.4096670850676,28.560605325662586],[82.40917189928014,28.5605563069488],[82.40897976529324,28.560477032373385],[82.40881014005839,28.560356995695948],[82.40868434396681,28.560220642191954],[82.40862501101346,28.56002946079093],[82.40861626275468,28.559571450839815],[82.40849521986475,28.559261359733462],[82.40814040386624,28.55881597584326],[82.40793526814184,28.558429985877467],[82.40753831110926,28.55794221502464],[82.40739006854679,28.557844497267975],[82.40701092942616,28.5574918910427],[82.40650274265609,28.557138345773865],[82.40626527831627,28.557152097913708],[82.40611003045663,28.55730264116549],[82.40577984267226,28.55750463540435],[82.40558039007594,28.55769175153185],[82.40548578968448,28.557977084526087],[82.40547747169744,28.55826373120591],[82.40551735968519,28.558378389654354],[82.40615271237999,28.559597065481807],[82.40618059246712,28.560151853425598],[82.40620009909145,28.560228375538507],[82.4066792727736,28.560848436824305],[82.40731075434967,28.56143530152704],[82.40739622364559,28.56147506313568],[82.40802557852886,28.562138700348836],[82.40821514825396,28.562315003694504],[82.40825716350164,28.56235289023227],[82.40878673336968,28.56272650350979],[82.40923446177496,28.562947509592853],[82.40942703417004,28.563008654123013],[82.40974959205937,28.563052731556432],[82.41038901676053,28.56337101820027],[82.41079723226147,28.563456983333452],[82.41086094299469,28.56349468236992],[82.4112427092683,28.563752510836714],[82.41155663621534,28.564103553966664],[82.41188506558433,28.56472061277114],[82.41201048647524,28.5648772222429],[82.41264453187105,28.56536699605298],[82.41296465070762,28.56550810227761],[82.41302804977286,28.565566119413063],[82.41334898102878,28.56566883977843],[82.41386761313956,28.565704041435737],[82.4141247721709,28.565721674113398],[82.41425488380622,28.565706795002637],[82.41464146638718,28.5657523744623],[82.41489674829866,28.5658715982899],[82.41528264289981,28.565955563307295],[82.4154105026348,28.56601514429917],[82.41573356163114,28.56604109224206],[82.41624593933503,28.566223024411006],[82.41714852739366,28.566337690070355],[82.41766303275098,28.566442912323197],[82.41798640358822,28.566450792220355],[82.4184335694119,28.566669484200673],[82.41862545402898,28.566730691001354],[82.41913307817849,28.567084173610976],[82.41932271011068,28.567260414959936],[82.41971941777386,28.567727867259126],[82.4201411980613,28.568061906066834],[82.42026949513324,28.568101168557632],[82.42072347854369,28.568073851934308],[82.42104472431535,28.568156253425606],[82.42127755990967,28.56831405143975],[82.42138059729811,28.568468659707992],[82.42150789439631,28.56856656444106],[82.42195862490624,28.568634087565446],[82.42215113482364,28.56869529497215],[82.42291629335156,28.569091104576053],[82.42317257564763,28.56919219801274],[82.42349288229482,28.56929491833217],[82.42368720599909,28.569299608811246],[82.42381769277918,28.56926216117138],[82.42407591456085,28.56926847770108],[82.42427142585035,28.56921452607149],[82.42466044710527,28.569203650165083],[82.42492085790461,28.56913325638615],[82.42511474299219,28.56915601513969],[82.42564712881399,28.569396401508776],[82.4258538905654,28.569705619655707],[82.42593504411992,28.569898801631034],[82.4261244895139,28.57005472336331],[82.42650656819109,28.57029217130288],[82.4271484945541,28.570456912180845],[82.42844266898642,28.57046579938966],[82.42902357402193,28.570513880138765],[82.42953776638464,28.570639296092157],[82.43013217333875,28.57097602387429],[82.43042621919791,28.571268550230954],[82.43079735256438,28.571869354247628],[82.4309584088436,28.57229410461014],[82.43114841618458,28.57245008926217],[82.43140332298829,28.572589507455422],[82.43191795322946,28.57269466736316],[82.43223819768095,28.572797324359982],[82.43243001913804,28.572896855448715],[82.43279158980482,28.573075723027987],[82.43273200711046,28.57288235320827],[82.43273563458172,28.572769508175337],[82.43263697610418,28.572423030566764],[82.43259746214616,28.572288115020847],[82.4325593252138,28.572114752128506],[82.43206165242117,28.570614932760932],[82.43206990817714,28.5703282858437],[82.43214268830114,28.570043202985573],[82.43219265369686,28.56901146290273],[82.43228537915687,28.568784834666886],[82.43250727676308,28.568559145053527],[82.43257474104423,28.568445549846263],[82.43264583245728,28.568219170867714],[82.43268810523591,28.56747407749399],[82.43261770955282,28.566899471236535],[82.43258195575069,28.565866354470945],[82.4326084049199,28.565694617352268],[82.43272401309667,28.565411347391844],[82.43290414576485,28.565127389963788],[82.43308215972998,28.56415748169231],[82.43317525987526,28.563910534928514],[82.43335295346624,28.56372360665059],[82.43368245406795,28.563519299156525],[82.43379337193272,28.56340757946568],[82.43400176741014,28.562895430865353],[82.4339712601416,28.562435420685528],[82.4338533454203,28.562032738952173],[82.4336930395444,28.56156960189509],[82.43354867455635,28.561338719678922],[82.43320305184865,28.560586434344888],[82.43318779858483,28.560356491434423],[82.43331241382529,28.559748188822297],[82.4333167294787,28.5595947067073],[82.43307551990394,28.55895864266737],[82.43282667952391,28.558609287997694],[82.43270526143881,28.558321702969646],[82.4321670674282,28.557508335120296],[82.43210854770595,28.557296834891897],[82.43204696319636,28.557180112710107],[82.43176117301671,28.556601003301783],[82.4314848284291,28.55567872988366],[82.43132339709257,28.555274297438544],[82.43103035230985,28.554961516426026],[82.43067647348545,28.554495876990725],[82.43036310955979,28.554144896741562],[82.43011370654786,28.553797792731977],[82.42991132265529,28.553335093325213],[82.429916013118,28.55316129190542],[82.43012440894569,28.55265139407744],[82.43018018395709,28.55219275938643],[82.43012273462958,28.551159892885018],[82.43008397182646,28.550986530018346],[82.43009985891473,28.55041323601365],[82.43006916102841,28.55021942952321],[82.4300635346624,28.55018348073812],[82.43009223559858,28.549896584701813],[82.43007585597313,28.54972528452112],[82.42993380648711,28.549377056249465],[82.429947948984,28.548059106391417],[82.4298688591265,28.547789151866045],[82.4297651970354,28.54763454261461],[82.42955605894268,28.547381779464324],[82.4293454190566,28.547205726734322],[82.42911589769675,28.546912576345594],[82.42903549450392,28.54668100724081],[82.42896040771046,28.546277888467216],[82.42898154798318,28.545476590935603],[82.42903438393597,28.545133053286023],[82.42923852733554,28.544736062606137],[82.42944986274055,28.544108755507157],[82.42950788938217,28.543534962296672],[82.4295032068354,28.542903276721443],[82.42933421488897,28.541982130431723],[82.42907249732099,28.541287674513445],[82.42880252507175,28.5408820527177],[82.42864290775762,28.540418916014676],[82.4286117753264,28.539958905854828],[82.42877784293005,28.539388551781798],[82.4290537027721,28.538762870219653],[82.42917694193463,28.53819295387237],[82.42922854215152,28.536242819232797],[82.42932601976477,28.53584238941148],[82.42940755717343,28.53521189312929],[82.42954598693801,28.5348720436482],[82.42963520923797,28.534758261515858],[82.43032041038477,28.534121517246607],[82.43054337152032,28.5338393111788],[82.43072168788372,28.533595199130694],[82.43072275402827,28.533593740264628]]]}},{"type":"Feature","properties":{"province":"Karnali Province","district":"Western Rukum","municipality":"Triveni Rural Municipality","ward":"5","wardNumber":5,"sourceMunicipality":"Tribeni","sourceType":"Gaunpalika"},"geometry":{"type":"Polygon","coordinates":[[[82.44266613944612,28.57690629671209],[82.44275629975355,28.57677444606754],[82.44280425696488,28.57658439050741],[82.44283064305584,28.576412652343155],[82.44294375018181,28.576224160238265],[82.44340711538534,28.575851366887274],[82.44349627503868,28.57573758421175],[82.44358787307259,28.575567472924895],[82.44364189715256,28.575167480715976],[82.44375750611327,28.574884211119254],[82.44393476141465,28.57471528735927],[82.44424938404451,28.574262969667792],[82.44427871042751,28.573978323406067],[82.44416248346661,28.57351699940865],[82.44417073974668,28.573230352783952],[82.44420006681744,28.572945645131533],[82.44433918386642,28.572605733343938],[82.44467375048258,28.572209556934876],[82.44480542605449,28.572117905903674],[82.44515387100978,28.571990059145595],[82.44539921525032,28.571707602668504],[82.4455594662839,28.57136750431431],[82.4456586956976,28.57091287091343],[82.4458448958178,28.57041897724408],[82.44619978190437,28.570063188289744],[82.4465299711453,28.569820494293293],[82.44694562897305,28.569599432265374],[82.44714458053011,28.56943257224097],[82.44727832030628,28.569261961224655],[82.44754373438423,28.56903796006706],[82.44783515983066,28.568624152496557],[82.44838943640613,28.568081247512456],[82.44852073649824,28.568007601553415],[82.4488466720387,28.567918390687165],[82.44932166286735,28.567888510197427],[82.44965078842593,28.567704458673447],[82.44974001086841,28.567590675721437],[82.44980922645071,28.56742068871544],[82.45016311908618,28.56634056159499],[82.4503432523817,28.56605660507141],[82.45054301628376,28.56585142086643],[82.45061185660217,28.56569950189765],[82.45070345612217,28.565529264998563],[82.4506646297042,28.56535590204411],[82.45063293416925,28.56495459616611],[82.4506458182717,28.56449864948301],[82.45070153071815,28.564040015836262],[82.45094087903867,28.56318676651109],[82.45096920388347,28.562958574984712],[82.45110938539646,28.562559959116193],[82.45186930460886,28.56159949484772],[82.45194033343708,28.56137317938707],[82.4520024257667,28.56068654071019],[82.45232524171864,28.559949763642408],[82.45252882126825,28.55960910274015],[82.4529529857255,28.55908332655189],[82.45321721238476,28.55887739305943],[82.45348031214097,28.558730164045155],[82.45393786130604,28.558546989006235],[82.4545511568251,28.558215521010425],[82.45486077625743,28.55791656071974],[82.45527937394588,28.55759847016881],[82.45552334225083,28.557356651434237],[82.45554866511358,28.557338396071643],[82.45646976687186,28.55666958125124],[82.45686391710139,28.55643063865628],[82.45715202897003,28.556149996053996],[82.45778571511192,28.555075872867075],[82.45785492925602,28.554905948567164],[82.4578848807155,28.554621302759028],[82.45798229647151,28.554223123682124],[82.45807495772688,28.55399418225501],[82.45840771096171,28.55365889918761],[82.458698699542,28.55326541110869],[82.45874440499459,28.553152128016812],[82.45884469718428,28.552638852625492],[82.45886558824391,28.551837554770167],[82.45878574778362,28.551608237278383],[82.45870296717119,28.551491827618108],[82.45862312834386,28.551260259065035],[82.45856147958675,28.55114584983197],[82.4584816401586,28.55091421891658],[82.45839823489659,28.55079787149712],[82.45816152557312,28.55022051297067],[82.45811526004407,28.550105853819034],[82.457683166741,28.549350128831247],[82.45758450833657,28.54900596456298],[82.45757494642352,28.548548016948732],[82.45764878992864,28.54820416711302],[82.45766104845849,28.54774828295842],[82.4575698953761,28.547115221364855],[82.45756515018705,28.54648572408139],[82.45776079456206,28.545574270463],[82.45756873060449,28.544712078457785],[82.45751752826502,28.544195926652023],[82.45740530423605,28.54356305261018],[82.45739868274997,28.54299000892598],[82.45745377042638,28.542533625701065],[82.4574300808165,28.541789156743135],[82.45737018506921,28.541616105712496],[82.45731604321061,28.5412127993837],[82.4572544584445,28.541098390324233],[82.45722094990381,28.540753475613993],[82.45737207627137,28.539896600859773],[82.45730731043044,28.539094114583516],[82.45733194576077,28.538981018583886],[82.45759973690535,28.538623853323262],[82.4583430821793,28.538182604278784],[82.45854140904748,28.538015806997727],[82.45883177168052,28.53762231854783],[82.45897239118231,28.537167248274145],[82.4589580206176,28.536077490271023],[82.45913328300824,28.53516628714361],[82.45936775259025,28.534428134238105],[82.45957220840407,28.534013014310137],[82.45986038169607,28.533694047371622],[82.46005864513192,28.53352712491322],[82.46099725284806,28.53303417494473],[82.46145949255003,28.532643375872986],[82.46172809693132,28.53224782354325],[82.4618207583711,28.532021195923374],[82.46191679854756,28.53162301703602],[82.46193831468577,28.530821781417632],[82.46186135117745,28.530477367523144],[82.46161657615082,28.52995646324712],[82.46155311589165,28.529896257323728],[82.4614122813207,28.52955187793077],[82.46141162792007,28.529550279316105],[82.46126188510365,28.52952708431831],[82.4605748149384,28.529455496009838],[82.45992130685993,28.529440683787055],[82.45963063824257,28.52943364909683],[82.45951780214942,28.52940606853716],[82.45945733356488,28.529390781017355],[82.45910382578522,28.529409946987464],[82.45893963903048,28.529418847981855],[82.45809189423807,28.529573281644858],[82.45651710007611,28.529860147026138],[82.45599959265304,28.529904031274132],[82.45555067334614,28.530005870776694],[82.45523585723296,28.53007671445594],[82.45391849438214,28.5303731537938],[82.45375108484345,28.530421004370652],[82.45348389291316,28.530497374736395],[82.45279131868686,28.530622706764156],[82.45235734284287,28.530701238885044],[82.4519109073518,28.53076256481592],[82.45175161534401,28.530784452800997],[82.45132057730213,28.530793570913062],[82.45106060458602,28.53084377120602],[82.45019646644573,28.530900343385667],[82.44981835609076,28.530959649343657],[82.44976361633768,28.5309682351297],[82.44968794622156,28.530966388758277],[82.44950483160649,28.53096191936259],[82.44872541229611,28.53109657823073],[82.44733738374553,28.53146762345265],[82.44733601292103,28.531467989585778],[82.44731353418501,28.531471388321723],[82.44690316196801,28.531533442379537],[82.44561048905793,28.531504424991773],[82.4453737756532,28.531479852877293],[82.44526648571144,28.53147872744908],[82.44483152798253,28.53147881941348],[82.44440409878908,28.531478908550685],[82.44436679841839,28.531465496735343],[82.4442333475864,28.531417513520665],[82.44406015326437,28.53139141115885],[82.443633403079,28.53132617737147],[82.44355383921878,28.53132500686837],[82.4433734636797,28.531320603859225],[82.44293986251743,28.531426757117107],[82.44261547473008,28.531533424101863],[82.44261361377788,28.531534036388468],[82.44248281407563,28.531587300416266],[82.44230949826394,28.53162299728132],[82.44152613894138,28.53189082060001],[82.44082868684016,28.532180274815456],[82.44047780292702,28.532400649598763],[82.44021607930486,28.53250949233342],[82.4396911287937,28.53280388742208],[82.43937517411129,28.532883108796593],[82.43934355844908,28.53289103327851],[82.43892521246492,28.533224942454186],[82.43835643292347,28.53353784323797],[82.43795274257992,28.53371461585518],[82.4378547426147,28.53375752871333],[82.43785030729809,28.53376027118464],[82.43761340120923,28.533906757952334],[82.43717804857239,28.534069302898644],[82.43683041669127,28.534158825984754],[82.4364845991024,28.534189520366084],[82.43579515344447,28.534176511157682],[82.4349348935148,28.534099857210965],[82.43450285538421,28.534129238298252],[82.43389312436906,28.53434779765412],[82.43345520792651,28.534607370155037],[82.43319449974544,28.5346956991221],[82.43319392142473,28.534695894631724],[82.43316787049427,28.534699222755762],[82.43267478765766,28.53476222245336],[82.43241669150487,28.534758281707763],[82.43216953916459,28.534669566628274],[82.43190640347696,28.534573350664633],[82.43155856793213,28.534314721288087],[82.4314596492251,28.534240372960824],[82.43108126042111,28.53388782903751],[82.43086924471922,28.53375016157178],[82.43072275402827,28.533593740264628],[82.43072168788372,28.533595199130694],[82.43054337152032,28.5338393111788],[82.43032041038477,28.534121517246607],[82.42963520923797,28.534758261515858],[82.42954598693801,28.5348720436482],[82.42940755717343,28.53521189312929],[82.42932601976477,28.53584238941148],[82.42922854215152,28.536242819232797],[82.42917694193463,28.53819295387237],[82.4290537027721,28.538762870219653],[82.42877784293005,28.539388551781798],[82.4286117753264,28.539958905854828],[82.42864290775762,28.540418916014676],[82.42880252507175,28.5408820527177],[82.42907249732099,28.541287674513445],[82.42933421488897,28.541982130431723],[82.4295032068354,28.542903276721443],[82.42950788938217,28.543534962296672],[82.42944986274055,28.544108755507157],[82.42923852733554,28.544736062606137],[82.42903438393597,28.545133053286023],[82.42898154798318,28.545476590935603],[82.42896040771046,28.546277888467216],[82.42903549450392,28.54668100724081],[82.42911589769675,28.546912576345594],[82.4293454190566,28.547205726734322],[82.42955605894268,28.547381779464324],[82.4297651970354,28.54763454261461],[82.4298688591265,28.547789151866045],[82.429947948984,28.548059106391417],[82.42993380648711,28.549377056249465],[82.43007585597313,28.54972528452112],[82.43009223559858,28.549896584701813],[82.4300635346624,28.55018348073812],[82.43006916102841,28.55021942952321],[82.43009985891473,28.55041323601365],[82.43008397182646,28.550986530018346],[82.43012273462958,28.551159892885018],[82.43018018395709,28.55219275938643],[82.43012440894569,28.55265139407744],[82.429916013118,28.55316129190542],[82.42991132265529,28.553335093325213],[82.43011370654786,28.553797792731977],[82.43036310955979,28.554144896741562],[82.43067647348545,28.554495876990725],[82.43103035230985,28.554961516426026],[82.43132339709257,28.555274297438544],[82.4314848284291,28.55567872988366],[82.43176117301671,28.556601003301783],[82.43204696319636,28.557180112710107],[82.43210854770595,28.557296834891897],[82.4321670674282,28.557508335120296],[82.43270526143881,28.558321702969646],[82.43282667952391,28.558609287997694],[82.43307551990394,28.55895864266737],[82.4333167294787,28.5595947067073],[82.43331241382529,28.559748188822297],[82.43318779858483,28.560356491434423],[82.43320305184865,28.560586434344888],[82.43354867455635,28.561338719678922],[82.4336930395444,28.56156960189509],[82.4338533454203,28.562032738952173],[82.4339712601416,28.562435420685528],[82.43400176741014,28.562895430865353],[82.43379337193272,28.56340757946568],[82.43368245406795,28.563519299156525],[82.43335295346624,28.56372360665059],[82.43317525987526,28.563910534928514],[82.43308215972998,28.56415748169231],[82.43290414576485,28.565127389963788],[82.43272401309667,28.565411347391844],[82.4326084049199,28.565694617352268],[82.43258195575069,28.565866354470945],[82.43261770955282,28.566899471236535],[82.43268810523591,28.56747407749399],[82.43264583245728,28.568219170867714],[82.43257474104423,28.568445549846263],[82.43250727676308,28.568559145053527],[82.43228537915687,28.568784834666886],[82.43219265369686,28.56901146290273],[82.43214268830114,28.570043202985573],[82.43206990817714,28.5703282858437],[82.43206165242117,28.570614932760932],[82.4325593252138,28.572114752128506],[82.43259746214616,28.572288115020847],[82.43263697610418,28.572423030566764],[82.43273563458172,28.572769508175337],[82.43273200711046,28.57288235320827],[82.43279158980482,28.573075723027987],[82.43285317492116,28.57319019483963],[82.43291419619572,28.573306917408132],[82.43290769242292,28.57353485898399],[82.43283015833794,28.573991492453327],[82.43303798411797,28.574282641628006],[82.43316352982664,28.57439867681035],[82.4334184368402,28.57453809499267],[82.43410212957171,28.57476104074768],[82.43486810101547,28.5751184638276],[82.4351426398446,28.575332215515942],[82.43518290346572,28.5754288066599],[82.43515357714797,28.575715766169008],[82.43499445219877,28.575997160002327],[82.43486065028401,28.57616783396866],[82.43472797466808,28.576279803338995],[82.43455284573693,28.57637189203711],[82.4342196543187,28.576727431056945],[82.4342283404439,28.577185378418847],[82.43436920251601,28.577531417976708],[82.43455527037392,28.577822755592205],[82.43473489548931,28.57833984569345],[82.43486162203803,28.579202725154424],[82.4348516148289,28.579545825561645],[82.43473769485783,28.579772641425976],[82.43422831107733,28.580240650336908],[82.43413552424971,28.580467278681457],[82.43414139616667,28.581040322110937],[82.43404679552224,28.581323403968863],[82.43395763621822,28.5814371871586],[82.43380320170492,28.581549344030677],[82.43345394378156,28.58171326466418],[82.43325486786203,28.58188237518648],[82.43300795838019,28.58223922770857],[82.43308560998902,28.58254525565358],[82.43316832727686,28.582661728367253],[82.43330981497128,28.583007767968425],[82.43329974539104,28.583350806745653],[82.43331362266706,28.583619198130197],[82.43342091308952,28.58365864780803],[82.43359322766098,28.583643332164435],[82.43374728703316,28.583551430922125],[82.43410267326719,28.583175323486543],[82.43474373216266,28.582615726549093],[82.43496387894915,28.582448678847907],[82.4350965552437,28.582336709553797],[82.43541086477968,28.581902396972946],[82.43583259014756,28.581471461316394],[82.43609556547683,28.58130622702404],[82.43675006440081,28.581030775656405],[82.43703617398229,28.58082690562297],[82.43719348463644,28.58059965280022],[82.43728764775462,28.58033457569861],[82.43744402101665,28.580127578594887],[82.43790488407161,28.57984968813016],[82.43875014135926,28.579694023734426],[82.43894602807447,28.579622003669407],[82.43916579940797,28.579473024372767],[82.43941333381527,28.579116108263317],[82.43952325018053,28.579022456476523],[82.43965517544714,28.578948811592024],[82.44017662281846,28.57880564816935],[82.4404387853936,28.578676487042518],[82.44076991264089,28.57839765746953],[82.44092684875747,28.578190660682793],[82.44117037979481,28.577964720805234],[82.44143297995441,28.57781749261942],[82.441759415926,28.577710213025718],[82.4420004447611,28.577579051761372],[82.44224191233376,28.577432072386113],[82.44259586056145,28.57709435077756],[82.44266613944612,28.57690629671209]]]}},{"type":"Feature","properties":{"province":"Karnali Province","district":"Western Rukum","municipality":"Triveni Rural Municipality","ward":"6","wardNumber":6,"sourceMunicipality":"Tribeni","sourceType":"Gaunpalika"},"geometry":{"type":"Polygon","coordinates":[[[82.42750310814858,28.58553309166016],[82.42767717495002,28.585459008170652],[82.42848917184321,28.584960806070164],[82.42866617788624,28.584810013154282],[82.42884124423934,28.584717924749874],[82.42980917703676,28.584030792625672],[82.43025653768929,28.583466442373606],[82.43056772073922,28.583129221068525],[82.43074897869987,28.582827195844793],[82.43083820090389,28.582713413836178],[82.43066951382015,28.582577559805323],[82.43054296780686,28.582479654690204],[82.43031050705115,28.582303852021845],[82.42992780193426,28.582125108477427],[82.42903159399005,28.581782563675276],[82.42864970220826,28.581565435098327],[82.42794175031202,28.581437516899904],[82.42742849635557,28.581293971384703],[82.42691136394504,28.581285840232635],[82.42632564252249,28.581407120860707],[82.42567621045116,28.581490766086738],[82.4252236032269,28.581481884356183],[82.42490292130024,28.58139954607818],[82.42464876455648,28.5812239300923],[82.42437816625757,28.580874762846108],[82.42419528874531,28.580488585537573],[82.42405893058005,28.579950738848474],[82.4238775537401,28.579487789545748],[82.42373325247158,28.579256908019456],[82.42361427343897,28.578872293618634],[82.42351117404728,28.578715434310816],[82.42306913620594,28.57830487364255],[82.42224552051103,28.57769750101882],[82.42173345461032,28.577495250116158],[82.42147848527014,28.577355832985216],[82.42090045762814,28.577192655640758],[82.42064511211083,28.577071243002077],[82.42012948187076,28.57698408847403],[82.41942415715727,28.576761330088623],[82.41916993771144,28.576583463421734],[82.41879198652602,28.57623091993986],[82.41854001984932,28.57597859364097],[82.41834844893498,28.575897068173578],[82.41809466706749,28.575701196097874],[82.41786402033775,28.575466688589536],[82.41772009427828,28.57521542585105],[82.41744661890155,28.57498135480288],[82.41632276526057,28.57428914375624],[82.41613063177458,28.574209868694382],[82.41577162377432,28.573933847676447],[82.41551634225362,28.573814623255913],[82.41506704992375,28.573672640142423],[82.41493793834792,28.5736695138251],[82.4141020641756,28.573479638578092],[82.41386772678695,28.573398613201245],[82.41352484866266,28.573278075434942],[82.41237742435486,28.57258605119862],[82.41161651915083,28.571977929522223],[82.41111177195222,28.571507099720723],[82.41053943539666,28.57109559982526],[82.41022363244761,28.57080101100627],[82.40971613343982,28.570409141413293],[82.40939820296073,28.57019357555526],[82.40869519258348,28.569853408321283],[82.40792265434976,28.569665097006638],[82.40734487598569,28.569463533348713],[82.40696273469274,28.569226023798542],[82.4066469320148,28.56893143423118],[82.40643923108898,28.568640285163863],[82.40615544393839,28.567966272483023],[82.40576036366093,28.567424360013305],[82.40557116896704,28.56722773855848],[82.40535946578919,28.567071941189866],[82.40474136161914,28.566771473543508],[82.40429944953478,28.566360849586154],[82.40396564097144,28.5659536023918],[82.40384234721849,28.565720220239083],[82.40350966340591,28.56525658140341],[82.40313233896391,28.564847583628485],[82.40236674292944,28.564410949616903],[82.4016624182138,28.564109105504322],[82.40121656610597,28.56383164612084],[82.40102443275129,28.563752433420856],[82.40064235391053,28.563514923829786],[82.40060065086762,28.563456656457692],[82.40049411138763,28.563417143511458],[82.40024176902742,28.563180572280938],[82.40005219891113,28.56300645763888],[82.39992965524758,28.5627731378661],[82.3996795018349,28.562462044658357],[82.39921695725636,28.562031351981144],[82.39869595600894,28.561389097079648],[82.39837946424616,28.561135145370486],[82.39829537059103,28.561056996444503],[82.39808510661139,28.560860624893355],[82.39750795415989,28.56065668531764],[82.39699720242957,28.56039798026553],[82.3967448593243,28.560163660113385],[82.396536409381,28.559910771257137],[82.39631282946432,28.5594279405115],[82.39610550473209,28.559118722854375],[82.39574662254914,28.558842576816396],[82.39553235476193,28.558781620132507],[82.39456074029967,28.5587983676481],[82.39410794549693,28.55876916734607],[82.39359462915156,28.55860524107068],[82.39327294595662,28.5585408441517],[82.39269848386836,28.558242127504137],[82.39224931657509,28.558100081692256],[82.39166959996429,28.557990920762368],[82.39141037745809,28.558004860415608],[82.3904970936697,28.558235358504486],[82.39016903174779,28.558360580204816],[82.390016411623,28.55841628246453],[82.38964696006899,28.558503556022792],[82.38854072941317,28.558690915039957],[82.38808724700866,28.558700101542208],[82.38763194992087,28.558767992659917],[82.3867256098566,28.55874785480019],[82.38633439942251,28.558835377177317],[82.38581451599163,28.55890158097281],[82.38542655792303,28.55889201206181],[82.38484690383096,28.558785101715056],[82.38407624201109,28.558538022801628],[82.38375762348873,28.558360718181973],[82.38362926337877,28.558319079853682],[82.38305580079988,28.558000107234072],[82.38242106732145,28.557548469248186],[82.38210132314545,28.557425368667612],[82.3818458539853,28.557288076604067],[82.38165334455529,28.5572246190354],[82.38152423301854,28.557223679933895],[82.38114002824804,28.55706281695197],[82.38082284902978,28.556844938159845],[82.38050241721693,28.556724087491048],[82.38024794816022,28.556564226415116],[82.38014209650045,28.55648632812048],[82.37989837789303,28.556709954125022],[82.37978558384147,28.556880315566623],[82.37945376907757,28.557159019575554],[82.3791456517615,28.557344884607414],[82.3788138359569,28.557623651011372],[82.37816758627208,28.55833635603151],[82.37765776572834,28.558786171168634],[82.3772419194039,28.558986664567204],[82.37645649650914,28.55927668121342],[82.37632375864585,28.55938865046123],[82.3757316583808,28.559699237086328],[82.37553295733868,28.55984796643392],[82.37524359481962,28.560148740338274],[82.37506440063846,28.560373929891632],[82.37496967495859,28.560659262865396],[82.37482023660202,28.56134446297958],[82.37477371116891,28.56220240170449],[82.37478452317957,28.56258588976108],[82.37491856808919,28.56316218482793],[82.37490718447822,28.563563990716304],[82.3750020288282,28.564025564231745],[82.37502021430053,28.56488512949258],[82.37513975539389,28.56523141886918],[82.37536664994887,28.565581148814115],[82.37599437914162,28.566283296785176],[82.3765329488702,28.567058591786207],[82.37663079410622,28.567405069292622],[82.37661278127747,28.568034816640946],[82.37656451106845,28.568206803869337],[82.37613434306232,28.56888587486026],[82.37590393899796,28.569395897459266],[82.37580264558302,28.569911423400104],[82.37544550004164,28.571050067057893],[82.37521821618888,28.572191900594024],[82.37498599782586,28.572760628535065],[82.37466743556979,28.57332798004532],[82.37415948275957,28.574463622536776],[82.37410939931705,28.574692001863284],[82.37406037949064,28.574902375595777],[82.37460070755812,28.574876621664927],[82.37474932517951,28.574954083053882],[82.37509414153442,28.574982156673556],[82.37569305213006,28.575185909099954],[82.37620861978236,28.57527318825561],[82.37655562616514,28.575222301315556],[82.37698716289759,28.575231432341557],[82.37741682351921,28.57529933013766],[82.37767573381437,28.57530345838322],[82.37778377440969,28.575306835223476],[82.37789919547924,28.575041696052388],[82.37792670695043,28.574849514540585],[82.37761009817979,28.573848656307494],[82.377636234578,28.573697236980035],[82.37785706974839,28.573530251448993],[82.37827379044175,28.57328912178136],[82.37879742667293,28.5731100103258],[82.37914737233531,28.57294621575851],[82.37951795039135,28.572838749330902],[82.37995899396321,28.572504717037724],[82.38059135873446,28.572288471024617],[82.38122697634599,28.57197507148442],[82.38203059226598,28.57180215196606],[82.38228981461417,28.571788274588446],[82.38250408157924,28.57184923185779],[82.38322878862468,28.572191587988918],[82.38376467557042,28.572317003906416],[82.38397750491302,28.572416409935144],[82.38419214813669,28.57245929837553],[82.3846249981007,28.57243010568872],[82.38521490998787,28.57219391666389],[82.38580031818228,28.572093141286743],[82.38631951308508,28.572065262306012],[82.38686303158727,28.571942355311148],[82.38737322752283,28.571474596925352],[82.38761219340101,28.57142245829912],[82.38780726686717,28.5713888872014],[82.3880799288014,28.57166140690546],[82.38857042319268,28.571881975543608],[82.38882389215821,28.572059904397246],[82.3892657415143,28.572470591163924],[82.38943217640568,28.572685530156583],[82.38978161459319,28.573304714716954],[82.38992110071968,28.57370945988508],[82.39004364417855,28.573940591303792],[82.39010704224134,28.573998608942166],[82.39023402722205,28.574078570817907],[82.39038552098904,28.57408151020247],[82.39073290294009,28.574012492400605],[82.39090509178092,28.574035562979912],[82.39109647511782,28.574153224277474],[82.39124396690474,28.574289328014576],[82.39141040244364,28.5745042674355],[82.39153394643806,28.574717330599405],[82.39167411984305,28.57512207594822],[82.39172557246773,28.57558189824967],[82.39196722016761,28.5762157114949],[82.39221699757304,28.57654712321719],[82.39263996646675,28.576878973677328],[82.39284760381764,28.577170185522817],[82.3929071241528,28.577363617893493],[82.39290349633575,28.57747877652311],[82.39273480180756,28.578105522215807],[82.3927650590622,28.578563281925614],[82.39309636619154,28.57906755695184],[82.39324529620313,28.579167587506255],[82.39345599838568,28.5793437036201],[82.39348388634187,28.579133517003626],[82.39352890377745,28.579058620226636],[82.39355541546334,28.57888688280354],[82.39351297686983,28.57731904734644],[82.39360982927111,28.576957003676185],[82.3938184751245,28.576444917892008],[82.39420944268325,28.575612738981146],[82.39430047867219,28.57544256449604],[82.39445716457938,28.575255948882567],[82.39500762507706,28.57488471856391],[82.39520770257712,28.574697728329827],[82.39611211154488,28.574027163436078],[82.39657072293359,28.57386449413165],[82.39671902764627,28.57396452427569],[82.39682343994515,28.574080746941448],[82.39739552654204,28.574474241572602],[82.39778417291603,28.5744838094413],[82.39836457660267,28.574590657833237],[82.39862630078817,28.574520264174367],[82.39875503681223,28.574541458839843],[82.3992897987905,28.57472326687731],[82.39978098122545,28.57494383471085],[82.4001678133413,28.57500979525481],[82.40061591724384,28.575210482410046],[82.40095460440543,28.575446178886907],[82.40110428498492,28.57550557263688],[82.40152844187647,28.57578322030846],[82.40175714968429,28.576112568599328],[82.40190213926722,28.576345762798525],[82.40202831055058,28.57646179806507],[82.40230635114273,28.576562704767742],[82.40297203781311,28.57669118524912],[82.40356475650727,28.57714313497396],[82.40368792487499,28.577374265855582],[82.40383010000058,28.57768417034353],[82.40388874523447,28.57791373874767],[82.4039170003074,28.5784504583174],[82.40399240009556,28.578833384666577],[82.40415627091734,28.579142976027484],[82.4044705108561,28.57951202507263],[82.40463619532204,28.57976528764082],[82.40471378414354,28.58007131533759],[82.40470903066462,28.58024292826458],[82.40461837003109,28.58039503459491],[82.40444317854443,28.58048712329858],[82.40426917558224,28.580520507001484],[82.40392260685834,28.58055345146806],[82.40288671847335,28.580512243930546],[82.40221258841785,28.58067040987521],[82.40205852970625,28.580762310769863],[82.40192541551242,28.58089453630648],[82.40189640273302,28.58116111459002],[82.40204108007853,28.581374052800783],[82.4025083778647,28.581669268031483],[82.40271970503072,28.58184532165004],[82.40326359085148,28.582469258366554],[82.40334511993703,28.582642060450695],[82.40351224336256,28.582857061607527],[82.40368186771163,28.58297484811652],[82.4038526815688,28.583036304296627],[82.40408651871998,28.583173784775386],[82.40433810970892,28.58344642924512],[82.404439583189,28.58367781006381],[82.40445702633366,28.583831042445077],[82.404452647586,28.583984524816533],[82.40433372495458,28.58436257232501],[82.40432640687504,28.58463121380849],[82.40440837339186,28.584786072420957],[82.40453554533542,28.58488404025563],[82.40481327338105,28.585005327217516],[82.4049423849504,28.585006141304184],[82.40513495646546,28.585067347850188],[82.40534772281708,28.58520732892851],[82.40547251765491,28.58536168702991],[82.40559393594576,28.5856515234953],[82.40569866138881,28.585785813277578],[82.40584915516438,28.585809071104322],[82.40600402673921,28.585678847213167],[82.4063992402419,28.585458159709237],[82.4069475114818,28.585163640123362],[82.4074707722944,28.585002472194354],[82.40773105825363,28.584968214275758],[82.40805993354901,28.58480235533594],[82.4083869942152,28.584695138906927],[82.40878120753338,28.584492457218772],[82.40897734434994,28.584440756353956],[82.40988312142362,28.584496779263006],[82.41007782009561,28.584481213267598],[82.41040488102313,28.58437405957296],[82.41076164374479,28.583998014726845],[82.41131460623029,28.583531944009717],[82.41137919245104,28.58353350807594],[82.41150755351846,28.58357502098341],[82.41183167522034,28.58358065045206],[82.41223738785541,28.583761518398706],[82.41265729153056,28.5841903354551],[82.41293245584158,28.584406401276393],[82.41386761703161,28.584703495501667],[82.41389593950895,28.584712185629012],[82.41415040877654,28.58486979579278],[82.41459257148766,28.585241971308477],[82.41522874409718,28.585637029738624],[82.41567666118429,28.585819586849293],[82.41612807998143,28.585884859337696],[82.41677075693845,28.58605185043349],[82.41779276155255,28.58653081107712],[82.41798539604697,28.5865920184185],[82.41836766300138,28.586791079654994],[82.41887972834961,28.58699333054695],[82.41913688734871,28.5870537873739],[82.41933058482972,28.587058539974837],[82.41954741663224,28.58702465713769],[82.41974073892679,28.587047477420516],[82.41987128806942,28.587010030528646],[82.42032433370686,28.58700071792256],[82.42084403001493,28.58691407214997],[82.42162632576503,28.58672083365088],[82.42201547269941,28.586669383681524],[82.42260300714038,28.586489460004085],[82.42299140391697,28.58647858523126],[82.42355186392665,28.586470461935658],[82.42407218521771,28.586383753121652],[82.42450816354825,28.58620089009725],[82.42494226577132,28.586115180527514],[82.42572856411263,28.585748079038865],[82.42623407043872,28.585413234192167],[82.42630078293615,28.58533815047886],[82.42647522396852,28.585284385682815],[82.42673382198984,28.58527032118413],[82.42699022959586,28.585371477510037],[82.42741932736402,28.58543700007421],[82.42750310814858,28.58553309166016]]]}},{"type":"Feature","properties":{"province":"Karnali Province","district":"Western Rukum","municipality":"Triveni Rural Municipality","ward":"7","wardNumber":7,"sourceMunicipality":"Tribeni","sourceType":"Gaunpalika"},"geometry":{"type":"Polygon","coordinates":[[[82.43319653440764,28.594765094447933],[82.43354860661516,28.594522151275076],[82.4336820955355,28.594371732971172],[82.43384097099464,28.594070020223473],[82.43393744828485,28.593689909635607],[82.43391769930018,28.59284847433267],[82.4337834668051,28.59223610668401],[82.43382423535378,28.591899508194974],[82.43383924224314,28.591777472182947],[82.4335328277369,28.590397502200123],[82.43310398720368,28.589551375548293],[82.43291610621019,28.589318680872974],[82.4323494613857,28.588771828352332],[82.43186378258856,28.58840015317633],[82.43107698984281,28.588024849466464],[82.430627697147,28.587882929494207],[82.42992399871463,28.58760152950259],[82.42903491924015,28.58703104294122],[82.42884234755198,28.586969835592516],[82.42827094904214,28.5865967845764],[82.42807881481748,28.58651757264087],[82.42776107309814,28.586320137241295],[82.42753073877344,28.586067560883983],[82.42744977247331,28.58589469754311],[82.42741063374883,28.58574165197361],[82.42750310814858,28.58553309166016],[82.42741932736402,28.58543700007421],[82.42699022959586,28.585371477510037],[82.42673382198984,28.58527032118413],[82.42647522396852,28.585284385682815],[82.42630078293615,28.58533815047886],[82.42623407043872,28.585413234192167],[82.42572856411263,28.585748079038865],[82.42494226577132,28.586115180527514],[82.42450816354825,28.58620089009725],[82.42407218521771,28.586383753121652],[82.42355186392665,28.586470461935658],[82.42299140391697,28.58647858523126],[82.42260300714038,28.586489460004085],[82.42201547269941,28.586669383681524],[82.42162632576503,28.58672083365088],[82.42084403001493,28.58691407214997],[82.42032433370686,28.58700071792256],[82.41987128806942,28.587010030528646],[82.41974073892679,28.587047477420516],[82.41954741663224,28.58702465713769],[82.41933058482972,28.587058539974837],[82.41913688734871,28.5870537873739],[82.41887972834961,28.58699333054695],[82.41836766300138,28.586791079654994],[82.41798539604697,28.5865920184185],[82.41779276155255,28.58653081107712],[82.41677075693845,28.58605185043349],[82.41612807998143,28.585884859337696],[82.41567666118429,28.585819586849293],[82.41522874409718,28.585637029738624],[82.41459257148766,28.585241971308477],[82.41415040877654,28.58486979579278],[82.41389593950895,28.584712185629012],[82.41386761703161,28.584703495501667],[82.41293245584158,28.584406401276393],[82.41265729153056,28.5841903354551],[82.41223738785541,28.583761518398706],[82.41183167522034,28.58358065045206],[82.41150755351846,28.58357502098341],[82.41137919245104,28.58353350807594],[82.41131460623029,28.583531944009717],[82.41076164374479,28.583998014726845],[82.41040488102313,28.58437405957296],[82.41007782009561,28.584481213267598],[82.40988312142362,28.584496779263006],[82.40897734434994,28.584440756353956],[82.40878120753338,28.584492457218772],[82.4083869942152,28.584695138906927],[82.40805993354901,28.58480235533594],[82.40773105825363,28.584968214275758],[82.4074707722944,28.585002472194354],[82.4069475114818,28.585163640123362],[82.4063992402419,28.585458159709237],[82.40600402673921,28.585678847213167],[82.40584915516438,28.585809071104322],[82.40569866138881,28.585785813277578],[82.40559393594576,28.5856515234953],[82.40547251765491,28.58536168702991],[82.40534772281708,28.58520732892851],[82.40513495646546,28.585067347850188],[82.4049423849504,28.585006141304184],[82.40481327338105,28.585005327217516],[82.40453554533542,28.58488404025563],[82.40440837339186,28.584786072420957],[82.40432640687504,28.58463121380849],[82.40433372495458,28.58436257232501],[82.404452647586,28.583984524816533],[82.40445702633366,28.583831042445077],[82.404439583189,28.58367781006381],[82.40433810970892,28.58344642924512],[82.40408651871998,28.583173784775386],[82.4038526815688,28.583036304296627],[82.40368186771163,28.58297484811652],[82.40351224336256,28.582857061607527],[82.40334511993703,28.582642060450695],[82.40326359085148,28.582469258366554],[82.40271970503072,28.58184532165004],[82.4025083778647,28.581669268031483],[82.40204108007853,28.581374052800783],[82.40189640273302,28.58116111459002],[82.40192541551242,28.58089453630648],[82.40205852970625,28.580762310769863],[82.40221258841785,28.58067040987521],[82.40288671847335,28.580512243930546],[82.40392260685834,28.58055345146806],[82.40426917558224,28.580520507001484],[82.40444317854443,28.58048712329858],[82.40461837003109,28.58039503459491],[82.40470903066462,28.58024292826458],[82.40471378414354,28.58007131533759],[82.40463619532204,28.57976528764082],[82.4044705108561,28.57951202507263],[82.40415627091734,28.579142976027484],[82.40399240009556,28.578833384666577],[82.4039170003074,28.5784504583174],[82.40388874523447,28.57791373874767],[82.40383010000058,28.57768417034353],[82.40368792487499,28.577374265855582],[82.40356475650727,28.57714313497396],[82.40297203781311,28.57669118524912],[82.40230635114273,28.576562704767742],[82.40202831055058,28.57646179806507],[82.40190213926722,28.576345762798525],[82.40175714968429,28.576112568599328],[82.40152844187647,28.57578322030846],[82.40110428498492,28.57550557263688],[82.40095460440543,28.575446178886907],[82.40061591724384,28.575210482410046],[82.4001678133413,28.57500979525481],[82.39978098122545,28.57494383471085],[82.3992897987905,28.57472326687731],[82.39875503681223,28.574541458839843],[82.39862630078817,28.574520264174367],[82.39836457660267,28.574590657833237],[82.39778417291603,28.5744838094413],[82.39739552654204,28.574474241572602],[82.39682343994515,28.574080746941448],[82.39671902764627,28.57396452427569],[82.39657072293359,28.57386449413165],[82.39611211154488,28.574027163436078],[82.39520770257712,28.574697728329827],[82.39500762507706,28.57488471856391],[82.39445716457938,28.575255948882567],[82.39430047867219,28.57544256449604],[82.39420944268325,28.575612738981146],[82.3938184751245,28.576444917892008],[82.39360982927111,28.576957003676185],[82.39351297686983,28.57731904734644],[82.39355541546334,28.57888688280354],[82.39352890377745,28.579058620226636],[82.39348388634187,28.579133517003626],[82.39345599838568,28.5793437036201],[82.39324529620313,28.579167587506255],[82.39309636619154,28.57906755695184],[82.3927650590622,28.578563281925614],[82.39273480180756,28.578105522215807],[82.39290349633575,28.57747877652311],[82.3929071241528,28.577363617893493],[82.39284760381764,28.577170185522817],[82.39263996646675,28.576878973677328],[82.39221699757304,28.57654712321719],[82.39196722016761,28.5762157114949],[82.39172557246773,28.57558189824967],[82.39167411984305,28.57512207594822],[82.39153394643806,28.574717330599405],[82.39141040244364,28.5745042674355],[82.39124396690474,28.574289328014576],[82.39109647511782,28.574153224277474],[82.39090509178092,28.574035562979912],[82.39073290294009,28.574012492400605],[82.39038552098904,28.57408151020247],[82.39023402722205,28.574078570817907],[82.39010704224134,28.573998608942166],[82.39004364417855,28.573940591303792],[82.38992110071968,28.57370945988508],[82.38978161459319,28.573304714716954],[82.38943217640568,28.572685530156583],[82.3892657415143,28.572470591163924],[82.38882389215821,28.572059904397246],[82.38857042319268,28.571881975543608],[82.3880799288014,28.57166140690546],[82.38780726686717,28.5713888872014],[82.38761219340101,28.57142245829912],[82.38737322752283,28.571474596925352],[82.38686303158727,28.571942355311148],[82.38631951308508,28.572065262306012],[82.38580031818228,28.572093141286743],[82.38521490998787,28.57219391666389],[82.3846249981007,28.57243010568872],[82.38419214813669,28.57245929837553],[82.38397750491302,28.572416409935144],[82.38376467557042,28.572317003906416],[82.38322878862468,28.572191587988918],[82.38250408157924,28.57184923185779],[82.38228981461417,28.571788274588446],[82.38203059226598,28.57180215196606],[82.38122697634599,28.57197507148442],[82.38059135873446,28.572288471024617],[82.37995899396321,28.572504717037724],[82.37951795039135,28.572838749330902],[82.37914737233531,28.57294621575851],[82.37879742667293,28.5731100103258],[82.37827379044175,28.57328912178136],[82.37785706974839,28.573530251448993],[82.377636234578,28.573697236980035],[82.37761009817979,28.573848656307494],[82.37792670695043,28.574849514540585],[82.37789919547924,28.575041696052388],[82.37778377440969,28.575306835223476],[82.37802055031311,28.575331531833132],[82.37819236499051,28.575372670291475],[82.37855743825881,28.57543662913491],[82.37872825196743,28.575498086501188],[82.3792147440168,28.575851881291243],[82.37938555777323,28.57591333875876],[82.38035672779684,28.576679695614118],[82.38129507600024,28.57708307166715],[82.38161231755258,28.577298699420133],[82.38186835034819,28.577420237662686],[82.38221085312992,28.57752276973592],[82.38272911039579,28.577515209441174],[82.38298714476119,28.577557724002073],[82.38332839617941,28.577698643325856],[82.3835386607984,28.577895077212634],[82.38359486722436,28.578183349773052],[82.38353890349619,28.578639733346247],[82.38339234303682,28.579209837408502],[82.38333450342375,28.579724924997297],[82.38305045140649,28.58058079987168],[82.38301436995584,28.58109563803328],[82.38321068710982,28.58178634258855],[82.38324281937649,28.58218996121356],[82.38320605076471,28.58270479926941],[82.38327507085741,28.583335922551125],[82.38339461195397,28.58368215009699],[82.38350008784815,28.58378036714696],[82.3837586223209,28.583804814127944],[82.38468572070383,28.583881093778178],[82.38536766088755,28.58422163669805],[82.38588254057039,28.584347239260875],[82.38666108347273,28.58430542058631],[82.3870095280204,28.58421608459112],[82.38727206461185,28.584107367285636],[82.38757962042371,28.58392375309679],[82.38797877327436,28.583567588947417],[82.38832628019871,28.583498633964343],[82.38849627970735,28.58359841520602],[82.3888532855593,28.58396708857672],[82.38900165251341,28.58406705666117],[82.38934565712636,28.584131327777204],[82.38995382420563,28.584009922340858],[82.39012601362357,28.584032930260847],[82.39031564527545,28.58420929612283],[82.39051640277532,28.584748830257816],[82.39091073254089,28.58532919152463],[82.3910955493986,28.585677045486037],[82.39140766192074,28.586084542337034],[82.39244147917722,28.586985502195823],[82.39254783128636,28.587045333229927],[82.39273302329512,28.58737286791452],[82.39292077884389,28.587605625152364],[82.393146671649,28.588011746007428],[82.39321006988229,28.58807201421547],[82.3934155810731,28.588437686169627],[82.39355700569678,28.588785976787534],[82.39366066858078,28.588940647724698],[82.39372156514138,28.589095693668757],[82.39412089128862,28.590249160938814],[82.39423636672946,28.59076693840496],[82.3942509326897,28.59099688161014],[82.39416551818852,28.591740224257535],[82.39412412565328,28.591898582187792],[82.3939713757568,28.592482315235614],[82.39391509228248,28.593685606036154],[82.39380042246728,28.593912421343916],[82.39366630801071,28.59406277695939],[82.39335831495008,28.594266834350222],[82.39270744421333,28.594347916048772],[82.39251305887349,28.594343100664478],[82.39225633796805,28.594262200149036],[82.3917461499887,28.59396517148152],[82.39121864328403,28.593514784498417],[82.39096148493198,28.59345195161178],[82.39080598730973,28.593582176086844],[82.3907591559242,28.593715777524583],[82.39077434745741,28.59394578327851],[82.39081160882553,28.594155282187202],[82.39089213722791,28.594348465005954],[82.39109151942965,28.594926385899154],[82.39125463925173,28.595274426660502],[82.39135942753242,28.59537039333059],[82.39168104777865,28.595473113331476],[82.39193920715402,28.59551787804133],[82.39246071656233,28.595413227061314],[82.39289225307252,28.595422357619007],[82.39332266512659,28.595487880528967],[82.3936653553312,28.595590350584633],[82.39409138784855,28.59580941830136],[82.39432384804793,28.595987534671778],[82.39505592765452,28.596823847923137],[82.39530539318092,28.59717332799839],[82.3960661732288,28.597761193270095],[82.39638591668435,28.597920367615952],[82.39664370087553,28.597983138387587],[82.39733127081584,28.598111431660246],[82.39767658789253,28.598119185753795],[82.39819259349906,28.598226659135435],[82.39863675662096,28.598560573255895],[82.39892942629425,28.598891484927083],[82.39919702252712,28.59935581113958],[82.39934019831901,28.59964545967544],[82.39947980960574,28.600047891058473],[82.39970570312103,28.600454012592664],[82.39986707236196,28.600858506932934],[82.40001143631164,28.601091638979604],[82.40023438991949,28.601612856049744],[82.40031710763125,28.601729328979335],[82.40055100674445,28.60186680794857],[82.40091583011137,28.601951023479426],[82.40212347093177,28.602051374404382],[82.40237800287339,28.602211173825985],[82.40263046991994,28.602445494011178],[82.40271199959906,28.6026184209714],[82.40270980995437,28.602695193474304],[82.4028699912268,28.603156079476395],[82.40290518836649,28.603444540011704],[82.40298490402951,28.603673857104212],[82.40306830952684,28.603790330223962],[82.40351203480773,28.604182885713648],[82.4037686930048,28.604302110404728],[82.4039383805702,28.604419896162014],[82.40433940279564,28.604772253213916],[82.4044854548297,28.604985128620438],[82.40470471900134,28.60565751569936],[82.4049746916468,28.606063137044604],[82.40548050147775,28.606552096213857],[82.40614037113338,28.606946842647716],[82.40643479116541,28.60725974934027],[82.4065315731788,28.60766261809694],[82.4065051242003,28.60783210486829],[82.40656082936613,28.608179020237298],[82.40670406810295,28.608468668601212],[82.40678741084271,28.60858282742681],[82.40689332482424,28.608662977014493],[82.40716554909683,28.608991888299308],[82.4077638338836,28.609272224863613],[82.40836543320732,28.609417147644844],[82.40870843550499,28.609539936234597],[82.40931216278241,28.609608148291652],[82.4094862280885,28.60957470160194],[82.40968424120959,28.609464358732847],[82.40994346285125,28.609488743082526],[82.41043226948902,28.60980402650417],[82.41068836429271,28.609923250948146],[82.41111940037518,28.609988711107555],[82.41137543294194,28.61010787308459],[82.41152949236562,28.610016034237717],[82.4118802509381,28.60985217649143],[82.41214159908509,28.60979978858612],[82.41248754182746,28.60980522988925],[82.41326101842307,28.60999341620498],[82.41386712076088,28.610043497432084],[82.41464503918631,28.609942911756306],[82.41508039197798,28.609798435454437],[82.41586074929596,28.609641394431026],[82.41672413609372,28.609621020319775],[82.41724502067547,28.60951630599956],[82.41758964993112,28.609521747819798],[82.41810434257063,28.60962690722338],[82.41895647147919,28.61000608817522],[82.41947266565347,28.61007292342708],[82.41999261220344,28.60998846511095],[82.4209506626134,28.60964218330167],[82.42172657949058,28.609676949652087],[82.4226708706243,28.60982725080419],[82.42361803829647,28.6099030302856],[82.42379110357147,28.609887652259957],[82.42381361182031,28.609849077908326],[82.42384118728913,28.609620886742018],[82.42369894936053,28.609313232127484],[82.42356471725768,28.608698613947915],[82.4235771008419,28.608240478691176],[82.4236546347945,28.607783845400103],[82.42407987089854,28.60641644742419],[82.42426269278366,28.606037712500978],[82.4244048126877,28.605582705377053],[82.42456556476469,28.605222225058405],[82.42512772121297,28.60439267375399],[82.42531423374284,28.603860456512795],[82.42530335831324,28.60347921866954],[82.42516474823579,28.60301814548263],[82.42502038353835,28.6027849502268],[82.42489490094357,28.602630592124232],[82.42483469197022,28.602477796252124],[82.42443954889798,28.601953952252185],[82.42422815798783,28.601777899435156],[82.42372541213342,28.60123261013918],[82.42362350133727,28.601021547627013],[82.42373804589865,28.600794731344685],[82.42387153545981,28.600644375793454],[82.42429050879333,28.60028796203735],[82.42461913353871,28.60010403524816],[82.4254048075062,28.599775320089375],[82.42547152088899,28.59970017312616],[82.42555861656051,28.599663163182846],[82.42591406621995,28.599289368133604],[82.42633260220242,28.59895327249937],[82.42744902681255,28.598361607711485],[82.42789157200218,28.597950739858252],[82.42827103266292,28.59746159955326],[82.42864892848569,28.597046980614856],[82.42893510012753,28.596843110612365],[82.42919732466903,28.59671394950376],[82.42954589454133,28.59658622691404],[82.42997937145688,28.59650039226896],[82.43015199856858,28.596503082078222],[82.43109547617803,28.596691706932866],[82.43152269775564,28.596854132668888],[82.43178023225657,28.596896584596116],[82.43212486114449,28.59690196395664],[82.43229823944858,28.59686851799397],[82.43245167305197,28.596774366180323],[82.43254189588842,28.596642578375334],[82.43256659349699,28.59652948324871],[82.43252083228857,28.595841717827703],[82.4325527230745,28.59546004346094],[82.43284296149713,28.595082435550587],[82.43319653440764,28.594765094447933]]]}},{"type":"Feature","properties":{"province":"Karnali Province","district":"Western Rukum","municipality":"Triveni Rural Municipality","ward":"9","wardNumber":9,"sourceMunicipality":"Tribeni","sourceType":"Gaunpalika"},"geometry":{"type":"Polygon","coordinates":[[[82.3730549898078,28.619987979711553],[82.37330871604577,28.619439383604366],[82.37332372679415,28.618922481250276],[82.37341833522596,28.617892555205582],[82.3734684189565,28.617664175383716],[82.37405120754804,28.61695197149862],[82.37418394566627,28.61684006433665],[82.37442522514124,28.616711278233485],[82.3750912946783,28.616113295220405],[82.37535908500922,28.61581270960637],[82.37560755777449,28.615453668805742],[82.37558798864922,28.615377146057746],[82.37550433316173,28.61528099151655],[82.37488960539353,28.614865240318405],[82.37469665841702,28.614824414355514],[82.37458974451609,28.614764520779627],[82.3736877197609,28.61457283259716],[82.37347557838493,28.614435102688958],[82.37324493173656,28.614200469407336],[82.37318547357539,28.614009287772827],[82.37319216623503,28.6137790331276],[82.37347096449835,28.613097022222764],[82.37352286224504,28.612812188712557],[82.37347810185979,28.612124424702372],[82.37340126405851,28.611777696948398],[82.3734200279599,28.6111479499515],[82.37346942345872,28.61091957060925],[82.3736625651252,28.610236121737554],[82.37394136413609,28.60955411100026],[82.37405484695071,28.609383749504296],[82.37428537542239,28.60887141299439],[82.37448958082543,28.6085511957434],[82.37491224346411,28.608120447145403],[82.37579702135004,28.607432252329613],[82.37597221295943,28.60734022643645],[82.37634766941784,28.607061084813612],[82.37658919836566,28.606952555279374],[82.37676582885418,28.606822143515558],[82.37694064508977,28.60674818510464],[82.3770952048275,28.606638279074645],[82.37781772893211,28.606308250526585],[82.37795015483151,28.606216662211143],[82.37801836888413,28.606103129481316],[82.37802130888468,28.6059880325564],[82.37771576314768,28.605350343590487],[82.37760197507116,28.60481443498445],[82.3774225384439,28.604292780656518],[82.37729936935528,28.604061586849884],[82.37717126619849,28.603257349665228],[82.37717845860317,28.6030270947815],[82.37763826645467,28.602063439866626],[82.3778030206403,28.601608182416648],[82.37796051930103,28.601380929858202],[82.3779870309751,28.601209192359896],[82.37810170111935,28.600982376506245],[82.37818304962087,28.600410646966814],[82.37839607419107,28.599785715018985],[82.37855538643645,28.599502007891502],[82.37868812462457,28.59939010070876],[82.37920470058442,28.598712405510053],[82.37945573747926,28.598258586971063],[82.37959510530648,28.59791867582181],[82.37985933880597,28.597006597732467],[82.38010856187084,28.596609170084093],[82.37975749065137,28.596793284271936],[82.37956129140306,28.596847173837265],[82.37936396609149,28.596957516949637],[82.3789221711192,28.597291424170834],[82.37865819584056,28.59744077870481],[82.37825947991317,28.59779462873641],[82.3778834611735,28.598073708094823],[82.37753157656074,28.59829620856668],[82.3771826940896,28.59840354953916],[82.37666412401323,28.598392979750617],[82.3764037761827,28.598425049591086],[82.37571220399363,28.598429733375507],[82.3756262340607,28.59840803863979],[82.375192070046,28.59849593608322],[82.3748457517126,28.598506249173997],[82.37441534098532,28.598440663968514],[82.37409884918547,28.5981866499164],[82.37382693768734,28.59787349337485],[82.3738763963567,28.597647364054186],[82.37406103231947,28.597248311023083],[82.37464988790796,28.59632391966523],[82.37468665632811,28.59580914395508],[82.3746116944352,28.59540596166149],[82.37453204221877,28.595176581555638],[82.37420336263555,28.594577465227538],[82.37380671733672,28.594109887667344],[82.37344708501476,28.593833741773945],[82.37304681320921,28.59348125979643],[82.37287937695201,28.593286638792776],[82.37266948793366,28.593072136817803],[82.37218512499335,28.592443010914547],[82.37200049502027,28.592203438635266],[82.37163604855029,28.59189803431648],[82.37147505268366,28.591761929951115],[82.37108997547094,28.59124683872962],[82.37085602009375,28.590502306165945],[82.37079331220778,28.5901035632662],[82.370644260458,28.58970344417848],[82.37060287274585,28.58941723523012],[82.37060738459202,28.588388245970965],[82.3705461807231,28.58775931090281],[82.37054699576805,28.587529117846916],[82.3705908268031,28.587357192396226],[82.37057007061745,28.587185955065173],[82.37063609733892,28.5869573259442],[82.37063778902058,28.586596219563994],[82.37038219983047,28.585908391089287],[82.37025427954752,28.585661505117148],[82.37016837278662,28.585585607014774],[82.36939464827097,28.5851647272138],[82.36896517739794,28.584877951934644],[82.36864380943217,28.58459011549097],[82.36855759015877,28.584590989649772],[82.36838696661438,28.584247512266238],[82.36787290413898,28.583636641864565],[82.36761643761146,28.583178943108564],[82.36703828911979,28.582510054340567],[82.36682321028262,28.58233850276474],[82.36671679764989,28.582165826139327],[82.36652391439227,28.581975955974116],[82.36630927379203,28.581689307519202],[82.3660952578775,28.58149737482448],[82.36594445169413,28.58140184582834],[82.36590187370327,28.58142035094972],[82.36557749928029,28.581687614338932],[82.36523168002958,28.58183778097806],[82.36432477096683,28.582426821838826],[82.36320184412831,28.58292102047718],[82.3631158110444,28.582939962216447],[82.36234133378827,28.5828032914063],[82.36173817009022,28.582764275540928],[82.36113463012043,28.582896622209375],[82.3607024648467,28.583086049522247],[82.36027124016587,28.583200954537123],[82.35966794965337,28.583256653408508],[82.35889184474284,28.583388561011656],[82.35861104969845,28.58351997231488],[82.3579631768142,28.58397547625909],[82.35755208118792,28.5843180741936],[82.3567102616644,28.58466048000809],[82.35643015568564,28.584697113553307],[82.35574089750531,28.584676977584262],[82.35539626715392,28.58471423577094],[82.35427597154705,28.584730044092446],[82.35298298439822,28.584821873235462],[82.35255169589242,28.58493671633534],[82.35218455578261,28.585163780152392],[82.35216279666079,28.585258807348154],[82.35179396569882,28.585754388117273],[82.35174957221605,28.585982704500644],[82.35148859351527,28.586515608678756],[82.35148683783811,28.58697368112479],[82.35152929049404,28.587050016341465],[82.35148527297186,28.587201622800215],[82.35152716079358,28.5874291270998],[82.35150421217783,28.587733966672147],[82.35148257822063,28.58779285873069],[82.35161056152332,28.588001421466714],[82.35175929985571,28.588536954401604],[82.35179792961785,28.58945047334535],[82.35194503981931,28.59021394871028],[82.3521139097971,28.59082375392096],[82.35231178621414,28.591898133527373],[82.35236605318954,28.592195533581513],[82.35287835839347,28.59341789657272],[82.35322173380517,28.593818391777017],[82.35321979112778,28.59422000928605],[82.3533895989105,28.594850196295173],[82.35358197925115,28.595249877638423],[82.35373190838365,28.595478570261065],[82.35379386172816,28.59622260222558],[82.35407089638385,28.596889987465506],[82.35409177771464,28.597119930364393],[82.35436931222382,28.59782570215275],[82.354387248648,28.598626562477033],[82.35449384816351,28.598912085051975],[82.35462026306283,28.599599037348145],[82.35448795619837,28.600399208460843],[82.35446412759156,28.601028955965788],[82.35450482480226,28.601658140698902],[82.35463224168161,28.60217360601235],[82.35460716308603,28.60291619885826],[82.35449755394855,28.603431786883267],[82.35430159927394,28.604002389697378],[82.35406287976191,28.604478652876757],[82.35388962434935,28.60472634923412],[82.35369354558989,28.60524049882544],[82.35364896156983,28.605699007710587],[82.35358293386747,28.605984028404205],[82.35358199386692,28.606211908631185],[82.35366733725556,28.606384835070703],[82.35368827918273,28.606671168597888],[82.35375180193904,28.606842031617372],[82.35385890303539,28.60701470825771],[82.35396543986641,28.607300230370058],[82.35413718943846,28.607530924645204],[82.35448037710792,28.607872715412643],[82.35463062066086,28.607970495392994],[82.35499713288036,28.607989440960772],[82.35510410944504,28.608103412783972],[82.3551021667222,28.608599871258477],[82.35523008516888,28.609000239520153],[82.3552509035614,28.60923018214838],[82.35520725883384,28.60951495310048],[82.3552273245079,28.610029229677494],[82.35537737770787,28.610316565045597],[82.35542007817637,28.610602711570802],[82.35535461386091,28.61083127842688],[82.35507275293077,28.611287597472547],[82.35498590565534,28.611536732652123],[82.35500471540998,28.612509081094046],[82.35491811785171,28.61273558373216],[82.35467958782644,28.61307874505693],[82.35465682330086,28.613593396634652],[82.35452639548873,28.61399413797542],[82.35441816656731,28.614128364145476],[82.35431018706403,28.614183566851104],[82.35366225421892,28.61435479996911],[82.35346805594259,28.61446951948279],[82.35325147170272,28.614735721080034],[82.35305664665977,28.6148482518498],[82.35292665684246,28.61517222123346],[82.35296935803241,28.615458368218892],[82.35355151434139,28.61544124276751],[82.3542420864411,28.615443373550278],[82.35510516197921,28.615348977539448],[82.3553636968913,28.615368986038458],[82.3561405524614,28.615275464598113],[82.35657208906156,28.615275655283043],[82.35691722007667,28.61522026683781],[82.35717619172857,28.615219955795634],[82.35795323620563,28.61499327044268],[82.35907522322962,28.614747332377974],[82.3596794513587,28.6146532465971],[82.36002514519467,28.6145414667896],[82.36045699585436,28.61446494810398],[82.3607159693332,28.614369859077584],[82.3618380185524,28.614126108776098],[82.36209730377354,28.6141054796555],[82.36252840281877,28.614125989003682],[82.36252802681113,28.614241022949532],[82.36254921859671,28.614545425431135],[82.362547777251,28.614926787181854],[82.36246011251133,28.615613676021592],[82.36232893311167,28.616147519091196],[82.3620031777783,28.616908989590435],[82.36185111626706,28.61736631067869],[82.36189306395352,28.617841949924703],[82.36189300098573,28.61793904164341],[82.36199991298132,28.618244819793407],[82.36219285766668,28.618529467246606],[82.36245132730522,28.618741218837634],[82.36307599628115,28.619141091214946],[82.36365683395888,28.619658747871384],[82.36484051774538,28.620863110682627],[82.36520571291895,28.621319747204637],[82.36542035225636,28.62170117381192],[82.3656997657531,28.622045901664737],[82.36589377483891,28.622217641293595],[82.3662815429907,28.622486722883036],[82.36649668509078,28.622658337939697],[82.36656127133158,28.622657650547534],[82.36697142606084,28.622583569261312],[82.36731680784823,28.62244922067558],[82.36751113259245,28.62229830223719],[82.36783663664384,28.62161135366728],[82.3679458070152,28.621154407767687],[82.3681191876055,28.620868325053966],[82.36822798121679,28.620582929423787],[82.36846582446906,28.620239768036296],[82.36863920349774,28.620050776245712],[82.3690279152563,28.619803144375865],[82.36941675024742,28.61961415396499],[82.36980521041258,28.61953807285799],[82.37097014717699,28.619598474558337],[82.37204136075377,28.619820047321994],[82.37212689180136,28.619904886123347],[82.37218447608248,28.619908825040746],[82.37275387670134,28.619943651845414],[82.3730549898078,28.619987979711553]]]}},{"type":"Feature","properties":{"province":"Karnali Province","district":"Western Rukum","municipality":"Triveni Rural Municipality","ward":"10","wardNumber":10,"sourceMunicipality":"Tribeni","sourceType":"Gaunpalika"},"geometry":{"type":"Polygon","coordinates":[[[82.38195242854896,28.623230375311714],[82.3821545068518,28.622986805799833],[82.38239260441397,28.622226209248808],[82.38249427243773,28.621692615516626],[82.38253798442634,28.62092951737508],[82.38285585867051,28.620400489001877],[82.38330171816665,28.61993335594685],[82.38338987711676,28.619878277383254],[82.38374795403656,28.61944590335904],[82.3840566343008,28.61924190817474],[82.38425689854684,28.61905485463307],[82.38443615619582,28.618829664947825],[82.38476772076386,28.618569029198408],[82.38521364326573,28.6180996445132],[82.38559660450579,28.617572180185846],[82.38595036521689,28.61729328796811],[82.38627498764556,28.617280912272165],[82.38671021467115,28.617174884679944],[82.38701608134645,28.617047724305568],[82.38747269137924,28.616961765339436],[82.38756084983604,28.616906749785915],[82.38801858563264,28.616762148216278],[82.38862762847364,28.616640804729006],[82.38880025644924,28.61664580808636],[82.38906141759713,28.61657316346284],[82.38966702010373,28.61658729678436],[82.38975480355143,28.616550287258775],[82.3900144013576,28.616554352393802],[82.39035996771996,28.61658017510717],[82.39070378405766,28.61666464027035],[82.39115307630391,28.616845071750898],[82.39145037335693,28.617042819880844],[82.39166614238411,28.61706545293609],[82.39183720543623,28.61714485270125],[82.39204822095533,28.61734128660827],[82.39279631122373,28.617681142395032],[82.39311355305273,28.617935031836282],[82.39321765344913,28.618071572861922],[82.39346180150733,28.618649056995366],[82.393690196377,28.618998723218738],[82.39390158707779,28.61917477680091],[82.39413548637977,28.61931231882393],[82.3946526172587,28.619399473771804],[82.39491002528126,28.619480311678398],[82.3950583933232,28.619580341921285],[82.39522220110425,28.61992613268376],[82.39528203405084,28.62009924673199],[82.39527246447973,28.62044234742557],[82.39531304111136,28.620559256508553],[82.39539682236739,28.620655410786334],[82.39554618945047,28.620735122663483],[82.39569712142925,28.620738062168112],[82.39604744238525,28.62059227219811],[82.39629009817281,28.620425099629372],[82.39642427417847,28.620274806691402],[82.39664485922661,28.620128015539372],[82.39717693917669,28.619660006989967],[82.39777035237503,28.619328976651172],[82.39812029785408,28.61920125451475],[82.39846586529093,28.619227014425064],[82.39863636613966,28.619308727738],[82.39897461519116,28.619600878494538],[82.39931843148823,28.619685280702477],[82.39957990484847,28.61963295463857],[82.40010504255062,28.619413144639246],[82.40045354915684,28.619326058875327],[82.40071683648952,28.619215090446776],[82.40132581656745,28.619093684620793],[82.40184544953337,28.619085999142538],[82.40227479728621,28.619207913272405],[82.40276147704688,28.61960003193209],[82.4030398926468,28.619721256736632],[82.40312623808614,28.61972263281105],[82.40321302023389,28.61970594149209],[82.40343347974924,28.61955696146899],[82.40379505911652,28.619009428899734],[82.40405765874641,28.61890064886505],[82.40431806937008,28.61886857932374],[82.40466363678672,28.618894338772815],[82.40492154563988,28.618957109284572],[82.40543604994056,28.61913904226338],[82.40560573698045,28.61925689048795],[82.40603295817563,28.61945551456949],[82.40637596104453,28.619578365698597],[82.4065460861016,28.619675833126095],[82.40706459399202,28.619724600953912],[82.40758797977739,28.619563495522762],[82.40832026151575,28.618910496770656],[82.40851608496945,28.618876926096853],[82.40920509308194,28.61900509406092],[82.409802752827,28.6192831800468],[82.41023347663155,28.61936902064443],[82.41060380380684,28.619281622582566],[82.4108667788405,28.619152524551424],[82.41115463902028,28.618928335688413],[82.4114150501765,28.61889632826027],[82.41184402200898,28.619038498907745],[82.41199676788212,28.61898279597875],[82.41206961037709,28.618697712688466],[82.4123152062133,28.618417632273164],[82.41262469953122,28.618175188334316],[82.41287298419908,28.617816084492457],[82.41283822367353,28.61751187020588],[82.41275556902075,28.61735701188809],[82.41212246195857,28.616770146902056],[82.41193357990076,28.616557770876483],[82.41168480341841,28.616170029968472],[82.41146585289981,28.61547732537562],[82.41117294138378,28.61432504703356],[82.4111773189154,28.6141738148623],[82.41101208016973,28.61309918618481],[82.41107010699824,28.612566092193966],[82.41114814139202,28.612091391313662],[82.41117715469193,28.611822562613817],[82.41115802305123,28.61172803461178],[82.4110321649855,28.61159168081364],[82.4110129711119,28.611494839747653],[82.41090924556194,28.611340231037108],[82.41085053845076,28.611110725509],[82.41094782857725,28.61073061461973],[82.41130834424816,28.610203337947468],[82.41137543294194,28.61010787308459],[82.41111940037518,28.609988711107555],[82.41068836429271,28.609923250948146],[82.41043226948902,28.60980402650417],[82.40994346285125,28.609488743082526],[82.40968424120959,28.609464358732847],[82.4094862280885,28.60957470160194],[82.40931216278241,28.609608148291652],[82.40870843550499,28.609539936234597],[82.40836543320732,28.609417147644844],[82.4077638338836,28.609272224863613],[82.40716554909683,28.608991888299308],[82.40689332482424,28.608662977014493],[82.40678741084271,28.60858282742681],[82.40670406810295,28.608468668601212],[82.40656082936613,28.608179020237298],[82.4065051242003,28.60783210486829],[82.4065315731788,28.60766261809694],[82.40643479116541,28.60725974934027],[82.40614037113338,28.606946842647716],[82.40548050147775,28.606552096213857],[82.4049746916468,28.606063137044604],[82.40470471900134,28.60565751569936],[82.4044854548297,28.604985128620438],[82.40433940279564,28.604772253213916],[82.4039383805702,28.604419896162014],[82.4037686930048,28.604302110404728],[82.40351203480773,28.604182885713648],[82.40306830952684,28.603790330223962],[82.40298490402951,28.603673857104212],[82.40290518836649,28.603444540011704],[82.4028699912268,28.603156079476395],[82.40270980995437,28.602695193474304],[82.40271199959906,28.6026184209714],[82.40263046991994,28.602445494011178],[82.40237800287339,28.602211173825985],[82.40212347093177,28.602051374404382],[82.40091583011137,28.601951023479426],[82.40055100674445,28.60186680794857],[82.40031710763125,28.601729328979335],[82.40023438991949,28.601612856049744],[82.40001143631164,28.601091638979604],[82.39986707236196,28.600858506932934],[82.39970570312103,28.600454012592664],[82.39947980960574,28.600047891058473],[82.39934019831901,28.59964545967544],[82.39919702252712,28.59935581113958],[82.39892942629425,28.598891484927083],[82.39863675662096,28.598560573255895],[82.39819259349906,28.598226659135435],[82.39767658789253,28.598119185753795],[82.39733127081584,28.598111431660246],[82.39664370087553,28.597983138387587],[82.39638591668435,28.597920367615952],[82.3960661732288,28.597761193270095],[82.39530539318092,28.59717332799839],[82.39505592765452,28.596823847923137],[82.39432384804793,28.595987534671778],[82.39409138784855,28.59580941830136],[82.3936653553312,28.595590350584633],[82.39332266512659,28.595487880528967],[82.39289225307252,28.595422357619007],[82.39246071656233,28.595413227061314],[82.39193920715402,28.59551787804133],[82.39168104777865,28.595473113331476],[82.39135942753242,28.59537039333059],[82.3912263136731,28.595502618938706],[82.39111746011014,28.5955376276564],[82.39072875135808,28.59553024811209],[82.39032047460346,28.595444219156526],[82.39010658184083,28.59536519499288],[82.38950273008825,28.595333055936873],[82.389069129179,28.595362310350044],[82.38858969800799,28.59550484879316],[82.38815628461948,28.595554422269874],[82.38781215569173,28.595488025659538],[82.38753511531286,28.595368988166303],[82.38702061126564,28.59522525480711],[82.38667573105553,28.59519730636129],[82.3861542218104,28.595301895233806],[82.38563089882652,28.595462938719212],[82.38539999856685,28.595546524043378],[82.38522043218386,28.59545362043351],[82.38470192484188,28.595443113229642],[82.3846148295592,28.595480123705084],[82.38434828875008,28.59572425559494],[82.38399577957316,28.595944505245367],[82.38356242818797,28.595994079088804],[82.38347470716548,28.596031026300675],[82.3828694178744,28.596037211049527],[82.38183884511353,28.59582432846753],[82.3816655925972,28.595821638301814],[82.38092456165346,28.596052575727644],[82.38022023006287,28.596497513463774],[82.38010856187084,28.596609170084093],[82.37985933880597,28.597006597732467],[82.37959510530648,28.59791867582181],[82.37945573747926,28.598258586971063],[82.37920470058442,28.598712405510053],[82.37868812462457,28.59939010070876],[82.37855538643645,28.599502007891502],[82.37839607419107,28.599785715018985],[82.37818304962087,28.600410646966814],[82.37810170111935,28.600982376506245],[82.3779870309751,28.601209192359896],[82.37796051930103,28.601380929858202],[82.3778030206403,28.601608182416648],[82.37763826645467,28.602063439866626],[82.37717845860317,28.6030270947815],[82.37717126619849,28.603257349665228],[82.37729936935528,28.604061586849884],[82.3774225384439,28.604292780656518],[82.37760197507116,28.60481443498445],[82.37771576314768,28.605350343590487],[82.37802130888468,28.6059880325564],[82.37801836888413,28.606103129481316],[82.37795015483151,28.606216662211143],[82.37781772893211,28.606308250526585],[82.3770952048275,28.606638279074645],[82.37694064508977,28.60674818510464],[82.37676582885418,28.606822143515558],[82.37658919836566,28.606952555279374],[82.37634766941784,28.607061084813612],[82.37597221295943,28.60734022643645],[82.37579702135004,28.607432252329613],[82.37491224346411,28.608120447145403],[82.37448958082543,28.6085511957434],[82.37428537542239,28.60887141299439],[82.37405484695071,28.609383749504296],[82.37394136413609,28.60955411100026],[82.3736625651252,28.610236121737554],[82.37346942345872,28.61091957060925],[82.3734200279599,28.6111479499515],[82.37340126405851,28.611777696948398],[82.37347810185979,28.612124424702372],[82.37352286224504,28.612812188712557],[82.37347096449835,28.613097022222764],[82.37319216623503,28.6137790331276],[82.37318547357539,28.614009287772827],[82.37324493173656,28.614200469407336],[82.37347557838493,28.614435102688958],[82.3736877197609,28.61457283259716],[82.37458974451609,28.614764520779627],[82.37469665841702,28.614824414355514],[82.37488960539353,28.614865240318405],[82.37550433316173,28.61528099151655],[82.37558798864922,28.615377146057746],[82.37560755777449,28.615453668805742],[82.37535908500922,28.61581270960637],[82.3750912946783,28.616113295220405],[82.37442522514124,28.616711278233485],[82.37418394566627,28.61684006433665],[82.37405120754804,28.61695197149862],[82.3734684189565,28.617664175383716],[82.37341833522596,28.617892555205582],[82.37332372679415,28.618922481250276],[82.37330871604577,28.619439383604366],[82.3730549898078,28.619987979711553],[82.37350403239472,28.620150405627736],[82.37365196192104,28.620268504187063],[82.37369285061084,28.620365158226576],[82.37372692364463,28.620671686059815],[82.37364913956746,28.621128257188957],[82.37332138260554,28.62198000459627],[82.37333832479453,28.62215361770981],[82.37341922812216,28.622326544388248],[82.37363136942945,28.62246427378445],[82.37393567149971,28.622413824271238],[82.37410579735807,28.622513604295538],[82.37496317979755,28.622759933263847],[82.37548181183438,28.62277044056596],[82.37582500271753,28.62285496777457],[82.37599544137163,28.622934367311917],[82.37633963298266,28.622998638818224],[82.3764241634391,28.623058720101472],[82.37702732694846,28.62312705727742],[82.37711473534567,28.623110366009875],[82.37726823108162,28.623018527539063],[82.37742279047515,28.62290637021597],[82.37753489687839,28.622774395439265],[82.37764775324472,28.622606221655744],[82.37779037350654,28.62216928225862],[82.37794749711534,28.621962347295145],[82.378406796763,28.621781673154334],[82.37892655580718,28.62173353750939],[82.3793549023922,28.621875833344827],[82.37978143643936,28.622076832352718],[82.38016182590329,28.622370797236876],[82.38068507971305,28.622974728509572],[82.38081350247455,28.623016241341148],[82.38108841661321,28.623212050878767],[82.38151857724782,28.623297891917247],[82.38169120491087,28.623300644680015],[82.38195242854896,28.623230375311714]]]}},{"type":"Feature","properties":{"province":"Karnali Province","district":"Western Rukum","municipality":"Triveni Rural Municipality","ward":"8","wardNumber":8,"sourceMunicipality":"Tribeni","sourceType":"Gaunpalika"},"geometry":{"type":"Polygon","coordinates":[[[82.38010856187084,28.596609170084093],[82.38022023006287,28.596497513463774],[82.38092456165346,28.596052575727644],[82.3816655925972,28.595821638301814],[82.38183884511353,28.59582432846753],[82.3828694178744,28.596037211049527],[82.38347470716548,28.596031026300675],[82.38356242818797,28.595994079088804],[82.38399577957316,28.595944505245367],[82.38434828875008,28.59572425559494],[82.3846148295592,28.595480123705084],[82.38470192484188,28.595443113229642],[82.38522043218386,28.59545362043351],[82.38539999856685,28.595546524043378],[82.38563089882652,28.595462938719212],[82.3861542218104,28.595301895233806],[82.38667573105553,28.59519730636129],[82.38702061126564,28.59522525480711],[82.38753511531286,28.595368988166303],[82.38781215569173,28.595488025659538],[82.38815628461948,28.595554422269874],[82.38858969800799,28.59550484879316],[82.389069129179,28.595362310350044],[82.38950273008825,28.595333055936873],[82.39010658184083,28.59536519499288],[82.39032047460346,28.595444219156526],[82.39072875135808,28.59553024811209],[82.39111746011014,28.5955376276564],[82.3912263136731,28.595502618938706],[82.39135942753242,28.59537039333059],[82.39125463925173,28.595274426660502],[82.39109151942965,28.594926385899154],[82.39089213722791,28.594348465005954],[82.39081160882553,28.594155282187202],[82.39077434745741,28.59394578327851],[82.3907591559242,28.593715777524583],[82.39080598730973,28.593582176086844],[82.39096148493198,28.59345195161178],[82.39121864328403,28.593514784498417],[82.3917461499887,28.59396517148152],[82.39225633796805,28.594262200149036],[82.39251305887349,28.594343100664478],[82.39270744421333,28.594347916048772],[82.39335831495008,28.594266834350222],[82.39366630801071,28.59406277695939],[82.39380042246728,28.593912421343916],[82.39391509228248,28.593685606036154],[82.3939713757568,28.592482315235614],[82.39412412565328,28.591898582187792],[82.39416551818852,28.591740224257535],[82.3942509326897,28.59099688161014],[82.39423636672946,28.59076693840496],[82.39412089128862,28.590249160938814],[82.39372156514138,28.589095693668757],[82.39366066858078,28.588940647724698],[82.39355700569678,28.588785976787534],[82.3934155810731,28.588437686169627],[82.39321006988229,28.58807201421547],[82.393146671649,28.588011746007428],[82.39292077884389,28.587605625152364],[82.39273302329512,28.58737286791452],[82.39254783128636,28.587045333229927],[82.39244147917722,28.586985502195823],[82.39140766192074,28.586084542337034],[82.3910955493986,28.585677045486037],[82.39091073254089,28.58532919152463],[82.39051640277532,28.584748830257816],[82.39031564527545,28.58420929612283],[82.39012601362357,28.584032930260847],[82.38995382420563,28.584009922340858],[82.38934565712636,28.584131327777204],[82.38900165251341,28.58406705666117],[82.3888532855593,28.58396708857672],[82.38849627970735,28.58359841520602],[82.38832628019871,28.583498633964343],[82.38797877327436,28.583567588947417],[82.38757962042371,28.58392375309679],[82.38727206461185,28.584107367285636],[82.3870095280204,28.58421608459112],[82.38666108347273,28.58430542058631],[82.38588254057039,28.584347239260875],[82.38536766088755,28.58422163669805],[82.38468572070383,28.583881093778178],[82.3837586223209,28.583804814127944],[82.38350008784815,28.58378036714696],[82.38339461195397,28.58368215009699],[82.38327507085741,28.583335922551125],[82.38320605076471,28.58270479926941],[82.38324281937649,28.58218996121356],[82.38321068710982,28.58178634258855],[82.38301436995584,28.58109563803328],[82.38305045140649,28.58058079987168],[82.38333450342375,28.579724924997297],[82.38339234303682,28.579209837408502],[82.38353890349619,28.578639733346247],[82.38359486722436,28.578183349773052],[82.3835386607984,28.577895077212634],[82.38332839617941,28.577698643325856],[82.38298714476119,28.577557724002073],[82.38272911039579,28.577515209441174],[82.38221085312992,28.57752276973592],[82.38186835034819,28.577420237662686],[82.38161231755258,28.577298699420133],[82.38129507600024,28.57708307166715],[82.38035672779684,28.576679695614118],[82.37938555777323,28.57591333875876],[82.3792147440168,28.575851881291243],[82.37872825196743,28.575498086501188],[82.37855743825881,28.57543662913491],[82.37819236499051,28.575372670291475],[82.37802055031311,28.575331531833132],[82.37778377440969,28.575306835223476],[82.37767573381437,28.57530345838322],[82.37741682351921,28.57529933013766],[82.37698716289759,28.575231432341557],[82.37655562616514,28.575222301315556],[82.37620861978236,28.57527318825561],[82.37569305213006,28.575185909099954],[82.37509414153442,28.574982156673556],[82.37474932517951,28.574954083053882],[82.37460070755812,28.574876621664927],[82.37406037949064,28.574902375595777],[82.37383779321418,28.57512800234767],[82.37370311542018,28.575296363540183],[82.37332922348757,28.5755371186508],[82.37223874729429,28.575915971644562],[82.37218491416883,28.575902967232686],[82.37206499458203,28.575872582213606],[82.37135241027363,28.576258877302195],[82.37189580016306,28.576424868451486],[82.37206286215365,28.576594669613463],[82.37156560789582,28.57703060608953],[82.37117670893583,28.5772963684447],[82.37091692231046,28.57752468298096],[82.37048494419153,28.577772753112345],[82.36979280263907,28.578418312018552],[82.36968426018976,28.578570605938804],[82.36961898430991,28.578760785925816],[82.36948905935355,28.578895262351008],[82.369337938576,28.57897122088819],[82.36890514754546,28.579311817573043],[82.36832217481968,28.57969229977253],[82.36797648149826,28.579844717170065],[82.36763109886608,28.580071593078824],[82.36722037904255,28.580432258160602],[82.36683141770311,28.58069795866928],[82.3662255598116,28.58119372417978],[82.36594445169413,28.58140184582834],[82.3660952578775,28.58149737482448],[82.36630927379203,28.581689307519202],[82.36652391439227,28.581975955974116],[82.36671679764989,28.582165826139327],[82.36682321028262,28.58233850276474],[82.36703828911979,28.582510054340567],[82.36761643761146,28.583178943108564],[82.36787290413898,28.583636641864565],[82.36838696661438,28.584247512266238],[82.36855759015877,28.584590989649772],[82.36864380943217,28.58459011549097],[82.36896517739794,28.584877951934644],[82.36939464827097,28.5851647272138],[82.37016837278662,28.585585607014774],[82.37025427954752,28.585661505117148],[82.37038219983047,28.585908391089287],[82.37063778902058,28.586596219563994],[82.37063609733892,28.5869573259442],[82.37057007061745,28.587185955065173],[82.3705908268031,28.587357192396226],[82.37054699576805,28.587529117846916],[82.3705461807231,28.58775931090281],[82.37060738459202,28.588388245970965],[82.37060287274585,28.58941723523012],[82.370644260458,28.58970344417848],[82.37079331220778,28.5901035632662],[82.37085602009375,28.590502306165945],[82.37108997547094,28.59124683872962],[82.37147505268366,28.591761929951115],[82.37163604855029,28.59189803431648],[82.37200049502027,28.592203438635266],[82.37218512499335,28.592443010914547],[82.37266948793366,28.593072136817803],[82.37287937695201,28.593286638792776],[82.37304681320921,28.59348125979643],[82.37344708501476,28.593833741773945],[82.37380671733672,28.594109887667344],[82.37420336263555,28.594577465227538],[82.37453204221877,28.595176581555638],[82.3746116944352,28.59540596166149],[82.37468665632811,28.59580914395508],[82.37464988790796,28.59632391966523],[82.37406103231947,28.597248311023083],[82.3738763963567,28.597647364054186],[82.37382693768734,28.59787349337485],[82.37409884918547,28.5981866499164],[82.37441534098532,28.598440663968514],[82.3748457517126,28.598506249173997],[82.375192070046,28.59849593608322],[82.3756262340607,28.59840803863979],[82.37571220399363,28.598429733375507],[82.3764037761827,28.598425049591086],[82.37666412401323,28.598392979750617],[82.3771826940896,28.59840354953916],[82.37753157656074,28.59829620856668],[82.3778834611735,28.598073708094823],[82.37825947991317,28.59779462873641],[82.37865819584056,28.59744077870481],[82.3789221711192,28.597291424170834],[82.37936396609149,28.596957516949637],[82.37956129140306,28.596847173837265],[82.37975749065137,28.596793284271936],[82.38010856187084,28.596609170084093]]]}},{"type":"Feature","properties":{"province":"Karnali Province","district":"Western Rukum","municipality":"Triveni Rural Municipality","ward":"1","wardNumber":1,"sourceMunicipality":"Tribeni","sourceType":"Gaunpalika"},"geometry":{"type":"Polygon","coordinates":[[[82.49088842676535,28.5589242432085],[82.49089967641011,28.55887889129002],[82.49091199872296,28.558829215339983],[82.49083172768036,28.55779891293321],[82.4908524428139,28.557580169826423],[82.49089212224895,28.557171055343314],[82.49096463093248,28.556888684786145],[82.49152942803143,28.55586986560865],[82.49166185998794,28.55554197326667],[82.49169025925195,28.555472110929333],[82.49170914301493,28.555437432554683],[82.49202935046372,28.554851046032745],[82.49244531817273,28.55383222552446],[82.49275824524969,28.553324724709118],[82.4929872170037,28.55287064330965],[82.49319310789038,28.552359772239566],[82.49324512597552,28.55201848238799],[82.49318690418357,28.551227980879588],[82.49318185911946,28.551159480363243],[82.49317227180289,28.55113177079559],[82.49312461498099,28.55098563092122],[82.49310935347201,28.55069944451043],[82.49293665720712,28.55024614220114],[82.49292645978767,28.55021907660622],[82.49284618166413,28.55000788960519],[82.49281184336725,28.549938529091534],[82.49270485259808,28.549718776511593],[82.49266669234808,28.549547064553963],[82.49260056511461,28.549455393800386],[82.4924983694863,28.549312182543414],[82.49243261011492,28.549151552211853],[82.49235759162245,28.548967057205815],[82.4920904666176,28.548501525633068],[82.49205865849646,28.548473461219167],[82.492025450288,28.548441923522272],[82.49174864709448,28.54815047549102],[82.49171267320388,28.548112310154096],[82.49104104023914,28.547467431665268],[82.49099906368946,28.54739111558225],[82.49066324635167,28.547097294636547],[82.49045336199515,28.54688360779908],[82.49039414488229,28.546801516817343],[82.49028537550993,28.546649134896732],[82.4901373837217,28.54653116193641],[82.48965217498963,28.54625439877087],[82.48954512915911,28.546192937759642],[82.48951352612644,28.5461782655814],[82.489118380594,28.545991745431017],[82.48842558237098,28.545857461185886],[82.48834686701194,28.54584187413503],[82.48805073514835,28.54575254385703],[82.48766383801787,28.545635443075202],[82.48723774173729,28.545455074502236],[82.48712170694301,28.54541960850703],[82.48689674164626,28.545349623559797],[82.48613351984443,28.54495277277732],[82.48567329504013,28.544808961565636],[82.4852770128834,28.54468452182102],[82.48451172867446,28.544325098510377],[82.48410651451559,28.544086814134342],[82.48377134495561,28.543888142741245],[82.48374226328211,28.543881820860456],[82.48368373432027,28.54386708265363],[82.48319943094081,28.543454957969406],[82.48290282974133,28.54325786283038],[82.48275626063082,28.543159314040555],[82.48265828184901,28.543061341654013],[82.48252436988511,28.542925297661608],[82.48241225294383,28.542745631970593],[82.48223727287801,28.542461015104674],[82.48190145661115,28.542109957718683],[82.48158853797045,28.54170166343322],[82.48127712644798,28.54111740157449],[82.481217834533,28.541005787456843],[82.48084307289989,28.540520267470118],[82.48048865979774,28.540151185017454],[82.48034449723986,28.539938746571718],[82.4802922846208,28.539890715012202],[82.48015269631104,28.539760601131213],[82.4793697191231,28.539227626608092],[82.47873392157703,28.53885094946144],[82.47847863971944,28.538731849692052],[82.47779440260186,28.53858378019768],[82.47773739252848,28.538563398318832],[82.47711112932987,28.538338286783567],[82.47590692765407,28.53829276490145],[82.47547933067247,28.538186855194287],[82.47522367392703,28.53808588683629],[82.47492843927434,28.537849877848465],[82.47441993874142,28.537532718659765],[82.47419655952177,28.537472275694885],[82.47403645571562,28.537427892406264],[82.47389303325077,28.53741523726328],[82.47377751150142,28.53740436359685],[82.47351853882317,28.537436496203643],[82.4729523169974,28.537550252509753],[82.47291308491927,28.537558134509254],[82.47291268615733,28.537558214872515],[82.4728767253071,28.537571175337245],[82.47256436594996,28.537683748940566],[82.47251615436116,28.53769107055255],[82.4721321403393,28.537749390013804],[82.47187535642794,28.537704813219428],[82.4715787471226,28.537507127263265],[82.47141112352983,28.537351017895833],[82.4710142906846,28.53688375276338],[82.4707248125044,28.536419802270114],[82.47064512018784,28.53633912545443],[82.47047601735692,28.536164830591947],[82.47035161525356,28.536085091221793],[82.47032586163142,28.536068132926694],[82.47016149296374,28.535907096397985],[82.46994752579735,28.535697146625886],[82.46968985482148,28.535532079462396],[82.46920907165135,28.535222314665788],[82.46878166654837,28.53500099425748],[82.46863739377915,28.534955776636615],[82.46852562477696,28.534920533639088],[82.46783961843552,28.53479030279411],[82.46706983125011,28.534602367172983],[82.46630210754608,28.534335345128667],[82.46596229456875,28.5341562899717],[82.46568744253419,28.533958355064602],[82.46516331361154,28.533431509436284],[82.4645387736619,28.532616828205597],[82.46424971700858,28.532128974943],[82.46402298297996,28.53174606682951],[82.46311094010909,28.530486840575765],[82.4628819753153,28.530215915680035],[82.46288059289067,28.530214618412447],[82.46287979815983,28.530213672567072],[82.46277132140615,28.530111975603738],[82.46275604337762,28.530097624512784],[82.46275596634271,28.530097580318884],[82.46275362699015,28.530095386816985],[82.46258431426295,28.529995669149983],[82.46247802549844,28.529935901014653],[82.46239546370924,28.529879437278908],[82.4623935560642,28.52987813316607],[82.462053805774,28.529699015233593],[82.46192893664227,28.5296674583629],[82.46188215376957,28.529654982931604],[82.46173228054806,28.52962208619747],[82.46141162792007,28.529550279316105],[82.4614122813207,28.52955187793077],[82.46155311589165,28.529896257323728],[82.46161657615082,28.52995646324712],[82.46186135117745,28.530477367523144],[82.46193831468577,28.530821781417632],[82.46191679854756,28.53162301703602],[82.4618207583711,28.532021195923374],[82.46172809693132,28.53224782354325],[82.46145949255003,28.532643375872986],[82.46099725284806,28.53303417494473],[82.46005864513192,28.53352712491322],[82.45986038169607,28.533694047371622],[82.45957220840407,28.534013014310137],[82.45936775259025,28.534428134238105],[82.45913328300824,28.53516628714361],[82.4589580206176,28.536077490271023],[82.45897239118231,28.537167248274145],[82.45883177168052,28.53762231854783],[82.45854140904748,28.538015806997727],[82.4583430821793,28.538182604278784],[82.45759973690535,28.538623853323262],[82.45733194576077,28.538981018583886],[82.45730731043044,28.539094114583516],[82.45737207627137,28.539896600859773],[82.45722094990381,28.540753475613993],[82.4572544584445,28.541098390324233],[82.45731604321061,28.5412127993837],[82.45737018506921,28.541616105712496],[82.4574300808165,28.541789156743135],[82.45745377042638,28.542533625701065],[82.45739868274997,28.54299000892598],[82.45740530423605,28.54356305261018],[82.45751752826502,28.544195926652023],[82.45756873060449,28.544712078457785],[82.45776079456206,28.545574270463],[82.45756515018705,28.54648572408139],[82.4575698953761,28.547115221364855],[82.45766104845849,28.54774828295842],[82.45764878992864,28.54820416711302],[82.45757494642352,28.548548016948732],[82.45758450833657,28.54900596456298],[82.457683166741,28.549350128831247],[82.45811526004407,28.550105853819034],[82.45816152557312,28.55022051297067],[82.45839823489659,28.55079787149712],[82.4584816401586,28.55091421891658],[82.45856147958675,28.55114584983197],[82.45862312834386,28.551260259065035],[82.45870296717119,28.551491827618108],[82.45878574778362,28.551608237278383],[82.45886558824391,28.551837554770167],[82.45884469718428,28.552638852625492],[82.45874440499459,28.553152128016812],[82.458698699542,28.55326541110869],[82.45840771096171,28.55365889918761],[82.45807495772688,28.55399418225501],[82.45798229647151,28.554223123682124],[82.4578848807155,28.554621302759028],[82.45785492925602,28.554905948567164],[82.45778571511192,28.555075872867075],[82.45715202897003,28.556149996053996],[82.45686391710139,28.55643063865628],[82.45646976687186,28.55666958125124],[82.45554866511358,28.557338396071643],[82.45552334225083,28.557356651434237],[82.45527937394588,28.55759847016881],[82.45486077625743,28.55791656071974],[82.4545511568251,28.558215521010425],[82.45393786130604,28.558546989006235],[82.45348031214097,28.558730164045155],[82.45321721238476,28.55887739305943],[82.4529529857255,28.55908332655189],[82.45252882126825,28.55960910274015],[82.45232524171864,28.559949763642408],[82.4520024257667,28.56068654071019],[82.45194033343708,28.56137317938707],[82.45186930460886,28.56159949484772],[82.45110938539646,28.562559959116193],[82.45096920388347,28.562958574984712],[82.45094087903867,28.56318676651109],[82.45070153071815,28.564040015836262],[82.4506458182717,28.56449864948301],[82.45063293416925,28.56495459616611],[82.4506646297042,28.56535590204411],[82.45070345612217,28.565529264998563],[82.45061185660217,28.56569950189765],[82.45054301628376,28.56585142086643],[82.4503432523817,28.56605660507141],[82.45016311908618,28.56634056159499],[82.44980922645071,28.56742068871544],[82.44974001086841,28.567590675721437],[82.44965078842593,28.567704458673447],[82.44932166286735,28.567888510197427],[82.4488466720387,28.567918390687165],[82.44852073649824,28.568007601553415],[82.44838943640613,28.568081247512456],[82.44783515983066,28.568624152496557],[82.44754373438423,28.56903796006706],[82.44727832030628,28.569261961224655],[82.44714458053011,28.56943257224097],[82.44694562897305,28.569599432265374],[82.4465299711453,28.569820494293293],[82.44619978190437,28.570063188289744],[82.4458448958178,28.57041897724408],[82.4456586956976,28.57091287091343],[82.4455594662839,28.57136750431431],[82.44539921525032,28.571707602668504],[82.44515387100978,28.571990059145595],[82.44480542605449,28.572117905903674],[82.44467375048258,28.572209556934876],[82.44433918386642,28.572605733343938],[82.44420006681744,28.572945645131533],[82.44417073974668,28.573230352783952],[82.44416248346661,28.57351699940865],[82.44427871042751,28.573978323406067],[82.44424938404451,28.574262969667792],[82.44393476141465,28.57471528735927],[82.44375750611327,28.574884211119254],[82.44364189715256,28.575167480715976],[82.44358787307259,28.575567472924895],[82.44349627503868,28.57573758421175],[82.44340711538534,28.575851366887274],[82.44294375018181,28.576224160238265],[82.44283064305584,28.576412652343155],[82.44280425696488,28.57658439050741],[82.44275629975355,28.57677444606754],[82.44266613944612,28.57690629671209],[82.44301026869381,28.57693193125135],[82.44320283975445,28.576990824874343],[82.44352558636534,28.57699870531698],[82.44378230747847,28.577079480841274],[82.44410586556482,28.577085046930385],[82.44507848204456,28.576988900896207],[82.44560130589248,28.576807351563],[82.44585996670621,28.576793286735523],[82.44598870120537,28.576814481982066],[82.44676549309456,28.57679041818204],[82.44721591209944,28.57687588365865],[82.44766808131278,28.57690264462374],[82.44844706219716,28.576804059466355],[82.44896419413483,28.57681431644928],[82.4494193041649,28.57672591813239],[82.44987191103343,28.576734674336812],[82.45012938275407,28.576777001201116],[82.45084121267355,28.576771630240145],[82.45129557132921,28.576723931369315],[82.45181814505578,28.5765242522765],[82.45220754131446,28.576492995615133],[82.45233633943016,28.57651425237257],[82.45259168429799,28.57663328940724],[82.453058544352,28.576890055910308],[82.45369371670648,28.577302931440236],[82.45439478920427,28.577679047152465],[82.45464763198132,28.577892924351268],[82.45502358217281,28.578319865456372],[82.4553602057869,28.57863214694334],[82.45547500070903,28.578384887597817],[82.45554984368303,28.57815850952331],[82.45556679515687,28.577395660573114],[82.4557740020502,28.576942153592427],[82.45599627539234,28.57669833375206],[82.45639399172374,28.576344295455645],[82.4569421995548,28.576011201430795],[82.45720361150829,28.57592267778507],[82.45755030635317,28.57585353496919],[82.45833028686032,28.57573688158761],[82.45937393144803,28.57541635706461],[82.46006731909956,28.57527813414433],[82.46101598721337,28.575299459501814],[82.46170080625812,28.575465826290106],[82.46212702697528,28.57564850808249],[82.46240488032211,28.575729033859062],[82.46243082987388,28.57557761440806],[82.4624373336085,28.575349610176783],[82.46238206646585,28.575005008232907],[82.46243834112813,28.574546311466122],[82.46250930828332,28.574319870651973],[82.46273583423348,28.573924819018615],[82.46342560103632,28.573156911304295],[82.46417639004383,28.57250572542289],[82.46435539548904,28.572280347534807],[82.46460574382444,28.571808398948153],[82.46515745542528,28.571362396637475],[82.46528944413465,28.571250427415055],[82.46551052888904,28.57106524934539],[82.46599233748286,28.57078935938487],[82.46670635622856,28.57070934101165],[82.46741749805669,28.570703907501983],[82.46800278139634,28.570602819332816],[82.46884272257587,28.570620768099698],[82.46910225768454,28.57058863597799],[82.46955880541384,28.570464102350794],[82.47020542331533,28.570459356170975],[82.47082634257431,28.570626347037763],[82.47110025633249,28.570842224714745],[82.47137104237446,28.571191329149947],[82.47168840875163,28.57140677030006],[82.47296913577867,28.57187347887953],[82.47341999231215,28.571940751435697],[82.47413075936964,28.571955573749594],[82.47478019116069,28.57187405471995],[82.47549064623703,28.571909194833143],[82.47561838067297,28.5719507080545],[82.4763609054478,28.57240515992503],[82.47668158829704,28.572487435584268],[82.47739091644888,28.57257896798327],[82.47797301057096,28.572572657848106],[82.47884021381306,28.572344284408036],[82.47892730816972,28.57230952508802],[82.47899395876614,28.572234315893745],[82.47897432774701,28.572157793360375],[82.47862257539845,28.571633637197568],[82.47839005191128,28.571457958728097],[82.47785891737408,28.571179435566528],[82.47760569891248,28.570983626046388],[82.47735416906929,28.570729112371435],[82.47726926285388,28.570689412033804],[82.47720930493284,28.5705163612103],[82.47727858221695,28.57034637423893],[82.47741169599007,28.57017788776255],[82.47767667338186,28.56993581943905],[82.477902074037,28.569558835091193],[82.4781692402975,28.569242243823613],[82.47889014046977,28.568837254962798],[82.47915092534323,28.56874866828093],[82.47941340033043,28.56860137732558],[82.48028229209312,28.5683166120916],[82.48043603830787,28.56820439340961],[82.48063649078294,28.567963010787047],[82.48077310717164,28.567679490951033],[82.4807542266112,28.567564582783337],[82.480802308755,28.56739259497351],[82.48089434572049,28.567165966202563],[82.4810280845032,28.5669974801207],[82.48112124834806,28.566714460638554],[82.48113231765588,28.566314905809822],[82.48103522202918,28.565912099499986],[82.48109306231643,28.565340557331258],[82.48103310376698,28.565167505272072],[82.48086866907305,28.564878169437563],[82.48085153923373,28.564706868664384],[82.48085504161719,28.564591772934143],[82.48083622487505,28.564476926829858],[82.48088718320216,28.564192030276594],[82.48120499524735,28.563570287523337],[82.48132335622623,28.56317192154524],[82.48135086922036,28.56294366770293],[82.48162191256894,28.562455588294487],[82.48179948112322,28.562268597214995],[82.48212941924847,28.56200777371129],[82.48272039523793,28.561640294935632],[82.48377573769,28.56080511923057],[82.48427974187446,28.56047471342025],[82.48460498960476,28.5603854398857],[82.48576554981379,28.560487791155506],[82.48673885452413,28.56031912329753],[82.48725992695661,28.560160017522925],[82.48817408678443,28.559779912367908],[82.48869434548455,28.559656880170046],[82.48921654401646,28.559441258595623],[82.49015490050071,28.55896612540233],[82.49054360931208,28.558937057650507],[82.49088842676535,28.5589242432085]]]}},{"type":"Feature","properties":{"province":"Karnali Province","district":"Western Rukum","municipality":"Triveni Rural Municipality","ward":"2","wardNumber":2,"sourceMunicipality":"Tribeni","sourceType":"Gaunpalika"},"geometry":{"type":"Polygon","coordinates":[[[82.47826462034152,28.57916271985953],[82.47839592101256,28.579089136951826],[82.47846263412698,28.579016178100375],[82.47860237714626,28.5786355679754],[82.4786368944656,28.57817930886225],[82.4787077358046,28.577950742697258],[82.4787983968092,28.57780082394939],[82.47903842480507,28.57769216923012],[82.47923349845962,28.57765841014644],[82.47992325795911,28.577673482437806],[82.4802695755387,28.577622220032882],[82.48096546414732,28.57738903132022],[82.48118723775303,28.57716546714438],[82.481488544914,28.576408560108344],[82.48164535665114,28.576201499860307],[82.48186444029308,28.576054645819873],[82.48232061221638,28.575912044731364],[82.48258214964245,28.57578513472677],[82.48292752983525,28.57575425281239],[82.48318318767198,28.57585522231375],[82.48352275075389,28.57605234485831],[82.4836943770868,28.57607529012127],[82.48376071540626,28.57602039996843],[82.48387444719526,28.575793521484396],[82.48387807519148,28.575642289374763],[82.4839489164807,28.57541366047436],[82.48421939728145,28.574963905604513],[82.48431143438772,28.574737276534076],[82.48434319967835,28.574355539833586],[82.48460805866011,28.573294417374647],[82.48467940819765,28.57222860542456],[82.48481852636033,28.5718502452728],[82.48504392666746,28.57147319893318],[82.48528889648215,28.57117273730226],[82.4858140343117,28.570841956499383],[82.4861617914205,28.570716296742805],[82.48627058300038,28.570681287835143],[82.48651273768255,28.570495859721],[82.48686512321848,28.570198712415674],[82.48717148984221,28.569994467429108],[82.48756851762597,28.56964261691581],[82.48803432216772,28.569138847723877],[82.488232210693,28.56898999220719],[82.48842803455084,28.568917910120987],[82.48895198405835,28.568643646398176],[82.4899146008691,28.568073485346982],[82.49020033595582,28.56785148503832],[82.49072497303857,28.567538834701985],[82.491074168507,28.567374788911565],[82.49223617431952,28.566581251952062],[82.49272048538546,28.566172009956013],[82.49300965987152,28.565834912628162],[82.4931013208858,28.56562854050048],[82.49313089778448,28.565323638806404],[82.49322712418646,28.564945715465264],[82.4931942408299,28.56456247774684],[82.49324132211093,28.564410808651783],[82.49351524358383,28.563807571071358],[82.4940087486643,28.563055228497053],[82.49419488573291,28.562525199514962],[82.49422335664319,28.562261324001334],[82.49422364860884,28.562258621334347],[82.49407421777809,28.5622174205274],[82.4933020540126,28.562106319910427],[82.49301395509526,28.561892191842823],[82.49298713428023,28.56187215798084],[82.49298659468162,28.56187185595509],[82.49298493656607,28.5618706236147],[82.49266675650782,28.56169138132356],[82.4919876409025,28.56137137595197],[82.49173163307718,28.561250170553404],[82.49166817025974,28.561227569058783],[82.49145399375374,28.56114965064187],[82.4913069116898,28.561050611061674],[82.4910142044214,28.560757925051618],[82.49087301161539,28.560410684525127],[82.49080051005735,28.559838310878774],[82.49089973394723,28.55932699195989],[82.49088065364487,28.55926975492696],[82.49088789443054,28.558944101930432],[82.49088838097818,28.55892595035993],[82.49088842676535,28.5589242432085],[82.49054360931208,28.558937057650507],[82.49015490050071,28.55896612540233],[82.48921654401646,28.559441258595623],[82.48869434548455,28.559656880170046],[82.48817408678443,28.559779912367908],[82.48725992695661,28.560160017522925],[82.48673885452413,28.56031912329753],[82.48576554981379,28.560487791155506],[82.48460498960476,28.5603854398857],[82.48427974187446,28.56047471342025],[82.48377573769,28.56080511923057],[82.48272039523793,28.561640294935632],[82.48212941924847,28.56200777371129],[82.48179948112322,28.562268597214995],[82.48162191256894,28.562455588294487],[82.48135086922036,28.56294366770293],[82.48132335622623,28.56317192154524],[82.48120499524735,28.563570287523337],[82.48088718320216,28.564192030276594],[82.48083622487505,28.564476926829858],[82.48085504161719,28.564591772934143],[82.48085153923373,28.564706868664384],[82.48086866907305,28.564878169437563],[82.48103310376698,28.565167505272072],[82.48109306231643,28.565340557331258],[82.48103522202918,28.565912099499986],[82.48113231765588,28.566314905809822],[82.48112124834806,28.566714460638554],[82.4810280845032,28.5669974801207],[82.48089434572049,28.567165966202563],[82.480802308755,28.56739259497351],[82.4807542266112,28.567564582783337],[82.48077310717164,28.567679490951033],[82.48063649078294,28.567963010787047],[82.48043603830787,28.56820439340961],[82.48028229209312,28.5683166120916],[82.47941340033043,28.56860137732558],[82.47915092534323,28.56874866828093],[82.47889014046977,28.568837254962798],[82.4781692402975,28.569242243823613],[82.477902074037,28.569558835091193],[82.47767667338186,28.56993581943905],[82.47741169599007,28.57017788776255],[82.47727858221695,28.57034637423893],[82.47720930493284,28.5705163612103],[82.47726926285388,28.570689412033804],[82.47735416906929,28.570729112371435],[82.47760569891248,28.570983626046388],[82.47785891737408,28.571179435566528],[82.47839005191128,28.571457958728097],[82.47862257539845,28.571633637197568],[82.47897432774701,28.572157793360375],[82.47899395876614,28.572234315893745],[82.47892730816972,28.57230952508802],[82.47884021381306,28.572344284408036],[82.47797301057096,28.572572657848106],[82.47739091644888,28.57257896798327],[82.47668158829704,28.572487435584268],[82.4763609054478,28.57240515992503],[82.47561838067297,28.5719507080545],[82.47549064623703,28.571909194833143],[82.47478019116069,28.57187405471995],[82.47413075936964,28.571955573749594],[82.47341999231215,28.571940751435697],[82.47296913577867,28.57187347887953],[82.47168840875163,28.57140677030006],[82.47137104237446,28.571191329149947],[82.47110025633249,28.570842224714745],[82.47082634257431,28.570626347037763],[82.47020542331533,28.570459356170975],[82.46955880541384,28.570464102350794],[82.46910225768454,28.57058863597799],[82.46884272257587,28.570620768099698],[82.46800278139634,28.570602819332816],[82.46741749805669,28.570703907501983],[82.46670635622856,28.57070934101165],[82.46599233748286,28.57078935938487],[82.46551052888904,28.57106524934539],[82.46528944413465,28.571250427415055],[82.46515745542528,28.571362396637475],[82.46460574382444,28.571808398948153],[82.46435539548904,28.572280347534807],[82.46417639004383,28.57250572542289],[82.46342560103632,28.573156911304295],[82.46273583423348,28.573924819018615],[82.46250930828332,28.574319870651973],[82.46243834112813,28.574546311466122],[82.46238206646585,28.575005008232907],[82.4624373336085,28.575349610176783],[82.46243082987388,28.57557761440806],[82.46240488032211,28.575729033859062],[82.46212702697528,28.57564850808249],[82.46170080625812,28.575465826290106],[82.46101598721337,28.575299459501814],[82.46006731909956,28.57527813414433],[82.45937393144803,28.57541635706461],[82.45833028686032,28.57573688158761],[82.45755030635317,28.57585353496919],[82.45720361150829,28.57592267778507],[82.4569421995548,28.576011201430795],[82.45639399172374,28.576344295455645],[82.45599627539234,28.57669833375206],[82.4557740020502,28.576942153592427],[82.45556679515687,28.577395660573114],[82.45554984368303,28.57815850952331],[82.45547500070903,28.578384887597817],[82.4553602057869,28.57863214694334],[82.45502358217281,28.578319865456372],[82.45464763198132,28.577892924351268],[82.45439478920427,28.577679047152465],[82.45369371670648,28.577302931440236],[82.453058544352,28.576890055910308],[82.45259168429799,28.57663328940724],[82.45233633943016,28.57651425237257],[82.45220754131446,28.576492995615133],[82.45181814505578,28.5765242522765],[82.45129557132921,28.576723931369315],[82.45084121267355,28.576771630240145],[82.45012938275407,28.576777001201116],[82.44987191103343,28.576734674336812],[82.4494193041649,28.57672591813239],[82.44896419413483,28.57681431644928],[82.44844706219716,28.576804059466355],[82.44766808131278,28.57690264462374],[82.44721591209944,28.57687588365865],[82.44676549309456,28.57679041818204],[82.44598870120537,28.576814481982066],[82.44585996670621,28.576793286735523],[82.44560130589248,28.576807351563],[82.44507848204456,28.576988900896207],[82.44410586556482,28.577085046930385],[82.44378230747847,28.577079480841274],[82.44352558636534,28.57699870531698],[82.44320283975445,28.576990824874343],[82.44301026869381,28.57693193125135],[82.44266613944612,28.57690629671209],[82.44259586056145,28.57709435077756],[82.44224191233376,28.577432072386113],[82.4420004447611,28.577579051761372],[82.441759415926,28.577710213025718],[82.44143297995441,28.57781749261942],[82.44117037979481,28.577964720805234],[82.44092684875747,28.578190660682793],[82.44076991264089,28.57839765746953],[82.4404387853936,28.578676487042518],[82.44017662281846,28.57880564816935],[82.43965517544714,28.578948811592024],[82.43952325018053,28.579022456476523],[82.43941333381527,28.579116108263317],[82.43916579940797,28.579473024372767],[82.43894602807447,28.579622003669407],[82.43875014135926,28.579694023734426],[82.43790488407161,28.57984968813016],[82.43744402101665,28.580127578594887],[82.43728764775462,28.58033457569861],[82.43719348463644,28.58059965280022],[82.43703617398229,28.58082690562297],[82.43675006440081,28.581030775656405],[82.43609556547683,28.58130622702404],[82.43583259014756,28.581471461316394],[82.43541086477968,28.581902396972946],[82.4350965552437,28.582336709553797],[82.43496387894915,28.582448678847907],[82.43474373216266,28.582615726549093],[82.43410267326719,28.583175323486543],[82.43374728703316,28.583551430922125],[82.43359322766098,28.583643332164435],[82.43342091308952,28.58365864780803],[82.43331362266706,28.583619198130197],[82.43299331556044,28.583518791330746],[82.43273759552137,28.583417696656294],[82.43254683771956,28.583300098862495],[82.43184063665446,28.58311353868758],[82.43132819601473,28.58293391942889],[82.43083820090389,28.582713413836178],[82.43074897869987,28.582827195844793],[82.43056772073922,28.583129221068525],[82.43025653768929,28.583466442373606],[82.42980917703676,28.584030792625672],[82.42884124423934,28.584717924749874],[82.42866617788624,28.584810013154282],[82.42880872866571,28.585099598511146],[82.42900086195951,28.585178811165328],[82.42945134298836,28.585264339594936],[82.42979597246415,28.58526971843101],[82.43039688452326,28.58537844262967],[82.43082516959315,28.585479975835145],[82.43116685975026,28.585602764478725],[82.43157088439317,28.58579926233276],[82.43188831466011,28.586017078525597],[82.43209588923679,28.5862879099121],[82.43237005290538,28.586521918272734],[82.43259969957222,28.586774494142887],[82.43295958202997,28.587009878615994],[82.43313002098968,28.587089277532233],[82.43364465052663,28.587194437172325],[82.43390043363385,28.587295531988413],[82.43484416137139,28.587463775620495],[82.4349946549627,28.587487096083336],[82.43597014891832,28.5873142398272],[82.43631515322468,28.587301551027906],[82.43683197271666,28.58732987604106],[82.43811920386763,28.58756439191559],[82.43837848889241,28.5875503899276],[82.43966784675455,28.587708195966947],[82.43992613141359,28.587712261283734],[82.440272887392,28.587643118808206],[82.44105799834031,28.587332408103787],[82.44123100115337,28.58731703031825],[82.44140575482939,28.58724519780836],[82.44157875687867,28.587227568595466],[82.44172962669082,28.587230508067165],[82.44181678483784,28.58719574878571],[82.4424223255713,28.587130608980043],[82.44285573929727,28.587042524210727],[82.4429884769215,28.58693055420975],[82.44323851341147,28.586476548148852],[82.44343652636458,28.58632781834008],[82.44356670054532,28.586310627168658],[82.44408032956956,28.586436042477757],[82.44434142847582,28.586363272699714],[82.44458327160483,28.58619597577886],[82.44475702455496,28.586142210949234],[82.44513860301083,28.58637959655063],[82.4452249482574,28.586380972133078],[82.44548635979709,28.586290135456878],[82.4459147073285,28.586393919176075],[82.44626008702907,28.58636309947047],[82.4464319019809,28.58640417516205],[82.44672976246727,28.586543094001513],[82.44696297344498,28.586680635823733],[82.44738957013105,28.58684074868086],[82.44807939105009,28.586853632250193],[82.4483394267837,28.58680124394157],[82.44877603012414,28.586618317911835],[82.44895153478342,28.58650810018497],[82.44912528838445,28.586454397409348],[82.44947867418428,28.586173068094325],[82.4497412741009,28.586025838652887],[82.45047074144954,28.58539065782686],[82.4507601035324,28.585053685753767],[82.45105365556468,28.584601492601344],[82.45129405968781,28.584470331388438],[82.45164006493906,28.58443951210217],[82.45259455119471,28.584228457245516],[82.45285771360416,28.58408122878737],[82.45346763292764,28.58386260627952],[82.45433546053059,28.58366824328322],[82.45528350435015,28.583687442921565],[82.4555501659076,28.583743211491146],[82.45631220136136,28.583899762994566],[82.45682476674493,28.584081508049103],[82.45725023725903,28.584300324736578],[82.45742005003338,28.58438197528594],[82.45767720889062,28.584444683513393],[82.45844336891321,28.584804231905025],[82.45870052731567,28.58486687685218],[82.45938759713405,28.584958784172272],[82.46016332525693,28.58499330028621],[82.46068164634337,28.58494710280015],[82.46102902755345,28.584880148392457],[82.46137396982574,28.584867396596792],[82.46163144113186,28.58491203714086],[82.46214869747095,28.58492223098255],[82.46283601781566,28.585032081060042],[82.46351839659498,28.58529560107918],[82.46400707770923,28.585554305645733],[82.46430281131335,28.585769996353548],[82.46447331218724,28.585851646039213],[82.46544460812662,28.586576741131182],[82.46569995273012,28.586698091087673],[82.46621251908408,28.586879773401133],[82.46715605915522,28.58707264949787],[82.46758234279966,28.58725308043226],[82.46809565945543,28.587398688914032],[82.4683775159173,28.58734823913208],[82.46894923484795,28.586958440905963],[82.46929943054423,28.586776390860283],[82.46938608825738,28.58675744788274],[82.46958053625998,28.586723752173548],[82.46971071067446,28.586708748868237],[82.4701416221734,28.5867176291826],[82.47048368754439,28.58681997421663],[82.47090997111759,28.587000405645],[82.47142503869655,28.587089560733595],[82.47176966781893,28.587097127350756],[82.47263674530507,28.586943276423604],[82.4730719100047,28.586798611867255],[82.473356518576,28.5866330653869],[82.47406304022532,28.586056776250253],[82.47432382604323,28.585968189487286],[82.47438978928527,28.58593136665204],[82.47454140900338,28.585895857751016],[82.47497757379024,28.58573312520535],[82.47517552467653,28.58558433352514],[82.47526612317135,28.58543447737454],[82.4755032816137,28.58465793857326],[82.4756044496382,28.584124282472565],[82.47586230333262,28.5833678124093],[82.47601955260123,28.583142747397282],[82.47637906692535,28.582615282864126],[82.47656445383134,28.582162025561505],[82.47666349516604,28.581705142580166],[82.47667562908218,28.581246945619114],[82.47659847785447,28.580940917731223],[82.47647512144434,28.58070984843434],[82.4761860795487,28.580243647053848],[82.47612618350121,28.580072846660997],[82.47612968610137,28.57995768826734],[82.4761339388135,28.579804205545777],[82.47620277874849,28.579654536744385],[82.47640248042306,28.579447039895797],[82.47662218960554,28.579300248715903],[82.47690473369359,28.5792114120935],[82.47751171331338,28.579110011878747],[82.47785653083297,28.579097260391578],[82.47826462034152,28.57916271985953]]]}}]}