{"type":"FeatureCollection","features":[{"type":"Feature","properties":{"province":"Koshi Province","district":"Udayapur","municipality":"Katari Municipality","ward":"11","wardNumber":11,"sourceMunicipality":"Katari","sourceType":"Nagarpalika"},"geometry":{"type":"Polygon","coordinates":[[[86.41213211207048,27.118045350610867],[86.4122213928618,27.11785610647451],[86.41271574622867,27.11672051773662],[86.41272355629637,27.11637741636143],[86.41268622737299,27.11614703725907],[86.41254492081399,27.115801124646218],[86.4123804195156,27.115531796867803],[86.41221429316356,27.115339242463183],[86.41173336123282,27.11493094038764],[86.41102090441524,27.114404293548255],[86.41078913040246,27.114285949083445],[86.41015908139559,27.113874772671082],[86.40951027358905,27.113368693626263],[86.40842367486047,27.11241836451632],[86.40771040685716,27.111930041339246],[86.40762568814094,27.111909348114718],[86.40731081880422,27.11169360082196],[86.40680556811843,27.11141833872101],[86.40607179087968,27.110891629370883],[86.40582269558656,27.110601672021183],[86.40567876538596,27.110370793401536],[86.40539359020539,27.109794001967213],[86.4052936113534,27.109506918635194],[86.4050470158733,27.10910180277733],[86.40502831951056,27.108986581531532],[86.40484399762511,27.108660800409954],[86.40474033277668,27.108524886466892],[86.40451012067626,27.108350150724842],[86.40419494075962,27.108152408552186],[86.40368587714723,27.108050883838107],[86.40311866401576,27.10769641113268],[86.40244403783109,27.107382076521052],[86.40210572443269,27.107260982376626],[86.401596723478,27.107157270163846],[86.40125909744128,27.10702042051874],[86.40091916035351,27.106976099101207],[86.40066262906296,27.107008861112384],[86.40025773078489,27.107022932342],[86.40028167534031,27.106907898501596],[86.39998993942176,27.106617753793365],[86.39939990680305,27.106337615667417],[86.39856415237435,27.10561397463215],[86.3982140793996,27.10509107560606],[86.39808890736715,27.104973166858983],[86.39767612326054,27.10439131348611],[86.39727784771839,27.104114236590117],[86.39687794844902,27.103898051848187],[86.39669031467079,27.103721189508278],[86.39639989098735,27.10337234036784],[86.3961124035814,27.102906144627337],[86.39573838602574,27.10249821660835],[86.39559701730916,27.102149990896635],[86.39584291321945,27.101638650191862],[86.39597995754347,27.10123971943599],[86.39608987106773,27.101088861431947],[86.396522775655,27.100790581701567],[86.39708835142622,27.100264796138024],[86.39743528685969,27.100004402994998],[86.39769725439162,27.09972112957186],[86.39789713560849,27.099363084527315],[86.39811602459399,27.099097692391783],[86.39826726647645,27.09900578839562],[86.39850722558192,27.098760713742294],[86.39896251294876,27.098406042316977],[86.39993367448477,27.097850368296193],[86.40060328872424,27.097442366786662],[86.4009510374225,27.097143650403652],[86.40127371624045,27.09699610297962],[86.40153105995968,27.09692489211326],[86.40211314372819,27.096611355909744],[86.402370861761,27.096519888648633],[86.40295407160185,27.096167966280003],[86.40327887470986,27.095925579158322],[86.40424916058203,27.09540822955152],[86.40470269802225,27.09513026822127],[86.40554325127268,27.094704883528237],[86.40593276512236,27.09442667295867],[86.40683490377437,27.09409862939478],[86.40741611327452,27.093823416727187],[86.40748013639573,27.093823666811346],[86.40786677668143,27.093678557244367],[86.40816913449532,27.093492498899746],[86.40873539745684,27.09294864544998],[86.40903894303666,27.09270613336064],[86.40923351283242,27.092575968460373],[86.40942689452339,27.09250231940629],[86.40970768332345,27.09233645526799],[86.41011951749253,27.092019920365452],[86.41057580455096,27.091626799995588],[86.41099013746437,27.09119285609101],[86.41124948011021,27.091026928823155],[86.41176497967916,27.09084624512693],[86.41281910922352,27.090367530646436],[86.41368723071758,27.08965787568424],[86.41384059668108,27.08945081291053],[86.41410118938492,27.08922618148905],[86.41481144430497,27.08885669084681],[86.41507091175411,27.088670382799485],[86.41550219169869,27.088428432439404],[86.41710490110346,27.088188968762942],[86.41800585237178,27.08789699832179],[86.41826200844979,27.087864173616737],[86.41856349239204,27.08771643936624],[86.41901909118161,27.087341387059332],[86.41920046386154,27.086827484432018],[86.41919207751175,27.08625181471428],[86.41913467699035,27.0859445378267],[86.41990664467497,27.085710773540264],[86.42035818233856,27.085507208716642],[86.42093645514548,27.085362909613995],[86.42119292360277,27.085330022138404],[86.42144701702281,27.085392037568656],[86.42176582252979,27.08541591658484],[86.42214671384446,27.085537073098667],[86.4226519030361,27.085814523703796],[86.42277876228204,27.08585572159611],[86.4229703954192,27.085858720449426],[86.42309681700016,27.085917924136936],[86.42322080276271,27.08609228674058],[86.42330095995861,27.08632285347179],[86.42331047059251,27.086857822602738],[86.42339231608933,27.087013930228196],[86.42351705095103,27.087149843139724],[86.42372369284016,27.08743961423622],[86.42384636622117,27.087672618539766],[86.42393270987434,27.08761653820297],[86.42391613797908,27.08740428850214],[86.42386729779577,27.08671564939799],[86.4240251005665,27.086316718657912],[86.42426674698304,27.085974614884794],[86.42446237835391,27.08580612616714],[86.42485682892098,27.085297597958274],[86.42490184402875,27.085182688047592],[86.42490559316937,27.085011138244937],[86.42506458258185,27.08455350223907],[86.42513185460746,27.084402581650362],[86.42481792430891,27.08414851032685],[86.42463029041855,27.08397164852075],[86.42452662507657,27.083835796718596],[86.42446666353402,27.083663997095016],[86.42434230343609,27.08350776504311],[86.42381941720859,27.08305870194089],[86.42354669038785,27.082881527956992],[86.42350992261818,27.082615012857172],[86.42336742911854,27.082305172982103],[86.42332978676961,27.082074731337325],[86.42335616828589,27.08184691349463],[86.42349077599556,27.081542698314795],[86.42347101783507,27.081465925583867],[86.42334828248663,27.08123292148466],[86.42322392190013,27.081078939820692],[86.42274224082874,27.08070671122234],[86.42266089594354,27.080532598351677],[86.42266258302585,27.080455887684],[86.42275292498596,27.08022825758913],[86.42256953974088,27.07984152102664],[86.42238271901762,27.079628585797277],[86.42230093665623,27.07947472945747],[86.42173797257414,27.078910382133483],[86.42145173484367,27.07836972619694],[86.42114011640555,27.078018564338795],[86.42087494893363,27.077477971354064],[86.42039245524516,27.077144191114172],[86.41975478289811,27.077096433817182],[86.41943710305112,27.07701385103647],[86.41931111766651,27.076934328819863],[86.4191446174023,27.07675984235333],[86.41896166902015,27.07635503796473],[86.41890295723873,27.076124595518905],[86.41871544815943,27.075929665120587],[86.41856839270736,27.07583201374923],[86.41825889808443,27.07538607352723],[86.41792445947874,27.075093491448033],[86.41752462256511,27.074877432009355],[86.41727427762974,27.074641616078573],[86.41696409491078,27.074215994174605],[86.4163614274515,27.073536301083156],[86.41625851256333,27.073380131954607],[86.41594545611167,27.073087673875076],[86.41577689352532,27.07301021626577],[86.41527470345225,27.072599600647745],[86.41483266333873,27.072381041394472],[86.4146665999654,27.07218623602166],[86.41445664665237,27.072065702934704],[86.41394564722337,27.072077149260316],[86.41317686664912,27.072195880665117],[86.41247335935245,27.072240338645088],[86.41215236761681,27.072329305893568],[86.41189377519471,27.07247722690099],[86.41176529055885,27.07251505190335],[86.41112543229548,27.072577827407752],[86.4106144325023,27.072589274365374],[86.41022816800297,27.072734383516732],[86.40964489684347,27.073124629748847],[86.40919323406207,27.073346261680264],[86.40887186820353,27.073435229010123],[86.40874219644935,27.073529507985025],[86.40848441583799,27.073638980529754],[86.4077073254309,27.074141386529174],[86.4075772164811,27.07425367068538],[86.40742347588932,27.074460732947397],[86.4071091836345,27.075202078950113],[86.40703847472253,27.07552680081626],[86.40695456796175,27.075467721900157],[86.40672541837331,27.075232029998052],[86.40647376071976,27.075075236649933],[86.4063890423319,27.075054543930303],[86.4060961190865,27.074818540455457],[86.40464089024039,27.074218755384102],[86.40443137364286,27.07408021703601],[86.40426487274044,27.073903416561805],[86.40395712736814,27.073382954933805],[86.40386089829678,27.072922070346493],[86.40387214544218,27.072405231487735],[86.40373340088036,27.071941909545153],[86.40359084509515,27.071652388450914],[86.40332192876818,27.07130360180305],[86.4031137872195,27.071088290297673],[86.40293978799083,27.071259092482507],[86.40259691438062,27.071366065609336],[86.40242641433935,27.071383259525337],[86.40148113596454,27.071785638010436],[86.40113863649736,27.07187448074226],[86.40088291751493,27.07188923760357],[86.40054085640426,27.071960012210837],[86.40011207564612,27.07210487143143],[86.39953049161251,27.07241847062792],[86.39924651733885,27.072758072959022],[86.3989854872608,27.073000772356057],[86.3987268324827,27.073150881191612],[86.39838395835963,27.073257791232816],[86.39795680232056,27.07332594124678],[86.39770277031728,27.07326392618005],[86.39693648963275,27.073269685534036],[86.39616577243672,27.073444683579403],[86.39539711634957,27.07354528366932],[86.39505805358296,27.073462512667845],[86.39437855335233,27.07337386906211],[86.39420967846999,27.07331216526716],[86.39395483463059,27.07328853634164],[86.3929375214698,27.0730764850461],[86.39234192697725,27.073046857808635],[86.39151993362972,27.07266863067828],[86.39126565216577,27.07260430214689],[86.39007615122492,27.072486343292304],[86.38914430675113,27.072258848770012],[86.38880318193496,27.07227091877374],[86.38828974492824,27.072374767567116],[86.38794568348287,27.07252231443903],[86.38743274688123,27.072608032805384],[86.38672567762376,27.072785592073192],[86.38563860411368,27.073758265174753],[86.38443298321721,27.07432857039141],[86.38417476517363,27.074458361215033],[86.3843206327908,27.07459446235332],[86.38473066743526,27.07529153684831],[86.38520778718613,27.075835316631814],[86.38528956978055,27.075991424555852],[86.38543537494898,27.076127462237377],[86.38551715674748,27.07628131925272],[86.38559356538666,27.076665368297327],[86.38559019093645,27.076818850827422],[86.38553692759788,27.07727686097532],[86.38546796799753,27.07750455416595],[86.3854307758263,27.07819281887732],[86.38546798017957,27.078423261322374],[86.38554969940357,27.07857711745317],[86.38560966195311,27.07875116863193],[86.3855009977266,27.078845509861875],[86.38519863952212,27.07902931662335],[86.38493792174,27.079253885733294],[86.38476286035667,27.079460823675255],[86.38450220592861,27.079685329609973],[86.3841994729249,27.079889455340908],[86.38359725544656,27.080146412154644],[86.38333991214076,27.080217498677943],[86.38299460018526,27.08042143687311],[86.3822204458524,27.08075210501836],[86.38202756398019,27.08080543495711],[86.38181154824706,27.080935413138263],[86.38137533229842,27.081384924951603],[86.38128655160692,27.081535782458243],[86.3809816944305,27.081836937089587],[86.38041830574385,27.08224756307629],[86.37955949510065,27.082555287889353],[86.37887512030498,27.082676393679705],[86.37844546520932,27.082839320818128],[86.37766849906843,27.08328283441614],[86.37706628139327,27.08353972947771],[86.37680925060084,27.083610877782707],[86.37642179885428,27.083794248365802],[86.37620534660265,27.083944481829743],[86.37598601886963,27.08420762412288],[86.37572498968723,27.084450261025438],[86.37540143537016,27.084636193630608],[86.37505693685021,27.084801746475346],[86.37462940584693,27.08486977040239],[86.37443577309098,27.084941168785807],[86.37422000882425,27.08507120937148],[86.37395735383596,27.085372425883683],[86.37393453365667,27.085449073455834],[86.37396467742076,27.085984167807776],[86.37407822667716,27.086598722150462],[86.37407485309691,27.08675214180829],[86.37400583036515,27.08697983428119],[86.37391492541556,27.08722765822931],[86.37409543543565,27.087709235070953],[86.3742139226175,27.0881138527142],[86.37445633121477,27.088690519622446],[86.37458014185194,27.08978358883766],[86.37471882318482,27.090246911081493],[86.37475477871503,27.090533744637007],[86.37467907039648,27.09104808356474],[86.37458860276173,27.09127565175503],[86.3743043775675,27.09159718702358],[86.37391317620255,27.091934102510383],[86.37341587363753,27.092295276441586],[86.37331514979638,27.09238280294959],[86.3730795657618,27.092514968957136],[86.372691553282,27.09289245943479],[86.37221888449656,27.093249256591875],[86.37217480723307,27.09329420738854],[86.37185206830937,27.0936268713429],[86.37161485907626,27.093874071884446],[86.37150463495264,27.094139963657174],[86.37109505291507,27.094537647375947],[86.37096519471694,27.094706385357558],[86.3708769154199,27.094936204162117],[86.37082865284712,27.095337822177783],[86.3710118528777,27.09589392121986],[86.37131697796376,27.09685682509862],[86.37139719946892,27.097202550644965],[86.37145354000009,27.09771970181404],[86.37155408181104,27.098121944085047],[86.37154927265632,27.09846729597767],[86.37150419587653,27.098638659317047],[86.37143798590087,27.098809897845562],[86.37115613818355,27.099208205174662],[86.37106785849261,27.099438023233457],[86.3708502839444,27.099780188724218],[86.37063114713082,27.100235137052554],[86.37041450897195,27.10052084822064],[86.37007069880981,27.10078342877593],[86.36981204490402,27.101028316037947],[86.36957396107505,27.10131390269475],[86.36939834002753,27.10171264677913],[86.3692684193715,27.10188363538787],[86.3688984790567,27.1024711242927],[86.36880957549809,27.102757396893832],[86.36865658541947,27.10304335785691],[86.36798372661694,27.104010961563276],[86.36787337705258,27.104297109180905],[86.36788970037976,27.10464039714911],[86.36795178745311,27.104757993912237],[86.36818374902914,27.104894468712292],[86.3684378432201,27.10495429610409],[86.36886268725583,27.104978736034003],[86.36911684349329,27.105040813692064],[86.37021643959946,27.105456548902687],[86.37080928454388,27.10561721477662],[86.37131884775444,27.10566234781457],[86.37261088239946,27.105564242440597],[86.37387684682757,27.10555635135359],[86.3743237608618,27.105585417996203],[86.37464525245161,27.105496575555666],[86.37490428350704,27.10534871667783],[86.37516175175298,27.10527538002563],[86.37548143158786,27.105263248398895],[86.37599049388768,27.105349017461247],[86.37632674486616,27.10554688418399],[86.37701500623777,27.106193192158052],[86.37722439799228,27.1063499231893],[86.37755533740702,27.106777982887102],[86.37799400351408,27.107168155007262],[86.37818282491212,27.10728637547191],[86.37894379451967,27.10754931890357],[86.37996516970846,27.107589882266712],[86.38034556123289,27.107731544938602],[86.38066405355448,27.107775804821834],[86.38104506945768,27.10787676716406],[86.38123432800107,27.107976919303102],[86.38154782215237,27.10825149677721],[86.38198786268528,27.10856483388823],[86.38236013054373,27.10905178541432],[86.38267399900919,27.109305981411612],[86.38400693078236,27.109695519554304],[86.38428078370328,27.109834431934356],[86.38440595585853,27.109952339848096],[86.38440058201867,27.110182533005858],[86.38413661495453,27.110540328327374],[86.38350314238387,27.111235039028685],[86.38323711356331,27.11168980002506],[86.38310069348391,27.112070726572504],[86.38311145335821,27.112528985962236],[86.3828346144264,27.113441944395472],[86.38285437303132,27.113518778686803],[86.38310559280421,27.113716272014436],[86.38332504449272,27.1134328108242],[86.38384435493519,27.11308070247913],[86.38410257309188,27.112968978635315],[86.38436204049809,27.112803052657227],[86.38548056944062,27.112327150299443],[86.38591603693146,27.11191371203172],[86.3862407777515,27.1116916430347],[86.38675477715012,27.11156747663252],[86.3872667140034,27.111538086980108],[86.38778308817402,27.111319204310405],[86.38797522082679,27.11130413609561],[86.3882967129659,27.111212980685803],[86.38944525968381,27.111292428925445],[86.38976100336508,27.111451847025315],[86.39020554308102,27.11157562833382],[86.39052653511031,27.111525109811396],[86.39122979254647,27.111501033351665],[86.39167970665315,27.111394621731083],[86.39187346308103,27.111302904987415],[86.39238415088991,27.111329969825654],[86.39309640732812,27.11092446805656],[86.3937186321455,27.110726216326295],[86.39400285744595,27.11040468064812],[86.39426232566946,27.11023875440874],[86.39451841891079,27.110224059501856],[86.39459988852346,27.11037791684659],[86.39476264049307,27.110726204737855],[86.3947758997703,27.111071618707506],[86.39470569037654,27.11135570205792],[86.39459252854144,27.111641912847652],[86.39428267151563,27.112153003580357],[86.39421489918163,27.11232424188149],[86.39349245750785,27.113169872824653],[86.39342587211519,27.113284720048693],[86.39319860988445,27.113908905778686],[86.39310183202859,27.11442318254118],[86.39303412166038,27.114594484299033],[86.3929610373777,27.114993664641762],[86.39296929906985,27.11556476977875],[86.39290152640967,27.115736070750444],[86.39279248708708,27.115848479718444],[86.39262011344226,27.115942509107587],[86.39219051991583,27.116087306267314],[86.39199588737947,27.116217471902267],[86.3912682605288,27.117293295020573],[86.39089719267993,27.117688978121624],[86.39046385044117,27.11800545027764],[86.38990352308706,27.11828285043514],[86.38970807848997,27.11845127701185],[86.38942054199768,27.11890378834129],[86.38926767590328,27.11907465216796],[86.38891517819545,27.11958324271717],[86.38867559322031,27.119807936653576],[86.3882871417539,27.120029755777317],[86.38815659472198,27.120142040398452],[86.38774044934416,27.12065038181296],[86.38726359143668,27.121007179552382],[86.38711278786084,27.12108101475278],[86.38712973359709,27.121270695023053],[86.38752101032537,27.12186830402433],[86.38764699499826,27.121947888259992],[86.38815480918392,27.122108055396716],[86.38886500215195,27.121795142638344],[86.38944396253348,27.12163283893342],[86.38972331406453,27.12152349121949],[86.38996252328889,27.121316865561784],[86.39016046708247,27.121033280415826],[86.39044931670979,27.120522126609778],[86.3907769318894,27.120166894238675],[86.3911681955212,27.11982997816021],[86.39184093572526,27.119286624242697],[86.39214829290401,27.118890692264547],[86.3924143842175,27.11843811929327],[86.39252723441567,27.118151908889548],[86.39266021768415,27.117926778372677],[86.39303372315705,27.117436317834844],[86.39405589807721,27.116517537169923],[86.39457770790378,27.11605026913493],[86.39503055842134,27.115808380699114],[86.39515941760625,27.11577286884859],[86.39560733168207,27.11574091769608],[86.39592876083688,27.115670017568632],[86.39612045587286,27.11567307941418],[86.39675587852511,27.115836120007323],[86.39770785752825,27.116138136220968],[86.39834084299154,27.1164139599041],[86.3987214224561,27.116535116124645],[86.39929569632059,27.11658281192196],[86.39974142344832,27.116665956589088],[86.40024804913017,27.116864509310354],[86.4010739804736,27.117086940000604],[86.40177555059691,27.11715539049446],[86.40247755882909,27.11720577173411],[86.4029229110413,27.117309234919528],[86.40343272476456,27.11737456158098],[86.4038802634679,27.117360677282132],[86.40426490368357,27.117310345484658],[86.40509983263335,27.1171332845894],[86.40529359020019,27.11705963552796],[86.40580677717733,27.116973730498767],[86.40625381677583,27.116998232377295],[86.40651003525603,27.116965407652106],[86.40740373919024,27.117016662640335],[86.40791598871029,27.116987147928565],[86.40855728540423,27.116883673003837],[86.4095178863354,27.116801951295496],[86.41028135598418,27.11696767962049],[86.41085038143825,27.117243191278533],[86.41122933598851,27.117441182890328],[86.41190158768654,27.117870551057365],[86.41213211207048,27.118045350610867]]]}},{"type":"Feature","properties":{"province":"Koshi Province","district":"Udayapur","municipality":"Katari Municipality","ward":"12","wardNumber":12,"sourceMunicipality":"Katari","sourceType":"Nagarpalika"},"geometry":{"type":"Polygon","coordinates":[[[86.3710118528777,27.09589392121986],[86.37082865284712,27.095337822177783],[86.3708769154199,27.094936204162117],[86.37096519471694,27.094706385357558],[86.37109505291507,27.094537647375947],[86.37150463495264,27.094139963657174],[86.37161485907626,27.093874071884446],[86.37185206830937,27.0936268713429],[86.37217480723307,27.09329420738854],[86.37221888449656,27.093249256591875],[86.372691553282,27.09289245943479],[86.3730795657618,27.092514968957136],[86.37331514979638,27.09238280294959],[86.37341587363753,27.092295276441586],[86.37391317620255,27.091934102510383],[86.3743043775675,27.09159718702358],[86.37458860276173,27.09127565175503],[86.37467907039648,27.09104808356474],[86.37475477871503,27.090533744637007],[86.37471882318482,27.090246911081493],[86.37458014185194,27.08978358883766],[86.37445633121477,27.088690519622446],[86.3742139226175,27.0881138527142],[86.37409543543565,27.087709235070953],[86.37391492541556,27.08722765822931],[86.37400583036515,27.08697983428119],[86.37407485309691,27.08675214180829],[86.37407822667716,27.086598722150462],[86.37396467742076,27.085984167807776],[86.37393453365667,27.085449073455834],[86.37395735383596,27.085372425883683],[86.37422000882425,27.08507120937148],[86.37443577309098,27.084941168785807],[86.37462940584693,27.08486977040239],[86.37505693685021,27.084801746475346],[86.37540143537016,27.084636193630608],[86.37572498968723,27.084450261025438],[86.37598601886963,27.08420762412288],[86.37620534660265,27.083944481829743],[86.37642179885428,27.083794248365802],[86.37680925060084,27.083610877782707],[86.37706628139327,27.08353972947771],[86.37766849906843,27.08328283441614],[86.37844546520932,27.082839320818128],[86.37887512030498,27.082676393679705],[86.37955949510065,27.082555287889353],[86.38041830574385,27.08224756307629],[86.3809816944305,27.081836937089587],[86.38128655160692,27.081535782458243],[86.38137533229842,27.081384924951603],[86.38181154824706,27.080935413138263],[86.38202756398019,27.08080543495711],[86.3822204458524,27.08075210501836],[86.38299460018526,27.08042143687311],[86.38333991214076,27.080217498677943],[86.38359725544656,27.080146412154644],[86.3841994729249,27.079889455340908],[86.38450220592861,27.079685329609973],[86.38476286035667,27.079460823675255],[86.38493792174,27.079253885733294],[86.38519863952212,27.07902931662335],[86.3855009977266,27.078845509861875],[86.38560966195311,27.07875116863193],[86.38554969940357,27.07857711745317],[86.38546798017957,27.078423261322374],[86.3854307758263,27.07819281887732],[86.38546796799753,27.07750455416595],[86.38553692759788,27.07727686097532],[86.38559019093645,27.076818850827422],[86.38559356538666,27.076665368297327],[86.38551715674748,27.07628131925272],[86.38543537494898,27.076127462237377],[86.38528956978055,27.075991424555852],[86.38520778718613,27.075835316631814],[86.38473066743526,27.07529153684831],[86.3843206327908,27.07459446235332],[86.38417476517363,27.074458361215033],[86.38443298321721,27.07432857039141],[86.38563860411368,27.073758265174753],[86.38672567762376,27.072785592073192],[86.38743274688123,27.072608032805384],[86.38794568348287,27.07252231443903],[86.38828974492824,27.072374767567116],[86.38880318193496,27.07227091877374],[86.38914430675113,27.072258848770012],[86.39007615122492,27.072486343292304],[86.39126565216577,27.07260430214689],[86.39151993362972,27.07266863067828],[86.39234192697725,27.073046857808635],[86.3929375214698,27.0730764850461],[86.39395483463059,27.07328853634164],[86.39420967846999,27.07331216526716],[86.39437855335233,27.07337386906211],[86.39505805358296,27.073462512667845],[86.39539711634957,27.07354528366932],[86.39616577243672,27.073444683579403],[86.39693648963275,27.073269685534036],[86.39770277031728,27.07326392618005],[86.39795680232056,27.07332594124678],[86.39838395835963,27.073257791232816],[86.3987268324827,27.073150881191612],[86.3989854872608,27.073000772356057],[86.39924651733885,27.072758072959022],[86.39953049161251,27.07241847062792],[86.40011207564612,27.07210487143143],[86.40054085640426,27.071960012210837],[86.40088291751493,27.07188923760357],[86.40113863649736,27.07187448074226],[86.40148113596454,27.071785638010436],[86.40242641433935,27.071383259525337],[86.40259691438062,27.071366065609336],[86.40293978799083,27.071259092482507],[86.4031137872195,27.071088290297673],[86.40303113049349,27.070972820406002],[86.40273820739563,27.070757135124136],[86.40223845530855,27.070249428709495],[86.40169937373646,27.069608309312382],[86.40132885481724,27.06904696116823],[86.40110008011354,27.068793201192612],[86.40061802357233,27.068459296210417],[86.40019705429707,27.068258866797322],[86.39950848108934,27.06763525361147],[86.39873943746214,27.06679676593087],[86.39840524925025,27.066522189157908],[86.39815746553525,27.066173527405425],[86.39787122912715,27.065650876462243],[86.3977312347278,27.06524625981598],[86.39773373431035,27.065133414332372],[86.39776011558155,27.064903283703565],[86.39787259027605,27.064619324023734],[86.39792672853045,27.064102672118615],[86.39830979237134,27.063133695365586],[86.39836386820242,27.062619231075352],[86.3982437564503,27.062271130562532],[86.39801366973563,27.06209408101844],[86.39776007615194,27.06201399801115],[86.3975043571911,27.062028692612415],[86.39724995087461,27.06198474464744],[86.3970603178126,27.06190491069722],[86.39695590314358,27.06180738331056],[86.39694476836357,27.061346873196182],[86.39708150011123,27.060947941983123],[86.39706174205995,27.060871107436142],[86.39683327969973,27.06061728582562],[86.39653960707521,27.060421919087304],[86.39637448102977,27.06018872757785],[86.39627581476712,27.059842939332615],[86.39632739052352,27.05944138313073],[86.39653277023861,27.05881475938985],[86.39665055685093,27.058300607112695],[86.39665555461812,27.058070352158765],[86.39657714734423,27.057763012710776],[86.39649542763718,27.057606967838954],[86.39637056785828,27.0574913105153],[86.3962025044798,27.057391220251333],[86.39577791072796,27.057344273356286],[86.39518144310347,27.05737335106856],[86.39473827856938,27.057211183703952],[86.39461273065169,27.057113593911915],[86.39447023755572,27.056824010294328],[86.39436626022892,27.056706227163456],[86.3943736334288,27.056381194053674],[86.3945125521953,27.055867166625113],[86.39451880095586,27.055580520192287],[86.3944589009853,27.055406344107997],[86.3944226341184,27.055119573060132],[86.39445282737378,27.054717954673436],[86.39456811389346,27.054318899219354],[86.39457311269946,27.054088706287686],[86.39449307986337,27.05385807736217],[86.39436821998078,27.053740168955404],[86.39411543861097,27.05362169956556],[86.39384327338051,27.053424206813986],[86.3937194134804,27.0532499071241],[86.39365920108222,27.053075793612177],[86.39364600401801,27.05271231274098],[86.39358323031747,27.052673676287835],[86.39343904957694,27.05246086577287],[86.3930827283076,27.052204232114736],[86.39310917285472,27.05197629001277],[86.39326447579293,27.051690391249736],[86.39322695846715,27.051459949514733],[86.39318563030324,27.051403371056274],[86.39301719261474,27.051323661358364],[86.3925066923489,27.051312413390914],[86.3920791624971,27.051400881719427],[86.39184838825867,27.051262156270628],[86.39177354203554,27.050801396645127],[86.39177735402399,27.050629846276586],[86.39182361796318,27.050458482937174],[86.3919549764696,27.05028974471311],[86.39200005377793,27.05017477248958],[86.39200336553063,27.050021353128976],[86.39196253739469,27.049944455653286],[86.39181629491563,27.049826423066165],[86.39162584949513,27.04978497544474],[86.39163403512708,27.049439623358538],[86.39159426926855,27.04932434006297],[86.39162065104465,27.04911452793532],[86.39149741563904,27.048940228707593],[86.3913289150206,27.0488604573294],[86.39103230602441,27.048816322155695],[86.3909066334966,27.04873680062393],[86.39084423474337,27.048677783129385],[86.39080421903911,27.048562500188797],[86.39094313906521,27.04810486453202],[86.39114445734603,27.047706245291614],[86.39121497851112,27.047422098241057],[86.39119628296079,27.04732494509425],[86.39113432250257,27.047247985438307],[86.39084064925964,27.047068374075895],[86.3908320771165,27.046551409789508],[86.39077530181444,27.04626451295725],[86.39044186351434,27.04596961777819],[86.39027173849429,27.045966618595795],[86.38993423856668,27.045845524949204],[86.38959223875482,27.04591629921191],[86.38931801166049,27.04581577292457],[86.38915151124253,27.045659353812145],[86.3889687518789,27.04531094028371],[86.38895011909236,27.045195719062477],[86.38888771974544,27.045136765516965],[86.38857453917213,27.044900636576095],[86.38849025847168,27.04485962588324],[86.38827718054391,27.044876758303975],[86.388089172142,27.044738281655903],[86.388008139815,27.04456410718959],[86.38793560671643,27.04404689316465],[86.38777679226939,27.04358344605681],[86.38771483097896,27.043506424193367],[86.38746323679688,27.04334738020467],[86.38672708679107,27.043007851015755],[86.38639777302465,27.042541405296543],[86.38621501373709,27.042192992812076],[86.38619349353094,27.041330615020172],[86.38605418762647,27.04092599746487],[86.38589124817844,27.040636351675122],[86.38574506892473,27.040518318789182],[86.38549141251457,27.040456365847078],[86.38532128723651,27.04045330430351],[86.38473826597861,27.040805163676044],[86.38448192293255,27.040840114279664],[86.38414517236394,27.040698701663036],[86.38362266304236,27.040305966509415],[86.38332930261865,27.040128668126073],[86.38317662433883,27.04027915103771],[86.38261386105843,27.040669459328758],[86.38158398784795,27.041032889844473],[86.38128131740403,27.041218947661502],[86.38108574791524,27.041387374451297],[86.38075625835104,27.041821568026556],[86.38020987850395,27.042406057860365],[86.37990714460611,27.042610245674133],[86.37956270895297,27.04277567376538],[86.37921877222664,27.04292315771782],[86.37879136672612,27.042991245226087],[86.37845067868442,27.043005565351255],[86.37811192885633,27.042940862664132],[86.37785671049679,27.04293523873298],[86.37760349186404,27.042855155116428],[86.37720534234303,27.042598272003165],[86.3762702491636,27.042560333328613],[86.3760134682594,27.042613351886082],[86.37569047665959,27.04277896591935],[86.37527845526756,27.043097689352045],[86.37468406062887,27.04390993385213],[86.37444385146178,27.04415488375433],[86.37412086015625,27.04432049807477],[86.37384338417563,27.044353135329203],[86.3736473734635,27.044293558073015],[86.37301833270043,27.044466865158988],[86.37284727119557,27.044522508947512],[86.37250371063195,27.044708379293656],[86.37241892939711,27.044708005684033],[86.37199027436723,27.044893439680997],[86.37173405621856,27.044946457493353],[86.37105249468333,27.044995291878273],[86.37046002591427,27.04483468818075],[86.36995121317509,27.04475116957095],[86.36969599421796,27.04474779621133],[86.36901380828463,27.044853084887006],[86.36830699051153,27.04513211200592],[86.36802695324867,27.045338487629817],[86.36783207149085,27.045527232882453],[86.3676111215444,27.045982243349165],[86.36728263342243,27.046513465647838],[86.36716959732607,27.046894453730353],[86.36684110877641,27.047425676076443],[86.36621563687449,27.04791495130255],[86.36595217133316,27.048369774846556],[86.36588302467615,27.048674177779365],[86.36574991739701,27.048978330950145],[86.36553065496754,27.04935881958074],[86.36535634439807,27.049586013127183],[86.36526612714594,27.049890291319105],[86.36515715238382,27.050041086379146],[86.36506618671139,27.050422136602048],[86.3650826966531,27.050729163957214],[86.36514259698701,27.0509597310973],[86.36545203062941,27.051577346692877],[86.36553231391422,27.051882435619383],[86.36554363961096,27.052496366075786],[86.36545510976872,27.052724058617816],[86.36519252003356,27.053181070277],[86.3650801089527,27.053562058250318],[86.36507417454224,27.05394348287417],[86.36519553640795,27.054327782271773],[86.36527819324998,27.054481638838006],[86.3653971819048,27.05501942018534],[86.36541481685256,27.055249737428994],[86.36525632948232,27.05586073106517],[86.36525389227803,27.05601421434422],[86.36511653834238,27.056623019109768],[86.36511060392307,27.057006756655298],[86.36527104604309,27.05762143600873],[86.3652275309088,27.057677702726984],[86.3651375639109,27.05798204254376],[86.3651113715011,27.058288883324682],[86.36493031387252,27.05897421121908],[86.36460163942813,27.059582268174857],[86.3645967666063,27.059889171467272],[86.36469112349342,27.060654832028725],[86.36464129897871,27.06111509308588],[86.36452926297558,27.061475762324008],[86.36433169532489,27.06185637653758],[86.36420165018953,27.06200929748697],[86.36379425316771,27.06221279965625],[86.3633891059261,27.06228551254318],[86.36321898085197,27.062282451035532],[86.36236542070226,27.062461450331284],[86.36193751555814,27.062610748169824],[86.36118374684762,27.063191989959847],[86.36085750869528,27.063648814961706],[86.360407971638,27.06383406133306],[86.36034332322298,27.063890203558227],[86.35999607708021,27.064324209530497],[86.35944732786193,27.06538946556193],[86.35912346242436,27.06569268379384],[86.3586084656259,27.065972521396578],[86.35811285133367,27.0663855854441],[86.35802732082311,27.066403278754784],[86.35776854091286,27.066630160634073],[86.35725304424943,27.066948259972516],[86.35708129468807,27.067042289507324],[86.35648339033189,27.06720659382333],[86.35614057923648,27.067356266744884],[86.35515197532959,27.067992838969477],[86.35480941429725,27.068140261058893],[86.3542503391223,27.068516939756524],[86.35416480800072,27.068534571260304],[86.35345549171207,27.06900309126125],[86.35319914872306,27.0690764275861],[86.35302896148279,27.069073366071226],[86.35268739931371,27.069146328832645],[86.35219397263046,27.069408161052863],[86.35175932089794,27.07001334349526],[86.35167316493015,27.070089678803626],[86.35154130836982,27.070393832322207],[86.35147160060673,27.07077500718902],[86.35131829896407,27.07107897362145],[86.35137513791578,27.07153973315494],[86.35153895350533,27.07194453787971],[86.35157946971533,27.072077888953263],[86.3518474510637,27.072618607231615],[86.35184426499212,27.07284661147858],[86.35174998811662,27.073457854453324],[86.35183258337999,27.073613961602575],[86.35208305444685,27.073922112035525],[86.35216427458982,27.074152741901628],[86.35207555845112,27.074400690479177],[86.35190312196511,27.074571367366577],[86.35173230969836,27.074624760011698],[86.35147727922505,27.074621323795963],[86.35128695811927,27.074561745828486],[86.35111820816489,27.074463968925183],[86.35101348070793,27.074366378876196],[86.35066028218198,27.07384560462727],[86.3504961534793,27.0734430513717],[86.35012057240858,27.072978605872954],[86.34986916480204,27.0727449780574],[86.34961619514885,27.072608378415737],[86.34927707008111,27.072545863269276],[86.34868528786794,27.07234674877309],[86.34834534998033,27.072322620332802],[86.34791994504009,27.07235450954153],[86.34768436032087,27.072486612771137],[86.34744590163265,27.072787954225042],[86.34737731827143,27.073094606994303],[86.34737413284812,27.073324862343345],[86.34728547834158,27.073552430161183],[86.34711098048568,27.07385639585884],[86.3470659664587,27.07400962930158],[86.34708141460393,27.074391178838734],[86.34718195662482,27.074775352728928],[86.34719984103981,27.075005670093176],[86.34713375647621,27.075156652998093],[86.34681001640939,27.075477938086177],[86.34676537754213,27.075631170598335],[86.34680102124689,27.076071549469752],[86.34686304612516,27.076186957647277],[86.34709338379855,27.076420524133564],[86.34738843143481,27.076577629324344],[86.34759876021202,27.07673198535606],[86.34784979299516,27.07698605723836],[86.34797034360194,27.077447066117372],[86.34796009897339,27.078135456122194],[86.34802074835153,27.078327636562076],[86.34827415578377,27.07844610567134],[86.34872019395506,27.07845047750275],[86.3489105146197,27.07851005597819],[86.34929265518444,27.07855468976951],[86.34961239681517,27.078481601779632],[86.3503409090113,27.078090041958976],[86.35068771750275,27.077635654471738],[86.35100927011895,27.07746785189126],[86.35126492623435,27.077412583423964],[86.35189903689803,27.077652522191762],[86.35215038235714,27.077904217854087],[86.35225311026566,27.078134909472706],[86.35220947073908,27.07821149507544],[86.35220590978342,27.078439436845734],[86.35211625559296,27.07874602822996],[86.35206455729056,27.079357457625218],[86.3519973488458,27.07958515068817],[86.35199391264392,27.0798154061176],[86.35209589163884,27.080102489220565],[86.35222268825143,27.080143749976017],[86.3523504227392,27.080126243337876],[86.3525406808475,27.080206139778834],[86.35260345543435,27.080262843129216],[86.35268511297119,27.080475404463606],[86.35281116074803,27.08059112470814],[86.35287280958143,27.080726788643723],[86.35274195277364,27.08095416964329],[86.35261278092854,27.081048386425078],[86.35250443096032,27.08119911866578],[86.35245835527479,27.0814291869077],[86.35251906731528,27.081621242895935],[86.35264523980217,27.081718957529013],[86.35289914645563,27.08179910345276],[86.35315211613253,27.081935703072777],[86.35344479000739,27.082246291100965],[86.35354726873818,27.082515368936892],[86.35373627688556,27.08265165702465],[86.35401269154214,27.08265521794409],[86.3542493381263,27.08244859230629],[86.35444178220335,27.082372755074747],[86.35456945405276,27.08237556671814],[86.35484449352263,27.082455837376624],[86.35507345666728,27.08276386326635],[86.35526265350836,27.082920469876434],[86.35545316103651,27.082961979859334],[86.3556455433065,27.082888393702113],[86.35602787101084,27.08291045848324],[86.35628021563329,27.083087632714467],[86.35623607665917,27.083200290967373],[86.3561069680249,27.08329450806077],[86.355595781187,27.08338472728142],[86.355424469889,27.08345843819764],[86.35495092589392,27.083853559182213],[86.35458723288265,27.08400317018792],[86.35452264722986,27.08405931194363],[86.35451939899987,27.084289504358605],[86.35464219810474,27.08459703071825],[86.35464069907786,27.08469187135244],[86.35472335643634,27.084845727793],[86.35484965305427,27.084925312646533],[86.35512606786541,27.084928810633883],[86.35529450503535,27.085026650103295],[86.35546175644699,27.085219266944765],[86.35554447687701,27.085373124469065],[86.35562351041919,27.08575723573601],[86.35557780981533,27.085987241515298],[86.35561195402553,27.086522460923483],[86.35577408386158,27.08706036707452],[86.356107274432,27.087504306485734],[86.35629159793352,27.08796787748441],[86.35628947451266,27.088119172284216],[86.35635099840435,27.08827284163766],[86.35636857115674,27.08850315899829],[86.35623421493572,27.088960794583418],[86.35625216277404,27.089191111967484],[86.35631324957727,27.089365225272324],[86.35641760238002,27.08948082015555],[86.35680036694801,27.089466749973788],[86.35701488194631,27.089334521336205],[86.35705839649081,27.089278317069184],[86.35731498916711,27.089166593293005],[86.35752738010437,27.089187910336147],[86.35769569257585,27.089288000247663],[86.35821458259116,27.090136806154206],[86.35867600665007,27.0905429206962],[86.35871714752523,27.090619880385955],[86.35898962668476,27.090891956836376],[86.35915494089093,27.091199733705373],[86.35931600869432,27.091814412441124],[86.35926462287188,27.092428155191595],[86.35912951826099,27.09296250085332],[86.3591685983801,27.093192943262657],[86.35913971956916,27.093727725272867],[86.35924026174875,27.094111962671604],[86.35929760170423,27.09457265939964],[86.35929197972088,27.094954146327414],[86.35918038073301,27.095337322664843],[86.35878780855404,27.09601952670708],[86.35866602896276,27.09709115556282],[86.35870429675519,27.097398307766497],[86.35878695416662,27.09755216448209],[86.35890794203577,27.098013173976543],[86.35897096644597,27.098072189801748],[86.359095077441,27.098302944460197],[86.35957594855851,27.098864979149038],[86.3597827794189,27.099249589877818],[86.35982323438063,27.09940332158147],[86.35982004852856,27.099633513966445],[86.35966449797174,27.100091025789855],[86.35949106169471,27.10031821927246],[86.35931862620693,27.100489020716083],[86.35897569078261,27.100695085373815],[86.35871903516204,27.100806807954108],[86.35833058526839,27.101202303537157],[86.35796308128289,27.1016181797037],[86.35806412393106,27.10198434866251],[86.35920211256357,27.102689293165895],[86.35964609052061,27.102847021719793],[86.36010988874897,27.103122285167043],[86.36040443776629,27.103335782257737],[86.36067579138395,27.103684569225333],[86.36084010753987,27.104069117609495],[86.36083904572787,27.10414582788154],[86.36094208570258,27.10437651962412],[86.36102268273157,27.10468392121539],[86.36118824766358,27.105011953929342],[86.3613987018037,27.105148304084146],[86.36171332107311,27.105440948461837],[86.36181742397774,27.1055948677628],[86.36219550417563,27.10592614888837],[86.36261647530854,27.106198848975406],[86.36272619996471,27.105971468286196],[86.36279203396417,27.10581823576705],[86.36286242857155,27.105360350121472],[86.36344963156102,27.10444882654638],[86.36349414639116,27.104295530497183],[86.36366870591807,27.103991565069137],[86.36375704816753,27.103763997008123],[86.36412817445732,27.10307947974188],[86.36430479585151,27.102622031124973],[86.3643069196208,27.102468548454148],[86.3643963856387,27.10216427063058],[86.36439982192877,27.10193407804314],[86.36436442716743,27.101434993950523],[86.36438768351385,27.101283886986707],[86.36449540945563,27.101189545604868],[86.36485935266953,27.101001611856027],[86.36545657033653,27.10087563122662],[86.36599394910816,27.1004626910128],[86.36621014926796,27.100197298298923],[86.36638464765919,27.099893395103408],[86.36686043904588,27.09932441028888],[86.36703487364325,27.099020444304244],[86.36733610644552,27.09877580671412],[86.3676610320664,27.09833936220105],[86.36819991026708,27.097829394802606],[86.36850126704746,27.0975463083783],[86.36863150004353,27.097375318916225],[86.36895436448226,27.09709235775085],[86.36957596189227,27.096718178735657],[86.37017542849802,27.09642064703404],[86.3704974810897,27.09621445796428],[86.3708394165086,27.096064660874873],[86.3710118528777,27.09589392121986]]]}},{"type":"Feature","properties":{"province":"Koshi Province","district":"Udayapur","municipality":"Katari Municipality","ward":"3","wardNumber":3,"sourceMunicipality":"Katari","sourceType":"Nagarpalika"},"geometry":{"type":"Polygon","coordinates":[[[86.37660586205885,26.972152974124185],[86.3761710102834,26.97179893720184],[86.37567251086918,26.971440086817534],[86.37511542499533,26.970929756252357],[86.37496980820453,26.970829852971583],[86.37472265180948,26.970593911523213],[86.37462180037443,26.970419674087143],[86.37453101020988,26.9699384707736],[86.3744519078588,26.96909391119862],[86.37424294550405,26.968323250073514],[86.37406200015953,26.968010972906097],[86.3738781170986,26.96777765648517],[86.37370767820049,26.967675315549833],[86.37366716317126,26.96765706082777],[86.37304255664222,26.96739249012745],[86.3722855253038,26.96710466332815],[86.37209714238594,26.96700451064264],[86.3714032606018,26.966737377498973],[86.37045090970386,26.96657734049851],[86.37026065150425,26.966535830607697],[86.37021500812003,26.96641379576598],[86.37012284590898,26.966167349164348],[86.36998522810674,26.96578298781446],[86.3697643910915,26.96533735905661],[86.36921166922694,26.9638698721882],[86.36890623947856,26.963403550353398],[86.3681223164474,26.96257837973583],[86.36783058175652,26.962380699502678],[86.36733333092293,26.961927009222002],[86.36685915041097,26.9614170525289],[86.36656735416733,26.961219309964754],[86.36625692351276,26.960924476933442],[86.36527060967914,26.959750830010762],[86.36472077197247,26.958915402881804],[86.36403200444633,26.957749817988297],[86.36361046373682,26.95689694724083],[86.36345602545106,26.956358978808595],[86.36347483654232,26.95574736116697],[86.36343700758185,26.955593691741072],[86.3632551252282,26.95528366521431],[86.36296351522175,26.955065604794036],[86.36210106945029,26.954716323380648],[86.36140131330043,26.954640996534163],[86.36102104722518,26.954555788475016],[86.3607699541602,26.954414687167393],[86.36054299273373,26.954178869641368],[86.36032615505057,26.95360007768019],[86.36030939687038,26.953446532353787],[86.36040604333009,26.952379218551147],[86.36048419096129,26.95192358358736],[86.36050075290572,26.95138867600604],[86.36042534595353,26.95108139923334],[86.36034500149692,26.950925229088963],[86.36024208716456,26.950807383261097],[86.36009590746039,26.95070741773959],[86.35946698623,26.950386330244754],[86.35864518116541,26.950095941493814],[86.35845661094179,26.949995726398367],[86.35814461838638,26.949759598686768],[86.35779529755723,26.949347168407833],[86.35765405491686,26.949095971497734],[86.35757833609159,26.9487886320077],[86.35742038840225,26.94771344249769],[86.3573258495388,26.94732926890874],[86.35725055861894,26.94633347699093],[86.35725755826442,26.946103284371276],[86.35737615906068,26.945724609645527],[86.35734338390068,26.944731255838438],[86.35719456970878,26.94403755371036],[86.35662990315971,26.942342061793383],[86.35635285552203,26.941665866226202],[86.35613483141762,26.941143465275296],[86.35597408087659,26.94083343885528],[86.35575674365725,26.940292969399717],[86.3556103055164,26.939524808607363],[86.35554452264942,26.938910628548218],[86.355537389269,26.938452306297997],[86.35564416871537,26.93776654154767],[86.35585242530671,26.937237071918677],[86.3566101078976,26.93481166397564],[86.35672114636641,26.934663182170276],[86.3568577555191,26.93437934685518],[86.35713491088062,26.93369889379274],[86.35742538597671,26.933266826945708],[86.35769754119788,26.932737605625253],[86.35823453886138,26.931911607947505],[86.35841441315459,26.931612205853657],[86.35864373987141,26.93108279723675],[86.35895797346222,26.930574082784528],[86.35944057173518,26.92944080690951],[86.35981457013447,26.92838155488315],[86.36025015360536,26.927399386211825],[86.36051273767134,26.926488616838945],[86.36059088492085,26.926030731413718],[86.36063145482461,26.925421364309994],[86.36050308562322,26.924736914979903],[86.36035758430015,26.92395975107104],[86.35997499748159,26.92326048703566],[86.3596481846989,26.922812108657734],[86.35938070798142,26.922517462790395],[86.35897667652341,26.921818136471433],[86.35882561223825,26.92120114515326],[86.35887111877612,26.92043616989319],[86.35885622733906,26.91955572366155],[86.35874725082766,26.919629746809225],[86.35841969718604,26.919887888171782],[86.35798079119968,26.920296700491374],[86.35741552677094,26.920664314838678],[86.35735162892502,26.920664065752998],[86.35726709743514,26.920643372667264],[86.35718562889957,26.920525589160032],[86.35701037028146,26.920003374798043],[86.35694909689619,26.919926353153365],[86.35671851102182,26.919803382162474],[86.35621069828105,26.91969498025529],[86.35578285575858,26.919760817344766],[86.35561029352783,26.91983221495087],[86.35518095029981,26.91993637461693],[86.35483995112807,26.919946131613106],[86.35460886439444,26.91984347884518],[86.35446393522673,26.91970512699409],[86.35404684099767,26.91942786259041],[86.35385545860491,26.919422425909563],[86.35348582656776,26.91966012420411],[86.35322142107343,26.919941022131116],[86.35308631207396,26.920168340681332],[86.35280008669895,26.920465055609057],[86.35258194604265,26.92063335712476],[86.3524055713451,26.92081978838153],[86.35223251008037,26.920909379303556],[86.35180435359331,26.920975153008996],[86.35120201170679,26.921171029925404],[86.3506019807244,26.921287945885926],[86.3501719500228,26.921410110683492],[86.34991435672568,26.921481134064827],[86.34922716993213,26.921654067738512],[86.34896832725,26.921761226498177],[86.34828001591353,26.921972546025316],[86.34664829904935,26.922389373809203],[86.3460444566194,26.92262132284389],[86.34580562127464,26.922769243828533],[86.34546043368135,26.922912102169004],[86.34511568458984,26.923036892458317],[86.34477280990845,26.92310529136371],[86.34442724860331,26.923248211253952],[86.34365346815692,26.923477099699685],[86.34296271886886,26.923765129308453],[86.34278896938736,26.92387491318467],[86.34201250247499,26.924180573758452],[86.34157847135774,26.924435840134713],[86.34097537927418,26.924649784399296],[86.34085714925438,26.924734998380146],[86.3408226996564,26.9247596312115],[86.34065007468622,26.924833341662197],[86.34047938753723,26.924846097195058],[86.33979563606403,26.924734572389113],[86.33963145096115,26.924709004274042],[86.33904110689586,26.924521142031878],[86.33828188856778,26.92428958268308],[86.33802517037047,26.924322282629515],[86.33791756908953,26.92435785621969],[86.33750836171912,26.92473515861736],[86.33741314075024,26.924822748115044],[86.33693896950011,26.925001055595946],[86.33687313347981,26.92505726033482],[86.33678085347157,26.925282577847145],[86.336723712942,26.92574052521081],[86.33662674547413,26.926119324377044],[86.33594119236837,26.926924192950487],[86.33567784931908,26.92716451694095],[86.33561120170464,26.927258982745972],[86.33550097450524,26.927371329077033],[86.33545658467426,26.927425345778296],[86.33506344459514,26.92774175529698],[86.33488650840073,26.927966634997873],[86.33479641438636,26.928135498763893],[86.33475233688385,26.928191703180616],[86.33468568822207,26.928286231794733],[86.33464117358325,26.928360503440164],[86.33463417434704,26.92859069666029],[86.33458897091306,26.92868528695762],[86.33417244962683,26.9291122295496],[86.33395537153962,26.929260212701596],[86.33361056082232,26.929423388787065],[86.33306855420167,26.929772935151142],[86.33289630483917,26.929844394935962],[86.33246983716822,26.929889788442015],[86.33198447044528,26.929767819962393],[86.33196346259984,26.929763256133768],[86.33179515001598,26.929681171191596],[86.33160420437788,26.929657728939006],[86.3313005962567,26.92983909834005],[86.33125545554942,26.929915621217145],[86.33125108099765,26.93006685334514],[86.33115673807673,26.93037119369923],[86.33100856779626,26.931054395484416],[86.33097843529477,26.93136123587035],[86.33085833489463,26.931816683529348],[86.33080444520036,26.932197920463402],[86.3307559397658,26.933114127752063],[86.33062915220684,26.933797454774375],[86.33062215266919,26.93402771033245],[86.33036182840887,26.935626869918508],[86.33026748536068,26.935928896694783],[86.33016645555655,26.936461116912273],[86.33011326245648,26.93753086878841],[86.33002924039623,26.938216633357484],[86.33004131155361,26.938523723233093],[86.32995460264829,26.939286260446128],[86.32996029943465,26.939821229940335],[86.33016938669338,26.940668727019425],[86.33025773947668,26.941283093590055],[86.33047895129161,26.94172884691679],[86.33053378840863,26.94203612443356],[86.33071417177995,26.942422923213993],[86.33070979739502,26.94257640600487],[86.3305043527166,26.94302916603854],[86.33023769776976,26.943404841821447],[86.3299897383928,26.943855164597608],[86.3298528796403,26.944159255293332],[86.3297093337572,26.944689036605595],[86.32952533459846,26.945144110437717],[86.32946675762199,26.94567657938082],[86.3295808681218,26.94613983883093],[86.32960088586636,26.946905125857377],[86.32940782485586,26.94766497631817],[86.32933923951005,26.94781583410282],[86.32927397540553,26.948578496158497],[86.32912136855683,26.949415243122186],[86.32910768214487,26.94987337757704],[86.32894069107257,26.950479807539896],[86.32839763126073,26.951535935949224],[86.32798499296976,26.952520354691604],[86.32790972035407,26.9528992165684],[86.32791072998661,26.953587730454846],[86.32780726234105,26.95419666080832],[86.32760688103016,26.954477870664466],[86.3273445372926,26.95470012551529],[86.32704011656374,26.954901813016583],[86.32634905537842,26.955207785855634],[86.32611015677108,26.95535564412406],[86.32549575197118,26.955950887709548],[86.3253612061253,26.95617595485599],[86.32515107435248,26.9567821973677],[86.32498639603754,26.957311855375053],[86.32493450641736,26.957616320123027],[86.3247976473061,26.95791815961902],[86.32474838292524,26.95814816582023],[86.32438232220177,26.958979351318316],[86.32343392535532,26.95997252750867],[86.32300802853025,26.960631913427203],[86.32284678684832,26.961010338552352],[86.32278051309046,26.961086799044796],[86.32249610914754,26.96199963248667],[86.32203895505637,26.96298617713829],[86.32160994189307,26.964430980388038],[86.32145132494436,26.964734946647738],[86.32071175685319,26.965866786356163],[86.3203977108624,26.966413825657085],[86.32014818779662,26.96684826857869],[86.31981538462897,26.967262017891922],[86.3192116751205,26.968166540020707],[86.3184992396725,26.969126954731724],[86.31816081111597,26.969732510890097],[86.31811098304536,26.96996026564016],[86.3179265466297,26.9704153388359],[86.31759324268923,26.970849407265916],[86.31724136805119,26.971184009464977],[86.31706555603658,26.97135249770781],[86.31753241545579,26.971440518748445],[86.3179825175938,26.97137499454569],[86.3184992044478,26.971235261295433],[86.31895043127605,26.9711313509113],[86.31933619638937,26.971083519864322],[86.31984907088567,26.971056631627356],[86.32068168830796,26.971058373098327],[86.32131842328016,26.97116977463523],[86.32207820478637,26.971457851473776],[86.32239226068086,26.97165796932618],[86.32258283050044,26.971699541951377],[86.3234782213233,26.971742169495627],[86.32392713484195,26.971714969921543],[86.32405574514304,26.97169752599625],[86.32444076062384,26.97167001320868],[86.32489198659512,26.97156610290873],[86.32540442363111,26.971559533193588],[86.32610499453386,26.97169143983757],[86.32699551025367,26.971867294280468],[86.32782912780375,26.971810268824537],[86.32938388462756,26.971865081287497],[86.33038781432043,26.97181336775905],[86.33077326680991,26.971765536808167],[86.33115922049504,26.97169738843367],[86.33160775882035,26.971670187796956],[86.33192618844785,26.971714572088068],[86.33198527306442,26.971737391460753],[86.33224199294679,26.97183791741751],[86.33318253219953,26.972397634889465],[86.33362657176741,26.97250584932365],[86.33407336030962,26.972516972710622],[86.33439472720023,26.97244851171607],[86.33458848436985,26.97237717628495],[86.33478411629433,26.972249449294964],[86.33517119463274,26.9721248461147],[86.33581455272201,26.971987924441564],[86.3364527867994,26.97200442226099],[86.33690195060078,26.97193883544348],[86.33735267600866,26.971816795253588],[86.33767554311638,26.971691879619353],[86.33825394020879,26.971554645751723],[86.33869972853948,26.971583837423548],[86.33901997047236,26.971535632348132],[86.33927500155241,26.971541381157117],[86.34003778182819,26.971639714776728],[86.34086189825146,26.971812881984466],[86.34155684316535,26.97204181639394],[86.34250644438653,26.972296756476553],[86.34301425616125,26.972387151951978],[86.3434608570906,26.97238020770746],[86.34365386427451,26.972326940526376],[86.34410702810038,26.972109996844534],[86.34443033168857,26.97196482569278],[86.34468817439144,26.971875734054738],[86.3449248853621,26.97178658059358],[86.34498922151143,26.971768824544956],[86.34509725957187,26.97171512061321],[86.34541825168901,26.971646722314592],[86.34714675625823,26.97144239379917],[86.34797674816701,26.971425942108137],[86.34944072239314,26.971541085085665],[86.35018518228766,26.971542140051376],[86.35027021371936,26.97154257699307],[86.3512873377269,26.971666852660032],[86.35185717321053,26.971813952325324],[86.35217260326299,26.97193729780422],[86.35306224306157,26.97205644776352],[86.35356886764788,26.972185167917733],[86.35401040567827,26.972349711444647],[86.35474005463242,26.972847412721812],[86.35527482073303,26.973454772447315],[86.35581882732427,26.973046396823662],[86.35658591039561,26.972282414698892],[86.3567851670698,26.972019210370274],[86.35709215072148,26.971702364012295],[86.35728865756364,26.971536187714598],[86.35820042087103,26.970908306556428],[86.35878456805233,26.970579141080304],[86.35916983235921,26.970495112220732],[86.36000251080128,26.97038150737802],[86.3602599169181,26.970312671501162],[86.36077897770267,26.970019329721627],[86.36103719625255,26.969912108593043],[86.3615576942248,26.969580380581412],[86.36188418582736,26.96931998839632],[86.36233959834736,26.969026334466495],[86.3626012536406,26.968804078511678],[86.36357810264104,26.968140311429273],[86.36397074182224,26.967805708144887],[86.3642304594345,26.967660226008633],[86.36448861469361,26.967553003603708],[86.36564640990927,26.96723764860116],[86.36654454832498,26.967070090302144],[86.3675065856238,26.966902842714678],[86.36815038129808,26.966709341837245],[86.36870614607851,26.96661024459047],[86.36890510050563,26.967073940966085],[86.36925110845698,26.96759909111959],[86.36973373563079,26.968531234911588],[86.36991361898404,26.96891803361462],[86.37032834837862,26.97000109693728],[86.37078759242272,26.971007637983696],[86.37092271039694,26.97147102194245],[86.37106239050341,26.97178086202462],[86.37121220447912,26.97247225025919],[86.37141122085241,26.97293807240339],[86.37173835603366,26.974093033330472],[86.37201540438805,26.974789546906948],[86.37206574147642,26.97525024411095],[86.37205336837435,26.97567230576639],[86.37246764961459,26.97604659894252],[86.37296577502212,26.976459590124936],[86.37327826728001,26.976679963898956],[86.37366722656051,26.976968356506536],[86.37370392704526,26.976995614478902],[86.37402979628193,26.976951910555613],[86.37430639753882,26.97693959140697],[86.37450246667733,26.97679142102303],[86.37470272370318,26.976510148176192],[86.37484477018751,26.976052574981974],[86.37486070615184,26.9755560545124],[86.37530567404322,26.974934992400264],[86.37545966562143,26.97476637843908],[86.37626825571733,26.973408783657902],[86.3764968949594,26.972897380855663],[86.37655609705851,26.972380728420514],[86.37660586205885,26.972152974124185]]]}},{"type":"Feature","properties":{"province":"Koshi Province","district":"Udayapur","municipality":"Katari Municipality","ward":"4","wardNumber":4,"sourceMunicipality":"Katari","sourceType":"Nagarpalika"},"geometry":{"type":"Polygon","coordinates":[[[86.40504337966709,27.007655899780605],[86.40508777005796,27.007599694865185],[86.40561139382916,27.007173064336023],[86.4061334546485,27.00680269970735],[86.40697225797783,27.0065150432137],[86.40779974955791,27.006590744020706],[86.40900125729195,27.006959214534824],[86.4094452962864,27.007046797602392],[86.4097003264905,27.00705242177714],[86.41027691188154,27.006987083458423],[86.41092052016091,27.00681146233845],[86.41130922234197,27.00662796645716],[86.41195883064609,27.006260476418237],[86.41221736182445,27.006153192586485],[86.41266671173916,27.006067037240182],[86.41296513380757,27.006054717530247],[86.41336778227827,27.00610153987624],[86.4144424304954,27.006449067329164],[86.41526879654127,27.006563091684967],[86.41534951393282,27.00655215036406],[86.41578167168062,27.006497504694288],[86.41623277278025,27.006375213858107],[86.41681448226741,27.00615864335315],[86.41705569258146,27.005936138422264],[86.4172287553686,27.00584435930121],[86.41745039478376,27.005563086781766],[86.41771986235888,27.005110451425494],[86.41779482196337,27.00474965645055],[86.41790579863253,27.00460111201854],[86.41814588367409,27.004414742306313],[86.41878886687918,27.004277444649944],[86.41913461708856,27.00411408047185],[86.41935444383745,27.003889199839996],[86.41960277891774,27.003436563821307],[86.41967355167198,27.003211122157182],[86.41966273061733,27.00286570800136],[86.41948522201378,27.002404449825345],[86.41899547062184,27.001704937047034],[86.4187329302362,27.001241116560376],[86.4186352032495,27.000951720445517],[86.41864395273385,27.000665198225896],[86.41869015520201,27.000552477548467],[86.41886665493483,27.000345540143506],[86.41864131843207,27.000055707326606],[86.41848037951728,26.999745805362956],[86.4181753246851,26.999279546595023],[86.41780374549532,26.99888974911317],[86.41765775320593,26.99878984629328],[86.4174271671579,26.998671502059345],[86.41717401018184,26.998589230493494],[86.41628430730302,26.998434319571828],[86.4155251508462,26.998187380660543],[86.41534927388841,26.998143744530957],[86.4147650574688,26.997996957867677],[86.41407167528499,26.99771638312374],[86.41350733874718,26.99737772753066],[86.41297044746683,26.996851704197173],[86.41222421888546,26.99551688285977],[86.41206096846705,26.995286067077373],[86.41193685897449,26.995168096088562],[86.41118626446823,26.99467514674502],[86.41048988193039,26.994487162237654],[86.40954209339557,26.99418070697083],[86.40922903826036,26.993983027535613],[86.40866957718657,26.99349313979209],[86.40785745908632,26.992920918243613],[86.40754715439434,26.992628398564342],[86.40734288813772,26.99235669612941],[86.40714205946514,26.991969834439747],[86.40654701964121,26.991249504459375],[86.40636044838355,26.991093022897797],[86.40579161340399,26.99091003854385],[86.40515381678327,26.990896041333702],[86.40419015427393,26.991104175139263],[86.40393087353274,26.991231777721143],[86.4031640306363,26.99127142328192],[86.40291162494286,26.991171020849485],[86.40272574148261,26.99099422136328],[86.4024686390134,26.99035878757306],[86.40210112265143,26.98985389344784],[86.40185365358427,26.98960225950251],[86.40162381747625,26.989463597026617],[86.40128900505096,26.989283859882576],[86.40090948992909,26.9891784577512],[86.40078413028264,26.989101187039378],[86.40064051268779,26.98892451166892],[86.40058336349692,26.988714325122718],[86.40036296421243,26.98827094733641],[86.39999182364214,26.987881149541753],[86.39978411987309,26.987722230226247],[86.39955315938921,26.987621953649857],[86.39911030774273,26.987498172508936],[86.39873298031374,26.987318248353453],[86.39841698776124,26.987215346307124],[86.39766508159347,26.986760658403924],[86.39747619874133,26.98667863674331],[86.39709587064434,26.986595741628268],[86.39659099627444,26.986410755038694],[86.39563995711204,26.98619901577846],[86.39513608233766,26.986016280070054],[86.39450691099042,26.985751772143786],[86.39419385693785,26.98556984718634],[86.39326406732636,26.984744176980282],[86.3929563258167,26.984411082362783],[86.39245706697538,26.983402167139182],[86.39170765196536,26.982254525836883],[86.39143823776232,26.98203665218812],[86.39038665183205,26.981034431967505],[86.39015155682459,26.980417190408954],[86.39003150987982,26.980184123524133],[86.38996979951092,26.98012516922966],[86.38980236177261,26.980043209947862],[86.38938133056833,26.979919490369593],[86.3889391675524,26.979793458609414],[86.38874803499267,26.979788146036157],[86.38830174625318,26.97979521567045],[86.3873996699166,26.980098314942058],[86.38695375739378,26.98008731627848],[86.38676518736214,26.980007544569393],[86.38639085916773,26.979748597843706],[86.38597664029368,26.979412691340535],[86.38579188269709,26.979217761303328],[86.3851420786871,26.978932809139025],[86.38495282108994,26.97887104373556],[86.38469954003413,26.978824782573014],[86.38438467289673,26.97870375045237],[86.38419347756053,26.978698438064026],[86.3839406973121,26.978634109289416],[86.38381496221389,26.978574906153113],[86.38312983015338,26.97807757966559],[86.38256205709273,26.9778922822711],[86.38224975219381,26.977692226539517],[86.38212601783029,26.97757431854081],[86.3818205263734,26.977164451345235],[86.38145076044822,26.97677234048691],[86.38127175246338,26.976385541000926],[86.38114775883066,26.975617503977332],[86.3810465319734,26.975461334251683],[86.38086108705184,26.97528440944443],[86.38063162551674,26.975143495930176],[86.38035883678697,26.975042968805294],[86.37947388562603,26.97480884746784],[86.37922329184471,26.97467005937977],[86.37885165120888,26.9743343396847],[86.37842429947708,26.973750110260575],[86.37816294708543,26.9732839140502],[86.37773028306366,26.97287123551729],[86.37698356448196,26.97229688718291],[86.37660586205885,26.972152974124185],[86.37655609705851,26.972380728420514],[86.3764968949594,26.972897380855663],[86.37626825571733,26.973408783657902],[86.37545966562143,26.97476637843908],[86.37530567404322,26.974934992400264],[86.37486070615184,26.9755560545124],[86.37484477018751,26.976052574981974],[86.37470272370318,26.976510148176192],[86.37450246667733,26.97679142102303],[86.37430639753882,26.97693959140697],[86.37402979628193,26.976951910555613],[86.37370392704526,26.976995614478902],[86.37366722656051,26.976968356506536],[86.37327826728001,26.976679963898956],[86.37296577502212,26.976459590124936],[86.37246764961459,26.97604659894252],[86.37205336837435,26.97567230576639],[86.37206574147642,26.97525024411095],[86.37201540438805,26.974789546906948],[86.37173835603366,26.974093033330472],[86.37141122085241,26.97293807240339],[86.37121220447912,26.97247225025919],[86.37106239050341,26.97178086202462],[86.37092271039694,26.97147102194245],[86.37078759242272,26.971007637983696],[86.37032834837862,26.97000109693728],[86.36991361898404,26.96891803361462],[86.36973373563079,26.968531234911588],[86.36925110845698,26.96759909111959],[86.36890510050563,26.967073940966085],[86.36870614607851,26.96661024459047],[86.36815038129808,26.966709341837245],[86.3675065856238,26.966902842714678],[86.36654454832498,26.967070090302144],[86.36564640990927,26.96723764860116],[86.36448861469361,26.967553003603708],[86.3642304594345,26.967660226008633],[86.36397074182224,26.967805708144887],[86.36357810264104,26.968140311429273],[86.3626012536406,26.968804078511678],[86.36233959834736,26.969026334466495],[86.36188418582736,26.96931998839632],[86.3615576942248,26.969580380581412],[86.36103719625255,26.969912108593043],[86.36077897770267,26.970019329721627],[86.3602599169181,26.970312671501162],[86.36000251080128,26.97038150737802],[86.35916983235921,26.970495112220732],[86.35878456805233,26.970579141080304],[86.35820042087103,26.970908306556428],[86.35728865756364,26.971536187714598],[86.35709215072148,26.971702364012295],[86.3567851670698,26.972019210370274],[86.35658591039561,26.972282414698892],[86.35581882732427,26.973046396823662],[86.35527482073303,26.973454772447315],[86.3553777979992,26.973572618899325],[86.35589030685021,26.97421598949211],[86.35605136999261,26.974526016319203],[86.35612708908808,26.974835605887453],[86.3564496531442,26.97543746694526],[86.35704369230393,26.976198621736664],[86.3576229121413,26.976749839828706],[86.35778597491998,26.976983031447396],[86.35816243789039,26.977912487751095],[86.35827867288373,26.978296724133862],[86.35868901745722,26.978806494476995],[86.3589703781004,26.979349463557877],[86.35917514322985,26.97962129109487],[86.35954728464255,26.979977391984917],[86.36041711347667,26.980764551334282],[86.36085552833069,26.981044190820917],[86.36125030151712,26.98135971651908],[86.36259724847892,26.982562180673135],[86.36296389030642,26.983107836551106],[86.36376600799042,26.984027848204594],[86.36406875096249,26.984573255265104],[86.36451892431802,26.985177927349195],[86.36478427645683,26.985547095804183],[86.36482479209054,26.985626180415082],[86.36529297296555,26.986325881133872],[86.36560234093258,26.986659037879974],[86.36574433319899,26.98689222975247],[86.36618756954942,26.987727095502105],[86.36675617450344,26.989350378053885],[86.36684871446337,26.989811262522096],[86.36700521564804,26.99027470982211],[86.36709806797425,26.99073559415158],[86.36727332645228,26.991275875322014],[86.36742520299192,26.991892867313272],[86.36741157914737,26.992353252989137],[86.36750506667417,26.993502589543176],[86.36749375508643,26.993886264711843],[86.36756522533305,26.994347086613423],[86.3675872422496,26.995035663181994],[86.36772780758943,26.996034017128142],[86.36774782450262,26.99680155482439],[86.36770388111952,26.99756434149097],[86.36772352420589,26.99833187992489],[86.36785201763779,26.9990232062456],[86.36788090974612,26.999483778442627],[86.36801371544445,27.000021622159522],[86.36811006741155,27.000369661465484],[86.36812957611153,27.000428427731777],[86.36834966220735,27.000892186948064],[86.36852729596211,27.001355695702753],[86.36884923523725,27.00197787481955],[86.3692169490354,27.00321198345867],[86.3691940846723,27.004665597689744],[86.36890093103,27.00588320883031],[86.36878376771458,27.00622574751235],[86.36864778369322,27.0064892639427],[86.36838187882793,27.00682667830775],[86.36811528644796,27.007184411488822],[86.36791421639117,27.00748594007448],[86.36782262329926,27.007693188642968],[86.36770164643141,27.00809224474598],[86.36815068890094,27.008301926381602],[86.36895117609988,27.00881113037514],[86.3691207390616,27.008850265116152],[86.36928936511735,27.00894804161014],[86.3698820842969,27.009149344283916],[86.37064286731513,27.00948449719843],[86.37095861115344,27.009700369750036],[86.37121220569124,27.00981890165076],[86.37154895738445,27.01005284185513],[86.37188670787117,27.01021013371968],[86.37205414618336,27.010346297502938],[86.37323514794885,27.0108775026271],[86.37357183620666,27.011073119331314],[86.37414398754933,27.011337440992058],[86.37422295586263,27.01147322993485],[86.37442422303612,27.0119368639951],[86.37449944305408,27.01234129418046],[86.37479930194507,27.012250013633242],[86.37516824581645,27.011951422152],[86.37542708818704,27.01180362661493],[86.37637243009627,27.01141950363905],[86.37731220935326,27.011245316742407],[86.37765208385719,27.011253628425134],[86.37807530220704,27.011339024109514],[86.37833058274047,27.011324328948138],[86.37884708176213,27.01106699791092],[86.37897719039267,27.01095471374589],[86.37906590815224,27.010803855548794],[86.37919639168338,27.010673441283185],[86.37939127318515,27.010523145153847],[86.3799277169739,27.010306513207183],[86.38103887091478,27.010060866111367],[86.38146383839617,27.010069426624334],[86.38256280746657,27.010340619853956],[86.38273324502617,27.010325550893715],[86.38299052556705,27.01023639704657],[86.38384452354309,27.01006177428808],[86.38409967898964,27.010067397423548],[86.38477536699071,27.01025319483095],[86.38503021047165,27.010258818834938],[86.3856276780221,27.010175600749367],[86.38630786435306,27.010169529151742],[86.3864788016957,27.01013645454058],[86.3870722693619,27.010204468361266],[86.38724076994671,27.010266109299057],[86.38749561331029,27.01027173333715],[86.38809707974549,27.01001708937511],[86.38843826675354,27.009966570995886],[86.38903367214334,27.00996012552434],[86.38996501593496,27.01011309798666],[86.39073060823331,27.01010965094328],[86.39124223232712,27.01004187565767],[86.39183695018394,27.01005568510535],[86.39268801179394,27.010016477207937],[86.39356189228815,27.009918626618813],[86.39400736884134,27.009965697627763],[86.39451536837355,27.010053656027583],[86.39485524301043,27.01005959150014],[86.39545321106439,27.00993804874131],[86.39570836623795,27.00994361016887],[86.3962990233107,27.01012897118664],[86.39663889731874,27.010134969121385],[86.39697989691592,27.010104831027252],[86.3974932080702,27.009962534247137],[86.3980096436914,27.009705140727807],[86.39835851669467,27.00932971403851],[86.39880817887743,27.009184853837517],[86.39906627230071,27.009057250949652],[86.39919663054891,27.008944966522577],[86.39943933989164,27.00856685306791],[86.39950380036568,27.00853090448368],[86.3997824010291,27.008441812737807],[86.40003724471622,27.00844512371736],[86.4007238671315,27.008172660453333],[86.40118453473053,27.008093444887862],[86.40122448585214,27.0079919776662],[86.40201801434532,27.007094643087207],[86.40244034785343,27.00651177979499],[86.40270012861042,27.006363921127726],[86.40308695662844,27.00623913003872],[86.40359801782229,27.00622999642789],[86.40416541705572,27.006453618688507],[86.4045363698167,27.006843416772565],[86.40476164405277,27.00713556282604],[86.40494371476031,27.007443337888482],[86.40504337966709,27.007655899780605]]]}},{"type":"Feature","properties":{"province":"Koshi Province","district":"Udayapur","municipality":"Katari Municipality","ward":"5","wardNumber":5,"sourceMunicipality":"Katari","sourceType":"Nagarpalika"},"geometry":{"type":"Polygon","coordinates":[[[86.41540350839908,26.94518338542998],[86.41534879873741,26.94504772084096],[86.41528533545764,26.94489173824365],[86.41508563189706,26.944486872000656],[86.41486292131822,26.944136021010777],[86.41443369398029,26.94360830844479],[86.41421660777186,26.943088220306187],[86.41389498242798,26.942506803944863],[86.41371241200996,26.942232912568763],[86.41342511439284,26.941920199126173],[86.41315651338905,26.94168431987367],[86.41282282559513,26.941484390146744],[86.41232063901263,26.941242950199573],[86.41215213950234,26.941199376681833],[86.41129288291481,26.94083465350903],[86.41112781955873,26.940678234173603],[86.41104766375649,26.940522190089382],[86.41105135086144,26.940407030922273],[86.4111647012277,26.940181775900864],[86.41140541180445,26.93995701968012],[86.41160023137003,26.939847235826058],[86.41172859035349,26.93981166079921],[86.41211072996074,26.93982222292244],[86.41249105844268,26.939889300807938],[86.41293722147387,26.939879855813064],[86.4132573371111,26.939831524809545],[86.41383585939623,26.939673659880864],[86.41402999158167,26.939581880780818],[86.41456943506867,26.939308732832092],[86.41476581784026,26.939142493632115],[86.41492187154097,26.938915175682062],[86.41506179263646,26.93851843231498],[86.41505503316827,26.93805792271011],[86.41500044725993,26.93777102646579],[86.41501138379661,26.93742567492712],[86.41515130451013,26.93702899468912],[86.41526265529275,26.9368578806565],[86.41534874687308,26.93664606754305],[86.4153781310492,26.93657398336515],[86.41541007590287,26.936231007094523],[86.41534867676582,26.936106596035135],[86.415210372654,26.93582382775046],[86.4149632160812,26.935588073738224],[86.41479577902227,26.935508364217444],[86.41454756011811,26.935290615682323],[86.41432334898384,26.9349985319674],[86.41408487944645,26.93447606871754],[86.41392305782078,26.93355442493125],[86.41386478423792,26.93338037490541],[86.41363043043923,26.93205667643139],[86.41349317844231,26.93101999839511],[86.4135059281139,26.930618255074325],[86.41356306748955,26.93016024579653],[86.41366053505443,26.929761064876324],[86.41366578514214,26.929589577152296],[86.41348076810989,26.928724262588474],[86.41343524363191,26.928148468708095],[86.41344799270396,26.92774666300487],[86.41349763304507,26.927518908437175],[86.41350174858253,26.926715359895624],[86.41367061458007,26.926088486776447],[86.41387443363968,26.925692055486532],[86.4142531892677,26.92512701015767],[86.414278321401,26.925014289359417],[86.4143867955026,26.924734831234208],[86.4144400624384,26.92459735283866],[86.41455672529992,26.92425475082977],[86.41457066201504,26.923796553486717],[86.41440833980762,26.922872659148013],[86.4142353315906,26.922296304348983],[86.41393296421072,26.921771341236145],[86.41336393236732,26.92095410728575],[86.41300522791688,26.920198702599375],[86.41287092287708,26.919735380316983],[86.41287810923298,26.919507376037785],[86.41307641967559,26.91859404304547],[86.41308885596567,26.918192300034526],[86.41294229302686,26.917442268881814],[86.41292839979242,26.9165257496655],[86.4127535790711,26.91600366156993],[86.41228533598978,26.915360539775875],[86.41206424988785,26.91495336018679],[86.41194314095056,26.914758679729008],[86.41073169806718,26.914803331155642],[86.40951913064703,26.914886306081442],[86.40849982096775,26.914897882834286],[86.40798644741686,26.91501761153499],[86.40753322226062,26.915254997952676],[86.40701828579941,26.91543118097401],[86.40682309118938,26.915561221263918],[86.40656199842603,26.915763408491348],[86.40638668715144,26.915950027205632],[86.40627646082984,26.91608269298358],[86.40600668130205,26.916573651776933],[86.40582980716245,26.91679865729611],[86.40563380040679,26.91696714650682],[86.40506947473845,26.917373334701985],[86.40483282748059,26.917482994145043],[86.4045127730057,26.917533575470788],[86.4041975944735,26.917428297882775],[86.40395043760505,26.917192543483196],[86.40379068743367,26.916862323096545],[86.40358804681341,26.916552234307776],[86.40340303927387,26.916355053352337],[86.40302846096921,26.91611648758152],[86.40277643080545,26.916034154169687],[86.40220622086429,26.915943758142955],[86.40188691729091,26.91597402107958],[86.40137379361921,26.916095999842568],[86.40104992699267,26.916277431852546],[86.40066397512284,26.916402222111337],[86.3997115632599,26.916321396614705],[86.3992635261508,26.91640761465797],[86.3989419100108,26.91651458695467],[86.39874665229742,26.916642439065434],[86.39857065306809,26.916849376185688],[86.39819958493648,26.917184103562107],[86.3980268982206,26.91727594535967],[86.39757810992984,26.917380105165616],[86.3973242666904,26.9173542258507],[86.39688722815123,26.917074711136078],[86.39643480624765,26.916605453328494],[86.39620697102043,26.91642621506697],[86.3960250254236,26.91613425623605],[86.39590054046694,26.91603666650004],[86.39533414344506,26.915831112878774],[86.39482676994052,26.915761222639087],[86.3939992798281,26.915759918817496],[86.39348571811482,26.915899965113425],[86.39296847006463,26.916155108098618],[86.39264685383945,26.91626208071727],[86.39245540919235,26.916277024924415],[86.39213791769204,26.916248582767018],[86.39188751189903,26.916109793990607],[86.39163966822694,26.915892045381202],[86.39119894267003,26.915727626813496],[86.39030824109811,26.91570575527484],[86.38985945334379,26.915809915800335],[86.38960442247642,26.91582236012691],[86.38941366517088,26.915817047605547],[86.38890704168905,26.91572908968711],[86.38820322305395,26.91584569393027],[86.38763420087798,26.915716787614016],[86.3874435061172,26.91571147586342],[86.38731489704948,26.91574705015898],[86.38707631199871,26.915913038297557],[86.38685310978427,26.916271021247265],[86.38666904906091,26.916726157186346],[86.38653656491967,26.916894895028417],[86.38640595681545,26.917007179402365],[86.38623370680416,26.917078702895743],[86.38593534822351,26.91712934531193],[86.3854904356103,26.91709802860314],[86.38473715559468,26.91675393591134],[86.38392560201991,26.916235730169532],[86.38376141368929,26.91605892955772],[86.38372227366288,26.9159436461381],[86.38332056354896,26.915896762178512],[86.38275110393752,26.91578592279249],[86.38258222899253,26.91576266785903],[86.3824347991035,26.915721345332308],[86.38217976879675,26.915733788866582],[86.3820500348882,26.91580774940775],[86.38171191946473,26.9164495666456],[86.3815794359949,26.916618304675293],[86.38129727300637,26.91682249275525],[86.3810391800148,26.91692971481497],[86.38059039226829,26.917033875315724],[86.38000949621139,26.917288643723342],[86.37968975466606,26.91733691124616],[86.37930380306841,26.917461639751668],[86.37898399916625,26.917512157568257],[86.37783945418693,26.91746421887788],[86.37739222936008,26.91750961177473],[86.37636479420027,26.917791831174743],[86.37564146816202,26.917849605839802],[86.37532241494534,26.91787980491873],[86.37451599507266,26.91787850071702],[86.37432804936665,26.91777834912241],[86.37407939366847,26.91758085629723],[86.37397872904832,26.917406618153592],[86.37389481436286,26.916695223356907],[86.37381259397156,26.916478159921905],[86.37368254684256,26.91650241816414],[86.3736664156019,26.91650460665212],[86.37298954507493,26.9166347772232],[86.37238938935222,26.916731437469668],[86.37196398262368,26.91670024498572],[86.37170726468288,26.916732944601907],[86.37144942133737,26.91680178040072],[86.37101720250575,26.91698046218805],[86.37079800034006,26.91716458105865],[86.37027968861372,26.917378962546483],[86.36976737695673,26.917401536682085],[86.36908568938352,26.917382726007407],[86.36863658832013,26.917425869254934],[86.36840012740284,26.917496954896073],[86.36803480727465,26.917581170875202],[86.36762659766029,26.91768320487049],[86.36736844089545,26.917754291300586],[86.36616669270059,26.91802657182703],[86.36575648293895,26.918207567121833],[86.36532720259115,26.91830947624198],[86.36508880442314,26.918437078807962],[86.36465908650851,26.91856155745627],[86.36414671169297,26.918604387946512],[86.36355018090619,26.91860852070732],[86.36227521372867,26.918517007639704],[86.36168174501555,26.91842404938578],[86.36091496483674,26.918422932065493],[86.36057021510538,26.918547721788244],[86.35987559169125,26.918968915646445],[86.35935528034965,26.919262319716957],[86.35885622733906,26.91955572366155],[86.35887111877612,26.92043616989319],[86.35882561223825,26.92120114515326],[86.35897667652341,26.921818136471433],[86.35938070798142,26.922517462790395],[86.3596481846989,26.922812108657734],[86.35997499748159,26.92326048703566],[86.36035758430015,26.92395975107104],[86.36050308562322,26.924736914979903],[86.36063145482461,26.925421364309994],[86.36059088492085,26.926030731413718],[86.36051273767134,26.926488616838945],[86.36025015360536,26.927399386211825],[86.35981457013447,26.92838155488315],[86.35944057173518,26.92944080690951],[86.35895797346222,26.930574082784528],[86.35864373987141,26.93108279723675],[86.35841441315459,26.931612205853657],[86.35823453886138,26.931911607947505],[86.35769754119788,26.932737605625253],[86.35742538597671,26.933266826945708],[86.35713491088062,26.93369889379274],[86.3568577555191,26.93437934685518],[86.35672114636641,26.934663182170276],[86.3566101078976,26.93481166397564],[86.35585242530671,26.937237071918677],[86.35564416871537,26.93776654154767],[86.355537389269,26.938452306297997],[86.35554452264942,26.938910628548218],[86.3556103055164,26.939524808607363],[86.35575674365725,26.940292969399717],[86.35597408087659,26.94083343885528],[86.35613483141762,26.941143465275296],[86.35635285552203,26.941665866226202],[86.35662990315971,26.942342061793383],[86.35719456970878,26.94403755371036],[86.35734338390068,26.944731255838438],[86.35737615906068,26.945724609645527],[86.35725755826442,26.946103284371276],[86.35725055861894,26.94633347699093],[86.3573258495388,26.94732926890874],[86.35742038840225,26.94771344249769],[86.35757833609159,26.9487886320077],[86.35765405491686,26.949095971497734],[86.35779529755723,26.949347168407833],[86.35814461838638,26.949759598686768],[86.35845661094179,26.949995726398367],[86.35864518116541,26.950095941493814],[86.35946698623,26.950386330244754],[86.36009590746039,26.95070741773959],[86.36024208716456,26.950807383261097],[86.36034500149692,26.950925229088963],[86.36042534595353,26.95108139923334],[86.36050075290572,26.95138867600604],[86.36048419096129,26.95192358358736],[86.36040604333009,26.952379218551147],[86.36030939687038,26.953446532353787],[86.36032615505057,26.95360007768019],[86.36054299273373,26.954178869641368],[86.3607699541602,26.954414687167393],[86.36102104722518,26.954555788475016],[86.36140131330043,26.954640996534163],[86.36210106945029,26.954716323380648],[86.36296351522175,26.955065604794036],[86.3632551252282,26.95528366521431],[86.36343700758185,26.955593691741072],[86.36347483654232,26.95574736116697],[86.36345602545106,26.956358978808595],[86.36361046373682,26.95689694724083],[86.36403200444633,26.957749817988297],[86.36472077197247,26.958915402881804],[86.36527060967914,26.959750830010762],[86.36625692351276,26.960924476933442],[86.36656735416733,26.961219309964754],[86.36685915041097,26.9614170525289],[86.36733333092293,26.961927009222002],[86.36783058175652,26.962380699502678],[86.3681223164474,26.96257837973583],[86.36890623947856,26.963403550353398],[86.36921166922694,26.9638698721882],[86.3697643910915,26.96533735905661],[86.36998522810674,26.96578298781446],[86.37012284590898,26.966167349164348],[86.37021500812003,26.96641379576598],[86.37026065150425,26.966535830607697],[86.37045090970386,26.96657734049851],[86.3714032606018,26.966737377498973],[86.37209714238594,26.96700451064264],[86.3722855253038,26.96710466332815],[86.37304255664222,26.96739249012745],[86.37366716317126,26.96765706082777],[86.37370767820049,26.967675315549833],[86.3738781170986,26.96777765648517],[86.37406200015953,26.968010972906097],[86.37424294550405,26.968323250073514],[86.3744519078588,26.96909391119862],[86.37453101020988,26.9699384707736],[86.37462180037443,26.970419674087143],[86.37472265180948,26.970593911523213],[86.37496980820453,26.970829852971583],[86.37511542499533,26.970929756252357],[86.37567251086918,26.971440086817534],[86.3761710102834,26.97179893720184],[86.37660586205885,26.972152974124185],[86.37698356448196,26.97229688718291],[86.37773028306366,26.97287123551729],[86.37816294708543,26.9732839140502],[86.37842429947708,26.973750110260575],[86.37885165120888,26.9743343396847],[86.37922329184471,26.97467005937977],[86.37947388562603,26.97480884746784],[86.38035883678697,26.975042968805294],[86.38063162551674,26.975143495930176],[86.38086108705184,26.97528440944443],[86.3810465319734,26.975461334251683],[86.38114775883066,26.975617503977332],[86.38127175246338,26.976385541000926],[86.38145076044822,26.97677234048691],[86.3818205263734,26.977164451345235],[86.38212601783029,26.97757431854081],[86.38224975219381,26.977692226539517],[86.38256205709273,26.9778922822711],[86.38312983015338,26.97807757966559],[86.38381496221389,26.978574906153113],[86.3839406973121,26.978634109289416],[86.38419347756053,26.978698438064026],[86.38438467289673,26.97870375045237],[86.38469954003413,26.978824782573014],[86.38495282108994,26.97887104373556],[86.3851420786871,26.978932809139025],[86.38579188269709,26.979217761303328],[86.38597664029368,26.979412691340535],[86.38639085916773,26.979748597843706],[86.38676518736214,26.980007544569393],[86.38695375739378,26.98008731627848],[86.3873996699166,26.980098314942058],[86.38830174625318,26.97979521567045],[86.38874803499267,26.979788146036157],[86.3889391675524,26.979793458609414],[86.38938133056833,26.979919490369593],[86.38980236177261,26.980043209947862],[86.38996979951092,26.98012516922966],[86.39003150987982,26.980184123524133],[86.39015155682459,26.980417190408954],[86.39038665183205,26.981034431967505],[86.39143823776232,26.98203665218812],[86.39170765196536,26.982254525836883],[86.39245706697538,26.983402167139182],[86.3929563258167,26.984411082362783],[86.39326406732636,26.984744176980282],[86.39419385693785,26.98556984718634],[86.39450691099042,26.985751772143786],[86.39513608233766,26.986016280070054],[86.39563995711204,26.98619901577846],[86.39659099627444,26.986410755038694],[86.39709587064434,26.986595741628268],[86.39747619874133,26.98667863674331],[86.39766508159347,26.986760658403924],[86.39841698776124,26.987215346307124],[86.39873298031374,26.987318248353453],[86.39911030774273,26.987498172508936],[86.39955315938921,26.987621953649857],[86.39978411987309,26.987722230226247],[86.39999182364214,26.987881149541753],[86.40036296421243,26.98827094733641],[86.40058336349692,26.988714325122718],[86.40064051268779,26.98892451166892],[86.40078413028264,26.989101187039378],[86.40090948992909,26.9891784577512],[86.40128900505096,26.989283859882576],[86.40162381747625,26.989463597026617],[86.40185365358427,26.98960225950251],[86.40210112265143,26.98985389344784],[86.4024686390134,26.99035878757306],[86.40272574148261,26.99099422136328],[86.40291162494286,26.991171020849485],[86.4031640306363,26.99127142328192],[86.40393087353274,26.991231777721143],[86.40419015427393,26.991104175139263],[86.40515381678327,26.990896041333702],[86.40579161340399,26.99091003854385],[86.40636044838355,26.991093022897797],[86.40654701964121,26.991249504459375],[86.40714205946514,26.991969834439747],[86.40734288813772,26.99235669612941],[86.40754715439434,26.992628398564342],[86.40785745908632,26.992920918243613],[86.40866957718657,26.99349313979209],[86.40922903826036,26.993983027535613],[86.40954209339557,26.99418070697083],[86.41048988193039,26.994487162237654],[86.41118626446823,26.99467514674502],[86.41193685897449,26.995168096088562],[86.41206096846705,26.995286067077373],[86.41222421888546,26.99551688285977],[86.41297044746683,26.996851704197173],[86.41350733874718,26.99737772753066],[86.41407167528499,26.99771638312374],[86.4147650574688,26.997996957867677],[86.41534927388841,26.998143744530957],[86.4155251508462,26.998187380660543],[86.41628430730302,26.998434319571828],[86.41717401018184,26.998589230493494],[86.4174271671579,26.998671502059345],[86.41765775320593,26.99878984629328],[86.41780374549532,26.99888974911317],[86.4181753246851,26.999279546595023],[86.41848037951728,26.999745805362956],[86.41864131843207,27.000055707326606],[86.41886665493483,27.000345540143506],[86.41906003698605,27.000294397955297],[86.41963449716621,27.000308083045443],[86.4199508648965,27.00041092170399],[86.4204523651835,27.000726758762614],[86.42095605307851,27.000968074123293],[86.42165318603196,27.001156059459788],[86.42190746751082,27.00119994483783],[86.42222727196399,27.00118774970712],[86.42248386476106,27.001157175343096],[86.42280591911104,27.001068208271402],[86.42330178536675,27.000869331829985],[86.42351923807661,27.00072347423753],[86.42371605793042,27.00055498518835],[86.4240527981992,26.999989753223424],[86.42418565791579,26.999821014670747],[86.42425486755344,26.999652027263032],[86.42426542942984,26.999308925840825],[86.42431325778837,26.999137562462998],[86.42449575617827,26.998741007152674],[86.42451656714961,26.99805493058962],[86.4243623155442,26.99753509187287],[86.42438650104731,26.99673385608575],[86.42429433578383,26.996272971845098],[86.42425649806174,26.995412844999635],[86.42428663023883,26.995128511223395],[86.42433439486122,26.99495714804045],[86.42453496454391,26.994675812918523],[86.42534837607415,26.99383486960879],[86.42556995352204,26.993553660218513],[86.425708061673,26.993213371290043],[86.42571149933076,26.99309821197702],[86.42594026310113,26.99258899744749],[86.42599858957982,26.99207459635958],[86.42609755734549,26.99161902365938],[86.42610811926507,26.991275985266324],[86.42605290705554,26.990986775663764],[86.42607960204867,26.990815350221236],[86.42616988312177,26.990646424776994],[86.42663073305411,26.990199100941503],[86.42681666946709,26.989687448975364],[86.42674219957107,26.989341785210815],[86.42652367560412,26.988821635237002],[86.42631978399393,26.98853192722147],[86.42547339940553,26.987652678760142],[86.425187664277,26.987245249739008],[86.4251078828172,26.987071074745455],[86.42517759343443,26.9868817685212],[86.42541680346714,26.986715717077413],[86.42651213796874,26.986415366158674],[86.42695948907223,26.98640817196368],[86.4275948478138,26.986516822295425],[86.42803832439341,26.98664279111199],[86.42829073081887,26.98674313070712],[86.42885538031452,26.987081724183287],[86.4292917320704,26.987435635537373],[86.42991459281646,26.98796634713629],[86.43053789054322,26.988476740026197],[86.43115856286008,26.9890638428409],[86.4315313291698,26.989417504789163],[86.43170145402293,26.98942044099205],[86.43177016439998,26.989269458751465],[86.4317592804635,26.988926358120324],[86.43162428772536,26.988465287272522],[86.43150504338298,26.987487438815855],[86.43149759632259,26.9870292419972],[86.43140355608149,26.98662699934247],[86.43135353221089,26.98616630271122],[86.43142398265731,26.98525234565129],[86.4316101058903,26.98474063115516],[86.43182948687644,26.983829611123074],[86.43185054709402,26.98314353484199],[86.43175619495466,26.982739104554017],[86.43165540526788,26.982546736489063],[86.43136804550221,26.982195762083045],[86.43080683315961,26.98174432325544],[86.43055517675707,26.98162366572961],[86.42985028586546,26.980995551567524],[86.4286760255057,26.979708686418846],[86.4285756732765,26.979496125461484],[86.42841129775509,26.97930132032843],[86.42784933680112,26.97888595440996],[86.42757510989071,26.978803557618416],[86.42736634467447,26.9786650199572],[86.42695456219215,26.978198386761715],[86.42663499816658,26.97750412416267],[86.42648349620373,26.9768692526225],[86.42644748011858,26.97664106098469],[86.42646947807049,26.975898467572375],[86.42651699288147,26.97572710453002],[86.4265287420839,26.975327611373512],[86.42649616219391,26.974982135806187],[86.42628263741308,26.974290559675577],[86.42612213661032,26.973962590782513],[86.42593594097065,26.973788041159356],[86.42564401867556,26.97358817319884],[86.42554260465032,26.97341399865458],[86.42540573675211,26.9730116320975],[86.42530344686999,26.97287578023389],[86.42478256391493,26.972498925680913],[86.42444700110636,26.972339570096306],[86.42360550177685,26.972031426164175],[86.42333514947867,26.971815865865427],[86.42319490647314,26.971526344845348],[86.42318214844916,26.97123963632035],[86.42329662417886,26.97095792685969],[86.42407083049648,26.969947559412645],[86.42418718169498,26.969607208257045],[86.42417411019723,26.96932043668259],[86.42403430456696,26.96901066021969],[86.42384923451351,26.968797723976603],[86.42366960054696,26.968392919903398],[86.42350260045141,26.96829289270257],[86.42333297494709,26.968269637223194],[86.42310313938702,26.968131036653148],[86.42289581127609,26.96795411229621],[86.42275188088294,26.967777436869476],[86.42265259101532,26.967546808125135],[86.42275437099916,26.96697839014413],[86.42272179201795,26.9666329135662],[86.42262719143375,26.96641353810949],[86.42262218983818,26.966402222405982],[86.42239947843115,26.96605368522113],[86.42219477536409,26.965797799094926],[86.42194649395721,26.965582364417298],[86.42155896988815,26.965057089385482],[86.4210904672175,26.96372564079392],[86.42106795076536,26.96309345521772],[86.42114459786005,26.962694274735526],[86.42126792956539,26.960803156349222],[86.42142097488043,26.960002419618657],[86.42158565279567,26.959490704614797],[86.42161609801843,26.959204120555054],[86.42163972169398,26.958459339247877],[86.42157087699341,26.957942125776132],[86.42125262543023,26.957245548967148],[86.42104910962318,26.956953528231],[86.42078688305841,26.956505524753638],[86.42061988293987,26.95640555977998],[86.4205378515909,26.956308157497467],[86.42017371031257,26.955726552865887],[86.41989409965016,26.955145259956897],[86.4197406611942,26.954625421850164],[86.41975497338946,26.954164973756498],[86.41989708159329,26.953709651777892],[86.41997341671856,26.953310408384553],[86.42013290703915,26.95297018174211],[86.42014040710349,26.952739989220948],[86.42019904639749,26.952225524754645],[86.4201655932002,26.951938753482548],[86.42006661601742,26.951705811263828],[86.42003316240964,26.951419039925884],[86.41991467733808,26.951129581673573],[86.41960918431452,26.950699458705472],[86.41942298994665,26.950542976741332],[86.41913450481901,26.950248331525277],[86.41886740270787,26.949956061051367],[86.4187459186296,26.9497613798635],[86.41862443432537,26.949566761722412],[86.4184212305892,26.94927474047473],[86.41815531648895,26.94894183325737],[86.41771977668394,26.948587921415324],[86.41728573756212,26.94819331069184],[86.41696036216209,26.94772705237746],[86.41661729142695,26.947145510067195],[86.41635018939782,26.946850927308144],[86.41606545547818,26.946441185120925],[86.41568524336455,26.94568796817552],[86.4155226808239,26.945452525753705],[86.4154234536482,26.94522183348781],[86.41540350839908,26.94518338542998]]]}},{"type":"Feature","properties":{"province":"Koshi Province","district":"Udayapur","municipality":"Katari Municipality","ward":"14","wardNumber":14,"sourceMunicipality":"Katari","sourceType":"Nagarpalika"},"geometry":{"type":"Polygon","coordinates":[[[86.41407587603608,27.176213402618938],[86.41491849221121,27.17579252019916],[86.4156540694983,27.17540733620734],[86.41591416337296,27.175259415257077],[86.41667437257621,27.17477951549817],[86.41706582583717,27.17449899106531],[86.41789399490582,27.17382747269322],[86.41831151718067,27.17337552295984],[86.41854003069965,27.17280535288556],[86.4188752087762,27.17223793318743],[86.41896692675562,27.172008052078407],[86.4191907529481,27.171611745275566],[86.41951098487996,27.170811819881315],[86.41953680414954,27.1706402692087],[86.4196754121047,27.170241337472],[86.41972736361718,27.16989617309264],[86.4199331830236,27.16938239540738],[86.42013186673339,27.168351653492525],[86.42036662911089,27.167549040112984],[86.42040519725396,27.166917166736273],[86.42062001369406,27.166058037199715],[86.42070428435025,27.165311254320343],[86.42070308568236,27.16456409723159],[86.42061428401726,27.16312361306482],[86.4204704051496,27.162141138598738],[86.42046764414954,27.161450436343426],[86.42051959639407,27.161105271621874],[86.420472694763,27.160470773647138],[86.42050345159909,27.160127797996314],[86.42047493369095,27.159608520849357],[86.42055295595739,27.159091930829682],[86.42066861771502,27.158749328494658],[86.42113321807122,27.158125952840738],[86.42137430249612,27.157880941170152],[86.4218292779811,27.157605167311672],[86.42202272345007,27.15755177505416],[86.42215264522363,27.157477813740368],[86.42337671493615,27.157139700918904],[86.42415318350079,27.156811096761853],[86.42447886156395,27.156588964722136],[86.42512834567339,27.156219161942715],[86.42538650094865,27.156127632436274],[86.42571143011376,27.15594388717819],[86.42610313267366,27.155645295141124],[86.4267526158176,27.155275491643884],[86.42688347448842,27.15516314523206],[86.42759504476156,27.154872551537103],[86.42843197425685,27.154661542677463],[86.4291369822162,27.154598953939402],[86.42951937240318,27.154645651406366],[86.42983655298693,27.154750741268955],[86.43040401523527,27.155051010309965],[86.4309267125,27.1554255520394],[86.43165373960231,27.15613281449076],[86.43175609149986,27.156288921687846],[86.4321334830435,27.156527424193495],[86.43232361665166,27.156589127924878],[86.43257671104483,27.156691718266295],[86.43314823546403,27.15683850489534],[86.43353218811782,27.156826496934073],[86.43391264251069,27.156949904166446],[86.43455350165964,27.156907321484603],[86.434789400034,27.15685411560957],[86.43543500895557,27.156619664953457],[86.43660111657628,27.15606905315535],[86.43724635085417,27.155852669713006],[86.43769545257808,27.155807089098133],[86.43786770255255,27.155733252821772],[86.43863153725488,27.15514038279827],[86.43876452074578,27.154969393435522],[86.4390793156039,27.15440403630503],[86.43914827612124,27.154232798244262],[86.43922304843187,27.1538538733661],[86.43914251709609,27.15367744736721],[86.43906317194717,27.153467324292738],[86.43899101454328,27.15300418968109],[86.43885139600793,27.152656025834094],[86.43854615108015,27.152133438569518],[86.43827854860398,27.15178246341848],[86.4380764680727,27.151375409026407],[86.43762823098292,27.150617379039364],[86.437360940325,27.15026646672166],[86.43677815676953,27.149735942351224],[86.43629734974684,27.149379654932886],[86.43606607600825,27.149259060317966],[86.43560640283407,27.148902835237735],[86.43526940138848,27.148741229407726],[86.43428321862697,27.148143627833097],[86.43369124877255,27.147935885720027],[86.4331859347991,27.14769457016471],[86.43251536993318,27.147256198748956],[86.43209433740786,27.14705589518203],[86.43184093099549,27.14695330547625],[86.43124752386599,27.14680420559605],[86.43057527177803,27.14642453944057],[86.43006658273092,27.146296069717074],[86.42947461247975,27.146090515353215],[86.42915980715173,27.145910904298958],[86.42872045434768,27.145593065299337],[86.42842978107879,27.145298482416745],[86.42804263019084,27.144658111346132],[86.42802618410883,27.144484247670462],[86.42771255521748,27.14350108745382],[86.42758456038163,27.142751181276545],[86.427353025663,27.141885680248404],[86.42734151727431,27.141540328346974],[86.42738909493526,27.141368965631717],[86.42754658597362,27.141087443956213],[86.42776785034435,27.14080398294507],[86.42790089732459,27.140635181949683],[86.4277540919586,27.140537529415774],[86.4273331219615,27.14033491281945],[86.42674002706302,27.14016768232726],[86.4263179322629,27.14000345131496],[86.4258398761596,27.139552323875122],[86.42546842095354,27.139101633515416],[86.42502218365821,27.13828721181327],[86.4249597226525,27.138228257800403],[86.42457569603823,27.137472790820414],[86.42447221905702,27.13735500687893],[86.42437099143527,27.13716045061398],[86.42397840328604,27.136711948393206],[86.42370773862939,27.136473819560404],[86.42320561139316,27.13611734502004],[86.42253086026278,27.13583245637999],[86.42225294564619,27.13584483867489],[86.42210151610178,27.135918736528936],[86.42194821170364,27.136049026357366],[86.42161378399531,27.13655561626921],[86.42138070744564,27.137240757200168],[86.4211778885208,27.137616870362457],[86.42100182664977,27.137803551987027],[86.42082857617335,27.13789539341145],[86.42074342032596,27.137892768493963],[86.42048963812219,27.137810434823795],[86.42015382502092,27.137610442162014],[86.41956422957014,27.137328115903415],[86.41930694840723,27.137381197012964],[86.41879576112697,27.137367823356815],[86.41862432306863,27.137403272835343],[86.41819822934035,27.137394712743298],[86.41783865850611,27.1372894364268],[86.41771361175225,27.137191845958355],[86.41759025102589,27.13701523299161],[86.41768659331304,27.136616115275753],[86.41767295933262,27.136327155587008],[86.41748588861131,27.13615029281122],[86.41689698103194,27.13586796707869],[86.41670915958277,27.13571142305356],[86.41660599491615,27.135593639141902],[86.41642517327526,27.135186584445005],[86.41639084395067,27.13487949438054],[86.41614756104153,27.134413485496154],[86.41589834159706,27.134177669200096],[86.41573402794363,27.13394222694619],[86.41565818235917,27.133596563602033],[86.41559734648963,27.13347896728965],[86.41505520423281,27.133054598811118],[86.41491358468481,27.132681552995752],[86.41502424787502,27.132512752038398],[86.4151155900205,27.132228730233496],[86.41514728194295,27.131770596059482],[86.4150686867262,27.13148363709251],[86.41505374050061,27.131196866007887],[86.4149776444696,27.130794811165043],[86.41473460974402,27.130218207199313],[86.41450808416882,27.129871858002197],[86.4144906382477,27.129700245708026],[86.41463018245703,27.12918846890001],[86.41480699308313,27.128904757877397],[86.41512178567804,27.128165725831163],[86.41502580680547,27.12770484120601],[86.41488281310131,27.12741757131292],[86.41468023206498,27.12695625053913],[86.41423093062413,27.126089875752445],[86.41397076244357,27.125343909537047],[86.41391586138518,27.124941855030126],[86.41373441401419,27.12448065861641],[86.41367195282277,27.12442170513203],[86.41342523153094,27.124018902177657],[86.41270195184858,27.123013676812192],[86.41262054537854,27.122841752821376],[86.41235150426601,27.12249309069038],[86.41212622843017,27.12209028786614],[86.41193978165104,27.12185703327058],[86.41145046411938,27.12087762679257],[86.41137436740202,27.120475508993874],[86.41138180370068,27.120132408642267],[86.41170834307898,27.118878786986905],[86.41182275603167,27.11853612229113],[86.41213211207048,27.118045350610867],[86.41190158768654,27.117870551057365],[86.41122933598851,27.117441182890328],[86.41085038143825,27.117243191278533],[86.41028135598418,27.11696767962049],[86.4095178863354,27.116801951295496],[86.40855728540423,27.116883673003837],[86.40791598871029,27.116987147928565],[86.40740373919024,27.117016662640335],[86.40651003525603,27.116965407652106],[86.40625381677583,27.116998232377295],[86.40580677717733,27.116973730498767],[86.40529359020019,27.11705963552796],[86.40509983263335,27.1171332845894],[86.40426490368357,27.117310345484658],[86.4038802634679,27.117360677282132],[86.40343272476456,27.11737456158098],[86.4029229110413,27.117309234919528],[86.40247755882909,27.11720577173411],[86.40177555059691,27.11715539049446],[86.4010739804736,27.117086940000604],[86.40024804913017,27.116864509310354],[86.39974142344832,27.116665956589088],[86.39929569632059,27.11658281192196],[86.3987214224561,27.116535116124645],[86.39834084299154,27.1164139599041],[86.39770785752825,27.116138136220968],[86.39675587852511,27.115836120007323],[86.39612045587286,27.11567307941418],[86.39592876083688,27.115670017568632],[86.39560733168207,27.11574091769608],[86.39515941760625,27.11577286884859],[86.39503055842134,27.115808380699114],[86.39457770790378,27.11605026913493],[86.39405589807721,27.116517537169923],[86.39303372315705,27.117436317834844],[86.39266021768415,27.117926778372677],[86.39252723441567,27.118151908889548],[86.3924143842175,27.11843811929327],[86.39214829290401,27.118890692264547],[86.39184093572526,27.119286624242697],[86.3911681955212,27.11982997816021],[86.3907769318894,27.120166894238675],[86.39044931670979,27.120522126609778],[86.39016046708247,27.121033280415826],[86.38996252328889,27.121316865561784],[86.38972331406453,27.12152349121949],[86.38944396253348,27.12163283893342],[86.38886500215195,27.121795142638344],[86.38815480918392,27.122108055396716],[86.38764699499826,27.121947888259992],[86.38752101032537,27.12186830402433],[86.38712973359709,27.121270695023053],[86.38711278786084,27.12108101475278],[86.38674015711592,27.121530838960954],[86.3866285568749,27.121758344167453],[86.38608436419105,27.122266123808043],[86.38555499261379,27.123058362547724],[86.3851624164104,27.123451669773566],[86.38451255987553,27.123918313367362],[86.38416743553012,27.124104184721062],[86.38390753023573,27.124290429708104],[86.38340753955241,27.124721623488753],[86.38319102478481,27.124869669409517],[86.38273936159688,27.125052790440183],[86.38171005104141,27.125341699559677],[86.38145176944317,27.12545342229191],[86.3808443661862,27.12592025325615],[86.38052206188202,27.1260475440537],[86.3801369216789,27.12611581892672],[86.37962704609332,27.12604811668498],[86.37937376399574,27.12594765233283],[86.37911829546695,27.125944279464914],[86.37898943635933,27.12597985403045],[86.37872909338645,27.126184104331852],[86.37855221934014,27.126467751700382],[86.37854559663404,27.126754398136118],[86.37864469968669,27.127082118467065],[86.37893093615028,27.127604769216088],[86.37939129767067,27.12797474748097],[86.37967803536873,27.12847707967245],[86.37975812990315,27.12870545764773],[86.37988650173686,27.129624726627647],[86.38014635794949,27.13037300604045],[86.3803611354958,27.13123394399857],[86.38042103479121,27.131405742982594],[86.38058503632949,27.131695389138244],[86.38095655443664,27.132216163285232],[86.38107666566725,27.132562075458097],[86.38127743334078,27.132996326341154],[86.38134095754764,27.133082412972904],[86.38129575575391,27.13322214222455],[86.38110819485375,27.133833010499863],[86.38093200814319,27.134039948729914],[86.38075900852884,27.134131727731255],[86.38056568810761,27.134185057279783],[86.38041369644343,27.13429721693945],[86.38027940045845,27.134524597910335],[86.38029653375524,27.134678205348415],[86.38014422946709,27.134790364646665],[86.38003406517004,27.13492084146211],[86.37989370773755,27.135378414874257],[86.37994479560044,27.13583911266173],[86.37993648434836,27.136146077495358],[86.38001101691597,27.136530127028006],[86.3799101123968,27.137102983957206],[86.37971366714112,27.137271410081823],[86.37951678534127,27.137457904402563],[86.379277699421,27.137626143996698],[86.37824270076503,27.138066284574602],[86.37792170820791,27.138116803073256],[86.37776934152484,27.13822896294351],[86.37767987347263,27.13837982038096],[86.37769900691963,27.138456654907724],[86.37792659397209,27.138710476810925],[86.37800743781928,27.138864334155297],[86.37817256377348,27.139059139720462],[86.37823227525269,27.139215184678886],[86.37822796267662,27.13936866705873],[86.37813811952677,27.1395375299198],[86.37794161201934,27.139705956702525],[86.37768345688902,27.139797361020943],[86.37742567579853,27.13986844764347],[86.37691361319683,27.13989777448448],[86.3767199181568,27.139969172070465],[86.37650321543795,27.140099150447806],[86.37643712904327,27.140175611320405],[86.37639023920796,27.140326530521072],[86.37638192727336,27.140633558648073],[86.37620299110941,27.14093752453515],[86.3761561013564,27.141088569115624],[86.37597991364775,27.141295444180294],[86.37545722797746,27.141706195709865],[86.37517800117371,27.141777157234603],[86.37483825128284,27.14173277318919],[86.3743759526663,27.141493707325115],[86.37391715504221,27.141139483512006],[86.37377278506327,27.140836458439257],[86.3724309122276,27.140412911747536],[86.37196323979997,27.140347522526728],[86.37181206052938,27.14042142046246],[86.37168151332617,27.140533704924337],[86.37161374101746,27.140686875813962],[86.37159974381508,27.141280487991992],[86.37156911313019,27.141679855487514],[86.37152453478559,27.141756440405732],[86.37080453047183,27.142432647013482],[86.37036037709672,27.143171056218],[86.37005383149028,27.143510533551378],[86.36979480041634,27.143638011381157],[86.36919620677256,27.143687282474943],[86.36876655064376,27.14381176170413],[86.36851008195224,27.143826393473923],[86.36808036295493,27.14395312247676],[86.3678222073656,27.14404452747384],[86.36732396599568,27.144360562983877],[86.36697534263028,27.14466146747848],[86.36679721865212,27.14498343854098],[86.3667278217645,27.14521113190396],[86.36672413414435,27.145364551688292],[86.36679510684641,27.14597891860592],[86.36685375613447,27.146209361098645],[86.36707684462996,27.146691124966708],[86.36770514453119,27.147199641992547],[86.36795755207734,27.147356498451114],[86.36840177927135,27.1475164774951],[86.36859091323655,27.147634760050725],[86.36899249955046,27.147794490251638],[86.36909660271847,27.14791239886722],[86.36913543102398,27.148066005956984],[86.36908747859101,27.148293823322824],[86.36895605776621,27.148444432051875],[86.36916476242367,27.148639486197386],[86.36922753577073,27.148698441032234],[86.36934733456133,27.14904435342528],[86.36939767300167,27.149620146957695],[86.3693754279644,27.15055679730057],[86.36945183597145,27.15094084664023],[86.36967292507906,27.15151745126968],[86.3702644079794,27.152675784156212],[86.37034462759291,27.15290628925351],[86.37056971573337,27.153311405191825],[86.37087339911965,27.154005731225027],[86.37107997868557,27.154295564062497],[86.3715369667476,27.154821275703355],[86.37189391309242,27.155075721666183],[86.37214800782142,27.15515586721325],[86.37300288350075,27.15509421466185],[86.37371495480726,27.15489646186511],[86.37393884928443,27.154915526901075],[86.37394197571216,27.154913276435373],[86.37428535036922,27.15482224571396],[86.37454000642575,27.154866256180764],[86.37470831965015,27.15494602752371],[86.3749590389792,27.155123202187358],[86.3752674699507,27.15553313119945],[86.37532474506467,27.15578164140976],[86.37531655820749,27.15607060145023],[86.37526923106833,27.156241901845167],[86.375050028683,27.15646665793967],[86.37481138004526,27.156614578912645],[86.37394881840711,27.156980946250503],[86.37392624837831,27.15700339027671],[86.37361469879389,27.157209641502387],[86.37290125487203,27.1575992638469],[86.37251330203716,27.15776456664731],[86.3719931159033,27.158098545056664],[86.37181836662702,27.15826934727026],[86.37166424997659,27.15847634724345],[86.37150557176254,27.158875153194334],[86.37156347153505,27.159123663615386],[86.37166213808216,27.159471764206096],[86.3719927024757,27.159935959074982],[86.3721596415624,27.160092440738463],[86.37304172310061,27.160699047015434],[86.37370459975699,27.161304655531097],[86.37406417598069,27.161766724296683],[86.37407236673029,27.16177128825743],[86.37438323437254,27.162084189019637],[86.37464915000088,27.162491618733657],[86.37476932306106,27.162781077058465],[86.37485980207575,27.16335711976048],[86.37484080409324,27.16404763565125],[86.37476572000378,27.16444694110814],[86.37440265914728,27.16524436625007],[86.3743979099629,27.165418167506786],[86.3744556214855,27.165648610126198],[86.37453759127582,27.165764142310074],[86.3746874063537,27.16651417415779],[86.37480726708735,27.166805882728255],[86.37507474495652,27.16715467019465],[86.37543006567654,27.167411366578083],[86.37576319250515,27.167704011658625],[86.37606893619747,27.16820878134818],[86.37624807110566,27.168672228007605],[86.37645308783931,27.168964249205356],[86.37676514324541,27.16923882607693],[86.37701786292425,27.169357295636694],[86.37718705094483,27.16939868059441],[86.377957332469,27.169300518575973],[86.37821123896681,27.169362597061742],[86.37844163786009,27.169519327360092],[86.37856306032059,27.16975239506588],[86.37879965749343,27.170448659311546],[86.37894408760167,27.170623083755295],[86.37915304157333,27.170782003457024],[86.37925576854516,27.170917916622795],[86.37956813673122,27.17119461921215],[86.3801484831049,27.171802104562985],[86.3803109219299,27.1720917499725],[86.38030460992978,27.172322004719888],[86.38004276676959,27.17254657421233],[86.37995642364922,27.17258452325591],[86.3794856887603,27.17265011018688],[86.37929124326966,27.17274188957443],[86.37918208005662,27.172836230742686],[86.37908986238072,27.173084116740977],[86.37918858930806,27.173373451260765],[86.37985365492966,27.174001628359488],[86.38023023391038,27.174260637128587],[86.38052034491145,27.174573351525236],[86.38061944786054,27.174842428937467],[86.38058031625309,27.175474302245107],[86.38072293432218,27.17570511829491],[86.38099478724082,27.17590267371537],[86.38150222510944,27.176047148192872],[86.38198540679558,27.176306594291134],[86.38227482969052,27.176637375319075],[86.3823541117497,27.176849936907782],[86.38236893276465,27.177080254319005],[86.3821658012765,27.177476685605125],[86.38217906007945,27.177763332279987],[86.38223833429498,27.177937382379003],[86.38261260083763,27.178270851620123],[86.38313686043524,27.178586876083873],[86.38345010339019,27.178822941818623],[86.38382349542188,27.17919485899524],[86.38400394214082,27.179601914567975],[86.38396012515335,27.180403025222713],[86.38397657029408,27.180574699828224],[86.38407498582019,27.180864034127335],[86.38419803308008,27.18103839626805],[86.38445000303427,27.181177184020864],[86.38504847156328,27.18113460291587],[86.3853945968103,27.180951045315393],[86.3855652840849,27.180953981326343],[86.38581925355912,27.181016121897727],[86.38596187145728,27.18124918865506],[86.38597469270978,27.181556278880446],[86.38592580301683,27.18178403402126],[86.38556399290697,27.182520566216716],[86.38547533695444,27.18263528890742],[86.38533466594848,27.183090611707737],[86.3853284171738,27.183318553650313],[86.38538425419554,27.18360776269808],[86.3854842315991,27.183838392074342],[86.38560727856175,27.184012753561436],[86.3857729674367,27.18418955425708],[86.3859822954823,27.184328154672624],[86.3866183439733,27.184455060693526],[86.38704531250956,27.1844456154511],[86.38721450110076,27.184489251199],[86.38797272118482,27.184828905295838],[86.38813997151986,27.184947000360552],[86.38870093500667,27.185475337248057],[86.38880366187747,27.185611250998054],[86.38902243740058,27.18617197544929],[86.3892259544647,27.186520450247976],[86.38976822231433,27.18695169634013],[86.39002094201359,27.187072416493322],[86.39061366121192,27.187219452921454],[86.39078166183597,27.187317230037188],[86.39086369316995,27.18743495083957],[86.39091840515867,27.18776023357999],[86.39128285067765,27.18769183452885],[86.39393562359513,27.18662205387413],[86.39509554531789,27.186322327928277],[86.39554877087122,27.18612107713806],[86.39606989573092,27.185787035725728],[86.39658714538471,27.185588284288183],[86.39742476211849,27.185377463069578],[86.39793770017373,27.185332256343795],[86.39877412996884,27.18515750868895],[86.39948013777854,27.185077039383916],[86.40031731807908,27.184866156409456],[86.40057791159175,27.18470022976541],[86.40075053583135,27.184626455852396],[86.4009024654253,27.184534552529307],[86.40114317581514,27.184309858806266],[86.40125765156738,27.184025961745647],[86.40128847079009,27.183682922958358],[86.40110952387901,27.183219476865357],[86.4007027395666,27.182522526513683],[86.40062383267228,27.182291959750238],[86.400675784511,27.181949108292415],[86.40081008055394,27.18172166494548],[86.40092305642176,27.181494160145945],[86.40112618782763,27.18109779127389],[86.40137808445083,27.180473604798596],[86.40169062951313,27.17996245149563],[86.40200661187372,27.17933864059261],[86.40242575978239,27.17883248727741],[86.40268785208401,27.17860798061627],[86.4028386574625,27.178554338087242],[86.40327343742433,27.178258246959246],[86.40353115617054,27.178187098028985],[86.4039824451859,27.178062681865775],[86.40469532770145,27.177733826904678],[86.40527660044546,27.17753538763682],[86.40611378072082,27.17732444143448],[86.40663053041123,27.177143820388316],[86.40695171003962,27.177093239140977],[86.40772474127468,27.176900174274397],[86.40817434229045,27.17683202377208],[86.40887753900634,27.176848520952472],[86.40964132134573,27.176978113171288],[86.41027999334031,27.177012429407153],[86.41078943182337,27.177100323783918],[86.41117344717094,27.17708837896091],[86.41212973753858,27.17720521525959],[86.41257777745926,27.17719583236068],[86.41307351845937,27.17699470517513],[86.41355587734441,27.17652725086045],[86.41381678327853,27.176340942978875],[86.41407587603608,27.176213402618938]]]}},{"type":"Feature","properties":{"province":"Koshi Province","district":"Udayapur","municipality":"Katari Municipality","ward":"9","wardNumber":9,"sourceMunicipality":"Katari","sourceType":"Nagarpalika"},"geometry":{"type":"Polygon","coordinates":[[[86.47179548571356,27.094819118773607],[86.47192628221964,27.094688641590672],[86.47190213562828,27.093846582041806],[86.47192876733048,27.09361870244565],[86.47226488056896,27.092861538883014],[86.47241887143622,27.092636408960065],[86.47274586046272,27.092278675114354],[86.47324341338897,27.091926190630833],[86.47354808379704,27.091627161815154],[86.47383255808525,27.091269241833718],[86.4742208213251,27.091026916405063],[86.47439550786467,27.09082210352881],[86.47441982684245,27.090668745832858],[86.4743031515723,27.090131089996625],[86.47428820443804,27.08982624991467],[86.47429626410626,27.089442574712113],[86.47443199603921,27.08906383768647],[86.47443818233835,27.088759123190833],[86.47440041497008,27.088528743529405],[86.47442479621814,27.088375385622186],[86.47451195193003,27.08828085709925],[86.47515755934633,27.087949189350784],[86.47567343224107,27.087711864090164],[86.47576183828404,27.08756094415954],[86.4758302974818,27.087330938462514],[86.47581691237046,27.086949450939954],[86.47567916643537,27.086411669640498],[86.47532859326611,27.085870890014387],[86.47508587021858,27.08525377422085],[86.47509036906645,27.08502577006386],[86.47529012441149,27.08464728161598],[86.47556452432737,27.083734135085766],[86.47567556135856,27.08350656693475],[86.4758798153431,27.082900136841086],[86.47621299038148,27.08221736998792],[86.47628182491509,27.081989677673715],[86.4765906805792,27.08146033121848],[86.47706766238778,27.081049017956545],[86.4772394743619,27.08097518160506],[86.47758072399573,27.080944856513664],[86.47775216077574,27.080889025195702],[86.47799124510777,27.080646139234773],[86.47816793112459,27.080344298349743],[86.47816924253037,27.080267588299353],[86.47808733563959,27.08011148104152],[86.47796172568198,27.080014016257405],[86.47747423346377,27.079910616659436],[86.47715524144424,27.079904931414216],[86.47696198390582,27.079976453986372],[86.47670626540739,27.07999127371677],[86.47658021834407,27.079911814365826],[86.47639208375206,27.079755395864307],[86.476018878327,27.079270945082488],[86.47589607941386,27.07904025391462],[86.47581954529629,27.078617818032193],[86.47599904249745,27.078180625543933],[86.47637267193731,27.07761539294196],[86.47646395131908,27.077310989530062],[86.47647201146586,27.076929565631886],[86.47635696019735,27.07631513613678],[86.47630468309845,27.075759661759168],[86.47627472669207,27.07514785721868],[86.47634481001425,27.07484339180421],[86.47645616078307,27.074615824105766],[86.47648216694704,27.07438794403466],[86.47668929393717,27.073627968460734],[86.47669254308444,27.073474486592747],[86.47637766027607,27.072245379548477],[86.47640679147736,27.071864079292077],[86.47661266966821,27.071178626279508],[86.476742403361,27.07106846670423],[86.47687088732356,27.07103051655579],[86.47704107419993,27.071035704331802],[86.47737732593686,27.071251325693524],[86.47805576351281,27.071377980953685],[86.47831098218869,27.07138347962417],[86.47873970036312,27.071238307185098],[86.4797715713159,27.070779410150845],[86.48020228850285,27.070539523033368],[86.48137351654542,27.069530212937607],[86.48193902854706,27.068967979111573],[86.48218054925866,27.068607683059007],[86.48229346135484,27.068305655789654],[86.48229833465705,27.06807540075847],[86.48239305103768,27.06761976630693],[86.48240111101764,27.067236091122968],[86.48190134372264,27.06569927019145],[86.48193565937177,27.065087715216755],[86.48205150819095,27.06463214333579],[86.4821855527054,27.064327927058773],[86.48271092350355,27.063650410158893],[86.48300177119596,27.062985586348162],[86.48314062660634,27.06245336599306],[86.48327467194876,27.0621513381637],[86.48341234103088,27.061695890440546],[86.4836541744201,27.061317526668816],[86.48404668695024,27.060885583649746],[86.4849576968815,27.06008083681306],[86.48548181799879,27.059459710759565],[86.48585644588384,27.058856092501436],[86.48603469404614,27.058475291231492],[86.486103466286,27.058247535844192],[86.48622262551869,27.057638480396818],[86.48625200650038,27.057257118050025],[86.4863207781436,27.05702942576485],[86.48671653934845,27.056425869324666],[86.48702239629252,27.05604775437655],[86.48724984511857,27.055364613735378],[86.48719232013987,27.05505746179605],[86.48690901861329,27.05436569979642],[86.48682711111033,27.05420965460951],[86.48665261245051,27.054398587403238],[86.48639452028722,27.05452631567513],[86.48596748905528,27.054594777847676],[86.48503052128102,27.054598164609082],[86.48451720997079,27.054720393091372],[86.48434508556484,27.05479429239018],[86.48425999140392,27.054793980550496],[86.48400189838777,27.054921708221606],[86.48366008640267,27.05497235244162],[86.4833165254159,27.05512008703435],[86.48280327621204,27.05522431112892],[86.4820355578641,27.055286962944002],[86.48118599514432,27.055193569688672],[86.48076177677832,27.055128806166394],[86.48057139330187,27.055067164671783],[86.48036112678213,27.05493093943089],[86.47973632683782,27.054287632888613],[86.47955075469349,27.053997987909113],[86.47925745627167,27.053762109347783],[86.4787513925776,27.05354355046201],[86.47832761073548,27.05344039994019],[86.47807482951747,27.05331986795572],[86.47757045206306,27.053004217905396],[86.47588263643352,27.05228471341917],[86.47529322862123,27.051968752641063],[86.47436588240167,27.05152963400864],[86.47377316237332,27.051367217570906],[86.47335231785507,27.051128589812752],[86.47301481737193,27.05098967775831],[86.47233625457865,27.05086071041184],[86.47173834907463,27.050946554874],[86.47130850657396,27.05114805640689],[86.47076812619501,27.051520733973394],[86.47057280699174,27.05170741598983],[86.47035660524975,27.0518555869859],[86.47001223147768,27.05204164564822],[86.46958282630101,27.05220482331088],[86.46904119673677,27.05265421135456],[86.46837314455848,27.053042207576706],[86.46785864652672,27.053205073980745],[86.46666121043629,27.0534488464217],[86.46648939899706,27.053522682720498],[86.46597727457893,27.053588520067994],[86.46557631208177,27.053408659273455],[86.46542994445645,27.05329300187377],[86.46492119434555,27.053187226699656],[86.46439612180694,27.052851133447092],[86.46431833913543,27.05250778344793],[86.46396507901244,27.052097854653972],[86.46367552959782,27.05169267713574],[86.46338866710313,27.051170151557344],[86.46311931319612,27.050821552673895],[86.46295887320483,27.050360419104056],[86.46292841683271,27.049787000991625],[86.46298749112553,27.049100986041104],[86.46316898844927,27.04864572536432],[86.4632439471833,27.04819002829117],[86.46333453969036,27.04796239833027],[86.46340674936923,27.0476195464782],[86.46342780740025,27.04676185762655],[86.46336470914963,27.045845151536746],[86.46352351190582,27.045448470642423],[86.46359847016613,27.04499277339897],[86.46373707722148,27.0445373887816],[86.46388149515359,27.043851685634436],[86.46389005601775,27.04350870957445],[86.46393925815897,27.04322437544393],[86.46407392771609,27.042940478464022],[86.4641051209805,27.042541048561667],[86.46417733024502,27.042198197300472],[86.46440159408672,27.041745436170647],[86.46454207585458,27.041231221277187],[86.46479147120625,27.040606910525483],[86.46485134579667,27.039060893334984],[86.46507261042218,27.038720916167318],[86.4653208183019,27.03815299658327],[86.46546224106466,27.037887167038253],[86.46552132344148,27.037776759169294],[86.4655255726917,27.037605271203464],[86.46533155428766,27.036855177888654],[86.4653431762806,27.036399169487527],[86.46559257189647,27.035772607930863],[86.46561976593522,27.035544728127196],[86.46568616396203,27.035432069354393],[86.46582814553645,27.034861587891417],[86.46604778423799,27.034580190349264],[86.46646180563718,27.034186757522942],[86.46657534369979,27.033902734964972],[86.46654682516085,27.033329254371452],[86.46639107175827,27.03275308704813],[86.46630904023384,27.03263767906037],[86.4662508904897,27.032407175075726],[86.46630196783552,27.032064261459723],[86.46648215301056,27.031665329452913],[86.46702921972269,27.031046704698326],[86.46738077967366,27.030596568200032],[86.46747168504464,27.030368937963406],[86.46741628419316,27.030023399768197],[86.4674220333137,27.029795395266618],[86.46734281407794,27.029564890607976],[86.46728191521636,27.029449545340693],[86.4670126250722,27.029157337243937],[86.46691189704907,27.028926707956487],[86.4669188955611,27.028640061531195],[86.46703393319835,27.02829739701486],[86.46706087688938,27.028069517756606],[86.467022610612,27.027897780385253],[86.46673649891123,27.02743395950914],[86.46662169981961,27.02691437098709],[86.46662444936996,27.02680158781346],[86.46680313465579,27.026461360568067],[86.46725617259902,27.02620121685855],[86.46738803095353,27.02603241568349],[86.46717562846614,27.025169290378738],[86.46720526003709,27.02482631420164],[86.46734292991698,27.024427319876008],[86.46724807537372,27.023968686398366],[86.46730183940598,27.023510676480505],[86.46728308135282,27.023415774490722],[86.46737092418584,27.023303239739523],[86.46756368153103,27.023249784893892],[86.46769085347319,27.02327060221664],[86.46785904057369,27.023350248080575],[86.46806780733898,27.023506792347366],[86.4682496920968,27.023893466212908],[86.46853967681784,27.024203803883918],[86.46878945915975,27.024419177130024],[86.46904355267432,27.024462999387687],[86.46936429444723,27.024391974531365],[86.46982039370282,27.024018984989144],[86.4699081738695,27.023906450764926],[86.46994242950734,27.023391924746484],[86.46988190512728,27.023256260854176],[86.46956972454164,27.022984184107255],[86.46955409096155,27.022753929036767],[86.46947330919127,27.022579816622248],[86.46924378474313,27.02240282957618],[86.46903226884892,27.022361445390985],[86.46890653462582,27.02228198586768],[86.46876185414742,27.02210762325961],[86.4685182581748,27.021643927879236],[86.46827197571479,27.02127732326525],[86.4680437013727,27.0210620746627],[86.46803931555507,27.02037581062154],[86.46798035354422,27.020183755280442],[86.46772713478111,27.02010148379023],[86.46728578247648,27.01988317500081],[86.46709846139262,27.019726693235746],[86.4668506164173,27.019434547444007],[86.46669023973793,27.019032181913175],[86.46676119898451,27.018745783966047],[86.46676701125702,27.018517779856396],[86.46668772865904,27.018287275177606],[86.46642043799689,27.017918295208187],[86.46602435069268,27.017587265020115],[86.46579795165064,27.017295182125924],[86.4655782383144,27.016718764948518],[86.46554153325424,27.01648838552761],[86.4655527809091,27.016030188012035],[86.46554064712431,27.015666706732123],[86.4654679885796,27.015169873803572],[86.4652015098806,27.014762569616757],[86.46506289151982,27.01436020350762],[86.4651225281067,27.013674251499463],[86.4650503077189,27.013157037717054],[86.46486611043807,27.012867392201795],[86.46472524199429,27.012539548214747],[86.46443531938061,27.01222695926471],[86.46385153581544,27.01175751558392],[86.46307737016275,27.011246686431132],[86.46288417605757,27.01131814751475],[86.46277457464349,27.011450937655507],[86.4627418815066,27.01190907267578],[86.46258157998349,27.012362081815468],[86.46235762840092,27.012817343237536],[86.46220663741232,27.012909184545915],[86.46207559069653,27.013039662206147],[86.4620486466953,27.013269791930067],[86.46198074914109,27.013438842717353],[86.46191553859123,27.013495047027035],[86.46165769616493,27.013604644942983],[86.4607603697673,27.013759262448296],[86.46056442492214,27.013945882089892],[86.46053360724034,27.014327244614364],[86.46066903885894,27.01486496289397],[86.46059770494503,27.015169428461167],[86.46050873618543,27.015320349009563],[86.46037844007762,27.015432695546583],[86.46003506622738,27.015557798549708],[86.45960897291303,27.015587811956273],[86.4593518805004,27.015659023521444],[86.45917938062071,27.015750927573922],[86.45891835138272,27.015993751528246],[86.45850864143586,27.016215634147837],[86.45791092326941,27.01629910234929],[86.45771816610772,27.016352558056106],[86.45752297157144,27.016500791410277],[86.45719373246035,27.016914853485968],[86.4566947425309,27.01730572405958],[86.45609471250697,27.017486283522217],[86.45566893185897,27.017498166889485],[86.45505283056505,27.01746872774754],[86.45492328399942,27.01754268801584],[86.45483631583286,27.017616836203658],[86.45478948869895,27.017788262415955],[86.4547809280162,27.018131300678828],[86.45483782754835,27.018418196460857],[86.4546318848385,27.018988491161217],[86.45462757329834,27.01916004150773],[86.45472542672472,27.019505766802908],[86.45472242734637,27.019618612542025],[86.454677099488,27.01973358427957],[86.45454561563228,27.019884317819404],[86.4542471319216,27.019917018268277],[86.45405200027422,27.02006525068718],[86.45393927445889,27.020310887193514],[86.45391233038059,27.020541016984662],[86.45401455840846,27.02071294152524],[86.45428503487955,27.020948757424428],[86.45442934079202,27.021141188057552],[86.45452844333902,27.021430521943],[86.45459910272226,27.02200412701475],[86.45452808094599,27.02228827344956],[86.4543252000763,27.02274353443852],[86.4542939446308,27.02314283927403],[86.45445550824289,27.02349112710716],[86.4546638994483,27.023665738706278],[86.45499252601887,27.024129746537408],[86.45500422294901,27.02451123336418],[86.45513058254726,27.024572687327115],[86.4552769507207,27.024670339063956],[86.45556731054613,27.02496035838021],[86.45588255370393,27.025119589288217],[86.45613583482277,27.025201797847853],[86.45645382750332,27.025243682031537],[86.45668522582183,27.025343895784033],[86.45689361656041,27.025520758013084],[86.45697089972192,27.025828035141686],[86.4569030025153,27.025997085787484],[86.45621431650545,27.02631043550154],[86.45585018431086,27.026417407845504],[86.45578503714083,27.02647361315722],[86.45575971750321,27.026626970561374],[86.45583924979664,27.026857537214532],[86.4558361874669,27.026970383033674],[86.4557928593812,27.02700858242514],[86.45553651634266,27.02704146997619],[86.45507609292054,27.02674626362923],[86.45486339055664,27.026743202311387],[86.45466782104994,27.026911690973478],[86.45462143139875,27.027062799033423],[86.4547432288574,27.02729574098191],[86.4550135814259,27.02754737379056],[86.4550541599504,27.027624271107904],[86.45538709847719,27.027916727900617],[86.45548813841845,27.028129289760777],[86.45548695142125,27.02818574320574],[86.455421053121,27.02826220430369],[86.4552041015804,27.028430693621097],[86.45511350809973,27.028656073608605],[86.45512258117401,27.029134651542734],[86.4552255579767,27.029270502403968],[86.4554136288057,27.02940660320925],[86.45585691816586,27.029548264323402],[86.45621361396073,27.02974600613351],[86.45652460758332,27.030076787382576],[86.45668504732646,27.030461210679064],[86.45667729880115,27.030765863017393],[86.45660733841451,27.03101387398313],[86.45643296508938,27.031182487574448],[86.45593741134124,27.031440193529917],[86.45567238262244,27.031818370603986],[86.4555354621183,27.032197107917284],[86.4555315254651,27.032350590778517],[86.45556635531291,27.03265542977316],[86.45566508293902,27.032962831739027],[86.45577550820431,27.033651719770184],[86.45577163346617,27.03380520241951],[86.45565959601876,27.034032770442586],[86.4556674192064,27.03456774014279],[86.45572556817788,27.03479593111007],[86.45584736583433,27.035028935433658],[86.45624301609655,27.035378096487896],[86.45634530521734,27.035534203564968],[86.45642497460362,27.03660445470093],[86.45648506109727,27.03675818661975],[86.45656859325715,27.03681720225408],[86.45682807204282,27.03750890258635],[86.45684526855132,27.03766251043776],[86.45679919070443,27.037813554996596],[86.45673329262527,27.037890078224855],[86.45651784050352,27.03799980021801],[86.45602110036715,27.038295892355055],[86.4552339481365,27.03914158689467],[86.45503494229648,27.039443240458542],[86.45506808447773,27.03982491503246],[86.45514930431233,27.039978708765013],[86.45556214990417,27.04048366459897],[86.455683948328,27.040714356543848],[86.45572258879135,27.040868025707766],[86.45572885047964,27.041479767996343],[86.45592599378621,27.042094508825347],[86.45592049458662,27.042322450701455],[86.45578119961704,27.042777898931874],[86.4554954757715,27.04315601223105],[86.45540263308824,27.043458165009838],[86.45539682122202,27.043688357632924],[86.45551499534636,27.044072594381973],[86.4555111210478,27.044223762998755],[86.45544359881934,27.044376996752984],[86.45487189925714,27.045110718361393],[86.45456085504699,27.04563993932274],[86.45442187303041,27.046095387358857],[86.45431027195414,27.04630263666783],[86.45420017202555,27.046453432474376],[86.45393870465074,27.046696193973606],[86.45385054898001,27.046810978661846],[86.45352655717677,27.047015167029617],[86.45311053655003,27.047483059626735],[86.45297705343201,27.047710565518294],[86.45290759345257,27.04793825770903],[86.45286540216962,27.04877781675156],[86.45291580289506,27.049313036611842],[86.45259851078849,27.050146909653378],[86.45248947260006,27.05027970007355],[86.45242220061029,27.050430682096803],[86.45249623513594,27.050968214033823],[86.45244715856704,27.05127274185568],[86.45240133174664,27.051423786338013],[86.45229191819502,27.05157458158813],[86.45213174284497,27.05210667700703],[86.45212849359652,27.052260160324135],[86.45222684673763,27.05264427172946],[86.4523300745117,27.05280037897626],[86.45236940378575,27.052954110849],[86.4522124764465,27.05333272398169],[86.45223905958274,27.054098010307456],[86.4521705370656,27.054325766190566],[86.45203799217718,27.054553209106345],[86.4514312146018,27.055076807068673],[86.45091346652858,27.05541116057965],[86.45078285903067,27.055561894157],[86.45067144610178,27.055789399579783],[86.44990499231457,27.056824774611233],[86.44940519065408,27.05733299219918],[86.44898698467809,27.057992753115624],[86.44896253961866,27.058146172816834],[86.44880604957159,27.058506718167234],[86.44863092691011,27.058731723951375],[86.4484798101334,27.058825940088443],[86.44839471648714,27.05884369617155],[86.44776736827825,27.059328783711436],[86.44763725976817,27.059441192653402],[86.44722223936876,27.059949659688126],[86.44687736585826,27.06015372307073],[86.4463407974752,27.06037285608123],[86.44608139284303,27.060577231304556],[86.44586050460335,27.060955595094352],[86.4457428437204,27.06148787764953],[86.44556478360711,27.06186867828229],[86.44547687814261,27.061999218116373],[86.44515138866603,27.06230043520473],[86.44500064612528,27.062374270473775],[86.44474042948634,27.06261709470218],[86.44445626780056,27.062974890124803],[86.4444497068179,27.063281855466514],[86.44425751268143,27.063314930399688],[86.44393752085365,27.06334756836562],[86.44241239459834,27.06301423746641],[86.44215755032839,27.062990607921737],[86.44133586931498,27.06261269403343],[86.44108433660453,27.062417576600968],[86.44070469529854,27.062255846346716],[86.44051581184459,27.062137750677397],[86.44022470031352,27.061809220660187],[86.4397612156189,27.06159072359008],[86.43961372334903,27.061529207800064],[86.43910441019467,27.061463944425753],[86.43865993347097,27.061340225395906],[86.43802382330196,27.061233950903667],[86.43744842610965,27.061279033037362],[86.43706347363862,27.061367813813916],[86.4368081927768,27.061364565539066],[86.43657516860495,27.061320742779134],[86.43640129513241,27.061489356717523],[86.43624892873328,27.061660283134497],[86.43576145077009,27.06256799287186],[86.43536868795924,27.06302012962294],[86.43498079832509,27.063260141847387],[86.43489526795007,27.06327783530514],[86.4345702150256,27.063558733795745],[86.43411830204013,27.06379843485927],[86.43398981838266,27.063834008821782],[86.43347269553323,27.06412991367245],[86.4332785633184,27.064260079614726],[86.43299558939954,27.06456142089961],[86.4325626852277,27.06489827450214],[86.43192070165418,27.06507633378866],[86.43153287511433,27.065298153425836],[86.43135612771083,27.065602182059756],[86.43134006924556,27.0663470258277],[86.43100320651638,27.06714476365183],[86.4309970839248,27.067431410049142],[86.43103710030024,27.067548944080333],[86.43126356313,27.067895168207535],[86.43127882244472,27.06818419056761],[86.43118604325738,27.06852691738356],[86.43096190565348,27.06903844482921],[86.4308917589267,27.069324717582536],[86.43099086185003,27.069670568109895],[86.43104345098665,27.070189969327892],[86.43104446374942,27.071106426289735],[86.431083356142,27.07128035132009],[86.4310207209653,27.072198809757744],[86.43107855814606,27.07248570602097],[86.43126488004998,27.072718959662737],[86.43151803716351,27.072837366675245],[86.43177213116955,27.072899319456038],[86.43227482050611,27.073291866727153],[86.4324190011564,27.073504614775967],[86.43247977605117,27.073658346851822],[86.43244445863782,27.074288032166063],[86.43248328815534,27.07446195767291],[86.43252336637305,27.07457724100557],[86.43275264139719,27.074810682230314],[86.43283279877053,27.07504124865976],[86.43297660472008,27.075274315690432],[86.43307577146706,27.075620040997105],[86.43306314940908,27.07619333404547],[86.43317720055556,27.076828081851126],[86.4331710144834,27.077114728876616],[86.43310092999369,27.0773988751871],[86.43276894097794,27.07796867120082],[86.43233441232246,27.078361916866495],[86.43198803873263,27.07862462269414],[86.43172582201254,27.07892602656884],[86.4315065577141,27.079209549518207],[86.4309743136459,27.0801757135828],[86.43063745085762,27.080975765304697],[86.43056636736914,27.08131861616122],[86.43043101051681,27.081661155606334],[86.43025432428469,27.081944866644477],[86.43011921691875,27.082287406041026],[86.4302394530501,27.082633255818486],[86.43042546240713,27.0828845775323],[86.43081078998883,27.082795797600753],[86.43132297695072,27.082745964240498],[86.43209775625786,27.08237666012257],[86.43280532478818,27.082160526273995],[86.43312544141342,27.082127950332744],[86.43405102492117,27.081682434695477],[86.43433268815207,27.081457865974688],[86.43448630351897,27.081250866041596],[86.43474564654412,27.081082563291965],[86.4359050651995,27.080642483568877],[86.4362243702406,27.080648294239708],[86.43641519083874,27.080689679416427],[86.43680051838685,27.080600898944876],[86.43744518808232,27.080343941741386],[86.43796306147269,27.080027717758362],[86.43815594439363,27.07997426257281],[86.43835007582314,27.079862227379405],[86.4386710048594,27.079791265595194],[86.43899437177302,27.079605145366873],[86.43944453475163,27.079478290786014],[86.43995797176194,27.07937200389388],[86.44008558082865,27.079374753265174],[86.44066535270188,27.0791558072617],[86.4423936090653,27.07901143267249],[86.4425871790703,27.07891965436679],[86.44297219447847,27.078848941598196],[86.44354434318933,27.078973033725124],[86.44392354758385,27.0791709631293],[86.44417720447312,27.07925317159886],[86.4447427922199,27.07968429200447],[86.44505797284366,27.079879658156287],[86.44543405337228,27.08021068872565],[86.4459396792053,27.080470009156716],[86.446754801384,27.081191024396706],[86.44690160629996,27.081288613768628],[86.44750602382753,27.081891409333082],[86.4480291584698,27.082322341888382],[86.44807004966094,27.082399239058457],[86.44851052856441,27.082712513529806],[86.44861375625901,27.082868620959108],[86.44892581220773,27.083199402251847],[86.4496283340878,27.084204376394588],[86.44974944480981,27.08451409150359],[86.45018011392712,27.08528550032328],[86.45034217909692,27.085672111827453],[86.45075789997367,27.086138744599292],[86.45092158969985,27.086446332457047],[86.45119388009725,27.086661830942763],[86.45140095926419,27.086933532889372],[86.45159096725614,27.087013304275356],[86.4518463116248,27.087016614572104],[86.45229603726031,27.086909890789837],[86.45306206813187,27.086924198757654],[86.45325213938449,27.08698584028497],[86.4533798104361,27.086986338873427],[86.45375951511694,27.08714806972226],[86.45394839819589,27.087284232084784],[86.45400998555974,27.087399578484984],[86.4541351578453,27.08751748614579],[86.45430290792731,27.08763551919944],[86.45442570680298,27.087866210038815],[86.4546274127559,27.088404241492615],[86.45463742438469,27.08893921030549],[86.45471926869928,27.08909531816192],[86.45492841057906,27.089269929622162],[86.455050771143,27.089520939520032],[86.45517638123314,27.089618466698266],[86.45555758450604,27.089721555043493],[86.45568494471485,27.08974230938394],[86.45594116316694,27.08968916611786],[86.45613279565893,27.089694415088257],[86.45645022579467,27.08977687345866],[86.45672414032165,27.0899155991019],[86.45682824227099,27.090031131214054],[86.45682499360649,27.090184613697176],[86.45675278556249,27.09058385718828],[86.4568148088323,27.09066087865725],[86.45693748283854,27.0909118892195],[86.45729624117054,27.091053238996658],[86.457807740752,27.091023599289606],[86.458060523329,27.09116226254139],[86.4582085148994,27.091203459811766],[86.45837464182885,27.091398203363322],[86.45875484555391,27.09153961490789],[86.45888007981394,27.09165521007999],[86.45913255012935,27.091793810844468],[86.45957802674408,27.091858762482193],[86.45989295735399,27.092056379588364],[86.46003607596218,27.09232551872642],[86.45998993603997,27.092478877421478],[86.45970552447994,27.092816354637886],[86.4595431609025,27.093422908801962],[86.45958173989318,27.093596896997397],[86.45970778719169,27.093674106218895],[86.4605961791741,27.093939361864745],[86.46097769520486,27.094004001349504],[86.46174653819178,27.093905338600393],[86.4627941695882,27.093694889868424],[86.46290314501685,27.093582480474595],[86.46306100950784,27.093185799960732],[86.4630647590049,27.093014249442962],[86.46290731815405,27.092438020282646],[86.46299841033237,27.092172003167246],[86.4633682904026,27.091816769624003],[86.46362725894332,27.091650717853625],[86.4638849770879,27.091559188274903],[86.46426799250715,27.091567374261952],[86.46439528876326,27.091588191109853],[86.4648156341809,27.091824505877792],[86.46496200162517,27.09194247659478],[86.46519021469217,27.092214178172053],[86.46527018474478,27.092444745733694],[86.46536472680575,27.092980088844655],[86.46533003465125,27.093589393263798],[86.46536742716599,27.093819772735888],[86.46555031235727,27.09420419608524],[86.4655690081496,27.094319417363838],[86.46565172754603,27.094437075791635],[86.46571375096475,27.0945140973893],[86.46596628307894,27.094652698412947],[86.4660931425497,27.094691583448437],[86.46626333001552,27.094696707618837],[86.46637043134164,27.09465875788354],[86.46641450967677,27.09460249069971],[86.4665960059792,27.094090775858696],[86.46692812034942,27.09352548186798],[86.46702121207272,27.093164624794962],[86.46723997586093,27.092901357115302],[86.46736927260766,27.09282739651108],[86.46769063837203,27.092738303864078],[86.468077715929,27.092554683642497],[86.4682061994207,27.09251904678872],[86.46839789476056,27.09252204498982],[86.46871326325291,27.092699281081327],[86.46890377076099,27.09274060421744],[86.46915667818327,27.092861199274832],[86.46921913963439,27.092920090663686],[86.46944660167769,27.093227928654645],[86.46958697127837,27.093612226922886],[86.46993529527565,27.094229779735493],[86.47020414907577,27.09457844125646],[86.47058235349394,27.09481456863216],[86.47077286113333,27.09485589080704],[86.4709009706456,27.09484051040755],[86.47115943847359,27.094710594466154],[86.4714148448171,27.094716092522226],[86.47179548571356,27.094819118773607]]]}},{"type":"Feature","properties":{"province":"Koshi Province","district":"Udayapur","municipality":"Katari Municipality","ward":"8","wardNumber":8,"sourceMunicipality":"Katari","sourceType":"Nagarpalika"},"geometry":{"type":"Polygon","coordinates":[[[86.43042546240713,27.0828845775323],[86.4302394530501,27.082633255818486],[86.43011921691875,27.082287406041026],[86.43025432428469,27.081944866644477],[86.43043101051681,27.081661155606334],[86.43056636736914,27.08131861616122],[86.43063745085762,27.080975765304697],[86.4309743136459,27.0801757135828],[86.4315065577141,27.079209549518207],[86.43172582201254,27.07892602656884],[86.43198803873263,27.07862462269414],[86.43233441232246,27.078361916866495],[86.43276894097794,27.07796867120082],[86.43310092999369,27.0773988751871],[86.4331710144834,27.077114728876616],[86.43317720055556,27.076828081851126],[86.43306314940908,27.07619333404547],[86.43307577146706,27.075620040997105],[86.43297660472008,27.075274315690432],[86.43283279877053,27.07504124865976],[86.43275264139719,27.074810682230314],[86.43252336637305,27.07457724100557],[86.43248328815534,27.07446195767291],[86.43244445863782,27.074288032166063],[86.43247977605117,27.073658346851822],[86.4324190011564,27.073504614775967],[86.43227482050611,27.073291866727153],[86.43177213116955,27.072899319456038],[86.43151803716351,27.072837366675245],[86.43126488004998,27.072718959662737],[86.43107855814606,27.07248570602097],[86.4310207209653,27.072198809757744],[86.431083356142,27.07128035132009],[86.43104446374942,27.071106426289735],[86.43104345098665,27.070189969327892],[86.43099086185003,27.069670568109895],[86.4308917589267,27.069324717582536],[86.43096190565348,27.06903844482921],[86.43118604325738,27.06852691738356],[86.43127882244472,27.06818419056761],[86.43126356313,27.067895168207535],[86.43103710030024,27.067548944080333],[86.4309970839248,27.067431410049142],[86.43100320651638,27.06714476365183],[86.43134006924556,27.0663470258277],[86.43135612771083,27.065602182059756],[86.43153287511433,27.065298153425836],[86.43192070165418,27.06507633378866],[86.4325626852277,27.06489827450214],[86.43299558939954,27.06456142089961],[86.4332785633184,27.064260079614726],[86.43347269553323,27.06412991367245],[86.43398981838266,27.063834008821782],[86.43411830204013,27.06379843485927],[86.4345702150256,27.063558733795745],[86.43489526795007,27.06327783530514],[86.43498079832509,27.063260141847387],[86.43536868795924,27.06302012962294],[86.43576145077009,27.06256799287186],[86.43624892873328,27.061660283134497],[86.43640129513241,27.061489356717523],[86.43657516860495,27.061320742779134],[86.4368081927768,27.061364565539066],[86.43706347363862,27.061367813813916],[86.43744842610965,27.061279033037362],[86.43802382330196,27.061233950903667],[86.43865993347097,27.061340225395906],[86.43910441019467,27.061463944425753],[86.43961372334903,27.061529207800064],[86.4397612156189,27.06159072359008],[86.44022470031352,27.061809220660187],[86.44051581184459,27.062137750677397],[86.44070469529854,27.062255846346716],[86.44108433660453,27.062417576600968],[86.44133586931498,27.06261269403343],[86.44215755032839,27.062990607921737],[86.44241239459834,27.06301423746641],[86.44393752085365,27.06334756836562],[86.44425751268143,27.063314930399688],[86.4444497068179,27.063281855466514],[86.44445626780056,27.062974890124803],[86.44474042948634,27.06261709470218],[86.44500064612528,27.062374270473775],[86.44515138866603,27.06230043520473],[86.44547687814261,27.061999218116373],[86.44556478360711,27.06186867828229],[86.4457428437204,27.06148787764953],[86.44586050460335,27.060955595094352],[86.44608139284303,27.060577231304556],[86.4463407974752,27.06037285608123],[86.44687736585826,27.06015372307073],[86.44722223936876,27.059949659688126],[86.44763725976817,27.059441192653402],[86.44776736827825,27.059328783711436],[86.44839471648714,27.05884369617155],[86.4484798101334,27.058825940088443],[86.44863092691011,27.058731723951375],[86.44880604957159,27.058506718167234],[86.44896253961866,27.058146172816834],[86.44898698467809,27.057992753115624],[86.44940519065408,27.05733299219918],[86.44990499231457,27.056824774611233],[86.45067144610178,27.055789399579783],[86.45078285903067,27.055561894157],[86.45091346652858,27.05541116057965],[86.4514312146018,27.055076807068673],[86.45203799217718,27.054553209106345],[86.4521705370656,27.054325766190566],[86.45223905958274,27.054098010307456],[86.4522124764465,27.05333272398169],[86.45236940378575,27.052954110849],[86.4523300745117,27.05280037897626],[86.45222684673763,27.05264427172946],[86.45212849359652,27.052260160324135],[86.45213174284497,27.05210667700703],[86.45229191819502,27.05157458158813],[86.45240133174664,27.051423786338013],[86.45244715856704,27.05127274185568],[86.45249623513594,27.050968214033823],[86.45242220061029,27.050430682096803],[86.45248947260006,27.05027970007355],[86.45259851078849,27.050146909653378],[86.45291580289506,27.049313036611842],[86.45286540216962,27.04877781675156],[86.45290759345257,27.04793825770903],[86.45297705343201,27.047710565518294],[86.45311053655003,27.047483059626735],[86.45352655717677,27.047015167029617],[86.45385054898001,27.046810978661846],[86.45393870465074,27.046696193973606],[86.45420017202555,27.046453432474376],[86.45431027195414,27.04630263666783],[86.45442187303041,27.046095387358857],[86.45456085504699,27.04563993932274],[86.45487189925714,27.045110718361393],[86.45544359881934,27.044376996752984],[86.4555111210478,27.044223762998755],[86.45551499534636,27.044072594381973],[86.45539682122202,27.043688357632924],[86.45540263308824,27.043458165009838],[86.4554954757715,27.04315601223105],[86.45578119961704,27.042777898931874],[86.45592049458662,27.042322450701455],[86.45592599378621,27.042094508825347],[86.45572885047964,27.041479767996343],[86.45572258879135,27.040868025707766],[86.455683948328,27.040714356543848],[86.45556214990417,27.04048366459897],[86.45514930431233,27.039978708765013],[86.45506808447773,27.03982491503246],[86.45503494229648,27.039443240458542],[86.4552339481365,27.03914158689467],[86.45602110036715,27.038295892355055],[86.45651784050352,27.03799980021801],[86.45673329262527,27.037890078224855],[86.45679919070443,27.037813554996596],[86.45684526855132,27.03766251043776],[86.45682807204282,27.03750890258635],[86.45656859325715,27.03681720225408],[86.45648506109727,27.03675818661975],[86.45642497460362,27.03660445470093],[86.45634530521734,27.035534203564968],[86.45624301609655,27.035378096487896],[86.45584736583433,27.035028935433658],[86.45572556817788,27.03479593111007],[86.4556674192064,27.03456774014279],[86.45565959601876,27.034032770442586],[86.45577163346617,27.03380520241951],[86.45577550820431,27.033651719770184],[86.45566508293902,27.032962831739027],[86.45556635531291,27.03265542977316],[86.4555315254651,27.032350590778517],[86.4555354621183,27.032197107917284],[86.45567238262244,27.031818370603986],[86.45593741134124,27.031440193529917],[86.45643296508938,27.031182487574448],[86.45660733841451,27.03101387398313],[86.45667729880115,27.030765863017393],[86.45668504732646,27.030461210679064],[86.45652460758332,27.030076787382576],[86.45621361396073,27.02974600613351],[86.45585691816586,27.029548264323402],[86.4554136288057,27.02940660320925],[86.4552255579767,27.029270502403968],[86.45512258117401,27.029134651542734],[86.45511350809973,27.028656073608605],[86.4552041015804,27.028430693621097],[86.455421053121,27.02826220430369],[86.45548695142125,27.02818574320574],[86.45548813841845,27.028129289760777],[86.45538709847719,27.027916727900617],[86.4550541599504,27.027624271107904],[86.4550135814259,27.02754737379056],[86.4547432288574,27.02729574098191],[86.45462143139875,27.027062799033423],[86.45466782104994,27.026911690973478],[86.45486339055664,27.026743202311387],[86.45507609292054,27.02674626362923],[86.45553651634266,27.02704146997619],[86.4557928593812,27.02700858242514],[86.4558361874669,27.026970383033674],[86.45583924979664,27.026857537214532],[86.45575971750321,27.026626970561374],[86.45578503714083,27.02647361315722],[86.45585018431086,27.026417407845504],[86.45621431650545,27.02631043550154],[86.4569030025153,27.025997085787484],[86.45697089972192,27.025828035141686],[86.45689361656041,27.025520758013084],[86.45668522582183,27.025343895784033],[86.45645382750332,27.025243682031537],[86.45613583482277,27.025201797847853],[86.45588255370393,27.025119589288217],[86.45556731054613,27.02496035838021],[86.4552769507207,27.024670339063956],[86.45513058254726,27.024572687327115],[86.45500422294901,27.02451123336418],[86.45499252601887,27.024129746537408],[86.4546638994483,27.023665738706278],[86.45445550824289,27.02349112710716],[86.4542939446308,27.02314283927403],[86.4543252000763,27.02274353443852],[86.45452808094599,27.02228827344956],[86.45459910272226,27.02200412701475],[86.45452844333902,27.021430521943],[86.45442934079202,27.021141188057552],[86.45428503487955,27.020948757424428],[86.45401455840846,27.02071294152524],[86.45391233038059,27.020541016984662],[86.45393927445889,27.020310887193514],[86.45405200027422,27.02006525068718],[86.4542471319216,27.019917018268277],[86.45454561563228,27.019884317819404],[86.454677099488,27.01973358427957],[86.45472242734637,27.019618612542025],[86.45472542672472,27.019505766802908],[86.45462757329834,27.01916004150773],[86.4546318848385,27.018988491161217],[86.45483782754835,27.018418196460857],[86.4547809280162,27.018131300678828],[86.45478948869895,27.017788262415955],[86.45483631583286,27.017616836203658],[86.45492328399942,27.01754268801584],[86.45505283056505,27.01746872774754],[86.45505751755209,27.017276858531254],[86.45510740650543,27.01699039967323],[86.45563615219143,27.016256490753715],[86.45600759556397,27.015862933236782],[86.45607580608784,27.01569163230239],[86.45608011708764,27.015520144238074],[86.45595956890713,27.01523068576711],[86.45558848918937,27.014766553575118],[86.4552529260182,27.01456887434979],[86.45485765148483,27.014217400780097],[86.45454353409039,27.014022159181575],[86.4542524856481,27.013750145402923],[86.4541732663156,27.013519578639205],[86.454156131954,27.01334571492294],[86.45444254436799,27.012951783677853],[86.45446667684045,27.012836749692088],[86.4543851451768,27.012701022924116],[86.45404920716749,27.012523662839243],[86.45379598808348,27.012443641670895],[86.45345961234221,27.0122843484423],[86.45286826888753,27.01210148940332],[86.45253208060576,27.011903810275115],[86.45202482880119,27.011721261597813],[86.4515405857482,27.011464317141222],[86.4508608361323,27.011373610713864],[86.45009736573627,27.011205882323186],[86.4495018978385,27.011156186500276],[86.44924842829126,27.011055910164114],[86.44901809102738,27.010878922878135],[86.4486395123908,27.010660738235305],[86.44844444332573,27.010808971426222],[86.44815721916456,27.011243540126205],[86.44756719854342,27.011882296617213],[86.44712779571027,27.012447154571515],[86.44680161746832,27.01272805323045],[86.44662955581133,27.01280182686056],[86.44636977573067,27.012967878564638],[86.44576755837275,27.01320476729985],[86.44551052765236,27.013255722360608],[86.44474380856502,27.01324141423161],[86.44440130955417,27.013312313582265],[86.4438606154278,27.013644229996537],[86.44351817902219,27.013715129800417],[86.44309152282042,27.013724762352478],[86.44266286741356,27.01383142313603],[86.44189296142439,27.013950278640642],[86.44137727571498,27.014131150228216],[86.44103521308924,27.014181669246668],[86.4408648386362,27.014178732502035],[86.44018708805224,27.013993185119926],[86.43967577569758,27.0139821254936],[86.43942118120337,27.013940490556717],[86.43907993213342,27.013952748287533],[86.43873549513529,27.01409804444436],[86.43856418312703,27.014133494450782],[86.4383087765956,27.014127995954414],[86.43805611929434,27.01398927039173],[86.43784841530525,27.013755953951293],[86.43768241474729,27.01356114855037],[86.43760007055269,27.01344574123354],[86.43701147428422,27.013088955674828],[86.43623774561428,27.01246290501734],[86.43480408627082,27.011802539532983],[86.43421105440021,27.01163768498597],[86.43378639709726,27.011572796186655],[86.43353055435004,27.011587552806642],[86.43318568028904,27.011753230367674],[86.4330153049319,27.01174804312123],[86.43208296028271,27.01152079965727],[86.43182717904655,27.011515237785588],[86.43157127283249,27.011530057819662],[86.43122764869946,27.01163703035888],[86.43080024244858,27.011684924097384],[86.43062818106354,27.011758760691624],[86.4302856811882,27.011829597885765],[86.42942724509321,27.012078992633015],[86.42899896480793,27.012167523009442],[86.42874118414424,27.012256802477122],[86.42865602818365,27.012256428407195],[86.42846252079086,27.01232795159269],[86.42833228649705,27.012422168156707],[86.42785030571703,27.01298452554938],[86.42767786898898,27.013076367453483],[86.42704845664518,27.013561453749233],[86.42685013805054,27.013845039377358],[86.42647775819826,27.014276982825432],[86.42640823529088,27.01450461315439],[86.42646494855762,27.014811827369666],[86.42643831619193,27.01504195749465],[86.4265553027519,27.0155029666665],[86.4265873841189,27.015961288566377],[86.4264470901515,27.016493445957856],[86.42640952303151,27.01718171154445],[86.42652857132035,27.01756601018209],[86.42679305069214,27.018106540597653],[86.42689027927565,27.01849065220631],[86.4268814060102,27.018874390235617],[86.42684952572314,27.019332462906906],[86.42672861474053,27.019941455267798],[86.42659188302238,27.02032013052355],[86.42636805746945,27.02077520369205],[86.42622963761535,27.02123058885844],[86.42617987396025,27.021537367683507],[86.426138807772,27.022376988811835],[86.42625785642967,27.022761163580423],[86.42638191625946,27.02383385134862],[86.42635684745859,27.023987334685884],[86.426310707636,27.024138317242627],[86.42606549895216,27.02459326552794],[86.42592389250659,27.02518412846139],[86.42581341646249,27.0253529913846],[86.42570569080027,27.025408946159846],[86.4255790181395,27.02534749203127],[86.42545790763413,27.025058096163413],[86.42548335232283,27.024886607803563],[86.42544883499895,27.024543382574574],[86.42524762911344,27.024023357589705],[86.42503867444198,27.023846495193983],[86.42419167354093,27.023619500593554],[86.42393907966178,27.023480837322495],[86.42366697677423,27.023265277332637],[86.42341950630701,27.022916677477454],[86.42336085640926,27.022686173023],[86.42331333016102,27.021995283431753],[86.42325336824284,27.021823546240118],[86.42296675612988,27.02131890129802],[86.4228634036287,27.0211830497908],[86.42259173869931,27.02094942150056],[86.42225448795544,27.020790066023473],[86.42115408086069,27.020462794413802],[86.42073229832398,27.02026242799389],[86.41996957862469,27.020074194061216],[86.41971404715375,27.02007088277049],[86.41945701621536,27.020121776122515],[86.4187757038252,27.020089586480122],[86.41843401639265,27.02012203671199],[86.41792507896997,27.02001613674177],[86.41775464116051,27.020013200529725],[86.41690657776643,27.019822340612162],[86.41513160714369,27.019194238288474],[86.41487951288208,27.019075831909888],[86.41439827006731,27.0187398002991],[86.41408146508282,27.018657217655495],[86.41404576027212,27.01837038400678],[86.41405507096782,27.017968640165076],[86.4139582178624,27.017564147819762],[86.41377145909527,27.01736927986079],[86.41356275544592,27.017212673734882],[86.41350160593765,27.01709720333841],[86.41359194835508,27.01686969817552],[86.41411813211936,27.01619243076827],[86.41422954453762,27.015964863178386],[86.41423235721527,27.015849766909874],[86.41417277053418,27.01567571624927],[86.41398807323866,27.015386008195996],[86.41365057307276,27.01528304428501],[86.41322316833244,27.015371574972328],[86.41296882482688,27.01534569503179],[86.41265358162596,27.015186338883975],[86.41250852631076,27.015029982679],[86.41234040127117,27.014950336312218],[86.41200215182374,27.01486762796347],[86.4116622766197,27.014859441583347],[86.41080915340483,27.014977798592064],[86.41047090334875,27.014892901644604],[86.41007225409417,27.014674529979644],[86.40961395595295,27.01428210696877],[86.40918104032107,27.01370019061582],[86.4088742331817,27.01319779678063],[86.40868747422572,27.01300286703254],[86.40809887989681,27.012722790790704],[86.4076760366601,27.01261939056116],[86.4071671617237,27.012569881392945],[86.40691356782449,27.01250786592611],[86.40668348130099,27.01234888456304],[86.4066008252955,27.012251481458687],[86.40660613686217,27.012023539984995],[86.40653041532741,27.011619171831015],[86.40651859362775,27.011217303857045],[86.40643756112219,27.011043191007033],[86.40627187369019,27.010868642116897],[86.40602109136125,27.010691530056775],[86.40576874769239,27.010570871952567],[86.40564651197201,27.01034011868159],[86.40531707319182,27.009894053100297],[86.40506797813293,27.009640168853192],[86.40473216510917,27.009460432665044],[86.4044227337301,27.009052816103612],[86.40438303009638,27.00893753296479],[86.40438702921239,27.008765982835577],[86.40445480180404,27.008594744046857],[86.40471520680082,27.00837005004071],[86.40489058069626,27.008145107416972],[86.40525971451682,27.00809240050865],[86.40504337966709,27.007655899780605],[86.40494371476031,27.007443337888482],[86.40476164405277,27.00713556282604],[86.4045363698167,27.006843416772565],[86.40416541705572,27.006453618688507],[86.40359801782229,27.00622999642789],[86.40308695662844,27.00623913003872],[86.40270012861042,27.006363921127726],[86.40244034785343,27.00651177979499],[86.40201801434532,27.007094643087207],[86.40122448585214,27.0079919776662],[86.40118453473053,27.008093444887862],[86.4007238671315,27.008172660453333],[86.40003724471622,27.00844512371736],[86.3997824010291,27.008441812737807],[86.39950380036568,27.00853090448368],[86.39943933989164,27.00856685306791],[86.39919663054891,27.008944966522577],[86.39906627230071,27.009057250949652],[86.39880817887743,27.009184853837517],[86.39835851669467,27.00932971403851],[86.3980096436914,27.009705140727807],[86.3974932080702,27.009962534247137],[86.39697989691592,27.010104831027252],[86.39663889731874,27.010134969121385],[86.3962990233107,27.01012897118664],[86.39570836623795,27.00994361016887],[86.39545321106439,27.00993804874131],[86.39485524301043,27.01005959150014],[86.39451536837355,27.010053656027583],[86.39400736884134,27.009965697627763],[86.39356189228815,27.009918626618813],[86.39268801179394,27.010016477207937],[86.39183695018394,27.01005568510535],[86.39124223232712,27.01004187565767],[86.39073060823331,27.01010965094328],[86.38996501593496,27.01011309798666],[86.38903367214334,27.00996012552434],[86.38843826675354,27.009966570995886],[86.38809707974549,27.01001708937511],[86.38749561331029,27.01027173333715],[86.38724076994671,27.010266109299057],[86.3870722693619,27.010204468361266],[86.3864788016957,27.01013645454058],[86.38630786435306,27.010169529151742],[86.3856276780221,27.010175600749367],[86.38503021047165,27.010258818834938],[86.38477536699071,27.01025319483095],[86.38409967898964,27.010067397423548],[86.38384452354309,27.01006177428808],[86.38299052556705,27.01023639704657],[86.38273324502617,27.010325550893715],[86.38256280746657,27.010340619853956],[86.38146383839617,27.010069426624334],[86.38103887091478,27.010060866111367],[86.3799277169739,27.010306513207183],[86.37939127318515,27.010523145153847],[86.37919639168338,27.010673441283185],[86.37906590815224,27.010803855548794],[86.37897719039267,27.01095471374589],[86.37884708176213,27.01106699791092],[86.37833058274047,27.011324328948138],[86.37807530220704,27.011339024109514],[86.37765208385719,27.011253628425134],[86.37731220935326,27.011245316742407],[86.37637243009627,27.01141950363905],[86.37542708818704,27.01180362661493],[86.37516824581645,27.011951422152],[86.37479930194507,27.012250013633242],[86.37449944305408,27.01234129418046],[86.37478825383447,27.01357277769692],[86.37487767006431,27.014263792165014],[86.3749942197419,27.01472486383819],[86.375133525832,27.015111475462408],[86.37514359787687,27.015571922923094],[86.37522100497695,27.015879324972865],[86.3752173182016,27.016032807891648],[86.37510178109996,27.016413795361963],[86.37479561137428,27.01675102271591],[86.37444148943236,27.017320568719963],[86.37411506106248,27.017619222809227],[86.3737909450706,27.017825536932037],[86.37333759894214,27.018338191721554],[86.37325006917445,27.01856125858259],[86.37328977375508,27.018732995575782],[86.37344258474735,27.019124171170056],[86.37405449811756,27.019228507787748],[86.37430727968392,27.019328910271653],[86.37468392102117,27.019583418154266],[86.3751160870086,27.020167709648522],[86.37519012049896,27.020628468925583],[86.37512053520126,27.020856162120452],[86.37504920143914,27.021162814753296],[86.37472189825816,27.021499917437335],[86.37452689119253,27.021650339288136],[86.37400245700978,27.022214634863325],[86.37395225233382,27.022288907353428],[86.37360150147705,27.02252660648609],[86.37334309728469,27.022712788381327],[86.37314602876205,27.023016692819436],[86.37303261774755,27.023417936235436],[86.3730285569521,27.023645940476122],[86.37308520780147,27.02404799565553],[86.37318631098289,27.024337329808944],[86.37367100061003,27.025179196691578],[86.37386432194688,27.025256779492345],[86.37415849426284,27.025398067994807],[86.37457202726166,27.025882955971298],[86.37465168472305,27.026115773132098],[86.3746966492912,27.026883435547514],[86.37479743851665,27.027114127653054],[86.37508748681105,27.027426903940125],[86.37565332399227,27.027781563860472],[86.37594899606361,27.027864147279676],[86.37628274715591,27.028138724862814],[86.37642580241814,27.02837185438148],[86.37648407713998,27.028602358482093],[86.37643787440908,27.02875340298594],[86.37630301632,27.02903942618028],[86.37625762595117,27.029152147620394],[86.37583704395526,27.02983422763294],[86.37533386702218,27.030398585940745],[86.3751349859652,27.03070242734922],[86.37508309722469,27.03108366431037],[86.37528598937196,27.03149084473624],[86.37545123952427,27.031685712183663],[86.3761426870554,27.032119895120697],[86.37651614114827,27.03250981733572],[86.37671947057281,27.032896679408044],[86.37677743253532,27.033127183899364],[86.37687990960472,27.0332834162248],[86.37689898123371,27.033378256348445],[86.37704272377489,27.03359338040524],[86.37735665431184,27.033809189875868],[86.37775774069357,27.033930596243447],[86.37829969481851,27.03438216080783],[86.37848401623141,27.034674181571113],[86.37864483065432,27.03505860550201],[86.37877676372145,27.035752182899028],[86.37902429636661,27.036082776904248],[86.37933585188122,27.03639342757185],[86.37971174314832,27.036670442214767],[86.38002898573187,27.036750837400334],[86.3805377978459,27.03681853935966],[86.38062201726508,27.03685955001768],[86.38066334480536,27.036916191506684],[86.38070386110027,27.036995401386868],[86.38065397149107,27.037299866211157],[86.3803684349137,27.037657474572796],[86.38034530269019,27.037734122808008],[86.38038219435057,27.037964565105522],[86.38024358628928,27.03842213830255],[86.38023590038667,27.03872910288184],[86.38031280833485,27.03907482921763],[86.38041572340666,27.0392106802663],[86.38073090300793,27.039370098450796],[86.38130373930456,27.039438049941783],[86.38162460569228,27.03936721333546],[86.38184093284926,27.039219167634137],[86.38216979761158,27.03882336027436],[86.38228296074905,27.038537150049677],[86.38233272491468,27.038250690468978],[86.38239831088283,27.03817654238382],[86.38250697360284,27.038082201296262],[86.38276500507853,27.037972728474575],[86.38304329290776,27.037901704613404],[86.38327387973385,27.038038117790926],[86.38345820128217,27.038330139106822],[86.38363477356509,27.038947130770126],[86.3836696658028,27.039254282635238],[86.38357357461858,27.039712043454905],[86.38332930261865,27.040128668126073],[86.38362266304236,27.040305966509415],[86.38414517236394,27.040698701663036],[86.38448192293255,27.040840114279664],[86.38473826597861,27.040805163676044],[86.38532128723651,27.04045330430351],[86.38549141251457,27.040456365847078],[86.38574506892473,27.040518318789182],[86.38589124817844,27.040636351675122],[86.38605418762647,27.04092599746487],[86.38619349353094,27.041330615020172],[86.38621501373709,27.042192992812076],[86.38639777302465,27.042541405296543],[86.38672708679107,27.043007851015755],[86.38746323679688,27.04334738020467],[86.38771483097896,27.043506424193367],[86.38777679226939,27.04358344605681],[86.38793560671643,27.04404689316465],[86.388008139815,27.04456410718959],[86.388089172142,27.044738281655903],[86.38827718054391,27.044876758303975],[86.38849025847168,27.04485962588324],[86.38857453917213,27.044900636576095],[86.38888771974544,27.045136765516965],[86.38895011909236,27.045195719062477],[86.3889687518789,27.04531094028371],[86.38915151124253,27.045659353812145],[86.38931801166049,27.04581577292457],[86.38959223875482,27.04591629921191],[86.38993423856668,27.045845524949204],[86.39027173849429,27.045966618595795],[86.39044186351434,27.04596961777819],[86.39077530181444,27.04626451295725],[86.3908320771165,27.046551409789508],[86.39084064925964,27.047068374075895],[86.39113432250257,27.047247985438307],[86.39119628296079,27.04732494509425],[86.39121497851112,27.047422098241057],[86.39114445734603,27.047706245291614],[86.39094313906521,27.04810486453202],[86.39080421903911,27.048562500188797],[86.39084423474337,27.048677783129385],[86.3909066334966,27.04873680062393],[86.39103230602441,27.048816322155695],[86.3913289150206,27.0488604573294],[86.39149741563904,27.048940228707593],[86.39162065104465,27.04911452793532],[86.39159426926855,27.04932434006297],[86.39163403512708,27.049439623358538],[86.39162584949513,27.04978497544474],[86.39181629491563,27.049826423066165],[86.39196253739469,27.049944455653286],[86.39200336553063,27.050021353128976],[86.39200005377793,27.05017477248958],[86.3919549764696,27.05028974471311],[86.39182361796318,27.050458482937174],[86.39177735402399,27.050629846276586],[86.39177354203554,27.050801396645127],[86.39184838825867,27.051262156270628],[86.3920791624971,27.051400881719427],[86.3925066923489,27.051312413390914],[86.39301719261474,27.051323661358364],[86.39318563030324,27.051403371056274],[86.39322695846715,27.051459949514733],[86.39326447579293,27.051690391249736],[86.39310917285472,27.05197629001277],[86.3930827283076,27.052204232114736],[86.39343904957694,27.05246086577287],[86.39358323031747,27.052673676287835],[86.39364600401801,27.05271231274098],[86.39365920108222,27.053075793612177],[86.3937194134804,27.0532499071241],[86.39384327338051,27.053424206813986],[86.39411543861097,27.05362169956556],[86.39436821998078,27.053740168955404],[86.39449307986337,27.05385807736217],[86.39457311269946,27.054088706287686],[86.39456811389346,27.054318899219354],[86.39445282737378,27.054717954673436],[86.3944226341184,27.055119573060132],[86.3944589009853,27.055406344107997],[86.39451880095586,27.055580520192287],[86.3945125521953,27.055867166625113],[86.3943736334288,27.056381194053674],[86.39436626022892,27.056706227163456],[86.39447023755572,27.056824010294328],[86.39461273065169,27.057113593911915],[86.39473827856938,27.057211183703952],[86.39518144310347,27.05737335106856],[86.39577791072796,27.057344273356286],[86.3962025044798,27.057391220251333],[86.39637056785828,27.0574913105153],[86.39649542763718,27.057606967838954],[86.39657714734423,27.057763012710776],[86.39665555461812,27.058070352158765],[86.39665055685093,27.058300607112695],[86.39653277023861,27.05881475938985],[86.39632739052352,27.05944138313073],[86.39627581476712,27.059842939332615],[86.39637448102977,27.06018872757785],[86.39653960707521,27.060421919087304],[86.39683327969973,27.06061728582562],[86.39706174205995,27.060871107436142],[86.39708150011123,27.060947941983123],[86.39694476836357,27.061346873196182],[86.39695590314358,27.06180738331056],[86.3970603178126,27.06190491069722],[86.39724995087461,27.06198474464744],[86.3975043571911,27.062028692612415],[86.39776007615194,27.06201399801115],[86.39801366973563,27.06209408101844],[86.3982437564503,27.062271130562532],[86.39836386820242,27.062619231075352],[86.39830979237134,27.063133695365586],[86.39792672853045,27.064102672118615],[86.39787259027605,27.064619324023734],[86.39776011558155,27.064903283703565],[86.39773373431035,27.065133414332372],[86.3977312347278,27.06524625981598],[86.39787122912715,27.065650876462243],[86.39815746553525,27.066173527405425],[86.39840524925025,27.066522189157908],[86.39873943746214,27.06679676593087],[86.39950848108934,27.06763525361147],[86.40019705429707,27.068258866797322],[86.40061802357233,27.068459296210417],[86.40110008011354,27.068793201192612],[86.40132885481724,27.06904696116823],[86.40169937373646,27.069608309312382],[86.40223845530855,27.070249428709495],[86.40273820739563,27.070757135124136],[86.40303113049349,27.070972820406002],[86.4031137872195,27.071088290297673],[86.40332192876818,27.07130360180305],[86.40359084509515,27.071652388450914],[86.40373340088036,27.071941909545153],[86.40387214544218,27.072405231487735],[86.40386089829678,27.072922070346493],[86.40395712736814,27.073382954933805],[86.40426487274044,27.073903416561805],[86.40443137364286,27.07408021703601],[86.40464089024039,27.074218755384102],[86.4060961190865,27.074818540455457],[86.4063890423319,27.075054543930303],[86.40647376071976,27.075075236649933],[86.40672541837331,27.075232029998052],[86.40695456796175,27.075467721900157],[86.40703847472253,27.07552680081626],[86.4071091836345,27.075202078950113],[86.40742347588932,27.074460732947397],[86.4075772164811,27.07425367068538],[86.4077073254309,27.074141386529174],[86.40848441583799,27.073638980529754],[86.40874219644935,27.073529507985025],[86.40887186820353,27.073435229010123],[86.40919323406207,27.073346261680264],[86.40964489684347,27.073124629748847],[86.41022816800297,27.072734383516732],[86.4106144325023,27.072589274365374],[86.41112543229548,27.072577827407752],[86.41176529055885,27.07251505190335],[86.41189377519471,27.07247722690099],[86.41215236761681,27.072329305893568],[86.41247335935245,27.072240338645088],[86.41317686664912,27.072195880665117],[86.41394564722337,27.072077149260316],[86.41445664665237,27.072065702934704],[86.4146665999654,27.07218623602166],[86.41483266333873,27.072381041394472],[86.41527470345225,27.072599600647745],[86.41577689352532,27.07301021626577],[86.41594545611167,27.073087673875076],[86.41625851256333,27.073380131954607],[86.4163614274515,27.073536301083156],[86.41696409491078,27.074215994174605],[86.41727427762974,27.074641616078573],[86.41752462256511,27.074877432009355],[86.41792445947874,27.075093491448033],[86.41825889808443,27.07538607352723],[86.41856839270736,27.07583201374923],[86.41871544815943,27.075929665120587],[86.41890295723873,27.076124595518905],[86.41896166902015,27.07635503796473],[86.4191446174023,27.07675984235333],[86.41931111766651,27.076934328819863],[86.41943710305112,27.07701385103647],[86.41975478289811,27.077096433817182],[86.42039245524516,27.077144191114172],[86.42087494893363,27.077477971354064],[86.42114011640555,27.078018564338795],[86.42145173484367,27.07836972619694],[86.42173797257414,27.078910382133483],[86.42230093665623,27.07947472945747],[86.42238271901762,27.079628585797277],[86.42256953974088,27.07984152102664],[86.42275292498596,27.08022825758913],[86.42266258302585,27.080455887684],[86.42266089594354,27.080532598351677],[86.42274224082874,27.08070671122234],[86.42322392190013,27.081078939820692],[86.42334828248663,27.08123292148466],[86.42347101783507,27.081465925583867],[86.42349077599556,27.081542698314795],[86.42335616828589,27.08184691349463],[86.42332978676961,27.082074731337325],[86.42336742911854,27.082305172982103],[86.42350992261818,27.082615012857172],[86.42354669038785,27.082881527956992],[86.42381941720859,27.08305870194089],[86.42434230343609,27.08350776504311],[86.42446666353402,27.083663997095016],[86.42452662507657,27.083835796718596],[86.42463029041855,27.08397164852075],[86.42481792430891,27.08414851032685],[86.42513185460746,27.084402581650362],[86.42544828494621,27.084541556176816],[86.42583036426805,27.084606383505037],[86.42634048942979,27.084651266237593],[86.42691551209025,27.084642320151143],[86.42714891130198,27.084686142949863],[86.4272939039905,27.08487863519321],[86.42760952289606,27.08505593407384],[86.42767317097397,27.08505849645224],[86.42788793613582,27.084984847667045],[86.42808244294498,27.084854744126925],[86.42823524673608,27.08468375505002],[86.42837066679401,27.084323147353754],[86.42871722751688,27.08406050387804],[86.4289587491062,27.08374090758412],[86.42941147343731,27.083480889190508],[86.42980136309903,27.083179983955635],[86.43012354168086,27.08305263064198],[86.43042546240713,27.0828845775323]]]}},{"type":"Feature","properties":{"province":"Koshi Province","district":"Udayapur","municipality":"Katari Municipality","ward":"13","wardNumber":13,"sourceMunicipality":"Katari","sourceType":"Nagarpalika"},"geometry":{"type":"Polygon","coordinates":[[[86.36895605776621,27.148444432051875],[86.36908747859101,27.148293823322824],[86.36913543102398,27.148066005956984],[86.36909660271847,27.14791239886722],[86.36899249955046,27.147794490251638],[86.36859091323655,27.147634760050725],[86.36840177927135,27.1475164774951],[86.36795755207734,27.147356498451114],[86.36770514453119,27.147199641992547],[86.36707684462996,27.146691124966708],[86.36685375613447,27.146209361098645],[86.36679510684641,27.14597891860592],[86.36672413414435,27.145364551688292],[86.3667278217645,27.14521113190396],[86.36679721865212,27.14498343854098],[86.36697534263028,27.14466146747848],[86.36732396599568,27.144360562983877],[86.3678222073656,27.14404452747384],[86.36808036295493,27.14395312247676],[86.36851008195224,27.143826393473923],[86.36876655064376,27.14381176170413],[86.36919620677256,27.143687282474943],[86.36979480041634,27.143638011381157],[86.37005383149028,27.143510533551378],[86.37036037709672,27.143171056218],[86.37080453047183,27.142432647013482],[86.37152453478559,27.141756440405732],[86.37156911313019,27.141679855487514],[86.37159974381508,27.141280487991992],[86.37161374101746,27.140686875813962],[86.37168151332617,27.140533704924337],[86.37181206052938,27.14042142046246],[86.37196323979997,27.140347522526728],[86.3724309122276,27.140412911747536],[86.37377278506327,27.140836458439257],[86.37391715504221,27.141139483512006],[86.3743759526663,27.141493707325115],[86.37483825128284,27.14173277318919],[86.37517800117371,27.141777157234603],[86.37545722797746,27.141706195709865],[86.37597991364775,27.141295444180294],[86.3761561013564,27.141088569115624],[86.37620299110941,27.14093752453515],[86.37638192727336,27.140633558648073],[86.37639023920796,27.140326530521072],[86.37643712904327,27.140175611320405],[86.37650321543795,27.140099150447806],[86.3767199181568,27.139969172070465],[86.37691361319683,27.13989777448448],[86.37742567579853,27.13986844764347],[86.37768345688902,27.139797361020943],[86.37794161201934,27.139705956702525],[86.37813811952677,27.1395375299198],[86.37822796267662,27.13936866705873],[86.37823227525269,27.139215184678886],[86.37817256377348,27.139059139720462],[86.37800743781928,27.138864334155297],[86.37792659397209,27.138710476810925],[86.37769900691963,27.138456654907724],[86.37767987347263,27.13837982038096],[86.37776934152484,27.13822896294351],[86.37792170820791,27.138116803073256],[86.37824270076503,27.138066284574602],[86.379277699421,27.137626143996698],[86.37951678534127,27.137457904402563],[86.37971366714112,27.137271410081823],[86.3799101123968,27.137102983957206],[86.38001101691597,27.136530127028006],[86.37993648434836,27.136146077495358],[86.37994479560044,27.13583911266173],[86.37989370773755,27.135378414874257],[86.38003406517004,27.13492084146211],[86.38014422946709,27.134790364646665],[86.38029653375524,27.134678205348415],[86.38027940045845,27.134524597910335],[86.38041369644343,27.13429721693945],[86.38056568810761,27.134185057279783],[86.38075900852884,27.134131727731255],[86.38093200814319,27.134039948729914],[86.38110819485375,27.133833010499863],[86.38129575575391,27.13322214222455],[86.38134095754764,27.133082412972904],[86.38127743334078,27.132996326341154],[86.38107666566725,27.132562075458097],[86.38095655443664,27.132216163285232],[86.38058503632949,27.131695389138244],[86.38042103479121,27.131405742982594],[86.3803611354958,27.13123394399857],[86.38014635794949,27.13037300604045],[86.37988650173686,27.129624726627647],[86.37975812990315,27.12870545764773],[86.37967803536873,27.12847707967245],[86.37939129767067,27.12797474748097],[86.37893093615028,27.127604769216088],[86.37864469968669,27.127082118467065],[86.37854559663404,27.126754398136118],[86.37855221934014,27.126467751700382],[86.37872909338645,27.126184104331852],[86.37898943635933,27.12597985403045],[86.37911829546695,27.125944279464914],[86.37937376399574,27.12594765233283],[86.37962704609332,27.12604811668498],[86.3801369216789,27.12611581892672],[86.38052206188202,27.1260475440537],[86.3808443661862,27.12592025325615],[86.38145176944317,27.12545342229191],[86.38171005104141,27.125341699559677],[86.38273936159688,27.125052790440183],[86.38319102478481,27.124869669409517],[86.38340753955241,27.124721623488753],[86.38390753023573,27.124290429708104],[86.38416743553012,27.124104184721062],[86.38451255987553,27.123918313367362],[86.3851624164104,27.123451669773566],[86.38555499261379,27.123058362547724],[86.38608436419105,27.122266123808043],[86.3866285568749,27.121758344167453],[86.38674015711592,27.121530838960954],[86.38711278786084,27.12108101475278],[86.38726359143668,27.121007179552382],[86.38774044934416,27.12065038181296],[86.38815659472198,27.120142040398452],[86.3882871417539,27.120029755777317],[86.38867559322031,27.119807936653576],[86.38891517819545,27.11958324271717],[86.38926767590328,27.11907465216796],[86.38942054199768,27.11890378834129],[86.38970807848997,27.11845127701185],[86.38990352308706,27.11828285043514],[86.39046385044117,27.11800545027764],[86.39089719267993,27.117688978121624],[86.3912682605288,27.117293295020573],[86.39199588737947,27.116217471902267],[86.39219051991583,27.116087306267314],[86.39262011344226,27.115942509107587],[86.39279248708708,27.115848479718444],[86.39290152640967,27.115736070750444],[86.39296929906985,27.11556476977875],[86.3929610373777,27.114993664641762],[86.39303412166038,27.114594484299033],[86.39310183202859,27.11442318254118],[86.39319860988445,27.113908905778686],[86.39342587211519,27.113284720048693],[86.39349245750785,27.113169872824653],[86.39421489918163,27.11232424188149],[86.39428267151563,27.112153003580357],[86.39459252854144,27.111641912847652],[86.39470569037654,27.11135570205792],[86.3947758997703,27.111071618707506],[86.39476264049307,27.110726204737855],[86.39459988852346,27.11037791684659],[86.39451841891079,27.110224059501856],[86.39426232566946,27.11023875440874],[86.39400285744595,27.11040468064812],[86.3937186321455,27.110726216326295],[86.39309640732812,27.11092446805656],[86.39238415088991,27.111329969825654],[86.39187346308103,27.111302904987415],[86.39167970665315,27.111394621731083],[86.39122979254647,27.111501033351665],[86.39052653511031,27.111525109811396],[86.39020554308102,27.11157562833382],[86.38976100336508,27.111451847025315],[86.38944525968381,27.111292428925445],[86.3882967129659,27.111212980685803],[86.38797522082679,27.11130413609561],[86.38778308817402,27.111319204310405],[86.3872667140034,27.111538086980108],[86.38675477715012,27.11156747663252],[86.3862407777515,27.1116916430347],[86.38591603693146,27.11191371203172],[86.38548056944062,27.112327150299443],[86.38436204049809,27.112803052657227],[86.38410257309188,27.112968978635315],[86.38384435493519,27.11308070247913],[86.38332504449272,27.1134328108242],[86.38310559280421,27.113716272014436],[86.38285437303132,27.113518778686803],[86.3828346144264,27.113441944395472],[86.38311145335821,27.112528985962236],[86.38310069348391,27.112070726572504],[86.38323711356331,27.11168980002506],[86.38350314238387,27.111235039028685],[86.38413661495453,27.110540328327374],[86.38440058201867,27.110182533005858],[86.38440595585853,27.109952339848096],[86.38428078370328,27.109834431934356],[86.38400693078236,27.109695519554304],[86.38267399900919,27.109305981411612],[86.38236013054373,27.10905178541432],[86.38198786268528,27.10856483388823],[86.38154782215237,27.10825149677721],[86.38123432800107,27.107976919303102],[86.38104506945768,27.10787676716406],[86.38066405355448,27.107775804821834],[86.38034556123289,27.107731544938602],[86.37996516970846,27.107589882266712],[86.37894379451967,27.10754931890357],[86.37818282491212,27.10728637547191],[86.37799400351408,27.107168155007262],[86.37755533740702,27.106777982887102],[86.37722439799228,27.1063499231893],[86.37701500623777,27.106193192158052],[86.37632674486616,27.10554688418399],[86.37599049388768,27.105349017461247],[86.37548143158786,27.105263248398895],[86.37516175175298,27.10527538002563],[86.37490428350704,27.10534871667783],[86.37464525245161,27.105496575555666],[86.3743237608618,27.105585417996203],[86.37387684682757,27.10555635135359],[86.37261088239946,27.105564242440597],[86.37131884775444,27.10566234781457],[86.37080928454388,27.10561721477662],[86.37021643959946,27.105456548902687],[86.36911684349329,27.105040813692064],[86.36886268725583,27.104978736034003],[86.3684378432201,27.10495429610409],[86.36818374902914,27.104894468712292],[86.36795178745311,27.104757993912237],[86.36788970037976,27.10464039714911],[86.36787337705258,27.104297109180905],[86.36798372661694,27.104010961563276],[86.36865658541947,27.10304335785691],[86.36880957549809,27.102757396893832],[86.3688984790567,27.1024711242927],[86.3692684193715,27.10188363538787],[86.36939834002753,27.10171264677913],[86.36957396107505,27.10131390269475],[86.36981204490402,27.101028316037947],[86.37007069880981,27.10078342877593],[86.37041450897195,27.10052084822064],[86.37063114713082,27.100235137052554],[86.3708502839444,27.099780188724218],[86.37106785849261,27.099438023233457],[86.37115613818355,27.099208205174662],[86.37143798590087,27.098809897845562],[86.37150419587653,27.098638659317047],[86.37154927265632,27.09846729597767],[86.37155408181104,27.098121944085047],[86.37145354000009,27.09771970181404],[86.37139719946892,27.097202550644965],[86.37131697796376,27.09685682509862],[86.3710118528777,27.09589392121986],[86.3708394165086,27.096064660874873],[86.3704974810897,27.09621445796428],[86.37017542849802,27.09642064703404],[86.36957596189227,27.096718178735657],[86.36895436448226,27.09709235775085],[86.36863150004353,27.097375318916225],[86.36850126704746,27.0975463083783],[86.36819991026708,27.097829394802606],[86.3676610320664,27.09833936220105],[86.36733610644552,27.09877580671412],[86.36703487364325,27.099020444304244],[86.36686043904588,27.09932441028888],[86.36638464765919,27.099893395103408],[86.36621014926796,27.100197298298923],[86.36599394910816,27.1004626910128],[86.36545657033653,27.10087563122662],[86.36485935266953,27.101001611856027],[86.36449540945563,27.101189545604868],[86.36438768351385,27.101283886986707],[86.36436442716743,27.101434993950523],[86.36439982192877,27.10193407804314],[86.3643963856387,27.10216427063058],[86.3643069196208,27.102468548454148],[86.36430479585151,27.102622031124973],[86.36412817445732,27.10307947974188],[86.36375704816753,27.103763997008123],[86.36366870591807,27.103991565069137],[86.36349414639116,27.104295530497183],[86.36344963156102,27.10444882654638],[86.36286242857155,27.105360350121472],[86.36279203396417,27.10581823576705],[86.36272619996471,27.105971468286196],[86.36261647530854,27.106198848975406],[86.36301724938782,27.106415158275333],[86.36347904922198,27.106823586009344],[86.3636662468685,27.10711335590403],[86.36366312378652,27.107341360953413],[86.36342491633468,27.1076449520084],[86.36316888523992,27.107700221075852],[86.36291535329917,27.10759975715988],[86.36257560355726,27.10757562837008],[86.36223541613676,27.107571881297925],[86.36180882320146,27.107680542753055],[86.36155322971173,27.10769742558629],[86.3610437303071,27.107652230056583],[86.3601969160912,27.107411418284013],[86.35996501648523,27.10727494348638],[86.35975506196269,27.107100081482884],[86.35950159266987,27.106981612037988],[86.35924693625103,27.1069579202725],[86.35890581239218,27.10701056478671],[86.35856381413628,27.107160174430682],[86.35800592665836,27.10751659806423],[86.35785549804682,27.107628757219427],[86.35768256216613,27.107817564562154],[86.35759690551731,27.107855576804013],[86.35714942990718,27.107925727217516],[86.35695523635441,27.108134790491867],[86.35686695700129,27.108362358423932],[86.35684014013938,27.10874597177054],[86.35689716743428,27.109204480135592],[86.35719960564668,27.11035700329902],[86.35723756122219,27.11066415523315],[86.35718861207282,27.111124415902207],[86.35705731713621,27.111369864600093],[86.3568848187861,27.11154066667192],[86.35671381993501,27.111614377477576],[86.35649874280686,27.111784929639178],[86.355941792556,27.112082585587395],[86.35568532511584,27.112155921942602],[86.3549194193986,27.112204382645775],[86.35432513790417,27.112138431792083],[86.35381295164561,27.112266974756725],[86.3536419525116,27.11234068557012],[86.35355685861902,27.11233806106828],[86.35338579742232,27.112414022500232],[86.35287386083141,27.11250192928832],[86.35253048654357,27.112669669225614],[86.35235967442173,27.112704993904593],[86.3521894249867,27.11270424591079],[86.3515105482622,27.11254082961779],[86.3510844548009,27.112554651396753],[86.35076177588812,27.11274277203707],[86.35058852819441,27.112931642557182],[86.35030780332718,27.113158273768676],[86.35015568689417,27.113347205819107],[86.3500053830061,27.113441298321547],[86.34976673671488,27.113704315539753],[86.34933670740105,27.113968710161526],[86.34916520765337,27.114022039841405],[86.3486545200366,27.113997163112],[86.3481457689839,27.113857127263827],[86.34789036258897,27.113853691438685],[86.34729551822387,27.113767485012747],[86.34703973716546,27.113784243279753],[86.34619111086717,27.113581692936734],[86.34593564240285,27.113578256358938],[86.34559670413299,27.11347735544778],[86.34525626604533,27.113453227542518],[86.34508557902326,27.113470484584717],[86.34482779892494,27.113620530764084],[86.34457095519888,27.11369380482843],[86.34431323795879,27.11382353330848],[86.34379955117326,27.11399046350352],[86.3437143953814,27.113987838619646],[86.34354277111349,27.114061548877654],[86.34294449010532,27.114189655718803],[86.3427728656962,27.114263303704],[86.34221866328176,27.11429463196062],[86.3414330602571,27.114148722157307],[86.34134990372878,27.114033189005458],[86.34089316366449,27.113299728879458],[86.34072591218253,27.113104860636888],[86.3404730047729,27.112950192808846],[86.34013356621232,27.11286729755226],[86.33996469067266,27.112789776373926],[86.33918408578654,27.112339277476618],[86.3388716528581,27.111893087047612],[86.33838953291395,27.11142808090124],[86.33815757104654,27.111291543180084],[86.33784451260587,27.11090412033169],[86.33759310548423,27.1106523614835],[86.33733988470624,27.110495443722964],[86.33683200873554,27.110316959057588],[86.33657685195156,27.110275137047797],[86.33630187542835,27.110174484946864],[86.3362177180971,27.110115468638064],[86.3360915455953,27.11001781618602],[86.33586177056998,27.109727796581712],[86.33571846340847,27.10938175923721],[86.33546861693861,27.10903303424272],[86.33538402243279,27.108994211429128],[86.33509103592897,27.10868356031537],[86.33475353498713,27.10848788136655],[86.33435107265885,27.10834828257448],[86.33403451689675,27.10819105205307],[86.33388727371562,27.10807520726083],[86.3337181479694,27.107995435843232],[86.33352988882116,27.107782374810196],[86.33338258324248,27.10768459824035],[86.33312786403914,27.107624708083556],[86.33295761438009,27.1076216467503],[86.33244505268638,27.107711740776136],[86.33210261584779,27.107820776856283],[86.33159061547538,27.107854416983017],[86.3308216475443,27.107961393569433],[86.3298802425542,27.108160024449145],[86.32962452356249,27.10815890183772],[86.32928177462679,27.108270125829023],[86.32885411863154,27.108342589584794],[86.32851436763488,27.10826194453467],[86.32800586674031,27.108083459634205],[86.32792046033144,27.10808308530086],[86.32701212072489,27.10759563913663],[86.3265268132689,27.107284116145962],[86.32618806261326,27.10714707918013],[86.32595597535202,27.10699022337911],[86.32578628736098,27.10695102545743],[86.32551056018228,27.10687069231553],[86.32514936433212,27.106789985380022],[86.32410279447802,27.106913657357655],[86.32375960699197,27.10704520017329],[86.32347888294447,27.10727183198313],[86.32323967350523,27.107555042452525],[86.32310819073082,27.10778467409051],[86.32297808256298,27.107917213757226],[86.32263445833149,27.10806682457663],[86.32222531126298,27.10831089977721],[86.3218846232099,27.108288960027306],[86.32137224851992,27.108340667802366],[86.3208569380046,27.10856386392797],[86.32051275142534,27.108751922459717],[86.32008397140783,27.108901033260544],[86.31965619009881,27.108991502274044],[86.31957053417705,27.109029451292393],[86.31924591951706,27.10933260649004],[86.31898726370727,27.109482591076407],[86.31885728077293,27.109615131457872],[86.31868503098988,27.10972941616036],[86.31816984516203,27.109934606979934],[86.31774187719634,27.110045393981544],[86.31723162664967,27.10996175040048],[86.31689050106752,27.109960002797262],[86.31671937666759,27.109995327438043],[86.31629003339049,27.110182824775247],[86.31600949649928,27.1103891388595],[86.31575177810329,27.110502987259235],[86.31558071599507,27.11053831224193],[86.31498368401768,27.11055119660171],[86.31489908992135,27.110512436050964],[86.31472858998897,27.110511625751073],[86.31421865192928,27.110409788029695],[86.31353727581842,27.11036359494312],[86.31328018333943,27.11043680646476],[86.31291136455286,27.110816484433368],[86.31256917822711,27.110889321468623],[86.31220829387871,27.110770228394248],[86.31209975572786,27.11088476303113],[86.31199015533943,27.111073881836056],[86.31187661938202,27.111533768413157],[86.31163409934139,27.112008847544725],[86.31150442902906,27.11212338253578],[86.31133286647812,27.112197030637816],[86.31096617233084,27.11244354480568],[86.31074997111021,27.112632039808794],[86.31050938725936,27.11299427361567],[86.31037521784641,27.113375137364617],[86.31026618012623,27.113525807621535],[86.30970685410016,27.113827777034704],[86.3095116601547,27.114034527552246],[86.30935498383819,27.114494226600065],[86.30922300076699,27.114721544577602],[86.30904925230675,27.11493060747999],[86.30881073020997,27.115157427040618],[86.30863898054952,27.115233326017023],[86.30848798949432,27.11534548564969],[86.30824934206439,27.115592560184314],[86.3078190003644,27.115836511406126],[86.30764537682202,27.116025256431303],[86.30751370646223,27.116254887269736],[86.30744231116878,27.116694642612188],[86.3078859764801,27.11694739935655],[86.30807467394615,27.117140203586857],[86.30845387930209,27.117412904613595],[86.30902684132566,27.117553377428095],[86.30941104418748,27.117537244076463],[86.31030524844586,27.1176048795887],[86.31075509958967,27.117476086907395],[86.31146060644835,27.117348604353715],[86.3119724814272,27.11733528229925],[86.31235718425997,27.117283013111326],[86.31291063820451,27.117326333060223],[86.31303681055392,27.11742398520364],[86.31322382032378,27.117731885791436],[86.31347560323572,27.117963388523812],[86.31395991125315,27.118333617191315],[86.31406245230782,27.1185825015853],[86.31425264857685,27.118680403950705],[86.31450830482628,27.118683901916373],[86.31521293725417,27.118615124553173],[86.31559876447925,27.118483831790574],[86.3157278729092,27.118407620210508],[86.31624156093011,27.118299582890828],[86.31643281799073,27.11832083779308],[86.31681408579082,27.1184784422273],[86.31713339010348,27.1185002578852],[86.31726181183937,27.118482813858915],[86.31764920098766,27.118256743583746],[86.31796888146681,27.11826055367498],[86.31815951441139,27.118338199623707],[86.3184782573166,27.1183984008126],[86.31867138965366,27.118324877287055],[86.31880056090215,27.118230723140076],[86.31899356828755,27.11817520503738],[86.31931431044718,27.118120310991785],[86.31982574772894,27.11812730768472],[86.3200819667635,27.11809016876185],[86.32046379567824,27.118209387139906],[86.32103475924687,27.118482961116584],[86.32180222826511,27.118491205262362],[86.32218749342663,27.118400487167577],[86.32244864687785,27.118076702113513],[86.32277088886381,27.11792702941827],[86.32289856006653,27.117929904139242],[86.32315321760228,27.118007861872005],[86.32347039883777,27.11816515458393],[86.32372511778675,27.11824311292165],[86.32411094453309,27.118093689718023],[86.32443056234018,27.118117818274527],[86.3246228197122,27.11808036738386],[86.3247518043916,27.118024537051557],[86.32507510705746,27.117798092236296],[86.3252681144323,27.117742636963918],[86.3255238339946,27.117746072349767],[86.32609623415166,27.117942936907767],[86.32617889087967,27.118096856309325],[86.3263461431622,27.118289473772624],[86.32653621412386,27.118407756381536],[86.3266637608269,27.11842869840681],[86.32708660627891,27.118642881626407],[86.32723384953353,27.118758726781046],[86.3274640004047,27.11903067915751],[86.32756560388621,27.119335892891957],[86.3276182574763,27.12002684484745],[86.3277384951601,27.120487916338778],[86.32788267667166,27.12079556731887],[86.32804980396605,27.12100856619389],[86.32817641402235,27.121085899664052],[86.32830402353936,27.121106841697273],[86.32862032952221,27.121320588801716],[86.32872480761594,27.12145418919006],[86.32895170906576,27.12191569751289],[86.32907769411122,27.122033668582002],[86.32956368822788,27.122286550107198],[86.32968936131624,27.1224225890072],[86.32985355151833,27.122807137181084],[86.3299491586851,27.12349602626257],[86.33005182488954,27.123728968682165],[86.33030448214711,27.123922022570166],[86.33074852286764,27.124136330270417],[86.33089314199566,27.124425976390967],[86.33124946545273,27.124793330609943],[86.33175796772301,27.12498982038717],[86.33186263225018,27.125105478058188],[86.33202825937269,27.125413191375007],[86.33214462375726,27.12610445563948],[86.33251670669982,27.126799218052117],[86.33261443720842,27.127336875566076],[86.3326281359146,27.127797384839155],[86.3327909517164,27.128258643540647],[86.33286867385226,27.128719527988622],[86.33303249027436,27.129122081979713],[86.3331782954226,27.12931688760548],[86.33355787532643,27.129551140192945],[86.33381222056897,27.129631348192767],[86.33438599425318,27.12971536707566],[86.33470261259717,27.12987259699895],[86.33482834829191,27.130008635750908],[86.33495108493337,27.130316162697028],[86.33494221328642,27.130853382569637],[86.33491864443494,27.131004427415192],[86.33465542883422,27.13146150194851],[86.33463042261451,27.131691569540948],[86.33477466773297,27.131999221230576],[86.33490040303008,27.132114941275436],[86.33558866649409,27.133005257257636],[86.33529375100129,27.133335670532446],[86.33555266654685,27.133980232029547],[86.33563394926188,27.134154407258485],[86.3358845440539,27.13438816032806],[86.3361599590379,27.134488686463378],[86.33641567742403,27.13449443579626],[86.3366742091737,27.13440309389206],[86.33693367721015,27.134255297416118],[86.33729805951687,27.13418483518959],[86.33746774745744,27.13422622078188],[86.3376151152616,27.13432399803086],[86.33767707746979,27.134401019695698],[86.33773685134655,27.1345954518546],[86.33771635538167,27.13545532868157],[86.33764845760747,27.135626567678923],[86.33745226319549,27.135794931445094],[86.33734478635998,27.13583281887763],[86.33711020025655,27.135827194737217],[86.33685498156359,27.135785372612144],[86.33666422301116,27.135723481196376],[86.33653823839616,27.135643897173345],[86.3362198704072,27.135561126529034],[86.3359634016499,27.135575758475692],[86.33583316668579,27.135669911945037],[86.33574432430696,27.135820769983003],[86.33576070826874,27.13603301984095],[86.33592714623425,27.136207569308386],[86.33630697631561,27.136405748254838],[86.33690007091246,27.136589107677754],[86.33715360337558,27.136709953751662],[86.33744721402148,27.136925763499974],[86.33746572234985,27.137040984272655],[86.3370972151622,27.137282997512884],[86.336778347211,27.137238612951567],[86.33613773694903,27.137244621224085],[86.33607283878202,27.137282695334424],[86.33596255032876,27.137433428043835],[86.33582819252744,27.137699132677774],[86.33567613763762,27.1378112922575],[86.33550382567192,27.13788500317341],[86.33530719390923,27.138071372419486],[86.33528099982091,27.138283435370894],[86.33536359355418,27.13839903115879],[86.33574223558804,27.13863547103551],[86.33633364336936,27.138895603827606],[86.33675230163772,27.139247452866826],[86.33691574117323,27.139557478925564],[86.33697432865516,27.139787984225396],[86.33706230894798,27.140594219273865],[86.33703673931491,27.14076564495951],[86.33688081074858,27.141049292308075],[86.33647022532907,27.141252857160968],[86.33625164777702,27.141477487920707],[86.336139547936,27.14170718118374],[86.3361555565681,27.14193524759849],[86.336321995303,27.142112110886906],[86.33653382406789,27.142192068863807],[86.337025815791,27.142144737801466],[86.33754262786293,27.14194173467278],[86.33784717376285,27.14169941103424],[86.33832190823533,27.14147815300554],[86.3386841032369,27.14150471944706],[86.33897933932116,27.141664075850134],[86.33899616044634,27.141853756457536],[86.33892801237477,27.142024994798206],[86.33868674084306,27.142308268344888],[86.33861878070795,27.142479506133128],[86.33861465621445,27.142650993862187],[86.33869593814632,27.14282523251176],[86.33884124367702,27.14299965644898],[86.33902956536208,27.14315632542833],[86.33921576152576,27.143410023637458],[86.3392545278687,27.143581760327574],[86.33920901334929,27.14369667004099],[86.3390351381027,27.143826772436242],[86.33888552142022,27.1438441544193],[86.33831224644432,27.143717310409524],[86.33792810553543,27.143711000038596],[86.33779837116072,27.143784836036318],[86.33760211424668,27.14395319974836],[86.33753552893108,27.144068047043046],[86.33746219467707,27.14446947765528],[86.33750064815852,27.1446412156233],[86.33752298095193,27.14550353062155],[86.33762152118598,27.145849381060188],[86.33774581964097,27.14602374387032],[86.33785067131909,27.146103266162843],[86.338231938365,27.146224672463838],[86.33908231491426,27.14637539526123],[86.33941900340679,27.146573324246106],[86.339919819371,27.14706102505237],[86.34000160088891,27.147214881699714],[86.34041569790281,27.14775853701111],[86.3406683552467,27.147915455578215],[86.34134323276882,27.148254985299566],[86.34180496859943,27.14858889110103],[86.34193007856666,27.148724929533167],[86.34205268961347,27.14895574545559],[86.34212853577418,27.149360114068784],[86.34219769472362,27.15005119074285],[86.34229754773281,27.150340525185644],[86.34241128588319,27.150955079085566],[86.34246862268125,27.15124197515589],[86.34245931224751,27.15164371811304],[86.34239072660195,27.15183527465033],[86.34227743962235,27.15211917164646],[86.3422198013821,27.152750920986264],[86.3422572557967,27.15298123819778],[86.3424211323921,27.15327100849939],[86.34325157578968,27.15426354135551],[86.34339563156557,27.154494420223852],[86.34345884251958,27.154535369004385],[86.34379040741983,27.1549611774211],[86.34406301063791,27.155158920730177],[86.34444633889397,27.155203554182837],[86.3447037459772,27.15515059869088],[86.34485536256042,27.155058757254903],[86.34496527627215,27.154926092354547],[86.34507900130656,27.15462187679941],[86.34510588309669,27.1543918089291],[86.34503472400105,27.153779755050813],[86.34505948112015,27.15362639714763],[86.345214472153,27.15339914098518],[86.34556290806634,27.153098236832484],[86.34567869577273,27.152717311053],[86.34566981059031,27.15218234167027],[86.34571607521175,27.152029109236917],[86.3458706294584,27.151804041068633],[86.34600117548027,27.1517098249182],[86.34608720707962,27.1516718750902],[86.34647265997069,27.151621731411627],[86.34766766187116,27.151645349891467],[86.34851941327612,27.151737305326517],[86.34920272646315,27.151729170654743],[86.34963113277153,27.151661209065807],[86.35004178011647,27.151439639488565],[86.35008598343887,27.15138337259682],[86.35019345979259,27.151345484889266],[86.35050006756639,27.151008320683502],[86.35078260603876,27.15080200692378],[86.35082693396953,27.150725483490206],[86.35108552738942,27.150616011067868],[86.3513429333645,27.150563055733777],[86.35159815346638,27.150607128263488],[86.35193646663944,27.150746415823523],[86.35227303072041,27.150962350141377],[86.35252625039425,27.15108313320912],[86.35269600023531,27.151124518511974],[86.35329497008236,27.1510776234128],[86.3538042834599,27.151201841560823],[86.35406037774653,27.151207527943182],[86.35448922103285,27.15111918547811],[86.35500684582281,27.150898114983107],[86.35560675181019,27.15079476543313],[86.35577693978236,27.150818082925564],[86.35617683934959,27.151054710529447],[86.3563462152148,27.1511141633302],[86.35660274649918,27.15109946891088],[86.3568200744919,27.150931229606968],[86.35690891723401,27.150780371864304],[86.35717044764615,27.15055361513522],[86.35736376837863,27.150500285430187],[86.35762286157401,27.15037055671241],[86.35805126790932,27.15030253192607],[86.35839757996143,27.15009871876573],[86.358769023092,27.14972116663703],[86.35901235804374,27.14936337080806],[86.35923637110231,27.148908485240568],[86.359389237871,27.148757939123822],[86.35961156500176,27.148377450520833],[86.35972928931663,27.14792206497109],[86.3597384125925,27.14753826520941],[86.35989296624473,27.147311071290023],[86.36019457450382,27.147183781087733],[86.36066630943267,27.147095625207704],[86.3610922158026,27.14712237802103],[86.36134681003178,27.147184455950626],[86.36185368655586,27.14740345301326],[86.36235850156724,27.147717226976138],[86.36296448139163,27.14826400620716],[86.36326935123768,27.14890187710128],[86.3635584631877,27.149307243247996],[86.36385019880404,27.14959976380139],[86.36414431015889,27.149795192883648],[86.36431318589348,27.149874964389515],[86.3645677798699,27.149937042381485],[86.36491146672955,27.14984832467857],[86.36530154401704,27.149585994051936],[86.3655601373137,27.14947652094128],[86.36590257506072,27.14944419563043],[86.36649748235955,27.14955072039138],[86.36684173218538,27.149421366639555],[86.36699328721224,27.14932946281633],[86.36786672146516,27.14848239244487],[86.36812606431603,27.14835491415507],[86.36846862736658,27.148302269690603],[86.36878674480872,27.1483849782106],[86.36895605776621,27.148444432051875]]]}},{"type":"Feature","properties":{"province":"Koshi Province","district":"Udayapur","municipality":"Katari Municipality","ward":"7","wardNumber":7,"sourceMunicipality":"Katari","sourceType":"Nagarpalika"},"geometry":{"type":"Polygon","coordinates":[[[86.4486395123908,27.010660738235305],[86.44851758875778,27.01040972865309],[86.44847863539657,27.010256058699284],[86.44848732074293,27.009874634343483],[86.44864712241525,27.009416998685268],[86.44868256444278,27.008807694294283],[86.44877509487517,27.008503290979146],[86.44888675709092,27.008275785424683],[86.44894783916058,27.008090917803695],[86.44905031441148,27.0080909167959],[86.44911377308534,27.007906424668715],[86.44913746747521,27.007832027311387],[86.44926913935242,27.00770161258338],[86.44946289697772,27.007627901427558],[86.45005736508323,27.00770016623064],[86.45029438828315,27.0076108252083],[86.45038391905953,27.00745990443727],[86.45038347184015,27.00677145212271],[86.45043086206736,27.006620407228517],[86.45069420482906,27.00635957821566],[86.4509733064985,27.006288429270498],[86.45114343124719,27.006293616618812],[86.45156333813809,27.006493857848852],[86.45190158796574,27.006578691734003],[86.45283761851418,27.006618442320942],[86.45300924377007,27.006585243473836],[86.45369917992994,27.006294462800835],[86.45402723360345,27.006015814616827],[86.45414002167817,27.0058085656811],[86.45420208801822,27.004436349292426],[86.45436620340305,27.00390656708625],[86.45474752138699,27.003230864215706],[86.4549544640423,27.00270114451992],[86.45504405795315,27.002550286878595],[86.45530671236658,27.002291707410834],[86.45549940724534,27.00225631968663],[86.45566834556747,27.002299830638805],[86.45604198657045,27.002612793727476],[86.45630652679958,27.003020097751406],[86.4565364872173,27.003160948702185],[86.45664296364113,27.003163635805127],[86.45681452588957,27.003110118685576],[86.45692481509657,27.002979579037678],[86.4570192820736,27.002657170758116],[86.45698545282121,27.00235001840437],[86.45666557616168,27.001655817906283],[86.4564790056977,27.00148133130385],[86.45635820804327,27.001248327280535],[86.45651326232797,27.00104351539269],[86.45670664446226,27.000972054968244],[86.45703138880171,27.00098005381146],[86.45713186307813,27.0009826776219],[86.45738926903127,27.0009114670289],[86.45779191687934,27.00096047685765],[86.45812941685665,27.001063252881924],[86.45864122802264,27.001017733549634],[86.45889863394856,27.000948835917857],[86.45902955548505,27.000836426251364],[86.4591217732083,27.0005907281935],[86.4591586549834,27.000058196693402],[86.45925237261748,26.999756107237037],[86.45945481570801,26.99937986882136],[86.4595274006975,26.999075404318432],[86.45951083051227,26.99892410976163],[86.45942998609787,26.99876806479346],[86.45930656396574,26.998632151357675],[86.45905521951877,26.998493488660706],[86.45873841562509,26.998408716722018],[86.45857241553921,26.998270490988862],[86.45851676597928,26.997983532668094],[86.45878735778255,26.99745637450118],[86.45883437267763,26.997305267146416],[86.45879860573862,26.997074887000856],[86.45863723076343,26.996767299036936],[86.45849498733429,26.996534231965924],[86.45833011238537,26.996359807823],[86.45801374450163,26.996254780738834],[86.45782586219468,26.99613662310636],[86.45763935365035,26.995959885777324],[86.45749748612465,26.99572913205464],[86.45746140734269,26.99549875229989],[86.45749378918873,26.99511739002005],[86.45739856142042,26.994735528430983],[86.45733127822662,26.994123537731777],[86.45733802701012,26.993893344828187],[86.45754127358734,26.992754133425752],[86.45773809245297,26.992569826778887],[86.45793178769416,26.99249830394321],[86.45810303767148,26.992462854009236],[86.45912347402349,26.992489350407876],[86.45946553599843,26.992420639052398],[86.45972406650723,26.992313354477737],[86.46023831542098,26.99219112566841],[86.46066840837756,26.99203013557262],[86.46101078253187,26.991963800280562],[86.46126931335772,26.991854202709806],[86.4615112723879,26.99157518016203],[86.46157898291449,26.9914422652978],[86.4618416384634,26.991181436333694],[86.46202070004769,26.99088190881607],[86.46241433873111,26.990508669473734],[86.46281047726383,26.990060971341588],[86.46314421780774,26.98955431918497],[86.46328495076978,26.989101121862426],[86.46344487865903,26.988722508727285],[86.46343461980473,26.988341022375565],[86.4631995232602,26.98764938365983],[86.46322734336461,26.987421504176286],[86.4633213733551,26.987119352123973],[86.46358740298753,26.986743426375494],[86.46395534694032,26.986523670427804],[86.46435573563697,26.985924677485176],[86.46457281285538,26.985776506126157],[86.46490386630627,26.98536469433377],[86.46524849023244,26.985221523857064],[86.46584745803833,26.985101856924928],[86.46610255112768,26.985107355590987],[86.46720083206002,26.985382361493567],[86.46754208144522,26.985352036068907],[86.46788483106393,26.985265257155323],[86.46797098693179,26.98522949577618],[86.46823282995454,26.985006926898745],[86.46862978062535,26.984520904663945],[86.46895783404086,26.984206121788606],[86.4694792692897,26.98383563221131],[86.46965083193709,26.983784365308306],[86.47008273611642,26.983564732679095],[86.47027911824883,26.98339836921834],[86.47094647402078,26.982385127586582],[86.47142314370447,26.9820911605062],[86.47161915138267,26.981924921973885],[86.47179858689506,26.981605013480543],[86.47193738239652,26.981226338394972],[86.47194631907148,26.980921624246538],[86.47201471717624,26.980772892142774],[86.47194349681712,26.980312132532596],[86.47182269968822,26.9800814411263],[86.47169821532438,26.9799635956423],[86.47144680825984,26.979824995200385],[86.4710097060785,26.97948927622347],[86.47086708914391,26.979276528479957],[86.4708512058949,26.979104915738407],[86.47089597067259,26.97902832989389],[86.47109229017215,26.97886202903665],[86.47145711030448,26.978777687788618],[86.47179835986711,26.97874729982147],[86.47221926666266,26.97891140578597],[86.47238895366566,26.97893459806355],[86.47264760954634,26.978825000914593],[86.47298009985943,26.978395058430106],[86.47317598213849,26.978249013407098],[86.47362664521907,26.97812653447992],[86.47377857443418,26.97803456848359],[86.47409518214428,26.977415007665837],[86.47414207242153,26.97726390028778],[86.47415107056187,26.97695924826785],[86.47428786697306,26.9766572835979],[86.47462023228447,26.97622734086381],[86.47488201319169,26.976004835272047],[86.47507608250858,26.97593331204507],[86.47593251879334,26.97576494016106],[86.47644370639728,26.975760058731517],[86.47670354879175,26.975614262920608],[86.4769001810639,26.97544796174871],[86.4773631556929,26.97490567191435],[86.47757817083554,26.97483421176034],[86.47774898281664,26.97482126765894],[86.47791792066876,26.974862590482232],[86.47833663948921,26.97510109365845],[86.4785059522933,26.97514460478458],[86.47859135806141,26.97512691121333],[86.47882894321624,26.975019439560953],[86.47902532607874,26.974853075933826],[86.47918125467416,26.974627945407637],[86.47937763672347,26.974461644526826],[86.47984699526297,26.974434006180164],[86.48010096445097,26.974480078755004],[86.48027283856507,26.974426498491045],[86.48042514322866,26.97431646491809],[86.48071536830602,26.973866079481787],[86.48078039140836,26.973830193218184],[86.48159318670398,26.97369770720197],[86.4817661864381,26.973608054609034],[86.48185378022012,26.973533906210918],[86.4820305286067,26.97330883808913],[86.48233919893377,26.972955543994853],[86.48255696452696,26.972789305066183],[86.48292322160313,26.97264619633079],[86.48331467364712,26.972369923798965],[86.48369211655778,26.971845452603894],[86.48395495928372,26.97160481693632],[86.48455823903456,26.97135417357131],[86.48535958801294,26.970896593115892],[86.48612510929652,26.97021088322625],[86.48654613060745,26.96965033858072],[86.48696052718373,26.969317736344717],[86.48746576748746,26.968798140655437],[86.48767539763372,26.968193961321585],[86.48770802940867,26.967812598330994],[86.4878300668038,26.967282566878104],[86.48815279822291,26.96645300751489],[86.48817655629165,26.96641249496773],[86.48828734461709,26.966225501711587],[86.48855193732561,26.965928536028834],[86.48907787246986,26.965424757695903],[86.48930219878076,26.965048581602534],[86.48950770514604,26.964595634402645],[86.48961855628127,26.96444477644752],[86.49038214011007,26.96383352560298],[86.49167598033439,26.963294165479],[86.49204629961426,26.963015579208125],[86.49215940016218,26.962790261848664],[86.49190655650571,26.962708115899005],[86.49126832280547,26.96269224275502],[86.48948398046224,26.96257072789716],[86.48833468556599,26.962559800139555],[86.48808365402971,26.962421199051867],[86.4879594818327,26.962303353966355],[86.48785825432337,26.96212924140484],[86.48768231754774,26.962315923228793],[86.48712793814109,26.963045268162613],[86.48695243866878,26.963213944986325],[86.48664901698909,26.9633956892303],[86.48641249423429,26.963467087805956],[86.48583484733513,26.96356656144833],[86.4854508317792,26.96359676216232],[86.48512821540571,26.963701733873148],[86.48467873964752,26.96378582557925],[86.48416805218233,26.963772764974898],[86.48378291221721,26.9638412896974],[86.48295098413008,26.963896940781602],[86.48225247604648,26.963763471831808],[86.48212424199166,26.963778789763673],[86.4818064374294,26.96373252987049],[86.48123685220656,26.96356561213234],[86.4806008679504,26.963473030037704],[86.48028231356557,26.963447026154487],[86.47964145438651,26.963525931190997],[86.4791946666303,26.963515245798632],[86.47894188465136,26.963433099425313],[86.47875375207512,26.963312753876615],[86.47862664224397,26.963289685920163],[86.4783697372873,26.96334070354503],[86.47791776157946,26.963501568929676],[86.47772294145145,26.96361141519194],[86.47754700452678,26.963798160173624],[86.4772664659328,26.9639257625447],[86.47694422418662,26.964012604465154],[86.47611260818196,26.964068254952732],[86.47502946053939,26.963982992136447],[86.47464469587291,26.964031198563283],[86.47445100059447,26.964102721821995],[86.47438597760683,26.964138607721736],[86.47420609363256,26.963751933604172],[86.47376379474414,26.96289931322206],[86.47353438653639,26.96205419341924],[86.47327390886828,26.96151372515171],[86.47270268886518,26.960696741613486],[86.47220974995682,26.96011026215298],[86.47143345145227,26.959039644313712],[86.47102629313308,26.95843772251174],[86.47050127578629,26.95750795523577],[86.46997075859028,26.956749801278832],[86.46978593844737,26.95653467703724],[86.46936002266416,26.95583553980207],[86.4689901316248,26.955407543318024],[86.46868501287317,26.95494140997009],[86.46845855121886,26.95468771278355],[86.46813711273663,26.954068034285754],[86.46785306488592,26.953601963542855],[86.4674429074732,26.953094756702967],[86.46694634511404,26.95262337387984],[86.46630466374918,26.952034082800264],[86.46591032726366,26.95170080191339],[86.4652393272192,26.95137771463879],[86.46473270252942,26.951231302176577],[86.46423057756171,26.950949537956102],[86.46397748423361,26.950867391507877],[86.46347310911959,26.950664525402225],[86.46328466405382,26.950564497490134],[86.46284943680533,26.950170011415345],[86.46243709167214,26.949739577125204],[86.46204219293872,26.94942436486448],[86.46171119282153,26.949111588563284],[86.46146028676652,26.94897067554521],[86.46127040317403,26.94890897172114],[86.46076077887389,26.948875467204775],[86.46031630296521,26.948788009606748],[86.46006352145172,26.94870573835855],[86.45962498293709,26.948426473849434],[86.45881773968158,26.947680701350585],[86.45837882461713,26.947421692918894],[86.45800418448447,26.947144865205555],[86.45771751183807,26.94677357235494],[86.45751655812045,26.946386772874142],[86.45703049621048,26.94573940132985],[86.45700536172514,26.945705391195553],[86.45617804788832,26.944959619409104],[86.4557603919784,26.94471874060628],[86.45550798615348,26.944636469302367],[86.4548719406115,26.944600153436745],[86.45442465237338,26.944625541133536],[86.4540450117447,26.944540582543457],[86.4534814890924,26.94419980145628],[86.4527997307198,26.94357187430855],[86.45259540219416,26.94330023455408],[86.45220269114347,26.942944321620175],[86.45181210417628,26.94251395025367],[86.45106194884757,26.94203700548376],[86.44999123851235,26.94160845439853],[86.44955188684908,26.94138551926355],[86.44904594986771,26.941259425057382],[86.44810284953972,26.940833623078046],[86.44721358520458,26.940733103016804],[86.44689540580337,26.940704786050127],[86.44638721951596,26.94065540212563],[86.44600689146331,26.94058619874318],[86.44569127430249,26.940483422204892],[86.4451894624037,26.940221850517208],[86.44363762630299,26.93886365677467],[86.44263850086391,26.93818928236252],[86.44213481367193,26.937984164988045],[86.44169133824396,26.93789664447182],[86.44137272133533,26.937888583291873],[86.44079538696245,26.938005999030075],[86.44066565325113,26.93807995952632],[86.44051066210352,26.938284771293212],[86.44037980244154,26.938397180600052],[86.43988443740676,26.938614125218162],[86.43924351622024,26.93872897823338],[86.43885606505499,26.93889221822619],[86.4379548635031,26.939173060840748],[86.43731619294275,26.93921570541282],[86.43641986681021,26.939343065120042],[86.43616289956807,26.939414276234505],[86.43590268126061,26.939578014063574],[86.43551710362655,26.93968261224197],[86.43500704297453,26.939689557264582],[86.43449966826435,26.93959953657128],[86.43405388024988,26.939588725227257],[86.43360215513569,26.939767470349164],[86.43347242103397,26.939839117840062],[86.43329373425361,26.940122890303787],[86.43328504773575,26.94040728696953],[86.4330711044167,26.94114681902651],[86.43255805225387,26.94193711882244],[86.4321594764961,26.9424433970542],[86.43183042239671,26.942760368082418],[86.4317860941726,26.942816635730946],[86.43160897076851,26.943041640662997],[86.43140140125345,26.943553230679488],[86.43120133261729,26.943834628238456],[86.43094793520923,26.944458814083085],[86.43072642092135,26.944740086575344],[86.4304883981822,26.94487006547232],[86.43031652364206,26.944921269181645],[86.43012470322697,26.94493633818766],[86.42987117273283,26.94489232829497],[86.42929615000264,26.944914966212803],[86.42891251002969,26.944944979348087],[86.42859089307554,26.945031758609385],[86.4277477157034,26.9454707720577],[86.42704709355664,26.94612253338082],[86.42674173561625,26.946362856700777],[86.42592219007729,26.946725222399984],[86.42521512130219,26.94689840601829],[86.42502142658108,26.946972117595724],[86.4247611461676,26.94713585546067],[86.42398717916937,26.947403567452238],[86.42328373517408,26.947463968292116],[86.42233138513184,26.947324624892904],[86.42195255730198,26.947201218201307],[86.42170171362787,26.947060242209936],[86.42120333859364,26.94668569990737],[86.42057672903745,26.946324288915136],[86.42000914329442,26.946118796839393],[86.41956604196626,26.94601314616497],[86.41924786318309,26.945987016929806],[86.41861406731688,26.94585573533636],[86.41754141986009,26.945483387064748],[86.41648596737193,26.945248830515983],[86.41576457806205,26.94519169613352],[86.41540350839908,26.94518338542998],[86.4154234536482,26.94522183348781],[86.4155226808239,26.945452525753705],[86.41568524336455,26.94568796817552],[86.41606545547818,26.946441185120925],[86.41635018939782,26.946850927308144],[86.41661729142695,26.947145510067195],[86.41696036216209,26.94772705237746],[86.41728573756212,26.94819331069184],[86.41771977668394,26.948587921415324],[86.41815531648895,26.94894183325737],[86.4184212305892,26.94927474047473],[86.41862443432537,26.949566761722412],[86.4187459186296,26.9497613798635],[86.41886740270787,26.949956061051367],[86.41913450481901,26.950248331525277],[86.41942298994665,26.950542976741332],[86.41960918431452,26.950699458705472],[86.41991467733808,26.951129581673573],[86.42003316240964,26.951419039925884],[86.42006661601742,26.951705811263828],[86.4201655932002,26.951938753482548],[86.42019904639749,26.952225524754645],[86.42014040710349,26.952739989220948],[86.42013290703915,26.95297018174211],[86.41997341671856,26.953310408384553],[86.41989708159329,26.953709651777892],[86.41975497338946,26.954164973756498],[86.4197406611942,26.954625421850164],[86.41989409965016,26.955145259956897],[86.42017371031257,26.955726552865887],[86.4205378515909,26.956308157497467],[86.42061988293987,26.95640555977998],[86.42078688305841,26.956505524753638],[86.42104910962318,26.956953528231],[86.42125262543023,26.957245548967148],[86.42157087699341,26.957942125776132],[86.42163972169398,26.958459339247877],[86.42161609801843,26.959204120555054],[86.42158565279567,26.959490704614797],[86.42142097488043,26.960002419618657],[86.42126792956539,26.960803156349222],[86.42114459786005,26.962694274735526],[86.42106795076536,26.96309345521772],[86.4210904672175,26.96372564079392],[86.42155896988815,26.965057089385482],[86.42194649395721,26.965582364417298],[86.42219477536409,26.965797799094926],[86.42239947843115,26.96605368522113],[86.42262218983818,26.966402222405982],[86.42262719143375,26.96641353810949],[86.42272179201795,26.9666329135662],[86.42275437099916,26.96697839014413],[86.42265259101532,26.967546808125135],[86.42275188088294,26.967777436869476],[86.42289581127609,26.96795411229621],[86.42310313938702,26.968131036653148],[86.42333297494709,26.968269637223194],[86.42350260045141,26.96829289270257],[86.42366960054696,26.968392919903398],[86.42384923451351,26.968797723976603],[86.42403430456696,26.96901066021969],[86.42417411019723,26.96932043668259],[86.42418718169498,26.969607208257045],[86.42407083049648,26.969947559412645],[86.42329662417886,26.97095792685969],[86.42318214844916,26.97123963632035],[86.42319490647314,26.971526344845348],[86.42333514947867,26.971815865865427],[86.42360550177685,26.972031426164175],[86.42444700110636,26.972339570096306],[86.42478256391493,26.972498925680913],[86.42530344686999,26.97287578023389],[86.42540573675211,26.9730116320975],[86.42554260465032,26.97341399865458],[86.42564401867556,26.97358817319884],[86.42593594097065,26.973788041159356],[86.42612213661032,26.973962590782513],[86.42628263741308,26.974290559675577],[86.42649616219391,26.974982135806187],[86.4265287420839,26.975327611373512],[86.42651699288147,26.97572710453002],[86.42646947807049,26.975898467572375],[86.42644748011858,26.97664106098469],[86.42648349620373,26.9768692526225],[86.42663499816658,26.97750412416267],[86.42695456219215,26.978198386761715],[86.42736634467447,26.9786650199572],[86.42757510989071,26.978803557618416],[86.42784933680112,26.97888595440996],[86.42841129775509,26.97930132032843],[86.4285756732765,26.979496125461484],[86.4286760255057,26.979708686418846],[86.42985028586546,26.980995551567524],[86.43055517675707,26.98162366572961],[86.43080683315961,26.98174432325544],[86.43136804550221,26.982195762083045],[86.43165540526788,26.982546736489063],[86.43175619495466,26.982739104554017],[86.43185054709402,26.98314353484199],[86.43182948687644,26.983829611123074],[86.4316101058903,26.98474063115516],[86.43142398265731,26.98525234565129],[86.43135353221089,26.98616630271122],[86.43140355608149,26.98662699934247],[86.43149759632259,26.9870292419972],[86.43150504338298,26.987487438815855],[86.43162428772536,26.988465287272522],[86.4317592804635,26.988926358120324],[86.43177016439998,26.989269458751465],[86.43170145402293,26.98942044099205],[86.4315313291698,26.989417504789163],[86.43115856286008,26.9890638428409],[86.43053789054322,26.988476740026197],[86.42991459281646,26.98796634713629],[86.4292917320704,26.987435635537373],[86.42885538031452,26.987081724183287],[86.42829073081887,26.98674313070712],[86.42803832439341,26.98664279111199],[86.4275948478138,26.986516822295425],[86.42695948907223,26.98640817196368],[86.42651213796874,26.986415366158674],[86.42541680346714,26.986715717077413],[86.42517759343443,26.9868817685212],[86.4251078828172,26.987071074745455],[86.425187664277,26.987245249739008],[86.42547339940553,26.987652678760142],[86.42631978399393,26.98853192722147],[86.42652367560412,26.988821635237002],[86.42674219957107,26.989341785210815],[86.42681666946709,26.989687448975364],[86.42663073305411,26.990199100941503],[86.42616988312177,26.990646424776994],[86.42607960204867,26.990815350221236],[86.42605290705554,26.990986775663764],[86.42610811926507,26.991275985266324],[86.42609755734549,26.99161902365938],[86.42599858957982,26.99207459635958],[86.42594026310113,26.99258899744749],[86.42571149933076,26.99309821197702],[86.425708061673,26.993213371290043],[86.42556995352204,26.993553660218513],[86.42534837607415,26.99383486960879],[86.42453496454391,26.994675812918523],[86.42433439486122,26.99495714804045],[86.42428663023883,26.995128511223395],[86.42425649806174,26.995412844999635],[86.42429433578383,26.996272971845098],[86.42438650104731,26.99673385608575],[86.4243623155442,26.99753509187287],[86.42451656714961,26.99805493058962],[86.42449575617827,26.998741007152674],[86.42431325778837,26.999137562462998],[86.42426542942984,26.999308925840825],[86.42425486755344,26.999652027263032],[86.42418565791579,26.999821014670747],[86.4240527981992,26.999989753223424],[86.42371605793042,27.00055498518835],[86.42351923807661,27.00072347423753],[86.42330178536675,27.000869331829985],[86.42280591911104,27.001068208271402],[86.42248386476106,27.001157175343096],[86.42222727196399,27.00118774970712],[86.42190746751082,27.00119994483783],[86.42165318603196,27.001156059459788],[86.42095605307851,27.000968074123293],[86.4204523651835,27.000726758762614],[86.4199508648965,27.00041092170399],[86.41963449716621,27.000308083045443],[86.41906003698605,27.000294397955297],[86.41886665493483,27.000345540143506],[86.41869015520201,27.000552477548467],[86.41864395273385,27.000665198225896],[86.4186352032495,27.000951720445517],[86.4187329302362,27.001241116560376],[86.41899547062184,27.001704937047034],[86.41948522201378,27.002404449825345],[86.41966273061733,27.00286570800136],[86.41967355167198,27.003211122157182],[86.41960277891774,27.003436563821307],[86.41935444383745,27.003889199839996],[86.41913461708856,27.00411408047185],[86.41878886687918,27.004277444649944],[86.41814588367409,27.004414742306313],[86.41790579863253,27.00460111201854],[86.41779482196337,27.00474965645055],[86.41771986235888,27.005110451425494],[86.41745039478376,27.005563086781766],[86.4172287553686,27.00584435930121],[86.41705569258146,27.005936138422264],[86.41681448226741,27.00615864335315],[86.41623277278025,27.006375213858107],[86.41578167168062,27.006497504694288],[86.41534951393282,27.00655215036406],[86.41526879654127,27.006563091684967],[86.4144424304954,27.006449067329164],[86.41336778227827,27.00610153987624],[86.41296513380757,27.006054717530247],[86.41266671173916,27.006067037240182],[86.41221736182445,27.006153192586485],[86.41195883064609,27.006260476418237],[86.41130922234197,27.00662796645716],[86.41092052016091,27.00681146233845],[86.41027691188154,27.006987083458423],[86.4097003264905,27.00705242177714],[86.4094452962864,27.007046797602392],[86.40900125729195,27.006959214534824],[86.40779974955791,27.006590744020706],[86.40697225797783,27.0065150432137],[86.4061334546485,27.00680269970735],[86.40561139382916,27.007173064336023],[86.40508777005796,27.007599694865185],[86.40504337966709,27.007655899780605],[86.40525971451682,27.00809240050865],[86.40489058069626,27.008145107416972],[86.40471520680082,27.00837005004071],[86.40445480180404,27.008594744046857],[86.40438702921239,27.008765982835577],[86.40438303009638,27.00893753296479],[86.4044227337301,27.009052816103612],[86.40473216510917,27.009460432665044],[86.40506797813293,27.009640168853192],[86.40531707319182,27.009894053100297],[86.40564651197201,27.01034011868159],[86.40576874769239,27.010570871952567],[86.40602109136125,27.010691530056775],[86.40627187369019,27.010868642116897],[86.40643756112219,27.011043191007033],[86.40651859362775,27.011217303857045],[86.40653041532741,27.011619171831015],[86.40660613686217,27.012023539984995],[86.4066008252955,27.012251481458687],[86.40668348130099,27.01234888456304],[86.40691356782449,27.01250786592611],[86.4071671617237,27.012569881392945],[86.4076760366601,27.01261939056116],[86.40809887989681,27.012722790790704],[86.40868747422572,27.01300286703254],[86.4088742331817,27.01319779678063],[86.40918104032107,27.01370019061582],[86.40961395595295,27.01428210696877],[86.41007225409417,27.014674529979644],[86.41047090334875,27.014892901644604],[86.41080915340483,27.014977798592064],[86.4116622766197,27.014859441583347],[86.41200215182374,27.01486762796347],[86.41234040127117,27.014950336312218],[86.41250852631076,27.015029982679],[86.41265358162596,27.015186338883975],[86.41296882482688,27.01534569503179],[86.41322316833244,27.015371574972328],[86.41365057307276,27.01528304428501],[86.41398807323866,27.015386008195996],[86.41417277053418,27.01567571624927],[86.41423235721527,27.015849766909874],[86.41422954453762,27.015964863178386],[86.41411813211936,27.01619243076827],[86.41359194835508,27.01686969817552],[86.41350160593765,27.01709720333841],[86.41356275544592,27.017212673734882],[86.41377145909527,27.01736927986079],[86.4139582178624,27.017564147819762],[86.41405507096782,27.017968640165076],[86.41404576027212,27.01837038400678],[86.41408146508282,27.018657217655495],[86.41439827006731,27.0187398002991],[86.41487951288208,27.019075831909888],[86.41513160714369,27.019194238288474],[86.41690657776643,27.019822340612162],[86.41775464116051,27.020013200529725],[86.41792507896997,27.02001613674177],[86.41843401639265,27.02012203671199],[86.4187757038252,27.020089586480122],[86.41945701621536,27.020121776122515],[86.41971404715375,27.02007088277049],[86.41996957862469,27.020074194061216],[86.42073229832398,27.02026242799389],[86.42115408086069,27.020462794413802],[86.42225448795544,27.020790066023473],[86.42259173869931,27.02094942150056],[86.4228634036287,27.0211830497908],[86.42296675612988,27.02131890129802],[86.42325336824284,27.021823546240118],[86.42331333016102,27.021995283431753],[86.42336085640926,27.022686173023],[86.42341950630701,27.022916677477454],[86.42366697677423,27.023265277332637],[86.42393907966178,27.023480837322495],[86.42419167354093,27.023619500593554],[86.42503867444198,27.023846495193983],[86.42524762911344,27.024023357589705],[86.42544883499895,27.024543382574574],[86.42548335232283,27.024886607803563],[86.42545790763413,27.025058096163413],[86.4255790181395,27.02534749203127],[86.42570569080027,27.025408946159846],[86.42581341646249,27.0253529913846],[86.42592389250659,27.02518412846139],[86.42606549895216,27.02459326552794],[86.426310707636,27.024138317242627],[86.42635684745859,27.023987334685884],[86.42638191625946,27.02383385134862],[86.42625785642967,27.022761163580423],[86.426138807772,27.022376988811835],[86.42617987396025,27.021537367683507],[86.42622963761535,27.02123058885844],[86.42636805746945,27.02077520369205],[86.42659188302238,27.02032013052355],[86.42672861474053,27.019941455267798],[86.42684952572314,27.019332462906906],[86.4268814060102,27.018874390235617],[86.42689027927565,27.01849065220631],[86.42679305069214,27.018106540597653],[86.42652857132035,27.01756601018209],[86.42640952303151,27.01718171154445],[86.4264470901515,27.016493445957856],[86.4265873841189,27.015961288566377],[86.4265553027519,27.0155029666665],[86.42643831619193,27.01504195749465],[86.42646494855762,27.014811827369666],[86.42640823529088,27.01450461315439],[86.42647775819826,27.014276982825432],[86.42685013805054,27.013845039377358],[86.42704845664518,27.013561453749233],[86.42767786898898,27.013076367453483],[86.42785030571703,27.01298452554938],[86.42833228649705,27.012422168156707],[86.42846252079086,27.01232795159269],[86.42865602818365,27.012256428407195],[86.42874118414424,27.012256802477122],[86.42899896480793,27.012167523009442],[86.42942724509321,27.012078992633015],[86.4302856811882,27.011829597885765],[86.43062818106354,27.011758760691624],[86.43080024244858,27.011684924097384],[86.43122764869946,27.01163703035888],[86.43157127283249,27.011530057819662],[86.43182717904655,27.011515237785588],[86.43208296028271,27.01152079965727],[86.4330153049319,27.01174804312123],[86.43318568028904,27.011753230367674],[86.43353055435004,27.011587552806642],[86.43378639709726,27.011572796186655],[86.43421105440021,27.01163768498597],[86.43480408627082,27.011802539532983],[86.43623774561428,27.01246290501734],[86.43701147428422,27.013088955674828],[86.43760007055269,27.01344574123354],[86.43768241474729,27.01356114855037],[86.43784841530525,27.013755953951293],[86.43805611929434,27.01398927039173],[86.4383087765956,27.014127995954414],[86.43856418312703,27.014133494450782],[86.43873549513529,27.01409804444436],[86.43907993213342,27.013952748287533],[86.43942118120337,27.013940490556717],[86.43967577569758,27.0139821254936],[86.44018708805224,27.013993185119926],[86.4408648386362,27.014178732502035],[86.44103521308924,27.014181669246668],[86.44137727571498,27.014131150228216],[86.44189296142439,27.013950278640642],[86.44266286741356,27.01383142313603],[86.44309152282042,27.013724762352478],[86.44351817902219,27.013715129800417],[86.4438606154278,27.013644229996537],[86.44440130955417,27.013312313582265],[86.44474380856502,27.01324141423161],[86.44551052765236,27.013255722360608],[86.44576755837275,27.01320476729985],[86.44636977573067,27.012967878564638],[86.44662955581133,27.01280182686056],[86.44680161746832,27.01272805323045],[86.44712779571027,27.012447154571515],[86.44756719854342,27.011882296617213],[86.44815721916456,27.011243540126205],[86.44844444332573,27.010808971426222],[86.4486395123908,27.010660738235305]]]}},{"type":"Feature","properties":{"province":"Koshi Province","district":"Udayapur","municipality":"Katari Municipality","ward":"6","wardNumber":6,"sourceMunicipality":"Katari","sourceType":"Nagarpalika"},"geometry":{"type":"Polygon","coordinates":[[[86.48785825432337,26.96212924140484],[86.48771926143894,26.961799145749996],[86.48756519758363,26.961261364875934],[86.48712727334147,26.96025751231516],[86.48686417070793,26.959811822553984],[86.48661838855088,26.959499483336078],[86.48633452851719,26.959033474907585],[86.48587303385914,26.958106270708864],[86.48528174349029,26.957250900866647],[86.48518457809782,26.956941248544158],[86.48494548294279,26.956400967958732],[86.48483424742811,26.955863249178527],[86.4847326453007,26.955707141333864],[86.48440033285458,26.955432815070697],[86.4841272311268,26.955309906817785],[86.48380880134394,26.95528390306372],[86.4836196068215,26.95520194326838],[86.48318237940902,26.954886605998393],[86.48295660524639,26.95461265279621],[86.48283580805467,26.95437971110865],[86.48280029219735,26.954151519015085],[86.48271976027733,26.95399553709335],[86.48236650184745,26.953718834863626],[86.48209227600239,26.953636563831758],[86.48196704138502,26.953557166340225],[86.48171800935938,26.953339605585416],[86.48145559444205,26.952875784695134],[86.48120843734752,26.95260176994436],[86.48096640591383,26.95215620446455],[86.4805333034409,26.951705389634093],[86.48038731049053,26.95160554935319],[86.48004887318727,26.951541096326547],[86.47934561618175,26.951561110715616],[86.47915535891816,26.951517536885518],[86.47884086700888,26.95135836923571],[86.47838750651366,26.950869105732536],[86.47824226360946,26.950751197342854],[86.47803131050802,26.950687181031316],[86.47739788913667,26.95051782569897],[86.47714254614873,26.950512389500265],[86.47695228833813,26.950468816171746],[86.47663673298167,26.950347971723758],[86.47632411564975,26.95012784817174],[86.47626203014637,26.950071207408442],[86.47608058444264,26.949740988098714],[86.47572663796616,26.949484603661013],[86.47513991935884,26.949182271451967],[86.47488970086175,26.94900297202993],[86.47466392626771,26.948731207502103],[86.47458895711587,26.94840367446818],[86.47447040969045,26.948096273387144],[86.47434767467567,26.947939978449536],[86.474015924709,26.947645333481315],[86.47353486948433,26.947365881371315],[86.47337074437534,26.947171138757465],[86.47329096242447,26.946997026002332],[86.47329546177868,26.94684354345612],[86.4734961563489,26.946544078091478],[86.47391599033782,26.94603773786561],[86.47419902871988,26.94583561292237],[86.47428812141433,26.94570276003774],[86.47438240153903,26.945400670190782],[86.47438946403216,26.945170414716966],[86.47433256497585,26.944939973197176],[86.47412904833145,26.944629946849968],[86.47383787668358,26.94441219873587],[86.47356477441808,26.94429154116464],[86.47325153261252,26.944091674096565],[86.47281661746723,26.94369962583303],[86.47255020284737,26.94336678141062],[86.47242946857925,26.943136090127048],[86.47224508548508,26.94290064790277],[86.47214573293644,26.942670018791073],[86.4720770755588,26.94213254893464],[86.47190162844741,26.94159464326378],[86.47162276793435,26.940975089306974],[86.47139811899913,26.940665001081875],[86.47127738453653,26.94043205957261],[86.47113807908123,26.94012228238789],[86.47108117989961,26.939891839861257],[86.47105728743254,26.93928003604297],[86.47111355157683,26.93882421366011],[86.47139707959958,26.9378388590982],[86.47164603817237,26.937309326034118],[86.4720860663284,26.93678723030194],[86.47232758911632,26.936505957930997],[86.4725453534314,26.936321713826366],[86.47278300056445,26.936193923376855],[86.47381174787479,26.9358749429795],[86.4748374955557,26.93567331011043],[86.47586805466263,26.935297875841393],[86.47706523892559,26.935042724750808],[86.47803864863427,26.934436785780274],[86.47819014056685,26.934347070691295],[86.47851400625117,26.934163200034604],[86.47868700529594,26.934053228862936],[86.47878097303847,26.933751076370648],[86.47878734719674,26.933520821236876],[86.4786518535957,26.933059875405192],[86.47865641618608,26.932906392630436],[86.47872218903228,26.932832119451486],[86.47892600760152,26.93239949094106],[86.4791812776636,26.931641953198003],[86.47923534443298,26.93049767882602],[86.47931011596992,26.93011650345237],[86.47951162231335,26.92976045968548],[86.47993245517334,26.929159403620186],[86.48047696067972,26.9286963858232],[86.48111062144872,26.92808244889033],[86.48131031470541,26.927782920809662],[86.4815073845613,26.927575983697437],[86.48177322570866,26.92720224544014],[86.48234367577538,26.92656774078476],[86.48280171270954,26.926158614945468],[86.48389747170273,26.924984257873135],[86.48419232673133,26.92473480631659],[86.4845520159882,26.924429088180798],[86.4848814439334,26.924093923450815],[86.48526195007597,26.923490367128977],[86.48551265915884,26.922963147106806],[86.48560756482476,26.922660932116138],[86.48601195349616,26.92198291544199],[86.48636582658193,26.92155297315493],[86.48728496390176,26.920716654542716],[86.48771943101669,26.920422501230675],[86.48802647611934,26.920123409536867],[86.48837484998049,26.919865080321408],[86.48848526363047,26.919734540987257],[86.4887435446228,26.919627131547486],[86.48891716827148,26.919517158983847],[86.48956990048059,26.919036386256387],[86.48990126642808,26.918644830085878],[86.49033873307646,26.918253647864383],[86.4904262646315,26.918179437664882],[86.49068748149506,26.91797718754463],[86.49077501296728,26.917903039418643],[86.49103766795702,26.917660215588075],[86.4914731971474,26.917327675445105],[86.49190872731762,26.91701776734271],[86.49217132026573,26.91677713112391],[86.49243722494843,26.916441717250333],[86.49259340375404,26.916218837424335],[86.4930118630002,26.915773264142945],[86.49326282308171,26.91524604437377],[86.49327013490282,26.91501810227732],[86.49316847024843,26.914882251360396],[86.49297965031343,26.914800354516995],[86.49227795635973,26.914818117378],[86.49183523117922,26.914710465340548],[86.49139725459833,26.914451519828702],[86.49129559000404,26.91431573057953],[86.49098653624905,26.91402121070233],[86.49059107543094,26.9137623884325],[86.48964941192794,26.913316644061215],[86.48901930367079,26.913088646511405],[86.48870293650322,26.913022005772877],[86.48819268814991,26.913026887246428],[86.48780698550883,26.913129422233315],[86.4869756825615,26.91320088992011],[86.486338949794,26.913185079924876],[86.48583413808228,26.91303885515146],[86.48462650777103,26.912930524150244],[86.48379770478584,26.912947851690618],[86.48315584684057,26.913085461393784],[86.48238550512484,26.91325645770492],[86.48168449851627,26.91325621549284],[86.4812402727854,26.913207143555685],[86.4803541964432,26.91301203424489],[86.47991547014313,26.912791473607804],[86.4796249860381,26.91257366323535],[86.47910129144549,26.912350603541846],[86.47865931592231,26.91222482146668],[86.47777461407668,26.91199132602063],[86.47758723118231,26.911873230290503],[86.47750663761829,26.91173750382746],[86.47751357399139,26.911527567719187],[86.47756090233058,26.911374271664155],[86.47769563596208,26.911149017010327],[86.47795947828753,26.910870119559043],[86.47837031324127,26.910650362925917],[86.47879778041178,26.910566145891686],[86.48017590102931,26.909991148939373],[86.48030707253007,26.909878676967683],[86.48041823659372,26.90973013219005],[86.48071146122052,26.909200723974006],[86.4807587260184,26.909049678898768],[86.48083474833017,26.908670691760243],[86.48071238927288,26.908514522382593],[86.48027222620225,26.908330035506545],[86.48008271823987,26.908288712814617],[86.47970901539705,26.908011948364514],[86.47956733535396,26.907797011688952],[86.47949049173157,26.907546126411678],[86.47940676345871,26.906857362635233],[86.47933166904966,26.90655008573756],[86.47909107556693,26.90610452013084],[86.47857619272799,26.905612819276154],[86.47797302925947,26.905215522492885],[86.47787067711367,26.905097801305985],[86.47785366911964,26.904964512192443],[86.47792712922121,26.904660046752007],[86.47791337166895,26.904432042477158],[86.47819315077179,26.903676880245587],[86.47852275757165,26.9026961515521],[86.4787360757102,26.90201519904157],[86.4787610124244,26.90125453818426],[86.47870986274273,26.900872863952458],[86.4786724717795,26.90071925707141],[86.47868747115118,26.900263310887116],[86.47885358718698,26.89973571644573],[86.47898832036701,26.899510461099386],[86.47946898138395,26.898458084244886],[86.47965391806478,26.89800501198586],[86.47972737830901,26.897702797452784],[86.48029044551777,26.89672969285873],[86.48064563162842,26.89626373937867],[86.48044161540045,26.896010167619185],[86.48027749014508,26.895833492194743],[86.47984107729056,26.895536222723937],[86.47944205393105,26.895390246544657],[86.47868171119393,26.895254277391977],[86.47811343955388,26.89508735993121],[86.4776483302761,26.895015719270337],[86.47720497931311,26.894926072753396],[86.47644163780569,26.894887195386712],[86.47548335047466,26.89495366269073],[86.4749045165213,26.895109464798477],[86.47464923586794,26.89511978335385],[86.47426284624497,26.89524251138496],[86.47381624590842,26.895247705702058],[86.47292035660546,26.895354934404008],[86.47240617113891,26.89549298074757],[86.47202265635684,26.89552093085974],[86.47170678934619,26.895436221630806],[86.47082840032503,26.895010794316917],[86.47026100199369,26.89482136983132],[86.4696876672609,26.894805684648063],[86.4686738572945,26.894623517388872],[86.46816435801776,26.894610331198106],[86.46726440697782,26.89485528813725],[86.46650068989308,26.89483660355535],[86.46605434016331,26.894843986151816],[86.46547700533317,26.89496146428958],[86.4651592642799,26.894935398197756],[86.46472253732594,26.89465613338813],[86.46447013141193,26.894573924725655],[86.4640252808626,26.894542857950267],[86.46377000018569,26.89455548962672],[86.46325568948085,26.89469572429019],[86.46306212015948,26.89476724716319],[86.46280171434869,26.894931047960032],[86.46247916116303,26.895056213373547],[86.46209458351177,26.895122486961956],[86.46183561536625,26.895250152733535],[86.46132205482117,26.895370130789026],[86.46081143071045,26.895395331047506],[86.46036664262076,26.895364264377186],[86.45985901825601,26.895294562246274],[86.4588403958806,26.89526812872021],[86.45839960751397,26.895103959926242],[86.45820860023281,26.89509871086896],[86.45795150676854,26.895169922489664],[86.45755911811125,26.895484456692902],[86.45702992892656,26.89577592262129],[86.4563937612391,26.89600599718434],[86.45569162978583,26.896007818287632],[86.45537507541928,26.895923046854417],[86.45499206062334,26.89593055287959],[86.45441291329794,26.89606835050384],[86.45417582773459,26.896157753783523],[86.45355385239496,26.89631336951041],[86.45299590050034,26.896451165517334],[86.45282033894728,26.896617528891497],[86.45261576987443,26.89701402240535],[86.45250573098978,26.897124243775956],[86.45215673162099,26.89738244855807],[86.45189782615763,26.897489795784097],[86.45164035762816,26.89756106873887],[86.45138626389685,26.897514933640082],[86.45106752239086,26.897506934181767],[86.45100249898674,26.8975428838078],[86.45087507810987,26.89754013440229],[86.45068600714782,26.897458049363397],[86.44991953975587,26.897475375894544],[86.44952802512313,26.897733455623364],[86.44919603474277,26.89812494967543],[86.44899883990101,26.89829125023152],[86.44888873875433,26.89840365945603],[86.44884516060577,26.898439607614712],[86.44871442697239,26.89853169860871],[86.44799717062568,26.898989403863318],[86.44773895219686,26.899078682616224],[86.4473530002303,26.899162962190502],[86.44639383765042,26.89921336244543],[86.446005572629,26.899376664878456],[86.44576548755246,26.89956084644738],[86.44567395629808,26.89974783947922],[86.44531895798069,26.900197913320188],[86.4449936545099,26.90037940721663],[86.44439518620557,26.900458375311167],[86.44420130388316,26.900529897688745],[86.44373739204254,26.90105174405733],[86.44353676012616,26.901333141532497],[86.44323277566693,26.90151701118217],[86.44295392525167,26.901585909413733],[86.44250594929696,26.901611233997176],[86.44237590255504,26.901685257413575],[86.44204897343253,26.901923206043836],[86.4419389346352,26.902035677819924],[86.4417593737638,26.90231713687054],[86.44136342113013,26.902708319256533],[86.4411909222856,26.902779904383756],[86.4407632039691,26.902843678145864],[86.44057188393272,26.9028384283497],[86.43993696311779,26.902727527391615],[86.43967949475382,26.902796488049354],[86.43948486223869,26.90288601693208],[86.43906708946062,26.903295204060417],[86.43871759072272,26.903571476428475],[86.43765564792133,26.904154159500067],[86.43746320317169,26.90418729611529],[86.43688036821295,26.904440064561093],[86.43646303476794,26.904867256621465],[86.43604338836259,26.905393853707473],[86.43580505300659,26.90553958669722],[86.43543917175629,26.90570295070058],[86.43484014204718,26.9058382468905],[86.43471228306012,26.905855816258185],[86.43445512710294,26.905924776900353],[86.43432539371703,26.905998737409465],[86.4338685436094,26.906349032981115],[86.43375875508914,26.906461504537575],[86.43362452172003,26.906686697417005],[86.43346328014391,26.90708331533617],[86.43337487478864,26.90719584901133],[86.43307182896618,26.90737971902132],[86.43292214967549,26.9074152308009],[86.43253413467524,26.90759428810898],[86.43236026063576,26.907724515626217],[86.43231599528151,26.90778078278918],[86.432310308547,26.90797252640502],[86.43217757475854,26.90814138992266],[86.43204490336124,26.908307877860448],[86.4318485844453,26.908476429911254],[86.4312428674574,26.908823850377296],[86.43092106377081,26.908928634893403],[86.43027308146986,26.90927593174823],[86.42996659813524,26.90957270950378],[86.4297225133458,26.909912562064733],[86.42930855455413,26.91024497621545],[86.42851545467127,26.910472052354923],[86.42793293335463,26.91076314389466],[86.42748358343866,26.910865178833856],[86.42702967062382,26.91112294720414],[86.42690112371389,26.911156270679097],[86.42639231242268,26.91112489187019],[86.42581622757805,26.911203796297677],[86.42524495594758,26.91113153113246],[86.4251193459335,26.911072328080632],[86.42499561157491,26.91095441938965],[86.42442965196896,26.91071060433495],[86.42378698159709,26.910884037588787],[86.42346280251765,26.911065594509246],[86.4230716640819,26.911343930070142],[86.42281488284598,26.911412828749878],[86.42249151666662,26.911558249965957],[86.42164384102895,26.912184567558093],[86.42106469366898,26.91236056288678],[86.42068149129523,26.91238832523915],[86.42035662529379,26.91259020099326],[86.42011179109048,26.91294805844189],[86.42008353386434,26.913175938663446],[86.41976498865232,26.913856391718898],[86.41958980226754,26.9140249434027],[86.4195036463941,26.914060704177977],[86.41924717780024,26.914111596966528],[86.41905617077862,26.914106285496317],[86.4185533584715,26.913883037390946],[86.41839017070535,26.91366791363531],[86.41790542903529,26.91353950630301],[86.41758725074473,26.913531445215824],[86.41732928238949,26.913620661208135],[86.41700997837503,26.91365092363864],[86.41688368153312,26.913609787975886],[86.41669261184082,26.913604476130768],[86.41637143301666,26.91369119285214],[86.41534818836996,26.91398497799118],[86.41521388897688,26.914022802766507],[86.41495360926835,26.914209047626258],[86.41466513403442,26.914602916397293],[86.41445074398789,26.91467200122906],[86.4141738933779,26.91470470167448],[86.4136672692263,26.91461461797266],[86.41341267626818,26.914606744138474],[86.41296588826617,26.914634256777095],[86.41245695210698,26.91462088346962],[86.4122647568312,26.91465395732095],[86.41194314095056,26.914758679729008],[86.41206424988785,26.91495336018679],[86.41228533598978,26.915360539775875],[86.4127535790711,26.91600366156993],[86.41292839979242,26.9165257496655],[86.41294229302686,26.917442268881814],[86.41308885596567,26.918192300034526],[86.41307641967559,26.91859404304547],[86.41287810923298,26.919507376037785],[86.41287092287708,26.919735380316983],[86.41300522791688,26.920198702599375],[86.41336393236732,26.92095410728575],[86.41393296421072,26.921771341236145],[86.4142353315906,26.922296304348983],[86.41440833980762,26.922872659148013],[86.41457066201504,26.923796553486717],[86.41455672529992,26.92425475082977],[86.4144400624384,26.92459735283866],[86.4143867955026,26.924734831234208],[86.414278321401,26.925014289359417],[86.4142531892677,26.92512701015767],[86.41387443363968,26.925692055486532],[86.41367061458007,26.926088486776447],[86.41350174858253,26.926715359895624],[86.41349763304507,26.927518908437175],[86.41344799270396,26.92774666300487],[86.41343524363191,26.928148468708095],[86.41348076810989,26.928724262588474],[86.41366578514214,26.929589577152296],[86.41366053505443,26.929761064876324],[86.41356306748955,26.93016024579653],[86.4135059281139,26.930618255074325],[86.41349317844231,26.93101999839511],[86.41363043043923,26.93205667643139],[86.41386478423792,26.93338037490541],[86.41392305782078,26.93355442493125],[86.41408487944645,26.93447606871754],[86.41432334898384,26.9349985319674],[86.41454756011811,26.935290615682323],[86.41479577902227,26.935508364217444],[86.4149632160812,26.935588073738224],[86.415210372654,26.93582382775046],[86.41534867676582,26.936106596035135],[86.41541007590287,26.936231007094523],[86.4153781310492,26.93657398336515],[86.41534874687308,26.93664606754305],[86.41526265529275,26.9368578806565],[86.41515130451013,26.93702899468912],[86.41501138379661,26.93742567492712],[86.41500044725993,26.93777102646579],[86.41505503316827,26.93805792271011],[86.41506179263646,26.93851843231498],[86.41492187154097,26.938915175682062],[86.41476581784026,26.939142493632115],[86.41456943506867,26.939308732832092],[86.41402999158167,26.939581880780818],[86.41383585939623,26.939673659880864],[86.4132573371111,26.939831524809545],[86.41293722147387,26.939879855813064],[86.41249105844268,26.939889300807938],[86.41211072996074,26.93982222292244],[86.41172859035349,26.93981166079921],[86.41160023137003,26.939847235826058],[86.41140541180445,26.93995701968012],[86.4111647012277,26.940181775900864],[86.41105135086144,26.940407030922273],[86.41104766375649,26.940522190089382],[86.41112781955873,26.940678234173603],[86.41129288291481,26.94083465350903],[86.41215213950234,26.941199376681833],[86.41232063901263,26.941242950199573],[86.41282282559513,26.941484390146744],[86.41315651338905,26.94168431987367],[86.41342511439284,26.941920199126173],[86.41371241200996,26.942232912568763],[86.41389498242798,26.942506803944863],[86.41421660777186,26.943088220306187],[86.41443369398029,26.94360830844479],[86.41486292131822,26.944136021010777],[86.41508563189706,26.944486872000656],[86.41528533545764,26.94489173824365],[86.41534879873741,26.94504772084096],[86.41540350839908,26.94518338542998],[86.41576457806205,26.94519169613352],[86.41648596737193,26.945248830515983],[86.41754141986009,26.945483387064748],[86.41861406731688,26.94585573533636],[86.41924786318309,26.945987016929806],[86.41956604196626,26.94601314616497],[86.42000914329442,26.946118796839393],[86.42057672903745,26.946324288915136],[86.42120333859364,26.94668569990737],[86.42170171362787,26.947060242209936],[86.42195255730198,26.947201218201307],[86.42233138513184,26.947324624892904],[86.42328373517408,26.947463968292116],[86.42398717916937,26.947403567452238],[86.4247611461676,26.94713585546067],[86.42502142658108,26.946972117595724],[86.42521512130219,26.94689840601829],[86.42592219007729,26.946725222399984],[86.42674173561625,26.946362856700777],[86.42704709355664,26.94612253338082],[86.4277477157034,26.9454707720577],[86.42859089307554,26.945031758609385],[86.42891251002969,26.944944979348087],[86.42929615000264,26.944914966212803],[86.42987117273283,26.94489232829497],[86.43012470322697,26.94493633818766],[86.43031652364206,26.944921269181645],[86.4304883981822,26.94487006547232],[86.43072642092135,26.944740086575344],[86.43094793520923,26.944458814083085],[86.43120133261729,26.943834628238456],[86.43140140125345,26.943553230679488],[86.43160897076851,26.943041640662997],[86.4317860941726,26.942816635730946],[86.43183042239671,26.942760368082418],[86.4321594764961,26.9424433970542],[86.43255805225387,26.94193711882244],[86.4330711044167,26.94114681902651],[86.43328504773575,26.94040728696953],[86.43329373425361,26.940122890303787],[86.43347242103397,26.939839117840062],[86.43360215513569,26.939767470349164],[86.43405388024988,26.939588725227257],[86.43449966826435,26.93959953657128],[86.43500704297453,26.939689557264582],[86.43551710362655,26.93968261224197],[86.43590268126061,26.939578014063574],[86.43616289956807,26.939414276234505],[86.43641986681021,26.939343065120042],[86.43731619294275,26.93921570541282],[86.4379548635031,26.939173060840748],[86.43885606505499,26.93889221822619],[86.43924351622024,26.93872897823338],[86.43988443740676,26.938614125218162],[86.44037980244154,26.938397180600052],[86.44051066210352,26.938284771293212],[86.44066565325113,26.93807995952632],[86.44079538696245,26.938005999030075],[86.44137272133533,26.937888583291873],[86.44169133824396,26.93789664447182],[86.44213481367193,26.937984164988045],[86.44263850086391,26.93818928236252],[86.44363762630299,26.93886365677467],[86.4451894624037,26.940221850517208],[86.44569127430249,26.940483422204892],[86.44600689146331,26.94058619874318],[86.44638721951596,26.94065540212563],[86.44689540580337,26.940704786050127],[86.44721358520458,26.940733103016804],[86.44810284953972,26.940833623078046],[86.44904594986771,26.941259425057382],[86.44955188684908,26.94138551926355],[86.44999123851235,26.94160845439853],[86.45106194884757,26.94203700548376],[86.45181210417628,26.94251395025367],[86.45220269114347,26.942944321620175],[86.45259540219416,26.94330023455408],[86.4527997307198,26.94357187430855],[86.4534814890924,26.94419980145628],[86.4540450117447,26.944540582543457],[86.45442465237338,26.944625541133536],[86.4548719406115,26.944600153436745],[86.45550798615348,26.944636469302367],[86.4557603919784,26.94471874060628],[86.45617804788832,26.944959619409104],[86.45700536172514,26.945705391195553],[86.45703049621048,26.94573940132985],[86.45751655812045,26.946386772874142],[86.45771751183807,26.94677357235494],[86.45800418448447,26.947144865205555],[86.45837882461713,26.947421692918894],[86.45881773968158,26.947680701350585],[86.45962498293709,26.948426473849434],[86.46006352145172,26.94870573835855],[86.46031630296521,26.948788009606748],[86.46076077887389,26.948875467204775],[86.46127040317403,26.94890897172114],[86.46146028676652,26.94897067554521],[86.46171119282153,26.949111588563284],[86.46204219293872,26.94942436486448],[86.46243709167214,26.949739577125204],[86.46284943680533,26.950170011415345],[86.46328466405382,26.950564497490134],[86.46347310911959,26.950664525402225],[86.46397748423361,26.950867391507877],[86.46423057756171,26.950949537956102],[86.46473270252942,26.951231302176577],[86.4652393272192,26.95137771463879],[86.46591032726366,26.95170080191339],[86.46630466374918,26.952034082800264],[86.46694634511404,26.95262337387984],[86.4674429074732,26.953094756702967],[86.46785306488592,26.953601963542855],[86.46813711273663,26.954068034285754],[86.46845855121886,26.95468771278355],[86.46868501287317,26.95494140997009],[86.4689901316248,26.955407543318024],[86.46936002266416,26.95583553980207],[86.46978593844737,26.95653467703724],[86.46997075859028,26.956749801278832],[86.47050127578629,26.95750795523577],[86.47102629313308,26.95843772251174],[86.47143345145227,26.959039644313712],[86.47220974995682,26.96011026215298],[86.47270268886518,26.960696741613486],[86.47327390886828,26.96151372515171],[86.47353438653639,26.96205419341924],[86.47376379474414,26.96289931322206],[86.47420609363256,26.963751933604172],[86.47438597760683,26.964138607721736],[86.47445100059447,26.964102721821995],[86.47464469587291,26.964031198563283],[86.47502946053939,26.963982992136447],[86.47611260818196,26.964068254952732],[86.47694422418662,26.964012604465154],[86.4772664659328,26.9639257625447],[86.47754700452678,26.963798160173624],[86.47772294145145,26.96361141519194],[86.47791776157946,26.963501568929676],[86.4783697372873,26.96334070354503],[86.47862664224397,26.963289685920163],[86.47875375207512,26.963312753876615],[86.47894188465136,26.963433099425313],[86.4791946666303,26.963515245798632],[86.47964145438651,26.963525931190997],[86.48028231356557,26.963447026154487],[86.4806008679504,26.963473030037704],[86.48123685220656,26.96356561213234],[86.4818064374294,26.96373252987049],[86.48212424199166,26.963778789763673],[86.48225247604648,26.963763471831808],[86.48295098413008,26.963896940781602],[86.48378291221721,26.9638412896974],[86.48416805218233,26.963772764974898],[86.48467873964752,26.96378582557925],[86.48512821540571,26.963701733873148],[86.4854508317792,26.96359676216232],[86.48583484733513,26.96356656144833],[86.48641249423429,26.963467087805956],[86.48664901698909,26.9633956892303],[86.48695243866878,26.963213944986325],[86.48712793814109,26.963045268162613],[86.48768231754774,26.962315923228793],[86.48785825432337,26.96212924140484]]]}},{"type":"Feature","properties":{"province":"Koshi Province","district":"Udayapur","municipality":"Katari Municipality","ward":"10","wardNumber":10,"sourceMunicipality":"Katari","sourceType":"Nagarpalika"},"geometry":{"type":"Polygon","coordinates":[[[86.44846584504195,27.137987988709703],[86.44849841383414,27.137586307734246],[86.44846233482215,27.137355928060273],[86.44847033372585,27.137069343594195],[86.44851784905934,27.13689798088551],[86.4485339085695,27.136324687214252],[86.44858323602357,27.136096869682582],[86.44879130495899,27.13552663791923],[86.44881743687145,27.135355149564084],[86.44906502164993,27.134902451232012],[86.44917993485686,27.134618429235484],[86.44927802685933,27.13416060621275],[86.44939262757158,27.133876646393805],[86.44966315679308,27.133367556397584],[86.44966759666795,27.133363055075062],[86.45000527617329,27.132930986680712],[86.45039447836015,27.13267065629118],[86.451408716873,27.13209678871209],[86.4516259192331,27.131907981526602],[86.45203612929784,27.131668031142144],[86.45260195407994,27.131142058365178],[86.45277670339891,27.130935058070598],[86.45317546438325,27.130254853260357],[86.45403476182696,27.12897384264991],[86.45502173163521,27.127693331347757],[86.45534797233812,27.127392113903245],[86.45567108845867,27.12722631146288],[86.45610024348005,27.1270992698207],[86.45686796262005,27.127075191808043],[86.45806539872285,27.126831481284533],[86.45892283425914,27.126561705347346],[86.45917905244043,27.12652650444856],[86.45995183251297,27.126235972745718],[86.46040674368653,27.125863045762287],[86.46075617926165,27.12546936405717],[86.46093455175306,27.125090813122185],[86.46109704037423,27.124484321338066],[86.46112823316263,27.124026124034476],[86.46133323763898,27.12341969360834],[86.46139556050719,27.122523805113506],[86.46136147920609,27.122121874904426],[86.4612458046981,27.121586468832753],[86.46108205234044,27.12127662969001],[86.46074830073721,27.12096610461267],[86.46045431536001,27.12078893149122],[86.45989028863654,27.120299168870822],[86.45976542912517,27.120163255315934],[86.45968427163477,27.11999139288582],[86.45967644734837,27.119379651588975],[86.45972390001424,27.11915189653818],[86.46031416869316,27.1184385556172],[86.46053705677106,27.11798348221097],[86.46065340516944,27.117527909553246],[86.46068653470958,27.116995377780523],[86.46057210956386,27.116380948372736],[86.46039078630824,27.115919752617387],[86.46031219076981,27.11561472710509],[86.46018675470373,27.11454203828078],[86.46021469854442,27.114237448897544],[86.46033098450567,27.113781938899834],[86.46053042785786,27.11342376897896],[86.46068279408898,27.113273097795666],[86.46096576920128,27.11299207418994],[86.46122479890822,27.1128260226876],[86.46199614119509,27.112591945923636],[86.46234163978457,27.112369689133555],[86.4626857633815,27.11220401131306],[86.46344422084371,27.11158844744349],[86.46378921955375,27.111384320634677],[86.46396065634161,27.11133080313033],[86.46447752942379,27.11105515388544],[86.46473493567801,27.11096356217538],[86.46557492505974,27.110503980392533],[86.46643267223968,27.11021382232341],[86.4666880160749,27.110219258853807],[86.46685951608592,27.110165741352315],[86.46702945376065,27.11016861533262],[86.46753864099497,27.110254072114955],[86.46909553684685,27.11108386037588],[86.47047986938071,27.112007741657944],[86.4709877459206,27.112151840331958],[86.47141352659386,27.112139894616362],[86.47201386905928,27.11194126659052],[86.4722510163052,27.111793157862806],[86.47238181259947,27.111662743625928],[86.4725124215301,27.11153001604075],[86.47292544219447,27.111136520782154],[86.47323142391153,27.110760719388953],[86.47375192103219,27.11031345722766],[86.47407572472895,27.110109330667537],[86.4743331298048,27.11001992646807],[86.47467525428338,27.109948964853555],[86.47518531753207,27.109977967217823],[86.47560778683389,27.11011950423407],[86.47611616218713,27.1102432844996],[86.47653663218134,27.110479536841556],[86.47682974364749,27.110715415743247],[86.47730867524652,27.111200240044663],[86.47772714591828,27.111533582775923],[86.47812173516479,27.111979709242878],[86.47830149566951,27.112517614829695],[86.47846149846609,27.112978686199433],[86.47889223004846,27.113729713964975],[86.47947176536424,27.114485741788027],[86.48011938573075,27.11505021294982],[86.48034653656086,27.11536030113882],[86.48082828070136,27.115732217597515],[86.48187655028488,27.116458418588174],[86.48238261381982,27.116676977198896],[86.48255048976846,27.116794947606234],[86.48288774082206,27.116954178413163],[86.48305724073867,27.116995438417433],[86.48314083501633,27.117054454564897],[86.48347896134472,27.11717529899864],[86.48407249258214,27.117301578876656],[86.48458249327413,27.117348649883947],[86.48492136836347,27.11743117037041],[86.48534746203782,27.117419161396615],[86.48615944584184,27.117282174543266],[86.48637621020053,27.117115935498102],[86.4866629963034,27.116663237012133],[86.4870747680698,27.11632613362997],[86.48770723986772,27.11565124056676],[86.48824662140167,27.115337205549242],[86.48859386977776,27.11503823845398],[86.48876574359815,27.114964402081682],[86.48896150021108,27.114777720410903],[86.48904746863894,27.11474189657203],[86.48985406538895,27.113898389585607],[86.49026539931099,27.113581542191064],[86.4906806699163,27.11309326882271],[86.49111301162087,27.112794613557845],[86.49179882293483,27.112598423813097],[86.49171841578482,27.11238592438099],[86.49161693724785,27.112155358105994],[86.49110173783825,27.11138376202692],[86.49060329605676,27.11080190946384],[86.49010279384615,27.110332778053905],[86.48993766767366,27.110101961937612],[86.48977735234946,27.10964089046875],[86.48974152154614,27.109333739044168],[86.4896401067457,27.10910317249067],[86.4892490797988,27.108485495680437],[86.489007168984,27.107870692328795],[86.48901585448635,27.10748926809358],[86.48919766337679,27.106957172699378],[86.48943824838791,27.106675899333826],[86.48958936492103,27.106583870669517],[86.4897198487208,27.106453393778924],[86.48992110345625,27.10601626309438],[86.48988852213668,27.105557878722045],[86.48979054308354,27.105176142664426],[86.48970863664718,27.105020035330462],[86.48954313538823,27.104807224607363],[86.4892718442724,27.10455571655914],[86.48897823454541,27.10435822414804],[86.48838870135258,27.10406039380581],[86.48807095824513,27.103977998599877],[86.48737045010022,27.103889667897676],[86.48718194127478,27.10375131681984],[86.4869754248188,27.103461609303512],[86.48691658660535,27.10323116710883],[86.48696941268898,27.10277540785376],[86.48723348966344,27.101406190570707],[86.48721754298619,27.101175872542125],[86.48715470702597,27.101119231881356],[86.48709587008491,27.100888789634617],[86.48704565518521,27.10027686056472],[86.4870754728807,27.099895498962844],[86.4868710175436,27.09950876232148],[86.4868122432041,27.099280571190118],[86.48680610601869,27.09859211910235],[86.486766776887,27.098438449568683],[86.48637537456783,27.097841091547192],[86.4863129137182,27.09778219938969],[86.4858694365939,27.097620344294928],[86.48567686622046,27.097655731905864],[86.48548479624318,27.097691182589823],[86.48503263350194,27.097910751662884],[86.48457753389229,27.09828374170202],[86.48429355992855,27.098603276114847],[86.48413806969053,27.098905179057933],[86.48394125006485,27.099130184746226],[86.48358681674225,27.099754121390006],[86.48332703698638,27.09995862203137],[86.48315447532856,27.100050526064315],[86.4829806005133,27.10021920286684],[86.48289431975417,27.100275282212824],[86.48280916353747,27.100272719858086],[86.48270506130861,27.100157249599558],[86.48262384189947,27.09998313709283],[86.48259319757443,27.09944804271485],[86.48251485221274,27.099143017159612],[86.48224831063676,27.09867932101908],[86.48218947326646,27.098448879696722],[86.48230407286952,27.098070079543895],[86.48233064158555,27.09783988637189],[86.48265919353054,27.097428012100693],[86.48272640412966,27.097274779166792],[86.48268707472538,27.097123421994553],[86.48242053257448,27.096659664515133],[86.48225396892083,27.0964852400641],[86.48199900022624,27.096461673179668],[86.48148587579037,27.096565959744787],[86.48122809556988,27.096675682182287],[86.48105434638545,27.096823977462456],[86.48098632434528,27.09701340966888],[86.4809838246515,27.097128443239512],[86.48108530328102,27.097359071726554],[86.48108255402141,27.097474168359824],[86.48099502364539,27.097586702017615],[86.48066971988646,27.09784734479635],[86.48041237682216,27.097938937388246],[86.48009332266622,27.097933251679034],[86.47983647924475,27.097984269288155],[86.47958150975916,27.097960765850196],[86.47932535408513,27.097993653197975],[86.47913203392241,27.098067427356497],[86.478783161603,27.098443103669197],[86.47841840420936,27.098568144396758],[86.4782270846665,27.098565207942286],[86.4777183964302,27.098459495810328],[86.47746305308917,27.098456309771976],[86.47739946665438,27.098435742392443],[86.47735845025579,27.098376913255947],[86.4773183091885,27.098261629721176],[86.47715280828655,27.098048818761217],[86.47705139264492,27.097818252740197],[86.4767397114929,27.09746952883341],[86.47659284334844,27.097371813715657],[86.47617037431499,27.09723033939427],[86.47553445112045,27.097103809408214],[86.47540877909367,27.097004031526907],[86.47532718396124,27.09685023802672],[86.47529179153757,27.096525079855596],[86.47542789866858,27.096146342514803],[86.47546252842771,27.095537038663117],[86.47528114271043,27.09507584278978],[86.47540130329567,27.09446684964486],[86.475441117979,27.093627290741008],[86.47542129735946,27.093550455304214],[86.47529674985071,27.09341454190729],[86.47521246825013,27.093375907071465],[86.47506335115568,27.093373032856427],[86.47493486661327,27.093408731902763],[86.47448264238751,27.093648557686603],[86.47435253363308,27.09376084182365],[86.4741779094181,27.09394764837521],[86.47408956647406,27.094098569148557],[86.47402041958519,27.09432626165701],[86.4738199771769,27.094722817834814],[86.47362434483553,27.094909437293122],[86.47317361962206,27.095074803776463],[86.4729177761217,27.09508737255338],[86.4724687998817,27.095175965827],[86.47227747965144,27.0951707793202],[86.47215061985446,27.09513189460978],[86.47189996302562,27.09491652108175],[86.47179548571356,27.094819118773607],[86.4714148448171,27.094716092522226],[86.47115943847359,27.094710594466154],[86.4709009706456,27.09484051040755],[86.47077286113333,27.09485589080704],[86.47058235349394,27.09481456863216],[86.47020414907577,27.09457844125646],[86.46993529527565,27.094229779735493],[86.46958697127837,27.093612226922886],[86.46944660167769,27.093227928654645],[86.46921913963439,27.092920090663686],[86.46915667818327,27.092861199274832],[86.46890377076099,27.09274060421744],[86.46871326325291,27.092699281081327],[86.46839789476056,27.09252204498982],[86.4682061994207,27.09251904678872],[86.468077715929,27.092554683642497],[86.46769063837203,27.092738303864078],[86.46736927260766,27.09282739651108],[86.46723997586093,27.092901357115302],[86.46702121207272,27.093164624794962],[86.46692812034942,27.09352548186798],[86.4665960059792,27.094090775858696],[86.46641450967677,27.09460249069971],[86.46637043134164,27.09465875788354],[86.46626333001552,27.094696707618837],[86.4660931425497,27.094691583448437],[86.46596628307894,27.094652698412947],[86.46571375096475,27.0945140973893],[86.46565172754603,27.094437075791635],[86.4655690081496,27.094319417363838],[86.46555031235727,27.09420419608524],[86.46536742716599,27.093819772735888],[86.46533003465125,27.093589393263798],[86.46536472680575,27.092980088844655],[86.46527018474478,27.092444745733694],[86.46519021469217,27.092214178172053],[86.46496200162517,27.09194247659478],[86.4648156341809,27.091824505877792],[86.46439528876326,27.091588191109853],[86.46426799250715,27.091567374261952],[86.4638849770879,27.091559188274903],[86.46362725894332,27.091650717853625],[86.4633682904026,27.091816769624003],[86.46299841033237,27.092172003167246],[86.46290731815405,27.092438020282646],[86.4630647590049,27.093014249442962],[86.46306100950784,27.093185799960732],[86.46290314501685,27.093582480474595],[86.4627941695882,27.093694889868424],[86.46174653819178,27.093905338600393],[86.46097769520486,27.094004001349504],[86.4605961791741,27.093939361864745],[86.45970778719169,27.093674106218895],[86.45958173989318,27.093596896997397],[86.4595431609025,27.093422908801962],[86.45970552447994,27.092816354637886],[86.45998993603997,27.092478877421478],[86.46003607596218,27.09232551872642],[86.45989295735399,27.092056379588364],[86.45957802674408,27.091858762482193],[86.45913255012935,27.091793810844468],[86.45888007981394,27.09165521007999],[86.45875484555391,27.09153961490789],[86.45837464182885,27.091398203363322],[86.4582085148994,27.091203459811766],[86.458060523329,27.09116226254139],[86.457807740752,27.091023599289606],[86.45729624117054,27.091053238996658],[86.45693748283854,27.0909118892195],[86.4568148088323,27.09066087865725],[86.45675278556249,27.09058385718828],[86.45682499360649,27.090184613697176],[86.45682824227099,27.090031131214054],[86.45672414032165,27.0899155991019],[86.45645022579467,27.08977687345866],[86.45613279565893,27.089694415088257],[86.45594116316694,27.08968916611786],[86.45568494471485,27.08974230938394],[86.45555758450604,27.089721555043493],[86.45517638123314,27.089618466698266],[86.455050771143,27.089520939520032],[86.45492841057906,27.089269929622162],[86.45471926869928,27.08909531816192],[86.45463742438469,27.08893921030549],[86.4546274127559,27.088404241492615],[86.45442570680298,27.087866210038815],[86.45430290792731,27.08763551919944],[86.4541351578453,27.08751748614579],[86.45400998555974,27.087399578484984],[86.45394839819589,27.087284232084784],[86.45375951511694,27.08714806972226],[86.4533798104361,27.086986338873427],[86.45325213938449,27.08698584028497],[86.45306206813187,27.086924198757654],[86.45229603726031,27.086909890789837],[86.4518463116248,27.087016614572104],[86.45159096725614,27.087013304275356],[86.45140095926419,27.086933532889372],[86.45119388009725,27.086661830942763],[86.45092158969985,27.086446332457047],[86.45075789997367,27.086138744599292],[86.45034217909692,27.085672111827453],[86.45018011392712,27.08528550032328],[86.44974944480981,27.08451409150359],[86.4496283340878,27.084204376394588],[86.44892581220773,27.083199402251847],[86.44861375625901,27.082868620959108],[86.44851052856441,27.082712513529806],[86.44807004966094,27.082399239058457],[86.4480291584698,27.082322341888382],[86.44750602382753,27.081891409333082],[86.44690160629996,27.081288613768628],[86.446754801384,27.081191024396706],[86.4459396792053,27.080470009156716],[86.44543405337228,27.08021068872565],[86.44505797284366,27.079879658156287],[86.4447427922199,27.07968429200447],[86.44417720447312,27.07925317159886],[86.44392354758385,27.0791709631293],[86.44354434318933,27.078973033725124],[86.44297219447847,27.078848941598196],[86.4425871790703,27.07891965436679],[86.4423936090653,27.07901143267249],[86.44066535270188,27.0791558072617],[86.44008558082865,27.079374753265174],[86.43995797176194,27.07937200389388],[86.43944453475163,27.079478290786014],[86.43899437177302,27.079605145366873],[86.4386710048594,27.079791265595194],[86.43835007582314,27.079862227379405],[86.43815594439363,27.07997426257281],[86.43796306147269,27.080027717758362],[86.43744518808232,27.080343941741386],[86.43680051838685,27.080600898944876],[86.43641519083874,27.080689679416427],[86.4362243702406,27.080648294239708],[86.4359050651995,27.080642483568877],[86.43474564654412,27.081082563291965],[86.43448630351897,27.081250866041596],[86.43433268815207,27.081457865974688],[86.43405102492117,27.081682434695477],[86.43312544141342,27.082127950332744],[86.43280532478818,27.082160526273995],[86.43209775625786,27.08237666012257],[86.43132297695072,27.082745964240498],[86.43081078998883,27.082795797600753],[86.43042546240713,27.0828845775323],[86.43012354168086,27.08305263064198],[86.42980136309903,27.083179983955635],[86.42941147343731,27.083480889190508],[86.4289587491062,27.08374090758412],[86.42871722751688,27.08406050387804],[86.42837066679401,27.084323147353754],[86.42823524673608,27.08468375505002],[86.42808244294498,27.084854744126925],[86.42788793613582,27.084984847667045],[86.42767317097397,27.08505849645224],[86.42760952289606,27.08505593407384],[86.4272939039905,27.08487863519321],[86.42714891130198,27.084686142949863],[86.42691551209025,27.084642320151143],[86.42634048942979,27.084651266237593],[86.42583036426805,27.084606383505037],[86.42544828494621,27.084541556176816],[86.42513185460746,27.084402581650362],[86.42506458258185,27.08455350223907],[86.42490559316937,27.085011138244937],[86.42490184402875,27.085182688047592],[86.42485682892098,27.085297597958274],[86.42446237835391,27.08580612616714],[86.42426674698304,27.085974614884794],[86.4240251005665,27.086316718657912],[86.42386729779577,27.08671564939799],[86.42391613797908,27.08740428850214],[86.42393270987434,27.08761653820297],[86.42384636622117,27.087672618539766],[86.42372369284016,27.08743961423622],[86.42351705095103,27.087149843139724],[86.42339231608933,27.087013930228196],[86.42331047059251,27.086857822602738],[86.42330095995861,27.08632285347179],[86.42322080276271,27.08609228674058],[86.42309681700016,27.085917924136936],[86.4229703954192,27.085858720449426],[86.42277876228204,27.08585572159611],[86.4226519030361,27.085814523703796],[86.42214671384446,27.085537073098667],[86.42176582252979,27.08541591658484],[86.42144701702281,27.085392037568656],[86.42119292360277,27.085330022138404],[86.42093645514548,27.085362909613995],[86.42035818233856,27.085507208716642],[86.41990664467497,27.085710773540264],[86.41913467699035,27.0859445378267],[86.41919207751175,27.08625181471428],[86.41920046386154,27.086827484432018],[86.41901909118161,27.087341387059332],[86.41856349239204,27.08771643936624],[86.41826200844979,27.087864173616737],[86.41800585237178,27.08789699832179],[86.41710490110346,27.088188968762942],[86.41550219169869,27.088428432439404],[86.41507091175411,27.088670382799485],[86.41481144430497,27.08885669084681],[86.41410118938492,27.08922618148905],[86.41384059668108,27.08945081291053],[86.41368723071758,27.08965787568424],[86.41281910922352,27.090367530646436],[86.41176497967916,27.09084624512693],[86.41124948011021,27.091026928823155],[86.41099013746437,27.09119285609101],[86.41057580455096,27.091626799995588],[86.41011951749253,27.092019920365452],[86.40970768332345,27.09233645526799],[86.40942689452339,27.09250231940629],[86.40923351283242,27.092575968460373],[86.40903894303666,27.09270613336064],[86.40873539745684,27.09294864544998],[86.40816913449532,27.093492498899746],[86.40786677668143,27.093678557244367],[86.40748013639573,27.093823666811346],[86.40741611327452,27.093823416727187],[86.40683490377437,27.09409862939478],[86.40593276512236,27.09442667295867],[86.40554325127268,27.094704883528237],[86.40470269802225,27.09513026822127],[86.40424916058203,27.09540822955152],[86.40327887470986,27.095925579158322],[86.40295407160185,27.096167966280003],[86.402370861761,27.096519888648633],[86.40211314372819,27.096611355909744],[86.40153105995968,27.09692489211326],[86.40127371624045,27.09699610297962],[86.4009510374225,27.097143650403652],[86.40060328872424,27.097442366786662],[86.39993367448477,27.097850368296193],[86.39896251294876,27.098406042316977],[86.39850722558192,27.098760713742294],[86.39826726647645,27.09900578839562],[86.39811602459399,27.099097692391783],[86.39789713560849,27.099363084527315],[86.39769725439162,27.09972112957186],[86.39743528685969,27.100004402994998],[86.39708835142622,27.100264796138024],[86.396522775655,27.100790581701567],[86.39608987106773,27.101088861431947],[86.39597995754347,27.10123971943599],[86.39584291321945,27.101638650191862],[86.39559701730916,27.102149990896635],[86.39573838602574,27.10249821660835],[86.3961124035814,27.102906144627337],[86.39639989098735,27.10337234036784],[86.39669031467079,27.103721189508278],[86.39687794844902,27.103898051848187],[86.39727784771839,27.104114236590117],[86.39767612326054,27.10439131348611],[86.39808890736715,27.104973166858983],[86.3982140793996,27.10509107560606],[86.39856415237435,27.10561397463215],[86.39939990680305,27.106337615667417],[86.39998993942176,27.106617753793365],[86.40028167534031,27.106907898501596],[86.40025773078489,27.107022932342],[86.40066262906296,27.107008861112384],[86.40091916035351,27.106976099101207],[86.40125909744128,27.10702042051874],[86.401596723478,27.107157270163846],[86.40210572443269,27.107260982376626],[86.40244403783109,27.107382076521052],[86.40311866401576,27.10769641113268],[86.40368587714723,27.108050883838107],[86.40419494075962,27.108152408552186],[86.40451012067626,27.108350150724842],[86.40474033277668,27.108524886466892],[86.40484399762511,27.108660800409954],[86.40502831951056,27.108986581531532],[86.4050470158733,27.10910180277733],[86.4052936113534,27.109506918635194],[86.40539359020539,27.109794001967213],[86.40567876538596,27.110370793401536],[86.40582269558656,27.110601672021183],[86.40607179087968,27.110891629370883],[86.40680556811843,27.11141833872101],[86.40731081880422,27.11169360082196],[86.40762568814094,27.111909348114718],[86.40771040685716,27.111930041339246],[86.40842367486047,27.11241836451632],[86.40951027358905,27.113368693626263],[86.41015908139559,27.113874772671082],[86.41078913040246,27.114285949083445],[86.41102090441524,27.114404293548255],[86.41173336123282,27.11493094038764],[86.41221429316356,27.115339242463183],[86.4123804195156,27.115531796867803],[86.41254492081399,27.115801124646218],[86.41268622737299,27.11614703725907],[86.41272355629637,27.11637741636143],[86.41271574622867,27.11672051773662],[86.4122213928618,27.11785610647451],[86.41213211207048,27.118045350610867],[86.41182275603167,27.11853612229113],[86.41170834307898,27.118878786986905],[86.41138180370068,27.120132408642267],[86.41137436740202,27.120475508993874],[86.41145046411938,27.12087762679257],[86.41193978165104,27.12185703327058],[86.41212622843017,27.12209028786614],[86.41235150426601,27.12249309069038],[86.41262054537854,27.122841752821376],[86.41270195184858,27.123013676812192],[86.41342523153094,27.124018902177657],[86.41367195282277,27.12442170513203],[86.41373441401419,27.12448065861641],[86.41391586138518,27.124941855030126],[86.41397076244357,27.125343909537047],[86.41423093062413,27.126089875752445],[86.41468023206498,27.12695625053913],[86.41488281310131,27.12741757131292],[86.41502580680547,27.12770484120601],[86.41512178567804,27.128165725831163],[86.41480699308313,27.128904757877397],[86.41463018245703,27.12918846890001],[86.4144906382477,27.129700245708026],[86.41450808416882,27.129871858002197],[86.41473460974402,27.130218207199313],[86.4149776444696,27.130794811165043],[86.41505374050061,27.131196866007887],[86.4150686867262,27.13148363709251],[86.41514728194295,27.131770596059482],[86.4151155900205,27.132228730233496],[86.41502424787502,27.132512752038398],[86.41491358468481,27.132681552995752],[86.41505520423281,27.133054598811118],[86.41559734648963,27.13347896728965],[86.41565818235917,27.133596563602033],[86.41573402794363,27.13394222694619],[86.41589834159706,27.134177669200096],[86.41614756104153,27.134413485496154],[86.41639084395067,27.13487949438054],[86.41642517327526,27.135186584445005],[86.41660599491615,27.135593639141902],[86.41670915958277,27.13571142305356],[86.41689698103194,27.13586796707869],[86.41748588861131,27.13615029281122],[86.41767295933262,27.136327155587008],[86.41768659331304,27.136616115275753],[86.41759025102589,27.13701523299161],[86.41771361175225,27.137191845958355],[86.41783865850611,27.1372894364268],[86.41819822934035,27.137394712743298],[86.41862432306863,27.137403272835343],[86.41879576112697,27.137367823356815],[86.41930694840723,27.137381197012964],[86.41956422957014,27.137328115903415],[86.42015382502092,27.137610442162014],[86.42048963812219,27.137810434823795],[86.42074342032596,27.137892768493963],[86.42082857617335,27.13789539341145],[86.42100182664977,27.137803551987027],[86.4211778885208,27.137616870362457],[86.42138070744564,27.137240757200168],[86.42161378399531,27.13655561626921],[86.42194821170364,27.136049026357366],[86.42210151610178,27.135918736528936],[86.42225294564619,27.13584483867489],[86.42253086026278,27.13583245637999],[86.42320561139316,27.13611734502004],[86.42370773862939,27.136473819560404],[86.42397840328604,27.136711948393206],[86.42437099143527,27.13716045061398],[86.42447221905702,27.13735500687893],[86.42457569603823,27.137472790820414],[86.4249597226525,27.138228257800403],[86.42502218365821,27.13828721181327],[86.42546842095354,27.139101633515416],[86.4258398761596,27.139552323875122],[86.4263179322629,27.14000345131496],[86.42674002706302,27.14016768232726],[86.4273331219615,27.14033491281945],[86.4277540919586,27.140537529415774],[86.42790089732459,27.140635181949683],[86.42803319428874,27.140486698871552],[86.42836712185343,27.13999598911897],[86.42867385598879,27.139717341775285],[86.42882528567496,27.1396434431209],[86.42913201870667,27.13936479488375],[86.42934972225846,27.13921668713592],[86.42946013523512,27.13908620955194],[86.4295460422462,27.139068516483036],[86.42972160432453,27.138902215133438],[86.43004634557032,27.13873647558821],[86.43043354907242,27.13863194106853],[86.43094767445734,27.138568541074342],[86.43114124407936,27.13851514839072],[86.43312791043232,27.13845092036739],[86.4335113016209,27.138479549685773],[86.43363816051851,27.138520684759502],[86.43421243492396,27.13859069919871],[86.43459313947139,27.138716356888406],[86.4347845218535,27.13873973651805],[86.43522918681305,27.1388656433646],[86.43541857082472,27.138965733822996],[86.43560945328633,27.139009369099327],[86.43611595459889,27.13921229793111],[86.43624168933808,27.139291757892114],[86.43662239356392,27.139417477514446],[86.43687392522695,27.13957645933539],[86.43763195845285,27.13994068207172],[86.43833040582686,27.140148860498332],[86.43864933586465,27.140195245719973],[86.4392202349873,27.14038035635593],[86.43966652516995,27.14044987179495],[86.44049151885898,27.14071950396339],[86.44112413024276,27.140983825053052],[86.44137872392973,27.141045777683708],[86.44201021052251,27.141348484120492],[86.44207423323628,27.14135098490461],[86.4425806720382,27.141553913752563],[86.44296256346495,27.141641185033954],[86.44347437611827,27.141652244763492],[86.44457152462492,27.141354082174946],[86.4452183215665,27.141121881777682],[86.44599272826403,27.140912750075334],[86.44623043882166,27.140803089977123],[86.44673180478289,27.140432600421324],[86.4469518197427,27.14020771963085],[86.44736671743834,27.139872992034288],[86.44789634065005,27.13925661701721],[86.448388072352,27.13846400424204],[86.44846584504195,27.137987988709703]]]}},{"type":"Feature","properties":{"province":"Koshi Province","district":"Udayapur","municipality":"Katari Municipality","ward":"1","wardNumber":1,"sourceMunicipality":"Katari","sourceType":"Nagarpalika"},"geometry":{"type":"Polygon","coordinates":[[[86.33567784931908,26.92716451694095],[86.33594119236837,26.926924192950487],[86.33662674547413,26.926119324377044],[86.336723712942,26.92574052521081],[86.33678085347157,26.925282577847145],[86.33687313347981,26.92505726033482],[86.33693896950011,26.925001055595946],[86.33741314075024,26.924822748115044],[86.33750836171912,26.92473515861736],[86.33791756908953,26.92435785621969],[86.33802517037047,26.924322282629515],[86.33828188856778,26.92428958268308],[86.33904110689586,26.924521142031878],[86.33963145096115,26.924709004274042],[86.33979563606403,26.924734572389113],[86.34047938753723,26.924846097195058],[86.34065007468622,26.924833341662197],[86.3408226996564,26.9247596312115],[86.34085714925438,26.924734998380146],[86.34097537927418,26.924649784399296],[86.34157847135774,26.924435840134713],[86.34201250247499,26.924180573758452],[86.34278896938736,26.92387491318467],[86.34296271886886,26.923765129308453],[86.34365346815692,26.923477099699685],[86.34442724860331,26.923248211253952],[86.34477280990845,26.92310529136371],[86.34511568458984,26.923036892458317],[86.34546043368135,26.922912102169004],[86.34580562127464,26.922769243828533],[86.3460444566194,26.92262132284389],[86.34664829904935,26.922389373809203],[86.34828001591353,26.921972546025316],[86.34896832725,26.921761226498177],[86.34922716993213,26.921654067738512],[86.34991435672568,26.921481134064827],[86.3501719500228,26.921410110683492],[86.3506019807244,26.921287945885926],[86.35120201170679,26.921171029925404],[86.35180435359331,26.920975153008996],[86.35223251008037,26.920909379303556],[86.3524055713451,26.92081978838153],[86.35258194604265,26.92063335712476],[86.35280008669895,26.920465055609057],[86.35308631207396,26.920168340681332],[86.35322142107343,26.919941022131116],[86.35348582656776,26.91966012420411],[86.35385545860491,26.919422425909563],[86.35404684099767,26.91942786259041],[86.35446393522673,26.91970512699409],[86.35460886439444,26.91984347884518],[86.35483995112807,26.919946131613106],[86.35518095029981,26.91993637461693],[86.35561029352783,26.91983221495087],[86.35578285575858,26.919760817344766],[86.35621069828105,26.91969498025529],[86.35671851102182,26.919803382162474],[86.35694909689619,26.919926353153365],[86.35701037028146,26.920003374798043],[86.35718562889957,26.920525589160032],[86.35726709743514,26.920643372667264],[86.35735162892502,26.920664065752998],[86.35741552677094,26.920664314838678],[86.35798079119968,26.920296700491374],[86.35841969718604,26.919887888171782],[86.35874725082766,26.919629746809225],[86.35885622733906,26.91955572366155],[86.35935528034965,26.919262319716957],[86.35987559169125,26.918968915646445],[86.36057021510538,26.918547721788244],[86.36091496483674,26.918422932065493],[86.36168174501555,26.91842404938578],[86.36227521372867,26.918517007639704],[86.36355018090619,26.91860852070732],[86.36414671169297,26.918604387946512],[86.36465908650851,26.91856155745627],[86.36508880442314,26.918437078807962],[86.36532720259115,26.91830947624198],[86.36575648293895,26.918207567121833],[86.36616669270059,26.91802657182703],[86.36736844089545,26.917754291300586],[86.36762659766029,26.91768320487049],[86.36803480727465,26.917581170875202],[86.36840012740284,26.917496954896073],[86.36863658832013,26.917425869254934],[86.36908568938352,26.917382726007407],[86.36976737695673,26.917401536682085],[86.37027968861372,26.917378962546483],[86.37079800034006,26.91716458105865],[86.37101720250575,26.91698046218805],[86.37144942133737,26.91680178040072],[86.37170726468288,26.916732944601907],[86.37196398262368,26.91670024498572],[86.37238938935222,26.916731437469668],[86.37298954507493,26.9166347772232],[86.3736664156019,26.91650460665212],[86.37368254684256,26.91650241816414],[86.37381259397156,26.916478159921905],[86.37389481436286,26.916695223356907],[86.37397872904832,26.917406618153592],[86.37407939366847,26.91758085629723],[86.37432804936665,26.91777834912241],[86.37451599507266,26.91787850071702],[86.37532241494534,26.91787980491873],[86.37564146816202,26.917849605839802],[86.37636479420027,26.917791831174743],[86.37739222936008,26.91750961177473],[86.37783945418693,26.91746421887788],[86.37898399916625,26.917512157568257],[86.37930380306841,26.917461639751668],[86.37968975466606,26.91733691124616],[86.38000949621139,26.917288643723342],[86.38059039226829,26.917033875315724],[86.3810391800148,26.91692971481497],[86.38129727300637,26.91682249275525],[86.3815794359949,26.916618304675293],[86.38171191946473,26.9164495666456],[86.3820500348882,26.91580774940775],[86.38217976879675,26.915733788866582],[86.3824347991035,26.915721345332308],[86.38258222899253,26.91576266785903],[86.38275110393752,26.91578592279249],[86.38332056354896,26.915896762178512],[86.38372227366288,26.9159436461381],[86.38389914727607,26.915718703287105],[86.38436812092259,26.91496453978997],[86.38452848755422,26.91458598880317],[86.38457787704233,26.914355983216698],[86.38456330662144,26.914145922259163],[86.38448365060697,26.9139718088769],[86.38407199428823,26.913559192416187],[86.383869728723,26.913246852948472],[86.38375899341139,26.91270913440674],[86.38371903051441,26.91194147117991],[86.38381093635154,26.91171384161141],[86.38384644351804,26.91125351787326],[86.38398542637209,26.910874905770267],[86.38399498827329,26.910567939922256],[86.38383942478094,26.91010455618446],[86.3833350417207,26.90926944144724],[86.38288087082165,26.908854324151726],[86.3827395658145,26.908621195075003],[86.38251472920008,26.90834936791311],[86.38176957402784,26.907736633518642],[86.38158187862717,26.907636480434245],[86.38132966067015,26.907551896231464],[86.38082491137538,26.907405233460235],[86.38038262334157,26.907299457639635],[86.37988099898566,26.90705801694746],[86.37963178027682,26.90687859229559],[86.37922124940286,26.906427588902666],[86.37897884334207,26.90603828954521],[86.37810381962893,26.904829006360988],[86.3778449047322,26.90428616254927],[86.37769409142754,26.90366923316152],[86.37754845684994,26.902210369253613],[86.37759815921045,26.901982613600815],[86.37775590054613,26.901678585535223],[86.37795340664795,26.90147402362498],[86.37814872611854,26.90132591573357],[86.37830378062067,26.901118914991432],[86.37835316991273,26.9008888477269],[86.37836267018818,26.90058419532346],[86.3782711305043,26.900120997772632],[86.37819103601053,26.899967203858075],[86.37806736482422,26.899849232566282],[86.3773188338574,26.899351594650167],[86.37700909171957,26.899074892161472],[86.37684559177913,26.898880023573557],[86.3765128422864,26.89865958803688],[86.37612463164646,26.89817257389863],[86.37580450654686,26.897550394358884],[86.37554102049114,26.89647251859501],[86.37552338766794,26.89635504664953],[86.37541159022695,26.895855714118532],[86.37535756606083,26.895548499488143],[86.37532004141991,26.89470406462877],[86.37533916458577,26.894092447496206],[86.37530876483757,26.89301781915701],[86.37516970022804,26.89201946508285],[86.37517707467212,26.891789272958647],[86.37508047247054,26.891479620605292],[86.37495992578201,26.89126687121173],[86.3747742927793,26.891090009349302],[86.37460773066093,26.890989918965126],[86.37401776402669,26.890858636985122],[86.3737868036989,26.8908463859567],[86.3736659453484,26.890737480527566],[86.37348775351713,26.890576435066997],[86.37311248771715,26.8903174249392],[86.37286045653241,26.890194391882563],[86.37261136276425,26.88999696149547],[86.37226097938972,26.889622918183775],[86.37201801092898,26.88923586976229],[86.37177197919411,26.888923280275506],[86.3710233857419,26.888346619024286],[86.37052669785362,26.887892928633065],[86.37040627573714,26.88765986190825],[86.37039733011778,26.88727837502158],[86.37021131246074,26.88643331624167],[86.36969473374724,26.88527073028775],[86.36968578733594,26.884889243137447],[86.36973324040991,26.88473819869182],[86.37002721551774,26.8842112910011],[86.37051888664539,26.88350013922731],[86.37071733087507,26.883295639864272],[86.3707060770353,26.88328657475821],[86.37069031779976,26.883054006553166],[86.37068769116716,26.883013369800686],[86.37026965831446,26.88258712346049],[86.36936544429513,26.881982643231762],[86.3688588809894,26.881745642181436],[86.36835462975122,26.881375475845843],[86.3681871289053,26.88121893235714],[86.36804244788017,26.880988053311405],[86.36747648414354,26.88050247896676],[86.36707633427291,26.880268226950463],[86.36682205393993,26.880206149564657],[86.36637651433612,26.88014319805273],[86.36577117613881,26.88068899018427],[86.3652768739778,26.88096895266954],[86.36482315100096,26.881364198132665],[86.3645195439117,26.881683420211946],[86.36380647914073,26.882305485746706],[86.3634618562642,26.88254774734107],[86.36329066967251,26.88260339087617],[86.36252288975798,26.882706053869953],[86.36167301634457,26.882636730280723],[86.3611595177619,26.882801471548436],[86.36047858128602,26.882793976911756],[86.35996958156181,26.882710333085637],[86.35979939431479,26.882707333894363],[86.35937267757998,26.8827776085094],[86.35903299024277,26.882733224506314],[86.35868980402431,26.88288289686939],[86.3583901965452,26.883055388101795],[86.3581694929998,26.883183053242867],[86.35775028242888,26.88362806379706],[86.35735608017549,26.883960352778757],[86.35718208116872,26.884070261963167],[86.35679056554363,26.884307710462068],[86.35612013759986,26.884613932943626],[86.3548266706148,26.88507301910774],[86.354137484354,26.88530015532164],[86.35259323654374,26.885600135035098],[86.35113833170583,26.885787579950932],[86.35054442603267,26.885694621696718],[86.34987011436087,26.88546349833261],[86.3491961765603,26.885216621204634],[86.34826258365041,26.885092719103312],[86.34775089700081,26.88509722622966],[86.34732255392565,26.885160624140042],[86.34680430463624,26.88537494294813],[86.34558774361723,26.886084913789364],[86.34515708847664,26.88622514695637],[86.34446327669667,26.88658763651408],[86.34351368461478,26.886962505947146],[86.3429476079282,26.887327807005917],[86.34262211607778,26.887509113869186],[86.3418212655073,26.887886858159803],[86.3412865708557,26.887947631887705],[86.34034991561398,26.887920696006436],[86.33907482378751,26.88780642601252],[86.33754763740768,26.887591629559623],[86.3368668255029,26.887552312275215],[86.33661060706609,26.887564693806127],[86.33601501421646,26.887548319694417],[86.33541942068048,26.88753200895166],[86.33508010876037,26.887485249030473],[86.3341506403672,26.887248439424493],[86.33339285991303,26.88698080634121],[86.33237536129981,26.886838275361907],[86.33198396880461,26.886879353577044],[86.33194808058899,26.88688366779928],[86.33160683083184,26.886893361722514],[86.33049961377607,26.886881370423545],[86.33007389586143,26.88687030915029],[86.3296484892459,26.886859310037654],[86.32922345930197,26.886827930135876],[86.32863067776395,26.88671677856748],[86.32803589709741,26.88666201927448],[86.32743768000591,26.886722417761533],[86.32702721962235,26.88690103728196],[86.3267681261978,26.887010447588366],[86.32659681351004,26.88704345901852],[86.32608581438808,26.88702977221336],[86.32498353439112,26.886864235396107],[86.32413903542984,26.88663217658331],[86.32380209785164,26.88650651822999],[86.32346359792294,26.88643943981903],[86.32235625602286,26.886429635406113],[86.32175728798143,26.886508040015617],[86.32149944413646,26.88657900116224],[86.32115431991285,26.88672185886104],[86.32060950048805,26.887109728963086],[86.32037116533557,26.88723726898122],[86.31967985463164,26.887543241022552],[86.31915991783413,26.887816138802634],[86.3186158484813,26.88818369002997],[86.31827228637741,26.88827009375151],[86.31799612310698,26.88824390162721],[86.31776516237836,26.88814124894963],[86.31720382656287,26.88770512696309],[86.31693503739685,26.88744874139727],[86.31620495149008,26.886968983318738],[86.31586926441598,26.886807126700457],[86.31561573327917,26.886742673299608],[86.31527454536209,26.886752305046073],[86.31508135131917,26.886803258955453],[86.31495042967175,26.886895162397092],[86.31463813367237,26.887347423479373],[86.31400022139017,26.887980865830674],[86.31371243286688,26.888315842735977],[86.3133634963409,26.88857598511094],[86.31264061528057,26.889206802541892],[86.3119088584714,26.890103886400052],[86.3115801173111,26.89040253995662],[86.31140724311634,26.890473937597385],[86.31127907099057,26.890489068977246],[86.31123655607297,26.89048888193808],[86.31091675139027,26.890498638013938],[86.3106203921803,26.89043399660053],[86.30978020550552,26.890066460233523],[86.30936304895991,26.88978682028488],[86.308798213439,26.88946341851687],[86.30854424505068,26.88941940802398],[86.30820230768029,26.889447045080626],[86.30759971518592,26.889640483266067],[86.30675641228214,26.89004042182104],[86.30649625616947,26.89018590430828],[86.305028290173,26.890794974130205],[86.30426945516194,26.891215604889915],[86.30359065208137,26.89179015573654],[86.30324352742701,26.891991593788205],[86.30298449716918,26.892098690175175],[86.30266206806355,26.892185093694522],[86.3021271855507,26.892265998064897],[86.30127531171814,26.892261818901986],[86.30076081209528,26.892363103915912],[86.30048033614005,26.89247007539933],[86.3002820784241,26.89267451284215],[86.30008150948397,26.89295565961673],[86.29983261194155,26.893410420597643],[86.29959346325562,26.8935559655423],[86.29925227638236,26.89356559741537],[86.29865824585653,26.893492582144695],[86.29764399628304,26.89323482919556],[86.29713793421337,26.893067597952026],[86.29629162286052,26.89288955459869],[86.29595199775221,26.89284266948307],[86.29518584251613,26.892820921443153],[86.29477488256327,26.893019733673217],[86.29444814011961,26.89324155215042],[86.29418829741743,26.89336884186367],[86.29375639139421,26.89354727450755],[86.29306733001299,26.893776411409668],[86.29285268947707,26.893829553591996],[86.29255083048947,26.893936400679298],[86.29173553523316,26.894124151501806],[86.2915427145798,26.894157101572745],[86.29049539565194,26.894262455753214],[86.29030207521586,26.89427727422643],[86.2901531458468,26.8942900919728],[86.29008881023577,26.89430778532718],[86.28998139631696,26.894323103985503],[86.28955236564937,26.894388627587873],[86.28852686615633,26.894417396695154],[86.28793114741626,26.894362449197818],[86.28742189739624,26.894271865124512],[86.28695866283437,26.894066371723646],[86.28679003729395,26.894004605489688],[86.28660046754584,26.893922396072234],[86.28653781899266,26.893883697705448],[86.28647510798459,26.893842748517656],[86.28588726404678,26.89353954102682],[86.28512616998258,26.893307730453323],[86.2842003888079,26.892899057964566],[86.28378141996427,26.892657616549172],[86.28340659186861,26.892360032390908],[86.28315437357517,26.89223687450181],[86.2826458738596,26.892128284724745],[86.28170053052592,26.892313099077256],[86.28110099910693,26.892373185677002],[86.28058824953804,26.892395447085413],[86.27982046890095,26.892375761541167],[86.27939506252645,26.892323939000526],[86.27812740594156,26.891924709058973],[86.27728378120929,26.891613439111897],[86.27703156249288,26.891492531611245],[86.27669287542173,26.8914072602167],[86.27618643693445,26.89121958511417],[86.27585037514632,26.8910576028986],[86.27551218739674,26.890952013562085],[86.27449531212393,26.89071432867568],[86.27364381298797,26.89065131941647],[86.2733872822337,26.89066351316663],[86.27313268844607,26.890617064834025],[86.2727940003819,26.890531792842452],[86.27220540695608,26.890246652436954],[86.27201783664287,26.89010798933307],[86.27166276615479,26.889869172393425],[86.27155847724448,26.889789587613883],[86.27095750053078,26.889235744067445],[86.27064888264263,26.88888201790583],[86.27044492976866,26.888589809209417],[86.27002114012974,26.88783140327329],[86.26958927970081,26.886671192230793],[86.26918887321864,26.8858542692704],[86.2685633882655,26.88539732849229],[86.26822788811062,26.88521502867776],[86.26797448220704,26.88513244444794],[86.26755051315808,26.885044485379566],[86.26712423203945,26.885030986054563],[86.26669951368041,26.88496109523349],[86.26593617063436,26.884805932377304],[86.26517476413939,26.88459431581377],[86.26483920173506,26.884411952593315],[86.26452783392772,26.884134999870668],[86.26422315399708,26.88366836594124],[86.26367232026804,26.883058317039502],[86.26352995574437,26.883025996743605],[86.26323371956514,26.882857387601263],[86.26279286727961,26.882563931403528],[86.26165525725622,26.881991462178036],[86.26108535827873,26.88175371083917],[86.25950358283961,26.881061523363897],[86.25887022344271,26.880803142201557],[86.25855354368464,26.88068411037314],[86.25810950433363,26.880544073192674],[86.25792049635041,26.880425727861848],[86.25779507411998,26.880309945275048],[86.25771316724118,26.880135707498813],[86.25767352552602,26.8799819751468],[86.2577021564626,26.87959842465219],[86.25766226439346,26.879444692672998],[86.25749813798353,26.879136854085665],[86.25691729131574,26.878361819567726],[86.25662349389283,26.878148135054474],[86.25627054623469,26.87770157021367],[86.25595686513586,26.877408737066215],[86.25576698262907,26.87733102935263],[86.25519320960102,26.877303152116227],[86.2550029517834,26.877243448690006],[86.25481394351414,26.877125103259214],[86.2541820211536,26.876810267674276],[86.25367595821439,26.876572827480196],[86.25291717691154,26.87621673124255],[86.25253797286155,26.87602061507214],[86.25196619972223,26.875897959914166],[86.25120823053541,26.875503476705063],[86.25101953458183,26.875348933460966],[86.25097858044111,26.87527197351183],[86.25090410908959,26.87471406022224],[86.25066057490447,26.87409875712836],[86.2503305721062,26.87355753912602],[86.24989196854747,26.873128604705936],[86.24945130391367,26.872817018565538],[86.24878311378973,26.87217471111965],[86.24861999068607,26.872049739217587],[86.24857366022742,26.872013228482757],[86.24832375524932,26.871930707131405],[86.24801538954767,26.87165144057283],[86.24795186535971,26.87159917610087],[86.24783944910813,26.87155122551276],[86.24721422163276,26.871665265387406],[86.24631364779749,26.872048762039828],[86.2449715361571,26.872409568789045],[86.24323103467826,26.8732016316434],[86.24237179318894,26.873957737145822],[86.2420316082063,26.874143232726052],[86.24177164135924,26.874349545872505],[86.24061785962711,26.875573667510476],[86.23986497268933,26.876641738526],[86.23955273733975,26.87689737943026],[86.23902899072564,26.877531133363338],[86.23831011257224,26.87826991963062],[86.23764725578228,26.879101545512704],[86.23628089748021,26.88042826168254],[86.23568956551608,26.88113847614041],[86.23519057749343,26.88170002121292],[86.2351705713496,26.88176985406349],[86.23512449356076,26.8819321524248],[86.23521834450644,26.882205794500273],[86.23520934327864,26.882420232331267],[86.23514588375055,26.8824965677099],[86.23439230024283,26.882806291697147],[86.2336852927156,26.882897262485614],[86.23350053903735,26.88300235807858],[86.23330903157523,26.88303068046671],[86.23328489848437,26.883057626200436],[86.23288256874663,26.88351145112837],[86.2321953252907,26.884067496050026],[86.2318510809505,26.884575774313614],[86.23142080196402,26.884873678429784],[86.23103585539987,26.8854065883478],[86.23059601055378,26.885668294912545],[86.23020087456018,26.886359126572504],[86.22990877155736,26.886698354156305],[86.22924334766041,26.887232018089776],[86.22891248500989,26.88785770500672],[86.22864714168352,26.88819486938116],[86.22840974553218,26.888396743037283],[86.22760545421825,26.88862481786006],[86.22694915569089,26.888973427094417],[86.22572146208535,26.8894046284982],[86.22516757313818,26.889498662059022],[86.22466664149441,26.88958394215408],[86.22430876386213,26.889825766958896],[86.22385228497198,26.8898977925229],[86.22182259903529,26.889385536979894],[86.21990339929495,26.88955329302979],[86.21934076125824,26.88996329404675],[86.21903933970854,26.890090334828738],[86.21856454123608,26.89007864826959],[86.21801396690898,26.89024945431096],[86.21749809760811,26.89076573592258],[86.21719492595423,26.890919847231313],[86.21583655918015,26.891307349607953],[86.21534375795225,26.89162063398552],[86.2150312100168,26.891905595816663],[86.21475948723743,26.892019193670745],[86.21427299761639,26.892102285784713],[86.21389048483462,26.89226271162072],[86.21359619287583,26.892502597487464],[86.21234999663879,26.89327665012293],[86.21071203166547,26.893992126765706],[86.21063956761088,26.89405270731507],[86.21040179578779,26.894254518697338],[86.20987385504353,26.89441863533228],[86.20968866440025,26.894575620511972],[86.20874476282508,26.89504432971956],[86.20731793408909,26.895532987328778],[86.20693860925707,26.89559632241481],[86.20611881117469,26.895733933626847],[86.2057639945417,26.895840280798303],[86.20539167514399,26.896156502228365],[86.20416122782508,26.896375328763085],[86.20306614559289,26.896854480577176],[86.20220877585615,26.89731700024254],[86.20199688584961,26.89737439400118],[86.2018645243053,26.897310439124254],[86.20149263371474,26.89689982210476],[86.20130306374584,26.896824239251977],[86.20119589933567,26.89684168292183],[86.20111962254202,26.89690670299205],[86.20099726800842,26.89716559292904],[86.2008933623529,26.897715817527263],[86.20075425394596,26.898121312980138],[86.20011196902762,26.89917412900304],[86.19954701960128,26.89973073506203],[86.19932331682364,26.900034201189534],[86.19842480500432,26.90043764128466],[86.19636011545973,26.90067423118021],[86.19605075419688,26.90076957505651],[86.19584242993315,26.900982826908763],[86.19568331719002,26.90158919447],[86.19550531714025,26.90179119273726],[86.19505346469857,26.901829333604258],[86.19469226893139,26.901766318712024],[86.1935701108093,26.901924751707746],[86.19333802674502,26.9019866466959],[86.19242494752096,26.902394525902135],[86.19190113219737,26.902499874477847],[86.19155250483767,26.90249112483249],[86.1907198843363,26.90220423638569],[86.19017074572288,26.902192051449962],[86.18960610314961,26.90233553599835],[86.18836033426552,26.90225846355674],[86.1879947649339,26.902412075213075],[86.18782595595492,26.90260300716713],[86.18776481233593,26.902925415602535],[86.18813964686086,26.903731148436016],[86.1881994865322,26.904112947477888],[86.18805993814979,26.90434920546894],[86.18778465070521,26.904383718471728],[86.18765004011907,26.904498065444553],[86.18756782597629,26.904822724003143],[86.18759603444164,26.905673786277795],[86.18754208579278,26.906352986402265],[86.18741172968485,26.906674957419185],[86.18724986051733,26.906904276409144],[86.18645189102568,26.907719086021924],[86.1856743009415,26.908263128475326],[86.18527246853174,26.908432369747295],[86.18469288271528,26.908528341174506],[86.18405183547364,26.908484084332322],[86.18349581766562,26.908291220574306],[86.18319188831919,26.907878727676113],[86.1826873868548,26.907528129812448],[86.18203464564927,26.907316698470687],[86.18103496702277,26.90726575661893],[86.18007367900415,26.9073662952315],[86.17945708308253,26.907721655458925],[86.17941381751837,26.90774622584544],[86.17893833545466,26.908122716161746],[86.17840890048983,26.90883061709756],[86.17799951416288,26.90990724955161],[86.17762719937915,26.91064315638373],[86.17707813256602,26.91140519867266],[86.17685824665044,26.91195017287681],[86.1765208184013,26.91256441897218],[86.1765082563188,26.912997733731864],[86.17621034721245,26.91401403568009],[86.17567065898363,26.914694865634488],[86.17488038443503,26.915902415315298],[86.17453657260903,26.916047086389383],[86.17351132481258,26.91618332438237],[86.17293955517385,26.91642377511611],[86.17181952913545,26.917123742187144],[86.17145115009704,26.917527926490536],[86.17098860953348,26.917854776827426],[86.17034250078669,26.91805415475511],[86.17011954627134,26.91824471239198],[86.17010397897342,26.918307794098084],[86.1697302986131,26.919826993211778],[86.16962808730997,26.920934694509562],[86.16955618953573,26.921220966819643],[86.16945102740266,26.921339940543433],[86.16908295596777,26.92139652292766],[86.1684545383522,26.921404094540062],[86.16739940586827,26.921713820042992],[86.16619152983407,26.921943837323134],[86.16535396945149,26.921674766146566],[86.16525680921643,26.921662951135325],[86.16493537880889,26.92162719396943],[86.16457462164297,26.921667959433748],[86.16408175962817,26.922089401020504],[86.16384179741463,26.922189557530785],[86.16328784410172,26.922136610337265],[86.16275733635575,26.921982256890686],[86.16214930088839,26.9219696349172],[86.16170213912348,26.922118244974815],[86.161228720959,26.922542061370212],[86.16057030421935,26.92346815218221],[86.16035647762564,26.923651958656514],[86.15996977682268,26.92391604036411],[86.15936287082876,26.92414261280241],[86.15852875811827,26.924598129569585],[86.15835775949027,26.924737171490918],[86.15783369860841,26.925158362797543],[86.15728294617999,26.92616403907326],[86.15693744949965,26.92652764872231],[86.15685492149753,26.92670095049798],[86.15692076280583,26.927121198482137],[86.15712121561879,26.927458732610486],[86.1584145150204,26.92856116949734],[86.15864354171808,26.92900267177821],[86.15874439794165,26.929585654153154],[86.15870357400303,26.92987886613876],[86.15830974896349,26.930422779328214],[86.15760543862585,26.931201827001203],[86.1573335329615,26.931703602150098],[86.15735080157478,26.93277360432144],[86.15717737486412,26.933700314806046],[86.157169687538,26.93396889442694],[86.15720070191792,26.934251227030103],[86.15774472967868,26.935561355953002],[86.15793118146301,26.93623061292669],[86.15802060086492,26.9372040228666],[86.15815627863128,26.937464410862667],[86.15842044106466,26.937718795233433],[86.15840693530643,26.937666780420983],[86.15892127531787,26.934699341864196],[86.1592010568471,26.934026078820423],[86.15946139871788,26.933727363141546],[86.16032908698934,26.933418764635245],[86.16085346264909,26.933132925478187],[86.16118920907834,26.933026640576525],[86.16256320960385,26.932833883264884],[86.16304944778803,26.93259974742539],[86.16337887993055,26.93253391175575],[86.16412120984923,26.93223362868788],[86.16525699402217,26.931680518458315],[86.16588415628333,26.931329846559102],[86.16686263453956,26.930888644453187],[86.16726759169623,26.93065175871685],[86.16880101525777,26.929575052414677],[86.17201366781788,26.92769328097488],[86.17292786696645,26.92686796676843],[86.175041121106,26.925338559988834],[86.17575818823288,26.924735563016117],[86.17628487631949,26.924293928214695],[86.17645881252463,26.924091805006913],[86.17747129631685,26.923206097191528],[86.17830447160182,26.92277752547269],[86.17886092225308,26.92256633257194],[86.17947382966739,26.922210972959046],[86.18023953881494,26.921533703562915],[86.18101062283753,26.920635244775184],[86.18217390015414,26.918811384931672],[86.18258560957753,26.918461591193868],[86.1829470522316,26.91827859640696],[86.18341403413046,26.918161681795997],[86.18373496072506,26.91795811953314],[86.18413472700409,26.917524738067492],[86.18463108769642,26.91686397662218],[86.18513726846578,26.91645835262533],[86.18600363711761,26.915607843711847],[86.18780240278994,26.914207352996378],[86.18977104689688,26.913085503640723],[86.19069156618596,26.912698005836724],[86.19157344574931,26.912262869212437],[86.19222411875931,26.91203179506059],[86.19289348696017,26.91191825540254],[86.19443117635124,26.912116610535378],[86.19533557460407,26.9124603276344],[86.19658634668693,26.91268863201513],[86.19771757356163,26.912688307930086],[86.19923625603714,26.91286840811294],[86.20036736173984,26.91320212036376],[86.20091843875373,26.913257130398065],[86.2013786652571,26.912930154762236],[86.2017522975579,26.91256885827664],[86.20214593894062,26.912316029775653],[86.20234175748763,26.912095900423587],[86.20322081099084,26.91060651676349],[86.20347076977879,26.910018779575545],[86.20397093843943,26.90884105371336],[86.20464417119834,26.907799741501947],[86.20496866253997,26.907627750378015],[86.20578208446331,26.907510394967726],[86.20658875125264,26.907291447138817],[86.20693862885608,26.907264060588712],[86.20781244735146,26.90719897022745],[86.20843148512117,26.907073802432716],[86.20888777741857,26.907085363938283],[86.21046834865429,26.906588577163866],[86.21192619027845,26.906233270867286],[86.2127104716383,26.905829019324745],[86.21378185993514,26.90554380003464],[86.21461491065472,26.905194001728834],[86.21556925234515,26.904587501182398],[86.21685890403282,26.903962679588503],[86.2171540691133,26.903605383994947],[86.21735387918251,26.902507247126483],[86.21736886902423,26.901286138860602],[86.21728951897279,26.900561114313376],[86.21755610923883,26.90005246192939],[86.21820558671742,26.899241154651058],[86.21875146347413,26.898348011964462],[86.21906169678016,26.897990841578714],[86.21984578961272,26.89746924312507],[86.22098131864692,26.896579345422875],[86.221570843857,26.896298069309587],[86.22195973441032,26.89622129318983],[86.22239808398965,26.896316253753394],[86.22282436675053,26.89651943465003],[86.22287019625274,26.896542315910057],[86.22338488732697,26.896703107981452],[86.2238568758298,26.896990124974387],[86.22420381931946,26.89729677409905],[86.22458809117063,26.897806731963676],[86.22500669338268,26.898770636202922],[86.2250284023157,26.899840699991778],[86.2249218718059,26.900519525606303],[86.22441570648645,26.902105870940176],[86.22432430089118,26.902299491303687],[86.2242841625644,26.902412149554177],[86.22428235037354,26.902493361461826],[86.22423865041071,26.902764003793],[86.22361344001781,26.904221063167952],[86.22350234920148,26.905240738650093],[86.22307633933615,26.90687716044667],[86.2231227456269,26.90801280576383],[86.22334677068253,26.908533206555937],[86.22370691032906,26.90916945231287],[86.22486353494271,26.91024125481949],[86.22492156203239,26.910690761779897],[86.22490631220568,26.911216603518817],[86.22516553637482,26.911563390747983],[86.22548740613448,26.91171636941945],[86.22618797622125,26.911772128418356],[86.22626181537113,26.911795072314124],[86.22640868200129,26.911818452458068],[86.22684609264144,26.91182532507821],[86.226857096351,26.91182313680969],[86.22742780412987,26.91177211596749],[86.22799495030372,26.911822688253928],[86.22838040253697,26.91174566144379],[86.2296278589269,26.91177503224601],[86.23115966782578,26.911656981942876],[86.23423360014849,26.911319226947835],[86.23525359565402,26.911101215248742],[86.23590452244198,26.911138594277485],[86.23648560894793,26.911076257684144],[86.23708145132788,26.911079502548667],[86.23808069398476,26.911233850537744],[86.2385730005405,26.911371886270484],[86.23884347746964,26.911542683220002],[86.23923650006766,26.91188790554312],[86.23984147580374,26.912218434710397],[86.24039411819504,26.912420050533317],[86.2410522347707,26.912516134079095],[86.24173573703533,26.912725188983462],[86.24276937213128,26.91325214557741],[86.24293312061945,26.913381681716828],[86.24312688356694,26.91368970756684],[86.24332464823908,26.914051811903803],[86.24360119403521,26.914687683358522],[86.24429878242397,26.916291772092748],[86.24456658548974,26.917674675736627],[86.24527787168289,26.91972802190569],[86.24573280059604,26.920716869450327],[86.24644763946279,26.921862886649762],[86.24672831216975,26.92245349474149],[86.24692488654483,26.922668993189525],[86.24722212178813,26.92283985269115],[86.24748277955999,26.922791586351806],[86.24753179743672,26.922762514753682],[86.24857648969797,26.9226258389832],[86.24862069313004,26.922608020842976],[86.24911530926809,26.922407456188875],[86.24944011332275,26.92222408731493],[86.24989877572358,26.921833780322743],[86.25025033737457,26.92145866647483],[86.25081585179558,26.921050853010186],[86.25136710782353,26.92041266075244],[86.25215032412481,26.91983673367798],[86.2527327221969,26.919584716268044],[86.25337989223108,26.91929468703896],[86.25415010982739,26.919161014846118],[86.25447085185289,26.919110808710755],[86.25479040564093,26.919101178098465],[86.25517267119605,26.91913030747043],[86.2557041160858,26.91916243700243],[86.25631859168355,26.91925595817206],[86.257145333144,26.91937317132151],[86.2574402553176,26.919476261197378],[86.25750296590574,26.919514959464436],[86.2578152081451,26.919753589028897],[86.25831558349049,26.9201128765425],[86.25868941109181,26.920428590179814],[86.25898264557877,26.920590384600704],[86.2595635519828,26.92110359177706],[86.25995232665738,26.92163155546089],[86.26023431151201,26.92217702544085],[86.26038193745397,26.922947500016896],[86.26042771232211,26.923563992904757],[86.26062623701834,26.924736522355484],[86.26066287859021,26.924951148116776],[86.26071928640256,26.92587241781567],[86.2606665296956,26.926867585848637],[86.26059075634448,26.92724869784755],[86.26045339710882,26.927552726681743],[86.26041770312763,26.92801298689159],[86.26048598431458,26.92855058176501],[86.26063442314023,26.929244346610623],[86.26073090824781,26.93024482621723],[86.26086546399358,26.930708274058123],[86.2611084946441,26.93109776075024],[86.2613470266574,26.931640792822645],[86.26163288576224,26.932030528886933],[86.26210056612547,26.93273266771479],[86.2625083472487,26.933299142105696],[86.26265196492302,26.933475942635642],[86.26292194141108,26.933694067048204],[86.26356074661727,26.934363257050478],[86.26405705856259,26.934835327257836],[86.26549109786407,26.935946576560617],[86.26662020735043,26.936607071469183],[86.26718316808397,26.936986927220417],[86.26806274531977,26.93744967934518],[86.26875625252421,26.937735443103808],[86.26955311195468,26.938120985479998],[86.27051672095403,26.938624810978386],[86.270831150422,26.9387867927223],[86.27133621304573,26.938972154832307],[86.27203340714745,26.939142760031483],[86.27266864158197,26.939256662539023],[86.27355559357521,26.939489158510458],[86.27387171151017,26.93959231081734],[86.27431074970507,26.93985419566335],[86.27469126532856,26.939939654054747],[86.27553563968966,26.940171963454663],[86.27648267858204,26.940522181751387],[86.27736294346631,26.94096686596703],[86.27880341961657,26.941886121147025],[86.2791349824862,26.942183516908894],[86.27936056840709,26.942457782593017],[86.27946223328192,26.942611764483114],[86.27970057687493,26.94315473365896],[86.27986257764226,26.943428687872576],[86.27999006128367,26.94343162481982],[86.28037438972288,26.943401924590837],[86.28147172354652,26.943028303198354],[86.28225069059734,26.942625927859428],[86.28302990808297,26.942225864776205],[86.28400338343393,26.941731896418155],[86.28434794544035,26.941607231548787],[86.28461035121477,26.94138278762844],[86.28467943619968,26.9412138623768],[86.28478609144177,26.94052597245965],[86.28497609042742,26.939897160163166],[86.28505423805845,26.93943933760267],[86.28539829116806,26.938641974982684],[86.28572890807402,26.938286992281864],[86.28682285807432,26.937337702756597],[86.2874685824626,26.93643349264221],[86.28782145652477,26.93604024916499],[86.2879563160507,26.935812931023552],[86.28814275235686,26.9353014657201],[86.28826854027511,26.934672342313114],[86.28843359399636,26.93415856509346],[86.28852406246575,26.93398732624282],[86.28880446773543,26.933189776412284],[86.28897308370159,26.932560840481628],[86.28959597891448,26.931024507908234],[86.29030265731977,26.92966235014603],[86.2904592721518,26.929281674791554],[86.29030246639238,26.929384706155254],[86.29026326426137,26.92941158942594],[86.29013390598584,26.92946516948584],[86.29000404698702,26.929539004730298],[86.28962310226022,26.930144248886226],[86.28953650864084,26.93019801544387],[86.28940827520935,26.93021545951504],[86.28928285328402,26.930133561488486],[86.28885237595493,26.92960541126904],[86.2887690322857,26.929546331924186],[86.28859828212074,26.929561276173988],[86.28825178270306,26.929744645969393],[86.28804051754486,26.92970063488435],[86.28791622097646,26.929582664244712],[86.28785744730257,26.929426619220678],[86.28775503300491,26.92929070574201],[86.28744566588674,26.92897536609102],[86.28710747857095,26.928890157332244],[86.28700025249357,26.928925731087215],[86.28693160362475,26.92907658885328],[86.28690190918478,26.929345105416548],[86.28685701869269,26.92942162765791],[86.28681262805125,26.929477832313797],[86.28666419907202,26.92945451512245],[86.28660180058799,26.92941356562859],[86.28639803475326,26.929121357559055],[86.28603783051676,26.928383644547306],[86.28580836953759,26.92822447524484],[86.28555152672209,26.92827511777474],[86.28507323024444,26.92858871487381],[86.2849021052496,26.928621725580562],[86.28468977733037,26.928598096483647],[86.28443999610148,26.928418483609182],[86.28429819153449,26.92818529194267],[86.2841997145179,26.927934219275723],[86.28411705881618,26.927854758593295],[86.28403259005184,26.92783406618597],[86.28383920714853,26.927887271026943],[86.28370791111581,26.927997179696188],[86.28361744277822,26.928168293847058],[86.28355266911831,26.928204054403125],[86.28304091992038,26.928230817802515],[86.2827186782814,26.92831722204532],[86.28164698473127,26.929230500684145],[86.28132218096192,26.929413933179397],[86.28089077577201,26.929592364623016],[86.28037821371717,26.929637133578264],[86.27970015240253,26.9295434255952],[86.27893674640339,26.929446967090726],[86.27859974683821,26.929323371955782],[86.27834452839761,26.929317497990404],[86.2781515207701,26.929370765901393],[86.27786885720184,26.929554447255526],[86.27760532649093,26.929814901811834],[86.27747040546703,26.930042219952753],[86.27711553062764,26.93049410620367],[86.27693334459993,26.93087234443569],[86.27677741467798,26.931097348909038],[86.27636183042806,26.931451894872843],[86.27618989290882,26.93150516291719],[86.27601914328653,26.931520106554455],[86.27583019823578,26.931437896248042],[86.27557179197973,26.931526863109145],[86.27540222923443,26.931503420437814],[86.27490004201478,26.931223156000648],[86.27453903462998,26.93119427626673],[86.27431282419523,26.930938015487296],[86.27422829286073,26.930917260477],[86.27380113682928,26.93096471609312],[86.27337191889706,26.931068626087065],[86.27276857659008,26.93130257591399],[86.27242638866029,26.93135046852193],[86.27221399854655,26.931344844313188],[86.27177845984801,26.93097017597649],[86.27160326365825,26.930447837006106],[86.2716103257464,26.930217644413993],[86.27179338789708,26.9298190253736],[86.27205929294362,26.929481799038655],[86.2724336124099,26.929088742086236],[86.27252926791945,26.928746077606448],[86.27246980773495,26.928610351201517],[86.27209766630409,26.928256313626385],[86.27161736208826,26.92795591727434],[86.27143185446728,26.927758549369813],[86.27042516710068,26.927272604366223],[86.26994436215206,26.926992464493303],[86.2696144252469,26.926658932248603],[86.2696219877121,26.92640842090179],[86.26963892364816,26.92587351425338],[86.26973108022942,26.925643758068226],[86.2700434382892,26.925191684355813],[86.27043826429369,26.92473773476249],[86.27059525695287,26.92455568022377],[86.27116308388463,26.92407103206207],[86.2711658955961,26.923974002811057],[86.27110437277052,26.923896919021605],[86.2707723093295,26.92359952272719],[86.27040173065595,26.92316871220954],[86.27006948041429,26.92289163389467],[86.26990485565103,26.9226943909435],[86.26963950383433,26.922304779009448],[86.26956134660605,26.922071898645974],[86.269591667151,26.921765058503677],[86.26974734589835,26.921540115356795],[86.2700093765787,26.92131573476224],[86.27033343038953,26.921152621234775],[86.27050930466297,26.920963938816538],[86.27055463280489,26.920869348370267],[86.27056144421019,26.9206391550237],[86.2704829754306,26.920406275666103],[86.27029803013785,26.92019083855449],[86.26973613108599,26.91975459206913],[86.26954724814293,26.919654314173446],[86.26923613099623,26.919377298208072],[86.26903067820126,26.919123413919134],[86.26895089669625,26.91894692483277],[86.26889587213604,26.918639647789647],[86.26875625493128,26.91832968333843],[86.26852848065745,26.918111809125275],[86.26789987171131,26.917770028041353],[86.26676157530893,26.917393928948105],[86.2665096069366,26.917272958688038],[86.26569573945052,26.91671574091113],[86.26544852097534,26.91643909941514],[86.26519892674163,26.91624141929989],[86.26493269962678,26.915887880500115],[86.26474625442135,26.91571083039798],[86.26382234897619,26.915283964757155],[86.26343933287204,26.915275216193567],[86.26312377871261,26.915151683526588],[86.26250248182451,26.914559265796903],[86.26259226205568,26.91440853253392],[86.26359848422534,26.912765915177427],[86.26426609119072,26.911785245560072],[86.26460301909769,26.91117975142917],[86.2649960957192,26.910843211029935],[86.26542718935795,26.910662591355884],[86.26602140666942,26.91071760128463],[86.26644287554096,26.910862015024417],[86.26669484414307,26.91098298525607],[86.26855421814095,26.911453041516616],[86.26906390446567,26.91148498306275],[86.27018675491922,26.91166908854204],[86.27075665336966,26.911836819363888],[86.2713464340607,26.912042998404345],[86.27210646485368,26.912254552449188],[86.2723584339248,26.912377773835427],[86.27303274529567,26.91260470868947],[86.27345465162489,26.91273099159185],[86.27421468236321,26.912942545578375],[86.27480808751014,26.913035879212185],[86.27556886916955,26.913227114789205],[86.27616146164388,26.913338517105732],[86.27641630502094,26.913364646486052],[86.27726249235785,26.913538251841263],[86.27768796007445,26.913549437910216],[86.27896292750047,26.913621383429632],[86.2794743651097,26.913635257498008],[86.27987820079875,26.913684767685105],[86.28043534167571,26.91362436946996],[86.28058689613259,26.913550658252465],[86.28058214557979,26.91370414112776],[86.28057045912936,26.914067497775154],[86.28048781060018,26.914640479507646],[86.28047518684062,26.915042159920723],[86.28064907993765,26.9163702980121],[86.28092669068256,26.917069125569967],[86.28110801138203,26.91741772570123],[86.28149359826102,26.918060785762588],[86.28173850483999,26.918414136500726],[86.28217179454283,26.918885833181438],[86.28315748258517,26.92011881025663],[86.283528498679,26.92053149007652],[86.284272968199,26.921280139215536],[86.28480867234977,26.921887812730727],[86.28571989186953,26.922756933103344],[86.28598736859557,26.923069772152385],[86.28648668133386,26.923467320923837],[86.28671370471613,26.923703200305503],[86.28741972098018,26.92431624835912],[86.28785938711752,26.92473605467556],[86.28822677634929,26.9250854654975],[86.28855521386535,26.92547538924247],[86.28942710441535,26.92618852727619],[86.29030249796013,26.92700332018741],[86.29031662856505,26.92701688651217],[86.29069276879399,26.927276145774343],[86.29079749612397,26.927335349396163],[86.29101294845405,26.92726420166647],[86.29153063635451,26.92708626892757],[86.29231254116071,26.926645443588846],[86.29287855550606,26.92623969380785],[86.29333328154894,26.926004932853402],[86.29436602932391,26.925669198433102],[86.29494423968258,26.92557053862771],[86.29545661501643,26.925545963410595],[86.29590309068782,26.925577530612596],[86.29711953520078,26.925515812453273],[86.29782191767264,26.925555441770083],[86.29858944788609,26.92553667808635],[86.29968090803676,26.92537730736766],[86.30019246939136,26.925370800303945],[86.30054559910984,26.92538154956423],[86.3006611418795,26.925384424452673],[86.3010425320707,26.925451752996686],[86.30225691360212,26.925466744596275],[86.30263955364852,26.925495811405504],[86.30347098270255,26.92548173622743],[86.30366386595037,26.92544884960609],[86.30436637334137,26.925468097817824],[86.30513146642541,26.925546300201482],[86.30621730197853,26.925576485064102],[86.30711500343276,26.925486073938554],[86.30781913613836,26.925448868385203],[86.30820252569393,26.92545742967741],[86.30884300995658,26.925417723461507],[86.30974071171573,26.925329563764983],[86.31114722650435,26.925329610962898],[86.31172387494613,26.92528728052582],[86.31255999071463,26.925119784865963],[86.31326368533958,26.92510064672486],[86.31366770824381,26.925131964284418],[86.31373160695878,26.925132276385735],[86.31379550532652,26.925134838428164],[86.3139233024249,26.925137713357767],[86.31443248907088,26.925210103909638],[86.31519845768928,26.92524991990816],[86.31558109771794,26.925278862075672],[86.31653313714259,26.92551598406122],[86.31755163674839,26.925658515515828],[86.31786712844614,26.92580005347469],[86.3186303474337,26.925936898539796],[86.31914072155185,26.925968715040327],[86.32022149497413,26.92617026241617],[86.32098671244626,26.926230334667217],[86.32175268115357,26.926270150664106],[86.32328774206886,26.92625488023341],[86.32444028835668,26.92619041201544],[86.32501612346543,26.926168337093053],[86.32584792747484,26.92615426156803],[86.32680484066957,26.926217457117897],[86.32712433349306,26.926225768822494],[86.32807849712263,26.926386055774095],[86.32903422259494,26.926489889200475],[86.32960412070197,26.926677687570233],[86.32985621541702,26.926798533128352],[86.33106084769993,26.927138244877415],[86.33198450300361,26.927508281380966],[86.33213462137721,26.927567672381667],[86.33289365152994,26.92777891415867],[86.33346436126435,26.92789000328972],[86.33391227534982,26.92784467256821],[86.33429785234765,26.92774038791202],[86.3346849915244,26.927597779476027],[86.33513934215337,26.927360579582775],[86.33567784931908,26.92716451694095]]]}},{"type":"Feature","properties":{"province":"Koshi Province","district":"Udayapur","municipality":"Katari Municipality","ward":"2","wardNumber":2,"sourceMunicipality":"Katari","sourceType":"Nagarpalika"},"geometry":{"type":"Polygon","coordinates":[[[86.33567784931908,26.92716451694095],[86.33513934215337,26.927360579582775],[86.3346849915244,26.927597779476027],[86.33429785234765,26.92774038791202],[86.33391227534982,26.92784467256821],[86.33346436126435,26.92789000328972],[86.33289365152994,26.92777891415867],[86.33213462137721,26.927567672381667],[86.33198450300361,26.927508281380966],[86.33106084769993,26.927138244877415],[86.32985621541702,26.926798533128352],[86.32960412070197,26.926677687570233],[86.32903422259494,26.926489889200475],[86.32807849712263,26.926386055774095],[86.32712433349306,26.926225768822494],[86.32680484066957,26.926217457117897],[86.32584792747484,26.92615426156803],[86.32501612346543,26.926168337093053],[86.32444028835668,26.92619041201544],[86.32328774206886,26.92625488023341],[86.32175268115357,26.926270150664106],[86.32098671244626,26.926230334667217],[86.32022149497413,26.92617026241617],[86.31914072155185,26.925968715040327],[86.3186303474337,26.925936898539796],[86.31786712844614,26.92580005347469],[86.31755163674839,26.925658515515828],[86.31653313714259,26.92551598406122],[86.31558109771794,26.925278862075672],[86.31519845768928,26.92524991990816],[86.31443248907088,26.925210103909638],[86.3139233024249,26.925137713357767],[86.31379550532652,26.925134838428164],[86.31373160695878,26.925132276385735],[86.31366770824381,26.925131964284418],[86.31326368533958,26.92510064672486],[86.31255999071463,26.925119784865963],[86.31172387494613,26.92528728052582],[86.31114722650435,26.925329610962898],[86.30974071171573,26.925329563764983],[86.30884300995658,26.925417723461507],[86.30820252569393,26.92545742967741],[86.30781913613836,26.925448868385203],[86.30711500343276,26.925486073938554],[86.30621730197853,26.925576485064102],[86.30513146642541,26.925546300201482],[86.30436637334137,26.925468097817824],[86.30366386595037,26.92544884960609],[86.30347098270255,26.92548173622743],[86.30263955364852,26.925495811405504],[86.30225691360212,26.925466744596275],[86.3010425320707,26.925451752996686],[86.3006611418795,26.925384424452673],[86.30054559910984,26.92538154956423],[86.30019246939136,26.925370800303945],[86.29968090803676,26.92537730736766],[86.29858944788609,26.92553667808635],[86.29782191767264,26.925555441770083],[86.29711953520078,26.925515812453273],[86.29590309068782,26.925577530612596],[86.29545661501643,26.925545963410595],[86.29494423968258,26.92557053862771],[86.29436602932391,26.925669198433102],[86.29333328154894,26.926004932853402],[86.29287855550606,26.92623969380785],[86.29231254116071,26.926645443588846],[86.29153063635451,26.92708626892757],[86.29101294845405,26.92726420166647],[86.29079749612397,26.927335349396163],[86.29069276879399,26.927276145774343],[86.29031662856505,26.92701688651217],[86.29030249796013,26.92700332018741],[86.28942710441535,26.92618852727619],[86.28855521386535,26.92547538924247],[86.28822677634929,26.9250854654975],[86.28785938711752,26.92473605467556],[86.28741972098018,26.92431624835912],[86.28671370471613,26.923703200305503],[86.28648668133386,26.923467320923837],[86.28598736859557,26.923069772152385],[86.28571989186953,26.922756933103344],[86.28480867234977,26.921887812730727],[86.284272968199,26.921280139215536],[86.283528498679,26.92053149007652],[86.28315748258517,26.92011881025663],[86.28217179454283,26.918885833181438],[86.28173850483999,26.918414136500726],[86.28149359826102,26.918060785762588],[86.28110801138203,26.91741772570123],[86.28092669068256,26.917069125569967],[86.28064907993765,26.9163702980121],[86.28047518684062,26.915042159920723],[86.28048781060018,26.914640479507646],[86.28057045912936,26.914067497775154],[86.28058214557979,26.91370414112776],[86.28058689613259,26.913550658252465],[86.28043534167571,26.91362436946996],[86.27987820079875,26.913684767685105],[86.2794743651097,26.913635257498008],[86.27896292750047,26.913621383429632],[86.27768796007445,26.913549437910216],[86.27726249235785,26.913538251841263],[86.27641630502094,26.913364646486052],[86.27616146164388,26.913338517105732],[86.27556886916955,26.913227114789205],[86.27480808751014,26.913035879212185],[86.27421468236321,26.912942545578375],[86.27345465162489,26.91273099159185],[86.27303274529567,26.91260470868947],[86.2723584339248,26.912377773835427],[86.27210646485368,26.912254552449188],[86.2713464340607,26.912042998404345],[86.27075665336966,26.911836819363888],[86.27018675491922,26.91166908854204],[86.26906390446567,26.91148498306275],[86.26855421814095,26.911453041516616],[86.26669484414307,26.91098298525607],[86.26644287554096,26.910862015024417],[86.26602140666942,26.91071760128463],[86.26542718935795,26.910662591355884],[86.2649960957192,26.910843211029935],[86.26460301909769,26.91117975142917],[86.26426609119072,26.911785245560072],[86.26359848422534,26.912765915177427],[86.26259226205568,26.91440853253392],[86.26250248182451,26.914559265796903],[86.26312377871261,26.915151683526588],[86.26343933287204,26.915275216193567],[86.26382234897619,26.915283964757155],[86.26474625442135,26.91571083039798],[86.26493269962678,26.915887880500115],[86.26519892674163,26.91624141929989],[86.26544852097534,26.91643909941514],[86.26569573945052,26.91671574091113],[86.2665096069366,26.917272958688038],[86.26676157530893,26.917393928948105],[86.26789987171131,26.917770028041353],[86.26852848065745,26.918111809125275],[86.26875625493128,26.91832968333843],[86.26889587213604,26.918639647789647],[86.26895089669625,26.91894692483277],[86.26903067820126,26.919123413919134],[86.26923613099623,26.919377298208072],[86.26954724814293,26.919654314173446],[86.26973613108599,26.91975459206913],[86.27029803013785,26.92019083855449],[86.2704829754306,26.920406275666103],[86.27056144421019,26.9206391550237],[86.27055463280489,26.920869348370267],[86.27050930466297,26.920963938816538],[86.27033343038953,26.921152621234775],[86.2700093765787,26.92131573476224],[86.26974734589835,26.921540115356795],[86.269591667151,26.921765058503677],[86.26956134660605,26.922071898645974],[86.26963950383433,26.922304779009448],[86.26990485565103,26.9226943909435],[86.27006948041429,26.92289163389467],[86.27040173065595,26.92316871220954],[86.2707723093295,26.92359952272719],[86.27110437277052,26.923896919021605],[86.2711658955961,26.923974002811057],[86.27116308388463,26.92407103206207],[86.27059525695287,26.92455568022377],[86.27043826429369,26.92473773476249],[86.2700434382892,26.925191684355813],[86.26973108022942,26.925643758068226],[86.26963892364816,26.92587351425338],[86.2696219877121,26.92640842090179],[86.2696144252469,26.926658932248603],[86.26994436215206,26.926992464493303],[86.27042516710068,26.927272604366223],[86.27143185446728,26.927758549369813],[86.27161736208826,26.92795591727434],[86.27209766630409,26.928256313626385],[86.27246980773495,26.928610351201517],[86.27252926791945,26.928746077606448],[86.2724336124099,26.929088742086236],[86.27205929294362,26.929481799038655],[86.27179338789708,26.9298190253736],[86.2716103257464,26.930217644413993],[86.27160326365825,26.930447837006106],[86.27177845984801,26.93097017597649],[86.27221399854655,26.931344844313188],[86.27242638866029,26.93135046852193],[86.27276857659008,26.93130257591399],[86.27337191889706,26.931068626087065],[86.27380113682928,26.93096471609312],[86.27422829286073,26.930917260477],[86.27431282419523,26.930938015487296],[86.27453903462998,26.93119427626673],[86.27490004201478,26.931223156000648],[86.27540222923443,26.931503420437814],[86.27557179197973,26.931526863109145],[86.27583019823578,26.931437896248042],[86.27601914328653,26.931520106554455],[86.27618989290882,26.93150516291719],[86.27636183042806,26.931451894872843],[86.27677741467798,26.931097348909038],[86.27693334459993,26.93087234443569],[86.27711553062764,26.93049410620367],[86.27747040546703,26.930042219952753],[86.27760532649093,26.929814901811834],[86.27786885720184,26.929554447255526],[86.2781515207701,26.929370765901393],[86.27834452839761,26.929317497990404],[86.27859974683821,26.929323371955782],[86.27893674640339,26.929446967090726],[86.27970015240253,26.9295434255952],[86.28037821371717,26.929637133578264],[86.28089077577201,26.929592364623016],[86.28132218096192,26.929413933179397],[86.28164698473127,26.929230500684145],[86.2827186782814,26.92831722204532],[86.28304091992038,26.928230817802515],[86.28355266911831,26.928204054403125],[86.28361744277822,26.928168293847058],[86.28370791111581,26.927997179696188],[86.28383920714853,26.927887271026943],[86.28403259005184,26.92783406618597],[86.28411705881618,26.927854758593295],[86.2841997145179,26.927934219275723],[86.28429819153449,26.92818529194267],[86.28443999610148,26.928418483609182],[86.28468977733037,26.928598096483647],[86.2849021052496,26.928621725580562],[86.28507323024444,26.92858871487381],[86.28555152672209,26.92827511777474],[86.28580836953759,26.92822447524484],[86.28603783051676,26.928383644547306],[86.28639803475326,26.929121357559055],[86.28660180058799,26.92941356562859],[86.28666419907202,26.92945451512245],[86.28681262805125,26.929477832313797],[86.28685701869269,26.92942162765791],[86.28690190918478,26.929345105416548],[86.28693160362475,26.92907658885328],[86.28700025249357,26.928925731087215],[86.28710747857095,26.928890157332244],[86.28744566588674,26.92897536609102],[86.28775503300491,26.92929070574201],[86.28785744730257,26.929426619220678],[86.28791622097646,26.929582664244712],[86.28804051754486,26.92970063488435],[86.28825178270306,26.929744645969393],[86.28859828212074,26.929561276173988],[86.2887690322857,26.929546331924186],[86.28885237595493,26.92960541126904],[86.28928285328402,26.930133561488486],[86.28940827520935,26.93021545951504],[86.28953650864084,26.93019801544387],[86.28962310226022,26.930144248886226],[86.29000404698702,26.929539004730298],[86.29013390598584,26.92946516948584],[86.29026326426137,26.92941158942594],[86.29030246639238,26.929384706155254],[86.2904592721518,26.929281674791554],[86.29030265731977,26.92966235014603],[86.28959597891448,26.931024507908234],[86.28897308370159,26.932560840481628],[86.28880446773543,26.933189776412284],[86.28852406246575,26.93398732624282],[86.28843359399636,26.93415856509346],[86.28826854027511,26.934672342313114],[86.28814275235686,26.9353014657201],[86.2879563160507,26.935812931023552],[86.28782145652477,26.93604024916499],[86.2874685824626,26.93643349264221],[86.28682285807432,26.937337702756597],[86.28572890807402,26.938286992281864],[86.28539829116806,26.938641974982684],[86.28505423805845,26.93943933760267],[86.28497609042742,26.939897160163166],[86.28478609144177,26.94052597245965],[86.28467943619968,26.9412138623768],[86.28461035121477,26.94138278762844],[86.28434794544035,26.941607231548787],[86.28400338343393,26.941731896418155],[86.28302990808297,26.942225864776205],[86.28225069059734,26.942625927859428],[86.28147172354652,26.943028303198354],[86.28037438972288,26.943401924590837],[86.27999006128367,26.94343162481982],[86.27986257764226,26.943428687872576],[86.27990315575435,26.943487579724138],[86.28012592925502,26.943856685991584],[86.28036902289469,26.94424617221753],[86.28056997706176,26.944635409577526],[86.28072097803644,26.945252401914722],[86.28070648754289,26.946401301885608],[86.28056145883785,26.948314740155908],[86.28073865441935,26.94878062542341],[86.28125416283558,26.94931140072936],[86.28141778732656,26.94952671175786],[86.28145867886825,26.94958560422],[86.28170570946014,26.94985999416022],[86.28186620962971,26.95017002163027],[86.28200326502156,26.95055669630343],[86.28205260209705,26.951019706662056],[86.28191768960546,26.951935476459365],[86.28182290876359,26.952239691587177],[86.28179884732609,26.95300704265036],[86.28182473803527,26.953544449488632],[86.28189552032332,26.954005272044647],[86.28198768505071,26.954468469181204],[86.28220777120961,26.954914285794317],[86.28230987244282,26.95505244996402],[86.28276067043696,26.955619049439846],[86.2831514437367,26.956070240206444],[86.28446599818822,26.956927915822],[86.2849086623104,26.957074579393204],[86.28535313880334,26.95716260064896],[86.28631011448488,26.95720579109352],[86.28667224675246,26.957196346923798],[86.28705463753919,26.95722535139991],[86.28741445754838,26.95729036641302],[86.28754150426023,26.957313559915303],[86.28842939452589,26.957527988172075],[86.28885105058204,26.957627137819713],[86.28889444135596,26.957636390117703],[86.2889790969821,26.95765714581065],[86.28961558149301,26.957730347617296],[86.28993213571883,26.957815431981857],[86.2903032722637,26.957837560007277],[86.29050659601774,26.95784987412473],[86.29069979137941,26.957816987619832],[86.29108362020912,26.957825673517874],[86.2921651431746,26.95804328848441],[86.29273472931672,26.958249280843397],[86.2930534095519,26.958296041324484],[86.29375316758036,26.95844845379082],[86.2941325584809,26.95859261713416],[86.29495373862575,26.95895784072964],[86.29571108240515,26.9593024341024],[86.29640459117104,26.95964446396661],[86.2970372636492,26.959891405241667],[86.29747905210903,26.960094522488667],[86.29752106856941,26.960115028073155],[86.29758459152838,26.96013565839318],[86.297962919498,26.960315833158287],[86.29884212390864,26.960875487603854],[86.2995296948779,26.961409387736907],[86.29980010902217,26.961627386489226],[86.29986313295451,26.961668334947884],[86.29994578981184,26.9617454820553],[86.3001323601652,26.96192472005644],[86.30050787613007,26.962201985225185],[86.30151893956602,26.96262910015323],[86.30202612742096,26.962796331455014],[86.30322294804317,26.963418500987945],[86.30431073052007,26.96413713834543],[86.30472713762545,26.96447323292041],[86.3059056468318,26.965691202593224],[86.30678541323478,26.96623047668584],[86.30700405903833,26.966414403761107],[86.30770082128734,26.967000131223237],[86.30836338468737,26.967669257859367],[86.30883912821048,26.96815914659911],[86.30990815317763,26.968798698090588],[86.31028679355506,26.968981122678226],[86.31072514573586,26.9692992737936],[86.31173420935596,26.969803036339652],[86.31230379533076,26.970026971414885],[86.31274408579539,26.970286480425404],[86.31337800724566,26.970494972609373],[86.31433379742569,26.97065307108319],[86.31502930499919,26.97093858571547],[86.31566447722527,26.971106440131337],[86.31604580620986,26.97119408692642],[86.316620204436,26.971264539037023],[86.31695958005379,26.97133168005811],[86.31700209508287,26.971331867534953],[86.31706555603658,26.97135249770781],[86.31724136805119,26.971184009464977],[86.31759324268923,26.970849407265916],[86.3179265466297,26.9704153388359],[86.31811098304536,26.96996026564016],[86.31816081111597,26.969732510890097],[86.3184992396725,26.969126954731724],[86.3192116751205,26.968166540020707],[86.31981538462897,26.967262017891922],[86.32014818779662,26.96684826857869],[86.3203977108624,26.966413825657085],[86.32071175685319,26.965866786356163],[86.32145132494436,26.964734946647738],[86.32160994189307,26.964430980388038],[86.32203895505637,26.96298617713829],[86.32249610914754,26.96199963248667],[86.32278051309046,26.961086799044796],[86.32284678684832,26.961010338552352],[86.32300802853025,26.960631913427203],[86.32343392535532,26.95997252750867],[86.32438232220177,26.958979351318316],[86.32474838292524,26.95814816582023],[86.3247976473061,26.95791815961902],[86.32493450641736,26.957616320123027],[86.32498639603754,26.957311855375053],[86.32515107435248,26.9567821973677],[86.3253612061253,26.95617595485599],[86.32549575197118,26.955950887709548],[86.32611015677108,26.95535564412406],[86.32634905537842,26.955207785855634],[86.32704011656374,26.954901813016583],[86.3273445372926,26.95470012551529],[86.32760688103016,26.954477870664466],[86.32780726234105,26.95419666080832],[86.32791072998661,26.953587730454846],[86.32790972035407,26.9528992165684],[86.32798499296976,26.952520354691604],[86.32839763126073,26.951535935949224],[86.32894069107257,26.950479807539896],[86.32910768214487,26.94987337757704],[86.32912136855683,26.949415243122186],[86.32927397540553,26.948578496158497],[86.32933923951005,26.94781583410282],[86.32940782485586,26.94766497631817],[86.32960088586636,26.946905125857377],[86.3295808681218,26.94613983883093],[86.32946675762199,26.94567657938082],[86.32952533459846,26.945144110437717],[86.3297093337572,26.944689036605595],[86.3298528796403,26.944159255293332],[86.3299897383928,26.943855164597608],[86.33023769776976,26.943404841821447],[86.3305043527166,26.94302916603854],[86.33070979739502,26.94257640600487],[86.33071417177995,26.942422923213993],[86.33053378840863,26.94203612443356],[86.33047895129161,26.94172884691679],[86.33025773947668,26.941283093590055],[86.33016938669338,26.940668727019425],[86.32996029943465,26.939821229940335],[86.32995460264829,26.939286260446128],[86.33004131155361,26.938523723233093],[86.33002924039623,26.938216633357484],[86.33011326245648,26.93753086878841],[86.33016645555655,26.936461116912273],[86.33026748536068,26.935928896694783],[86.33036182840887,26.935626869918508],[86.33062215266919,26.93402771033245],[86.33062915220684,26.933797454774375],[86.3307559397658,26.933114127752063],[86.33080444520036,26.932197920463402],[86.33085833489463,26.931816683529348],[86.33097843529477,26.93136123587035],[86.33100856779626,26.931054395484416],[86.33115673807673,26.93037119369923],[86.33125108099765,26.93006685334514],[86.33125545554942,26.929915621217145],[86.3313005962567,26.92983909834005],[86.33160420437788,26.929657728939006],[86.33179515001598,26.929681171191596],[86.33196346259984,26.929763256133768],[86.33198447044528,26.929767819962393],[86.33246983716822,26.929889788442015],[86.33289630483917,26.929844394935962],[86.33306855420167,26.929772935151142],[86.33361056082232,26.929423388787065],[86.33395537153962,26.929260212701596],[86.33417244962683,26.9291122295496],[86.33458897091306,26.92868528695762],[86.33463417434704,26.92859069666029],[86.33464117358325,26.928360503440164],[86.33468568822207,26.928286231794733],[86.33475233688385,26.928191703180616],[86.33479641438636,26.928135498763893],[86.33488650840073,26.927966634997873],[86.33506344459514,26.92774175529698],[86.33545658467426,26.927425345778296],[86.33550097450524,26.927371329077033],[86.33561120170464,26.927258982745972],[86.33567784931908,26.92716451694095]]]}}]}