{"type":"FeatureCollection","features":[{"type":"Feature","properties":{"province":"Koshi Province","district":"Ilam","municipality":"Phakphokthum Rural Municipality","ward":"6","wardNumber":6,"sourceMunicipality":"Fakphokthum","sourceType":"Gaunpalika"},"geometry":{"type":"Polygon","coordinates":[[[87.81627177833997,26.985369117290443],[87.81638424881014,26.984982502622156],[87.81651216706842,26.984814701113226],[87.81676444355875,26.984691347952634],[87.81797281624198,26.98437060848289],[87.81790891665383,26.984330347258645],[87.81802602027882,26.984237131073563],[87.81807327979331,26.983891465986474],[87.81801412751364,26.983636767378172],[87.81783662031374,26.98339176115272],[87.81760972031674,26.983210211727126],[87.81678941496646,26.982914826950804],[87.81647322895675,26.98257579591263],[87.81648566846454,26.982460574602346],[87.81666298094021,26.98232640674136],[87.81739950038771,26.982360466894285],[87.81789049462597,26.98248405683711],[87.81801891638221,26.982474239080997],[87.8181473997571,26.98238996246988],[87.81820310462732,26.982254234030123],[87.81793023140528,26.981190427591226],[87.81790164907771,26.980727854979722],[87.81814241339947,26.980225328459984],[87.8186621531552,26.979626394467473],[87.81871716407557,26.97922427553328],[87.81868752484462,26.979052913308703],[87.81825948269767,26.978567841070014],[87.81805114407135,26.977984423401836],[87.81829559909862,26.977549667517042],[87.81840344965289,26.977483583117603],[87.8189270136595,26.97740830208523],[87.81906749744087,26.97716366569594],[87.8190816798539,26.976682774864315],[87.81908630327914,26.976531543085056],[87.8190799162668,26.976086912918166],[87.81896392668715,26.975647411276473],[87.81815779643824,26.974532536216326],[87.8180418084096,26.974169806142015],[87.81807556776558,26.97405445983987],[87.8182585697656,26.973927044099728],[87.81883384150558,26.97386951740355],[87.81895182013223,26.97381237390526],[87.8190166540957,26.9737172192459],[87.81901834064027,26.97360431151817],[87.81882426173362,26.973244271736217],[87.8184488003517,26.972711497437952],[87.81854663846245,26.972218851346007],[87.81902848912284,26.971622355457352],[87.81880708473982,26.9711429070191],[87.81832202885752,26.970956110781792],[87.81798446781428,26.97095361547541],[87.81689732649326,26.971208208572534],[87.81659515403008,26.97122803246619],[87.81613917010834,26.97098465620973],[87.81537348903129,26.96977694060251],[87.81537973126974,26.96933224777764],[87.81552983703192,26.968755764031332],[87.81544573476046,26.968356773724704],[87.81511917167744,26.9680561912736],[87.81458496900086,26.967689093327056],[87.81415099782483,26.967684849561227],[87.8138541442055,26.96791229616138],[87.81367804435138,26.969172793228946],[87.81341789462076,26.969515085413956],[87.81311115709597,26.969512340534816],[87.8125715757263,26.969100228699865],[87.81210509016655,26.96895625748586],[87.8114844873672,26.968923695702973],[87.81128753951772,26.968861618179048],[87.81096003962793,26.968599422404914],[87.81096241048921,26.968402989789134],[87.81132715975657,26.967983298508376],[87.81214707898178,26.96771001607275],[87.81254921879663,26.967396167766307],[87.81274109282671,26.9670226172854],[87.81266524875585,26.966810869372637],[87.8124972462798,26.9666560764085],[87.81219744764635,26.966562929712193],[87.81152889425404,26.966706858383958],[87.8106027984865,26.966393907420326],[87.81049613441748,26.96635839868654],[87.81037290225187,26.96639297341664],[87.81007248207314,26.966480504987793],[87.80986222190373,26.966666750183094],[87.8095440468077,26.966822114007922],[87.80931790100288,26.96681886659047],[87.80896233111314,26.966681019794144],[87.8085821246016,26.966446145432005],[87.8085433588123,26.96639219247449],[87.80838429626516,26.966174193753915],[87.80818046135126,26.965674238370212],[87.80792467411914,26.96540710239246],[87.80779775149405,26.9653468992787],[87.80746775607577,26.965344278992188],[87.80713263608081,26.965441000492387],[87.80682083815569,26.965600802674615],[87.80652710717173,26.965656699426596],[87.80614390328908,26.96561375641554],[87.80586154823149,26.96549797730487],[87.80534415868419,26.964920816803986],[87.80484971176497,26.9641245918706],[87.80416632173674,26.96341064509446],[87.80385220501962,26.963338003665356],[87.80337984481267,26.963333948480216],[87.80238997299153,26.96282494134379],[87.80191192167796,26.962735173037867],[87.80156372555675,26.962473040457468],[87.8015119542909,26.96235819473666],[87.80155384020354,26.962148069732585],[87.80168982328716,26.961968952349185],[87.80180973326794,26.961557455276104],[87.80174663978221,26.961189911105745],[87.80143589871065,26.96106075337422],[87.80093433648754,26.960844636360328],[87.80041169264366,26.96014562795078],[87.80009738515177,26.959876554624365],[87.79990855843495,26.959527768030156],[87.7999530001583,26.958958663184912],[87.80013730902192,26.958573922671043],[87.80019201080363,26.958298216173493],[87.80016849516207,26.958004879931206],[87.8000882110033,26.95777962863196],[87.79985862412681,26.957638715838325],[87.79949730345174,26.957570827306938],[87.79937125534909,26.95747448865372],[87.79912571102477,26.956683573515775],[87.79885154436417,26.95647295406225],[87.79808957135263,26.9561206144952],[87.79771311016385,26.955601343435248],[87.7974955202694,26.955110578093983],[87.79738760270749,26.954984731003837],[87.79717746080553,26.954839191778802],[87.79700470700699,26.95472053547198],[87.79644618698873,26.954547619253432],[87.79569259994966,26.954572202100902],[87.79507487259202,26.954496753061793],[87.79476844392138,26.954263689856667],[87.79458792501411,26.953580805912587],[87.79443655339955,26.953369433800752],[87.79350144259276,26.952478625955223],[87.7931569375014,26.952293202630546],[87.7927253420596,26.95225726262613],[87.79235295176761,26.952047207110336],[87.79201108473534,26.952414820858564],[87.79180157869523,26.95280650186549],[87.79159969719902,26.953019817375633],[87.79116604114068,26.953144111348227],[87.7908514901066,26.953188817315528],[87.79055700859232,26.9532288340241],[87.79018075337288,26.953542432931993],[87.78961112164883,26.95420476102605],[87.78896089120762,26.954522177704114],[87.78758270672007,26.954839106863623],[87.78665824987698,26.955103887648153],[87.78596255666947,26.955037817901193],[87.78521979085704,26.95526996141336],[87.78460993681652,26.95496413214589],[87.78409437555305,26.95508211268242],[87.78377301181132,26.955237413854356],[87.78290695893732,26.955842606140877],[87.78248899562472,26.955962335541678],[87.78181968956034,26.955984166032927],[87.78161605420168,26.956043937546358],[87.78112206792132,26.956369478902815],[87.78006876412373,26.95722856053651],[87.77952838506832,26.957486646060392],[87.77988791792541,26.958757761611242],[87.78025206182691,26.959234270186112],[87.7803426072135,26.959852199419846],[87.78031191514387,26.96014359823836],[87.77993985428152,26.960716709648867],[87.77997068144127,26.960892636194735],[87.78018458316123,26.96140609517528],[87.78050145642082,26.961781261886884],[87.78069734866884,26.962154930666223],[87.78102930423847,26.96315753161475],[87.78117756393127,26.96401896855423],[87.78149963594748,26.9647778728027],[87.78184051648041,26.965071640396108],[87.78241680491982,26.965806596061466],[87.78268791651597,26.966394200755317],[87.78289256311739,26.96683776476512],[87.78324082133442,26.967104399108965],[87.78356957015176,26.967283134044305],[87.78382166808767,26.967581966505954],[87.78429017694803,26.968746362029815],[87.78470978352617,26.969491136141293],[87.78512019265908,26.969913189911004],[87.78563108004678,26.97056043334716],[87.78603530610134,26.971262444334382],[87.78637124704174,26.97157202935698],[87.78686624813696,26.971928187429718],[87.78704944536179,26.972184447174296],[87.78726872308937,26.97264370264337],[87.78711192931068,26.9732811425111],[87.78710730972219,26.97361073866065],[87.78716571163584,26.973863186926756],[87.78720879408847,26.974072872297626],[87.78738436949473,26.974597836378496],[87.78741401180045,26.974868539523836],[87.78729547735726,26.975304857515567],[87.78729210611974,26.975544114400325],[87.7875605285917,26.97609564641584],[87.78753746034454,26.976219933263778],[87.78739603904833,26.976448690012674],[87.78743718088528,26.97656359853629],[87.78770447274802,26.976866808007074],[87.78802909221275,26.976903374986133],[87.7883681581834,26.977111368188513],[87.78838635601588,26.977280604747452],[87.78807552357277,26.97876754573609],[87.78807127878736,26.97906106861763],[87.78816638221313,26.97932914561084],[87.78818927555544,26.979812037153483],[87.7883087638213,26.9801499463135],[87.78982206478092,26.98298781429583],[87.79005685472609,26.98376522565485],[87.79013590051223,26.984523195695413],[87.7899508518444,26.98544978289593],[87.78998649757328,26.9857723145268],[87.79036883414362,26.98621031109503],[87.79079143076908,26.986469755228722],[87.79085264169738,26.98648975976708],[87.79142773031391,26.986667051546103],[87.79170233482098,26.986834846200626],[87.79225574072747,26.98759918587416],[87.79270224479608,26.98893294404069],[87.79338807638106,26.989798060395387],[87.79371802006156,26.990317644160783],[87.79388953672388,26.991052543811293],[87.79413419855064,26.991538682326617],[87.79409932296456,26.99211897792565],[87.79382958376483,26.99426261019754],[87.7936310846693,26.99478514202714],[87.79345077244199,26.994944191765754],[87.79294302829831,26.995127628856558],[87.79242803586564,26.995530068056755],[87.79195181726433,26.99633631283796],[87.79178113299541,26.996522369802985],[87.79156589533375,26.997812502107497],[87.79119939233101,26.998098967345822],[87.79090361283797,26.998865822177944],[87.79089843250095,26.99928794576263],[87.79100391787654,26.999689123260147],[87.7909625966603,26.99999408918183],[87.79085299792534,27.000186584711436],[87.79069063208034,27.000471920768586],[87.790594035838,27.000528876540574],[87.79047231130268,27.000872667034056],[87.79046363431527,27.001516043490074],[87.79061138849903,27.002102087297803],[87.79064297657114,27.002749713838163],[87.79085306189072,27.003159330466588],[87.7909994339291,27.003445161569328],[87.79106352528596,27.003690857691787],[87.79111830430809,27.00413523685127],[87.79105529293017,27.004663767674895],[87.79120279679533,27.005222679019283],[87.79140675636292,27.00572944845488],[87.79198116895222,27.00641238888999],[87.7920781478018,27.006684967114662],[87.7920763998919,27.006800126120464],[87.79167882853247,27.007332788987497],[87.79159780283997,27.00754316428703],[87.79159412014876,27.00782993550618],[87.79176024858498,27.00807044040385],[87.79177570829586,27.008835601948995],[87.79181686032058,27.0094018919976],[87.79185656998325,27.009758308659592],[87.79201201049877,27.01017955444304],[87.79211755271686,27.010314404842923],[87.7921956477838,27.01049451868076],[87.79222594312427,27.012115055356173],[87.79201420446068,27.013355422091603],[87.79173281114494,27.01437728883075],[87.7910107054201,27.01590049778519],[87.79062695008882,27.016345071376527],[87.7903674268349,27.016797959099183],[87.78982667969059,27.017408209657535],[87.78969582457879,27.017618836135192],[87.78950126504786,27.01817525181438],[87.78915964744508,27.018524735131123],[87.78787776224797,27.019475473723116],[87.78665132639976,27.020064729531942],[87.78551730716075,27.020992020955955],[87.78538101941724,27.02159544972062],[87.7854121667676,27.02208277929896],[87.78530299856106,27.024855343771623],[87.78629161137792,27.025320316400986],[87.78650914555203,27.025179619869355],[87.78760045817482,27.024491951747454],[87.78783022250158,27.024273418289305],[87.78810522640109,27.02398996204368],[87.78841904880558,27.02345065075933],[87.7889245221498,27.022969873685913],[87.78945867338719,27.022636959715715],[87.79006103559321,27.02221726834296],[87.79061244697124,27.02169277917552],[87.7911868283556,27.021146434562528],[87.79153074127451,27.02079741184572],[87.79367439269889,27.019677861570205],[87.79409364240922,27.01945420336162],[87.79428826974348,27.01889686579919],[87.7945603877769,27.018528541209683],[87.79520651175882,27.018001479548442],[87.79659992336164,27.017135720951483],[87.79699546969539,27.016912696381446],[87.79769905648374,27.015980627622405],[87.79818372942775,27.014884600182448],[87.7983575036574,27.014412757941706],[87.79861234335252,27.014235999890936],[87.79918083312837,27.014220634810954],[87.80040540921436,27.013975190813643],[87.80141250422248,27.013608214648205],[87.80232556040282,27.01326500948684],[87.80251908596847,27.013080885979303],[87.8025302938058,27.013133237630065],[87.80254217239703,27.01312179663521],[87.80307136170264,27.01292916932387],[87.80336921629244,27.01274460980908],[87.80373446640236,27.012349800668026],[87.80561100118199,27.01114722775407],[87.80623559268092,27.010568047602188],[87.80682042228436,27.010147101719554],[87.80768742301841,27.00997509845409],[87.80865008079498,27.00970769097483],[87.8089806976015,27.009504876089927],[87.80923291019641,27.00927092826568],[87.80912148171392,27.00867338045942],[87.80924264508849,27.00844024779073],[87.80933755226303,27.00831327107534],[87.80942401626152,27.00807357415105],[87.81034127216364,27.007280451356],[87.81039853145239,27.00674291737041],[87.81056151867243,27.00627477733395],[87.81060796688772,27.00599006850083],[87.81064332777804,27.004775399551264],[87.81058805132176,27.004450743372345],[87.81062699461746,27.004084822674688],[87.81091121457818,27.003658880333116],[87.81144171160685,27.003226932161038],[87.81102030238308,27.002969739086687],[87.81072537596424,27.002698352113548],[87.81061501561099,27.00232880865366],[87.81100013928874,27.001568141871335],[87.81110228851634,27.0009739031474],[87.81105301510425,27.000687507339286],[87.81113109968098,27.000418490049356],[87.8113320460349,27.000329272440734],[87.81163034191434,27.00028919361151],[87.81192832216811,27.000113637139837],[87.81227155522863,26.999310333234444],[87.81250244597464,26.99900655225549],[87.81309352721,26.998590045434735],[87.81404017766015,26.99821210546426],[87.81424443676147,26.998050679871273],[87.8144324987334,26.997753902344936],[87.81450914345342,26.99737197699533],[87.81518831840533,26.996864628450414],[87.81572074807565,26.996177667907208],[87.8158391012568,26.996082138094],[87.81615959142815,26.995971975233683],[87.81674779856908,26.995602857291335],[87.81687509117509,26.995435118568835],[87.81684944780095,26.99501993484234],[87.81696679244392,26.9945226616282],[87.81719143084781,26.994227884155546],[87.81757868962609,26.993862208102335],[87.81788861080251,26.99367983671078],[87.81818302478376,26.99336886536114],[87.81843641262424,26.992606763031485],[87.81848179545804,26.992175323396445],[87.81824387799129,26.991339269943648],[87.81824949520869,26.990899078114563],[87.81845850156215,26.990529966462272],[87.81896086587452,26.990233621210834],[87.81918938227835,26.990033558389523],[87.8192513986265,26.989721778923954],[87.81894778001872,26.989380434178113],[87.81834399460541,26.989246279963627],[87.81811552843453,26.988931566750622],[87.81809789137637,26.988658549487713],[87.81801323125153,26.988451427698717],[87.81762383520466,26.98827081941538],[87.81680778970822,26.988417876049837],[87.81655651052333,26.988414754962943],[87.81642014583518,26.988289095652913],[87.81628833987494,26.98791973995251],[87.81646244350873,26.986909690813686],[87.81637921838937,26.98655358741681],[87.81594248445182,26.985998557408653],[87.81590859328293,26.985845326051507],[87.81595310713327,26.985729916302972],[87.81627177833997,26.985369117290443]]]}},{"type":"Feature","properties":{"province":"Koshi Province","district":"Ilam","municipality":"Phakphokthum Rural Municipality","ward":"7","wardNumber":7,"sourceMunicipality":"Fakphokthum","sourceType":"Gaunpalika"},"geometry":{"type":"Polygon","coordinates":[[[87.79235295176761,26.952047207110336],[87.7922322111559,26.951621272100716],[87.7923205440326,26.95110605739134],[87.79252585838296,26.950572271916425],[87.79249802514435,26.95010969933015],[87.79228968450825,26.949404308744427],[87.79192291920354,26.949099413430716],[87.79162386466356,26.948744439513508],[87.791436357466,26.948686801449593],[87.79118857443738,26.948458050390407],[87.79085163857863,26.948444052910766],[87.7905473402441,26.948429991106902],[87.79026848454511,26.948257820759313],[87.7901920145185,26.94804375901743],[87.79057481616596,26.9468655325377],[87.79054786148969,26.946527121272926],[87.79038541725532,26.946072053475955],[87.78996762802718,26.945494328672638],[87.78972384151037,26.945039699801207],[87.78946524425385,26.94488090793135],[87.78892254235674,26.944712429654636],[87.78814157328873,26.944870301961565],[87.78755448229225,26.944828425331927],[87.78723386338174,26.944728651363373],[87.78693749995709,26.9444887733608],[87.78670846035558,26.943609707483844],[87.78622608515192,26.943068431791637],[87.78599861700938,26.942584419735056],[87.78549705310898,26.942354735306058],[87.78480261072932,26.942277349550164],[87.78453632488005,26.94219533057716],[87.78411497723651,26.941901939335054],[87.7837875369116,26.941551655018397],[87.78321812355357,26.940699352532654],[87.78296120222964,26.939978458422875],[87.78245243003474,26.938886521893373],[87.78249249895279,26.938498032494746],[87.78286492526325,26.93743283907325],[87.78287129144529,26.936897807494887],[87.78258473897736,26.936443429027054],[87.78222353602595,26.936016559670986],[87.78209630145987,26.936014999664206],[87.78192186068905,26.93591666102501],[87.78151195933518,26.935830893037085],[87.78125186638118,26.935904606492475],[87.78087360721094,26.936109860518815],[87.78070448200381,26.936056597456904],[87.78059293920674,26.935953381671965],[87.78056954982239,26.93566235963526],[87.78074459602607,26.93483748974719],[87.78059953598952,26.934533528777497],[87.78023683716333,26.934348230385712],[87.78001094079667,26.93427721349816],[87.77869183648934,26.93436807563666],[87.77814976131424,26.934280808611504],[87.7776178117002,26.934021867524724],[87.77708035886349,26.933690779349913],[87.7768646493004,26.93345271329921],[87.77673046766527,26.933074229730057],[87.77664980342233,26.93260740684881],[87.77669118496827,26.93221216495646],[87.77685092634364,26.93200135123271],[87.77722299381959,26.931728389999435],[87.777285072478,26.93141210790323],[87.77711532174067,26.9313610966251],[87.7761836681936,26.931294029963208],[87.77589136717683,26.93099769839892],[87.77582609031894,26.93083777797676],[87.77542049202926,26.930275682515198],[87.77505379111255,26.93004974704036],[87.77480707468187,26.92997210420486],[87.77431083203726,26.93004031996755],[87.77418472147801,26.9299258509155],[87.77405973308478,26.929694035528374],[87.77407621007143,26.928335137128414],[87.77401918277184,26.928001352730607],[87.77377151964164,26.927508399690787],[87.77312214690679,26.927013015895508],[87.77291237446518,26.926623718232413],[87.77278200253582,26.926069182803012],[87.77215226611983,26.925763415937364],[87.77181732529804,26.925487591409784],[87.77157090622617,26.924714682036218],[87.77154001800572,26.92461777854372],[87.77113454987483,26.92424305077335],[87.77039783480595,26.92385207424765],[87.77002812742452,26.923380067333916],[87.76971293256396,26.922580462853873],[87.76948534067975,26.922157342816462],[87.76929808019547,26.92193721925851],[87.7685692819366,26.92335871063644],[87.76823048286326,26.923902313142747],[87.76754142873475,26.924407222456615],[87.76701024205113,26.92471482230519],[87.76681398547777,26.924828734103233],[87.76654064312383,26.92518915625122],[87.76640147508142,26.925551077770656],[87.76631195169301,26.92600302343689],[87.7659328248467,26.92654231352178],[87.76587255927245,26.92684509065191],[87.76593070681649,26.929844655917986],[87.76634156665207,26.930916900729404],[87.76619803223873,26.93175508598289],[87.76619441268849,26.932064363736647],[87.76662014416758,26.932725675013142],[87.76672043999147,26.933126916714816],[87.76661984876081,26.933515719474006],[87.76631468900904,26.934199050164178],[87.76615363490433,26.934398548675485],[87.7657524435168,26.935217920565723],[87.76574152127772,26.93611630843289],[87.76585338584559,26.936652963607422],[87.76608717032478,26.937225064968903],[87.76606292468054,26.9378256162999],[87.76583547587916,26.93827375205503],[87.76577777269247,26.938495317677308],[87.76554043940999,26.938681688458264],[87.76522432814271,26.938866247799194],[87.76472946208384,26.938961471633274],[87.76406466080162,26.939165917851447],[87.76386659346791,26.939392800181636],[87.76365351658792,26.939452634118354],[87.76260951311335,26.939541802735445],[87.76121218771478,26.93942979416174],[87.76082717542023,26.939569529295497],[87.76043234388396,26.939564909398435],[87.7601744414531,26.93979204302508],[87.7600500903219,26.940117765694048],[87.7601963398459,26.940527758144317],[87.76057366950461,26.940731124221873],[87.76128605913817,26.94095298889397],[87.761741227616,26.94103631786552],[87.76186821285717,26.941094333220686],[87.76208736139635,26.94138435158549],[87.76214451070453,26.941542021921972],[87.76201711660917,26.94282258730159],[87.76205013678897,26.94323770768376],[87.76233624654228,26.9434573927428],[87.76368942533763,26.943362028546147],[87.7639530230417,26.94342379206809],[87.76407907113958,26.943531446752335],[87.76434975026868,26.944351619926238],[87.76442628519263,26.94468527923436],[87.76442260287114,26.94497192554534],[87.76453352502648,26.945282827588912],[87.76503746655018,26.945666118772245],[87.76570940742151,26.946046155684137],[87.7661189354087,26.946174874249103],[87.76663788259155,26.946558039813496],[87.76691856917593,26.947551951085146],[87.76691694559901,26.947680614096498],[87.76680741193873,26.947965637088114],[87.76656889188168,26.9481768274175],[87.76546549454241,26.94842892000475],[87.76524891975124,26.94861966759299],[87.76460565089558,26.949964010088852],[87.76469293809608,26.950209580161278],[87.76502612397488,26.950313854829677],[87.76541013640292,26.9502011277047],[87.76610475750194,26.949836196412534],[87.76659287335433,26.949851568087634],[87.76681952249565,26.950030929248996],[87.76690063026227,26.950764080184],[87.76652271146672,26.952222076324915],[87.76649464483094,26.95254504572813],[87.76639824019965,26.95279837215411],[87.76620473622201,26.952968738091503],[87.76594895668606,26.953042325880855],[87.76564315622602,26.95299206655461],[87.7647229976161,26.952511816774937],[87.76364259530557,26.952172298116327],[87.76281916931467,26.952113545081545],[87.76260615498208,26.952177942451208],[87.7620881593947,26.952593822211966],[87.76230519471271,26.95330820416589],[87.76238335975145,26.95388563381552],[87.76224782550871,26.954324264452374],[87.76224293658885,26.954717060674056],[87.76258595833178,26.955435261705965],[87.76256471426672,26.955740102242018],[87.7632702985955,26.95633446163392],[87.76394310708015,26.956369210368305],[87.76473402503775,26.956547686085074],[87.76506858933243,26.956755804026024],[87.76523578008116,26.95698736921584],[87.76547411972093,26.95712603033706],[87.76560110516394,26.957186296069217],[87.76604651830101,26.957208670303125],[87.76634407124284,26.957538824090165],[87.76669982775798,26.95761821644656],[87.76682643911296,26.957716805298094],[87.76712237081539,26.958265961188065],[87.76749676295331,26.95849864809162],[87.76758010835538,26.958615618349832],[87.76762932037636,26.958913267443616],[87.76778726179994,26.959354831568564],[87.76796426451554,26.959356141590565],[87.76821461017838,26.959587267271857],[87.76902084690845,26.95979956528185],[87.76929569978164,26.95992672284993],[87.7694845849337,26.960101708927343],[87.76957055955435,26.960342778017857],[87.76929596484483,26.96061067372377],[87.7692398891413,26.960978970267842],[87.76942552581593,26.961237480244073],[87.7700172488972,26.96156600326797],[87.77021207667694,26.961874215750075],[87.77042097997197,26.962581793854056],[87.77037471772405,26.962814550679497],[87.77043775329608,26.96338077826424],[87.77062357506975,26.963573893501604],[87.77096852528737,26.964104730924994],[87.77093370654354,26.964434391080005],[87.77115310845346,26.964839505566673],[87.77146366354776,26.96503199397466],[87.7720982121977,26.96526999059935],[87.77269969186737,26.965733929128888],[87.77317143482507,26.96609702657661],[87.77384655830258,26.9661903553661],[87.77418180976215,26.966396221897007],[87.7743032307218,26.966469992208832],[87.77446761105573,26.966839284426744],[87.77441266481443,26.96735424918505],[87.77443392778602,26.967622764841064],[87.77470435032062,26.968113340978086],[87.77462763887517,26.968312401411882],[87.77419692667976,26.968691706888528],[87.77419405551399,26.968921962410857],[87.7743750638012,26.969137646790816],[87.77495140503216,26.969421157671913],[87.77509583926921,26.969725119223597],[87.77509371665062,26.969871850303434],[87.77467257412484,26.970364001569358],[87.77467082512902,26.97047909711211],[87.77480925894177,26.970823696396284],[87.77477613193146,26.971315965895656],[87.7748790018805,26.972261178707342],[87.77556695564202,26.972932301118707],[87.7759823108225,26.973706457847385],[87.7760757914151,26.974105510932816],[87.77655903605726,26.97440527791319],[87.77681075801455,26.974636403903357],[87.77665211339075,26.976393421461122],[87.77647006422669,26.97721829121215],[87.7764877076877,26.977768951469393],[87.77663226870347,26.97817675676975],[87.77833106473673,26.98054873446384],[87.77903208848048,26.98136646221002],[87.77928093947291,26.98182771762101],[87.77936579237618,26.982260717978452],[87.77926702624251,26.983186741599436],[87.7794237824614,26.983720832850057],[87.77982656121748,26.984032354002608],[87.7804924369424,26.984407890207105],[87.78101338103231,26.984592310984116],[87.78168988831479,26.985044493937373],[87.78290340436841,26.98553661702635],[87.78357434558336,26.985914340929707],[87.7838914065184,26.98630532593009],[87.78452733750463,26.986818652325987],[87.78487490549456,26.986963438724167],[87.78526237286422,26.98761137197813],[87.78529588944753,26.987809804757923],[87.78520118221839,26.988498820384194],[87.78524908057554,26.988778401938355],[87.7857888062579,26.990116221432025],[87.78628900869444,26.99102304165005],[87.78721306427074,26.992451193353517],[87.78755357108216,26.992765342488813],[87.78997898401629,26.9940292957277],[87.79028972678981,26.994241977507315],[87.79066143471425,26.994698105024572],[87.7908526367751,26.99501075597148],[87.79178113299541,26.996522369802985],[87.79195181726433,26.99633631283796],[87.79242803586564,26.995530068056755],[87.79294302829831,26.995127628856558],[87.79345077244199,26.994944191765754],[87.7936310846693,26.99478514202714],[87.79382958376483,26.99426261019754],[87.79409932296456,26.99211897792565],[87.79413419855064,26.991538682326617],[87.79388953672388,26.991052543811293],[87.79371802006156,26.990317644160783],[87.79338807638106,26.989798060395387],[87.79270224479608,26.98893294404069],[87.79225574072747,26.98759918587416],[87.79170233482098,26.986834846200626],[87.79142773031391,26.986667051546103],[87.79085264169738,26.98648975976708],[87.79079143076908,26.986469755228722],[87.79036883414362,26.98621031109503],[87.78998649757328,26.9857723145268],[87.7899508518444,26.98544978289593],[87.79013590051223,26.984523195695413],[87.79005685472609,26.98376522565485],[87.78982206478092,26.98298781429583],[87.7883087638213,26.9801499463135],[87.78818927555544,26.979812037153483],[87.78816638221313,26.97932914561084],[87.78807127878736,26.97906106861763],[87.78807552357277,26.97876754573609],[87.78838635601588,26.977280604747452],[87.7883681581834,26.977111368188513],[87.78802909221275,26.976903374986133],[87.78770447274802,26.976866808007074],[87.78743718088528,26.97656359853629],[87.78739603904833,26.976448690012674],[87.78753746034454,26.976219933263778],[87.7875605285917,26.97609564641584],[87.78729210611974,26.975544114400325],[87.78729547735726,26.975304857515567],[87.78741401180045,26.974868539523836],[87.78738436949473,26.974597836378496],[87.78720879408847,26.974072872297626],[87.78716571163584,26.973863186926756],[87.78710730972219,26.97361073866065],[87.78711192931068,26.9732811425111],[87.78726872308937,26.97264370264337],[87.78704944536179,26.972184447174296],[87.78686624813696,26.971928187429718],[87.78637124704174,26.97157202935698],[87.78603530610134,26.971262444334382],[87.78563108004678,26.97056043334716],[87.78512019265908,26.969913189911004],[87.78470978352617,26.969491136141293],[87.78429017694803,26.968746362029815],[87.78382166808767,26.967581966505954],[87.78356957015176,26.967283134044305],[87.78324082133442,26.967104399108965],[87.78289256311739,26.96683776476512],[87.78268791651597,26.966394200755317],[87.78241680491982,26.965806596061466],[87.78184051648041,26.965071640396108],[87.78149963594748,26.9647778728027],[87.78117756393127,26.96401896855423],[87.78102930423847,26.96315753161475],[87.78069734866884,26.962154930666223],[87.78050145642082,26.961781261886884],[87.78018458316123,26.96140609517528],[87.77997068144127,26.960892636194735],[87.77993985428152,26.960716709648867],[87.78031191514387,26.96014359823836],[87.7803426072135,26.959852199419846],[87.78025206182691,26.959234270186112],[87.77988791792541,26.958757761611242],[87.77952838506832,26.957486646060392],[87.78006876412373,26.95722856053651],[87.78112206792132,26.956369478902815],[87.78161605420168,26.956043937546358],[87.78181968956034,26.955984166032927],[87.78248899562472,26.955962335541678],[87.78290695893732,26.955842606140877],[87.78377301181132,26.955237413854356],[87.78409437555305,26.95508211268242],[87.78460993681652,26.95496413214589],[87.78521979085704,26.95526996141336],[87.78596255666947,26.955037817901193],[87.78665824987698,26.955103887648153],[87.78758270672007,26.954839106863623],[87.78896089120762,26.954522177704114],[87.78961112164883,26.95420476102605],[87.79018075337288,26.953542432931993],[87.79055700859232,26.9532288340241],[87.7908514901066,26.953188817315528],[87.79116604114068,26.953144111348227],[87.79159969719902,26.953019817375633],[87.79180157869523,26.95280650186549],[87.79201108473534,26.952414820858564],[87.79235295176761,26.952047207110336]]]}},{"type":"Feature","properties":{"province":"Koshi Province","district":"Ilam","municipality":"Phakphokthum Rural Municipality","ward":"5","wardNumber":5,"sourceMunicipality":"Fakphokthum","sourceType":"Gaunpalika"},"geometry":{"type":"Polygon","coordinates":[[[87.76043234388396,26.939564909398435],[87.76082717542023,26.939569529295497],[87.76121218771478,26.93942979416174],[87.76260951311335,26.939541802735445],[87.76365351658792,26.939452634118354],[87.76386659346791,26.939392800181636],[87.76406466080162,26.939165917851447],[87.76472946208384,26.938961471633274],[87.76522432814271,26.938866247799194],[87.76554043940999,26.938681688458264],[87.76577777269247,26.938495317677308],[87.76583547587916,26.93827375205503],[87.76606292468054,26.9378256162999],[87.76608717032478,26.937225064968903],[87.76585338584559,26.936652963607422],[87.76574152127772,26.93611630843289],[87.7657524435168,26.935217920565723],[87.76615363490433,26.934398548675485],[87.76631468900904,26.934199050164178],[87.76661984876081,26.933515719474006],[87.76672043999147,26.933126916714816],[87.7666184654413,26.933127480433956],[87.76611940886137,26.933159561306045],[87.76555214288712,26.933352252407673],[87.76519995537237,26.933505427858652],[87.76446832704075,26.93415269235441],[87.76399534519136,26.93431099732632],[87.76351342043282,26.934379088146613],[87.7625573808071,26.934244314479294],[87.76163059200287,26.933594765465685],[87.76094921605147,26.933485682436075],[87.76044814385769,26.932845003254506],[87.76024681697072,26.932681270969653],[87.75889599440464,26.931889499715542],[87.75794464959857,26.931982668515598],[87.75774963974379,26.931913776078826],[87.75630209304144,26.93105704957129],[87.75569023301932,26.930511838280083],[87.75516372176531,26.930207695199822],[87.75503555024228,26.93024670878276],[87.75465003279827,26.930124617720974],[87.75377745413245,26.929666560432274],[87.75305650380936,26.929659132945154],[87.75218643199605,26.92946971747825],[87.75014097371533,26.92835873927852],[87.74916930034847,26.92803659864787],[87.74898504453095,26.927974396712294],[87.74873732390668,26.927741019668904],[87.74835086231482,26.927377357618308],[87.74818536345613,26.92730377606175],[87.74769462262849,26.92734473353909],[87.74726577565826,26.92723864785356],[87.7470074267169,26.92701208543598],[87.74684936125531,26.9266269125963],[87.74662264943373,26.926427295995907],[87.74584667955281,26.92646744562915],[87.74488483325781,26.926693778026994],[87.74437564493279,26.92662195377176],[87.74394329649027,26.92645722497082],[87.74343785479856,26.926089688402623],[87.74283206643145,26.92587619842685],[87.74215618760857,26.925545738285265],[87.74097542638971,26.92472801902094],[87.74095266785467,26.924714639938156],[87.74046742259245,26.924448570155125],[87.73807254296342,26.9241722177307],[87.73787346961109,26.924148464162503],[87.73723861426396,26.92420592881088],[87.73635835695474,26.924285029829598],[87.73425057800043,26.92381298955861],[87.73204988213888,26.922984784389868],[87.73092096349482,26.92267014874998],[87.73037744758096,26.922444966825466],[87.72940521294704,26.92222204322837],[87.72884400341567,26.921992422851634],[87.72814461748264,26.921704912960248],[87.72769113228578,26.921379950414522],[87.72724077152161,26.920955708294052],[87.7259659126847,26.9200705958303],[87.72567342381056,26.91972449879723],[87.72511840138047,26.919368466454543],[87.72454581225838,26.91911633990001],[87.72444446198122,26.91911690418694],[87.72390696060152,26.919435631575613],[87.72363717564365,26.91947764846519],[87.72303283413282,26.91968615770724],[87.72203534852842,26.919835780955804],[87.72062752307406,26.91991295232789],[87.71865618435473,26.920178124997438],[87.71744624339529,26.92018883630466],[87.71689116366375,26.920121700565524],[87.71557355018,26.91972660738118],[87.71548658004957,26.919708978625604],[87.71480770481388,26.919579264759008],[87.71435103735158,26.919545449906085],[87.71345052222354,26.919601981885574],[87.71311390240507,26.91973233800609],[87.71272282175258,26.919714026915152],[87.71223095535449,26.919781929645637],[87.71040673849524,26.920317117750017],[87.70982884281007,26.920423908235406],[87.70912314780884,26.920429671639365],[87.70843558144618,26.920311274130757],[87.70748704442697,26.920146678628925],[87.70680135386354,26.920026030239434],[87.70558322226016,26.920036678778096],[87.70466657743755,26.920140599683574],[87.70416171245083,26.920450136179145],[87.70379545580558,26.920576116856065],[87.70304474545533,26.920634021696102],[87.70247766138024,26.920544316774386],[87.70200516738255,26.920093005070893],[87.70188811649933,26.919691764176708],[87.70169303891197,26.919406059492022],[87.70067065923891,26.91909967387965],[87.69964758320303,26.918380168139368],[87.69908118369462,26.918107597274236],[87.69946652681728,26.918827989728005],[87.69983873403675,26.919264048626463],[87.69996459900035,26.919556881950744],[87.69993553193186,26.919848218398958],[87.69967619558884,26.9202558423121],[87.69974842549239,26.921043259383342],[87.69963889206062,26.921348538090104],[87.6993653662769,26.921914208051902],[87.69941439048037,26.922202916871242],[87.69942646047978,26.92232245171043],[87.69934625335509,26.922792403293403],[87.69907147680368,26.923355823293786],[87.69842988698824,26.924266412694685],[87.69792652546195,26.92471811620672],[87.69743122881984,26.925160754136364],[87.69711762189502,26.925555062220564],[87.6970233577569,26.926499153365107],[87.69674877394624,26.927301767585597],[87.69636032821863,26.927714520352524],[87.69602334479924,26.92840691647615],[87.69567762304054,26.929821711404486],[87.695622983022,26.930047716121152],[87.69568175890436,26.93029797617841],[87.6959341695571,26.93058336761039],[87.69641473966043,26.93152457315998],[87.69671479429151,26.931893238678594],[87.69696984430149,26.93282200671833],[87.69728108822473,26.93306194683332],[87.69760752281493,26.933204795542085],[87.69923662493544,26.9335578713576],[87.70026038180997,26.93395459560853],[87.70100715900064,26.93416076818753],[87.7024199371647,26.934756419843115],[87.70275931516821,26.934953346267744],[87.70299815545638,26.93508988260861],[87.70336185656221,26.93535664228443],[87.70400165864727,26.93567397431455],[87.70442443924381,26.93571698008847],[87.70746344004435,26.936478213771366],[87.70748744883771,26.936487153750917],[87.70776836606981,26.93660312031517],[87.7079761331823,26.936798424059223],[87.7080099600467,26.936872758417877],[87.70801902887891,26.937012674304114],[87.70814651390722,26.93705943587607],[87.70893705598691,26.937213467062893],[87.70954884721826,26.937481222722756],[87.71056815661227,26.937462512571887],[87.71100181594464,26.937534839730883],[87.71242353093326,26.937931681583454],[87.71337744191196,26.93792460100407],[87.71422324739558,26.937760038131024],[87.71464590202685,26.937782725403007],[87.71470767429929,26.937795915729755],[87.71539492893217,26.937943697592473],[87.71617615680675,26.938210575352052],[87.7163739190575,26.93832022901647],[87.71675701216539,26.939051811967758],[87.71711077209643,26.939334451333902],[87.71711227570651,26.93947436701512],[87.71719443306475,26.93961840795816],[87.71733798821043,26.939714809158783],[87.71775351668784,26.939802952825147],[87.71831528900566,26.940019006065512],[87.71931229733399,26.940946136337022],[87.71971051050168,26.94119013882649],[87.71999142934362,26.94139413075988],[87.72055813862929,26.941495088831743],[87.7214417722935,26.9414341179063],[87.72165778661274,26.941333647950373],[87.72220385066991,26.940868127110488],[87.72245137670674,26.940781097112023],[87.72276305349601,26.94077946655294],[87.72306284895149,26.940689873253177],[87.723960854345,26.94021346854911],[87.72435506053388,26.940218213086997],[87.72469493646481,26.940295480070375],[87.72476427394716,26.94029516569145],[87.72483804911847,26.940227020142988],[87.72507231653026,26.939941431951087],[87.72552091219158,26.939681785878992],[87.72569528871533,26.939680845790495],[87.72585078499894,26.939772619237626],[87.72594626683234,26.9402303768897],[87.72622455789245,26.94031014604904],[87.7269440064751,26.940277123983257],[87.72737215885827,26.94007849614367],[87.72806885227114,26.940124560112356],[87.7294385381251,26.940049765438854],[87.72991689980178,26.9400224363938],[87.73013360250583,26.939946785361503],[87.73044271291218,26.939841374785487],[87.73138536541032,26.939651365721918],[87.73191943803705,26.93976595274708],[87.73228251091187,26.939924367993967],[87.73280146294795,26.940524347179988],[87.73363965494339,26.94102560520229],[87.73386661794159,26.94125460558582],[87.73455869141272,26.941652835583966],[87.73476752280926,26.94191578398582],[87.73523757653128,26.942247436146676],[87.73560871471068,26.9423877206168],[87.73600379761186,26.942426225454234],[87.73627502131524,26.942404527330947],[87.73658575437618,26.942159137258024],[87.73694825873415,26.942032968871274],[87.7373502192793,26.94207384949476],[87.73844062696863,26.94252177487126],[87.73852078172412,26.942546217713236],[87.73910187302309,26.9427260104565],[87.73945193825953,26.942721941475778],[87.73983263678375,26.94258445638879],[87.74015025487293,26.94272274178849],[87.74049063426,26.94296924546417],[87.74143329770403,26.943257751656553],[87.74150688659041,26.943250561373507],[87.74157584864288,26.94319829459457],[87.74203750527066,26.942640561024575],[87.74239838504084,26.94255740570507],[87.7428550526037,26.942577528495537],[87.74316004112896,26.942711374645516],[87.74336868475334,26.94293149854716],[87.74368850338777,26.94359118626877],[87.74422389227934,26.943906582061665],[87.74462791641865,26.943963154259198],[87.7452257590222,26.943912567264444],[87.74592395419599,26.944078165791165],[87.74652486601052,26.944302971533517],[87.74672412934811,26.9444350699511],[87.74724145586066,26.945062119591167],[87.74780573280201,26.94545866385406],[87.74799930636793,26.945593137267803],[87.74892720911998,26.94564226062089],[87.74916948240394,26.945528097824003],[87.74923481887902,26.94549846359664],[87.75093193285605,26.945234294955217],[87.75166068713632,26.944699938626453],[87.75224920339338,26.944182151443968],[87.75302109259717,26.943322511482382],[87.75345874598652,26.943033481765255],[87.7537781129449,26.943061109790197],[87.75438290160577,26.943294917441754],[87.7554492916881,26.943343351722675],[87.75567862146613,26.94317504798416],[87.75595452531225,26.942719909783246],[87.7562094190993,26.942136109571734],[87.7566278729976,26.941626015245337],[87.7567138994615,26.94140207401097],[87.75671845605541,26.941049908229175],[87.75654194176941,26.940457237246456],[87.75658938971306,26.94010707090179],[87.75671043019982,26.939946147497086],[87.75683847513727,26.9398800008339],[87.75712551781943,26.939873931864582],[87.75810237664928,26.94000189013567],[87.75831163965753,26.939942056103057],[87.7586031045105,26.93918201647039],[87.75864098635338,26.93882065965325],[87.7588067287075,26.938560205383613],[87.75909026586358,26.938393901453548],[87.75967992241148,26.93854193474273],[87.75994539963303,26.93878656499723],[87.76043234388396,26.939564909398435]]]}},{"type":"Feature","properties":{"province":"Koshi Province","district":"Ilam","municipality":"Phakphokthum Rural Municipality","ward":"2","wardNumber":2,"sourceMunicipality":"Fakphokthum","sourceType":"Gaunpalika"},"geometry":{"type":"Polygon","coordinates":[[[87.79178113299541,26.996522369802985],[87.7908526367751,26.99501075597148],[87.79066143471425,26.994698105024572],[87.79028972678981,26.994241977507315],[87.78997898401629,26.9940292957277],[87.78755357108216,26.992765342488813],[87.78721306427074,26.992451193353517],[87.78628900869444,26.99102304165005],[87.7857888062579,26.990116221432025],[87.78524908057554,26.988778401938355],[87.78520118221839,26.988498820384194],[87.78529588944753,26.987809804757923],[87.78526237286422,26.98761137197813],[87.78487490549456,26.986963438724167],[87.78452733750463,26.986818652325987],[87.7838914065184,26.98630532593009],[87.78357434558336,26.985914340929707],[87.78290340436841,26.98553661702635],[87.78168988831479,26.985044493937373],[87.78101338103231,26.984592310984116],[87.7804924369424,26.984407890207105],[87.77982656121748,26.984032354002608],[87.7794237824614,26.983720832850057],[87.77926702624251,26.983186741599436],[87.77936579237618,26.982260717978452],[87.77928093947291,26.98182771762101],[87.77903208848048,26.98136646221002],[87.77833106473673,26.98054873446384],[87.77663226870347,26.97817675676975],[87.7764877076877,26.977768951469393],[87.77647006422669,26.97721829121215],[87.77665211339075,26.976393421461122],[87.77681075801455,26.974636403903357],[87.77655903605726,26.97440527791319],[87.7760757914151,26.974105510932816],[87.7759823108225,26.973706457847385],[87.77556695564202,26.972932301118707],[87.7748790018805,26.972261178707342],[87.77477613193146,26.971315965895656],[87.77480925894177,26.970823696396284],[87.77467082512902,26.97047909711211],[87.77467257412484,26.970364001569358],[87.77509371665062,26.969871850303434],[87.77509583926921,26.969725119223597],[87.77495140503216,26.969421157671913],[87.7743750638012,26.969137646790816],[87.77419405551399,26.968921962410857],[87.77419692667976,26.968691706888528],[87.77462763887517,26.968312401411882],[87.77470435032062,26.968113340978086],[87.77443392778602,26.967622764841064],[87.77441266481443,26.96735424918505],[87.77446761105573,26.966839284426744],[87.7743032307218,26.966469992208832],[87.77418180976215,26.966396221897007],[87.77384655830258,26.9661903553661],[87.77317143482507,26.96609702657661],[87.77269969186737,26.965733929128888],[87.7720982121977,26.96526999059935],[87.77146366354776,26.96503199397466],[87.77115310845346,26.964839505566673],[87.77093370654354,26.964434391080005],[87.77096852528737,26.964104730924994],[87.77062357506975,26.963573893501604],[87.77043775329608,26.96338077826424],[87.77037471772405,26.962814550679497],[87.77042097997197,26.962581793854056],[87.77021207667694,26.961874215750075],[87.7700172488972,26.96156600326797],[87.76942552581593,26.961237480244073],[87.7692398891413,26.960978970267842],[87.76929596484483,26.96061067372377],[87.76957055955435,26.960342778017857],[87.7694845849337,26.960101708927343],[87.76929569978164,26.95992672284993],[87.76902084690845,26.95979956528185],[87.76821461017838,26.959587267271857],[87.76796426451554,26.959356141590565],[87.76778726179994,26.959354831568564],[87.76762932037636,26.958913267443616],[87.76758010835538,26.958615618349832],[87.76749676295331,26.95849864809162],[87.76712237081539,26.958265961188065],[87.76682643911296,26.957716805298094],[87.76669982775798,26.95761821644656],[87.76634407124284,26.957538824090165],[87.76604651830101,26.957208670303125],[87.76560110516394,26.957186296069217],[87.76547411972093,26.95712603033706],[87.76523578008116,26.95698736921584],[87.76506858933243,26.956755804026024],[87.76473402503775,26.956547686085074],[87.76394310708015,26.956369210368305],[87.7632702985955,26.95633446163392],[87.76256471426672,26.955740102242018],[87.76229268631431,26.956120790728157],[87.76184678161805,26.95648202892244],[87.76184676716385,26.95648210866645],[87.76176819621028,26.95678274676636],[87.76180028922977,26.95696767093379],[87.76217930243014,26.957789520318144],[87.76225647172585,26.958123193052863],[87.76194904563611,26.958662048601646],[87.76192278482506,26.95893805585932],[87.76190198825424,26.959156635243342],[87.7618366523886,26.959272110054428],[87.76152630044518,26.95947921704015],[87.761398057267,26.959516050193486],[87.76093076455743,26.95951179532086],[87.76050254288693,26.959794011844128],[87.76033424041624,26.959841258724953],[87.76029761032399,26.959851540230336],[87.76027057551853,26.959849307310215],[87.7599642870739,26.959823989863835],[87.75978860359274,26.95976945218394],[87.75954269563347,26.959693134165594],[87.75898443169072,26.959741274698885],[87.75854758889054,26.959867769578842],[87.7582646781516,26.96003407492791],[87.75818011576102,26.960145467986955],[87.75800314778996,26.96037861129147],[87.75794401196846,26.960579803284997],[87.75800359445688,26.960915823496126],[87.75843388791164,26.961313002604093],[87.7586402440681,26.96137737742428],[87.75864027678428,26.961377392782882],[87.75918834187351,26.961396049805796],[87.75984084120888,26.96141825900232],[87.75984088031812,26.96141828501135],[87.76027176419217,26.961716159157938],[87.75986969240364,26.96242260972555],[87.75996253443694,26.963020280805015],[87.76021102158566,26.96353806165692],[87.76036071390774,26.964105703992733],[87.76039648792643,26.964241338152924],[87.76031743068957,26.96444751716115],[87.76028199833439,26.964539920081815],[87.75977283291998,26.96506189034802],[87.75956171278997,26.965507656807187],[87.75956125485826,26.96554250079608],[87.75955970354228,26.965663444726964],[87.75962008351597,26.965942997211254],[87.75962010668536,26.965943088575145],[87.75966589631021,26.96598981271878],[87.75971458120716,26.966039490420552],[87.76009277237698,26.966127842115046],[87.76019650920183,26.96615206913724],[87.76044592372924,26.966342571703546],[87.76049036938642,26.96639425974553],[87.76080273179426,26.96676274716329],[87.76090547475292,26.967053391353076],[87.76086814944507,26.967405693705814],[87.76038856087807,26.968015499159236],[87.76026025729121,26.96804101613708],[87.7599270658138,26.967850960098318],[87.75954091643717,26.967277481486786],[87.75954089362496,26.967277461354996],[87.75898345923088,26.966975713836433],[87.75873861553876,26.966731023992065],[87.758295507638,26.96639480574847],[87.75827896878445,26.966382592562987],[87.75826825815088,26.96637466957119],[87.75802290664193,26.9663241020452],[87.75774649348996,26.9663301087877],[87.75767453096469,26.96639594136905],[87.75750359284314,26.9665481139705],[87.75752492912211,26.967096399662395],[87.75834314654438,26.968190012842033],[87.75837777410622,26.96823629059937],[87.75836624408332,26.968324545056],[87.75831437624198,26.968721925015938],[87.75819492395352,26.96887879622994],[87.75814695957102,26.968941804981334],[87.75809724726601,26.969110716548542],[87.7580564691828,26.969249275009687],[87.75811744398905,26.9694204455784],[87.75848277738193,26.969827015562657],[87.75848483747953,26.969829308808038],[87.75852050924682,26.970218859590535],[87.75855693214085,26.97061672464332],[87.75838920283417,26.971053293596416],[87.75812254068053,26.971208214393755],[87.75776378465976,26.971338818131223],[87.75736689296839,26.971325145914662],[87.75723878484322,26.971382277547843],[87.75690423808541,26.97173395600603],[87.75695728676817,26.97249950470883],[87.75697460662255,26.97274932168164],[87.75687343689724,26.97292572926327],[87.7567785220075,26.973091230324094],[87.75655358687649,26.973363312071882],[87.7565951677529,26.974019943599878],[87.75602467331551,26.974982353274015],[87.75592176926321,26.975414113757722],[87.75525641077024,26.975851065333433],[87.75507141238927,26.976059919557617],[87.75493505117407,26.9762138647127],[87.75482782269184,26.97662423686491],[87.75476375276686,26.976869434160776],[87.75455469416252,26.977053190060186],[87.7541669834303,26.97739397300513],[87.75396530941664,26.977659220265828],[87.753965290022,26.977659242426462],[87.75390687574942,26.97814261422392],[87.75387220819589,26.978429440909643],[87.75387221016003,26.97842946971473],[87.75375874181601,26.978587094837586],[87.75364877406929,26.978739875830755],[87.75352778357275,26.979000141901558],[87.75352079171522,26.979474156275135],[87.7537858963291,26.979842947581876],[87.7541557228692,26.98004412526767],[87.7547727636414,26.980189782398025],[87.75490037569217,26.9803425744181],[87.75502611656101,26.98067823347548],[87.75496516304143,26.980983261180665],[87.75470376522664,26.981460967918622],[87.75517865851585,26.982957210560215],[87.75508206569718,26.983206035786836],[87.75460871452535,26.9836329184066],[87.75449980599737,26.9839246936113],[87.75482406044539,26.98446697197891],[87.75470208567211,26.984781378569714],[87.75438234995897,26.985099102230194],[87.75334891946578,26.985519993265555],[87.75313309526398,26.985742374194263],[87.75327834050977,26.985985380461255],[87.75350905436369,26.986198564064516],[87.75458783057185,26.986535831606492],[87.75484086439911,26.986690247587926],[87.75499855190617,26.98691062176166],[87.75463512230485,26.98766647461729],[87.75465475724191,26.987781508216557],[87.75491398143956,26.98801488471343],[87.75507260967896,26.988370673974742],[87.7549298750207,26.988606182606826],[87.75493838134123,26.988741534858473],[87.75525581096659,26.988821114785907],[87.75567033810303,26.98882567187549],[87.75633758408836,26.988946195475464],[87.75674411065948,26.98907491357447],[87.75688447964855,26.989335988334282],[87.75721916463256,26.989365803448578],[87.75798151456446,26.9897589682258],[87.75885376746585,26.989623351043587],[87.7592180307644,26.989847035087255],[87.7595701042316,26.990213136459413],[87.75964045379185,26.990743165720986],[87.75936186761417,26.9914670073738],[87.75958152113333,26.99199628384517],[87.76032561790477,26.99257012655958],[87.76094591229258,26.992826315854384],[87.76127234873405,26.993027681987098],[87.76168837901463,26.993156337359153],[87.76211716511942,26.993402340022403],[87.76220044822063,26.993519310571678],[87.76238521541794,26.99408934926214],[87.76290222679891,26.99454022249869],[87.76306023353722,26.995078814518973],[87.76353822788737,26.99542609618498],[87.76349985066004,26.995995138173097],[87.7636725449768,26.996283157355673],[87.76392595224266,26.996401375255417],[87.76459138597272,26.996521899328176],[87.76481553399385,26.99668775659069],[87.76471988376085,26.99716677328077],[87.764459732774,26.99745261131721],[87.7644568613828,26.997678365076307],[87.76457134446265,26.997837972764632],[87.76491322292814,26.99799638790896],[87.76527061169021,26.99839168490401],[87.76533482646941,26.99857417524664],[87.76541130601804,26.99925999960179],[87.76552672558869,26.999365465850882],[87.76579082436552,26.99948355837422],[87.76635066543182,26.999999700564757],[87.76698527899394,27.000314531365614],[87.76767747458217,27.0005658435438],[87.76800735269,27.000900372935057],[87.76808319694018,27.001116622930606],[87.76809571548858,27.00174855792317],[87.7681895094843,27.002199500574125],[87.76838796249109,27.00247607792495],[87.76863493254395,27.00266656774655],[87.76893097962241,27.00275983940221],[87.76931956662341,27.003100745703954],[87.76937071311015,27.003215591039545],[87.76933927922981,27.003951619748417],[87.76965022628127,27.00493183839663],[87.76980510064286,27.005188285884266],[87.77000861731375,27.00537677521693],[87.77033381281548,27.006038588221777],[87.77073140731405,27.006591681734662],[87.77106365588585,27.006714024338642],[87.77149862870507,27.00674996453869],[87.77191440758219,27.00684929874015],[87.77254564347994,27.007109926795096],[87.77343196870397,27.00717724452099],[87.7737875393436,27.007308463574045],[87.77402169381699,27.007641244717686],[87.77395661691318,27.00807274730293],[87.7738366562217,27.009046284272806],[87.77451281978608,27.01097021178206],[87.77467788610741,27.011253729597207],[87.77489211514391,27.012451076100437],[87.77511682901817,27.01278392017026],[87.77555805988051,27.013081687186908],[87.7759886007169,27.01347435721683],[87.77675645452639,27.01399599698382],[87.77708345669404,27.014359785433523],[87.77759022312054,27.015208025007947],[87.77877725191235,27.016747643685914],[87.77901134995301,27.017342250692767],[87.77902458353188,27.019258562151425],[87.7792107226366,27.01965479985292],[87.77957230445813,27.020190013477677],[87.7796892894803,27.020428643492036],[87.77965909312769,27.02052586007015],[87.77972749363099,27.020577374044375],[87.77989718377461,27.020698281437458],[87.78011783284208,27.020986049700216],[87.78050724063634,27.021715193456103],[87.78083155591654,27.022135499141637],[87.78117387500623,27.02243151736376],[87.78168469398614,27.022769545354475],[87.78263698566955,27.02306217663121],[87.78296699031588,27.023491484392288],[87.78299881564244,27.02353868499987],[87.7830561507217,27.02362189655734],[87.78381519365597,27.024310647605255],[87.78417345367133,27.024543396992748],[87.7847926860984,27.02478595704987],[87.78530299856106,27.024855343771623],[87.7854121667676,27.02208277929896],[87.78538101941724,27.02159544972062],[87.78551730716075,27.020992020955955],[87.78665132639976,27.020064729531942],[87.78787776224797,27.019475473723116],[87.78915964744508,27.018524735131123],[87.78950126504786,27.01817525181438],[87.78969582457879,27.017618836135192],[87.78982667969059,27.017408209657535],[87.7903674268349,27.016797959099183],[87.79062695008882,27.016345071376527],[87.7910107054201,27.01590049778519],[87.79173281114494,27.01437728883075],[87.79201420446068,27.013355422091603],[87.79222594312427,27.012115055356173],[87.7921956477838,27.01049451868076],[87.79211755271686,27.010314404842923],[87.79201201049877,27.01017955444304],[87.79185656998325,27.009758308659592],[87.79181686032058,27.0094018919976],[87.79177570829586,27.008835601948995],[87.79176024858498,27.00807044040385],[87.79159412014876,27.00782993550618],[87.79159780283997,27.00754316428703],[87.79167882853247,27.007332788987497],[87.7920763998919,27.006800126120464],[87.7920781478018,27.006684967114662],[87.79198116895222,27.00641238888999],[87.79140675636292,27.00572944845488],[87.79120279679533,27.005222679019283],[87.79105529293017,27.004663767674895],[87.79111830430809,27.00413523685127],[87.79106352528596,27.003690857691787],[87.7909994339291,27.003445161569328],[87.79085306189072,27.003159330466588],[87.79064297657114,27.002749713838163],[87.79061138849903,27.002102087297803],[87.79046363431527,27.001516043490074],[87.79047231130268,27.000872667034056],[87.790594035838,27.000528876540574],[87.79069063208034,27.000471920768586],[87.79085299792534,27.000186584711436],[87.7909625966603,26.99999408918183],[87.79100391787654,26.999689123260147],[87.79089843250095,26.99928794576263],[87.79090361283797,26.998865822177944],[87.79119939233101,26.998098967345822],[87.79156589533375,26.997812502107497],[87.79178113299541,26.996522369802985]]]}},{"type":"Feature","properties":{"province":"Koshi Province","district":"Ilam","municipality":"Phakphokthum Rural Municipality","ward":"4","wardNumber":4,"sourceMunicipality":"Fakphokthum","sourceType":"Gaunpalika"},"geometry":{"type":"Polygon","coordinates":[[[87.7620881593947,26.952593822211966],[87.76260615498208,26.952177942451208],[87.76281916931467,26.952113545081545],[87.76364259530557,26.952172298116327],[87.7647229976161,26.952511816774937],[87.76564315622602,26.95299206655461],[87.76594895668606,26.953042325880855],[87.76620473622201,26.952968738091503],[87.76639824019965,26.95279837215411],[87.76649464483094,26.95254504572813],[87.76652271146672,26.952222076324915],[87.76690063026227,26.950764080184],[87.76681952249565,26.950030929248996],[87.76659287335433,26.949851568087634],[87.76610475750194,26.949836196412534],[87.76541013640292,26.9502011277047],[87.76502612397488,26.950313854829677],[87.76469293809608,26.950209580161278],[87.76460565089558,26.949964010088852],[87.76524891975124,26.94861966759299],[87.76546549454241,26.94842892000475],[87.76656889188168,26.9481768274175],[87.76680741193873,26.947965637088114],[87.76691694559901,26.947680614096498],[87.76691856917593,26.947551951085146],[87.76663788259155,26.946558039813496],[87.7661189354087,26.946174874249103],[87.76570940742151,26.946046155684137],[87.76503746655018,26.945666118772245],[87.76453352502648,26.945282827588912],[87.76442260287114,26.94497192554534],[87.76442628519263,26.94468527923436],[87.76434975026868,26.944351619926238],[87.76407907113958,26.943531446752335],[87.7639530230417,26.94342379206809],[87.76368942533763,26.943362028546147],[87.76233624654228,26.9434573927428],[87.76205013678897,26.94323770768376],[87.76201711660917,26.94282258730159],[87.76214451070453,26.941542021921972],[87.76208736139635,26.94138435158549],[87.76186821285717,26.941094333220686],[87.761741227616,26.94103631786552],[87.76128605913817,26.94095298889397],[87.76057366950461,26.940731124221873],[87.7601963398459,26.940527758144317],[87.7600500903219,26.940117765694048],[87.7601744414531,26.93979204302508],[87.76043234388396,26.939564909398435],[87.75994539963303,26.93878656499723],[87.75967992241148,26.93854193474273],[87.75909026586358,26.938393901453548],[87.7588067287075,26.938560205383613],[87.75864098635338,26.93882065965325],[87.7586031045105,26.93918201647039],[87.75831163965753,26.939942056103057],[87.75810237664928,26.94000189013567],[87.75712551781943,26.939873931864582],[87.75683847513727,26.9398800008339],[87.75671043019982,26.939946147497086],[87.75658938971306,26.94010707090179],[87.75654194176941,26.940457237246456],[87.75671845605541,26.941049908229175],[87.7567138994615,26.94140207401097],[87.7566278729976,26.941626015245337],[87.7562094190993,26.942136109571734],[87.75595452531225,26.942719909783246],[87.75567862146613,26.94317504798416],[87.7554492916881,26.943343351722675],[87.75438290160577,26.943294917441754],[87.7537781129449,26.943061109790197],[87.75345874598652,26.943033481765255],[87.75302109259717,26.943322511482382],[87.75224920339338,26.944182151443968],[87.75166068713632,26.944699938626453],[87.75093193285605,26.945234294955217],[87.74923481887902,26.94549846359664],[87.74916948240394,26.945528097824003],[87.74892720911998,26.94564226062089],[87.74799930636793,26.945593137267803],[87.74780573280201,26.94545866385406],[87.74724145586066,26.945062119591167],[87.74672412934811,26.9444350699511],[87.74652486601052,26.944302971533517],[87.74592395419599,26.944078165791165],[87.7452257590222,26.943912567264444],[87.74462791641865,26.943963154259198],[87.74422389227934,26.943906582061665],[87.74368850338777,26.94359118626877],[87.74336868475334,26.94293149854716],[87.74316004112896,26.942711374645516],[87.7428550526037,26.942577528495537],[87.74239838504084,26.94255740570507],[87.74203750527066,26.942640561024575],[87.74157584864288,26.94319829459457],[87.74150688659041,26.943250561373507],[87.74143329770403,26.943257751656553],[87.74049063426,26.94296924546417],[87.74015025487293,26.94272274178849],[87.73983263678375,26.94258445638879],[87.73945193825953,26.942721941475778],[87.73910187302309,26.9427260104565],[87.73852078172412,26.942546217713236],[87.73844062696863,26.94252177487126],[87.7373502192793,26.94207384949476],[87.73694825873415,26.942032968871274],[87.73658575437618,26.942159137258024],[87.73627502131524,26.942404527330947],[87.73600379761186,26.942426225454234],[87.73560871471068,26.9423877206168],[87.73523757653128,26.942247436146676],[87.73476752280926,26.94191578398582],[87.73455869141272,26.941652835583966],[87.73386661794159,26.94125460558582],[87.73363965494339,26.94102560520229],[87.73280146294795,26.940524347179988],[87.73228251091187,26.939924367993967],[87.73191943803705,26.93976595274708],[87.73138536541032,26.939651365721918],[87.73044271291218,26.939841374785487],[87.73013360250583,26.939946785361503],[87.72991689980178,26.9400224363938],[87.7294385381251,26.940049765438854],[87.72806885227114,26.940124560112356],[87.72737215885827,26.94007849614367],[87.7269440064751,26.940277123983257],[87.72622455789245,26.94031014604904],[87.72594626683234,26.9402303768897],[87.72585078499894,26.939772619237626],[87.72569528871533,26.939680845790495],[87.72552091219158,26.939681785878992],[87.72507231653026,26.939941431951087],[87.72483804911847,26.940227020142988],[87.72476427394716,26.94029516569145],[87.72469493646481,26.940295480070375],[87.72435506053388,26.940218213086997],[87.723960854345,26.94021346854911],[87.72306284895149,26.940689873253177],[87.72276305349601,26.94077946655294],[87.72245137670674,26.940781097112023],[87.72220385066991,26.940868127110488],[87.72165778661274,26.941333647950373],[87.7214417722935,26.9414341179063],[87.72055813862929,26.941495088831743],[87.71999142934362,26.94139413075988],[87.71971051050168,26.94119013882649],[87.71931229733399,26.940946136337022],[87.71831528900566,26.940019006065512],[87.71775351668784,26.939802952825147],[87.71733798821043,26.939714809158783],[87.71719443306475,26.93961840795816],[87.71711227570651,26.93947436701512],[87.71711077209643,26.939334451333902],[87.71675701216539,26.939051811967758],[87.7163739190575,26.93832022901647],[87.71617615680675,26.938210575352052],[87.71539492893217,26.937943697592473],[87.71470767429929,26.937795915729755],[87.71464590202685,26.937782725403007],[87.71422324739558,26.937760038131024],[87.71337744191196,26.93792460100407],[87.71242353093326,26.937931681583454],[87.71100181594464,26.937534839730883],[87.71056815661227,26.937462512571887],[87.70954884721826,26.937481222722756],[87.70893705598691,26.937213467062893],[87.70814651390722,26.93705943587607],[87.70801902887891,26.937012674304114],[87.70798976933926,26.93706700322786],[87.7076138860684,26.937274319725216],[87.70748734241903,26.937378789977082],[87.70651950603286,26.938175915079],[87.7059396857943,26.93898697447149],[87.70545664015327,26.939273817136726],[87.7038680064903,26.93968133803832],[87.70371520392895,26.939819756304228],[87.70305173323342,26.940863698209252],[87.70158765479296,26.94176035998125],[87.70098101579406,26.94272496608772],[87.70055805786338,26.943171791153816],[87.70020650234596,26.943643122904913],[87.69989076792105,26.943901954081394],[87.6986917099992,26.9441833067645],[87.69776538300935,26.944689032378545],[87.69670951259707,26.94542564076817],[87.69521636065113,26.946320115937894],[87.69499878672514,26.946569504704787],[87.69439250585111,26.94669211303398],[87.69351044270074,26.947125380040525],[87.69334050726029,26.94724135490811],[87.69308904446467,26.947411846556573],[87.69272654221683,26.947659674860418],[87.690414165275,26.949084130546417],[87.68948034077245,26.949912576998937],[87.68869419975546,26.950902880485774],[87.68859391740601,26.951088498722935],[87.68844136729011,26.951369083430617],[87.68754925298742,26.952542754801254],[87.68732830203523,26.952767324229175],[87.68689402380433,26.953006464391112],[87.68494963981449,26.95367731759886],[87.6843129718551,26.9537797965337],[87.68232613400097,26.95439663487258],[87.68214919481066,26.954402014199793],[87.68203502959442,26.9544861036802],[87.68185884968453,26.95492260948001],[87.68183390755777,26.955168744709738],[87.68208876594237,26.9558650069134],[87.6820321268834,26.956190352894026],[87.68113438154583,26.957176594845212],[87.68042439342754,26.958173273413],[87.68005889262521,26.9585565164539],[87.67977542275858,26.95896420329877],[87.6796096781288,26.95915232425169],[87.67935183985243,26.959419968840418],[87.67894813642826,26.95972887902977],[87.67889561888997,26.95979233537179],[87.67896921030386,26.959886799951626],[87.67933165801757,26.960045340341786],[87.6794598313974,26.960101104737685],[87.67969798108365,26.960113541919604],[87.67985866690613,26.960234636732952],[87.68011157706836,26.960504273981467],[87.68050503705821,26.96069200989682],[87.68080258669274,26.96083498454505],[87.68146720718293,26.960978515572496],[87.68166903242336,26.96102039928438],[87.68176775778637,26.961107985632378],[87.68219135779944,26.961480588083084],[87.68229446167916,26.961660701879346],[87.68244283605003,26.96203018185557],[87.6824720364752,26.96217672442723],[87.68253831772383,26.962517261078663],[87.68256008826941,26.96308824061559],[87.68301977293405,26.963907659831946],[87.68313938386831,26.96411471878238],[87.68328362817894,26.964321714616645],[87.68341506502813,26.965020854452334],[87.68380279442574,26.966228827383762],[87.68383218377674,26.966395750529497],[87.68391372309985,26.966858072149577],[87.68433446601364,26.96810880657892],[87.68486355519607,26.969149102402525],[87.68504819439448,26.969586102263893],[87.68526710148068,26.970257670564294],[87.68566838571189,26.97090579088297],[87.68654149434272,26.972795392952285],[87.68709865586948,26.973785861522458],[87.68804185278681,26.975690903624983],[87.68878547007782,26.9772876717829],[87.68893691029268,26.97772929786731],[87.68900031191765,26.977914101579586],[87.68932669247278,26.97844750190558],[87.68956854081573,26.978951895680424],[87.69006411151145,26.979646966391986],[87.69076575600172,26.980262010171],[87.69095483165542,26.980586101781512],[87.69118380896425,26.981451789171096],[87.69167506518099,26.982162676504753],[87.6919079684134,26.98244137949756],[87.69291453857817,26.9831587601158],[87.69327617321233,26.983276663477334],[87.69385883205413,26.98368002140675],[87.6944232282907,26.983783355236966],[87.69581817643089,26.983832846140952],[87.69726113659075,26.983602254258937],[87.69764408894235,26.98360030965281],[87.69853947989307,26.983647808938585],[87.69879494874283,26.98370294565469],[87.69911344198823,26.98377133543492],[87.69970022651134,26.984125053840177],[87.7004089960057,26.984654259572785],[87.70147803341571,26.985675979012424],[87.7018856862494,26.985886096059293],[87.70258519719188,26.986135407527676],[87.70291156930317,26.98625112303193],[87.70300754271597,26.986284506320963],[87.70359282502115,26.986606653231902],[87.70438687729144,26.98716242738268],[87.70542727817127,26.98803078855973],[87.70519636724036,26.98746988542911],[87.70500484089347,26.987161607749062],[87.7049613144451,26.98671894018655],[87.70492476840363,26.98634714347941],[87.70493118829658,26.98606496387754],[87.70520788812253,26.985587273970193],[87.70527943607891,26.985243820569643],[87.70522272296115,26.984636904767846],[87.70486704028377,26.98396603828453],[87.70475133252074,26.98376029784228],[87.70427206912112,26.982908113645863],[87.70392659334786,26.981950535419152],[87.70392657728588,26.981950506081805],[87.70374557937896,26.98171214919164],[87.70358544987475,26.98118700488614],[87.70334242527316,26.980702921956844],[87.70264383309771,26.97968157805846],[87.70222320261114,26.978290993314022],[87.7019214484803,26.977172912160608],[87.70186623115893,26.976403443401292],[87.70191410683005,26.97610278521244],[87.70202270502413,26.9754207770945],[87.70201855840857,26.975114044880648],[87.70201669374167,26.974976147735084],[87.70187887907007,26.974288322794255],[87.70187312353949,26.973866262960495],[87.70193288887816,26.9734506336387],[87.70208968849124,26.97304127393442],[87.70202281704198,26.972812058176224],[87.70193910577717,26.972525120228305],[87.70193685689814,26.97236712961098],[87.70217717209279,26.97201830472197],[87.70217719451476,26.97201828248819],[87.70245309921242,26.9718273425694],[87.70245311344115,26.97182731604201],[87.70250292329862,26.971734509655615],[87.70249829411682,26.97139146364569],[87.70232808425334,26.970663192915918],[87.70227531978894,26.97048513733009],[87.70221560723729,26.970390613210355],[87.70228387699926,26.970128473000223],[87.70458643737285,26.969205500768872],[87.70494133230962,26.96906324195585],[87.7050152471259,26.968995258815692],[87.70518809822251,26.968836295412775],[87.70629684671802,26.967476376777803],[87.70629686907914,26.96747635274144],[87.70678076725865,26.96700216827048],[87.70734424957872,26.966572684323683],[87.70734427386202,26.96657265753109],[87.70745712606424,26.96639379361535],[87.70748768702819,26.966343972543505],[87.70752384319594,26.96628737655589],[87.70801831649584,26.965688950583154],[87.70822192570056,26.96553068785975],[87.70848016470158,26.96532996229004],[87.7091115769464,26.96498142283373],[87.70985533112214,26.964178602056183],[87.71003348471274,26.9641082657868],[87.71020277597687,26.96404142122265],[87.71050690807708,26.96383220306879],[87.71050693537585,26.963832176196235],[87.71095707731045,26.963209179658065],[87.71099452563361,26.963179138239266],[87.71131102341113,26.96292521027164],[87.71185428140723,26.962773468842204],[87.71233001667251,26.9625115064437],[87.71287851866903,26.962208474058045],[87.71305034335018,26.962061189216033],[87.71326252684246,26.96187930881912],[87.71369434064417,26.961646814613427],[87.71369436720255,26.961646795876234],[87.7138100409867,26.961626506342903],[87.7142372514814,26.9615515710703],[87.7146220777087,26.961526817591466],[87.71511607058153,26.961495039570952],[87.71621815942574,26.961094475010356],[87.71695391371924,26.960727283945264],[87.717107033636,26.96053916998023],[87.71763946324144,26.960188862275388],[87.71854593584072,26.960050170841647],[87.71908971274505,26.95996697265782],[87.71908974163931,26.95996696377803],[87.7196693939659,26.959618656836284],[87.72066649459866,26.959642892767754],[87.72110109427959,26.95965194929405],[87.7212837477481,26.959551788484614],[87.72144185257999,26.95946508861153],[87.7215266626308,26.959456763547387],[87.72180565248215,26.959429374706815],[87.7221028879743,26.959524903774824],[87.7228606177531,26.959936332046457],[87.72310107311608,26.96001409692796],[87.72395732885255,26.95987654155081],[87.72448018602036,26.959994519253375],[87.72512094644591,26.96013909839896],[87.72572106309394,26.960162984695156],[87.7261760793599,26.960181083774096],[87.72629691621592,26.960153339230818],[87.72644774349735,26.960118695316456],[87.72684102254266,26.959853618727067],[87.72740276555662,26.959474990480548],[87.7276039006581,26.959227917712415],[87.72760392703498,26.959227893566737],[87.72800072268623,26.95893682275808],[87.72844668913554,26.958758522403745],[87.7296680727426,26.95850841324517],[87.72987358705652,26.95834706512319],[87.73038613975923,26.958143487950565],[87.7304679464618,26.958093478819478],[87.73060571723919,26.958009256994707],[87.73077656530894,26.9577993594242],[87.7308474959391,26.95771223214108],[87.7310159415161,26.957619455793445],[87.73118260368479,26.957527661714344],[87.73173005583863,26.95755641100885],[87.73215127576394,26.957741590114992],[87.73240143151581,26.958049495110956],[87.73278713138296,26.958189703684027],[87.73384666431518,26.95803970365451],[87.73467224307743,26.957545556909615],[87.734817806491,26.957458418147827],[87.73526565984774,26.957190319126333],[87.73595988988271,26.957036119236044],[87.73713900863217,26.956774211345703],[87.7374683575145,26.956815164807676],[87.7378877276226,26.956867299252227],[87.73845669641315,26.957004276517576],[87.73929338059605,26.957541660621125],[87.73948195970533,26.957583535827773],[87.73966368784217,26.95744262180705],[87.73969701173222,26.95714673507611],[87.73971271914625,26.95711311418514],[87.73983231272466,26.9568570759368],[87.73991696174062,26.95678893381212],[87.7404032037098,26.956608117854007],[87.74101565958871,26.956464879920347],[87.74167648081215,26.956599093526695],[87.74167650842928,26.9565990765601],[87.74212276673536,26.956276186026773],[87.74286077117893,26.95616845060613],[87.74309448267168,26.955988895096343],[87.74322323243507,26.955938559656417],[87.744082534992,26.955604452111313],[87.74430542132289,26.955695909421546],[87.74462817791087,26.955668076813847],[87.74472526133052,26.955659704646123],[87.74503701465214,26.95548050677427],[87.74528801469782,26.955336219238312],[87.74563383151282,26.955255381568666],[87.74604440839796,26.955250938354503],[87.74630388137517,26.955159280069832],[87.74639513773863,26.955075437664217],[87.74654360395638,26.954939036033476],[87.74673088908646,26.954594950526452],[87.74673091131652,26.95459492288073],[87.74703883548379,26.954311147216803],[87.74743823451396,26.95423905961381],[87.74781505224126,26.954460550111524],[87.7479767476847,26.954649980836844],[87.74825615360142,26.954977328684798],[87.74838532088195,26.95507496132021],[87.74851120381643,26.955170112047206],[87.74887859820987,26.955398373825314],[87.74914030696513,26.955455695009658],[87.74915575517599,26.955456769736404],[87.74916994587475,26.95545776703212],[87.74960531471544,26.955489316607874],[87.74960535313298,26.955489321897172],[87.7501869290709,26.954978348281525],[87.75018695565082,26.954978330439246],[87.75049510112224,26.95482098586666],[87.75078800883624,26.95473583801514],[87.75131927136482,26.9547939581611],[87.75179681458008,26.954728188648513],[87.75227374169314,26.95447734979797],[87.75261349175264,26.95443033483536],[87.75303713899031,26.954498090623726],[87.7532288548838,26.954501498526838],[87.75362161156409,26.954508466197893],[87.75368948140334,26.954468614128416],[87.7537495804542,26.954433318611045],[87.75395449174225,26.954379610938393],[87.75445303445458,26.954248938432016],[87.75474669111665,26.954139807337157],[87.75522943623463,26.953960402960277],[87.7557688747623,26.95364373530987],[87.7562461743974,26.95354188766096],[87.75656651534034,26.953545555446688],[87.75664420603513,26.95354645186026],[87.75692961228594,26.953664540220405],[87.75697412727077,26.95366475630674],[87.75715763483637,26.953665659083484],[87.75758440914254,26.953545918344673],[87.75764992680895,26.953561885277846],[87.75771119956667,26.95357681840585],[87.75811603942252,26.953845506406157],[87.75818954975115,26.953853512374693],[87.75839271462762,26.953875636398795],[87.75844983103553,26.953859140787863],[87.75860010227757,26.953815740992695],[87.75890114402043,26.953550095495718],[87.75960726518059,26.95309933126305],[87.76039429342823,26.9527045738345],[87.76114183124055,26.952714065413623],[87.76138317048706,26.952642788352303],[87.7620881593947,26.952593822211966]]]}},{"type":"Feature","properties":{"province":"Koshi Province","district":"Ilam","municipality":"Phakphokthum Rural Municipality","ward":"3","wardNumber":3,"sourceMunicipality":"Fakphokthum","sourceType":"Gaunpalika"},"geometry":{"type":"Polygon","coordinates":[[[87.75364877406929,26.978739875830755],[87.75375874181601,26.978587094837586],[87.75387221016003,26.97842946971473],[87.75387220819589,26.978429440909643],[87.75390687574942,26.97814261422392],[87.753965290022,26.977659242426462],[87.75396530941664,26.977659220265828],[87.7541669834303,26.97739397300513],[87.75455469416252,26.977053190060186],[87.75476375276686,26.976869434160776],[87.75482782269184,26.97662423686491],[87.75493505117407,26.9762138647127],[87.75507141238927,26.976059919557617],[87.75525641077024,26.975851065333433],[87.75592176926321,26.975414113757722],[87.75602467331551,26.974982353274015],[87.7565951677529,26.974019943599878],[87.75655358687649,26.973363312071882],[87.7567785220075,26.973091230324094],[87.75687343689724,26.97292572926327],[87.75697460662255,26.97274932168164],[87.75695728676817,26.97249950470883],[87.75690423808541,26.97173395600603],[87.75723878484322,26.971382277547843],[87.75736689296839,26.971325145914662],[87.75776378465976,26.971338818131223],[87.75812254068053,26.971208214393755],[87.75838920283417,26.971053293596416],[87.75855693214085,26.97061672464332],[87.75852050924682,26.970218859590535],[87.75848483747953,26.969829308808038],[87.75848277738193,26.969827015562657],[87.75811744398905,26.9694204455784],[87.7580564691828,26.969249275009687],[87.75809724726601,26.969110716548542],[87.75814695957102,26.968941804981334],[87.75819492395352,26.96887879622994],[87.75831437624198,26.968721925015938],[87.75836624408332,26.968324545056],[87.75837777410622,26.96823629059937],[87.75834314654438,26.968190012842033],[87.75752492912211,26.967096399662395],[87.75750359284314,26.9665481139705],[87.75767453096469,26.96639594136905],[87.75774649348996,26.9663301087877],[87.75802290664193,26.9663241020452],[87.75826825815088,26.96637466957119],[87.75827896878445,26.966382592562987],[87.758295507638,26.96639480574847],[87.75873861553876,26.966731023992065],[87.75898345923088,26.966975713836433],[87.75954089362496,26.967277461354996],[87.75954091643717,26.967277481486786],[87.7599270658138,26.967850960098318],[87.76026025729121,26.96804101613708],[87.76038856087807,26.968015499159236],[87.76086814944507,26.967405693705814],[87.76090547475292,26.967053391353076],[87.76080273179426,26.96676274716329],[87.76049036938642,26.96639425974553],[87.76044592372924,26.966342571703546],[87.76019650920183,26.96615206913724],[87.76009277237698,26.966127842115046],[87.75971458120716,26.966039490420552],[87.75966589631021,26.96598981271878],[87.75962010668536,26.965943088575145],[87.75962008351597,26.965942997211254],[87.75955970354228,26.965663444726964],[87.75956125485826,26.96554250079608],[87.75956171278997,26.965507656807187],[87.75977283291998,26.96506189034802],[87.76028199833439,26.964539920081815],[87.76031743068957,26.96444751716115],[87.76039648792643,26.964241338152924],[87.76036071390774,26.964105703992733],[87.76021102158566,26.96353806165692],[87.75996253443694,26.963020280805015],[87.75986969240364,26.96242260972555],[87.76027176419217,26.961716159157938],[87.75984088031812,26.96141828501135],[87.75984084120888,26.96141825900232],[87.75918834187351,26.961396049805796],[87.75864027678428,26.961377392782882],[87.7586402440681,26.96137737742428],[87.75843388791164,26.961313002604093],[87.75800359445688,26.960915823496126],[87.75794401196846,26.960579803284997],[87.75800314778996,26.96037861129147],[87.75818011576102,26.960145467986955],[87.7582646781516,26.96003407492791],[87.75854758889054,26.959867769578842],[87.75898443169072,26.959741274698885],[87.75954269563347,26.959693134165594],[87.75978860359274,26.95976945218394],[87.7599642870739,26.959823989863835],[87.76027057551853,26.959849307310215],[87.76029761032399,26.959851540230336],[87.76033424041624,26.959841258724953],[87.76050254288693,26.959794011844128],[87.76093076455743,26.95951179532086],[87.761398057267,26.959516050193486],[87.76152630044518,26.95947921704015],[87.7618366523886,26.959272110054428],[87.76190198825424,26.959156635243342],[87.76192278482506,26.95893805585932],[87.76194904563611,26.958662048601646],[87.76225647172585,26.958123193052863],[87.76217930243014,26.957789520318144],[87.76180028922977,26.95696767093379],[87.76176819621028,26.95678274676636],[87.76184676716385,26.95648210866645],[87.76184678161805,26.95648202892244],[87.76229268631431,26.956120790728157],[87.76256471426672,26.955740102242018],[87.76258595833178,26.955435261705965],[87.76224293658885,26.954717060674056],[87.76224782550871,26.954324264452374],[87.76238335975145,26.95388563381552],[87.76230519471271,26.95330820416589],[87.7620881593947,26.952593822211966],[87.76138317048706,26.952642788352303],[87.76114183124055,26.952714065413623],[87.76039429342823,26.9527045738345],[87.75960726518059,26.95309933126305],[87.75890114402043,26.953550095495718],[87.75860010227757,26.953815740992695],[87.75844983103553,26.953859140787863],[87.75839271462762,26.953875636398795],[87.75818954975115,26.953853512374693],[87.75811603942252,26.953845506406157],[87.75771119956667,26.95357681840585],[87.75764992680895,26.953561885277846],[87.75758440914254,26.953545918344673],[87.75715763483637,26.953665659083484],[87.75697412727077,26.95366475630674],[87.75692961228594,26.953664540220405],[87.75664420603513,26.95354645186026],[87.75656651534034,26.953545555446688],[87.7562461743974,26.95354188766096],[87.7557688747623,26.95364373530987],[87.75522943623463,26.953960402960277],[87.75474669111665,26.954139807337157],[87.75445303445458,26.954248938432016],[87.75395449174225,26.954379610938393],[87.7537495804542,26.954433318611045],[87.75368948140334,26.954468614128416],[87.75362161156409,26.954508466197893],[87.7532288548838,26.954501498526838],[87.75303713899031,26.954498090623726],[87.75261349175264,26.95443033483536],[87.75227374169314,26.95447734979797],[87.75179681458008,26.954728188648513],[87.75131927136482,26.9547939581611],[87.75078800883624,26.95473583801514],[87.75049510112224,26.95482098586666],[87.75018695565082,26.954978330439246],[87.7501869290709,26.954978348281525],[87.74960535313298,26.955489321897172],[87.74960531471544,26.955489316607874],[87.74916994587475,26.95545776703212],[87.74915575517599,26.955456769736404],[87.74914030696513,26.955455695009658],[87.74887859820987,26.955398373825314],[87.74851120381643,26.955170112047206],[87.74838532088195,26.95507496132021],[87.74825615360142,26.954977328684798],[87.7479767476847,26.954649980836844],[87.74781505224126,26.954460550111524],[87.74743823451396,26.95423905961381],[87.74703883548379,26.954311147216803],[87.74673091131652,26.95459492288073],[87.74673088908646,26.954594950526452],[87.74654360395638,26.954939036033476],[87.74639513773863,26.955075437664217],[87.74630388137517,26.955159280069832],[87.74604440839796,26.955250938354503],[87.74563383151282,26.955255381568666],[87.74528801469782,26.955336219238312],[87.74503701465214,26.95548050677427],[87.74472526133052,26.955659704646123],[87.74462817791087,26.955668076813847],[87.74430542132289,26.955695909421546],[87.744082534992,26.955604452111313],[87.74322323243507,26.955938559656417],[87.74309448267168,26.955988895096343],[87.74286077117893,26.95616845060613],[87.74212276673536,26.956276186026773],[87.74167650842928,26.9565990765601],[87.74167648081215,26.956599093526695],[87.74101565958871,26.956464879920347],[87.7404032037098,26.956608117854007],[87.73991696174062,26.95678893381212],[87.73983231272466,26.9568570759368],[87.73971271914625,26.95711311418514],[87.73969701173222,26.95714673507611],[87.73966368784217,26.95744262180705],[87.73948195970533,26.957583535827773],[87.73929338059605,26.957541660621125],[87.73845669641315,26.957004276517576],[87.7378877276226,26.956867299252227],[87.7374683575145,26.956815164807676],[87.73713900863217,26.956774211345703],[87.73595988988271,26.957036119236044],[87.73526565984774,26.957190319126333],[87.734817806491,26.957458418147827],[87.73467224307743,26.957545556909615],[87.73384666431518,26.95803970365451],[87.73278713138296,26.958189703684027],[87.73240143151581,26.958049495110956],[87.73215127576394,26.957741590114992],[87.73173005583863,26.95755641100885],[87.73118260368479,26.957527661714344],[87.7310159415161,26.957619455793445],[87.7308474959391,26.95771223214108],[87.73077656530894,26.9577993594242],[87.73060571723919,26.958009256994707],[87.7304679464618,26.958093478819478],[87.73038613975923,26.958143487950565],[87.72987358705652,26.95834706512319],[87.7296680727426,26.95850841324517],[87.72844668913554,26.958758522403745],[87.72800072268623,26.95893682275808],[87.72760392703498,26.959227893566737],[87.7276039006581,26.959227917712415],[87.72740276555662,26.959474990480548],[87.72684102254266,26.959853618727067],[87.72644774349735,26.960118695316456],[87.72629691621592,26.960153339230818],[87.7261760793599,26.960181083774096],[87.72572106309394,26.960162984695156],[87.72512094644591,26.96013909839896],[87.72448018602036,26.959994519253375],[87.72395732885255,26.95987654155081],[87.72310107311608,26.96001409692796],[87.7228606177531,26.959936332046457],[87.7221028879743,26.959524903774824],[87.72180565248215,26.959429374706815],[87.7215266626308,26.959456763547387],[87.72144185257999,26.95946508861153],[87.7212837477481,26.959551788484614],[87.72110109427959,26.95965194929405],[87.72066649459866,26.959642892767754],[87.7196693939659,26.959618656836284],[87.71908974163931,26.95996696377803],[87.71908971274505,26.95996697265782],[87.71854593584072,26.960050170841647],[87.71763946324144,26.960188862275388],[87.717107033636,26.96053916998023],[87.71695391371924,26.960727283945264],[87.71621815942574,26.961094475010356],[87.71511607058153,26.961495039570952],[87.7146220777087,26.961526817591466],[87.7142372514814,26.9615515710703],[87.7138100409867,26.961626506342903],[87.71369436720255,26.961646795876234],[87.71369434064417,26.961646814613427],[87.71326252684246,26.96187930881912],[87.71305034335018,26.962061189216033],[87.71287851866903,26.962208474058045],[87.71233001667251,26.9625115064437],[87.71185428140723,26.962773468842204],[87.71131102341113,26.96292521027164],[87.71099452563361,26.963179138239266],[87.71095707731045,26.963209179658065],[87.71050693537585,26.963832176196235],[87.71050690807708,26.96383220306879],[87.71020277597687,26.96404142122265],[87.71003348471274,26.9641082657868],[87.70985533112214,26.964178602056183],[87.7091115769464,26.96498142283373],[87.70848016470158,26.96532996229004],[87.70822192570056,26.96553068785975],[87.70801831649584,26.965688950583154],[87.70752384319594,26.96628737655589],[87.70748768702819,26.966343972543505],[87.70745712606424,26.96639379361535],[87.70734427386202,26.96657265753109],[87.70734424957872,26.966572684323683],[87.70678076725865,26.96700216827048],[87.70629686907914,26.96747635274144],[87.70629684671802,26.967476376777803],[87.70518809822251,26.968836295412775],[87.7050152471259,26.968995258815692],[87.70494133230962,26.96906324195585],[87.70458643737285,26.969205500768872],[87.70228387699926,26.970128473000223],[87.70221560723729,26.970390613210355],[87.70227531978894,26.97048513733009],[87.70232808425334,26.970663192915918],[87.70249829411682,26.97139146364569],[87.70250292329862,26.971734509655615],[87.70245311344115,26.97182731604201],[87.70245309921242,26.9718273425694],[87.70217719451476,26.97201828248819],[87.70217717209279,26.97201830472197],[87.70193685689814,26.97236712961098],[87.70193910577717,26.972525120228305],[87.70202281704198,26.972812058176224],[87.70208968849124,26.97304127393442],[87.70193288887816,26.9734506336387],[87.70187312353949,26.973866262960495],[87.70187887907007,26.974288322794255],[87.70201669374167,26.974976147735084],[87.70201855840857,26.975114044880648],[87.70202270502413,26.9754207770945],[87.70191410683005,26.97610278521244],[87.70186623115893,26.976403443401292],[87.7019214484803,26.977172912160608],[87.70222320261114,26.978290993314022],[87.70264383309771,26.97968157805846],[87.70334242527316,26.980702921956844],[87.70358544987475,26.98118700488614],[87.70374557937896,26.98171214919164],[87.70392657728588,26.981950506081805],[87.70392659334786,26.981950535419152],[87.70427206912112,26.982908113645863],[87.70475133252074,26.98376029784228],[87.70486704028377,26.98396603828453],[87.70522272296115,26.984636904767846],[87.70527943607891,26.985243820569643],[87.70520788812253,26.985587273970193],[87.70493118829658,26.98606496387754],[87.70492476840363,26.98634714347941],[87.7049613144451,26.98671894018655],[87.70500484089347,26.987161607749062],[87.70519636724036,26.98746988542911],[87.70542727817127,26.98803078855973],[87.70643411262333,26.988966989281565],[87.70646641866774,26.988892340832198],[87.70648215375682,26.988875000756803],[87.70660840982536,26.988735851764808],[87.70748858591874,26.98835447956286],[87.70751082449743,26.988344816529725],[87.70758845215889,26.988311089282014],[87.7083138896457,26.98787175741773],[87.70851493670263,26.98780873835247],[87.70863580481716,26.98777084127787],[87.71030686909579,26.98795425007087],[87.71030689832368,26.98795425110348],[87.71130868109027,26.98788597016938],[87.71175433285036,26.98792658834652],[87.71195138741527,26.98771342296249],[87.71195140794471,26.987713404384326],[87.71226746662155,26.98748174634741],[87.71286309630325,26.987045188113147],[87.714771263462,26.98607161756759],[87.7147997241612,26.986056694760464],[87.7148321696246,26.98603967279083],[87.71503912241681,26.985991221911394],[87.71741071481966,26.98470154501896],[87.71945212946665,26.984095150680858],[87.72000219764521,26.983713091751675],[87.72039319209746,26.983564514800968],[87.72067642978213,26.9834568724563],[87.720998015749,26.983442932856452],[87.72209520603516,26.983395338454436],[87.72220006057019,26.983342944370666],[87.72237404501065,26.983263046295487],[87.72292092550279,26.98269366972302],[87.7234097920271,26.98250380506979],[87.72442353876578,26.982548238598852],[87.72537138360401,26.98271488493342],[87.7261193450856,26.982756148496506],[87.72701292990433,26.98291404998635],[87.72761571313829,26.982908666536698],[87.72902509695388,26.98266425711657],[87.7316976397454,26.982061291550064],[87.7326205860554,26.982079024477358],[87.73285067349056,26.982012385347943],[87.73342301513706,26.9820079762375],[87.73375512375068,26.982005416829427],[87.7340912296416,26.982073898622716],[87.73491067603011,26.98224084598991],[87.73590726370097,26.982350789243224],[87.73590735460485,26.98235079855255],[87.73657409859716,26.982315703235248],[87.73681593531725,26.982212856485063],[87.73746929395188,26.98213945035373],[87.7385486250726,26.981612348203512],[87.73921439334154,26.981606584292127],[87.73921442262693,26.98160658712094],[87.73964397072203,26.98135415187337],[87.74006709881743,26.981105487936354],[87.74039820185524,26.981015456651864],[87.74083737283327,26.980896030747523],[87.74101811535323,26.980788444106935],[87.74134242833844,26.980595379018855],[87.74215360160518,26.980665573788126],[87.74290912378243,26.98045580373537],[87.74339660513446,26.980320444969564],[87.74356091849849,26.980206728248668],[87.74415363297415,26.980020727902563],[87.74459365401549,26.97997776977317],[87.744939673692,26.980106857520962],[87.74509898567872,26.98038589199316],[87.74530430165609,26.98047509616217],[87.74530980773108,26.98047093836456],[87.74587025898941,26.980047704597215],[87.74604769714185,26.980019699913484],[87.7475301822101,26.980266865159262],[87.74774718885972,26.980123514748612],[87.74782764605894,26.979908660359794],[87.74782764912472,26.979908631420543],[87.74781412160354,26.979733040862264],[87.74778556887331,26.97936265883489],[87.74778559507014,26.97936262927943],[87.7478600481931,26.979250481144454],[87.74810742569477,26.978877886535116],[87.74862848748454,26.97871482705028],[87.74899944694204,26.978710579308057],[87.74916557387193,26.978779676765896],[87.74974951743948,26.978785583841244],[87.750120791156,26.97873394157316],[87.7509367146634,26.97895755807678],[87.75126734559517,26.97893573485257],[87.75138311308422,26.978928093854776],[87.75203691485174,26.978455077173475],[87.75252852799363,26.978312510513653],[87.75336624941181,26.97840506940524],[87.75336627243526,26.97840509584487],[87.75364877406929,26.978739875830755]]]}},{"type":"Feature","properties":{"province":"Koshi Province","district":"Ilam","municipality":"Phakphokthum Rural Municipality","ward":"1","wardNumber":1,"sourceMunicipality":"Fakphokthum","sourceType":"Gaunpalika"},"geometry":{"type":"Polygon","coordinates":[[[87.77972749363099,27.020577374044375],[87.77965909312769,27.02052586007015],[87.7796892894803,27.020428643492036],[87.77957230445813,27.020190013477677],[87.7792107226366,27.01965479985292],[87.77902458353188,27.019258562151425],[87.77901134995301,27.017342250692767],[87.77877725191235,27.016747643685914],[87.77759022312054,27.015208025007947],[87.77708345669404,27.014359785433523],[87.77675645452639,27.01399599698382],[87.7759886007169,27.01347435721683],[87.77555805988051,27.013081687186908],[87.77511682901817,27.01278392017026],[87.77489211514391,27.012451076100437],[87.77467788610741,27.011253729597207],[87.77451281978608,27.01097021178206],[87.7738366562217,27.009046284272806],[87.77395661691318,27.00807274730293],[87.77402169381699,27.007641244717686],[87.7737875393436,27.007308463574045],[87.77343196870397,27.00717724452099],[87.77254564347994,27.007109926795096],[87.77191440758219,27.00684929874015],[87.77149862870507,27.00674996453869],[87.77106365588585,27.006714024338642],[87.77073140731405,27.006591681734662],[87.77033381281548,27.006038588221777],[87.77000861731375,27.00537677521693],[87.76980510064286,27.005188285884266],[87.76965022628127,27.00493183839663],[87.76933927922981,27.003951619748417],[87.76937071311015,27.003215591039545],[87.76931956662341,27.003100745703954],[87.76893097962241,27.00275983940221],[87.76863493254395,27.00266656774655],[87.76838796249109,27.00247607792495],[87.7681895094843,27.002199500574125],[87.76809571548858,27.00174855792317],[87.76808319694018,27.001116622930606],[87.76800735269,27.000900372935057],[87.76767747458217,27.0005658435438],[87.76698527899394,27.000314531365614],[87.76635066543182,26.999999700564757],[87.76579082436552,26.99948355837422],[87.76552672558869,26.999365465850882],[87.76541130601804,26.99925999960179],[87.76533482646941,26.99857417524664],[87.76527061169021,26.99839168490401],[87.76491322292814,26.99799638790896],[87.76457134446265,26.997837972764632],[87.7644568613828,26.997678365076307],[87.764459732774,26.99745261131721],[87.76471988376085,26.99716677328077],[87.76481553399385,26.99668775659069],[87.76459138597272,26.996521899328176],[87.76392595224266,26.996401375255417],[87.7636725449768,26.996283157355673],[87.76349985066004,26.995995138173097],[87.76353822788737,26.99542609618498],[87.76306023353722,26.995078814518973],[87.76290222679891,26.99454022249869],[87.76238521541794,26.99408934926214],[87.76220044822063,26.993519310571678],[87.76211716511942,26.993402340022403],[87.76168837901463,26.993156337359153],[87.76127234873405,26.993027681987098],[87.76094591229258,26.992826315854384],[87.76032561790477,26.99257012655958],[87.75958152113333,26.99199628384517],[87.75936186761417,26.9914670073738],[87.75964045379185,26.990743165720986],[87.7595701042316,26.990213136459413],[87.7592180307644,26.989847035087255],[87.75885376746585,26.989623351043587],[87.75798151456446,26.9897589682258],[87.75721916463256,26.989365803448578],[87.75688447964855,26.989335988334282],[87.75674411065948,26.98907491357447],[87.75633758408836,26.988946195475464],[87.75567033810303,26.98882567187549],[87.75525581096659,26.988821114785907],[87.75493838134123,26.988741534858473],[87.7549298750207,26.988606182606826],[87.75507260967896,26.988370673974742],[87.75491398143956,26.98801488471343],[87.75465475724191,26.987781508216557],[87.75463512230485,26.98766647461729],[87.75499855190617,26.98691062176166],[87.75484086439911,26.986690247587926],[87.75458783057185,26.986535831606492],[87.75350905436369,26.986198564064516],[87.75327834050977,26.985985380461255],[87.75313309526398,26.985742374194263],[87.75334891946578,26.985519993265555],[87.75438234995897,26.985099102230194],[87.75470208567211,26.984781378569714],[87.75482406044539,26.98446697197891],[87.75449980599737,26.9839246936113],[87.75460871452535,26.9836329184066],[87.75508206569718,26.983206035786836],[87.75517865851585,26.982957210560215],[87.75470376522664,26.981460967918622],[87.75496516304143,26.980983261180665],[87.75502611656101,26.98067823347548],[87.75490037569217,26.9803425744181],[87.7547727636414,26.980189782398025],[87.7541557228692,26.98004412526767],[87.7537858963291,26.979842947581876],[87.75352079171522,26.979474156275135],[87.75352778357275,26.979000141901558],[87.75364877406929,26.978739875830755],[87.75336627243526,26.97840509584487],[87.75336624941181,26.97840506940524],[87.75252852799363,26.978312510513653],[87.75203691485174,26.978455077173475],[87.75138311308422,26.978928093854776],[87.75126734559517,26.97893573485257],[87.7509367146634,26.97895755807678],[87.750120791156,26.97873394157316],[87.74974951743948,26.978785583841244],[87.74916557387193,26.978779676765896],[87.74899944694204,26.978710579308057],[87.74862848748454,26.97871482705028],[87.74810742569477,26.978877886535116],[87.7478600481931,26.979250481144454],[87.74778559507014,26.97936262927943],[87.74778556887331,26.97936265883489],[87.74781412160354,26.979733040862264],[87.74782764912472,26.979908631420543],[87.74782764605894,26.979908660359794],[87.74774718885972,26.980123514748612],[87.7475301822101,26.980266865159262],[87.74604769714185,26.980019699913484],[87.74587025898941,26.980047704597215],[87.74530980773108,26.98047093836456],[87.74530430165609,26.98047509616217],[87.74509898567872,26.98038589199316],[87.744939673692,26.980106857520962],[87.74459365401549,26.97997776977317],[87.74415363297415,26.980020727902563],[87.74356091849849,26.980206728248668],[87.74339660513446,26.980320444969564],[87.74290912378243,26.98045580373537],[87.74215360160518,26.980665573788126],[87.74134242833844,26.980595379018855],[87.74101811535323,26.980788444106935],[87.74083737283327,26.980896030747523],[87.74039820185524,26.981015456651864],[87.74006709881743,26.981105487936354],[87.73964397072203,26.98135415187337],[87.73921442262693,26.98160658712094],[87.73921439334154,26.981606584292127],[87.7385486250726,26.981612348203512],[87.73746929395188,26.98213945035373],[87.73681593531725,26.982212856485063],[87.73657409859716,26.982315703235248],[87.73590735460485,26.98235079855255],[87.73590726370097,26.982350789243224],[87.73491067603011,26.98224084598991],[87.7340912296416,26.982073898622716],[87.73375512375068,26.982005416829427],[87.73342301513706,26.9820079762375],[87.73285067349056,26.982012385347943],[87.7326205860554,26.982079024477358],[87.7316976397454,26.982061291550064],[87.72902509695388,26.98266425711657],[87.72761571313829,26.982908666536698],[87.72701292990433,26.98291404998635],[87.7261193450856,26.982756148496506],[87.72537138360401,26.98271488493342],[87.72442353876578,26.982548238598852],[87.7234097920271,26.98250380506979],[87.72292092550279,26.98269366972302],[87.72237404501065,26.983263046295487],[87.72220006057019,26.983342944370666],[87.72209520603516,26.983395338454436],[87.720998015749,26.983442932856452],[87.72067642978213,26.9834568724563],[87.72039319209746,26.983564514800968],[87.72000219764521,26.983713091751675],[87.71945212946665,26.984095150680858],[87.71741071481966,26.98470154501896],[87.71503912241681,26.985991221911394],[87.7148321696246,26.98603967279083],[87.7147997241612,26.986056694760464],[87.714771263462,26.98607161756759],[87.71286309630325,26.987045188113147],[87.71226746662155,26.98748174634741],[87.71195140794471,26.987713404384326],[87.71195138741527,26.98771342296249],[87.71175433285036,26.98792658834652],[87.71130868109027,26.98788597016938],[87.71030689832368,26.98795425110348],[87.71030686909579,26.98795425007087],[87.70863580481716,26.98777084127787],[87.70851493670263,26.98780873835247],[87.7083138896457,26.98787175741773],[87.70758845215889,26.988311089282014],[87.70751082449743,26.988344816529725],[87.70748858591874,26.98835447956286],[87.70660840982536,26.988735851764808],[87.70648215375682,26.988875000756803],[87.70646641866774,26.988892340832198],[87.70643411262333,26.988966989281565],[87.70643848291019,26.989260445651315],[87.70717146768183,26.990626895670715],[87.70720961363877,26.99098106147577],[87.70705512954747,26.991453640374726],[87.70695103900195,26.99193722067508],[87.70718576837176,26.99279603148979],[87.70722898263676,26.99336238422138],[87.70730301585577,26.99361483144864],[87.70748890026573,26.993817013145065],[87.70757262020062,26.99390916374984],[87.70905849214945,26.994678176372474],[87.70935860629753,26.99491817869282],[87.70981466284105,26.9956110617379],[87.71025239068102,26.9958910110319],[87.71070025020472,26.996281493618387],[87.71157690314625,26.99723638326033],[87.71180843029128,26.997488015859272],[87.7135128566107,27.00002104127131],[87.71366804292607,27.000252731328512],[87.71395134015691,27.00051311600505],[87.71446328264568,27.000774621446293],[87.71485012361241,27.0013731025594],[87.71532436739737,27.00174314029042],[87.71561685652247,27.00206441679833],[87.71565707516297,27.00284070674861],[87.71590961856167,27.00352565310359],[87.71605236414194,27.003775473079514],[87.71652348365967,27.00424935479166],[87.71701260713172,27.004587632303345],[87.71741450605664,27.004673651408204],[87.71762277177979,27.0048193150757],[87.71784955151236,27.005217678032068],[87.71805589026094,27.005857675087967],[87.71814185972926,27.005904624410974],[87.71839632771211,27.00589205424676],[87.7187330163129,27.00603027651123],[87.72000618699616,27.006890506844165],[87.72030761691165,27.0072433553209],[87.72040678058889,27.007373766712814],[87.72051595324358,27.007711801040436],[87.72031232400848,27.008074035792006],[87.72062325086567,27.008122044368022],[87.72113106611259,27.008318156354193],[87.72128768673223,27.008355476888227],[87.72164037962621,27.00843962060949],[87.72198069225502,27.008464934963246],[87.72240522337573,27.008546326107002],[87.72376472393724,27.008717603246172],[87.72395460876147,27.008852077303935],[87.72433550186823,27.00901036687546],[87.72458853454216,27.009167033436693],[87.725182442671,27.00932650783543],[87.72537145320123,27.009519686451466],[87.72549475420992,27.00978763749737],[87.72562142787737,27.00988628959518],[87.72581212301193,27.009946241675433],[87.72615249882756,27.009969367721343],[87.72657534451879,27.01018386038546],[87.72691384602739,27.010303952586906],[87.72725384637093,27.010365401888816],[87.72733931448664,27.010328827288745],[87.7275333819532,27.0101405194785],[87.7277695906684,27.01002867028844],[87.72802530873588,27.01001378620489],[87.7281514825082,27.01013050600071],[87.72835638072988,27.010646340744373],[87.72862917427796,27.01093610877007],[87.72881855920294,27.011090901073807],[87.72957909482514,27.011481940430652],[87.72966387760958,27.01154020588881],[87.72991691089167,27.011696872596357],[87.73000162998619,27.011737069992574],[87.73052695693379,27.012199321663793],[87.73115713701458,27.01279873657046],[87.73136734301545,27.012955654198365],[87.73202183939208,27.013324626132377],[87.7326144992261,27.013581190752692],[87.73337684636863,27.013859322400748],[87.73360993346847,27.01395740977638],[87.73386515140608,27.013960593554085],[87.73420552615795,27.013983656599606],[87.73437440311015,27.0140821200898],[87.73462493891489,27.014428404825928],[87.73489710746344,27.014718172527157],[87.73508486926504,27.015006066747297],[87.73519009772859,27.015102593357067],[87.73552772447422,27.015279139036014],[87.73565389887968,27.01539360817707],[87.73573512136939,27.015682128815328],[87.73564653196713,27.015908321023694],[87.73564384678993,27.016079871316077],[87.73572600653982,27.016309687520046],[87.73606163716987,27.016657784221035],[87.73612409969128,27.016772566551108],[87.73618131791622,27.01723051177889],[87.73617476276304,27.017686520666203],[87.73610499524979,27.018086388975362],[87.73620529039215,27.018487629771442],[87.73681078017916,27.019353498402246],[87.73697447479933,27.019813129802596],[87.73753744767349,27.020620482241696],[87.73778529869624,27.021138379647056],[87.7378246304872,27.021368384301834],[87.73786571090278,27.02148097917413],[87.73788272294722,27.021767625344577],[87.73796488273298,27.021997441270383],[87.73811056551169,27.02220881285525],[87.7382785680512,27.022363730199448],[87.73836334965566,27.022421933492108],[87.7385090955917,27.02265368630111],[87.7385693102612,27.02288131427857],[87.73858601121205,27.023224351800778],[87.73864528902394,27.02351293575139],[87.73872613732263,27.023837592269803],[87.738807672471,27.024067407803678],[87.73895348106682,27.024296847805985],[87.7394785577504,27.024799736053886],[87.73962474059306,27.024993039965928],[87.7397696745877,27.025278996370897],[87.73995837417765,27.025510436311457],[87.74006297603948,27.025606963066824],[87.74027474322443,27.02570517515214],[87.74067539618643,27.025978435660154],[87.74088522646777,27.02617142606892],[87.74096819736216,27.026324532384034],[87.74109056311819,27.026725647984158],[87.74110464223078,27.027240236027865],[87.74114509660286,27.02735514392683],[87.74120849565097,27.027413472499116],[87.74142176037222,27.027360453213966],[87.74165834385028,27.02721021732557],[87.74174393718992,27.027191711103825],[87.74191368748373,27.027233657730736],[87.74242037942913,27.02752442144876],[87.74263202035525,27.027604566243824],[87.7431405855578,27.027802803149452],[87.74339492971814,27.02786237896395],[87.74369091654195,27.028018795415274],[87.74396626973397,27.028119007214208],[87.74510619986842,27.028780994290457],[87.74521199007361,27.02885945259217],[87.74559338261383,27.028977043678346],[87.74644300850727,27.02910344096745],[87.74669878921615,27.02908855677781],[87.74695494384687,27.029035287120532],[87.74883743130219,27.028413510290626],[87.74898948564187,27.02834273673534],[87.74945477991027,27.028297340786764],[87.74998509570834,27.02815235159223],[87.75100059044965,27.028101756909138],[87.75115564768768,27.028107694108922],[87.75139292325363,27.028160580194825],[87.75241923853622,27.028315358262528],[87.75268127341485,27.028388437521308],[87.75293661802361,27.028416378980552],[87.75345211647758,27.028321092621137],[87.75407715927716,27.02840579355182],[87.75454357398925,27.02814364674514],[87.75488663602145,27.02808762409804],[87.7557059354729,27.02810355287592],[87.75647484185973,27.028119732021736],[87.75688967626533,27.02786239899844],[87.75790277366677,27.026805072529072],[87.75845253263431,27.02656511704084],[87.76001058096791,27.025590555582923],[87.76013911788341,27.025122604004043],[87.76234477654836,27.02403624724515],[87.7630028184404,27.023506706499987],[87.76403473514755,27.0224515043489],[87.76451158449397,27.021871013674627],[87.76531124037805,27.021327215767574],[87.7657894063276,27.020936343436617],[87.76616535389039,27.020816864362107],[87.76667553950392,27.02077121733114],[87.76746495703959,27.020954256744805],[87.7692754946053,27.020996238580683],[87.77105952868756,27.021286668166482],[87.7716991429034,27.021567551943516],[87.77232481713828,27.021934336179935],[87.77269607971667,27.022038360182226],[87.77299556529091,27.022070551820423],[87.77368906786168,27.022030653105425],[87.77409984134664,27.02193130510202],[87.77475407088913,27.02149654126515],[87.77526300167608,27.02128384471295],[87.77560193819536,27.021277462442672],[87.77599583645329,27.02146713635904],[87.7765959957421,27.021592474722677],[87.77695550160222,27.021558896893364],[87.77738621924169,27.021423286832906],[87.77751576371674,27.021300686133664],[87.77907744497936,27.02061489611444],[87.77972749363099,27.020577374044375]]]}}]}