{"type":"FeatureCollection","features":[{"type":"Feature","properties":{"province":"Koshi Province","district":"Pachthar","municipality":"Miklajung Rural Municipality","ward":"3","wardNumber":3,"sourceMunicipality":"Miklajung","sourceType":"Gaunpalika"},"geometry":{"type":"Polygon","coordinates":[[[87.67740570647756,26.96013364802385],[87.67712922162225,26.95971734295961],[87.67701185940395,26.959361303787347],[87.67700490559767,26.958726992549142],[87.6767903121429,26.95801703825938],[87.6766802054168,26.957823420486807],[87.67652489616795,26.957663877051363],[87.67578311630113,26.957256644894752],[87.67484689189672,26.956875173811774],[87.67423622339889,26.956487570036376],[87.67386095039394,26.955965673294514],[87.67258339523227,26.954739335081744],[87.67176709296153,26.954503967199482],[87.67115987008268,26.95448203407455],[87.67054202097515,26.954568506899253],[87.66997638147282,26.954763073306154],[87.66917583834548,26.954742080480152],[87.66855154337325,26.954499019348685],[87.6682305429419,26.954105534422286],[87.66804572193146,26.9539438028883],[87.6674720057624,26.953619280228267],[87.66696181663336,26.953493063868557],[87.66659430363289,26.953332272925756],[87.66616545302125,26.953006997091073],[87.66580594326791,26.95281007023802],[87.66551151926234,26.95264665244732],[87.66511556008835,26.952562822332517],[87.66466302119385,26.952601027835804],[87.66434146937367,26.95275157800011],[87.66391643910363,26.952755836443327],[87.66351272894676,26.952748653454922],[87.66332728539957,26.952702205047206],[87.66206794391441,26.952407889725915],[87.66116485746403,26.952071306165234],[87.66043202314681,26.951885138340185],[87.65984505460635,26.951662145251078],[87.65956019942493,26.95162288878112],[87.65914360670364,26.951462285860593],[87.65773539788553,26.95112127223879],[87.6575074998048,26.9510208090022],[87.65725790345087,26.950769114032823],[87.65715604748722,26.95047396698326],[87.65732222190911,26.949929116808356],[87.6573639787842,26.949518121471673],[87.65712681110739,26.94858247543775],[87.65632336765412,26.947405644422886],[87.65628078383514,26.947119185965708],[87.65638306361171,26.94673494725737],[87.65678988397958,26.94598590825821],[87.65696706377337,26.945490697830994],[87.65758936698914,26.943133496549034],[87.65751083728861,26.943061602038426],[87.6570280412543,26.943314434210347],[87.65647771961412,26.943531444190256],[87.65558883786586,26.943788408777994],[87.65493985092272,26.943825305803383],[87.65431193144826,26.943697278666576],[87.65369351801904,26.943686598008313],[87.65262962688534,26.94352225518717],[87.6518968599181,26.943555027029806],[87.65139017279562,26.94347388664471],[87.64987167075341,26.942986581239424],[87.6493020790944,26.942591912478193],[87.64893056267512,26.94226407288753],[87.64796926100196,26.941645469847234],[87.6477308552189,26.941366704650484],[87.64772659552938,26.940958147810825],[87.64792202667189,26.940225867230435],[87.64782922630624,26.93941375582638],[87.64770354481958,26.93890635946452],[87.64781114019503,26.938571821665832],[87.64751934289323,26.938412843039206],[87.64723173115179,26.938102694230942],[87.6471616354692,26.937746340919453],[87.64719605331666,26.936170628322095],[87.64704029719677,26.935579957678375],[87.64701634167162,26.935133077079612],[87.64700502004722,26.93491870244214],[87.64698037747536,26.93446281914509],[87.64691997784027,26.93435703874204],[87.64647843591696,26.934108536163432],[87.6463146059494,26.933102431203757],[87.64589362658002,26.932485945736516],[87.64575206852389,26.932175107084912],[87.64568716328688,26.931845823536452],[87.64549865408173,26.931679716031915],[87.6437445557063,26.930690017538836],[87.64359605718931,26.93036342412736],[87.64374978729425,26.929728360136313],[87.6439144046991,26.929454464988623],[87.64422563263957,26.928936120634614],[87.64471535022912,26.927809720053904],[87.64513536748987,26.927272868090558],[87.64546579887057,26.927142699709613],[87.64571288509482,26.926969956791925],[87.64582047964277,26.926637670770543],[87.64578889853613,26.926285693070742],[87.64527594825498,26.925655953975138],[87.64478593808181,26.924741756982463],[87.64477637218643,26.92471925039392],[87.64437351671644,26.923734656142305],[87.64429741559492,26.923204564453624],[87.6444315184418,26.922763745897498],[87.6448196428895,26.92193355853561],[87.64500826163774,26.921336755979997],[87.64504825793748,26.920402043475544],[87.64481090054339,26.919409944572603],[87.64478743560485,26.918509368544797],[87.64487070945123,26.918195212296084],[87.64559582150265,26.916855557915785],[87.64570203861324,26.91638560582113],[87.64566826364734,26.91576048582965],[87.64615027299175,26.91373119556484],[87.64618796020878,26.9130651245978],[87.64615994438681,26.912794358208632],[87.6457608456345,26.912028765843765],[87.64475207865657,26.91087763291695],[87.64452505043302,26.910479144851116],[87.64440155978053,26.91011854140643],[87.64373212547845,26.909977135869134],[87.64134519920225,26.910322150722973],[87.64052715346989,26.910488400701713],[87.64027143938044,26.910685900743104],[87.64011513593306,26.910878522250528],[87.63975788452153,26.911042638623655],[87.63811172074102,26.911041102890216],[87.63679973661941,26.910805555429068],[87.63587890412488,26.910938359222296],[87.63496526348494,26.911235961933627],[87.63472742766491,26.91125953450399],[87.63421605045485,26.911112938100473],[87.63375787657401,26.910794477061092],[87.63351834852793,26.910628494907296],[87.63296664086141,26.910353360311756],[87.63277369221163,26.910182626279024],[87.63228463469417,26.90996813381955],[87.63046271650262,26.909838688222322],[87.62916130051268,26.90967966353674],[87.62855351810686,26.909736564924096],[87.62715651616968,26.910167214040086],[87.62656874684089,26.910540021064804],[87.62628515231623,26.910947582048763],[87.62556552533746,26.91148125034342],[87.6248829071615,26.91179804222119],[87.62412325795071,26.91194365938223],[87.62388748598634,26.911989801543587],[87.62363614290838,26.911961672628202],[87.62223819607341,26.91200164496198],[87.62157108117933,26.912151325089695],[87.62096235862792,26.912149521932072],[87.6202887977337,26.91203737533075],[87.61957803649658,26.91191635120125],[87.618508514118,26.9115847085136],[87.61784083161234,26.91151770034434],[87.61730601640504,26.91179091409315],[87.61715140303771,26.912066997499508],[87.61728596841132,26.91284065982134],[87.61744198103925,26.913738357331507],[87.61730550394475,26.91422431430475],[87.61678301911641,26.91515659676359],[87.61631286977247,26.916215101621557],[87.61592474060542,26.916846480375913],[87.61575068241689,26.917129503987713],[87.6144977504588,26.91837876545515],[87.61399069676004,26.918678924391827],[87.61365094899767,26.91871656553972],[87.61351027099104,26.918674242888837],[87.61339647603754,26.918469372252204],[87.61305151377324,26.917315102232138],[87.61293340656403,26.917245646851793],[87.61249843281159,26.917127931683808],[87.61234200212068,26.91719632918629],[87.61230217993203,26.917408641838644],[87.61219276700189,26.91754005716346],[87.61186765023116,26.917600204979838],[87.61123579297937,26.917519379580426],[87.60941366492273,26.916317431834624],[87.60891904282897,26.91612088276761],[87.60844367960837,26.915998791843474],[87.60814482162031,26.916031743876744],[87.60788504257074,26.91618635602977],[87.6076209562593,26.916717953519825],[87.60716879766287,26.917040430878846],[87.60668237098342,26.91707638648331],[87.60635769585096,26.91733740602863],[87.60602733245784,26.917720273160644],[87.6059940274571,26.91867305364547],[87.60571976427603,26.91988866421705],[87.60522590942992,26.92053861250804],[87.60510780509068,26.920591067742095],[87.60378207145662,26.92061478326751],[87.6035129121677,26.920661113890265],[87.60335873329662,26.920799469078496],[87.60324963488792,26.920994027918784],[87.60329153144095,26.921298616985773],[87.6036115938931,26.92169003924284],[87.60362191606572,26.921981186677474],[87.60356827273709,26.922067149590305],[87.60291379534495,26.9225914397503],[87.60213526642855,26.92287691074794],[87.60154711397504,26.922856851696377],[87.60050310474449,26.922707825098822],[87.60008282462971,26.922635123092338],[87.60001798920815,26.92264669057695],[87.59929522696108,26.922762673698127],[87.598191467841,26.923688338173346],[87.59765421857647,26.924137603407875],[87.59748422349412,26.9243572332148],[87.59728528363354,26.924719217185157],[87.59720982064682,26.924857258570896],[87.59717731146948,26.925001863926248],[87.5970245115648,26.925286950238718],[87.59671954170065,26.926076061841687],[87.59641587744551,26.926513007041592],[87.59599572991131,26.926835295476383],[87.59537044447352,26.92706143443377],[87.5948109278544,26.927095391723377],[87.59438221173684,26.927223623590006],[87.59422365684946,26.92736654256237],[87.59407079550854,26.927750907650218],[87.59439323610212,26.92823710726001],[87.59477419505181,26.92860120775091],[87.59517322714852,26.929170618371195],[87.59525482371166,26.92936661178272],[87.59514497718236,26.929669640393257],[87.5947872963338,26.930260256412932],[87.59475998738888,26.93093076588909],[87.59418654526276,26.931797779652282],[87.59365473599124,26.932312438770534],[87.59246543758806,26.93280278913657],[87.59163626942843,26.933298323399622],[87.59129596377613,26.93360454371314],[87.590925969551,26.93436677311472],[87.59090114879145,26.93443235504323],[87.59082656364856,26.93462903900866],[87.59092835137959,26.934698620160475],[87.59180218717526,26.93551884607342],[87.59259011145328,26.936050489477612],[87.59331219342643,26.93637476017848],[87.59351208269841,26.93655449660823],[87.59381952987107,26.937668318547285],[87.59407075899733,26.938260925308793],[87.5943166047385,26.93855557026383],[87.59457013822406,26.93874643416396],[87.59491557902022,26.93882388886126],[87.59497410040242,26.938807883637836],[87.59577513847209,26.93859230745784],[87.59645825769871,26.93833653380758],[87.597629806951,26.938171278638798],[87.59893217517752,26.939041575151276],[87.5991635107351,26.939092523265803],[87.59944336834461,26.93938029043781],[87.59957836083268,26.93966412142995],[87.60023993125975,26.94045809363606],[87.60056736640507,26.940569558764835],[87.6007283612917,26.94053273291382],[87.600816579048,26.94042851332136],[87.60141528965748,26.940058019437046],[87.60191540877,26.939961107676684],[87.6021358614943,26.939863076213257],[87.60333892505426,26.939812791827766],[87.60363478480376,26.939913066068076],[87.60376552472852,26.940108933413292],[87.60367806712628,26.940707485473393],[87.60350570436222,26.941319917464117],[87.6031745931955,26.94181569331275],[87.60304861913397,26.942292522432787],[87.60321318278574,26.94244081323079],[87.60436179182265,26.9425623302827],[87.60490174308825,26.94274506238646],[87.60552191390622,26.943085464463074],[87.60709749662051,26.943451108231745],[87.60716689807393,26.943471176022157],[87.60803221871795,26.943731487827268],[87.60838710278087,26.943917349052562],[87.60878618708311,26.94400586889186],[87.6096430021414,26.944081188841952],[87.61147894986343,26.94542080166531],[87.61175174022705,26.94556858999245],[87.61315188666418,26.946090658228457],[87.61326242826868,26.94616017618495],[87.61354491042404,26.94633953673183],[87.61361900876469,26.94676809899376],[87.61378776275086,26.946993099606885],[87.61464108352267,26.947467911917677],[87.61530795184115,26.947467213705306],[87.61588160199616,26.94758211291916],[87.61658060644498,26.947581288627102],[87.61705372074078,26.947734951227837],[87.61752802887335,26.94821364594927],[87.6174431854468,26.948250157553716],[87.61751014870646,26.948290480999454],[87.61773324012344,26.94877937061561],[87.6182380598367,26.94930982998801],[87.61849409524532,26.94949381731261],[87.61868235779431,26.94983160091637],[87.61896346347247,26.94999058044988],[87.61921730700398,26.949989513819563],[87.61978344444489,26.949675474371077],[87.6203473962742,26.9494946621515],[87.62055985240147,26.949658519516124],[87.62089523371498,26.95006106911946],[87.62107199452517,26.950484690464506],[87.62110095902737,26.951288113486722],[87.62122357261316,26.951596826351118],[87.62142164820176,26.951774313066903],[87.62159758847602,26.951814133653286],[87.6217900955424,26.951786185595545],[87.62206062888919,26.95162250781163],[87.62235873618225,26.951555670709855],[87.62270386465062,26.95167382450818],[87.62303474050222,26.951940959826082],[87.62362020450468,26.951915755565246],[87.6241237687839,26.9522092712946],[87.62425450579008,26.952285416129047],[87.6251665990631,26.952780233159206],[87.62643126035738,26.953361445697535],[87.62694594949276,26.95339532177732],[87.62702591619953,26.953399446689296],[87.6279996422493,26.9531986843318],[87.62953564099502,26.95320309814056],[87.62981124087436,26.953167958086546],[87.63001700281089,26.953140009601444],[87.63177439412944,26.953098280279516],[87.63390630085223,26.953257917343798],[87.63437153253496,26.95322652522137],[87.63528985746112,26.952689602814182],[87.63647602988483,26.95218993680405],[87.63676288401048,26.952143480924683],[87.63774712483736,26.952464058380958],[87.63884684893925,26.952944368423996],[87.63939943410614,26.953327846745736],[87.64077676575313,26.954116117924645],[87.641467099193,26.955040689854215],[87.64183104838449,26.955239929783602],[87.64341982555825,26.95566834134673],[87.64390344362643,26.955880582848156],[87.64519749410725,26.95663078168592],[87.64673883081304,26.957781718521723],[87.64741628826184,26.958853020729507],[87.64852703310999,26.960125500920505],[87.64858930758439,26.960226841315155],[87.64865989790717,26.96034162388839],[87.64970593926819,26.961977836537713],[87.64999699475639,26.96254305920713],[87.65081206053135,26.963437683145905],[87.65183126157316,26.96422752270558],[87.65274160410499,26.96471308751931],[87.65459567012178,26.96534324165027],[87.65515762499373,26.965367739291796],[87.65547241461296,26.964704977633083],[87.65541719634864,26.964185950701832],[87.65518322547715,26.96370850241392],[87.65514814437392,26.963419730937716],[87.6554450505674,26.9627028284663],[87.65546766834801,26.96193747879979],[87.65527133573303,26.96142601955753],[87.6551271315824,26.96012883012433],[87.6552038910042,26.95925025855094],[87.6557625195972,26.95859755832904],[87.65582721437683,26.95781626584725],[87.65573741853508,26.957216278711584],[87.65551482117822,26.956400168623674],[87.65564321800075,26.955191937015673],[87.6553770410633,26.954369263209568],[87.65538641670099,26.95424503881562],[87.655560855388,26.954241972190832],[87.6562721812199,26.954412510851554],[87.65899000848921,26.955460648051833],[87.65944611231515,26.955481083330483],[87.65988727300775,26.955436126179116],[87.6603738918516,26.95562123451039],[87.66070458028292,26.955847670444125],[87.6609195388585,26.956099427937172],[87.66111023537192,26.956184324742495],[87.66164599521682,26.956260775618155],[87.66277779480802,26.95681979573607],[87.66406764982284,26.95726290382741],[87.66571151027074,26.957717822154507],[87.66580617048758,26.95775576989362],[87.66675883922531,26.95814624315739],[87.66709102609184,26.958309473224926],[87.66749305546004,26.95866419504339],[87.66777498089404,26.959157209668927],[87.66801113447838,26.9593660171984],[87.66886989087394,26.959639582787688],[87.6705371904425,26.95979191260458],[87.67158945421636,26.95998776455951],[87.67208714079294,26.96023364063661],[87.67231241623395,26.960517032441583],[87.67267130191493,26.96071395968155],[87.673308913086,26.960866618535746],[87.67359739297146,26.96086523852684],[87.6741415223877,26.96055338848949],[87.67466226600202,26.960112937966638],[87.67491885660571,26.959956012532707],[87.67541722502568,26.95987685628383],[87.67567513207723,26.95993205586475],[87.67650937834696,26.960110843879168],[87.67711184991562,26.960180166448175],[87.67740570647756,26.96013364802385]]]}},{"type":"Feature","properties":{"province":"Koshi Province","district":"Pachthar","municipality":"Miklajung Rural Municipality","ward":"8","wardNumber":8,"sourceMunicipality":"Miklajung","sourceType":"Gaunpalika"},"geometry":{"type":"Polygon","coordinates":[[[87.53772029126515,26.96577439898839],[87.53783463903213,26.965451177368337],[87.53804170418258,26.964890572699982],[87.538472724125,26.964272697339375],[87.53889493084529,26.963794800223432],[87.53983257771236,26.963371286237763],[87.54046867697136,26.962980599095207],[87.54076027813007,26.962717642013583],[87.54119111618705,26.9623300217842],[87.5419456019145,26.960372248543866],[87.54217217933095,26.960082410090237],[87.5426419079656,26.959800694618064],[87.544074746914,26.95994190087217],[87.54448539698332,26.959942518978462],[87.54491929990898,26.959683498726374],[87.54517856852497,26.95898729033069],[87.54548652728191,26.95756399299414],[87.54569810185002,26.957420948219642],[87.54601371458186,26.957315912347607],[87.54661299753121,26.957392550268217],[87.5470325862518,26.957289325613434],[87.54796954568225,26.956868062247757],[87.54826802421441,26.956600541474003],[87.54843845547845,26.956295136396665],[87.54843888650359,26.955994985702375],[87.5482654372111,26.955431260839568],[87.54835333813561,26.95511716795496],[87.54853627605723,26.954920044194363],[87.54892998285214,26.954938856286763],[87.5496940853553,26.9554888803062],[87.55025603869628,26.955416725045666],[87.55068262762795,26.95519834167601],[87.55107512858389,26.95433451965164],[87.55110987926375,26.95372033889809],[87.55127631020937,26.953480453584557],[87.55145456104084,26.95337585708195],[87.55190178443536,26.953261254256606],[87.55219526715717,26.953260123719687],[87.55296555099686,26.953412844330735],[87.55395498286092,26.953815258535478],[87.55427453840218,26.95387270775107],[87.55437026147256,26.953872331301678],[87.55460365536884,26.95369533818606],[87.5553629037921,26.952238586598124],[87.55576465927696,26.9514695421848],[87.55642374663384,26.950019981720477],[87.55695098964888,26.949412920357315],[87.55802085909714,26.94839066611486],[87.55852516270284,26.948108762231392],[87.55882939455704,26.947877252638154],[87.5590395956384,26.947851616172482],[87.55926342834199,26.9479003773294],[87.55991085802677,26.948175446987932],[87.56014538157895,26.948221894446572],[87.56055027967666,26.94822482640082],[87.56078392513123,26.948097472912977],[87.56097611611757,26.947877717540372],[87.56115517190712,26.94741201606623],[87.56086023028112,26.946350021701495],[87.56086103357342,26.945875945112103],[87.56113980701562,26.945078019844242],[87.56129992359126,26.944862953723725],[87.56156470393518,26.944672268946512],[87.56203311507025,26.94416930131109],[87.56219766839013,26.943814194949663],[87.5625579623874,26.94257576363594],[87.56261809219363,26.941751583108484],[87.56261407484199,26.940948098000167],[87.56257774222237,26.9406028098923],[87.56272266340508,26.94024557805462],[87.56365091188977,26.93887609915098],[87.5646654481728,26.93777288390437],[87.56510028615344,26.937353442105497],[87.56607506656768,26.936746811184967],[87.56660888380938,26.93658663072246],[87.5668303988683,26.936436770743093],[87.56727712095967,26.936236329698993],[87.56770727576914,26.936137543648332],[87.56824422175198,26.936103774490444],[87.56917349228338,26.93583586860264],[87.56932560935623,26.935778850005715],[87.56945458341423,26.93525913244725],[87.56939074148347,26.93495466946264],[87.56922948749177,26.93457606124315],[87.56887465957448,26.934010900974958],[87.56874810334033,26.933519321738682],[87.56871796493593,26.93340210021822],[87.56888645558799,26.93297928599087],[87.56873014264343,26.9326977062057],[87.56850817289917,26.93201244694323],[87.56856460999997,26.930969327871527],[87.56893909592972,26.929676630157918],[87.56897522753759,26.929355910302412],[87.56885730358192,26.929072016534178],[87.56850003749575,26.928522673590983],[87.56834897502114,26.928159882560625],[87.56837321488486,26.92721623057402],[87.5688331638922,26.92566583164751],[87.56885108919391,26.924719928854294],[87.56887282326953,26.92354377110659],[87.56897579426395,26.923358278053747],[87.56910677769147,26.923242616447396],[87.57075456199938,26.923028277335696],[87.57154859720029,26.922799322418594],[87.57223552321929,26.922191570747927],[87.57223570975131,26.922098981535107],[87.57176827030096,26.921177656601674],[87.57165503204011,26.92069958061569],[87.57183745315905,26.919685279834066],[87.57181093017688,26.919033027095406],[87.57165060967503,26.918453547637387],[87.5715819543101,26.918205538377666],[87.57158250942734,26.91781729942887],[87.57173736885349,26.917317775494347],[87.57211674365978,26.916641321463192],[87.57233732034452,26.91644400955113],[87.57272783093786,26.916094775688293],[87.57338787782449,26.91577610963836],[87.57436654146656,26.915496699198552],[87.5745818676056,26.915376160545375],[87.57541879648709,26.91529824905926],[87.57548256887728,26.915232541585407],[87.57543609457288,26.914253067400903],[87.57554862509136,26.91371984697844],[87.5758120899044,26.913425318884613],[87.57609600333159,26.91329777722846],[87.57654460362559,26.913248505375226],[87.57689360742816,26.913296763998613],[87.57751796006856,26.913262556417294],[87.57784883407469,26.913459795952903],[87.57810424909513,26.913917050536107],[87.57827906542175,26.914008887690066],[87.57837547555961,26.914022014770303],[87.57846325605581,26.913951680337142],[87.57853696829677,26.913836270509904],[87.57900337378335,26.9130894184216],[87.57928897407496,26.912927991929447],[87.57991345242668,26.912911852078146],[87.58005375301423,26.91290909900661],[87.58086949013641,26.91300048713307],[87.5810334235841,26.912927525478516],[87.58106499546714,26.912832622227487],[87.58100153090366,26.912604868949348],[87.58079294872985,26.91232135192123],[87.58071054181676,26.912211071088358],[87.58067327280372,26.91193805468479],[87.58085876897489,26.911535495767755],[87.58125121431674,26.910974075105045],[87.58131153582383,26.910335011824287],[87.58167903677946,26.909952018257254],[87.58199909017424,26.909880680233908],[87.5821238210822,26.909769583081406],[87.58206266590933,26.909383845565394],[87.5817909955267,26.908956037480802],[87.58143672405087,26.908126862664147],[87.58125395656567,26.9074661718845],[87.58114272413295,26.907265740331148],[87.58111170729696,26.90698822147157],[87.58123874644765,26.906610734319102],[87.58125656297575,26.906511267017958],[87.58136503640468,26.906305454539424],[87.58158073708088,26.906144341450055],[87.58211505411407,26.90599535229216],[87.58244117333233,26.906005287384268],[87.58277298142605,26.906017472574668],[87.58304476753402,26.905989272156273],[87.58331417612203,26.90586854500731],[87.58341464455324,26.905556576941024],[87.58341526461788,26.90531956994489],[87.5833186007739,26.90513483004197],[87.583106458655,26.905016111738647],[87.58245746908378,26.904887896403526],[87.58244102534692,26.904872142273867],[87.58225632969753,26.90470584680513],[87.58232928852263,26.90444595717548],[87.58220155181688,26.904331363251153],[87.58188568689214,26.904362002190506],[87.58019643656745,26.903917586538846],[87.57969168499085,26.903691653595338],[87.57939163151903,26.9033678134859],[87.57929059148222,26.9031853864498],[87.57929114867068,26.902925810201165],[87.57972078723002,26.902012098121414],[87.57966051041542,26.901795660718676],[87.57925816600778,26.901271326116763],[87.57908121814644,26.90089959485473],[87.57908121344947,26.90064452067035],[87.57920969084388,26.900291852481562],[87.5793600432825,26.899546318777254],[87.57930857496336,26.89895289615576],[87.57882438813466,26.898437940719525],[87.57857760018926,26.89792879530797],[87.57854820801656,26.897610639870432],[87.5774383322495,26.895976428884254],[87.57769695354435,26.894230413541074],[87.57877762884951,26.89263230239602],[87.57915205756956,26.891628502005478],[87.57921387806195,26.89091948101467],[87.57980702121245,26.89035724438165],[87.5799539435484,26.890045087897214],[87.57984014709086,26.88980626951627],[87.57968365129986,26.88973687663307],[87.57932814715943,26.88976551610331],[87.57915039344722,26.889712065831276],[87.57911400030125,26.889481998589336],[87.5791680555417,26.888125100537653],[87.57913116292974,26.887922104016383],[87.57886405975694,26.887634273914582],[87.57921091393231,26.88653800969046],[87.57915157706351,26.886378026467053],[87.57868282890061,26.885666637431324],[87.578592853154,26.885423193182547],[87.57859309438196,26.884980751015153],[87.57884286040976,26.884345435806868],[87.57947282867038,26.88373787186227],[87.57953365936187,26.883572823114044],[87.57965119160693,26.883039665026672],[87.57966407001766,26.882980897311914],[87.57967350623169,26.882734825064645],[87.57950306187635,26.882394665672297],[87.57945316512459,26.882223303360277],[87.57954356973778,26.88205812913391],[87.57988281637209,26.881939338543344],[87.5804710332676,26.882018226779834],[87.58087061391834,26.88189468427862],[87.58098715351257,26.881788088383836],[87.5815137681883,26.88101841688748],[87.58159835248382,26.880584663832593],[87.58141928059824,26.880271637034532],[87.58002606153696,26.879069744961697],[87.57984724100577,26.878817611421017],[87.57920759665194,26.877041476234364],[87.57896593643149,26.876557151159815],[87.57859097492685,26.875967296350925],[87.57833331183569,26.875659085493478],[87.57772714059868,26.87501828303553],[87.57751737385091,26.874865616374514],[87.5774023465382,26.87562227748718],[87.57733746526915,26.8764736525436],[87.5770459410178,26.87742512363466],[87.57665563062953,26.878395101811268],[87.57620116418458,26.878997411060595],[87.57580527466098,26.879238237985973],[87.57557156546088,26.879320515351772],[87.5747270728542,26.87945263088614],[87.57428278565752,26.87945670144375],[87.57348642979284,26.879292978971286],[87.57259122659123,26.87923110002157],[87.57118846765461,26.879365474578986],[87.57003591833633,26.8792031329952],[87.56961970562723,26.8792702849319],[87.56927933477847,26.879425147819646],[87.56916285650448,26.879540746820595],[87.56896872780538,26.87973343084009],[87.56861066929116,26.88023595938288],[87.5685490245573,26.880371687634153],[87.568433299785,26.880627201686014],[87.56776407743949,26.881715718975165],[87.56719358401133,26.88304086596327],[87.56708223598874,26.883298568452883],[87.56639076210868,26.884712119298985],[87.5659895741772,26.885788315880017],[87.56593255425227,26.88583820665881],[87.5658206467634,26.886238200590338],[87.56550210289988,26.886736101362743],[87.56547422440529,26.88707476359789],[87.56524109356165,26.887906386697676],[87.5652399812933,26.888556514162577],[87.56509806346287,26.888999521218764],[87.56472743902064,26.88951567912319],[87.56472732035353,26.889872345338876],[87.56464160622356,26.8901029148184],[87.56449937189977,26.890356303669233],[87.56420376996768,26.89065777177162],[87.56343931488931,26.891216134963745],[87.56285098613475,26.891751176473438],[87.56195454369842,26.892228831315077],[87.56129981212653,26.89257906962517],[87.56039348339384,26.89270230776248],[87.55895795547262,26.892484641517665],[87.55831784133109,26.892229764962963],[87.55790493600252,26.89197407173765],[87.55773849842821,26.89191380642655],[87.55743957530687,26.891806655431253],[87.55687974955728,26.89200072132581],[87.55620662703274,26.891937901260146],[87.55434865028482,26.892588621555912],[87.55400371197028,26.89258993990303],[87.55312301144008,26.89242415585263],[87.55291700062492,26.89251524842383],[87.5526344660602,26.892796272510115],[87.55246302946449,26.892866920797903],[87.5522952823898,26.8929352563146],[87.55158452266691,26.892904195590912],[87.55099743903685,26.89319547832599],[87.5505164608253,26.893687192995007],[87.55023317705279,26.894067496494866],[87.54890896610296,26.89514039438244],[87.54847737096912,26.895162407225556],[87.54819558459246,26.895330586674962],[87.54779601170554,26.895882879950317],[87.54719555065934,26.896271253561785],[87.54695146738052,26.89656115489939],[87.5463074245825,26.89679160760382],[87.54624077506807,26.89680542477457],[87.54594398022175,26.896872074565696],[87.545867702475,26.89684981948556],[87.54578191942134,26.89679142874804],[87.54530611132448,26.89630341834313],[87.54496223221014,26.896121933204487],[87.54465224568052,26.896190832962017],[87.54402495234297,26.896109756377594],[87.54380362046446,26.89603386285244],[87.54350488144178,26.895818304599974],[87.54308715747113,26.8953458605875],[87.5423953972577,26.89494450365881],[87.54183106660331,26.895000841759778],[87.54153476925592,26.89490044242054],[87.54130174357117,26.894743275183473],[87.54075879392727,26.8946596969264],[87.53981207099083,26.894516545298895],[87.53916990085675,26.89461152084222],[87.5388160232444,26.894723496871308],[87.53850259688309,26.894724689352707],[87.53838655333337,26.894679990366843],[87.53791043894634,26.894492130950546],[87.53684923609546,26.89435860843684],[87.53662896587959,26.89423751397037],[87.53653893213587,26.894222073540192],[87.5364488368581,26.89420888401002],[87.53627783789936,26.894247897869366],[87.53574395452762,26.894216084087173],[87.53532773703,26.89405741977439],[87.53496241501108,26.894000096439346],[87.53445122548897,26.893837244193328],[87.53386563094531,26.893534727040848],[87.53347173443188,26.89341888673357],[87.53325177854542,26.89337006411207],[87.53286181623305,26.893019405209262],[87.53174077456123,26.892615054277115],[87.5308530747006,26.892568742169992],[87.5305589038266,26.89252017067286],[87.53027861326655,26.892471598287834],[87.52997675383294,26.89252686929265],[87.52977774566999,26.892631465198452],[87.5294266842543,26.8928156500543],[87.52918565856508,26.892814278621405],[87.5284760200997,26.892622858775276],[87.5277446280964,26.892621057698822],[87.52731890729633,26.89242857065775],[87.52705893652217,26.892429512066578],[87.5266689862382,26.892625138107114],[87.52610521841017,26.89266784706259],[87.52541590172098,26.89251018669505],[87.52405459004243,26.892393362158664],[87.52392954503861,26.89243900269164],[87.52384626619626,26.89252509128221],[87.52387209093108,26.89266494449744],[87.52410149708327,26.89314714477579],[87.52471911980709,26.894278028581603],[87.52522156681866,26.894971411846395],[87.52560784777079,26.895741944089792],[87.52605721257818,26.896410694765624],[87.52609948103796,26.896564052022057],[87.52592305163796,26.897070328011395],[87.52596057480146,26.89754877995911],[87.52628282596322,26.897953831228232],[87.52650891178862,26.898110998633715],[87.52676157521576,26.89856600297897],[87.52687006103818,26.899023885565274],[87.52719243711121,26.899444815929016],[87.52801344113904,26.900297240047852],[87.5286491893693,26.901105216559053],[87.5288262630629,26.901549281506625],[87.52874148865897,26.901854310205955],[87.52877319676499,26.90231919546943],[87.52908787877463,26.902570826600073],[87.52919229684544,26.90282327433748],[87.52930252762526,26.90297637986825],[87.53016749255812,26.904187533938448],[87.53100881982229,26.905204630668887],[87.53121928109202,26.90565082053508],[87.53138778651524,26.906009110580776],[87.53197901622218,26.90670436704244],[87.53291293736554,26.90758342202275],[87.53306374635946,26.90779954576398],[87.5331335295057,26.90817627976143],[87.53307789116505,26.90852413259052],[87.53315986443603,26.908819530497762],[87.53335669398267,26.909173193824163],[87.53340984682082,26.909637954433695],[87.53318233622842,26.910115097364606],[87.53301610968316,26.911176724164783],[87.53304731513528,26.91151526039501],[87.53295422701274,26.911933133636882],[87.53251319916939,26.912386273679942],[87.53155162373218,26.91365853670872],[87.531422393458,26.913889294581885],[87.53157270649093,26.91426790322713],[87.53157240069952,26.914599749847035],[87.53110442687496,26.915089088871422],[87.53100558864206,26.915622183981025],[87.53061401870643,26.916154158413363],[87.53035818556579,26.91664724421683],[87.53035806501141,26.916879812435763],[87.53051087772477,26.917244854830024],[87.53072952661931,26.917560005822242],[87.53142134978486,26.917950171882488],[87.5319060334828,26.918327587428035],[87.53231693830682,26.91855852329337],[87.5325145779469,26.918819659558928],[87.53239135181457,26.91911356013591],[87.5319394423238,26.91940871650465],[87.53175650759172,26.919739003550774],[87.53205081711396,26.92046696184373],[87.53268775413552,26.921360713558393],[87.532648494796,26.921573026613792],[87.53234632669678,26.92184273559585],[87.53187691750998,26.922440543207358],[87.5314428250919,26.92263404477436],[87.5311801090356,26.922869805344387],[87.53100498751502,26.923121006779276],[87.53065075072156,26.923968886106195],[87.53052026699632,26.92406866697572],[87.52979932919364,26.924719244346004],[87.52930528288903,26.925165820073605],[87.52918742945165,26.925279105619495],[87.52899987197968,26.925817078621968],[87.52855784284631,26.926213764888733],[87.52841954855283,26.926532547823133],[87.52847194908112,26.926823570091088],[87.52876212301129,26.927086579412496],[87.52925580848924,26.927362340299556],[87.52937741781965,26.92750869362077],[87.5294276339063,26.928025344253278],[87.52922000160136,26.928321871748228],[87.52873470528374,26.928621655220923],[87.52837883857845,26.929259534951886],[87.52806835564905,26.929518053592425],[87.52791280116432,26.929647343980225],[87.52740530828953,26.92990655296797],[87.52710476826644,26.930264350076754],[87.52672264238339,26.93094749365764],[87.52646505322589,26.931201259581616],[87.52595337552057,26.931659152160968],[87.52539986608606,26.931907296209054],[87.52490444110151,26.93220482871112],[87.524582834986,26.93277943970655],[87.52418957207323,26.933101415118248],[87.52402483076835,26.933427076423907],[87.52391623550882,26.933766114851174],[87.52395538360322,26.934192551781322],[87.5242700740403,26.934839235610333],[87.52465068126504,26.93638862179529],[87.52492410210246,26.93683224719647],[87.52550813829093,26.937315441867113],[87.52560405122604,26.937488865954045],[87.52560336632295,26.937615278324518],[87.52541818129987,26.938002019723182],[87.5249936557906,26.93824059613745],[87.52456444345752,26.93856951189017],[87.52430292536013,26.93933117722197],[87.52423052694843,26.939475908469],[87.52399500575754,26.939603199263296],[87.52377862039967,26.939926797792246],[87.52371710679446,26.94036723996856],[87.52375888153729,26.940823123089984],[87.52366310402044,26.941218427461628],[87.52340476673858,26.94159185371781],[87.52336725484477,26.94164618311818],[87.52317962845531,26.941917765837704],[87.52251020498359,26.942308515440256],[87.5225099590738,26.942534206571473],[87.52259730765205,26.942768649026327],[87.52282770962238,26.94301834365654],[87.52308655701837,26.943164132234717],[87.5234659472899,26.94323727237081],[87.52526254354179,26.943388475738],[87.52570052051934,26.943585526292985],[87.52603246014007,26.943882233274813],[87.52629756773158,26.94442076152574],[87.5261891036503,26.945062201205463],[87.52589532274186,26.945792420497618],[87.52589876800455,26.946135520708154],[87.5262075094949,26.94629912658302],[87.5267180702235,26.94627917501544],[87.52690338926519,26.946316870422812],[87.5270922810167,26.946846647091487],[87.5271238720005,26.947672701412582],[87.52700834200166,26.94829163482368],[87.52716590570782,26.948591219905584],[87.52748809763747,26.949204019131958],[87.52735112199525,26.949816263688167],[87.52735013680312,26.95054085093643],[87.52712538618603,26.951505637150067],[87.52710770282918,26.95202485248483],[87.527300904954,26.9523988338091],[87.52789963421824,26.952904472026567],[87.52811872483461,26.953429560363592],[87.52758547603051,26.9538717606454],[87.527544965759,26.954086387312085],[87.52765457348868,26.954347774382416],[87.5272158575685,26.954688006466014],[87.52717234334555,26.954805603663083],[87.52727832910598,26.955252170768038],[87.527821225963,26.955798697104168],[87.52792189253702,26.956039766328004],[87.52800856637617,26.95693102567202],[87.52787815172707,26.95731982972102],[87.52725793367638,26.957748777360433],[87.52712589174396,26.958065310251328],[87.52712564560406,26.95828206048152],[87.52740331835686,26.95867823490176],[87.52786355057121,26.95878263359826],[87.52808319814689,26.959012009818426],[87.52816904802403,26.959320973843152],[87.5279132799311,26.95997885764203],[87.527105379509,26.960954657293794],[87.52712751575733,26.96111495396527],[87.52730665294673,26.96157252190289],[87.52754430784378,26.961878608465536],[87.52769381252725,26.962485220954157],[87.52771801206534,26.962663460141766],[87.52762761024805,26.962986619217222],[87.52753846809516,26.96372508675486],[87.52761537881379,26.964144645941122],[87.52800929091957,26.96501677008826],[87.5280085448755,26.965256027646014],[87.52789100814061,26.965572497388404],[87.52768537763666,26.965905098151232],[87.52733875792846,26.96626308412472],[87.52726567182674,26.966398749648683],[87.52647522398983,26.96786900556922],[87.52644396431381,26.96792771083477],[87.52624539609378,26.968154280623928],[87.52656470016966,26.968157589467914],[87.5274135069308,26.96799190205297],[87.52800997545508,26.96798282755251],[87.52914045571212,26.968233695290856],[87.53006154326727,26.96828888390333],[87.53037359303158,26.968217733178378],[87.53064387727612,26.96809706830657],[87.53092685125362,26.967863495949423],[87.53157645107531,26.967251555799407],[87.5321929754591,26.966562969378913],[87.53239054397329,26.966397479601195],[87.53296268141044,26.965919018003802],[87.53330142707512,26.965766467847043],[87.53358515627039,26.965830856958405],[87.53418044161394,26.966099489131853],[87.53460254004759,26.966398070035734],[87.53462654839753,26.96641369907933],[87.5348020520477,26.966501096768816],[87.53502738969202,26.966739538246895],[87.53568120150888,26.967287876044853],[87.5363460057264,26.96721534354117],[87.53653776145241,26.967146882769192],[87.5368901370155,26.96694463091233],[87.53730571754176,26.966541255994443],[87.53740331321686,26.966396461338352],[87.53760531879472,26.966097683154985],[87.53772029126515,26.96577439898839]]]}},{"type":"Feature","properties":{"province":"Koshi Province","district":"Pachthar","municipality":"Miklajung Rural Municipality","ward":"5","wardNumber":5,"sourceMunicipality":"Miklajung","sourceType":"Gaunpalika"},"geometry":{"type":"Polygon","coordinates":[[[87.69908118369462,26.918107597274236],[87.69904104261215,26.91803332633627],[87.69870854129417,26.917816018256286],[87.69810467831714,26.91697928320743],[87.69757472237733,26.916379241687867],[87.69732675298592,26.91619312814135],[87.69620639458631,26.91561629116232],[87.69582562687853,26.915419552269313],[87.69582560692704,26.91541952663931],[87.69565543022529,26.91497793834015],[87.69559139050448,26.914192759039775],[87.69542681835597,26.913532181062415],[87.69488353587154,26.91250778548609],[87.69452789476499,26.91210323325302],[87.69360235803715,26.911667626416232],[87.6934833687867,26.91156214120816],[87.6934299883525,26.911379545575457],[87.69347317292433,26.911133299894367],[87.69347318215306,26.911133274401102],[87.69361385561666,26.91087526415962],[87.69364729069204,26.91068331475844],[87.6934984269993,26.91022349872497],[87.69301228080835,26.909372637905786],[87.69277205747575,26.908694380674373],[87.69200187852026,26.90751310476621],[87.69138523111678,26.905182127219746],[87.6913312589497,26.904904727269262],[87.691283117556,26.904342887890216],[87.69086743938452,26.90327726448651],[87.69048772024269,26.902631267022844],[87.69029615009926,26.90218526509244],[87.69027125160207,26.902126689487396],[87.69031002134709,26.90198202950856],[87.69078035638546,26.901178397699372],[87.69088597814735,26.90081161923465],[87.69100037882127,26.900414355966046],[87.69105055842265,26.899770797184697],[87.69087788942481,26.8976791244509],[87.690850413709,26.896550352625358],[87.69082839145788,26.89564552976224],[87.69028058379695,26.893447332421143],[87.69025887252596,26.89285197716998],[87.69023442815607,26.892181273383496],[87.6902184585764,26.891727638996556],[87.69021094460146,26.891526773008675],[87.69019008899076,26.891421245242512],[87.69012579075674,26.891096082911975],[87.69010426800675,26.890446056519117],[87.69010426476483,26.890446018726653],[87.6899668222691,26.889272934211867],[87.68999188097158,26.888843900461616],[87.68999188278394,26.8888438634387],[87.68994286728194,26.888749364250884],[87.68994286335783,26.888749336396483],[87.68988033934943,26.88871807783576],[87.68981606608756,26.888702574184517],[87.68870109117303,26.888439453530147],[87.68847356731096,26.888282536013882],[87.68794343157232,26.888050352087358],[87.68750258210972,26.887998344284885],[87.68718177785284,26.888029171609475],[87.68687910750565,26.888145835864336],[87.68649603119205,26.888192855447457],[87.68566203229601,26.887856083879218],[87.685436256618,26.88757494227825],[87.68531351827085,26.887261790375977],[87.6849166796929,26.88699509343517],[87.68391499213668,26.886519283477565],[87.68241525355289,26.88632112565551],[87.68149835091566,26.88602761720293],[87.68028452419028,26.88563846107423],[87.67978127511483,26.88547835936036],[87.67812635127996,26.885109404345265],[87.67675547146538,26.884874483463854],[87.67596836560614,26.884596102102112],[87.6758557578758,26.88439798337167],[87.67574139589674,26.884005745587338],[87.6756039680518,26.883859705062026],[87.67470125119506,26.8832929292516],[87.6745977706442,26.883038356361766],[87.67449622929445,26.88279059771867],[87.67426789140119,26.88259748198994],[87.67369805076989,26.882232322375586],[87.672978905845,26.881847534509927],[87.67269842495845,26.8816749877414],[87.6725146059222,26.881556269315332],[87.67218485541866,26.88134565020167],[87.67201316676295,26.88126069078844],[87.67157281907926,26.881301147383176],[87.67135017322258,26.881211937473758],[87.67109851537772,26.881014508748134],[87.67063659195058,26.88080676760854],[87.67020699927112,26.880844911655974],[87.66973601414917,26.880806533203256],[87.66948167074447,26.880787406337816],[87.66837627043495,26.88095972547015],[87.66808428784891,26.880861826740116],[87.66767957057625,26.880529610708226],[87.66707602453262,26.87988468234583],[87.66618800393628,26.87945544606368],[87.66582368155346,26.879357923576336],[87.66580423710712,26.879369239483946],[87.66444957194462,26.88016568252504],[87.66391812970765,26.88022464655956],[87.66285036341262,26.880157456607403],[87.66197216466544,26.880003551790516],[87.66127503419547,26.879927853643775],[87.66099780679676,26.87987040348633],[87.66081617638896,26.8798013240494],[87.66041427876286,26.879749065445424],[87.65973033993848,26.87965517379014],[87.65894442873349,26.87967694335501],[87.65831213640966,26.87971827813971],[87.65780157865088,26.879896714206566],[87.6572483210097,26.880217567452178],[87.65676227876472,26.88071872225216],[87.65636777162361,26.8812826442122],[87.6558818525834,26.881697961364132],[87.65510870154016,26.881965677518135],[87.65472662455635,26.881960619531696],[87.65438625030365,26.881980318343036],[87.65420237016521,26.881963129485413],[87.65385149190564,26.88190599347189],[87.65305376185401,26.88184205022357],[87.65134289097747,26.882010252800594],[87.65067289258357,26.881841839533493],[87.64995581986386,26.881903806951595],[87.64942425378716,26.882050733573145],[87.64896177763055,26.882278620615992],[87.64819750903341,26.882801286876607],[87.64804908545838,26.88303904587517],[87.64800044395463,26.883116006703244],[87.64796987163338,26.883163521375756],[87.64791347657119,26.883206659817134],[87.64770984345547,26.88336564714674],[87.64745625327599,26.883484186031257],[87.64661675938076,26.88349257767855],[87.64642275694364,26.883780102762326],[87.64586968604895,26.884035499418616],[87.64525990287699,26.884162421496097],[87.64544205060638,26.885084813753146],[87.64612387639768,26.88578369427228],[87.64612713264123,26.886027515608596],[87.6458142188016,26.886663207857662],[87.64566243810376,26.887860310592323],[87.64496126116231,26.88863098511633],[87.6448237810869,26.889015350542078],[87.64493945224724,26.889217970368005],[87.64539543243679,26.889267852238007],[87.64553398823682,26.889508733223348],[87.64546659465366,26.889829640991806],[87.64492916698059,26.89072366189636],[87.64451021128343,26.891197370067847],[87.64439617425748,26.891407808425456],[87.64433202766064,26.89152546909561],[87.64494296071064,26.89258589473522],[87.64516841988583,26.89270898922467],[87.64579115059259,26.892861836694873],[87.64653343355175,26.893463438170475],[87.6473482410037,26.893958569624466],[87.64791740324976,26.894759544856726],[87.64805477235153,26.89511783535371],[87.6480952389346,26.8958083495956],[87.64823985798047,26.89599952769419],[87.64857123060824,26.896054476492864],[87.64864601162576,26.896250469992175],[87.64850809284142,26.896569440318952],[87.64715956682963,26.89795255597183],[87.64677299492999,26.898259089460606],[87.6454072812378,26.899942542558733],[87.64564280915486,26.900178483217193],[87.6459041013539,26.90063773831304],[87.64597769906769,26.90106855035488],[87.64568522736116,26.90154844614521],[87.645656909397,26.90176982372884],[87.6457089975475,26.90207435005822],[87.6460957082878,26.902447265471086],[87.64628991671998,26.90305131375424],[87.64666556511133,26.90358002564087],[87.64661499176965,26.903977580395605],[87.64645687822909,26.90427173144327],[87.64585711337365,26.905080353624577],[87.64553900257111,26.905373006382106],[87.64525653379874,26.90583702214092],[87.64515619609641,26.906349924564463],[87.64516101799911,26.906753917186492],[87.644888239167,26.907154727134614],[87.64478240153046,26.907807544755457],[87.64487231638027,26.908118697569723],[87.64519551092512,26.90882371107981],[87.64524022606427,26.909374309126097],[87.64544744289235,26.91016334928085],[87.64561862981179,26.910162596455436],[87.64637734096522,26.90996727668973],[87.64659754755135,26.910063300736997],[87.64672240930021,26.91020946674323],[87.64676205717753,26.91064715678616],[87.64708005579293,26.910995628393845],[87.64736234907988,26.91115229467969],[87.64783608860084,26.91132396258959],[87.64818859212802,26.911320080770807],[87.64862131132386,26.9112503650329],[87.64881919192234,26.911068871712224],[87.64893028976205,26.910792913679057],[87.64877190680939,26.910181924959804],[87.6488634986448,26.910012248920882],[87.64919336913125,26.910008429566975],[87.65071144760587,26.911161680100268],[87.65116298954817,26.91130859069839],[87.6516417237273,26.911141596492836],[87.65177840138259,26.911262816893217],[87.6519326540682,26.91170000542354],[87.65194610155923,26.91195726752412],[87.65184213727916,26.912494989326735],[87.65190860447852,26.91277688362362],[87.6520829224266,26.912981440512144],[87.65240323154869,26.91317861784991],[87.65276661432279,26.91320630762027],[87.653813980861,26.91241587115539],[87.65413420410158,26.911518227520602],[87.6544412528405,26.911480712026872],[87.65498063918622,26.911579732158316],[87.65601715476582,26.91217313896687],[87.65642961995329,26.912306608545006],[87.65706016255596,26.9122675867349],[87.65740235048871,26.91232691071275],[87.65779706203067,26.912541779541307],[87.65843573604388,26.912714757555392],[87.65876222676316,26.912564332831124],[87.65942327703286,26.912358074132005],[87.65967430784457,26.912438155523358],[87.6600178768458,26.912741301078523],[87.66002439061951,26.91331459395836],[87.6601645710499,26.913499021076394],[87.66040822421566,26.913606235504073],[87.66146910585998,26.913307818002753],[87.66192082732852,26.913048360022565],[87.66281902803861,26.912919995017074],[87.66400202038952,26.912830886843395],[87.66468082920656,26.912757666307474],[87.66485382944664,26.912738782943276],[87.66578816863752,26.912653117404084],[87.66580517436418,26.912650803708537],[87.66666961306406,26.91257220391904],[87.66680003675809,26.912589644210584],[87.66714429066299,26.91277988163147],[87.66760577465016,26.912892782578954],[87.66787768114568,26.912674776258225],[87.66838311350836,26.91255729622243],[87.66871610972363,26.912555727278885],[87.66950590379325,26.912836358792898],[87.66983171369968,26.912995088020438],[87.67008974718824,26.913095425344377],[87.67020779191971,26.913142249614747],[87.67037029059621,26.913263407227262],[87.67054311414573,26.91374785878734],[87.67090493983285,26.91403731278034],[87.67102092716198,26.914388913380954],[87.67102480959151,26.914716197454585],[87.67083111969086,26.914965460504494],[87.6706453036187,26.91504986378637],[87.67018594940733,26.91508813251006],[87.66978605664956,26.915272881116046],[87.66946176167228,26.91579135082453],[87.66936311425802,26.91645998540666],[87.66975882914551,26.916841841444942],[87.67031259971297,26.917121351615446],[87.67053937688195,26.917470136974256],[87.67079684991485,26.91767206665132],[87.6715395026784,26.91795520033069],[87.6717088790305,26.91806497914551],[87.67191308618038,26.91842295626022],[87.67194435565743,26.918815570547945],[87.6720918536092,26.91915798099073],[87.67238208873351,26.9193710380905],[87.67312586905719,26.91975119968639],[87.67352382900589,26.919859913053838],[87.67381881004019,26.919813331740514],[87.67461846698265,26.91930154335163],[87.67540293203152,26.918889284577],[87.67562494947869,26.918838516319962],[87.67621472729074,26.918833441992565],[87.67837958558778,26.919123241284208],[87.67942315310896,26.91908433726162],[87.68048903871171,26.918878259290626],[87.68065184912788,26.918949714546507],[87.68106218543771,26.918920637370167],[87.68145101646431,26.918986461861405],[87.68168641733999,26.919089175523947],[87.68197233837158,26.919311236172884],[87.68234347800042,26.919471964973074],[87.68318278895742,26.919700392095947],[87.68371198262732,26.91975427456337],[87.68570808186595,26.919514295938328],[87.68736505316895,26.91910214741194],[87.68803554737731,26.919096634402827],[87.6888664154215,26.919185083985262],[87.68957592429409,26.919179320451356],[87.68979000241497,26.919189569831143],[87.6900318411782,26.919206446368637],[87.69214923893888,26.919236606662995],[87.69276140388999,26.919382638955728],[87.69381323731874,26.919973357598902],[87.69426209246917,26.9201720953991],[87.69507276734404,26.92034638279178],[87.69613222641907,26.920851263124376],[87.69712953717459,26.92125942862786],[87.69772588225483,26.921387393394976],[87.69868548988835,26.92171903749686],[87.6993653662769,26.921914208051902],[87.69963889206062,26.921348538090104],[87.69974842549239,26.921043259383342],[87.69967619558884,26.9202558423121],[87.69993553193186,26.919848218398958],[87.69996459900035,26.919556881950744],[87.69983873403675,26.919264048626463],[87.69946652681728,26.918827989728005],[87.69908118369462,26.918107597274236]]]}},{"type":"Feature","properties":{"province":"Koshi Province","district":"Pachthar","municipality":"Miklajung Rural Municipality","ward":"7","wardNumber":7,"sourceMunicipality":"Miklajung","sourceType":"Gaunpalika"},"geometry":{"type":"Polygon","coordinates":[[[87.59082656364856,26.93462903900866],[87.59090114879145,26.93443235504323],[87.590925969551,26.93436677311472],[87.59129596377613,26.93360454371314],[87.59163626942843,26.933298323399622],[87.59246543758806,26.93280278913657],[87.59365473599124,26.932312438770534],[87.59418654526276,26.931797779652282],[87.59475998738888,26.93093076588909],[87.5947872963338,26.930260256412932],[87.59514497718236,26.929669640393257],[87.59525482371166,26.92936661178272],[87.59517322714852,26.929170618371195],[87.59477419505181,26.92860120775091],[87.59439323610212,26.92823710726001],[87.59407079550854,26.927750907650218],[87.59422365684946,26.92736654256237],[87.59438221173684,26.927223623590006],[87.5948109278544,26.927095391723377],[87.59537044447352,26.92706143443377],[87.59599572991131,26.926835295476383],[87.59641587744551,26.926513007041592],[87.59671954170065,26.926076061841687],[87.5970245115648,26.925286950238718],[87.59717731146948,26.925001863926248],[87.59720982064682,26.924857258570896],[87.59728528363354,26.924719217185157],[87.59748422349412,26.9243572332148],[87.59765421857647,26.924137603407875],[87.598191467841,26.923688338173346],[87.59929522696108,26.922762673698127],[87.60001798920815,26.92264669057695],[87.6000601265657,26.922520090430947],[87.60029845560521,26.922103776178357],[87.60075071751832,26.920729366329716],[87.60131176848571,26.919329697489296],[87.60192498356524,26.918868864867836],[87.60226909820159,26.918345956236912],[87.60233174272955,26.9181605882156],[87.60208038585756,26.917446069950927],[87.60145538887055,26.916507430377724],[87.60145581909059,26.91612600584617],[87.60158992091945,26.915649114435308],[87.60222382780937,26.91505049067519],[87.60250466816565,26.914478193144433],[87.6026186402567,26.914125525406867],[87.60236566099118,26.913557801388112],[87.60147951636475,26.91312368836893],[87.60144825112788,26.912925068243865],[87.60159255001732,26.91271913057935],[87.6023560153438,26.91269098503193],[87.60327590702538,26.91236881324579],[87.60356894584213,26.912069595275153],[87.60369742517766,26.911850028669146],[87.60403246620245,26.910932129486888],[87.60389471896931,26.910465495387072],[87.6034841848606,26.909995489157208],[87.60312260932997,26.909710348631744],[87.60277322945915,26.909592195223556],[87.60256921490264,26.90946215968569],[87.6024274707387,26.909207712674487],[87.60242834203846,26.909022596112706],[87.60276006432836,26.907836055063324],[87.60295048640654,26.90672016305679],[87.60287031617295,26.90596656792148],[87.60257505775134,26.904665379351623],[87.60238441866922,26.90432759560919],[87.60265838922722,26.904114216716085],[87.60326098028531,26.903910709157913],[87.60457533207006,26.903801218545244],[87.6049585944851,26.903664171821145],[87.60565471648131,26.90329999166452],[87.60647399948608,26.902542506391054],[87.60734198466018,26.90159515156453],[87.60794650923022,26.901172830958615],[87.60892166606462,26.900604210371895],[87.60971338750142,26.900356937997188],[87.6100095518514,26.900059971104145],[87.61019192116576,26.89957163767336],[87.61035003775439,26.899361010305615],[87.61093349528215,26.89913274673641],[87.61132988943116,26.899088039397867],[87.61165244110276,26.89890610572416],[87.6121628746895,26.898784249365796],[87.61275565288473,26.898747854285364],[87.61399317661409,26.899218721321073],[87.61439295237749,26.899483355524676],[87.6147432087569,26.899639833346505],[87.6156771250595,26.900294884296162],[87.61617481324585,26.900597402382825],[87.61628271966947,26.900190594001927],[87.61633872829545,26.899605733929622],[87.61651903082458,26.89897067024624],[87.61703850961342,26.897853271785568],[87.61840312356453,26.89738905115831],[87.61887997747121,26.897000929823747],[87.61950761642271,26.895637019008472],[87.61973519341386,26.895358433834648],[87.6195681845324,26.894855727219248],[87.61970435568558,26.89467229598488],[87.62005179005307,26.894447286950562],[87.62018958558612,26.894200587180055],[87.62015699762672,26.893537081219907],[87.62024608980002,26.893376470158827],[87.62101323012429,26.892664248991718],[87.62151671377367,26.89208644575616],[87.62169814863596,26.89177185059905],[87.62193322231185,26.89114328814754],[87.62230731995233,26.88923422212437],[87.62214656565213,26.888846674196092],[87.62210116160259,26.888259939983726],[87.62217405157675,26.887663701742774],[87.62210882257472,26.886797198913513],[87.62137281889551,26.8844595882452],[87.62123600612438,26.883850724905088],[87.62128971231157,26.883764761095605],[87.6212209361772,26.88373344054751],[87.62113027103491,26.88337715022028],[87.62102047949944,26.8833280125295],[87.62000654960633,26.883434060312307],[87.61918850132258,26.883460206406877],[87.6187700337608,26.883351494197864],[87.61844153495475,26.88312943432902],[87.61836744339075,26.88303722087555],[87.61819756497187,26.88282803720776],[87.61809239126576,26.882350023741207],[87.61818535278715,26.88184843793532],[87.61841899123517,26.88141849550567],[87.61853083537937,26.88092591209662],[87.61823508138984,26.879904680170796],[87.61822931934671,26.879421601013977],[87.61835735261577,26.87877322131517],[87.61893410641706,26.87780455365768],[87.61893153746367,26.877558480950817],[87.61875340554232,26.877322227073815],[87.61815561575969,26.876882483240774],[87.61804881784528,26.876454046760912],[87.61779790750371,26.876139146750802],[87.6176295858345,26.87562743646659],[87.61766102479797,26.875160048982423],[87.61773973671654,26.87494073381528],[87.61875895478697,26.873502858499794],[87.61875732528588,26.87332455623158],[87.61858381840455,26.87302059475283],[87.6176320135018,26.87203832290851],[87.61702008740873,26.871300616487687],[87.61687653049773,26.871048420172823],[87.6167090849354,26.870581848079045],[87.61670864300055,26.870389979551664],[87.61646167499256,26.870219558737382],[87.6159988168851,26.870151609192714],[87.61584451272334,26.870247076535396],[87.6156200613848,26.87052116082016],[87.61531914320639,26.87073691681762],[87.61458069482647,26.87113066862374],[87.61397897955825,26.871345491821984],[87.6134140870998,26.87138632516274],[87.61309228078942,26.87134031754702],[87.61247442116328,26.870900573199272],[87.61210352759385,26.870500400159088],[87.61177201821785,26.86983370971136],[87.61154161925856,26.869694735411883],[87.61124038478272,26.86972993837078],[87.61102574638078,26.86985272728806],[87.61066774349723,26.869962640695658],[87.61017800141958,26.86993545315752],[87.60976941214646,26.869799482250837],[87.6094568609744,26.869830183754694],[87.60903033335903,26.869960729053666],[87.60828063172967,26.870390617706082],[87.60809456402295,26.870434258641936],[87.60770429652241,26.87041113306325],[87.6072683230103,26.870315987408585],[87.60660839575138,26.870345881315107],[87.60553950365428,26.870278254080947],[87.60489307740593,26.870134347362548],[87.60445179410247,26.870231007758445],[87.60428867115907,26.87020237776966],[87.60391253437308,26.870233329663638],[87.6032716100663,26.870057788747904],[87.60202215064665,26.869880257548726],[87.6012561829034,26.86985870080151],[87.60087479356223,26.869849079678314],[87.59996383486711,26.86977394769136],[87.59958569439387,26.869662671299388],[87.59826670859788,26.8694267484691],[87.59763303980262,26.869429447003004],[87.59653626807042,26.869567317323682],[87.59577186207679,26.869480304792408],[87.59533345350904,26.869520511235844],[87.5932638204013,26.869414138115207],[87.59305305577848,26.86940370080717],[87.59267785880448,26.869518178716024],[87.59178246823004,26.86940903601635],[87.59136600395635,26.869449179284317],[87.59019883363275,26.869697958834745],[87.58971284269452,26.869668333053333],[87.58901457956702,26.869219775742668],[87.58870171236113,26.8690901803268],[87.58833338979326,26.869051049337013],[87.58770071837336,26.8688798844194],[87.58724385641233,26.868511596507958],[87.58663450110981,26.86811686585237],[87.58595118219948,26.867767586633327],[87.58529381294468,26.867558098917993],[87.58483595971951,26.86761418539138],[87.5844841466747,26.867728537225144],[87.583298917273,26.868521288619775],[87.58296811538868,26.868804814107943],[87.58243998882527,26.869019198189523],[87.58212037509732,26.86914917869173],[87.58174617420234,26.869069474666556],[87.5811914906046,26.86999275365673],[87.58059084020373,26.870306730889062],[87.58028261082923,26.870700788517304],[87.57927919633656,26.871366312467742],[87.5789275803715,26.872011069628265],[87.57793892952479,26.873118972225107],[87.57765714704418,26.873519719483618],[87.57752848669399,26.874080011028504],[87.5775855770515,26.874416171143594],[87.57751737385091,26.874865616374514],[87.57772714059868,26.87501828303553],[87.57833331183569,26.875659085493478],[87.57859097492685,26.875967296350925],[87.57896593643149,26.876557151159815],[87.57920759665194,26.877041476234364],[87.57984724100577,26.878817611421017],[87.58002606153696,26.879069744961697],[87.58141928059824,26.880271637034532],[87.58159835248382,26.880584663832593],[87.5815137681883,26.88101841688748],[87.58098715351257,26.881788088383836],[87.58087061391834,26.88189468427862],[87.5804710332676,26.882018226779834],[87.57988281637209,26.881939338543344],[87.57954356973778,26.88205812913391],[87.57945316512459,26.882223303360277],[87.57950306187635,26.882394665672297],[87.57967350623169,26.882734825064645],[87.57966407001766,26.882980897311914],[87.57965119160693,26.883039665026672],[87.57953365936187,26.883572823114044],[87.57947282867038,26.88373787186227],[87.57884286040976,26.884345435806868],[87.57859309438196,26.884980751015153],[87.578592853154,26.885423193182547],[87.57868282890061,26.885666637431324],[87.57915157706351,26.886378026467053],[87.57921091393231,26.88653800969046],[87.57886405975694,26.887634273914582],[87.57913116292974,26.887922104016383],[87.5791680555417,26.888125100537653],[87.57911400030125,26.889481998589336],[87.57915039344722,26.889712065831276],[87.57932814715943,26.88976551610331],[87.57968365129986,26.88973687663307],[87.57984014709086,26.88980626951627],[87.5799539435484,26.890045087897214],[87.57980702121245,26.89035724438165],[87.57921387806195,26.89091948101467],[87.57915205756956,26.891628502005478],[87.57877762884951,26.89263230239602],[87.57769695354435,26.894230413541074],[87.5774383322495,26.895976428884254],[87.57854820801656,26.897610639870432],[87.57857760018926,26.89792879530797],[87.57882438813466,26.898437940719525],[87.57930857496336,26.89895289615576],[87.5793600432825,26.899546318777254],[87.57920969084388,26.900291852481562],[87.57908121344947,26.90064452067035],[87.57908121814644,26.90089959485473],[87.57925816600778,26.901271326116763],[87.57966051041542,26.901795660718676],[87.57972078723002,26.902012098121414],[87.57929114867068,26.902925810201165],[87.57929059148222,26.9031853864498],[87.57939163151903,26.9033678134859],[87.57969168499085,26.903691653595338],[87.58019643656745,26.903917586538846],[87.58188568689214,26.904362002190506],[87.58220155181688,26.904331363251153],[87.58232928852263,26.90444595717548],[87.58225632969753,26.90470584680513],[87.58244102534692,26.904872142273867],[87.58245746908378,26.904887896403526],[87.583106458655,26.905016111738647],[87.5833186007739,26.90513483004197],[87.58341526461788,26.90531956994489],[87.58341464455324,26.905556576941024],[87.58331417612203,26.90586854500731],[87.58304476753402,26.905989272156273],[87.58277298142605,26.906017472574668],[87.58244117333233,26.906005287384268],[87.58211505411407,26.90599535229216],[87.58158073708088,26.906144341450055],[87.58136503640468,26.906305454539424],[87.58125656297575,26.906511267017958],[87.58123874644765,26.906610734319102],[87.58111170729696,26.90698822147157],[87.58114272413295,26.907265740331148],[87.58125395656567,26.9074661718845],[87.58143672405087,26.908126862664147],[87.5817909955267,26.908956037480802],[87.58206266590933,26.909383845565394],[87.5821238210822,26.909769583081406],[87.58199909017424,26.909880680233908],[87.58167903677946,26.909952018257254],[87.58131153582383,26.910335011824287],[87.58125121431674,26.910974075105045],[87.58085876897489,26.911535495767755],[87.58067327280372,26.91193805468479],[87.58071054181676,26.912211071088358],[87.58079294872985,26.91232135192123],[87.58100153090366,26.912604868949348],[87.58106499546714,26.912832622227487],[87.5810334235841,26.912927525478516],[87.58086949013641,26.91300048713307],[87.58005375301423,26.91290909900661],[87.57991345242668,26.912911852078146],[87.57928897407496,26.912927991929447],[87.57900337378335,26.9130894184216],[87.57853696829677,26.913836270509904],[87.57846325605581,26.913951680337142],[87.57837547555961,26.914022014770303],[87.57827906542175,26.914008887690066],[87.57810424909513,26.913917050536107],[87.57784883407469,26.913459795952903],[87.57751796006856,26.913262556417294],[87.57689360742816,26.913296763998613],[87.57654460362559,26.913248505375226],[87.57609600333159,26.91329777722846],[87.5758120899044,26.913425318884613],[87.57554862509136,26.91371984697844],[87.57543609457288,26.914253067400903],[87.57548256887728,26.915232541585407],[87.57541879648709,26.91529824905926],[87.5745818676056,26.915376160545375],[87.57436654146656,26.915496699198552],[87.57338787782449,26.91577610963836],[87.57272783093786,26.916094775688293],[87.57233732034452,26.91644400955113],[87.57211674365978,26.916641321463192],[87.57173736885349,26.917317775494347],[87.57158250942734,26.91781729942887],[87.5715819543101,26.918205538377666],[87.57165060967503,26.918453547637387],[87.57181093017688,26.919033027095406],[87.57183745315905,26.919685279834066],[87.57165503204011,26.92069958061569],[87.57176827030096,26.921177656601674],[87.57223570975131,26.922098981535107],[87.57223552321929,26.922191570747927],[87.57154859720029,26.922799322418594],[87.57075456199938,26.923028277335696],[87.56910677769147,26.923242616447396],[87.56897579426395,26.923358278053747],[87.56887282326953,26.92354377110659],[87.56885108919391,26.924719928854294],[87.5688331638922,26.92566583164751],[87.56837321488486,26.92721623057402],[87.56834897502114,26.928159882560625],[87.56850003749575,26.928522673590983],[87.56885730358192,26.929072016534178],[87.56897522753759,26.929355910302412],[87.56893909592972,26.929676630157918],[87.56856460999997,26.930969327871527],[87.56850817289917,26.93201244694323],[87.56873014264343,26.9326977062057],[87.56888645558799,26.93297928599087],[87.56871796493593,26.93340210021822],[87.56874810334033,26.933519321738682],[87.56887465957448,26.934010900974958],[87.56922948749177,26.93457606124315],[87.56939074148347,26.93495466946264],[87.56945458341423,26.93525913244725],[87.56932560935623,26.935778850005715],[87.56989618852488,26.93555983891817],[87.57014403089863,26.93563554430515],[87.5703372311159,26.935867296234616],[87.57053350382074,26.936573000216747],[87.57097224119089,26.937300331761502],[87.57158078717893,26.937853171029836],[87.5720508408429,26.93816275429993],[87.57228336365534,26.938197885597067],[87.57458713661904,26.93791989177842],[87.5750557481124,26.93806917826565],[87.57585348490537,26.938429333418185],[87.57680658900597,26.93875047471591],[87.57730852814595,26.939012543097157],[87.57775750705817,26.939139385001905],[87.57859218794303,26.93921495615897],[87.57994693195391,26.939152916313397],[87.58042948138544,26.93908095022109],[87.58079248481248,26.93889657759984],[87.58184311559235,26.938716195280808],[87.58190788881456,26.938697813197102],[87.58244226846544,26.938539883353904],[87.58273962527718,26.938450602806142],[87.58389804018209,26.938050779572237],[87.58585161214995,26.9372638290088],[87.58679831992002,26.936607559220054],[87.58736876775919,26.936113092447517],[87.5876551121698,26.935599437478075],[87.58880652892009,26.93543887174235],[87.58990029699603,26.93509569073284],[87.59062130293822,26.934747326986514],[87.59082656364856,26.93462903900866]]]}},{"type":"Feature","properties":{"province":"Koshi Province","district":"Pachthar","municipality":"Miklajung Rural Municipality","ward":"4","wardNumber":4,"sourceMunicipality":"Miklajung","sourceType":"Gaunpalika"},"geometry":{"type":"Polygon","coordinates":[[[87.67889561888997,26.95979233537179],[87.67894813642826,26.95972887902977],[87.67935183985243,26.959419968840418],[87.6796096781288,26.95915232425169],[87.67977542275858,26.95896420329877],[87.68005889262521,26.9585565164539],[87.68042439342754,26.958173273413],[87.68113438154583,26.957176594845212],[87.6820321268834,26.956190352894026],[87.68208876594237,26.9558650069134],[87.68183390755777,26.955168744709738],[87.68185884968453,26.95492260948001],[87.68203502959442,26.9544861036802],[87.68214919481066,26.954402014199793],[87.68232613400097,26.95439663487258],[87.6843129718551,26.9537797965337],[87.68494963981449,26.95367731759886],[87.68689402380433,26.953006464391112],[87.68732830203523,26.952767324229175],[87.68754925298742,26.952542754801254],[87.68844136729011,26.951369083430617],[87.68859391740601,26.951088498722935],[87.68869419975546,26.950902880485774],[87.68948034077245,26.949912576998937],[87.690414165275,26.949084130546417],[87.69272654221683,26.947659674860418],[87.69308904446467,26.947411846556573],[87.69334050726029,26.94724135490811],[87.69351044270074,26.947125380040525],[87.69439250585111,26.94669211303398],[87.69499878672514,26.946569504704787],[87.69521636065113,26.946320115937894],[87.69670951259707,26.94542564076817],[87.69776538300935,26.944689032378545],[87.6986917099992,26.9441833067645],[87.69989076792105,26.943901954081394],[87.70020650234596,26.943643122904913],[87.70055805786338,26.943171791153816],[87.70098101579406,26.94272496608772],[87.70158765479296,26.94176035998125],[87.70305173323342,26.940863698209252],[87.70371520392895,26.939819756304228],[87.7038680064903,26.93968133803832],[87.70545664015327,26.939273817136726],[87.7059396857943,26.93898697447149],[87.70651950603286,26.938175915079],[87.70748734241903,26.937378789977082],[87.7076138860684,26.937274319725216],[87.70798976933926,26.93706700322786],[87.70801902887891,26.937012674304114],[87.7080099600467,26.936872758417877],[87.7079761331823,26.936798424059223],[87.70776836606981,26.93660312031517],[87.70748744883771,26.936487153750917],[87.70746344004435,26.936478213771366],[87.70442443924381,26.93571698008847],[87.70400165864727,26.93567397431455],[87.70336185656221,26.93535664228443],[87.70299815545638,26.93508988260861],[87.70275931516821,26.934953346267744],[87.7024199371647,26.934756419843115],[87.70100715900064,26.93416076818753],[87.70026038180997,26.93395459560853],[87.69923662493544,26.9335578713576],[87.69760752281493,26.933204795542085],[87.69728108822473,26.93306194683332],[87.69696984430149,26.93282200671833],[87.69671479429151,26.931893238678594],[87.69641473966043,26.93152457315998],[87.6959341695571,26.93058336761039],[87.69568175890436,26.93029797617841],[87.695622983022,26.930047716121152],[87.69567762304054,26.929821711404486],[87.69602334479924,26.92840691647615],[87.69636032821863,26.927714520352524],[87.69674877394624,26.927301767585597],[87.6970233577569,26.926499153365107],[87.69711762189502,26.925555062220564],[87.69743122881984,26.925160754136364],[87.69792652546195,26.92471811620672],[87.69842988698824,26.924266412694685],[87.69907147680368,26.923355823293786],[87.69934625335509,26.922792403293403],[87.69942646047978,26.92232245171043],[87.69941439048037,26.922202916871242],[87.6993653662769,26.921914208051902],[87.69868548988835,26.92171903749686],[87.69772588225483,26.921387393394976],[87.69712953717459,26.92125942862786],[87.69613222641907,26.920851263124376],[87.69507276734404,26.92034638279178],[87.69426209246917,26.9201720953991],[87.69381323731874,26.919973357598902],[87.69276140388999,26.919382638955728],[87.69214923893888,26.919236606662995],[87.6900318411782,26.919206446368637],[87.68979000241497,26.919189569831143],[87.68957592429409,26.919179320451356],[87.6888664154215,26.919185083985262],[87.68803554737731,26.919096634402827],[87.68736505316895,26.91910214741194],[87.68570808186595,26.919514295938328],[87.68371198262732,26.91975427456337],[87.68318278895742,26.919700392095947],[87.68234347800042,26.919471964973074],[87.68197233837158,26.919311236172884],[87.68168641733999,26.919089175523947],[87.68145101646431,26.918986461861405],[87.68106218543771,26.918920637370167],[87.68065184912788,26.918949714546507],[87.68048903871171,26.918878259290626],[87.67942315310896,26.91908433726162],[87.67837958558778,26.919123241284208],[87.67621472729074,26.918833441992565],[87.67562494947869,26.918838516319962],[87.67540293203152,26.918889284577],[87.67461846698265,26.91930154335163],[87.67381881004019,26.919813331740514],[87.67352382900589,26.919859913053838],[87.67312586905719,26.91975119968639],[87.67238208873351,26.9193710380905],[87.6720918536092,26.91915798099073],[87.67194435565743,26.918815570547945],[87.67191308618038,26.91842295626022],[87.6717088790305,26.91806497914551],[87.6715395026784,26.91795520033069],[87.67079684991485,26.91767206665132],[87.67053937688195,26.917470136974256],[87.67031259971297,26.917121351615446],[87.66975882914551,26.916841841444942],[87.66936311425802,26.91645998540666],[87.66946176167228,26.91579135082453],[87.66978605664956,26.915272881116046],[87.67018594940733,26.91508813251006],[87.6706453036187,26.91504986378637],[87.67083111969086,26.914965460504494],[87.67102480959151,26.914716197454585],[87.67102092716198,26.914388913380954],[87.67090493983285,26.91403731278034],[87.67054311414573,26.91374785878734],[87.67037029059621,26.913263407227262],[87.67020779191971,26.913142249614747],[87.67008974718824,26.913095425344377],[87.66983171369968,26.912995088020438],[87.66950590379325,26.912836358792898],[87.66871610972363,26.912555727278885],[87.66838311350836,26.91255729622243],[87.66787768114568,26.912674776258225],[87.66760577465016,26.912892782578954],[87.66714429066299,26.91277988163147],[87.66680003675809,26.912589644210584],[87.66666961306406,26.91257220391904],[87.66580517436418,26.912650803708537],[87.66578816863752,26.912653117404084],[87.66485382944664,26.912738782943276],[87.66468082920656,26.912757666307474],[87.66400202038952,26.912830886843395],[87.66281902803861,26.912919995017074],[87.66192082732852,26.913048360022565],[87.66146910585998,26.913307818002753],[87.66040822421566,26.913606235504073],[87.6601645710499,26.913499021076394],[87.66002439061951,26.91331459395836],[87.6600178768458,26.912741301078523],[87.65967430784457,26.912438155523358],[87.65942327703286,26.912358074132005],[87.65876222676316,26.912564332831124],[87.65843573604388,26.912714757555392],[87.65779706203067,26.912541779541307],[87.65740235048871,26.91232691071275],[87.65706016255596,26.9122675867349],[87.65642961995329,26.912306608545006],[87.65601715476582,26.91217313896687],[87.65498063918622,26.911579732158316],[87.6544412528405,26.911480712026872],[87.65413420410158,26.911518227520602],[87.653813980861,26.91241587115539],[87.65276661432279,26.91320630762027],[87.65240323154869,26.91317861784991],[87.6520829224266,26.912981440512144],[87.65190860447852,26.91277688362362],[87.65184213727916,26.912494989326735],[87.65194610155923,26.91195726752412],[87.6519326540682,26.91170000542354],[87.65177840138259,26.911262816893217],[87.6516417237273,26.911141596492836],[87.65116298954817,26.91130859069839],[87.65071144760587,26.911161680100268],[87.64919336913125,26.910008429566975],[87.6488634986448,26.910012248920882],[87.64877190680939,26.910181924959804],[87.64893028976205,26.910792913679057],[87.64881919192234,26.911068871712224],[87.64862131132386,26.9112503650329],[87.64818859212802,26.911320080770807],[87.64783608860084,26.91132396258959],[87.64736234907988,26.91115229467969],[87.64708005579293,26.910995628393845],[87.64676205717753,26.91064715678616],[87.64672240930021,26.91020946674323],[87.64659754755135,26.910063300736997],[87.64637734096522,26.90996727668973],[87.64561862981179,26.910162596455436],[87.64544744289235,26.91016334928085],[87.6449035570917,26.91017042300558],[87.64440155978053,26.91011854140643],[87.64452505043302,26.910479144851116],[87.64475207865657,26.91087763291695],[87.6457608456345,26.912028765843765],[87.64615994438681,26.912794358208632],[87.64618796020878,26.9130651245978],[87.64615027299175,26.91373119556484],[87.64566826364734,26.91576048582965],[87.64570203861324,26.91638560582113],[87.64559582150265,26.916855557915785],[87.64487070945123,26.918195212296084],[87.64478743560485,26.918509368544797],[87.64481090054339,26.919409944572603],[87.64504825793748,26.920402043475544],[87.64500826163774,26.921336755979997],[87.6448196428895,26.92193355853561],[87.6444315184418,26.922763745897498],[87.64429741559492,26.923204564453624],[87.64437351671644,26.923734656142305],[87.64477637218643,26.92471925039392],[87.64478593808181,26.924741756982463],[87.64527594825498,26.925655953975138],[87.64578889853613,26.926285693070742],[87.64582047964277,26.926637670770543],[87.64571288509482,26.926969956791925],[87.64546579887057,26.927142699709613],[87.64513536748987,26.927272868090558],[87.64471535022912,26.927809720053904],[87.64422563263957,26.928936120634614],[87.6439144046991,26.929454464988623],[87.64374978729425,26.929728360136313],[87.64359605718931,26.93036342412736],[87.6437445557063,26.930690017538836],[87.64549865408173,26.931679716031915],[87.64568716328688,26.931845823536452],[87.64575206852389,26.932175107084912],[87.64589362658002,26.932485945736516],[87.6463146059494,26.933102431203757],[87.64647843591696,26.934108536163432],[87.64691997784027,26.93435703874204],[87.64698037747536,26.93446281914509],[87.64700502004722,26.93491870244214],[87.64701634167162,26.935133077079612],[87.64704029719677,26.935579957678375],[87.64719605331666,26.936170628322095],[87.6471616354692,26.937746340919453],[87.64723173115179,26.938102694230942],[87.64751934289323,26.938412843039206],[87.64781114019503,26.938571821665832],[87.64770354481958,26.93890635946452],[87.64782922630624,26.93941375582638],[87.64792202667189,26.940225867230435],[87.64772659552938,26.940958147810825],[87.6477308552189,26.941366704650484],[87.64796926100196,26.941645469847234],[87.64893056267512,26.94226407288753],[87.6493020790944,26.942591912478193],[87.64987167075341,26.942986581239424],[87.65139017279562,26.94347388664471],[87.6518968599181,26.943555027029806],[87.65262962688534,26.94352225518717],[87.65369351801904,26.943686598008313],[87.65431193144826,26.943697278666576],[87.65493985092272,26.943825305803383],[87.65558883786586,26.943788408777994],[87.65647771961412,26.943531444190256],[87.6570280412543,26.943314434210347],[87.65751083728861,26.943061602038426],[87.65758936698914,26.943133496549034],[87.65696706377337,26.945490697830994],[87.65678988397958,26.94598590825821],[87.65638306361171,26.94673494725737],[87.65628078383514,26.947119185965708],[87.65632336765412,26.947405644422886],[87.65712681110739,26.94858247543775],[87.6573639787842,26.949518121471673],[87.65732222190911,26.949929116808356],[87.65715604748722,26.95047396698326],[87.65725790345087,26.950769114032823],[87.6575074998048,26.9510208090022],[87.65773539788553,26.95112127223879],[87.65914360670364,26.951462285860593],[87.65956019942493,26.95162288878112],[87.65984505460635,26.951662145251078],[87.66043202314681,26.951885138340185],[87.66116485746403,26.952071306165234],[87.66206794391441,26.952407889725915],[87.66332728539957,26.952702205047206],[87.66351272894676,26.952748653454922],[87.66391643910363,26.952755836443327],[87.66434146937367,26.95275157800011],[87.66466302119385,26.952601027835804],[87.66511556008835,26.952562822332517],[87.66551151926234,26.95264665244732],[87.66580594326791,26.95281007023802],[87.66616545302125,26.953006997091073],[87.66659430363289,26.953332272925756],[87.66696181663336,26.953493063868557],[87.6674720057624,26.953619280228267],[87.66804572193146,26.9539438028883],[87.6682305429419,26.954105534422286],[87.66855154337325,26.954499019348685],[87.66917583834548,26.954742080480152],[87.66997638147282,26.954763073306154],[87.67054202097515,26.954568506899253],[87.67115987008268,26.95448203407455],[87.67176709296153,26.954503967199482],[87.67258339523227,26.954739335081744],[87.67386095039394,26.955965673294514],[87.67423622339889,26.956487570036376],[87.67484689189672,26.956875173811774],[87.67578311630113,26.957256644894752],[87.67652489616795,26.957663877051363],[87.6766802054168,26.957823420486807],[87.6767903121429,26.95801703825938],[87.67700490559767,26.958726992549142],[87.67701185940395,26.959361303787347],[87.67712922162225,26.95971734295961],[87.67740570647756,26.96013364802385],[87.67759321168968,26.960103385739718],[87.6778101001399,26.959935270835423],[87.67795821029993,26.959632117083846],[87.67805492579066,26.959284013679852],[87.67822154641601,26.959131965921312],[87.67830526389352,26.95913165230803],[87.67859506473047,26.959459743046654],[87.67878232485685,26.959700372981686],[87.67889561888997,26.95979233537179]]]}},{"type":"Feature","properties":{"province":"Koshi Province","district":"Pachthar","municipality":"Miklajung Rural Municipality","ward":"1","wardNumber":1,"sourceMunicipality":"Miklajung","sourceType":"Gaunpalika"},"geometry":{"type":"Polygon","coordinates":[[[87.69429115749574,27.024563492375112],[87.694400881385,27.02437337294887],[87.69461832933041,27.024069842782986],[87.69476988229233,27.02391779521855],[87.69509249526978,27.023713042561468],[87.69560705388618,27.023468900090908],[87.69588796405024,27.02324414151067],[87.69684409912088,27.021954998269784],[87.69735038699599,27.020891552632982],[87.6978042933738,27.020419844876795],[87.69806194709663,27.020307932370834],[87.6984865417252,27.0203892615235],[87.69874238563068,27.020392571243647],[87.6988930632845,27.020299290631762],[87.69906631031981,27.020090664838097],[87.69928506939445,27.01971042475661],[87.69954834245257,27.019178701837404],[87.69961623735315,27.018950321065148],[87.69981074143686,27.01872362609317],[87.69987595163268,27.018666921564886],[87.70041239205149,27.018404648197933],[87.7010985742356,27.018107737169576],[87.70146395313893,27.017882477189172],[87.70157405021067,27.017653908746198],[87.70188589565994,27.016740447990596],[87.70202118397168,27.016207039541392],[87.70198416266201,27.01582586567064],[87.70182346595908,27.01521037596423],[87.70178494491338,27.01490578739399],[87.70178856704919,27.014675531959107],[87.7019645602137,27.014295480061037],[87.70199037577099,27.013990577806023],[87.70179196966306,27.01299391467889],[87.7016684805953,27.01268751432354],[87.70162921217354,27.012457509908483],[87.70165284237999,27.0123038398709],[87.70176150425505,27.012152106095428],[87.70195357402433,27.012135347755493],[87.70243931972104,27.0124286131274],[87.7027793208759,27.012490125103263],[87.70303566390734,27.01247299065594],[87.70325030205672,27.01234326152554],[87.70329406694974,27.01228661933323],[87.70342754419919,27.01186611938241],[87.70364630390206,27.01148806684862],[87.70386244101326,27.011279314864865],[87.704054822617,27.011224170267017],[87.70430885548588,27.01134251326862],[87.7044938074491,27.01180208280303],[87.70487445109661,27.012016825987462],[87.70495904508842,27.012036705494417],[87.70513066899518,27.011981687115565],[87.70536662761538,27.011831514150682],[87.705778393478,27.01137799927488],[87.70610238072929,27.011096473681846],[87.70666551163191,27.010470655331005],[87.70714398515578,27.00980914154231],[87.70748922951115,27.00950717208266],[87.70828906618307,27.008656659266943],[87.7086775760279,27.008318366055665],[87.70885026010819,27.00813012037708],[87.7086394952196,27.008074795925214],[87.70919331855337,27.00787785389958],[87.7094384701456,27.007883413187628],[87.71074037836934,27.007621752611463],[87.71098852741767,27.00741506263684],[87.71212748067978,27.006192623195616],[87.71268690954516,27.004993449370726],[87.71288297562617,27.004708050546345],[87.713123671766,27.003925817201083],[87.71341801728208,27.003344203792594],[87.7137218096231,27.003062741497704],[87.71382515631018,27.00287037113063],[87.71383703104574,27.0026536193208],[87.71346680871073,27.001490722694484],[87.71340527622404,27.001035090617332],[87.71341570273286,27.00030818940434],[87.7135128566107,27.00002104127131],[87.71180843029128,26.997488015859272],[87.71157690314625,26.99723638326033],[87.71070025020472,26.996281493618387],[87.71025239068102,26.9958910110319],[87.70981466284105,26.9956110617379],[87.70935860629753,26.99491817869282],[87.70905849214945,26.994678176372474],[87.70757262020062,26.99390916374984],[87.70748890026573,26.993817013145065],[87.70730301585577,26.99361483144864],[87.70722898263676,26.99336238422138],[87.70718576837176,26.99279603148979],[87.70695103900195,26.99193722067508],[87.70705512954747,26.991453640374726],[87.70720961363877,26.99098106147577],[87.70717146768183,26.990626895670715],[87.70643848291019,26.989260445651315],[87.70643411262333,26.988966989281565],[87.70542727817127,26.98803078855973],[87.70438687729144,26.98716242738268],[87.70359282502115,26.986606653231902],[87.70300754271597,26.986284506320963],[87.70291156930317,26.98625112303193],[87.70258519719188,26.986135407527676],[87.7018856862494,26.985886096059293],[87.70147803341571,26.985675979012424],[87.7004089960057,26.984654259572785],[87.69970022651134,26.984125053840177],[87.69911344198823,26.98377133543492],[87.69879494874283,26.98370294565469],[87.69853947989307,26.983647808938585],[87.69764408894235,26.98360030965281],[87.69726113659075,26.983602254258937],[87.69581817643089,26.983832846140952],[87.6944232282907,26.983783355236966],[87.69385883205413,26.98368002140675],[87.69327617321233,26.983276663477334],[87.69291453857817,26.9831587601158],[87.6919079684134,26.98244137949756],[87.69167506518099,26.982162676504753],[87.69118380896425,26.981451789171096],[87.69095483165542,26.980586101781512],[87.69076575600172,26.980262010171],[87.69006411151145,26.979646966391986],[87.68956854081573,26.978951895680424],[87.68932669247278,26.97844750190558],[87.68900031191765,26.977914101579586],[87.68893691029268,26.97772929786731],[87.68888352291413,26.978074963233222],[87.68882408411794,26.979068442729712],[87.68826446085068,26.979947021499758],[87.68753477253257,26.98072932589075],[87.68745869159493,26.981165329358884],[87.6878515630429,26.98309338807889],[87.68786695353647,26.983556023768212],[87.68763764478457,26.984785075220312],[87.68654794309215,26.988201156241885],[87.68645253601917,26.988359641887033],[87.68620432249983,26.988469240441848],[87.68566282395724,26.989018097647786],[87.68447478021685,26.989748519789398],[87.68366462197187,26.990364150998257],[87.68349131452311,26.99066067773867],[87.68346362200566,26.990877554441404],[87.68347769179013,26.99101965821179],[87.68291579542652,26.99081248205235],[87.68229394002722,26.99068908121098],[87.68159806184461,26.99072635402005],[87.68016654674436,26.991101237504093],[87.679805355932,26.991267792885942],[87.67891410833596,26.992021465997325],[87.67827312941434,26.99228417821555],[87.67782953568867,26.992588775199188],[87.67590328777314,26.993455811086303],[87.67480139337898,26.993858510036205],[87.6736188464095,26.99437199326604],[87.67164094785296,26.994934565792047],[87.6706569120326,26.99545611001843],[87.6688643921778,26.995952222673477],[87.6671422633127,26.995989825241313],[87.66580676635903,26.995574037558786],[87.6657827577046,26.99556734849565],[87.6654578850875,26.995383800388357],[87.66500771680599,26.9952166341673],[87.66417572428082,26.99513937489494],[87.66366872947191,26.99527492296443],[87.6633093510828,26.995441415680087],[87.66284506335387,26.995764142861425],[87.66255458368266,26.9958535484094],[87.6624384851303,26.996143010191847],[87.66137418171749,26.997283424539003],[87.66056771932324,26.998237530656013],[87.66033901951123,26.99866072038764],[87.66024331940092,26.999742414419803],[87.66014466659324,27.000115274894714],[87.65987176261638,27.000518397866717],[87.65871910786964,27.00132521616023],[87.6578048511788,27.00206082191026],[87.6573444473689,27.002726586613324],[87.65666102338575,27.00339566933836],[87.65535794615609,27.00454846561837],[87.6547826191788,27.00497328709851],[87.65249761714409,27.00596580353328],[87.65159311376546,27.006667524045],[87.65103235957444,27.00730890913556],[87.65073781764417,27.007479588922234],[87.6503303573108,27.00751085472926],[87.64992721233912,27.007636835690665],[87.64920333146709,27.00807585125958],[87.6491807618696,27.00809854609511],[87.64903064551645,27.008173695461274],[87.64851789864193,27.008302492105766],[87.6483250174582,27.00839595981754],[87.64821666798291,27.008509307589414],[87.64810657014061,27.00875588149335],[87.6480149825586,27.009155812898545],[87.647969032591,27.009386256393846],[87.64791952489864,27.009862771905762],[87.648493673115,27.00990977589556],[87.64874708036024,27.010025993166394],[87.64895728532429,27.01020110332576],[87.64912485110443,27.010414725319375],[87.64918618955893,27.01056795748206],[87.64924534260305,27.010874671008587],[87.64925991962107,27.01133505542379],[87.64929950064958,27.011526736545136],[87.6494037297036,27.011679779512335],[87.64959286394883,27.0118165663038],[87.64991048267666,27.011934782738102],[87.65035789651657,27.01194171561782],[87.65054984094498,27.01190470092644],[87.65099987626972,27.01171976436347],[87.65157727083023,27.01153651365048],[87.65215697684238,27.011217785396674],[87.65278156974442,27.010709251439255],[87.65299820651495,27.0104802429383],[87.65328067586422,27.010083934909094],[87.65364792831913,27.009743641283933],[87.65377716084612,27.00964823668685],[87.65403381575231,27.009574772895018],[87.6551184632669,27.00962614533965],[87.65697488624608,27.009344343954762],[87.65812468146093,27.00933894859398],[87.65857234444448,27.009287175948785],[87.65927528833426,27.009256718387803],[87.66081140792306,27.009046505797198],[87.6611315225929,27.008954598929385],[87.66164389548585,27.00886643915472],[87.66331093335002,27.0084273450884],[87.66369682069507,27.00825853983039],[87.66437175197804,27.008074786887846],[87.66527344543326,27.00755587017441],[87.66580669722657,27.007273403323023],[87.66585502668725,27.007248332604696],[87.66702576041082,27.006944849511452],[87.66795340393637,27.006558970364335],[87.668430192066,27.006003674824786],[87.66979621206498,27.004010755598067],[87.67025168014408,27.0034735904207],[87.67104726771892,27.00271360446719],[87.67208800780656,27.001959241447285],[87.67258224548333,27.0016995322299],[87.67312462000834,27.001161928247434],[87.67327404979197,27.00117924325146],[87.6733923489748,27.00146988923246],[87.67388178854289,27.001988970644693],[87.67433902445563,27.00227573384729],[87.675280563857,27.00263913746419],[87.67560968932945,27.00289483220063],[87.67561288244801,27.00311152065786],[87.67545321333736,27.003793972868873],[87.67550192323765,27.00403754308231],[87.67558420514894,27.004109375532746],[87.67596059740178,27.00435587914611],[87.67796915139192,27.00467568963804],[87.67846152135937,27.004831351662055],[87.67844426661566,27.00490368599489],[87.67861358233641,27.005078921408597],[87.67874565467311,27.00620462412591],[87.6787578644514,27.007066876594415],[87.67871829198792,27.007297320036642],[87.67829584098178,27.008075805122918],[87.67811135379384,27.00892999574709],[87.67810604802656,27.00931148264604],[87.67805884975525,27.009634515345162],[87.67788722591345,27.009691722480017],[87.6773717309127,27.00998994390514],[87.67676614657287,27.01059550588602],[87.67659402318256,27.010688911882326],[87.6763368688142,27.01078044255313],[87.6755673413657,27.010944440909004],[87.67486320953566,27.01099296656592],[87.67460880307075,27.010912948123707],[87.6744191059124,27.010796479068443],[87.67419176193246,27.010296462052374],[87.67404333201841,27.010236196070277],[87.6736997095397,27.010404877040493],[87.67326668705313,27.01089684075383],[87.67264140587537,27.011385119134218],[87.67253442997858,27.011403688942277],[87.67240688197491,27.011363679431785],[87.6722595140326,27.011267340818108],[87.67192032426478,27.0111289932625],[87.6714132575106,27.01083572867423],[87.67128539843412,27.010834105019853],[87.67102793233519,27.010984278579254],[87.67087494427602,27.011213035515443],[87.67090965513971,27.011747816777508],[87.67083926427541,27.012206389826456],[87.67068502698544,27.012547929559396],[87.6705767394929,27.012661339409373],[87.67048615147905,27.013002629273203],[87.67054187165294,27.013577921174015],[87.67052751162728,27.014553144540045],[87.6704133549427,27.01506610970379],[87.67040786092193,27.015411460729474],[87.67046851222489,27.015641402658627],[87.67069891557728,27.015929170328278],[87.67105574074466,27.016277391522046],[87.67124425153274,27.01650901856569],[87.67128526940844,27.016623926876914],[87.67152191475209,27.016476067060363],[87.67160800799165,27.01643730438582],[87.67203360244532,27.016480434105162],[87.6727122925012,27.016700612226487],[87.6730541039776,27.01664702838478],[87.67347963500727,27.01669022199812],[87.67413506872715,27.017023308771858],[87.67456072595779,27.017084507221423],[87.67489928978627,27.01722279185012],[87.6750892998104,27.01737764611772],[87.67531963996235,27.01764740862115],[87.67557311099013,27.017783882556547],[87.67574286061834,27.01782595394469],[87.67608373594035,27.017828824169108],[87.67651126610203,27.01777711480986],[87.67668101608297,27.017816935837917],[87.67744398846084,27.018113447735118],[87.67799250962354,27.018483233945926],[87.67841585640768,27.01867984737313],[87.67884051315086,27.018779369316185],[87.67935132677526,27.01884231685202],[87.67994623403179,27.01896359201942],[87.68062442385452,27.01920183789857],[87.68130136628535,27.019555180961124],[87.68215111850792,27.019718088600538],[87.68274533942038,27.01991607489012],[87.6836798109546,27.020137248903794],[87.68435800129761,27.020373244390345],[87.68448511205727,27.02045163994502],[87.68460716416291,27.020834749929197],[87.68469107251033,27.02095172024439],[87.68494329441322,27.021182971440627],[87.68513180539867,27.021414598573433],[87.68532119056867,27.021569390568867],[87.68557472390579,27.021708114860633],[87.68580818507283,27.02176787835975],[87.68648881193802,27.02189096565993],[87.6875116234988,27.021901763821237],[87.6878525613396,27.02190688442025],[87.68827721823526,27.022006344591023],[87.68887399915096,27.02201471147264],[87.69040162956165,27.02247219481745],[87.6907404445018,27.02262854776334],[87.69107825942909,27.022843542348138],[87.69120430809335,27.02295807381335],[87.69149667368673,27.023362938278876],[87.69202362569854,27.023791429217184],[87.69244334965583,27.024215984262735],[87.69261222609754,27.024312197328037],[87.6930360092992,27.024470423668575],[87.69363047944698,27.02461189299733],[87.69401418236275,27.024596507126592],[87.69429115749574,27.024563492375112]]]}},{"type":"Feature","properties":{"province":"Koshi Province","district":"Pachthar","municipality":"Miklajung Rural Municipality","ward":"2","wardNumber":2,"sourceMunicipality":"Miklajung","sourceType":"Gaunpalika"},"geometry":{"type":"Polygon","coordinates":[[[87.67128526940844,27.016623926876914],[87.67124425153274,27.01650901856569],[87.67105574074466,27.016277391522046],[87.67069891557728,27.015929170328278],[87.67046851222489,27.015641402658627],[87.67040786092193,27.015411460729474],[87.6704133549427,27.01506610970379],[87.67052751162728,27.014553144540045],[87.67054187165294,27.013577921174015],[87.67048615147905,27.013002629273203],[87.6705767394929,27.012661339409373],[87.67068502698544,27.012547929559396],[87.67083926427541,27.012206389826456],[87.67090965513971,27.011747816777508],[87.67087494427602,27.011213035515443],[87.67102793233519,27.010984278579254],[87.67128539843412,27.010834105019853],[87.6714132575106,27.01083572867423],[87.67192032426478,27.0111289932625],[87.6722595140326,27.011267340818108],[87.67240688197491,27.011363679431785],[87.67253442997858,27.011403688942277],[87.67264140587537,27.011385119134218],[87.67326668705313,27.01089684075383],[87.6736997095397,27.010404877040493],[87.67404333201841,27.010236196070277],[87.67419176193246,27.010296462052374],[87.6744191059124,27.010796479068443],[87.67460880307075,27.010912948123707],[87.67486320953566,27.01099296656592],[87.6755673413657,27.010944440909004],[87.6763368688142,27.01078044255313],[87.67659402318256,27.010688911882326],[87.67676614657287,27.01059550588602],[87.6773717309127,27.00998994390514],[87.67788722591345,27.009691722480017],[87.67805884975525,27.009634515345162],[87.67810604802656,27.00931148264604],[87.67811135379384,27.00892999574709],[87.67829584098178,27.008075805122918],[87.67871829198792,27.007297320036642],[87.6787578644514,27.007066876594415],[87.67874565467311,27.00620462412591],[87.67861358233641,27.005078921408597],[87.67844426661566,27.00490368599489],[87.67846152135937,27.004831351662055],[87.67796915139192,27.00467568963804],[87.67596059740178,27.00435587914611],[87.67558420514894,27.004109375532746],[87.67550192323765,27.00403754308231],[87.67545321333736,27.003793972868873],[87.67561288244801,27.00311152065786],[87.67560968932945,27.00289483220063],[87.675280563857,27.00263913746419],[87.67433902445563,27.00227573384729],[87.67388178854289,27.001988970644693],[87.6733923489748,27.00146988923246],[87.67327404979197,27.00117924325146],[87.67312462000834,27.001161928247434],[87.67258224548333,27.0016995322299],[87.67208800780656,27.001959241447285],[87.67104726771892,27.00271360446719],[87.67025168014408,27.0034735904207],[87.66979621206498,27.004010755598067],[87.668430192066,27.006003674824786],[87.66795340393637,27.006558970364335],[87.66702576041082,27.006944849511452],[87.66585502668725,27.007248332604696],[87.66580669722657,27.007273403323023],[87.66527344543326,27.00755587017441],[87.66437175197804,27.008074786887846],[87.66369682069507,27.00825853983039],[87.66331093335002,27.0084273450884],[87.66164389548585,27.00886643915472],[87.6611315225929,27.008954598929385],[87.66081140792306,27.009046505797198],[87.65927528833426,27.009256718387803],[87.65857234444448,27.009287175948785],[87.65812468146093,27.00933894859398],[87.65697488624608,27.009344343954762],[87.6551184632669,27.00962614533965],[87.65403381575231,27.009574772895018],[87.65377716084612,27.00964823668685],[87.65364792831913,27.009743641283933],[87.65328067586422,27.010083934909094],[87.65299820651495,27.0104802429383],[87.65278156974442,27.010709251439255],[87.65215697684238,27.011217785396674],[87.65157727083023,27.01153651365048],[87.65099987626972,27.01171976436347],[87.65054984094498,27.01190470092644],[87.65035789651657,27.01194171561782],[87.64991048267666,27.011934782738102],[87.64959286394883,27.0118165663038],[87.6494037297036,27.011679779512335],[87.64929950064958,27.011526736545136],[87.64925991962107,27.01133505542379],[87.64924534260305,27.010874671008587],[87.64918618955893,27.01056795748206],[87.64912485110443,27.010414725319375],[87.64895728532429,27.01020110332576],[87.64874708036024,27.010025993166394],[87.648493673115,27.00990977589556],[87.64791952489864,27.009862771905762],[87.647969032591,27.009386256393846],[87.6480149825586,27.009155812898545],[87.64810657014061,27.00875588149335],[87.64821666798291,27.008509307589414],[87.6483250174582,27.00839595981754],[87.64851789864193,27.008302492105766],[87.64903064551645,27.008173695461274],[87.6491807618696,27.00809854609511],[87.64920333146709,27.00807585125958],[87.64992721233912,27.007636835690665],[87.6503303573108,27.00751085472926],[87.65073781764417,27.007479588922234],[87.65103235957444,27.00730890913556],[87.65159311376546,27.006667524045],[87.65249761714409,27.00596580353328],[87.6547826191788,27.00497328709851],[87.65535794615609,27.00454846561837],[87.65666102338575,27.00339566933836],[87.6573444473689,27.002726586613324],[87.6578048511788,27.00206082191026],[87.65871910786964,27.00132521616023],[87.65987176261638,27.000518397866717],[87.66014466659324,27.000115274894714],[87.66024331940092,26.999742414419803],[87.66033901951123,26.99866072038764],[87.66056771932324,26.998237530656013],[87.66137418171749,26.997283424539003],[87.6624384851303,26.996143010191847],[87.66255458368266,26.9958535484094],[87.66284506335387,26.995764142861425],[87.6633093510828,26.995441415680087],[87.66366872947191,26.99527492296443],[87.66417572428082,26.99513937489494],[87.66500771680599,26.9952166341673],[87.6654578850875,26.995383800388357],[87.6657827577046,26.99556734849565],[87.66580676635903,26.995574037558786],[87.6671422633127,26.995989825241313],[87.6688643921778,26.995952222673477],[87.6706569120326,26.99545611001843],[87.67164094785296,26.994934565792047],[87.6736188464095,26.99437199326604],[87.67480139337898,26.993858510036205],[87.67590328777314,26.993455811086303],[87.67782953568867,26.992588775199188],[87.67827312941434,26.99228417821555],[87.67891410833596,26.992021465997325],[87.679805355932,26.991267792885942],[87.68016654674436,26.991101237504093],[87.68159806184461,26.99072635402005],[87.68229394002722,26.99068908121098],[87.68291579542652,26.99081248205235],[87.68347769179013,26.99101965821179],[87.68346362200566,26.990877554441404],[87.68349131452311,26.99066067773867],[87.68366462197187,26.990364150998257],[87.68447478021685,26.989748519789398],[87.68566282395724,26.989018097647786],[87.68620432249983,26.988469240441848],[87.68645253601917,26.988359641887033],[87.68654794309215,26.988201156241885],[87.68763764478457,26.984785075220312],[87.68786695353647,26.983556023768212],[87.6878515630429,26.98309338807889],[87.68745869159493,26.981165329358884],[87.68753477253257,26.98072932589075],[87.68826446085068,26.979947021499758],[87.68882408411794,26.979068442729712],[87.68888352291413,26.978074963233222],[87.68893691029268,26.97772929786731],[87.68878547007782,26.9772876717829],[87.68804185278681,26.975690903624983],[87.68709865586948,26.973785861522458],[87.68654149434272,26.972795392952285],[87.68566838571189,26.97090579088297],[87.68526710148068,26.970257670564294],[87.68504819439448,26.969586102263893],[87.68486355519607,26.969149102402525],[87.68433446601364,26.96810880657892],[87.68391372309985,26.966858072149577],[87.68383218377674,26.966395750529497],[87.68380279442574,26.966228827383762],[87.68341506502813,26.965020854452334],[87.68328362817894,26.964321714616645],[87.68313938386831,26.96411471878238],[87.68301977293405,26.963907659831946],[87.68256008826941,26.96308824061559],[87.68253831772383,26.962517261078663],[87.6824720364752,26.96217672442723],[87.68244283605003,26.96203018185557],[87.68229446167916,26.961660701879346],[87.68219135779944,26.961480588083084],[87.68176775778637,26.961107985632378],[87.68166903242336,26.96102039928438],[87.68146720718293,26.960978515572496],[87.68080258669274,26.96083498454505],[87.68050503705821,26.96069200989682],[87.68011157706836,26.960504273981467],[87.67985866690613,26.960234636732952],[87.67969798108365,26.960113541919604],[87.6794598313974,26.960101104737685],[87.67933165801757,26.960045340341786],[87.67896921030386,26.959886799951626],[87.67889561888997,26.95979233537179],[87.67878232485685,26.959700372981686],[87.67859506473047,26.959459743046654],[87.67830526389352,26.95913165230803],[87.67822154641601,26.959131965921312],[87.67805492579066,26.959284013679852],[87.67795821029993,26.959632117083846],[87.6778101001399,26.959935270835423],[87.67759321168968,26.960103385739718],[87.67740570647756,26.96013364802385],[87.67711184991562,26.960180166448175],[87.67650937834696,26.960110843879168],[87.67567513207723,26.95993205586475],[87.67541722502568,26.95987685628383],[87.67491885660571,26.959956012532707],[87.67466226600202,26.960112937966638],[87.6741415223877,26.96055338848949],[87.67359739297146,26.96086523852684],[87.673308913086,26.960866618535746],[87.67267130191493,26.96071395968155],[87.67231241623395,26.960517032441583],[87.67208714079294,26.96023364063661],[87.67158945421636,26.95998776455951],[87.6705371904425,26.95979191260458],[87.66886989087394,26.959639582787688],[87.66801113447838,26.9593660171984],[87.66777498089404,26.959157209668927],[87.66749305546004,26.95866419504339],[87.66709102609184,26.958309473224926],[87.66675883922531,26.95814624315739],[87.66580617048758,26.95775576989362],[87.66571151027074,26.957717822154507],[87.66406764982284,26.95726290382741],[87.66277779480802,26.95681979573607],[87.66164599521682,26.956260775618155],[87.66111023537192,26.956184324742495],[87.6609195388585,26.956099427937172],[87.66070458028292,26.955847670444125],[87.6603738918516,26.95562123451039],[87.65988727300775,26.955436126179116],[87.65944611231515,26.955481083330483],[87.65899000848921,26.955460648051833],[87.6562721812199,26.954412510851554],[87.655560855388,26.954241972190832],[87.65538641670099,26.95424503881562],[87.6553770410633,26.954369263209568],[87.65564321800075,26.955191937015673],[87.65551482117822,26.956400168623674],[87.65573741853508,26.957216278711584],[87.65582721437683,26.95781626584725],[87.6557625195972,26.95859755832904],[87.6552038910042,26.95925025855094],[87.6551271315824,26.96012883012433],[87.65527133573303,26.96142601955753],[87.65546766834801,26.96193747879979],[87.6554450505674,26.9627028284663],[87.65514814437392,26.963419730937716],[87.65518322547715,26.96370850241392],[87.65541719634864,26.964185950701832],[87.65547241461296,26.964704977633083],[87.65515762499373,26.965367739291796],[87.65540178762255,26.965881261078657],[87.65567820558742,26.96608087693793],[87.65616182430442,26.966290805434518],[87.65623679146934,26.96639652316732],[87.65638028461214,26.966596766956098],[87.65634797762105,26.96742757284855],[87.65617880052024,26.967902402855582],[87.65620100373431,26.96824994124027],[87.65632374298373,26.968569845611977],[87.65693491917739,26.96935031371392],[87.65729350267912,26.970046137033982],[87.65753943004194,26.971288684551705],[87.65754538015547,26.971760447645803],[87.65737107832675,26.97233686903201],[87.65759457017573,26.97404455383138],[87.6576141507015,26.97458396135782],[87.65752131691761,26.97518482672859],[87.65768702494596,26.976287897338917],[87.65791843850387,26.97708137540812],[87.6579790882868,26.977218789565494],[87.65805530665116,26.977329008453044],[87.65851923408465,26.977706110842444],[87.65896671273693,26.97786646313788],[87.65912896586389,26.978141103544143],[87.65909683551773,26.978461760508296],[87.65858722535864,26.97910526965853],[87.65855809134398,26.9791889201833],[87.65851163871378,26.979317771004244],[87.65849388945745,26.979627111803474],[87.65862870212254,26.98027429925881],[87.65886979845452,26.98067272484004],[87.65886123309011,26.980724614744407],[87.65864184696431,26.981007888878693],[87.65841514122509,26.981126302275356],[87.65819093669924,26.98124021498712],[87.65804463740899,26.981432773373946],[87.65804063693089,26.981500481208005],[87.65803176137638,26.98159538402385],[87.65807103071542,26.98185702224413],[87.65806084757112,26.98226339147707],[87.65787790936506,26.98243125649875],[87.65750733617466,26.982405942828194],[87.65739817070703,26.982374809940133],[87.6569843293656,26.98225940806096],[87.65666621583075,26.982369258269472],[87.65615103615372,26.982814084497523],[87.65605413363923,26.9831621257985],[87.65604144777377,26.983464652402354],[87.65626803647015,26.98376379839006],[87.65645148324253,26.9840044906164],[87.65645417720243,26.984248249419842],[87.65629431977301,26.984914947822926],[87.65626418888081,26.985156581892088],[87.65657249851057,26.985638217805942],[87.65701354223232,26.98596568075493],[87.65709688766238,26.986121100197664],[87.65656828625289,26.987507202528057],[87.65629869601922,26.98794414750575],[87.65625737011811,26.98798272259941],[87.65604617157034,26.988175594923497],[87.65591931376548,26.98823480170787],[87.65529189707085,26.988242314612954],[87.65480177775893,26.98812266267302],[87.65387762111551,26.987795144454477],[87.6532746439087,26.98744361410671],[87.65269880141616,26.98710546143713],[87.65190319518697,26.98699625548117],[87.65107221105924,26.987304860024565],[87.6507461595191,26.987568192003376],[87.64986159709532,26.98809373614118],[87.64949097022335,26.98849273428085],[87.64899041768369,26.988752380531658],[87.64863110715491,26.989149065730977],[87.64832975729387,26.989649342157964],[87.64790342292305,26.990102731697853],[87.6472198699754,26.99053705757064],[87.64707957144351,26.990684415806165],[87.64671769290037,26.990853033791318],[87.64601699826127,26.990815722295384],[87.64463149571658,26.991000424537628],[87.64369553877096,26.99148101803545],[87.64332973433818,26.992272693684708],[87.6432721024542,26.992988529102888],[87.64322834020767,26.993155766598225],[87.6432042706304,26.99324391751881],[87.64304133930673,26.99339365149365],[87.6426306294124,26.993515131861574],[87.64206798323254,26.993393605174685],[87.64133890119741,26.9932388841472],[87.63991657001851,26.993279295141367],[87.63974369475616,26.99333193856188],[87.6396522260957,26.993415901756887],[87.63953725633108,26.993915300382636],[87.63944510658999,26.994315230856603],[87.63940515620305,26.994389941499556],[87.63922284085878,26.9944562763876],[87.63910848536446,26.994407138410878],[87.6389017150167,26.994044598578498],[87.63886551307174,26.99399508410729],[87.63863548690932,26.99375914394174],[87.63779705089728,26.99354628274029],[87.63769951499387,26.993564727952645],[87.63718976798292,26.993655137395013],[87.63682395052581,26.99380575014331],[87.63651334139222,26.99402156880095],[87.63630277021099,26.994325035569393],[87.63625957094106,26.99448777214005],[87.63627339057136,26.99458698794821],[87.63630296836969,26.994805802084457],[87.63657346098097,26.99574363499304],[87.63645323895834,26.99619789437473],[87.63610405523389,26.99649742553034],[87.63559112646648,26.996928622758528],[87.63554536095782,26.996967197225178],[87.63554642494636,26.997043969864627],[87.63558231515891,26.99715212624431],[87.6358901912852,26.997796309771655],[87.63598898634653,26.998215743443748],[87.63589145540352,26.998457691378558],[87.6350412914241,26.99952020366158],[87.63494946701616,27.00055669679626],[87.63504083835788,27.00179330746441],[87.63521553702942,27.00227782120769],[87.6355322883312,27.002802282324293],[87.6362438107401,27.003395006894266],[87.63627901498276,27.003600253655673],[87.63615822441969,27.00374979962468],[87.63481681212996,27.00451879703118],[87.63475279200058,27.004665841732354],[87.63475504634664,27.00483057767716],[87.63503402712512,27.00504607372044],[87.63536296725464,27.00539216970279],[87.63551984581235,27.00583385817386],[87.63543113392942,27.00619090230079],[87.63543570541478,27.006558822447644],[87.63580403767483,27.00706734052603],[87.63594940983782,27.007380429466],[87.63599118955882,27.008075444780626],[87.63604471121432,27.008185852055504],[87.6362117151899,27.0084175415858],[87.63648057415739,27.00893775223453],[87.63655967313832,27.00933918114151],[87.63651403569867,27.00951098255603],[87.6363194062928,27.00973986492857],[87.6358697446466,27.009886352586662],[87.63563316188346,27.010056719464213],[87.63554344847533,27.010361872032707],[87.6355369537735,27.010763678045247],[87.63561393143375,27.01133665733007],[87.63573623277917,27.011683756731692],[87.6357343600852,27.011798853263166],[87.63564745528527,27.011912137458342],[87.63558336981662,27.011948523830537],[87.63536985509572,27.011965282798066],[87.6351160101898,27.011867133423518],[87.63479989087787,27.011672143497634],[87.63435491228843,27.01153198521053],[87.63403598291512,27.011508607998053],[87.63390762450537,27.011545308621876],[87.63365178071193,27.011541937325838],[87.63339943481242,27.01136701518973],[87.63323517923664,27.01096371187233],[87.63304772946144,27.01067338014578],[87.63292168119918,27.010558786235936],[87.63277381279543,27.010480452802735],[87.63266796216071,27.010478703964278],[87.63253910283217,27.010533534715947],[87.63236666866123,27.01068545703214],[87.63221417927984,27.010911900928267],[87.63210208345374,27.011255503277518],[87.63207807883713,27.01146550345851],[87.6320088109807,27.01180891734219],[87.63197768700427,27.012441102729618],[87.6318438337925,27.012841222526248],[87.63162776015801,27.013067980333933],[87.63096102502219,27.013499805188474],[87.6307043696464,27.013573205879997],[87.63110714500111,27.01371136503823],[87.6318686795136,27.01400812675464],[87.63212358657599,27.014067952158623],[87.63240018806412,27.01407344904071],[87.63331933058117,27.013816484170317],[87.63434863463353,27.01333107481886],[87.63468994683737,27.013297871810124],[87.63494466512451,27.013319311813348],[87.63553844749792,27.013479160616217],[87.63655395269265,27.01389439069008],[87.63740114326482,27.014172708615906],[87.63816467629668,27.0143746296128],[87.63833486374399,27.014376127423578],[87.63884854751987,27.014190939442752],[87.6392791989571,27.01390910043267],[87.63962169607824,27.013760800599815],[87.64004810143975,27.01372722199535],[87.6406423214699,27.013848684567176],[87.64089860167552,27.013813670723646],[87.64141134919602,27.013687187557935],[87.64158234759377,27.013611912156552],[87.64196917227679,27.01338665265642],[87.64222626391597,27.013277116405938],[87.64256757569932,27.013241725404967],[87.64273726304485,27.01328160868693],[87.64299029648343,27.013458719639672],[87.64328097453327,27.013920099939817],[87.64338245653641,27.014267262167674],[87.6434354908573,27.01495552586513],[87.64351752532468,27.015187592525997],[87.64366401983199,27.015360765241695],[87.64419502787611,27.015423774819837],[87.64445105818494,27.01537075516182],[87.64470877433844,27.01525890549574],[87.64494535798036,27.015088539766722],[87.64511591925913,27.015053838798682],[87.64537294821348,27.014942051824033],[87.64582529451026,27.014603632893646],[87.64610389415266,27.014509850872354],[87.64633910361137,27.01443651257948],[87.64650872901814,27.014458328452726],[87.64686642782178,27.01475009595638],[87.64720080806188,27.015154834326065],[87.6474284016576,27.01561652808929],[87.64768093538518,27.015811768977624],[87.64789238822345,27.01587172018668],[87.6486574207402,27.015996868740338],[87.64908276368064,27.016001676356726],[87.64959232744404,27.01608506704362],[87.65001698479126,27.016184651139643],[87.65027032917426,27.016303119798085],[87.65060670834963,27.01661307950357],[87.65079322175839,27.016941860194546],[87.65101931516749,27.017459883931863],[87.65131336600427,27.01775202641197],[87.65152394535477,27.017888688091475],[87.6523917700425,27.01824359085892],[87.654001119698,27.018798101526517],[87.65459271733305,27.019111370443223],[87.65484662489843,27.01921177103906],[87.65552575216377,27.019389186227894],[87.65577953417369,27.019489586482152],[87.65620462913547,27.019550785094907],[87.65637381703665,27.019608674622166],[87.65679978508471,27.019613418934195],[87.6575628811938,27.019833345605388],[87.65773306793875,27.01983478043086],[87.65807250691236,27.019914485271336],[87.65866916166306,27.019902659389686],[87.65934766419038,27.020100331572703],[87.66075982589892,27.0210710927184],[87.66118079930584,27.021400931697517],[87.66155900685389,27.021749089784652],[87.66189707175927,27.021905380170008],[87.66240626022488,27.022024907051726],[87.66249197868734,27.02202671891069],[87.66255606366292,27.021990332200623],[87.66292237939246,27.021706429784782],[87.66305148677978,27.021592957347092],[87.66344505359876,27.020909437614836],[87.66370632963614,27.02054926520548],[87.66413485666884,27.020344073108525],[87.66439151154738,27.020270672046006],[87.66464723008094,27.020253600825285],[87.66481879072974,27.02017832610798],[87.66516422335714,27.01987648164748],[87.66559187651949,27.019729994064406],[87.66617532968344,27.019201266822677],[87.666773795458,27.019074282237167],[87.6668598253968,27.01901745180079],[87.66705414286659,27.018847210907392],[87.66722745258441,27.018640959832936],[87.66742176990189,27.018470781646414],[87.66750786291247,27.018434207360386],[87.66772624736869,27.018072034781845],[87.66779357976878,27.017843717216852],[87.66796738872824,27.01761714826855],[87.66815895934344,27.017618520343536],[87.66855867538696,27.01796874093044],[87.66872630312946,27.018180112836593],[87.66880777537654,27.01843030952268],[87.66891244143058,27.018544903667],[87.6690608715581,27.01860516902295],[87.66925306706662,27.01860654119768],[87.66951015913538,27.018494691408023],[87.66983277301117,27.018289938706232],[87.66994155961916,27.01815627321828],[87.67028649235169,27.017874747318086],[87.67080617046263,27.017325952898876],[87.67104731171047,27.016871127931548],[87.67128526940844,27.016623926876914]]]}},{"type":"Feature","properties":{"province":"Koshi Province","district":"Pachthar","municipality":"Miklajung Rural Municipality","ward":"6","wardNumber":6,"sourceMunicipality":"Miklajung","sourceType":"Gaunpalika"},"geometry":{"type":"Polygon","coordinates":[[[87.64440155978053,26.91011854140643],[87.6449035570917,26.91017042300558],[87.64544744289235,26.91016334928085],[87.64524022606427,26.909374309126097],[87.64519551092512,26.90882371107981],[87.64487231638027,26.908118697569723],[87.64478240153046,26.907807544755457],[87.644888239167,26.907154727134614],[87.64516101799911,26.906753917186492],[87.64515619609641,26.906349924564463],[87.64525653379874,26.90583702214092],[87.64553900257111,26.905373006382106],[87.64585711337365,26.905080353624577],[87.64645687822909,26.90427173144327],[87.64661499176965,26.903977580395605],[87.64666556511133,26.90358002564087],[87.64628991671998,26.90305131375424],[87.6460957082878,26.902447265471086],[87.6457089975475,26.90207435005822],[87.645656909397,26.90176982372884],[87.64568522736116,26.90154844614521],[87.64597769906769,26.90106855035488],[87.6459041013539,26.90063773831304],[87.64564280915486,26.900178483217193],[87.6454072812378,26.899942542558733],[87.64677299492999,26.898259089460606],[87.64715956682963,26.89795255597183],[87.64850809284142,26.896569440318952],[87.64864601162576,26.896250469992175],[87.64857123060824,26.896054476492864],[87.64823985798047,26.89599952769419],[87.6480952389346,26.8958083495956],[87.64805477235153,26.89511783535371],[87.64791740324976,26.894759544856726],[87.6473482410037,26.893958569624466],[87.64653343355175,26.893463438170475],[87.64579115059259,26.892861836694873],[87.64516841988583,26.89270898922467],[87.64494296071064,26.89258589473522],[87.64433202766064,26.89152546909561],[87.64439617425748,26.891407808425456],[87.64451021128343,26.891197370067847],[87.64492916698059,26.89072366189636],[87.64546659465366,26.889829640991806],[87.64553398823682,26.889508733223348],[87.64539543243679,26.889267852238007],[87.64493945224724,26.889217970368005],[87.6448237810869,26.889015350542078],[87.64496126116231,26.88863098511633],[87.64566243810376,26.887860310592323],[87.6458142188016,26.886663207857662],[87.64612713264123,26.886027515608596],[87.64612387639768,26.88578369427228],[87.64544205060638,26.885084813753146],[87.64525990287699,26.884162421496097],[87.64586968604895,26.884035499418616],[87.64642275694364,26.883780102762326],[87.64661675938076,26.88349257767855],[87.64745625327599,26.883484186031257],[87.64770984345547,26.88336564714674],[87.64791347657119,26.883206659817134],[87.64796987163338,26.883163521375756],[87.64800044395463,26.883116006703244],[87.64804908545838,26.88303904587517],[87.64819750903341,26.882801286876607],[87.64896177763055,26.882278620615992],[87.64942425378716,26.882050733573145],[87.64995581986386,26.881903806951595],[87.65067289258357,26.881841839533493],[87.65134289097747,26.882010252800594],[87.65305376185401,26.88184205022357],[87.65385149190564,26.88190599347189],[87.65420237016521,26.881963129485413],[87.65438625030365,26.881980318343036],[87.65472662455635,26.881960619531696],[87.65510870154016,26.881965677518135],[87.6558818525834,26.881697961364132],[87.65636777162361,26.8812826442122],[87.65676227876472,26.88071872225216],[87.6572483210097,26.880217567452178],[87.65780157865088,26.879896714206566],[87.65831213640966,26.87971827813971],[87.65894442873349,26.87967694335501],[87.65973033993848,26.87965517379014],[87.66041427876286,26.879749065445424],[87.66081617638896,26.8798013240494],[87.66099780679676,26.87987040348633],[87.66127503419547,26.879927853643775],[87.66197216466544,26.880003551790516],[87.66285036341262,26.880157456607403],[87.66391812970765,26.88022464655956],[87.66444957194462,26.88016568252504],[87.66580423710712,26.879369239483946],[87.66582368155346,26.879357923576336],[87.66580417442634,26.879353422556928],[87.66555577039338,26.8792869073133],[87.66427411321095,26.87922072171777],[87.6630878641628,26.879020932674564],[87.66228918899694,26.878577753632413],[87.66131232549179,26.878232418269953],[87.66050552602773,26.878012742083687],[87.65849058682153,26.877180219582844],[87.65819753662964,26.876885887757176],[87.65809574721571,26.876814118602375],[87.65801759349628,26.876794176936713],[87.65775837389172,26.876795368769468],[87.65722598995949,26.876694035032763],[87.65666946986097,26.876443845808577],[87.6562079184735,26.876071245019418],[87.65580320649956,26.875953529202913],[87.65458694360743,26.875658963094406],[87.65414627985041,26.875514303396663],[87.65341013511349,26.87544091901856],[87.65159903917962,26.87555773301415],[87.65082869803446,26.875667402427215],[87.64992317781763,26.875572265138896],[87.64917859582397,26.875656926766425],[87.64873787220252,26.875627362672986],[87.64819954504415,26.875354479749454],[87.64779782882783,26.874992879741974],[87.64728856408043,26.8741984056721],[87.64693155108105,26.873829865862927],[87.6467489187921,26.87369301644888],[87.64630994288184,26.873527975305112],[87.6459031646139,26.873254464367974],[87.64566307343361,26.873093046066334],[87.64541247645307,26.872852666900226],[87.64468556574981,26.87183794456683],[87.64408346032735,26.871312487677407],[87.64337443205899,26.870354093783227],[87.64306431227625,26.87003275439905],[87.64235879784586,26.869692853817504],[87.6414358933503,26.869399095899162],[87.6410360565154,26.869249683771066],[87.64084561112331,26.86917829112667],[87.63855788621002,26.868455054046876],[87.63832780128662,26.868381661455004],[87.63754238906554,26.868371671340665],[87.63679900189098,26.868774552042577],[87.63578802257227,26.869492466102855],[87.6345827783286,26.869910983893753],[87.63384713794075,26.870020402341428],[87.63276418765369,26.870372899214196],[87.63189974722515,26.870406110269652],[87.63126176330242,26.870318657834936],[87.6308723091991,26.87032947939987],[87.63033436289105,26.870345430477204],[87.62986838183153,26.87040395538378],[87.62925203081844,26.870350262616174],[87.62898780739681,26.8702497997633],[87.62883893899576,26.870191847507506],[87.62861360445226,26.870064189451686],[87.62820375960494,26.869695837748722],[87.62769207010085,26.869562681860796],[87.62676335954781,26.869699987818763],[87.62509038387594,26.87019497298127],[87.6241222227078,26.87037760413691],[87.6239505984287,26.87040999175371],[87.62365930230688,26.870309717000758],[87.62321757872765,26.87031166231327],[87.62204240812865,26.87070285922671],[87.62153328648358,26.870820213840034],[87.62098139814391,26.870824912480014],[87.62033322240833,26.870712639748014],[87.61984191852743,26.87073965568012],[87.61926802401658,26.870855073768688],[87.61843234410125,26.870860964603093],[87.61807715373163,26.87092573921525],[87.6176364921089,26.870896112718167],[87.61723040375509,26.87074882584674],[87.61670864300055,26.870389979551664],[87.6167090849354,26.870581848079045],[87.61687653049773,26.871048420172823],[87.61702008740873,26.871300616487687],[87.6176320135018,26.87203832290851],[87.61858381840455,26.87302059475283],[87.61875732528588,26.87332455623158],[87.61875895478697,26.873502858499794],[87.61773973671654,26.87494073381528],[87.61766102479797,26.875160048982423],[87.6176295858345,26.87562743646659],[87.61779790750371,26.876139146750802],[87.61804881784528,26.876454046760912],[87.61815561575969,26.876882483240774],[87.61875340554232,26.877322227073815],[87.61893153746367,26.877558480950817],[87.61893410641706,26.87780455365768],[87.61835735261577,26.87877322131517],[87.61822931934671,26.879421601013977],[87.61823508138984,26.879904680170796],[87.61853083537937,26.88092591209662],[87.61841899123517,26.88141849550567],[87.61818535278715,26.88184843793532],[87.61809239126576,26.882350023741207],[87.61819756497187,26.88282803720776],[87.61836744339075,26.88303722087555],[87.61844153495475,26.88312943432902],[87.6187700337608,26.883351494197864],[87.61918850132258,26.883460206406877],[87.62000654960633,26.883434060312307],[87.62102047949944,26.8833280125295],[87.62113027103491,26.88337715022028],[87.6212209361772,26.88373344054751],[87.62128971231157,26.883764761095605],[87.62123600612438,26.883850724905088],[87.62137281889551,26.8844595882452],[87.62210882257472,26.886797198913513],[87.62217405157675,26.887663701742774],[87.62210116160259,26.888259939983726],[87.62214656565213,26.888846674196092],[87.62230731995233,26.88923422212437],[87.62193322231185,26.89114328814754],[87.62169814863596,26.89177185059905],[87.62151671377367,26.89208644575616],[87.62101323012429,26.892664248991718],[87.62024608980002,26.893376470158827],[87.62015699762672,26.893537081219907],[87.62018958558612,26.894200587180055],[87.62005179005307,26.894447286950562],[87.61970435568558,26.89467229598488],[87.6195681845324,26.894855727219248],[87.61973519341386,26.895358433834648],[87.61950761642271,26.895637019008472],[87.61887997747121,26.897000929823747],[87.61840312356453,26.89738905115831],[87.61703850961342,26.897853271785568],[87.61651903082458,26.89897067024624],[87.61633872829545,26.899605733929622],[87.61628271966947,26.900190594001927],[87.61617481324585,26.900597402382825],[87.6156771250595,26.900294884296162],[87.6147432087569,26.899639833346505],[87.61439295237749,26.899483355524676],[87.61399317661409,26.899218721321073],[87.61275565288473,26.898747854285364],[87.6121628746895,26.898784249365796],[87.61165244110276,26.89890610572416],[87.61132988943116,26.899088039397867],[87.61093349528215,26.89913274673641],[87.61035003775439,26.899361010305615],[87.61019192116576,26.89957163767336],[87.6100095518514,26.900059971104145],[87.60971338750142,26.900356937997188],[87.60892166606462,26.900604210371895],[87.60794650923022,26.901172830958615],[87.60734198466018,26.90159515156453],[87.60647399948608,26.902542506391054],[87.60565471648131,26.90329999166452],[87.6049585944851,26.903664171821145],[87.60457533207006,26.903801218545244],[87.60326098028531,26.903910709157913],[87.60265838922722,26.904114216716085],[87.60238441866922,26.90432759560919],[87.60257505775134,26.904665379351623],[87.60287031617295,26.90596656792148],[87.60295048640654,26.90672016305679],[87.60276006432836,26.907836055063324],[87.60242834203846,26.909022596112706],[87.6024274707387,26.909207712674487],[87.60256921490264,26.90946215968569],[87.60277322945915,26.909592195223556],[87.60312260932997,26.909710348631744],[87.6034841848606,26.909995489157208],[87.60389471896931,26.910465495387072],[87.60403246620245,26.910932129486888],[87.60369742517766,26.911850028669146],[87.60356894584213,26.912069595275153],[87.60327590702538,26.91236881324579],[87.6023560153438,26.91269098503193],[87.60159255001732,26.91271913057935],[87.60144825112788,26.912925068243865],[87.60147951636475,26.91312368836893],[87.60236566099118,26.913557801388112],[87.6026186402567,26.914125525406867],[87.60250466816565,26.914478193144433],[87.60222382780937,26.91505049067519],[87.60158992091945,26.915649114435308],[87.60145581909059,26.91612600584617],[87.60145538887055,26.916507430377724],[87.60208038585756,26.917446069950927],[87.60233174272955,26.9181605882156],[87.60226909820159,26.918345956236912],[87.60192498356524,26.918868864867836],[87.60131176848571,26.919329697489296],[87.60075071751832,26.920729366329716],[87.60029845560521,26.922103776178357],[87.6000601265657,26.922520090430947],[87.60001798920815,26.92264669057695],[87.60008282462971,26.922635123092338],[87.60050310474449,26.922707825098822],[87.60154711397504,26.922856851696377],[87.60213526642855,26.92287691074794],[87.60291379534495,26.9225914397503],[87.60356827273709,26.922067149590305],[87.60362191606572,26.921981186677474],[87.6036115938931,26.92169003924284],[87.60329153144095,26.921298616985773],[87.60324963488792,26.920994027918784],[87.60335873329662,26.920799469078496],[87.6035129121677,26.920661113890265],[87.60378207145662,26.92061478326751],[87.60510780509068,26.920591067742095],[87.60522590942992,26.92053861250804],[87.60571976427603,26.91988866421705],[87.6059940274571,26.91867305364547],[87.60602733245784,26.917720273160644],[87.60635769585096,26.91733740602863],[87.60668237098342,26.91707638648331],[87.60716879766287,26.917040430878846],[87.6076209562593,26.916717953519825],[87.60788504257074,26.91618635602977],[87.60814482162031,26.916031743876744],[87.60844367960837,26.915998791843474],[87.60891904282897,26.91612088276761],[87.60941366492273,26.916317431834624],[87.61123579297937,26.917519379580426],[87.61186765023116,26.917600204979838],[87.61219276700189,26.91754005716346],[87.61230217993203,26.917408641838644],[87.61234200212068,26.91719632918629],[87.61249843281159,26.917127931683808],[87.61293340656403,26.917245646851793],[87.61305151377324,26.917315102232138],[87.61339647603754,26.918469372252204],[87.61351027099104,26.918674242888837],[87.61365094899767,26.91871656553972],[87.61399069676004,26.918678924391827],[87.6144977504588,26.91837876545515],[87.61575068241689,26.917129503987713],[87.61592474060542,26.916846480375913],[87.61631286977247,26.916215101621557],[87.61678301911641,26.91515659676359],[87.61730550394475,26.91422431430475],[87.61744198103925,26.913738357331507],[87.61728596841132,26.91284065982134],[87.61715140303771,26.912066997499508],[87.61730601640504,26.91179091409315],[87.61784083161234,26.91151770034434],[87.618508514118,26.9115847085136],[87.61957803649658,26.91191635120125],[87.6202887977337,26.91203737533075],[87.62096235862792,26.912149521932072],[87.62157108117933,26.912151325089695],[87.62223819607341,26.91200164496198],[87.62363614290838,26.911961672628202],[87.62388748598634,26.911989801543587],[87.62412325795071,26.91194365938223],[87.6248829071615,26.91179804222119],[87.62556552533746,26.91148125034342],[87.62628515231623,26.910947582048763],[87.62656874684089,26.910540021064804],[87.62715651616968,26.910167214040086],[87.62855351810686,26.909736564924096],[87.62916130051268,26.90967966353674],[87.63046271650262,26.909838688222322],[87.63228463469417,26.90996813381955],[87.63277369221163,26.910182626279024],[87.63296664086141,26.910353360311756],[87.63351834852793,26.910628494907296],[87.63375787657401,26.910794477061092],[87.63421605045485,26.911112938100473],[87.63472742766491,26.91125953450399],[87.63496526348494,26.911235961933627],[87.63587890412488,26.910938359222296],[87.63679973661941,26.910805555429068],[87.63811172074102,26.911041102890216],[87.63975788452153,26.911042638623655],[87.64011513593306,26.910878522250528],[87.64027143938044,26.910685900743104],[87.64052715346989,26.910488400701713],[87.64134519920225,26.910322150722973],[87.64373212547845,26.909977135869134],[87.64440155978053,26.91011854140643]]]}}]}