{"type":"FeatureCollection","features":[{"type":"Feature","properties":{"province":"Koshi Province","district":"Sankhuwasabha","municipality":"Silichong Rural Municipality","ward":"2","wardNumber":2,"sourceMunicipality":"Silichong","sourceType":"Gaunpalika"},"geometry":{"type":"Polygon","coordinates":[[[87.08708332689366,27.482448688521224],[87.08682704534118,27.48245338124123],[87.08637675192647,27.4823249744427],[87.08599135840532,27.482273339972505],[87.08535137370193,27.48230085680424],[87.08522251273061,27.48226478628898],[87.08471038734595,27.482289925523425],[87.08419713393884,27.482240605946398],[87.08349231261579,27.4822500562998],[87.08323502822488,27.48217803902259],[87.08265262014089,27.481803687147533],[87.08220201368037,27.481675281387577],[87.08181336752423,27.481508487891688],[87.0813614487922,27.48138239434445],[87.08078185897205,27.481333075509866],[87.08052363848249,27.48127906387813],[87.07968050671575,27.480814564896683],[87.07928948180782,27.480476220634902],[87.07915974426821,27.48040182602457],[87.07883699905557,27.480329746482187],[87.07761617589344,27.48038471746931],[87.07658335259106,27.48013240822839],[87.07600407570712,27.48010334538228],[87.07581206947575,27.480164491666017],[87.07516920741783,27.480173878283185],[87.07486928493118,27.4801966392355],[87.07448332932375,27.48018326530718],[87.0742267981494,27.480226344450784],[87.07384015439635,27.480174584872586],[87.07325887550263,27.480010169689052],[87.07293675622546,27.479976476701086],[87.0726157005288,27.480001426672715],[87.07248759132347,27.480039939640378],[87.0721687892462,27.480218433434956],[87.07191257096544,27.48027951785573],[87.0715941453923,27.48049408546055],[87.0712750298896,27.480652261113985],[87.06999456470376,27.48101407258111],[87.06890779634806,27.481432273222723],[87.06852315579312,27.481513677718397],[87.06820172487404,27.481518371433147],[87.06775381324475,27.481678862077693],[87.0673714888169,27.48189349319831],[87.06682129416568,27.482361012538792],[87.06675739654698,27.482399399943738],[87.06658858742718,27.482575578836283],[87.065886771621,27.482930317823378],[87.06559110584428,27.483221594945956],[87.0652560541057,27.48374093941569],[87.06498164569983,27.484032278856212],[87.06438737063766,27.484404958965918],[87.06368386526171,27.484624283422395],[87.06272745878589,27.485134821357892],[87.06266387397653,27.485193589260493],[87.0622159611381,27.48531338074034],[87.0612545465208,27.485460562551044],[87.06067652161717,27.485467635593547],[87.0604182998509,27.485375174570933],[87.05990022870078,27.485075218693762],[87.05951483672341,27.485079912761858],[87.05906629706894,27.48516363166721],[87.05842831756101,27.485477670028637],[87.05798034232865,27.485597461257566],[87.05778770878777,27.485599839621486],[87.05746590200721,27.48554801669018],[87.05675907829149,27.485537085682665],[87.05624595228323,27.485582419430294],[87.05566792715884,27.48558942924278],[87.05541164555649,27.48563019494693],[87.05489720618236,27.485598817780918],[87.05470519861731,27.485659838652317],[87.05438470601116,27.48570060471998],[87.05393904748372,27.48599419757825],[87.053556033942,27.486152374015383],[87.05304228155315,27.48615932124601],[87.05271978678066,27.48606692331466],[87.0525257756433,27.48597446127152],[87.05226855564284,27.485958772565336],[87.0520751703892,27.485904635176638],[87.05188090971558,27.485809922314804],[87.05162300137802,27.485737779951577],[87.05132339083184,27.485740159994734],[87.05117508862719,27.4858576340109],[87.05104729162103,27.485898272732314],[87.05087773205716,27.48603381477402],[87.05070979853352,27.486266322504658],[87.05054555915396,27.48676522093392],[87.0501883119391,27.4872484300974],[87.05001843816815,27.487365842450924],[87.0497853561058,27.48754202235223],[87.04970220262345,27.48771588694492],[87.04947012212719,27.48796646367083],[87.04938765803846,27.488199033229616],[87.0491776485584,27.488487995712873],[87.04905085413301,27.488605407224057],[87.04864689573178,27.488820038087987],[87.04839261806838,27.488996155885985],[87.04807281411017,27.489095626758168],[87.0478817454948,27.489213038871476],[87.04749810694054,27.489332829144562],[87.04726658909789,27.489624105685184],[87.04741852212284,27.489775272572317],[87.04791508539816,27.490075290943643],[87.04832786999303,27.49049047020584],[87.0488088106025,27.491212612109692],[87.0493308257595,27.491781209540257],[87.0495058951026,27.492065540451712],[87.04972729861245,27.492580125506397],[87.05005567868612,27.493092333903473],[87.05057575298495,27.493527766631804],[87.05088062210086,27.493886555202273],[87.05094520836083,27.49392494027908],[87.05103286865976,27.494057977965156],[87.05116598614953,27.494401077022182],[87.05121294628216,27.49468772218297],[87.05127947381338,27.49485927228399],[87.05169357307464,27.495371478821074],[87.05197593171985,27.495653495269668],[87.0520647184511,27.495883748752313],[87.05206628347692,27.495998845124642],[87.05217914470676,27.49639833561871],[87.0523797283354,27.49691285901231],[87.05259812618024,27.49719500067513],[87.05296757999163,27.497515339897003],[87.05316421983515,27.497761284051478],[87.05329727406622,27.498045615595498],[87.05330509853756,27.49856251664455],[87.05340133374212,27.49924865403713],[87.05326867948669,27.500397618147428],[87.05327199800949,27.500627873217045],[87.05331864415481,27.500855813783406],[87.05360757491529,27.501539636025065],[87.05370018020676,27.501997831375196],[87.05358052142462,27.502591506808848],[87.05357153251214,27.503395055456547],[87.05351314273864,27.50379686108925],[87.05332827153023,27.504316078570906],[87.0526980543954,27.505185342270845],[87.05251024167268,27.505533009343054],[87.05242802722894,27.50576332798702],[87.05243434928072,27.506165070853232],[87.05235282444897,27.5064540321129],[87.05235645466928,27.50668203580102],[87.05249113640568,27.507081463982196],[87.0525622332173,27.50753965978678],[87.05320592072812,27.50823235344822],[87.05320779662857,27.50823235371099],[87.0538673646401,27.508965684997708],[87.05418906427269,27.510008360945427],[87.05413349633946,27.510845794232203],[87.05329951975962,27.511870919872013],[87.05300679810442,27.512498545340538],[87.05286151404921,27.513595556322713],[87.05233145671757,27.514345158355944],[87.05194357826181,27.51517822121113],[87.05136658567336,27.51700901574596],[87.0502694038349,27.5190341253379],[87.04953020825359,27.519880883646366],[87.04875895033169,27.521346074240395],[87.04743548800381,27.522838593270006],[87.04614777933784,27.52376000655472],[87.04011583929284,27.525694096309135],[87.03872471187887,27.52630616958286],[87.03577845442808,27.527307004953656],[87.03328261887319,27.5285446529909],[87.031065329347,27.530199668661314],[87.02997599597337,27.530549849078085],[87.02833326214522,27.530344811926902],[87.02799557695492,27.53045322354643],[87.02711270171042,27.5312230867397],[87.02468320789825,27.532799145545397],[87.02248898031559,27.53387174069771],[87.02114955630742,27.53430307377139],[87.02015000144692,27.534422935402105],[87.01799126042563,27.533989838411497],[87.01529976063493,27.53362001684172],[87.01269496506274,27.532383441206633],[87.01109393148131,27.532060806375696],[87.01070903947343,27.532067626170402],[87.00901191888812,27.532358984682695],[87.00640983606665,27.53247430498673],[87.0054254790883,27.532864808343085],[87.00414145966846,27.533839986343008],[87.00265192551261,27.534706824270813],[87.0013333230591,27.535230558936583],[86.99968671819775,27.53537506152157],[86.99890556398252,27.535864903403734],[86.99718013481598,27.537013763722307],[86.99673003625173,27.53730273022603],[86.99627706765274,27.537982122929744],[86.9959732203287,27.53879924199497],[86.99595197988519,27.539830732359782],[86.99563131793794,27.5408938603902],[86.9953834215173,27.54131823888201],[86.99368012318715,27.54231136577023],[86.9900736309297,27.54384161427101],[86.98657534521377,27.544168633768372],[86.9846667722282,27.544500319669865],[86.98344113217668,27.544509214012866],[86.97912007727038,27.543170256453276],[86.97786336133937,27.543061741477302],[86.97717386238122,27.543355024633254],[86.9764815521016,27.543801852654514],[86.97582894586796,27.544363838798773],[86.97503747535869,27.5448738119407],[86.97434598071933,27.545528263383765],[86.97149621495132,27.547561523964838],[86.97110588482816,27.547640426899132],[86.97086779954327,27.547793850166038],[86.969563822344,27.5480351269387],[86.96881618655911,27.548899515758823],[86.96802359646115,27.549763842327277],[86.96763768281379,27.552163113805353],[86.9676851001057,27.553591907262593],[86.96866955645834,27.559022923695743],[86.96848531775908,27.55999571221714],[86.96801309553133,27.560801392178078],[86.96795405975811,27.56362740919038],[86.96764241194079,27.565349543527418],[86.96790347358828,27.566931878812188],[86.96761370547628,27.568464394860882],[86.96724427336152,27.56945525273509],[86.96662932064865,27.570843293756347],[86.96547911533418,27.572732238400913],[86.96448553597146,27.574889572248747],[86.96450573115163,27.57486281426919],[86.96500590631662,27.574325712266404],[86.96519027957754,27.573899147115224],[86.96637083380836,27.57355634242387],[86.96739000820286,27.572671757174465],[86.96797578412571,27.572538709531045],[86.96863209355973,27.572809655229268],[86.96941089276277,27.573457646707823],[86.97086781976188,27.574272803618896],[86.97114998584061,27.574247979983387],[86.97189651559044,27.574518987074047],[86.97282079579772,27.574550733680795],[86.9733863183067,27.574627622810926],[86.97452005805117,27.575169516066243],[86.97694901343313,27.574905780568823],[86.97727363355754,27.57495322757312],[86.97859237708086,27.575348387991614],[86.97946595198442,27.575463660056208],[86.98001722077372,27.575623948679794],[86.98024836885523,27.575624008141304],[86.98186828515013,27.575946956085808],[86.98387290487523,27.576224822429957],[86.98453977474429,27.576163919943518],[86.98602675738641,27.57589769600446],[86.98654007111112,27.5758751827217],[86.9866616678846,27.5752747549439],[86.98655975278653,27.57511452204584],[86.98654518081418,27.574909087173438],[86.98658256804906,27.57477135827796],[86.98671017509939,27.574656322552233],[86.98799195653051,27.574421673956202],[86.98922434971442,27.574460105777483],[86.99069764179806,27.574356367576808],[86.99123465310873,27.57439249528539],[86.99289106987989,27.573963659686957],[86.99432828691805,27.573893806301026],[86.99555999015841,27.57379000870571],[86.99708586224732,27.573589053753242],[86.99827673343204,27.57325268913168],[86.9989062111764,27.5729592812541],[86.99890621137551,27.572986352232324],[86.99901950275624,27.5729908516483],[86.99919938248871,27.573029235720526],[86.9994530410486,27.573135325630982],[86.99975002635894,27.573203028512424],[87.00004638643027,27.573245912443333],[87.00040739547973,27.573245906942848],[87.00074208159589,27.57324365173751],[87.00105107042172,27.5732300812622],[87.00132148144917,27.573182750986696],[87.00165616683971,27.57315786395997],[87.00211971248706,27.57313297524389],[87.00246740281256,27.573108151175177],[87.00273812767159,27.573105896521216],[87.00307312687671,27.573114894115406],[87.00336980081414,27.57319391335609],[87.00366653620566,27.573272870159727],[87.00395051688591,27.57332932050653],[87.00423431081555,27.57338570753926],[87.00450497348247,27.573419526026168],[87.00476300747198,27.573487230004215],[87.00503442181045,27.57360007234368],[87.00533172204827,27.57373548253021],[87.00562877110482,27.573850574692276],[87.00588711814488,27.573952163543815],[87.00623574897152,27.574087573212303],[87.00670092431909,27.574281623773164],[87.00698528164499,27.57440578129055],[87.00725663347738,27.574518623056573],[87.00763121212039,27.574678851940998],[87.00787699221593,27.57480301057673],[87.00814809442008,27.574904536604837],[87.00838105738356,27.57504219874212],[87.00876864115031,27.575211429848796],[87.00911733459367,27.57534909032696],[87.00953086606708,27.575529637433668],[87.00995708852982,27.57568761563015],[87.01029302732532,27.57581396079129],[87.01075788849685,27.575960621850452],[87.01100329341568,27.576062210906773],[87.01124869907564,27.576163737235948],[87.01148147427654,27.576278830565265],[87.01171424993403,27.57642549507568],[87.01194727686939,27.576585726530592],[87.01224495291187,27.57679109508516],[87.01259458636004,27.577052916502836],[87.01289257455089,27.577269601398832],[87.01320325637809,27.57749753830359],[87.01346260537778,27.577714161100047],[87.01370838634922,27.577863139262288],[87.01400606331609,27.57807976058882],[87.01425209451912,27.578262560987778],[87.01457609335357,27.578501751560843],[87.01482212493106,27.578718436381013],[87.01502958043258,27.578901237649813],[87.01531493947316,27.579153994837082],[87.0155610344535,27.579348048225086],[87.01588497139488,27.57962112404296],[87.0161171851883,27.579826743340064],[87.01628462061144,27.579747530143564],[87.01715218387106,27.579336585022652],[87.01816591260626,27.57814691014253],[87.01853040054947,27.576923483580288],[87.0185195767865,27.576519427920093],[87.01795145561994,27.57446552121315],[87.01799457099575,27.573016407847277],[87.01878500690937,27.57054242172293],[87.01924623073945,27.570023199629343],[87.0204581009947,27.569201379865643],[87.02075595396549,27.568781502797428],[87.02099452949098,27.56808623283786],[87.02096057179233,27.567609968421447],[87.0208047603062,27.56738427925611],[87.02012994019974,27.56691265041839],[87.02003902930419,27.566768234150093],[87.02009723389676,27.566537978687865],[87.02028367304962,27.566303219583716],[87.0210665809749,27.565955481705444],[87.0215284327905,27.56560781076072],[87.02171487274013,27.56537524036674],[87.02190342838652,27.564562561329698],[87.02213444496152,27.56423765097845],[87.02245037139014,27.564038900092154],[87.02349900791395,27.564016128963253],[87.02437331915704,27.563399748229315],[87.02505162039438,27.562706660698684],[87.02519991200421,27.5619527499801],[87.02524095947055,27.560266630619886],[87.02554055584058,27.55945845155559],[87.02577163855447,27.559280083560854],[87.02676481758127,27.559327333475974],[87.02756448394433,27.559069809196984],[87.02784871052265,27.558891440120416],[87.02861609595418,27.557604677000214],[87.02997290285548,27.557227422599105],[87.03099227782566,27.557143633961648],[87.03139429849855,27.557014903297087],[87.03218482045905,27.55589962727532],[87.03351867581061,27.555215408282088],[87.03403974178124,27.555127187165706],[87.03513240036563,27.555427134730092],[87.0356976143817,27.555745220635735],[87.03625832415331,27.555900820861766],[87.03695882895423,27.555674869874558],[87.03751989940505,27.555031422784147],[87.03784575877924,27.55441286191596],[87.03782748938268,27.553724472688977],[87.03738993725585,27.552810398068623],[87.03657374291836,27.55180167633411],[87.03626205516146,27.551212633058874],[87.03637625123191,27.54932789163164],[87.03664577982975,27.54881542486897],[87.03832337335142,27.54741774182511],[87.03857852922198,27.54735672025535],[87.03915024191181,27.547435547217585],[87.039856123589,27.547207346190547],[87.04062738460944,27.545916018937923],[87.04106729233435,27.545640494083184],[87.04333042712699,27.54491975078515],[87.04432284693726,27.544411525287043],[87.04477400236988,27.543774832302564],[87.04483213314838,27.54289907464305],[87.04513079857367,27.542476884931148],[87.04569000144846,27.542296073269945],[87.04694296377876,27.542315937153305],[87.04751617241999,27.542132938009207],[87.04818503342214,27.541525500426545],[87.04843950109925,27.54144415990104],[87.04957817375265,27.541594938628922],[87.05113331890092,27.542113506185768],[87.05310487423489,27.542988484415297],[87.05579771051733,27.544687069993728],[87.05696321077852,27.54512218117164],[87.05745277306724,27.545467337724023],[87.058108217376,27.546302198081907],[87.05919506859603,27.547042024660946],[87.06004538449899,27.547150044332056],[87.06097403609849,27.546944221431517],[87.0621361437505,27.546428991316187],[87.0627446174126,27.5464151661523],[87.06343181563884,27.546805395225427],[87.06385941882817,27.547272401317557],[87.06456049775946,27.54766932092664],[87.06621154970946,27.547968634649568],[87.06646670490348,27.547905363128173],[87.06761175465412,27.548035697170103],[87.06807311608459,27.548252128897126],[87.0685381006045,27.548242870166167],[87.06954002276059,27.54767581395587],[87.07083205741337,27.54740652910985],[87.07235804757741,27.546836903554585],[87.07368715752543,27.546538234425203],[87.0751730622686,27.545510411922475],[87.07556163287204,27.544907479507952],[87.07642663504035,27.54469484271028],[87.07694000527017,27.544292779611325],[87.07752126663051,27.54343920902166],[87.07791784853677,27.54332385634083],[87.07923126408708,27.542943913881093],[87.0799229497741,27.542562042059966],[87.08072980954948,27.54254577602216],[87.0821460117229,27.54210250056685],[87.08439536114712,27.539697201016065],[87.08516426247627,27.539322017629203],[87.08603181729056,27.53845018745439],[87.08681622559536,27.538079505193462],[87.08684327992002,27.537079523532604],[87.08756052202858,27.535862469406354],[87.08788474976849,27.534921000965923],[87.08856480364409,27.534342759194537],[87.08956416781162,27.534098298265217],[87.09009529275615,27.5336644760251],[87.09125613582329,27.532359139167777],[87.09124337220477,27.531871558804422],[87.09088516641621,27.531266886226675],[87.09085019194916,27.529930682492168],[87.09099673271396,27.529187963128383],[87.09207936644646,27.528293372441325],[87.09239984284541,27.527363220248116],[87.09276321894068,27.526954408261943],[87.09400147237153,27.52607100614369],[87.09538228787812,27.525690812571217],[87.09563444009116,27.525514569376103],[87.09581481034462,27.525051743616775],[87.09563478963653,27.524119660730324],[87.0953357880573,27.52320345848209],[87.09537196481783,27.52186712862322],[87.09566312139066,27.521110778168424],[87.09570006451781,27.520661583293396],[87.09581441501165,27.52043576522061],[87.09582890715883,27.519672791610667],[87.09469194577032,27.517351001879238],[87.09398478044312,27.515710530922878],[87.09352247353182,27.515058534196566],[87.09251890972888,27.51472288763078],[87.09200227000126,27.514064139119174],[87.09183594834973,27.513524795203224],[87.09195066182966,27.512590269550493],[87.09177164629538,27.511942582294242],[87.09139524898026,27.51146200931596],[87.09039655602031,27.51078326236103],[87.09004347684863,27.51011538369973],[87.0899629993767,27.509580478314525],[87.09031816900652,27.508230452040326],[87.09007726578916,27.50812229918344],[87.08998985634375,27.508009454734793],[87.08985836775831,27.507840281966207],[87.08949141620914,27.50765316941995],[87.08897415874424,27.507430112227933],[87.08836849093578,27.507037755180967],[87.08817178951892,27.506812129849997],[87.0877955746131,27.506069729662364],[87.08781445496238,27.505936564966216],[87.08796206883468,27.50580102380619],[87.08821703678686,27.505701553103645],[87.08860186489679,27.505676478117824],[87.08887796513544,27.505558939641706],[87.08902470368682,27.50538501103358],[87.08904220620668,27.505154755738648],[87.08884181156756,27.504698937664113],[87.08842558498485,27.504130401723092],[87.08820168003555,27.503559487753616],[87.08797214149752,27.502645472842786],[87.08787671958066,27.5020157893922],[87.08749875081712,27.501045448608],[87.08719068947092,27.500476848134607],[87.08705988825676,27.50030761320862],[87.08690350969516,27.499849543709672],[87.08683222494456,27.49939134778421],[87.08682859448518,27.49914308745319],[87.0868609065554,27.498474890920846],[87.08706115278564,27.497610259294607],[87.087166289945,27.496118195487583],[87.08716090673211,27.49577509538872],[87.0871367067118,27.495603607814086],[87.08711388399574,27.495488574075534],[87.08706911568136,27.495355348635186],[87.08689460965886,27.49512747113665],[87.08676480966233,27.495014690435962],[87.08650646187657,27.494883967795662],[87.08616076757231,27.494640401665514],[87.08581400882365,27.494302057035604],[87.08542223033433,27.49382829867836],[87.08496793177297,27.493451632268773],[87.08459497067261,27.492826579811247],[87.08437175144533,27.492199273938564],[87.08430315861095,27.491912628128276],[87.08436542906249,27.49177940078794],[87.08449253784676,27.491718380662903],[87.084620084352,27.49167993081935],[87.08506837400388,27.491654854369333],[87.08532365425897,27.49159370764122],[87.08547164504417,27.491496552212585],[87.08574380095406,27.491148758986867],[87.08590860503952,27.490744637574966],[87.08590397273201,27.49045799129974],[87.0857217679802,27.48971321277456],[87.08567806338974,27.489656821884576],[87.08560878107407,27.4893137851172],[87.0852752679049,27.488458476092585],[87.08515596014276,27.487657305533954],[87.08514894864021,27.487199046164598],[87.08518833408601,27.486968791054302],[87.08531187479802,27.486679829403688],[87.0857537799772,27.486252947977153],[87.08583856098403,27.48621449793879],[87.08615467147632,27.48592309537055],[87.0865301123496,27.4853450452173],[87.0866111992771,27.485056084632603],[87.08662363110845,27.484482728695127],[87.08673577915611,27.48344886141808],[87.08683637138338,27.483044742063147],[87.08704362867653,27.482640557504872],[87.08708332689366,27.482448688521224]]]}},{"type":"Feature","properties":{"province":"Koshi Province","district":"Sankhuwasabha","municipality":"Silichong Rural Municipality","ward":"99","wardNumber":99,"sourceMunicipality":"Silichong","sourceType":"Gaunpalika"},"geometry":{"type":"Polygon","coordinates":[[[87.0161171851883,27.579826743340064],[87.01588497139488,27.57962112404296],[87.0155610344535,27.579348048225086],[87.01531493947316,27.579153994837082],[87.01502958043258,27.578901237649813],[87.01482212493106,27.578718436381013],[87.01457609335357,27.578501751560843],[87.01425209451912,27.578262560987778],[87.01400606331609,27.57807976058882],[87.01370838634922,27.577863139262288],[87.01346260537778,27.577714161100047],[87.01320325637809,27.57749753830359],[87.01289257455089,27.577269601398832],[87.01259458636004,27.577052916502836],[87.01224495291187,27.57679109508516],[87.01194727686939,27.576585726530592],[87.01171424993403,27.57642549507568],[87.01148147427654,27.576278830565265],[87.01124869907564,27.576163737235948],[87.01100329341568,27.576062210906773],[87.01075788849685,27.575960621850452],[87.01029302732532,27.57581396079129],[87.00995708852982,27.57568761563015],[87.00953086606708,27.575529637433668],[87.00911733459367,27.57534909032696],[87.00876864115031,27.575211429848796],[87.00838105738356,27.57504219874212],[87.00814809442008,27.574904536604837],[87.00787699221593,27.57480301057673],[87.00763121212039,27.574678851940998],[87.00725663347738,27.574518623056573],[87.00698528164499,27.57440578129055],[87.00670092431909,27.574281623773164],[87.00623574897152,27.574087573212303],[87.00588711814488,27.573952163543815],[87.00562877110482,27.573850574692276],[87.00533172204827,27.57373548253021],[87.00503442181045,27.57360007234368],[87.00476300747198,27.573487230004215],[87.00450497348247,27.573419526026168],[87.00423431081555,27.57338570753926],[87.00395051688591,27.57332932050653],[87.00366653620566,27.573272870159727],[87.00336980081414,27.57319391335609],[87.00307312687671,27.573114894115406],[87.00273812767159,27.573105896521216],[87.00246740281256,27.573108151175177],[87.00211971248706,27.57313297524389],[87.00165616683971,27.57315786395997],[87.00132148144917,27.573182750986696],[87.00105107042172,27.5732300812622],[87.00074208159589,27.57324365173751],[87.00040739547973,27.573245906942848],[87.00004638643027,27.573245912443333],[86.99975002635894,27.573203028512424],[86.9994530410486,27.573135325630982],[86.99919938248871,27.573029235720526],[86.99901950275624,27.5729908516483],[86.99890621137551,27.572986352232324],[86.9989062111764,27.5729592812541],[86.99827673343204,27.57325268913168],[86.99708586224732,27.573589053753242],[86.99555999015841,27.57379000870571],[86.99432828691805,27.573893806301026],[86.99289106987989,27.573963659686957],[86.99123465310873,27.57439249528539],[86.99069764179806,27.574356367576808],[86.98922434971442,27.574460105777483],[86.98799195653051,27.574421673956202],[86.98671017509939,27.574656322552233],[86.98658256804906,27.57477135827796],[86.98654518081418,27.574909087173438],[86.98655975278653,27.57511452204584],[86.9866616678846,27.5752747549439],[86.98654007111112,27.5758751827217],[86.98602675738641,27.57589769600446],[86.98453977474429,27.576163919943518],[86.98387290487523,27.576224822429957],[86.98186828515013,27.575946956085808],[86.98024836885523,27.575624008141304],[86.98001722077372,27.575623948679794],[86.97946595198442,27.575463660056208],[86.97859237708086,27.575348387991614],[86.97727363355754,27.57495322757312],[86.97694901343313,27.574905780568823],[86.97452005805117,27.575169516066243],[86.9733863183067,27.574627622810926],[86.97282079579772,27.574550733680795],[86.97189651559044,27.574518987074047],[86.97114998584061,27.574247979983387],[86.97086781976188,27.574272803618896],[86.96941089276277,27.573457646707823],[86.96863209355973,27.572809655229268],[86.96797578412571,27.572538709531045],[86.96739000820286,27.572671757174465],[86.96637083380836,27.57355634242387],[86.96519027957754,27.573899147115224],[86.96500590631662,27.574325712266404],[86.96450573115163,27.57486281426919],[86.96448553597146,27.574889572248747],[86.96446771824422,27.574928333319118],[86.96438156315486,27.57504111775831],[86.96339772228795,27.576329696710488],[86.96268640295958,27.576711006094637],[86.96226812644893,27.576888938584073],[86.96210306705711,27.576959149438714],[86.96148871874436,27.577182410464566],[86.96065297839779,27.577486948890126],[86.9605950194102,27.57750401676187],[86.95925546914657,27.577899588796054],[86.9584229165346,27.57814548533159],[86.9566890939545,27.578476731082592],[86.9555901351972,27.57901133982992],[86.95499361480196,27.57971092823913],[86.95480467998233,27.58031348306219],[86.95511143541333,27.58129320317963],[86.95550484518255,27.582156951777506],[86.95562558240545,27.5824219650625],[86.95574456831639,27.582681539333322],[86.9574931962794,27.58532066460048],[86.95779975945898,27.58601598886777],[86.95783328889767,27.587015906819406],[86.95750758238832,27.58928651464423],[86.95749723065425,27.59081008698544],[86.9578792117533,27.592451188081615],[86.95827056345915,27.59717100469353],[86.95823731147397,27.59780075232617],[86.95789538696619,27.59859742817558],[86.95778135899975,27.59947093536291],[86.95808919172944,27.601269958614893],[86.95807826063393,27.601852317591735],[86.95748368663526,27.603068745013296],[86.95737141509888,27.60420182891119],[86.95714346823947,27.60496242941717],[86.95724639639359,27.605815615764335],[86.95784219211615,27.606574205387748],[86.95811180206228,27.607208575294646],[86.95787998266559,27.608100089730016],[86.95629193611579,27.610431232913832],[86.95528783061084,27.61136995931728],[86.95508177677983,27.61264296027956],[86.955263729122,27.613220814594392],[86.95542610532553,27.613421746264994],[86.9577716290547,27.61531614549448],[86.95833166167262,27.61609505350363],[86.95866210859944,27.616817448595985],[86.95964472475373,27.62058035041214],[86.96001568979844,27.62512186496661],[86.96032545005303,27.626313710301886],[86.96102129479861,27.627735867555906],[86.96193527257145,27.62861867642568],[86.9638964587043,27.63000730704047],[86.9656395150068,27.63218135830557],[86.96721745531784,27.63473677399098],[86.96859893524108,27.636560851800823],[86.96913121413708,27.637682736604592],[86.96927415634482,27.638558615915404],[86.96925130149152,27.640201785777823],[86.96960406835998,27.64083609213292],[86.97028357626452,27.641269584605872],[86.97254042765196,27.642242838972045],[86.9735744470683,27.64296528672822],[86.97476903211077,27.644015078329883],[86.97573234520642,27.645112199346485],[86.97633821360833,27.64624314769284],[86.97756771776605,27.645532296731176],[86.98345682092167,27.641318917365172],[86.9844285463729,27.64078180907552],[86.9848924584172,27.640246895578148],[86.98507851729245,27.639675850555037],[86.98541497303648,27.637190742435546],[86.98671508617547,27.63405793108955],[86.9879604847951,27.63053237953468],[86.98846934367819,27.6295392686123],[86.98897062445221,27.627866709193274],[86.98943734274613,27.62689841850002],[86.99044903220447,27.623515037290154],[86.9909359497603,27.622797257395426],[86.99189079155119,27.622149491314357],[86.99219552359247,27.621833519725644],[86.99300397970696,27.620151953219878],[86.9935222713464,27.618709710640893],[86.9944004512425,27.614003505954333],[86.99448790328708,27.613014839885768],[86.99492284247032,27.61106026068118],[86.99508004829038,27.605196100420592],[86.99521939823059,27.604385798393103],[86.99576613087326,27.60255975528058],[86.99685724277035,27.60018748246233],[86.9982228397026,27.5983681795955],[86.99890664559004,27.597860334306883],[86.9989066442441,27.597776747129593],[86.99915585634287,27.59749015981979],[86.9996707634867,27.5955580236236],[86.99929390470926,27.59377256721385],[86.99939836757036,27.592973581726238],[86.99997756863804,27.5922489861722],[87.00154612780493,27.59110456629707],[87.00321973528084,27.59049505181097],[87.00448105621808,27.589368703979307],[87.00479391383159,27.588928507908875],[87.00585332172099,27.586323667237043],[87.00630767287137,27.586039264860453],[87.00707220034586,27.58579318175473],[87.00732447767265,27.585614875675404],[87.00744850609061,27.584610392333783],[87.00774204062198,27.58398289145663],[87.00982373910611,27.58352222734601],[87.01075469996644,27.5830526395152],[87.01211781361796,27.582258012657338],[87.01363566477562,27.581000559953246],[87.0161171851883,27.579826743340064]]]}},{"type":"Feature","properties":{"province":"Koshi Province","district":"Sankhuwasabha","municipality":"Silichong Rural Municipality","ward":"99","wardNumber":99,"sourceMunicipality":"Silichong","sourceType":"Gaunpalika"},"geometry":{"type":"Polygon","coordinates":[[[87.1167111220497,27.575584386355228],[87.11632766626595,27.575519560089294],[87.11594095974382,27.575463486674394],[87.115656916409,27.57539597085445],[87.11528252724335,27.575306011998702],[87.11497272314044,27.575204674605168],[87.11461133840912,27.57512603175322],[87.11431428958478,27.575036010028708],[87.11405613087067,27.574982059794127],[87.11374638949293,27.5748920385695],[87.11344965474653,27.574847092106044],[87.11311427981423,27.57479095498842],[87.11279190967218,27.574759575538348],[87.11232798878328,27.574739701465727],[87.11194140688465,27.574694881014324],[87.11143847082049,27.574652438379136],[87.11107777581368,27.574655007471993],[87.11060091131895,27.574623754678203],[87.11014999493683,27.57462638665804],[87.10960923336425,27.574651652165993],[87.10913268243637,27.574676854336715],[87.10866920001287,27.574726937787535],[87.10824460678278,27.574774645126542],[87.10784539779631,27.57482235240971],[87.10739516984052,27.574883689641563],[87.10711181549891,27.57490870071231],[87.10673886681388,27.574978977054823],[87.10622449222585,27.57509676876819],[87.10577432704487,27.57519192832732],[87.10532409998163,27.575275771859737],[87.1048999454055,27.57537993374443],[87.10454000289964,27.57550885119932],[87.10411584773415,27.575637833096483],[87.10378191464308,27.575755497255884],[87.10334506836271,27.575907047461563],[87.10303676962405,27.57601339575691],[87.10254871686158,27.576198832254786],[87.10211187151631,27.576363949115972],[87.10164907807112,27.576504247196674],[87.10125087156611,27.576633165327955],[87.10085266380439,27.57676214644408],[87.10059563350659,27.576854865148864],[87.10022306044229,27.576983845975626],[87.099811848516,27.577124080088115],[87.09942633369431,27.57726431419604],[87.09901512260815,27.5774045487458],[87.09856602199245,27.577601238315943],[87.09825766057173,27.57770758601597],[87.0978720835474,27.577859073908503],[87.09751251587335,27.57799930693536],[87.09715294752893,27.57813947865357],[87.096844648544,27.57825708027975],[87.0964723893596,27.578419883492188],[87.09602291407941,27.578616571862998],[87.09567635167595,27.57876805879524],[87.09531640914084,27.57889697695714],[87.09502105161542,27.57900326208345],[87.09469974657095,27.579084728669713],[87.09427521775028,27.579202393973674],[87.09394090725047,27.57927260660637],[87.09358090100484,27.579345070586115],[87.09313036057374,27.579392778707028],[87.0928729536464,27.57944035873598],[87.09235813963001,27.579490381228897],[87.09184332574448,27.579549405791557],[87.0913281368497,27.57959942745337],[87.09099313812457,27.579599682587713],[87.09061943722243,27.57959087275766],[87.09015557779816,27.57957087338388],[87.08987216095208,27.579550746801928],[87.08954972891546,27.579528431726363],[87.08929163272704,27.57948342242302],[87.0889822672841,27.57945204274372],[87.08873673794514,27.579361894907958],[87.08838835738655,27.579271873355317],[87.08803928882747,27.579111831641143],[87.08776818766393,27.57904431536017],[87.08749670928373,27.578920345516448],[87.08725086666117,27.578782808486192],[87.0870306574896,27.578636206901553],[87.08675849127276,27.57843102547342],[87.08642205091887,27.57822578203568],[87.08615057293906,27.578101812025366],[87.085814133264,27.577919200981853],[87.08552971339861,27.57777047410268],[87.08529687461188,27.57765769471114],[87.0850510312018,27.577486334998664],[87.08481712869468,27.577258521894937],[87.084699454888,27.577005824328182],[87.08456815141764,27.57669661015951],[87.08451437645014,27.57642128042971],[87.08440901834788,27.576075993402835],[87.08430366238822,27.57578941037869],[87.08415929049889,27.575446436896318],[87.08397703114828,27.57518236215852],[87.08383341132787,27.574954547151954],[87.08371573870652,27.574701850186077],[87.08357105291749,27.574334056640893],[87.08347870154033,27.57406085328294],[87.0833989794423,27.57373819744645],[87.08324197798298,27.57340653989301],[87.08307303682098,27.573212547782564],[87.08281356230054,27.572995988082052],[87.0825544005035,27.572790743327854],[87.08227022930141,27.572603567555007],[87.08194579327544,27.57238031997101],[87.08172595945439,27.572242719672488],[87.08135094217648,27.572048856035746],[87.08107946494376,27.57193613945276],[87.08078210347239,27.571823485815973],[87.08043341032956,27.571688263174575],[87.08009765893372,27.571562043069868],[87.07982662067027,27.571530600262125],[87.07951756866964,27.571530792988035],[87.0792471569663,27.571544487881596],[87.07883494297313,27.571558310118846],[87.07837139673826,27.571560817743762],[87.07798481707778,27.571574577238874],[87.077482630817,27.571577147416935],[87.07710899345382,27.571579653831737],[87.07667076811659,27.571548276002506],[87.07640035607164,27.571550717747105],[87.07610362156414,27.57152827781502],[87.07576899836046,27.571530720822967],[87.07538235472428,27.571533226855305],[87.07504735678599,27.571535670113956],[87.07464808374311,27.571535863241976],[87.07430045621874,27.571538306840804],[87.07400440999288,27.571597202974456],[87.07370842621668,27.571622152145718],[87.07336142539427,27.57171718482975],[87.07309145135923,27.571798587429193],[87.07278271356975,27.571868737454675],[87.07246147155716,27.57195239163242],[87.07216574003336,27.57205636405945],[87.07194835100685,27.572275431463726],[87.07178260670693,27.57250812687136],[87.07156565562943,27.572760954048285],[87.07137415100917,27.57298002112527],[87.07106685530503,27.573235224685906],[87.07078487921623,27.573420470418156],[87.07050221478286,27.573549262595336],[87.07023249167499,27.573641981468594],[87.06989818276357,27.57374820449899],[87.06946164955072,27.573922261951914],[87.06910239568572,27.574107571300416],[87.06884567784171,27.574225047200024],[87.06847348130283,27.574421547202373],[87.06807552484594,27.57459785476359],[87.06781855697099,27.574701826034705],[87.06749750323442,27.574841934464896],[87.06725379144044,27.57499335725941],[87.06697175280866,27.575155971073],[87.06671516064682,27.5752937653319],[87.06638141540058,27.575467695659956],[87.06612476115255,27.575619056405646],[87.06575281478102,27.575829185999876],[87.06539356047303,27.57601443319912],[87.06504724958977,27.576247131111536],[87.06470099933894,27.57643237789699],[87.06443165311047,27.576606307741773],[87.06412398042696,27.576791554068805],[87.0638545712943,27.57695423028114],[87.06355990397604,27.57715066673091],[87.06331619212692,27.577324596587818],[87.06311143188682,27.577475955991712],[87.06288066170946,27.577638569900152],[87.06253441247478,27.577846385550483],[87.06220073020322,27.578020379174145],[87.06193138411469,27.578194309091103],[87.06166235011756,27.578379491963812],[87.0614192649838,27.578612063835845],[87.06126614963131,27.578831129814212],[87.06110071810666,27.57908401849136],[87.0609608586633,27.57933909577768],[87.06082106127205,27.57959198393056],[87.06069395583502,27.579844810126527],[87.06060574042877,27.580108951080433],[87.06053015470353,27.58033920724636],[87.0604289342498,27.58060559911025],[87.06028951342174,27.580892373205508],[87.06017535081862,27.581147449255024],[87.06004849554057,27.58138902178915],[87.0598833775878,27.581711869469846],[87.05974358088575,27.58198732706153],[87.05960409781336,27.58228760412216],[87.05950293918056,27.582529176652034],[87.05936308000176,27.582806822987084],[87.05922328267079,27.583048395449417],[87.05913475455156,27.5832899678433],[87.05896995048137,27.583657952853997],[87.05883046633058,27.583958292505116],[87.05867804064336,27.58424719173265],[87.05857682043357,27.584500080487068],[87.05846297002245,27.584752905911582],[87.0583744416673,27.584983162595016],[87.05823495784888,27.585283439545748],[87.05805683559163,27.5856176027365],[87.05790465933501,27.585917880647646],[87.05768864949573,27.586319751061975],[87.05751052721573,27.586631282971624],[87.05730676969264,27.586965446055462],[87.0571033264124,27.587313113117812],[87.05689950727461,27.58765859245637],[87.05672176016382,27.588004009089037],[87.05651831566848,27.588349425598846],[87.05639114801242,27.588579744812446],[87.05617476260998,27.588938666002072],[87.05597094262346,27.58927282890647],[87.05568996977463,27.58960699357292],[87.05552410056846,27.589826060507793],[87.05533265837921,27.590056317982487],[87.05512821283152,27.590300205181588],[87.05493639517567,27.590474071284138],[87.05473201081627,27.590704391348766],[87.05451449665992,27.590934711794674],[87.05427172490802,27.591212484656324],[87.05406658933279,27.59136378143757],[87.05382281467213,27.59151282857968],[87.05371202511404,27.591589602806774],[87.05351507933332,27.591722895092463],[87.0532203495731,27.591919394294727],[87.05289998476172,27.592151967082756],[87.0525539864769,27.59240492075045],[87.05219498333615,27.592648872588825],[87.0518356677428,27.59287019245101],[87.05151524033718,27.593078007508407],[87.05127146504965,27.593229305887064],[87.05100205605888,27.593403235075822],[87.0507452758503,27.59350714495681],[87.0503982125017,27.593624621003713],[87.05012811350018,27.5936721394241],[87.04984500942545,27.593719657506703],[87.0494843149261,27.593744606667205],[87.04904627726242,27.593735735802834],[87.04872390858505,27.59373811573481],[87.04837615485258,27.5937156762799],[87.04805378561467,27.593695487872594],[87.0477569875557,27.593650479069797],[87.04740892087945,27.593596405416015],[87.04712475236512,27.593551396316947],[87.04680244457636,27.593506387784515],[87.04645437839007,27.593463567549172],[87.04613163245163,27.593384798478688],[87.04587347395375,27.59333966440607],[87.0455637326905,27.593249454243452],[87.0452792504747,27.59308934878787],[87.04489091529855,27.59286147532675],[87.04456710394484,27.592633600717047],[87.0442433551839,27.592394472498288],[87.04399719884584,27.592200418694798],[87.04377673846597,27.59200642804552],[87.04355621637423,27.591812374298783],[87.04333381778478,27.59158899873613],[87.04329642766184,27.591550612940974],[87.04302426105562,27.591297917634087],[87.04281642997827,27.591081294935208],[87.04256995952707,27.590830787847473],[87.04232317657173,27.590578092216443],[87.042102026768,27.59029151054573],[87.04189382050797,27.59001843352773],[87.04162102596162,27.58968671556566],[87.04146490287796,27.589467840867506],[87.04120467477593,27.58912486903501],[87.04107412324946,27.588908182499264],[87.04089192618814,27.588666739251618],[87.04072273461014,27.588427546344246],[87.04058843354952,27.58832376779657],[87.04050252597078,27.588256061367026],[87.04024380209125,27.588095955792735],[87.03995931941708,27.587960544839046],[87.03967489982324,27.587811630525394],[87.03936459490457,27.5876875983364],[87.03904147288789,27.587538746277836],[87.03874436174456,27.58742596800077],[87.03846063133555,27.587369642798976],[87.03817646182861,27.587279432487342],[87.03781513963827,27.58721404386762],[87.03751840376978,27.587135149651616],[87.03723429775035,27.58705625593173],[87.03696325874253,27.58701118331516],[87.03662750786994,27.586887089536564],[87.03627850193267,27.586738238284134],[87.03574861357697,27.586476543818783],[87.03533464465775,27.58626223711676],[87.03498526200056,27.58605693126821],[87.03473948137334,27.585930585113537],[87.03441642207224,27.58577266903191],[87.034002765741,27.585601249628358],[87.03374435664306,27.58551103881677],[87.03335733774536,27.585434396769067],[87.03303496731199,27.585366756284124],[87.03277687081533,27.585310368734536],[87.03248013489498,27.585242790428616],[87.03205416366279,27.58516383553236],[87.03173210745088,27.58514364656472],[87.03141005151839,27.58516853401087],[87.03113963940149,27.585193420191104],[87.03068872241911,27.58519580201141],[87.03016046528276,27.585186931564735],[87.02956768241489,27.585144177418798],[87.0290777515109,27.585101421717518],[87.02880671282946,27.585056287510113],[87.02853592448268,27.5850337846974],[87.02799441091919,27.58495720747625],[87.02754280507449,27.584866999196716],[87.02702698902883,27.58481292828812],[87.02669155156025,27.58474528823219],[87.02635617724657,27.584702467478206],[87.02609839267855,27.584646080204685],[87.02577571071106,27.584601008896776],[87.02531147570795,27.584524368132676],[87.02492414282506,27.584422906182734],[87.02455012939352,27.584366581717266],[87.02429203302698,27.58431006876958],[87.02394371568516,27.584242491708693],[87.02365998494058,27.584188417619806],[87.02336324881261,27.58413203016983],[87.02302787405155,27.58407564285692],[87.02275708660802,27.58404407548738],[87.02233149031211,27.583976436150465],[87.02207339396213,27.583931364433777],[87.02171238428498,27.58385240887527],[87.02119619191416,27.58375319962619],[87.02077028371367,27.583651738065083],[87.02033105582106,27.583482506632652],[87.01999499059411,27.583311023972552],[87.01972326255229,27.58315079267212],[87.01950311642442,27.58300412796313],[87.01919243516926,27.582776190754387],[87.018959095704,27.582557254653796],[87.01871237520797,27.582318063076162],[87.01845289999481,27.582056302731715],[87.01827107834268,27.58182604948087],[87.01801135286598,27.581552973489714],[87.01773899681872,27.581277646721386],[87.01746664244911,27.581015885764508],[87.01716821437128,27.58074055944004],[87.016818330022,27.580431286419184],[87.0165199648271,27.58015820978418],[87.01619602866546,27.57989651260779],[87.0161171851883,27.579826743340064],[87.01363566477562,27.581000559953246],[87.01211781361796,27.582258012657338],[87.01075469996644,27.5830526395152],[87.00982373910611,27.58352222734601],[87.00774204062198,27.58398289145663],[87.00744850609061,27.584610392333783],[87.00732447767265,27.585614875675404],[87.00707220034586,27.58579318175473],[87.00630767287137,27.586039264860453],[87.00585332172099,27.586323667237043],[87.00479391383159,27.588928507908875],[87.00448105621808,27.589368703979307],[87.00321973528084,27.59049505181097],[87.00154612780493,27.59110456629707],[86.99997756863804,27.5922489861722],[86.99939836757036,27.592973581726238],[86.99929390470926,27.59377256721385],[86.9996707634867,27.5955580236236],[86.99915585634287,27.59749015981979],[86.9989066442441,27.597776747129593],[86.99890664559004,27.597860334306883],[86.9982228397026,27.5983681795955],[86.99685724277035,27.60018748246233],[86.99576613087326,27.60255975528058],[86.99521939823059,27.604385798393103],[86.99508004829038,27.605196100420592],[86.99492284247032,27.61106026068118],[86.99448790328708,27.613014839885768],[86.9944004512425,27.614003505954333],[86.9935222713464,27.618709710640893],[86.99300397970696,27.620151953219878],[86.99219552359247,27.621833519725644],[86.99189079155119,27.622149491314357],[86.9909359497603,27.622797257395426],[86.99044903220447,27.623515037290154],[86.98943734274613,27.62689841850002],[86.98897062445221,27.627866709193274],[86.98846934367819,27.6295392686123],[86.9879604847951,27.63053237953468],[86.98671508617547,27.63405793108955],[86.98541497303648,27.637190742435546],[86.98507851729245,27.639675850555037],[86.9848924584172,27.640246895578148],[86.9844285463729,27.64078180907552],[86.98345682092167,27.641318917365172],[86.97756771776605,27.645532296731176],[86.97633821360833,27.64624314769284],[86.9764158076205,27.64638756340463],[86.97761142607666,27.6493581684537],[86.97845155705033,27.6498051624477],[86.9811020471381,27.650419493864874],[86.98190841816296,27.651024472681872],[86.98506232812626,27.65429538831648],[86.98533131451683,27.654970269614154],[86.98544059435099,27.65792488510958],[86.98534502591903,27.659604191569198],[86.98548597060764,27.660604107953162],[86.9856212153061,27.66103298174478],[86.98730338432946,27.663723622569456],[86.98804579660022,27.664459514898123],[86.98820736501611,27.66493352695081],[86.98856663685305,27.665770955313935],[86.98890565776694,27.66694016832685],[86.98863104085001,27.669617082045498],[86.98910234324447,27.673377490692793],[86.98935342745199,27.676467643723843],[86.98878511906679,27.681570898066937],[86.98824195919678,27.683907028351012],[86.98801062067469,27.687331035644018],[86.98833790620051,27.6931544886082],[86.98876541044136,27.695064042821514],[86.99001065963306,27.69724222648991],[86.9905435021305,27.69844982312372],[86.9909117844061,27.699621286840795],[86.9910514861872,27.701059081568147],[86.99165023140998,27.70242466159731],[86.9921542420807,27.70309053655273],[86.993923109629,27.704539687308383],[86.99763888644112,27.70606552097213],[86.99890855721756,27.70688936968017],[86.99890855811564,27.706902873840466],[86.99957050062724,27.707494225042563],[86.99988850502248,27.70816235417089],[87.000814557914,27.709451156452673],[87.00111603752896,27.709042595171088],[87.00152053789527,27.707692818409498],[87.0017680623281,27.70740166764276],[87.0027016414355,27.706503266322304],[87.004925820167,27.705426543959884],[87.00534990562414,27.70488938080442],[87.00641270345784,27.703020317778485],[87.00745244659629,27.70210384711141],[87.00904737526031,27.70005197277777],[87.00959194338714,27.69954181619394],[87.01041122609507,27.698386090177085],[87.011106040555,27.69810843713106],[87.01310538030077,27.696717813516766],[87.01648047518151,27.69506515652745],[87.01849629561802,27.69227281003234],[87.01959544314529,27.69175120371339],[87.02132357832248,27.691540992749637],[87.0219656826489,27.691037586366132],[87.0247770410649,27.687845423435853],[87.02475689292773,27.687012554247605],[87.02451953866867,27.686060091484805],[87.02449907884258,27.685215906118895],[87.02475996877023,27.68413020958483],[87.02575242466887,27.68211891763987],[87.02594554304389,27.68125209897992],[87.02592408245962,27.680367339909676],[87.02627931790903,27.67917998663658],[87.02685088569966,27.678166431304998],[87.02823906670555,27.67702626522992],[87.02894656461758,27.67623158470998],[87.02935125589995,27.67505554625844],[87.02933517528264,27.674405481314512],[87.02953530178644,27.673825370245574],[87.02983084007269,27.673324219655747],[87.03057441254975,27.672520473564557],[87.03181989979277,27.670470667417774],[87.03410882961226,27.668133887054616],[87.03485008589767,27.66716996924286],[87.03573521084525,27.666289448398434],[87.03591161511349,27.664266977861868],[87.03644028349774,27.662736521576058],[87.03684854672592,27.662043437406236],[87.03674986454078,27.660903604665428],[87.0355274319529,27.658434648012076],[87.03512319449274,27.657026303019837],[87.03507307769475,27.65497457762968],[87.03555617060758,27.6537127001189],[87.03576304252198,27.65270596534062],[87.03558283873755,27.652046899262306],[87.03437536460206,27.65047401770956],[87.0347177137115,27.648936811642486],[87.03519375741097,27.64851005539985],[87.03613240649089,27.647913929797717],[87.03649703359918,27.64750530484587],[87.03677550255401,27.646977020563224],[87.03711985919932,27.645825803573448],[87.03710477975265,27.64520730976066],[87.0365644832937,27.643248305084697],[87.03594369984502,27.64019904488152],[87.03615402667691,27.640162906050914],[87.03724624818861,27.640462791439347],[87.03788979913847,27.640512233949046],[87.03920696564745,27.640087528396087],[87.04032442785986,27.639326477186984],[87.04119973306234,27.638272155453983],[87.0409558192701,27.637662793448424],[87.04049213920963,27.637186597305288],[87.0403249451831,27.636769165125912],[87.04007894232471,27.63468136831415],[87.0407830560987,27.63348488306863],[87.0415482669492,27.632947402109973],[87.04277388806234,27.63185681470551],[87.0432582408359,27.631073390741108],[87.04412499812408,27.63105506071463],[87.0458210709943,27.63156462351011],[87.04751619374692,27.631358602121487],[87.04986579240283,27.630272000070853],[87.0510048347486,27.630052669585062],[87.05470739469365,27.630292687792647],[87.05539514740683,27.630226908590483],[87.05625921145904,27.629948940392648],[87.0581699759529,27.629715594164967],[87.0588021502991,27.62987100617707],[87.05931365907833,27.630308751997493],[87.06097766515546,27.631181484254345],[87.06202029054103,27.630655065310485],[87.06278629539501,27.62905439737014],[87.06451003960346,27.628064958356152],[87.06490361581147,27.62773748170046],[87.06520420757495,27.626631340409475],[87.06531178857568,27.625441740331574],[87.06523086195308,27.624218444704145],[87.06535796423125,27.623850460346766],[87.06592310179988,27.623319734403314],[87.06631042045179,27.622662723991514],[87.06754774248222,27.622104542690693],[87.06792956593158,27.621806387325574],[87.06878354901413,27.62071349185192],[87.06966074178945,27.62035193566338],[87.07087737553204,27.62020456280467],[87.07162559206574,27.620355408979535],[87.0739777274594,27.621256951978573],[87.07475026190467,27.621184294938647],[87.07643195270845,27.621582888180406],[87.07888423450304,27.621662688872487],[87.07928831903199,27.62153151975437],[87.08040840453312,27.620655121426427],[87.08127596733566,27.620198663228493],[87.08241105161815,27.618974537986347],[87.08303250277723,27.61737162161339],[87.08362927046298,27.616529303662585],[87.08494105660489,27.615907790443774],[87.08573278919273,27.616067575460793],[87.08656828301034,27.615924772218715],[87.08910387208114,27.613977477032055],[87.08941765899954,27.61306539294109],[87.08929998067231,27.612510169419632],[87.08950266608765,27.611708743446986],[87.08976994396717,27.611263921849414],[87.09002190815616,27.61106510980909],[87.09067958472565,27.61084122259161],[87.09322746223174,27.61078760800395],[87.09563890411481,27.610165140390297],[87.09815419015705,27.60916568618098],[87.09858421723386,27.60876131185796],[87.09894077158074,27.607944005059828],[87.0994531213824,27.606456123069098],[87.09965930335652,27.605410939443928],[87.10047258436404,27.604326859507346],[87.10146409343707,27.60185455782958],[87.1017520447529,27.600226951174143],[87.10245259265635,27.598899177226283],[87.1029513130227,27.597449682662173],[87.10401179630779,27.595645451179426],[87.10434864558623,27.594238971166977],[87.10427134914222,27.593254870841978],[87.1040610664907,27.59226414644806],[87.10413501734119,27.59151248730042],[87.10443898569687,27.59044685814878],[87.10601067729989,27.586265359044784],[87.10664895534143,27.58515208623686],[87.10749462836257,27.58436140474722],[87.1102354946045,27.583205776645233],[87.11108324048763,27.582977135021206],[87.1126701823304,27.58191492528193],[87.11328965115486,27.581377196241288],[87.11373179904284,27.58053944408291],[87.11375395810596,27.578514725456394],[87.11413888822185,27.57715563341698],[87.11531429556295,27.57568743648083],[87.1161661101883,27.575731874984527],[87.1167111220497,27.575584386355228]]]}},{"type":"Feature","properties":{"province":"Koshi Province","district":"Sankhuwasabha","municipality":"Silichong Rural Municipality","ward":"5","wardNumber":5,"sourceMunicipality":"Silichong","sourceType":"Gaunpalika"},"geometry":{"type":"Polygon","coordinates":[[[87.15694549839783,27.59732205112042],[87.15679105956681,27.596967136044398],[87.15661492687492,27.596700936117625],[87.1569009547979,27.595867687022537],[87.15830724422099,27.59358862359428],[87.15828578327171,27.592737687119286],[87.15865159089391,27.591897560597705],[87.15771396759114,27.590465404328047],[87.15770696003709,27.590199076070135],[87.15794815752571,27.589255296221104],[87.15920008504584,27.587369100040362],[87.16067404890079,27.58644643281716],[87.16130876857424,27.585651190372428],[87.16256534626679,27.585031239827842],[87.16314648339126,27.58421117860948],[87.16374338629399,27.583923585657946],[87.1644004980385,27.583606982825575],[87.16470366160598,27.583053628859137],[87.16503927361148,27.582394118186347],[87.16526947976529,27.582197494929634],[87.16615861606121,27.58196841414349],[87.1677723259409,27.581352522450263],[87.17200312624921,27.580717525033183],[87.17322644205107,27.580138087055623],[87.1736707867251,27.579792228634822],[87.1743690865103,27.578694334305514],[87.17584955441338,27.577785045775233],[87.17646251839304,27.577149975785037],[87.17736415131901,27.576480703773036],[87.17794783508533,27.574789324407835],[87.17845498314414,27.572624057122404],[87.17854656133447,27.571696283979193],[87.1789342512167,27.57080870488075],[87.17902983787154,27.570210403877503],[87.17823745635006,27.568807504004727],[87.17829657010486,27.566981342515962],[87.17902325102101,27.5656690095067],[87.1799963404789,27.56459780580456],[87.18177984233321,27.562927415434142],[87.18227883589918,27.562716845879596],[87.1845556739212,27.562614470258215],[87.18699182819815,27.56291814803995],[87.18784563937766,27.562702510085998],[87.18795585406347,27.561993613074666],[87.18784337157183,27.56176804906904],[87.18652717322138,27.560415608693766],[87.18573704276967,27.559014959953778],[87.18303523358105,27.5556327585159],[87.18223304922364,27.55489580356036],[87.1805166598876,27.554568545430428],[87.17689319185689,27.554252756364868],[87.17559770568543,27.553850407452114],[87.17341331596877,27.55267496961712],[87.17193450058252,27.55162274573078],[87.16984844988414,27.549896332167616],[87.16700301772988,27.546130394801395],[87.1666655054332,27.545449137653126],[87.16634686646218,27.544289302202273],[87.16652225069419,27.54123290331361],[87.16710055745901,27.539557403760217],[87.16721844444197,27.537814703463496],[87.1685414736147,27.53326259986466],[87.16914579624516,27.531918821413512],[87.16951008064673,27.529868840676144],[87.16987126885458,27.529446335847716],[87.17179178532702,27.52923399611053],[87.17352016131072,27.528604348130003],[87.17456428565265,27.528004844742075],[87.17575677935022,27.527560947700913],[87.17657044657453,27.52711517970223],[87.17977623909711,27.526318711497762],[87.18128753618115,27.52574120770503],[87.18242287916202,27.52503091986402],[87.18394787010006,27.52454131632542],[87.18499912069117,27.523883045665634],[87.18595284494866,27.52379150483934],[87.18756279946957,27.523001562073077],[87.18952926656894,27.52254064835845],[87.1905409535857,27.522620469332697],[87.19258263815506,27.522299345120818],[87.19327239279909,27.5223435352268],[87.1934670279401,27.522361287293293],[87.19384484306985,27.521767170353364],[87.19485283052637,27.521230810868264],[87.19468782775746,27.521007559730535],[87.19441495332991,27.51972587574004],[87.19444468727998,27.51829926934108],[87.19476679233857,27.517529101893746],[87.19599958775173,27.515696796236213],[87.19608122315942,27.51462448030206],[87.19590484846104,27.511396974213497],[87.19616542251056,27.510222876327834],[87.19621686461083,27.509457651060476],[87.19598838299606,27.50822773167191],[87.19598775774612,27.508227731626462],[87.1960802230479,27.507925203699337],[87.1956235876963,27.50631873941983],[87.19536165727216,27.505152151891792],[87.19531801256038,27.504960345765543],[87.19512261683683,27.50434885703924],[87.19486388768247,27.503888850729467],[87.19434774934085,27.503336571843434],[87.19426190405238,27.50327799386809],[87.19346590572826,27.502324350224555],[87.19286448717746,27.501828588656966],[87.19209068798807,27.50104643334806],[87.19181095295608,27.500701461573886],[87.19178931829647,27.50062475160671],[87.19166026800579,27.50047145871347],[87.19144480662706,27.50010835531138],[87.19107885085994,27.499650664578066],[87.19077698010781,27.499116137467958],[87.19060478686893,27.498886196874466],[87.19032555432585,27.498638253481886],[87.19015336214325,27.498428569941275],[87.18987425599126,27.49821901192933],[87.18944590753064,27.498086417253134],[87.18841620514566,27.497516765126026],[87.18730209949256,27.497136857478115],[87.18704500329862,27.497042396666707],[87.18691614192153,27.49698388114151],[87.18659527356584,27.496986573961852],[87.18621013095405,27.496930688388034],[87.18569663010888,27.496951702282182],[87.18531104867125,27.49687549786538],[87.18498974014318,27.496763032302],[87.18434762759892,27.496669139318733],[87.18338470989485,27.4966726546527],[87.1826141741309,27.496617274743013],[87.18120077280466,27.49627832098369],[87.18010892955581,27.496128542430515],[87.1795948624073,27.495996011687986],[87.17927361805599,27.49596031813527],[87.17863106667959,27.495807595533833],[87.17843862032146,27.49578984341629],[87.17779669274742,27.49561917740412],[87.17670622006894,27.495164622437983],[87.17612912913418,27.494993893801624],[87.17568027404634,27.4948996224265],[87.17542355299759,27.494802848255656],[87.17465439157077,27.494652627524562],[87.17414176467292,27.49461487362822],[87.17356473675493,27.494482468916555],[87.17285909735075,27.494237344339336],[87.1726665236161,27.494122438517717],[87.17249545829422,27.49398946520152],[87.1717253558894,27.493627056816397],[87.17108367394806,27.493226136748646],[87.1706346926334,27.493016769364964],[87.17012156330496,27.49286610726724],[87.16980100650483,27.49282816339575],[87.16909567902484,27.492580664110932],[87.16723604766624,27.492108990115202],[87.16633814721361,27.491708323470096],[87.1656322548027,27.491307403270206],[87.16531100582777,27.491039204425107],[87.16460360155199,27.490026543329222],[87.16449643547757,27.48992964124613],[87.16424040613653,27.490065372539416],[87.16398468901043,27.490198852808025],[87.16366432341874,27.49031432861047],[87.1633447724866,27.49054496309582],[87.16293981837408,27.490985598300338],[87.16272712153538,27.49135152108176],[87.16259976799998,27.491638357689194],[87.16249404868343,27.492040227078295],[87.16241015458255,27.492674601417363],[87.16222003723242,27.493537107149272],[87.16185935785018,27.49439974079524],[87.1615402498655,27.494917021427437],[87.16147660399628,27.495088635081906],[87.16107234361237,27.495838486341995],[87.16081731971052,27.496240608104827],[87.1604353225298,27.497274853812822],[87.15996798355827,27.498367868568558],[87.15986308357493,27.499115152071134],[87.15986534953886,27.499977341926613],[87.16008125980842,27.5009544379004],[87.16010364939062,27.50129978918382],[87.16018993792335,27.501645013768233],[87.16019050475195,27.50187526938002],[87.1602768549048,27.50222049424876],[87.16027830362442,27.502793849764547],[87.1602369223677,27.50325436021308],[87.16013126617428,27.503714871543675],[87.16013152005087,27.50388648439352],[87.15998372682006,27.5045186717204],[87.15989851054069,27.504654213352683],[87.15977103047055,27.50492298162418],[87.15945261582509,27.505726909470766],[87.15938922321601,27.506072323917493],[87.15943331175583,27.506589162016393],[87.15939274959092,27.507395024414805],[87.1594145102639,27.507566449356805],[87.15952580451484,27.507710864350237],[87.15971418699903,27.507791885316145],[87.16030290571463,27.507874713627952],[87.16166628924782,27.508189160932133],[87.16173025026538,27.50819584983712],[87.16182584842997,27.508211540243273],[87.1618505454827,27.508222855733276],[87.16185217171405,27.50822954553745],[87.16128297029742,27.508735827495602],[87.15973840566667,27.50900399100756],[87.15948650445534,27.509182609381703],[87.15932657615274,27.509523649038254],[87.15981577660587,27.51059520624745],[87.15974619643596,27.511030959924728],[87.15930817980575,27.51211259558547],[87.15949683917967,27.513631475795655],[87.16032911077616,27.51510220800872],[87.16030703776222,27.5183819199425],[87.15834674974283,27.52163452635625],[87.15812486738753,27.522278093572154],[87.1583444663562,27.52330257835608],[87.15800285208746,27.523894381536333],[87.15761833975624,27.52413633346023],[87.15617012260495,27.524384051714364],[87.15437640010317,27.52451024034518],[87.1531581460806,27.524899809415412],[87.15115911646112,27.526014853058737],[87.15054457723171,27.52602905376221],[87.14942030959484,27.527197287774232],[87.14839225015459,27.52763180545693],[87.14708960485744,27.528852056437724],[87.14655878830014,27.529076067839604],[87.14592882550141,27.530146702917772],[87.14552661980164,27.530460863709934],[87.14452175474197,27.530721516840003],[87.1429758294871,27.53184943263748],[87.14026810842901,27.53338035837743],[87.13772887648206,27.534301665016756],[87.13726390213273,27.534823512376658],[87.1362176670844,27.53622856483067],[87.13719360811737,27.537274919941446],[87.13740820608628,27.53827683581854],[87.13711061733356,27.539455435428113],[87.13726875420556,27.540351320866357],[87.137673356587,27.541163553345417],[87.13741965866072,27.542310455856562],[87.13759629441006,27.542784279313366],[87.13849183154623,27.54380131421411],[87.13833634426747,27.544252949499768],[87.13765548250944,27.54501880847398],[87.13751993276853,27.545021186784926],[87.13685607930643,27.545958658641055],[87.13680795014999,27.546678620267535],[87.13730171685663,27.54790384687945],[87.13763798946103,27.54919234535388],[87.13918271860985,27.551080063785],[87.13974556075449,27.551557883516303],[87.14109919687338,27.552226934594596],[87.14131884392917,27.55243211672459],[87.14152630649077,27.553000718037467],[87.14169903698885,27.555323146310652],[87.14149930368013,27.55682208870369],[87.14092898749401,27.557903914323852],[87.14094431636035,27.558477206778726],[87.14030384434658,27.559227248688554],[87.1401392295057,27.5597059542867],[87.14040152930654,27.560556637443128],[87.13984215836284,27.561839271425647],[87.13920912397795,27.56244933473371],[87.1387525221011,27.562664216132397],[87.13789320810655,27.562854722290414],[87.1372274690469,27.56320302196861],[87.13657830835017,27.564117798859673],[87.13543114664225,27.56477807152231],[87.13488046125732,27.565713041567896],[87.13461444349474,27.566695208520706],[87.13380708734738,27.566955546072762],[87.13327527151809,27.567233760296578],[87.13290732263054,27.56724083094251],[87.13175057662578,27.566883054887715],[87.13111178139306,27.56701010180674],[87.13085931555462,27.56716833857814],[87.13007179250229,27.568139697596017],[87.12937787955855,27.569801632373697],[87.12966139005877,27.571501001361625],[87.12886255265273,27.572596396979414],[87.12880459755573,27.572829028185197],[87.12893641404861,27.573770114664175],[87.12826224538054,27.57473009358868],[87.12770597794533,27.57479712147746],[87.12823087379815,27.575587533185136],[87.12824487942655,27.575594597246614],[87.12847778078807,27.575732072004648],[87.12869805195129,27.575867295525825],[87.12893126571203,27.5760385926636],[87.12913928516522,27.576302479424545],[87.12927002444492,27.576530357285773],[87.12942677488478,27.576794244921015],[87.12973877157647,27.577137153504264],[87.13003738657454,27.577412167003786],[87.13029667399337,27.577639855324346],[87.13053032698606,27.57785635225911],[87.13073828307255,27.578084103392328],[87.13089471971745,27.578314106302333],[87.13110305078135,27.578575804820524],[87.13132332313965,27.578747164923193],[87.13155691268898,27.57892977783787],[87.13181626284702,27.579171031599593],[87.13202497045552,27.57948005716682],[87.13231064333957,27.579752882878015],[87.13257061969574,27.580050591683058],[87.13298590519051,27.58041581753089],[87.13333691611308,27.580792422910655],[87.1335059201058,27.58098641458085],[87.13370068254,27.581191659230754],[87.13388294164966,27.581399092290507],[87.13406463676506,27.581593021809876],[87.13435062305639,27.581913236698785],[87.13452006456552,27.582118482291445],[87.13461216519524,27.58235992613837],[87.1346538132465,27.582739099496695],[87.13477192475078,27.58302561880404],[87.13499369929778,27.583357213122845],[87.13513713202254,27.583573712140044],[87.1353198914404,27.583860231163445],[87.13542493520158,27.584088109094544],[87.13554279585304,27.58434074351709],[87.13577757670826,27.584708472896807],[87.13598634664844,27.585017497714066],[87.13611671102677,27.585222744318543],[87.13631216235711,27.58548663073705],[87.13653312382894,27.585714382065262],[87.1367667762481,27.58591956336273],[87.13712972789637,27.586203578990666],[87.13749267938339,27.586456023205177],[87.13790652326027,27.58665876408733],[87.13834631464618,27.58689757792522],[87.13859222023503,27.587012420356725],[87.13886375986554,27.5871363279125],[87.13921301741046,27.587318750586252],[87.13945923600814,27.587465227644806],[87.1398990904251,27.587715357676917],[87.1403263149559,27.58795417147287],[87.14054658661529,27.588091583686996],[87.14096080666317,27.58836428180799],[87.1411811407113,27.588513009955513],[87.14140141186486,27.588659549778548],[87.14171265642815,27.58888717438576],[87.14194562060598,27.589047218446023],[87.14217889636241,27.589195883329552],[87.142399230931,27.589342422657722],[87.14261950247123,27.589502404081852],[87.14283983717961,27.58966244772933],[87.14307280031703,27.58981117576393],[87.14329307172285,27.589957652699677],[87.14351334322637,27.59010638084564],[87.14373367817049,27.590266486948853],[87.14394132033175,27.590426468292225],[87.14422630375796,27.59064284055645],[87.14443363305737,27.59078937990677],[87.14482253165244,27.59107558358169],[87.14521149324077,27.591359598855227],[87.14543182732403,27.591497010960047],[87.14557982147183,27.591587159733674],[87.1456517854982,27.591632234638016],[87.14587205765925,27.591769709619665],[87.14610502140621,27.59191837424544],[87.14632529294727,27.592064852128406],[87.14661027593408,27.592236148183357],[87.14732279720039,27.59270258676042],[87.14753012721798,27.592851314795617],[87.14780210598566,27.593045117199452],[87.14800974732073,27.593191657933],[87.14824271162165,27.593340385317497],[87.14845041582201,27.59351162015982],[87.14864474137522,27.59367172649573],[87.14900806824728,27.59396699553422],[87.14935845316974,27.59428714647104],[87.14976117144971,27.594652372998542],[87.15007260433242,27.594938702209948],[87.15034489590097,27.595130254716178],[87.15073348122344,27.59538263513675],[87.15112175346128,27.595596629865863],[87.15135471677092,27.595734042056858],[87.15165264252913,27.595905274970438],[87.15202797285386,27.59613277396836],[87.15227425465716,27.59629050399195],[87.15258487150355,27.596450421751083],[87.15294707125544,27.596619340729575],[87.15334797263749,27.596790384765708],[87.15359356447951,27.596891723679555],[87.15389073898112,27.59700425218198],[87.15420098070574,27.597130284405214],[87.15447220783346,27.5971976757873],[87.15471779995094,27.597287697815187],[87.15509225223985,27.597377531821376],[87.1553631031359,27.597431418634834],[87.15567290632444,27.597476176602825],[87.15596907742245,27.597473609213072],[87.1563167053683,27.597437093251916],[87.15665139038964,27.597389324645953],[87.15693443167235,27.59733036596495],[87.15694549839783,27.59732205112042]]]}},{"type":"Feature","properties":{"province":"Koshi Province","district":"Sankhuwasabha","municipality":"Silichong Rural Municipality","ward":"99","wardNumber":99,"sourceMunicipality":"Silichong","sourceType":"Gaunpalika"},"geometry":{"type":"Polygon","coordinates":[[[87.15694549839783,27.59732205112042],[87.15693443167235,27.59733036596495],[87.15665139038964,27.597389324645953],[87.1563167053683,27.597437093251916],[87.15596907742245,27.597473609213072],[87.15567290632444,27.597476176602825],[87.1553631031359,27.597431418634834],[87.15509225223985,27.597377531821376],[87.15471779995094,27.597287697815187],[87.15447220783346,27.5971976757873],[87.15420098070574,27.597130284405214],[87.15389073898112,27.59700425218198],[87.15359356447951,27.596891723679555],[87.15334797263749,27.596790384765708],[87.15294707125544,27.596619340729575],[87.15258487150355,27.596450421751083],[87.15227425465716,27.59629050399195],[87.15202797285386,27.59613277396836],[87.15165264252913,27.595905274970438],[87.15135471677092,27.595734042056858],[87.15112175346128,27.595596629865863],[87.15073348122344,27.59538263513675],[87.15034489590097,27.595130254716178],[87.15007260433242,27.594938702209948],[87.14976117144971,27.594652372998542],[87.14935845316974,27.59428714647104],[87.14900806824728,27.59396699553422],[87.14864474137522,27.59367172649573],[87.14845041582201,27.59351162015982],[87.14824271162165,27.593340385317497],[87.14800974732073,27.593191657933],[87.14780210598566,27.593045117199452],[87.14753012721798,27.592851314795617],[87.14732279720039,27.59270258676042],[87.14661027593408,27.592236148183357],[87.14632529294727,27.592064852128406],[87.14610502140621,27.59191837424544],[87.14587205765925,27.591769709619665],[87.1456517854982,27.591632234638016],[87.14557982147183,27.591587159733674],[87.14543182732403,27.591497010960047],[87.14521149324077,27.591359598855227],[87.14482253165244,27.59107558358169],[87.14443363305737,27.59078937990677],[87.14422630375796,27.59064284055645],[87.14394132033175,27.590426468292225],[87.14373367817049,27.590266486948853],[87.14351334322637,27.59010638084564],[87.14329307172285,27.589957652699677],[87.14307280031703,27.58981117576393],[87.14283983717961,27.58966244772933],[87.14261950247123,27.589502404081852],[87.142399230931,27.589342422657722],[87.14217889636241,27.589195883329552],[87.14194562060598,27.589047218446023],[87.14171265642815,27.58888717438576],[87.14140141186486,27.588659549778548],[87.1411811407113,27.588513009955513],[87.14096080666317,27.58836428180799],[87.14054658661529,27.588091583686996],[87.1403263149559,27.58795417147287],[87.1398990904251,27.587715357676917],[87.13945923600814,27.587465227644806],[87.13921301741046,27.587318750586252],[87.13886375986554,27.5871363279125],[87.13859222023503,27.587012420356725],[87.13834631464618,27.58689757792522],[87.13790652326027,27.58665876408733],[87.13749267938339,27.586456023205177],[87.13712972789637,27.586203578990666],[87.1367667762481,27.58591956336273],[87.13653312382894,27.585714382065262],[87.13631216235711,27.58548663073705],[87.13611671102677,27.585222744318543],[87.13598634664844,27.585017497714066],[87.13577757670826,27.584708472896807],[87.13554279585304,27.58434074351709],[87.13542493520158,27.584088109094544],[87.1353198914404,27.583860231163445],[87.13513713202254,27.583573712140044],[87.13499369929778,27.583357213122845],[87.13477192475078,27.58302561880404],[87.1346538132465,27.582739099496695],[87.13461216519524,27.58235992613837],[87.13452006456552,27.582118482291445],[87.13435062305639,27.581913236698785],[87.13406463676506,27.581593021809876],[87.13388294164966,27.581399092290507],[87.13370068254,27.581191659230754],[87.1335059201058,27.58098641458085],[87.13333691611308,27.580792422910655],[87.13298590519051,27.58041581753089],[87.13257061969574,27.580050591683058],[87.13231064333957,27.579752882878015],[87.13202497045552,27.57948005716682],[87.13181626284702,27.579171031599593],[87.13155691268898,27.57892977783787],[87.13132332313965,27.578747164923193],[87.13110305078135,27.578575804820524],[87.13089471971745,27.578314106302333],[87.13073828307255,27.578084103392328],[87.13053032698606,27.57785635225911],[87.13029667399337,27.577639855324346],[87.13003738657454,27.577412167003786],[87.12973877157647,27.577137153504264],[87.12942677488478,27.576794244921015],[87.12927002444492,27.576530357285773],[87.12913928516522,27.576302479424545],[87.12893126571203,27.5760385926636],[87.12869805195129,27.575867295525825],[87.12847778078807,27.575732072004648],[87.12824487942655,27.575594597246614],[87.12823087379815,27.575587533185136],[87.12770597794533,27.57479712147746],[87.12762050920418,27.574807437773345],[87.1260874403388,27.574637285769583],[87.12524763441147,27.574823101805233],[87.12363397514639,27.574788614970377],[87.12327315703737,27.574903967030146],[87.12216107019995,27.575553798188025],[87.12167139445177,27.575839889706383],[87.1210295327022,27.575854027574458],[87.12055191555412,27.575653538206442],[87.12038010051947,27.575581457107063],[87.11964532674668,27.575433111468797],[87.11773080575323,27.575308415644464],[87.1167111220497,27.575584386355228],[87.1161661101883,27.575731874984527],[87.11531429556295,27.57568743648083],[87.11413888822185,27.57715563341698],[87.11375395810596,27.578514725456394],[87.11373179904284,27.58053944408291],[87.11328965115486,27.581377196241288],[87.1126701823304,27.58191492528193],[87.11108324048763,27.582977135021206],[87.1102354946045,27.583205776645233],[87.10749462836257,27.58436140474722],[87.10664895534143,27.58515208623686],[87.10601067729989,27.586265359044784],[87.10443898569687,27.59044685814878],[87.10413501734119,27.59151248730042],[87.1040610664907,27.59226414644806],[87.10427134914222,27.593254870841978],[87.10434864558623,27.594238971166977],[87.10401179630779,27.595645451179426],[87.1029513130227,27.597449682662173],[87.10245259265635,27.598899177226283],[87.1017520447529,27.600226951174143],[87.10146409343707,27.60185455782958],[87.10047258436404,27.604326859507346],[87.09965930335652,27.605410939443928],[87.0994531213824,27.606456123069098],[87.09894077158074,27.607944005059828],[87.09858421723386,27.60876131185796],[87.09815419015705,27.60916568618098],[87.09563890411481,27.610165140390297],[87.09322746223174,27.61078760800395],[87.09067958472565,27.61084122259161],[87.09002190815616,27.61106510980909],[87.08976994396717,27.611263921849414],[87.08950266608765,27.611708743446986],[87.08929998067231,27.612510169419632],[87.08941765899954,27.61306539294109],[87.08910387208114,27.613977477032055],[87.08656828301034,27.615924772218715],[87.08573278919273,27.616067575460793],[87.08494105660489,27.615907790443774],[87.08362927046298,27.616529303662585],[87.08303250277723,27.61737162161339],[87.08241105161815,27.618974537986347],[87.08127596733566,27.620198663228493],[87.08040840453312,27.620655121426427],[87.07928831903199,27.62153151975437],[87.07888423450304,27.621662688872487],[87.07643195270845,27.621582888180406],[87.07475026190467,27.621184294938647],[87.0739777274594,27.621256951978573],[87.07162559206574,27.620355408979535],[87.07087737553204,27.62020456280467],[87.06966074178945,27.62035193566338],[87.06878354901413,27.62071349185192],[87.06792956593158,27.621806387325574],[87.06754774248222,27.622104542690693],[87.06631042045179,27.622662723991514],[87.06592310179988,27.623319734403314],[87.06535796423125,27.623850460346766],[87.06523086195308,27.624218444704145],[87.06531178857568,27.625441740331574],[87.06520420757495,27.626631340409475],[87.06490361581147,27.62773748170046],[87.06451003960346,27.628064958356152],[87.06278629539501,27.62905439737014],[87.06202029054103,27.630655065310485],[87.06097766515546,27.631181484254345],[87.05931365907833,27.630308751997493],[87.0588021502991,27.62987100617707],[87.0581699759529,27.629715594164967],[87.05625921145904,27.629948940392648],[87.05539514740683,27.630226908590483],[87.05470739469365,27.630292687792647],[87.0510048347486,27.630052669585062],[87.04986579240283,27.630272000070853],[87.04751619374692,27.631358602121487],[87.0458210709943,27.63156462351011],[87.04412499812408,27.63105506071463],[87.0432582408359,27.631073390741108],[87.04277388806234,27.63185681470551],[87.0415482669492,27.632947402109973],[87.0407830560987,27.63348488306863],[87.04007894232471,27.63468136831415],[87.0403249451831,27.636769165125912],[87.04049213920963,27.637186597305288],[87.0409558192701,27.637662793448424],[87.04119973306234,27.638272155453983],[87.04032442785986,27.639326477186984],[87.03920696564745,27.640087528396087],[87.03788979913847,27.640512233949046],[87.03724624818861,27.640462791439347],[87.03615402667691,27.640162906050914],[87.03594369984502,27.64019904488152],[87.0365644832937,27.643248305084697],[87.03710477975265,27.64520730976066],[87.03711985919932,27.645825803573448],[87.03677550255401,27.646977020563224],[87.03649703359918,27.64750530484587],[87.03613240649089,27.647913929797717],[87.03519375741097,27.64851005539985],[87.0347177137115,27.648936811642486],[87.03437536460206,27.65047401770956],[87.03558283873755,27.652046899262306],[87.03576304252198,27.65270596534062],[87.03555617060758,27.6537127001189],[87.03507307769475,27.65497457762968],[87.03512319449274,27.657026303019837],[87.0355274319529,27.658434648012076],[87.03674986454078,27.660903604665428],[87.03684854672592,27.662043437406236],[87.03644028349774,27.662736521576058],[87.03591161511349,27.664266977861868],[87.03573521084525,27.666289448398434],[87.03485008589767,27.66716996924286],[87.03410882961226,27.668133887054616],[87.03181989979277,27.670470667417774],[87.03057441254975,27.672520473564557],[87.02983084007269,27.673324219655747],[87.02953530178644,27.673825370245574],[87.02933517528264,27.674405481314512],[87.02935125589995,27.67505554625844],[87.02894656461758,27.67623158470998],[87.02823906670555,27.67702626522992],[87.02685088569966,27.678166431304998],[87.02627931790903,27.67917998663658],[87.02592408245962,27.680367339909676],[87.02594554304389,27.68125209897992],[87.02575242466887,27.68211891763987],[87.02475996877023,27.68413020958483],[87.02449907884258,27.685215906118895],[87.02451953866867,27.686060091484805],[87.02475689292773,27.687012554247605],[87.0247770410649,27.687845423435853],[87.0219656826489,27.691037586366132],[87.02132357832248,27.691540992749637],[87.01959544314529,27.69175120371339],[87.01849629561802,27.69227281003234],[87.01648047518151,27.69506515652745],[87.01310538030077,27.696717813516766],[87.011106040555,27.69810843713106],[87.01041122609507,27.698386090177085],[87.00959194338714,27.69954181619394],[87.00904737526031,27.70005197277777],[87.00745244659629,27.70210384711141],[87.00641270345784,27.703020317778485],[87.00534990562414,27.70488938080442],[87.004925820167,27.705426543959884],[87.0027016414355,27.706503266322304],[87.0017680623281,27.70740166764276],[87.00152053789527,27.707692818409498],[87.00111603752896,27.709042595171088],[87.000814557914,27.709451156452673],[87.0006839646211,27.710437510248738],[87.00071506088086,27.711739891555716],[87.00125223805505,27.71403086871087],[87.00176432749085,27.715484412527832],[87.00242889960205,27.71624275051063],[87.00483287809114,27.71774140638233],[87.00569814914654,27.7184816743102],[87.00650071482382,27.71954022328419],[87.00733411526254,27.721226206281326],[87.00800678072525,27.72359839282588],[87.00847015614202,27.724510215852018],[87.00885175680577,27.72576064016761],[87.0088720912279,27.72660482453913],[87.00840152204007,27.72897483867957],[87.0085212181629,27.73052322853526],[87.00962825283673,27.73401711247836],[87.00988222180084,27.73403286337452],[87.01095686339521,27.733687434412527],[87.01135832500111,27.733737069074017],[87.01222114879464,27.733974001610274],[87.0146583901479,27.735485972691798],[87.01565344992062,27.735700271477743],[87.01703678665707,27.736383953222948],[87.01811174937028,27.73651922709089],[87.019162770688,27.736932083491336],[87.02023554159285,27.736909374707952],[87.0224395984994,27.736403382385383],[87.0291533543739,27.734050098726414],[87.03209712103347,27.733487329549597],[87.03463017271595,27.7328772400921],[87.03587156913476,27.732804701323555],[87.03879526204491,27.732027369331412],[87.04085931497161,27.73073114739244],[87.04222361353867,27.72966537829756],[87.04353194825812,27.72827901580586],[87.04485698409273,27.727330593630064],[87.04733041021316,27.724415766772626],[87.04784978761704,27.724327545646833],[87.0491503947259,27.72436322518703],[87.04951608336636,27.72384844461017],[87.0514537808991,27.722771038252656],[87.05260493972392,27.721818055586777],[87.05408714385945,27.72001638115406],[87.05465603415944,27.719571430408863],[87.0559128640648,27.719013373546943],[87.05715392042931,27.717457649384222],[87.05922322541156,27.71619731335565],[87.06020138033658,27.71512698534405],[87.06113986939552,27.712557906230167],[87.06133792109632,27.71132547969734],[87.06252464401246,27.70976519317473],[87.06288888531542,27.708708690091292],[87.06386141039383,27.707491631951036],[87.0641048652616,27.70693396532718],[87.06405868954099,27.70505160155771],[87.06473403915801,27.70365186906566],[87.06572290755427,27.700322128671626],[87.06630466884486,27.69938059435155],[87.06713989547401,27.69829226316737],[87.06793393031714,27.697795293306587],[87.06875166600474,27.697591722536036],[87.07016836220295,27.69672876167884],[87.07261403110928,27.694030185143564],[87.07360543350552,27.692524104238476],[87.07417543473622,27.691304926337757],[87.07523573892809,27.68990718918683],[87.07658866549403,27.68926541866955],[87.0770507722725,27.689186139562374],[87.0787036226682,27.68858025060066],[87.07968209343736,27.687703916949285],[87.0816516803953,27.686811126954474],[87.08271344710126,27.6867247116385],[87.0831826786036,27.686501014720537],[87.08429845421624,27.685800605670543],[87.08524884241706,27.68438023818231],[87.08681897062657,27.683557661379925],[87.08807954192345,27.682450819011187],[87.08878297105794,27.68145720489583],[87.08905818700806,27.680867903630542],[87.0889975926794,27.68036013013349],[87.08907261207801,27.679890554079222],[87.0907210642275,27.678058930857052],[87.0921543896373,27.67715958429475],[87.09356750929554,27.675601232358705],[87.09627481786725,27.671859220670537],[87.09668893723783,27.669994543291388],[87.09775287322873,27.668935154604704],[87.09954132159999,27.66406070008452],[87.10026781796418,27.662843582778503],[87.10077110576113,27.661567888808328],[87.1012523376047,27.66111612489068],[87.10154368040558,27.660269497575563],[87.10225529789264,27.659171977385093],[87.10198874200762,27.658034585600326],[87.10182177741949,27.656504326945267],[87.10200532791734,27.655574301134397],[87.10270531335519,27.654246526861794],[87.10293118445966,27.652914633008262],[87.10475669930408,27.651005984393908],[87.10500365651133,27.650475325799462],[87.10522027985023,27.6494368928607],[87.10535186346755,27.647888374905506],[87.10572323362098,27.64693784065956],[87.10588163804914,27.64533518121505],[87.10629789870157,27.644337132109374],[87.10703709787602,27.64370231065453],[87.10859551822493,27.642021732756888],[87.10869616123317,27.641003682680314],[87.109542696101,27.639472659121978],[87.1106802145907,27.637975266612543],[87.11151219906208,27.637389957291457],[87.11233229440181,27.636296875143245],[87.11288455207905,27.63577952845746],[87.11371903690299,27.635169399525548],[87.11448856488221,27.63486173605944],[87.1152632802184,27.634375832534698],[87.11611269804676,27.63323523571381],[87.11747523683668,27.631717208611523],[87.11869048243102,27.63088325849583],[87.11912768098107,27.629442829779062],[87.11987537518517,27.62838582222474],[87.12130138329698,27.62734399549557],[87.12163631061844,27.626871977909822],[87.12182291696192,27.625476878697402],[87.1223925494902,27.62467282188935],[87.12367394584959,27.62386813040011],[87.12531915642255,27.62266581605975],[87.12576542594914,27.62153910480744],[87.12705237962089,27.620332544326917],[87.12791661412436,27.61911279939474],[87.12897360889791,27.617987829373067],[87.12933678953863,27.61709137330439],[87.12982127259068,27.61663723297091],[87.13013268687688,27.61592139368758],[87.1305905320231,27.615275447556098],[87.13102431383611,27.61509220074153],[87.13449126897588,27.61442295385089],[87.13632050685777,27.614382665187097],[87.1377577900927,27.614505430970002],[87.13910821911998,27.614127112572305],[87.13984042087041,27.613758431081465],[87.14154108985325,27.612601005303187],[87.1426265801186,27.61068130125824],[87.14302859573141,27.610227224473988],[87.14451888868736,27.60980351660385],[87.14637873605744,27.608332120782702],[87.14799325883322,27.607729982970444],[87.14942789426767,27.60671722765156],[87.15243417237743,27.605639492701403],[87.15350130200554,27.60484830772224],[87.15349391842149,27.604550345449848],[87.15420027674276,27.60303501614826],[87.1557597645519,27.601656339007587],[87.15762968675492,27.600654267823547],[87.1581441157698,27.600032953348556],[87.15823287934413,27.599032971454555],[87.15715908591196,27.59781306699826],[87.15694549839783,27.59732205112042]]]}},{"type":"Feature","properties":{"province":"Koshi Province","district":"Sankhuwasabha","municipality":"Silichong Rural Municipality","ward":"4","wardNumber":4,"sourceMunicipality":"Silichong","sourceType":"Gaunpalika"},"geometry":{"type":"Polygon","coordinates":[[[87.16449643547757,27.48992964124613],[87.16445354224935,27.489776222187963],[87.16430329510145,27.489566475367205],[87.16391726628069,27.488952988232292],[87.16376745850216,27.48881995191162],[87.16327457889611,27.48824497771151],[87.16301766773252,27.488015039321624],[87.16271836668008,27.48782580014353],[87.16171229326557,27.487003136162254],[87.16156248576074,27.486906235486494],[87.16139104531341,27.48677326079739],[87.16100589746301,27.486428352885866],[87.16040610216598,27.485817369902964],[87.15997818867285,27.485510911998247],[87.15978567860354,27.48539600570882],[87.15875941881445,27.48505185736572],[87.15824616120481,27.48474546251054],[87.15786101423002,27.48445925880551],[87.15721914612516,27.484076281259494],[87.1570266986382,27.484020079866408],[87.15683412546441,27.48386678765933],[87.15619256868476,27.483483809560052],[87.15557164205688,27.48289089509731],[87.1554644745339,27.482737538762617],[87.15529246650098,27.482356242753742],[87.15514246979328,27.482126176986213],[87.15473367327351,27.480975471103058],[87.15462644252351,27.48076566086794],[87.15454046980432,27.48059423630064],[87.15432594527901,27.480133979472395],[87.15415444037907,27.47990397732266],[87.15402582817782,27.479789008334752],[87.15351276006939,27.479597709226155],[87.1532564781802,27.479579957587188],[87.15300006914815,27.479485434268728],[87.15274347408548,27.479447363794833],[87.15255096348601,27.47935046371255],[87.15171570603911,27.478647206974085],[87.15133037106433,27.478399327486578],[87.15113779775122,27.478227905009792],[87.15070862956,27.47767537383385],[87.15060139769908,27.477447558562268],[87.15057938670279,27.477294139213512],[87.15025637663832,27.47637806241068],[87.15012763763954,27.476186320611625],[87.14993475145432,27.476014960898755],[87.14922873443359,27.475636547791638],[87.14800996571248,27.475276709916475],[87.1474961464421,27.474972565340853],[87.14723942449581,27.47485997395188],[87.14691830149742,27.474612030494814],[87.14674692264742,27.474458738598948],[87.14646843982041,27.474136272951633],[87.14603920652073,27.473468583011655],[87.14599530753075,27.473010449956163],[87.14635472817994,27.47170762531439],[87.14641843625985,27.47155407879437],[87.14663125888777,27.47124911198172],[87.14680031092709,27.47063499166637],[87.14699200188264,27.470424864379666],[87.14722689848179,27.470289196264694],[87.14741865320413,27.47009713774238],[87.14750399672569,27.470078943534237],[87.14782342160979,27.4697716608942],[87.14807944993247,27.46959754393253],[87.14859157247513,27.469366781275582],[87.14910331823934,27.469079564360804],[87.14925280893794,27.468964278138785],[87.14967965093012,27.468807976219978],[87.15051107089185,27.46817509135797],[87.1509162784881,27.46796252291532],[87.1513002898491,27.467693438821765],[87.15149097666793,27.467214733118592],[87.15151122541567,27.46675647386239],[87.15174455175433,27.466218999932234],[87.15185052390821,27.465988680798986],[87.15176461500405,27.465875899471023],[87.15167864347227,27.46572254254914],[87.151591792021,27.465338869216364],[87.15161116300368,27.464727189543193],[87.15154588367562,27.464420287597328],[87.15143783648004,27.464038927501424],[87.15128727675437,27.463808862473535],[87.15122243665455,27.463578670460635],[87.15100728574633,27.463120727492218],[87.15087823467522,27.462890599328997],[87.15064214210291,27.462586138415304],[87.15034120854854,27.46205154845138],[87.14993336118253,27.461535090440055],[87.14963393493346,27.461325471062672],[87.14939790608868,27.4610774635769],[87.14903426926219,27.460926612399277],[87.14882031367694,27.46085009329775],[87.14843554464133,27.46073769078001],[87.14715300757692,27.460608108888017],[87.14689672517673,27.46055197124468],[87.14670446678595,27.46057022964533],[87.14606323001165,27.460534790911975],[87.14529469830704,27.460614637648618],[87.14420492074593,27.460561638214738],[87.14394826240628,27.46048518202415],[87.14362732904041,27.460334267100986],[87.143178348615,27.460201547131174],[87.14304973582335,27.46008657826974],[87.14279207146133,27.459705407372628],[87.14259887237081,27.459495661208635],[87.14257673490503,27.459265469396225],[87.1424903226298,27.45895856796667],[87.14248925328225,27.458653853256013],[87.14240240207214,27.458270179713764],[87.14244240210623,27.457428182097203],[87.14229014280956,27.45658643773872],[87.1419668217976,27.455821593380875],[87.14188097514167,27.455668174675942],[87.14177343169361,27.45545836434818],[87.14158255638984,27.455860360253418],[87.14119935911529,27.45622641069149],[87.14075352250157,27.4570507834726],[87.14037038864504,27.45747328832091],[87.1399028550466,27.458202821582507],[87.13981851718763,27.458509912610648],[87.13979788832631,27.458740167854348],[87.13984266601732,27.459351721533714],[87.13978615810036,27.460054616263466],[87.1397810323957,27.460119322165056],[87.13969656890818,27.460367646171324],[87.13961166441439,27.460500936527996],[87.13939833949225,27.460674990864455],[87.13905690286535,27.460772399078127],[87.13871534045641,27.460811103509492],[87.13845912105698,27.46081135679457],[87.13786052319502,27.460719400743248],[87.13717708509108,27.460758485228535],[87.13683508388391,27.46074079755718],[87.13598120980485,27.4609176735423],[87.13521293126401,27.46118707608623],[87.13504224443355,27.461263976475905],[87.13465885869529,27.46155325479132],[87.13408302823115,27.46191949520774],[87.133741904964,27.462073357952217],[87.13331499975143,27.46219108610935],[87.1328031910231,27.462460234665684],[87.13212069578537,27.462767896834094],[87.13152304188583,27.462962587467853],[87.13092538596396,27.46309857414986],[87.13049860758703,27.46329088597582],[87.12947411131981,27.463621373482823],[87.12909034871831,27.463870013709226],[87.12889903388566,27.46417716919635],[87.12866495225414,27.464427996081806],[87.12840923529814,27.464563664386368],[87.12808930864765,27.464773856175754],[87.12802553709385,27.464850692226413],[87.12759913462175,27.465119651670552],[87.12734304221658,27.46521699626345],[87.12708726309504,27.46537073285329],[87.12691651318451,27.465409246283503],[87.12606182410622,27.465450646154864],[87.12589063469854,27.465376314151218],[87.12574088951135,27.465243277151632],[87.12522675641505,27.464898433839235],[87.12503355645163,27.464688687100356],[87.12449778830582,27.464249003446266],[87.12415534681875,27.46409808924266],[87.1239698968312,27.463710040648028],[87.12395314111323,27.46372810918491],[87.1235693787173,27.463942865365695],[87.12304094125001,27.464347428261128],[87.12287256998124,27.46453942521263],[87.12255520642105,27.464754117366272],[87.1224287880586,27.46488740805984],[87.12234375680073,27.464928109017062],[87.12200688786334,27.46521963648744],[87.1216666396157,27.465301165722167],[87.1214100449726,27.46528560248577],[87.12098100912584,27.465157320510272],[87.12063838191995,27.465103497194868],[87.11987034958362,27.465133454431875],[87.11959262219291,27.465138210136757],[87.11942556469864,27.465368592778432],[87.119028490031,27.465892626538498],[87.11868986888736,27.466087064168494],[87.11834930685927,27.46615052519555],[87.11815830128033,27.46622973803697],[87.11778142070793,27.466692754640867],[87.11751758842385,27.467557511545397],[87.11735122002628,27.46784659936991],[87.11712639882577,27.468481038068777],[87.1170275588575,27.46899800405159],[87.11665856587433,27.469977983889446],[87.1166400623693,27.470151784747227],[87.11670771588823,27.470379663270304],[87.11712582181603,27.47117614106001],[87.11707450534261,27.471979752444213],[87.11716598340143,27.472381431347102],[87.11740920744388,27.472893640739027],[87.11754007106977,27.473062813659595],[87.11767325029102,27.473349332912882],[87.11770082946911,27.47369243341912],[87.11762118160568,27.47403784764248],[87.11764738375386,27.47432449448873],[87.11773923642856,27.47466746868397],[87.11781321097577,27.475238509381928],[87.11808495187053,27.476096007196837],[87.11813547864915,27.476554140769117],[87.11825247002257,27.477125182088894],[87.11834194432598,27.47735305951597],[87.11862812055791,27.477808814244554],[87.11880807137999,27.478323212514226],[87.11885484228218,27.478551153654536],[87.1188609132215,27.478896505099073],[87.11882797470257,27.47946986050258],[87.11884418443557,27.480386254714656],[87.11900569423184,27.481072328165666],[87.11901276598705,27.48147407110317],[87.119084049859,27.481875812738178],[87.11921929414181,27.482275240167002],[87.11930670317231,27.482388022598382],[87.1198050809728,27.482744182362314],[87.12028026104926,27.483005626633304],[87.12045482925224,27.48319505445587],[87.12052173189494,27.483364290961315],[87.1205036027036,27.483538092486288],[87.1204208254969,27.483709706462054],[87.11996016672393,27.484290195383352],[87.11957959321462,27.48454565115722],[87.1190476497092,27.4847040800649],[87.11885695668985,27.48480361215906],[87.11858392362964,27.485092763241493],[87.11846257387629,27.485496883633946],[87.11849591036072,27.486185335211488],[87.11845621145001,27.486356885487968],[87.11828909136082,27.486589518717338],[87.11803625243903,27.486822215869253],[87.11786907012898,27.487054849171503],[87.11766237694404,27.487459032730175],[87.11753996229497,27.487804572968507],[87.1175238371629,27.488109288103495],[87.11752690408714,27.488283088473565],[87.1176638607674,27.49000065256629],[87.11760265357715,27.490174517438874],[87.11758621516532,27.490461226303402],[87.11744736281946,27.491093351839964],[87.11726511909643,27.491669084960634],[87.11710982849668,27.492590169893845],[87.11696621868053,27.492935648635093],[87.11665417626186,27.493457306004075],[87.11640765780152,27.494033103484984],[87.11612219226728,27.49483915624061],[87.11587436014497,27.49536081284891],[87.11570724014004,27.495591194957438],[87.11556463227802,27.495995315939915],[87.11546034751858,27.49616924314608],[87.11529228811317,27.49634317137154],[87.11516749578692,27.49653516734766],[87.11511236006133,27.497052006933902],[87.11525161020896,27.49768168952925],[87.11529101808226,27.49871324189249],[87.11541789820818,27.499859763471246],[87.11567789483463,27.501288366332872],[87.11572435354668,27.501498239322377],[87.11574855235911,27.50165172206961],[87.11581952296787,27.50205115041383],[87.1162034355245,27.503192980087448],[87.11666950036953,27.504163132798322],[87.11682324844375,27.50439107204214],[87.11711224118693,27.50501600092876],[87.11744800528218,27.50585311688795],[87.1175149074589,27.506024603768253],[87.11798422662893,27.507164056348305],[87.11809821382826,27.507565734750006],[87.11803819252286,27.50765157320709],[87.1179218395555,27.507760044317855],[87.11760016019839,27.507891212272355],[87.11727041469109,27.50795473585265],[87.1171348657093,27.508000000948318],[87.11680556042893,27.508174056549013],[87.11675873070995,27.50819893919991],[87.11675066623432,27.508230136319085],[87.11675097828429,27.508231011574885],[87.1176463981218,27.50969692802128],[87.11926618006116,27.513000061273832],[87.1195762027379,27.514857413393347],[87.12014838200724,27.51657240824892],[87.12067802806334,27.517289673727078],[87.12221136436642,27.5184372383567],[87.12343435305858,27.5204992003619],[87.12375562629116,27.52216468345766],[87.12408094909976,27.52297247856735],[87.1248813210493,27.523777577711],[87.12518988160222,27.524298601308725],[87.12548169706325,27.525415736957207],[87.12737492367694,27.526969164905264],[87.12781785442678,27.527894179568275],[87.12869950864308,27.528832316974263],[87.12934983393507,27.530102493029585],[87.1306659632811,27.531144029234238],[87.1315744447071,27.532301105330912],[87.13308602364508,27.533446293883475],[87.13512124856798,27.53550505579351],[87.1362176670844,27.53622856483067],[87.13726390213273,27.534823512376658],[87.13772887648206,27.534301665016756],[87.14026810842901,27.53338035837743],[87.1429758294871,27.53184943263748],[87.14452175474197,27.530721516840003],[87.14552661980164,27.530460863709934],[87.14592882550141,27.530146702917772],[87.14655878830014,27.529076067839604],[87.14708960485744,27.528852056437724],[87.14839225015459,27.52763180545693],[87.14942030959484,27.527197287774232],[87.15054457723171,27.52602905376221],[87.15115911646112,27.526014853058737],[87.1531581460806,27.524899809415412],[87.15437640010317,27.52451024034518],[87.15617012260495,27.524384051714364],[87.15761833975624,27.52413633346023],[87.15800285208746,27.523894381536333],[87.1583444663562,27.52330257835608],[87.15812486738753,27.522278093572154],[87.15834674974283,27.52163452635625],[87.16030703776222,27.5183819199425],[87.16032911077616,27.51510220800872],[87.15949683917967,27.513631475795655],[87.15930817980575,27.51211259558547],[87.15974619643596,27.511030959924728],[87.15981577660587,27.51059520624745],[87.15932657615274,27.509523649038254],[87.15948650445534,27.509182609381703],[87.15973840566667,27.50900399100756],[87.16128297029742,27.508735827495602],[87.16185217171405,27.50822954553745],[87.1618505454827,27.508222855733276],[87.16182584842997,27.508211540243273],[87.16173025026538,27.50819584983712],[87.16166628924782,27.508189160932133],[87.16030290571463,27.507874713627952],[87.15971418699903,27.507791885316145],[87.15952580451484,27.507710864350237],[87.1594145102639,27.507566449356805],[87.15939274959092,27.507395024414805],[87.15943331175583,27.506589162016393],[87.15938922321601,27.506072323917493],[87.15945261582509,27.505726909470766],[87.15977103047055,27.50492298162418],[87.15989851054069,27.504654213352683],[87.15998372682006,27.5045186717204],[87.16013152005087,27.50388648439352],[87.16013126617428,27.503714871543675],[87.1602369223677,27.50325436021308],[87.16027830362442,27.502793849764547],[87.1602768549048,27.50222049424876],[87.16019050475195,27.50187526938002],[87.16018993792335,27.501645013768233],[87.16010364939062,27.50129978918382],[87.16008125980842,27.5009544379004],[87.15986534953886,27.499977341926613],[87.15986308357493,27.499115152071134],[87.15996798355827,27.498367868568558],[87.1604353225298,27.497274853812822],[87.16081731971052,27.496240608104827],[87.16107234361237,27.495838486341995],[87.16147660399628,27.495088635081906],[87.1615402498655,27.494917021427437],[87.16185935785018,27.49439974079524],[87.16222003723242,27.493537107149272],[87.16241015458255,27.492674601417363],[87.16249404868343,27.492040227078295],[87.16259976799998,27.491638357689194],[87.16272712153538,27.49135152108176],[87.16293981837408,27.490985598300338],[87.1633447724866,27.49054496309582],[87.16366432341874,27.49031432861047],[87.16398468901043,27.490198852808025],[87.16424040613653,27.490065372539416],[87.16449643547757,27.48992964124613]]]}},{"type":"Feature","properties":{"province":"Koshi Province","district":"Sankhuwasabha","municipality":"Silichong Rural Municipality","ward":"1","wardNumber":1,"sourceMunicipality":"Silichong","sourceType":"Gaunpalika"},"geometry":{"type":"Polygon","coordinates":[[[87.08708332689366,27.482448688521224],[87.08744383219995,27.482292700183454],[87.08763421236132,27.48215490732224],[87.08808049927882,27.482014671626658],[87.08827219413621,27.481994225496557],[87.0887816914068,27.48179528488],[87.08916545700171,27.481752142159838],[87.08993054722494,27.48151231108826],[87.09020495689958,27.48129774377602],[87.09055882659794,27.480699313561583],[87.0908117291504,27.480486997923013],[87.09108682756276,27.480331073207502],[87.09125494812665,27.48013688861798],[87.09182740502422,27.47987911743815],[87.09227362938803,27.479741132985865],[87.0925948727613,27.479774763219684],[87.0929146155038,27.479749689138036],[87.09330032135155,27.47983970995977],[87.09419721485511,27.479827818587648],[87.09445218263252,27.479748666617997],[87.09483319403414,27.479533910583097],[87.09521620790498,27.479432063144124],[87.09642589561632,27.478957219267002],[87.09680527918073,27.478627429437314],[87.09703492006672,27.478279636574513],[87.0973285224335,27.477931780345607],[87.09759623474336,27.477297340586365],[87.09772165275636,27.47712347542805],[87.09805858388162,27.476811691417627],[87.09818575508237,27.476752922149686],[87.09856908199374,27.47668946049055],[87.09901737280732,27.47668457806449],[87.09929378583385,27.476603175151553],[87.09952517887868,27.476370478595953],[87.09964959583027,27.47614015909207],[87.09979282883566,27.47573603867771],[87.10004203751586,27.475275337645012],[87.10018527027327,27.474871216949822],[87.10022428036655,27.474640961487683],[87.10017619407374,27.4742979868517],[87.1000874074201,27.474069983347917],[87.09993440970335,27.473842106308812],[87.09954463417395,27.473503825818145],[87.09939169911983,27.473275948459182],[87.09932504692324,27.473104461833856],[87.09951104607698,27.472720596131875],[87.09972086879331,27.47246764366644],[87.10003691785484,27.472196560392582],[87.10041724097765,27.47194348002863],[87.10060824707648,27.471864329090497],[87.10099126218037,27.471782800291706],[87.1012454785384,27.471644881118],[87.10156428143432,27.471545347168284],[87.10194804742024,27.47149989089911],[87.10233262683552,27.471515390279666],[87.10265412130876,27.47160547428074],[87.10291240605561,27.471718128365026],[87.10371171128607,27.472317917922705],[87.10410148606266,27.47265619886363],[87.10440347614171,27.472863630670805],[87.10479694426556,27.47345017244114],[87.10505623054429,27.473637348589307],[87.10544293855969,27.473786010870903],[87.10567764972654,27.473763251020745],[87.10591035793293,27.47362539525294],[87.10603646518607,27.47351017164541],[87.10622340228032,27.47316244216175],[87.1062580305513,27.472645477649703],[87.10623214092126,27.472358831532276],[87.10614060052477,27.471959403286384],[87.10608882075091,27.471386110902216],[87.1060861295755,27.471214560265064],[87.10616809284362,27.470984241777746],[87.10625080801876,27.470810376926106],[87.10662975407777,27.47046026931594],[87.10673435241108,27.470326978501493],[87.10686108428321,27.470229823277062],[87.10705209120805,27.470168740418483],[87.10747749641476,27.470048761461854],[87.10734800971326,27.469974366307596],[87.10702688976161,27.469920480220757],[87.10677098357395,27.469943240085954],[87.10634526558941,27.470024770416735],[87.10600564355906,27.470165066555378],[87.10583520613814,27.4701855128643],[87.10523729816842,27.470174642784777],[87.10498001493784,27.470120692760585],[87.10480820006413,27.47004636093196],[87.10446250557429,27.46980285745],[87.10381319340655,27.469239014257795],[87.10324784835574,27.46857807789997],[87.10274915569543,27.46810669672523],[87.10270545095689,27.46802998734588],[87.10244722946271,27.46791958437279],[87.10199461975859,27.467637820298386],[87.10160315524335,27.467184380160916],[87.10125983898284,27.467074040865622],[87.10083280674495,27.467081110800976],[87.10040708849023,27.467162703712688],[87.09997836630217,27.467054677921187],[87.0994393491973,27.466736905534734],[87.09915761514453,27.46645263828932],[87.09893834064331,27.466111916646913],[87.09876483649741,27.465942807230352],[87.0985049239371,27.465717244497508],[87.09770605743836,27.465171595855228],[87.09744645736784,27.46494603384189],[87.09695120882735,27.46470490739454],[87.0967141185995,27.464553803988093],[87.09643238524704,27.46428991824377],[87.0963449753607,27.464177136062187],[87.09625618931472,27.46396726327857],[87.09606117671848,27.463798154422395],[87.0959088670407,27.463608662829394],[87.09567115165459,27.463439491949728],[87.09550002576489,27.46342386464497],[87.09532983882389,27.463464567090096],[87.09507631073618,27.46362049107565],[87.094633465848,27.463970662382447],[87.09437924997005,27.464088263152085],[87.0938691270564,27.46424888038241],[87.09327128197899,27.464238010304115],[87.09284493785657,27.46430147272777],[87.092333124617,27.464326675027763],[87.09139064994696,27.46414901152636],[87.09113311596006,27.46407693091251],[87.09087652012444,27.464040986864163],[87.09055477573813,27.46395090258341],[87.09010654778038,27.463976040971332],[87.089832137667,27.46417035236186],[87.08949720953481,27.464576850966697],[87.08892788305711,27.465044496112608],[87.08835617767046,27.465338278186838],[87.08770081845785,27.46574953275853],[87.08753131960083,27.465828621307665],[87.08710528914648,27.46589214537409],[87.08684906945103,27.465894525026336],[87.08639815110915,27.46574811340491],[87.08633093483964,27.46553824067686],[87.0861995071337,27.465330681758196],[87.08594191121365,27.465256351069428],[87.08568537865345,27.4652407245298],[87.08525997385476,27.465342573744884],[87.08508916080386,27.465344888928477],[87.08423278101316,27.465203234897228],[87.0838924687844,27.465284700681053],[87.08346875464659,27.465501708333047],[87.083298629787,27.46554240951699],[87.08295731677237,27.465565171477525],[87.08252959574892,27.465513537533187],[87.08214395256445,27.465461840056264],[87.08171961286752,27.46569685207238],[87.08129164261963,27.46570167215118],[87.08062270338834,27.465386027277837],[87.08027813717825,27.465257619572267],[87.07993519745102,27.46522167627148],[87.07959357211035,27.465285074046992],[87.07891276407258,27.46554284698715],[87.07844672206106,27.465854570489398],[87.07802194429372,27.466071514536416],[87.07762049025361,27.46641937296109],[87.0774510549778,27.46651877951629],[87.07710986787832,27.466597995032323],[87.07651102304635,27.466645704768954],[87.07617046223272,27.466783562354085],[87.07534329223327,27.46733029712382],[87.07508776251598,27.46744783459924],[87.07458002076373,27.467856649829518],[87.07398192705797,27.467960813900113],[87.07344535298824,27.46787310835349],[87.07331523985016,27.46775807623171],[87.07299017803034,27.46747606017931],[87.07266342538327,27.46707901125902],[87.07245989952317,27.46633423321494],[87.07243476154304,27.46610397874374],[87.0722788216186,27.46570455128161],[87.0718637843725,27.46519246959943],[87.07128025084826,27.46483837360563],[87.07059243172206,27.464673897341097],[87.0699923975203,27.464624579610685],[87.06964745562416,27.46447579087631],[87.0691920309278,27.464099061691282],[87.06873428999123,27.463589168598332],[87.0681882016872,27.46290553829191],[87.06792409627421,27.46244965867653],[87.0675011097316,27.46142292608484],[87.0672138692641,27.46085194936387],[87.06690706040705,27.46039613311139],[87.06664527059108,27.46009386048683],[87.06631995908205,27.459829912278632],[87.0659870726993,27.45908744990477],[87.06578918130272,27.45874672757789],[87.06541978991064,27.458406132610715],[87.06496574200672,27.458106051564933],[87.06463942796637,27.457785712195264],[87.06422870947615,27.457521828011874],[87.06388414288723,27.45739329476963],[87.0631282948715,27.45698287325797],[87.06223839071235,27.456209033621796],[87.06180059376952,27.45558398114178],[87.06173337808309,27.455412494325483],[87.06164603169427,27.45529746245851],[87.06155605521403,27.45501306721667],[87.06111494109852,27.454193895583764],[87.0595741621892,27.45285608827094],[87.05950801120372,27.45274099267675],[87.05920320478857,27.452402522235943],[87.0590271972794,27.452115941103617],[87.0588257379815,27.451544963803084],[87.05868911613058,27.451030377390914],[87.05842607459384,27.450630951727423],[87.05829308330452,27.450346619741925],[87.05826431446339,27.449888423795628],[87.05834383660049,27.449484366713186],[87.05831707085648,27.449141266627667],[87.0582913064265,27.448872688204368],[87.05801658379164,27.449087192506887],[87.05724773897055,27.449155285022094],[87.056481523468,27.449394866372877],[87.05631165011752,27.449473954726734],[87.05601385480242,27.44957336307572],[87.05529096853806,27.44984907857825],[87.05452306266943,27.449975751435844],[87.05435293872574,27.45003452141318],[87.05409678225577,27.45005721906349],[87.05352407676266,27.45038926240963],[87.05327092525386,27.450621834319293],[87.053186207416,27.450662534729936],[87.0526741445999,27.45074625374153],[87.05216508764335,27.451019590981474],[87.05182483982594,27.4511573864746],[87.05159213123332,27.45131549808927],[87.05140244018322,27.451507432359158],[87.05108426291541,27.451685864307876],[87.0503174217991,27.451887059004836],[87.04997748663416,27.452042922323862],[87.0497216431805,27.452085937840476],[87.04963692539532,27.452144643885077],[87.04946642581004,27.452185345629264],[87.04929692749076,27.452282438900614],[87.04893548483524,27.4524202972599],[87.04880831462073,27.452517390400953],[87.04868258318099,27.45267318771361],[87.04826343913295,27.45327149367504],[87.04800759574243,27.453312258993297],[87.04770804757595,27.453298821803745],[87.04751772997201,27.453452432083267],[87.04741313238172,27.45360816677995],[87.04737499840913,27.45391513293753],[87.04727265442821,27.454240228977696],[87.0470607660085,27.454377960015375],[87.04663968082379,27.454822783915475],[87.04649106472863,27.454901871784763],[87.04619546097172,27.455154762675964],[87.04526093641242,27.45558627761535],[87.04498383532481,27.455667554793695],[87.04481440014884,27.45576471118619],[87.04447308797072,27.455827984422662],[87.04353249148193,27.455839625929976],[87.04241807752375,27.455643646689698],[87.04164691719306,27.455558007104603],[87.04113222531291,27.455449920378086],[87.040363004702,27.4554614346879],[87.0400406336452,27.45533058762125],[87.03993177798975,27.45519748801066],[87.03978090813007,27.455084644108616],[87.03952331253427,27.455012501733993],[87.03901162495443,27.455075840302616],[87.03884049924832,27.455057836815946],[87.0386899426292,27.455003760612488],[87.03830173242719,27.454739751860224],[87.03778121865327,27.45419141036907],[87.03763003577401,27.45407856713257],[87.03694290285694,27.453839506158385],[87.03664141391957,27.453652268684262],[87.03607694439911,27.45302715498302],[87.03568291271823,27.452363653676002],[87.0354443836909,27.45211771017975],[87.03501378241992,27.451874019640012],[87.03467159326777,27.451840264046215],[87.03432802779304,27.451729736701843],[87.03385315898842,27.451391269144892],[87.033530537334,27.451224349545907],[87.03256060702856,27.450624187731503],[87.0323027601069,27.450511408131103],[87.03144525312135,27.450312986748543],[87.03042050070928,27.45034476017841],[87.03016365565342,27.450308752999003],[87.0295629943206,27.4501441508757],[87.02878801353455,27.44971316070744],[87.02844413428578,27.449564308621188],[87.02767203346129,27.449345505815977],[87.02750090745235,27.44932750303753],[87.02732884233306,27.449253045676887],[87.0266600878954,27.44878360494026],[87.02657436891444,27.448765663265018],[87.02614333039791,27.44850390509802],[87.02562794956519,27.448318920182952],[87.02511526093977,27.448305486160447],[87.02468929273287,27.448407147001053],[87.02434804247007,27.44842978350697],[87.02383435212147,27.44835989524267],[87.02366259993752,27.448305756359645],[87.02340387701925,27.448136523292938],[87.02325294505486,27.448041747528645],[87.0226031939134,27.447400818539172],[87.02212838814948,27.447062350311153],[87.02118297039853,27.446671999283673],[87.02066865472898,27.446563724586632],[87.02008443022999,27.446035640207622],[87.0195688615505,27.445830337895064],[87.01900708558442,27.445473803533208],[87.01848964041211,27.44521204631429],[87.01771434904329,27.444875833825186],[87.01634140102281,27.444605148064916],[87.01599852370089,27.44456907988327],[87.01574042666309,27.4444765562718],[87.01505317086928,27.444311892356268],[87.01471129500389,27.444336779811568],[87.01428307448985,27.44430296267578],[87.01394245057696,27.444402309792174],[87.01360026263313,27.44440687833188],[87.01299991456008,27.4443166721477],[87.0123990655201,27.44419033087465],[87.0121409688956,27.44409780754255],[87.01145433918691,27.44397146718327],[87.01111246370874,27.443994041627445],[87.01068580785497,27.44405731605719],[87.01060077665149,27.444095703700533],[87.01036606569019,27.444136343336055],[87.00989802130793,27.444294396326885],[87.00955677145818,27.44435760672266],[87.00862130872996,27.444730166933873],[87.00768334101198,27.444933364422884],[87.00742843737174,27.445050777790357],[87.00719560409897,27.445206513879732],[87.00700647583656,27.44541870326854],[87.00675570197878,27.445804695086583],[87.00650273862304,27.446037204533717],[87.00616336710392,27.44623364217825],[87.00582311800963,27.44635105582034],[87.00505327298407,27.44638045014613],[87.00462448823492,27.446308185275832],[87.00376479227867,27.4460509339596],[87.00361329707596,27.445935840074466],[87.00356934232616,27.445861318483992],[87.0031593746256,27.44563563267008],[87.00298768524749,27.445599562512648],[87.00281687310724,27.445619882906776],[87.00249713152266,27.445680780741398],[87.00207072586636,27.445782378618503],[87.00198607103077,27.44584108431789],[87.00147432153824,27.44594268347667],[87.00053879608119,27.446317432042594],[87.00002742136836,27.446437036058075],[86.99960007778586,27.44646186162542],[86.9989985407385,27.446294883946177],[86.99891282079332,27.44629713607311],[86.99890400584071,27.446299386653667],[86.99812817066629,27.447073623839188],[86.99672077598673,27.446994620350434],[86.99513780899994,27.44652056541483],[86.99447806231112,27.446283567693516],[86.99328981985407,27.44675528525809],[86.99157301451059,27.447619749366947],[86.9899451685454,27.447813829403625],[86.98842662208537,27.4485788865603],[86.9871943624266,27.448971581431298],[86.98415800737097,27.449754602612483],[86.98283851847914,27.449596449610485],[86.98178238320689,27.449831095312497],[86.98177387989043,27.449840098158994],[86.98081316774355,27.450815147410943],[86.97962338025947,27.45230697581971],[86.97790533628391,27.45384170022553],[86.9764081138934,27.45486170752382],[86.97473649778287,27.454859229011994],[86.97370212425777,27.455272114602426],[86.97295261393639,27.456215464028798],[86.97168190641855,27.456842790413567],[86.9701484064316,27.457014048683067],[86.9689782974763,27.457535217885972],[86.96782306190178,27.457706471589596],[86.96564182035964,27.45770375019626],[86.96512813410673,27.457854988974002],[86.96459475472916,27.45817302713362],[86.96376702700177,27.458985464483327],[86.96309261062214,27.460186138766822],[86.96235347693855,27.46097819281829],[86.96038977126888,27.462016024482697],[86.95924661573,27.462920867561547],[86.95828316041161,27.464410379960846],[86.95619604675478,27.466165860952973],[86.95593951587625,27.46626057971015],[86.95415166722162,27.466095243731807],[86.95125777961667,27.465629395944795],[86.9495567224791,27.466021534542367],[86.9466035666472,27.465779002774575],[86.94416943102806,27.466450733308754],[86.94332299343418,27.46638497511289],[86.94267538021384,27.466450191200412],[86.94163207093115,27.46720367571034],[86.94150589870988,27.467133657148405],[86.94175476413129,27.468537752777312],[86.94240150858755,27.468872029416676],[86.94432034375104,27.469075938210423],[86.9449361381006,27.469322189600025],[86.94545496379959,27.469893475695102],[86.9455865247076,27.470606808378534],[86.94482056741394,27.471358163570773],[86.94464357230372,27.471829867036725],[86.94514889219074,27.47229049544927],[86.94560656233601,27.472410336635843],[86.94647327244749,27.473306713125485],[86.94685161337253,27.474117195345563],[86.94767036208094,27.474704356444263],[86.94787782765361,27.47549889957368],[86.94779481589833,27.47658690685993],[86.94793051546323,27.4780699653678],[86.94836256599487,27.47900229505698],[86.94885582162235,27.47966610811084],[86.94900664093771,27.4804809699324],[86.94900410424911,27.48202717318904],[86.94932474020011,27.483065599103835],[86.9501647498705,27.483819808169894],[86.95183212672441,27.48448398074533],[86.95311528995873,27.484676206638913],[86.95426915267343,27.484626926726083],[86.95564192246125,27.485430894364622],[86.95737294768371,27.486131138007348],[86.95779429534981,27.486435972237224],[86.95808672741782,27.487092910375132],[86.95955308353031,27.487303202512468],[86.96002182745082,27.487750264810927],[86.96081059018444,27.489770658478612],[86.96359613569382,27.4908751323104],[86.96428440003392,27.491466670811892],[86.96172527823208,27.495659936022825],[86.9584179443208,27.49989347303344],[86.95586079936777,27.502693954348807],[86.95347984022564,27.50525742583112],[86.94955788134043,27.50823110131932],[86.94859065711445,27.508655113735838],[86.94842278908574,27.50903428936811],[86.94844830397373,27.509366074046604],[86.94849358116821,27.509964248752194],[86.94831158816632,27.510659455640436],[86.94760715551507,27.51146726458239],[86.94537688812309,27.514734065313817],[86.94466458061834,27.515777381164316],[86.94422750554979,27.517147351013957],[86.9440994256756,27.518892114567674],[86.94402717594959,27.52049702371337],[86.94407763825134,27.52081299113356],[86.94432437984354,27.52235468936439],[86.94436560290501,27.52349915023781],[86.94455938406534,27.52484447895784],[86.94530662902051,27.526684446680775],[86.94574862348394,27.52778376293352],[86.94664205233293,27.52993519418191],[86.94692380516426,27.531305404353077],[86.94732759469434,27.532199411187488],[86.94792838776853,27.532741312325452],[86.9493348983422,27.535874774307267],[86.9497389904639,27.536247377874822],[86.95084741473228,27.537121244304785],[86.9514137579948,27.53767446142028],[86.95183642319496,27.53819823401174],[86.95245716408766,27.53890718395215],[86.95282293252713,27.539379067161658],[86.95301388764442,27.539925349936755],[86.95375198959232,27.540907502970022],[86.95557606151691,27.54228944549697],[86.9567306835065,27.54281795978098],[86.95780014563012,27.543064267774128],[86.95883128483997,27.5435814672576],[86.95940369417188,27.544215895954],[86.95969412522714,27.54484570184702],[86.9605615175569,27.545423797104945],[86.96152299809395,27.54549399157852],[86.9622176979459,27.54582145289369],[86.96327478792115,27.546559842369724],[86.96654940029093,27.54823310131622],[86.96687352489916,27.548533434832876],[86.96784520600728,27.54910021263516],[86.96806448221841,27.54951101723596],[86.96802359646115,27.549763842327277],[86.96881618655911,27.548899515758823],[86.969563822344,27.5480351269387],[86.97086779954327,27.547793850166038],[86.97110588482816,27.547640426899132],[86.97149621495132,27.547561523964838],[86.97434598071933,27.545528263383765],[86.97503747535869,27.5448738119407],[86.97582894586796,27.544363838798773],[86.9764815521016,27.543801852654514],[86.97717386238122,27.543355024633254],[86.97786336133937,27.543061741477302],[86.97912007727038,27.543170256453276],[86.98344113217668,27.544509214012866],[86.9846667722282,27.544500319669865],[86.98657534521377,27.544168633768372],[86.9900736309297,27.54384161427101],[86.99368012318715,27.54231136577023],[86.9953834215173,27.54131823888201],[86.99563131793794,27.5408938603902],[86.99595197988519,27.539830732359782],[86.9959732203287,27.53879924199497],[86.99627706765274,27.537982122929744],[86.99673003625173,27.53730273022603],[86.99718013481598,27.537013763722307],[86.99890556398252,27.535864903403734],[86.99968671819775,27.53537506152157],[87.0013333230591,27.535230558936583],[87.00265192551261,27.534706824270813],[87.00414145966846,27.533839986343008],[87.0054254790883,27.532864808343085],[87.00640983606665,27.53247430498673],[87.00901191888812,27.532358984682695],[87.01070903947343,27.532067626170402],[87.01109393148131,27.532060806375696],[87.01269496506274,27.532383441206633],[87.01529976063493,27.53362001684172],[87.01799126042563,27.533989838411497],[87.02015000144692,27.534422935402105],[87.02114955630742,27.53430307377139],[87.02248898031559,27.53387174069771],[87.02468320789825,27.532799145545397],[87.02711270171042,27.5312230867397],[87.02799557695492,27.53045322354643],[87.02833326214522,27.530344811926902],[87.02997599597337,27.530549849078085],[87.031065329347,27.530199668661314],[87.03328261887319,27.5285446529909],[87.03577845442808,27.527307004953656],[87.03872471187887,27.52630616958286],[87.04011583929284,27.525694096309135],[87.04614777933784,27.52376000655472],[87.04743548800381,27.522838593270006],[87.04875895033169,27.521346074240395],[87.04953020825359,27.519880883646366],[87.0502694038349,27.5190341253379],[87.05136658567336,27.51700901574596],[87.05194357826181,27.51517822121113],[87.05233145671757,27.514345158355944],[87.05286151404921,27.513595556322713],[87.05300679810442,27.512498545340538],[87.05329951975962,27.511870919872013],[87.05413349633946,27.510845794232203],[87.05418906427269,27.510008360945427],[87.0538673646401,27.508965684997708],[87.05320779662857,27.50823235371099],[87.05320592072812,27.50823235344822],[87.0525622332173,27.50753965978678],[87.05249113640568,27.507081463982196],[87.05235645466928,27.50668203580102],[87.05235282444897,27.5064540321129],[87.05243434928072,27.506165070853232],[87.05242802722894,27.50576332798702],[87.05251024167268,27.505533009343054],[87.0526980543954,27.505185342270845],[87.05332827153023,27.504316078570906],[87.05351314273864,27.50379686108925],[87.05357153251214,27.503395055456547],[87.05358052142462,27.502591506808848],[87.05370018020676,27.501997831375196],[87.05360757491529,27.501539636025065],[87.05331864415481,27.500855813783406],[87.05327199800949,27.500627873217045],[87.05326867948669,27.500397618147428],[87.05340133374212,27.49924865403713],[87.05330509853756,27.49856251664455],[87.05329727406622,27.498045615595498],[87.05316421983515,27.497761284051478],[87.05296757999163,27.497515339897003],[87.05259812618024,27.49719500067513],[87.0523797283354,27.49691285901231],[87.05217914470676,27.49639833561871],[87.05206628347692,27.495998845124642],[87.0520647184511,27.495883748752313],[87.05197593171985,27.495653495269668],[87.05169357307464,27.495371478821074],[87.05127947381338,27.49485927228399],[87.05121294628216,27.49468772218297],[87.05116598614953,27.494401077022182],[87.05103286865976,27.494057977965156],[87.05094520836083,27.49392494027908],[87.05088062210086,27.493886555202273],[87.05057575298495,27.493527766631804],[87.05005567868612,27.493092333903473],[87.04972729861245,27.492580125506397],[87.0495058951026,27.492065540451712],[87.0493308257595,27.491781209540257],[87.0488088106025,27.491212612109692],[87.04832786999303,27.49049047020584],[87.04791508539816,27.490075290943643],[87.04741852212284,27.489775272572317],[87.04726658909789,27.489624105685184],[87.04749810694054,27.489332829144562],[87.0478817454948,27.489213038871476],[87.04807281411017,27.489095626758168],[87.04839261806838,27.488996155885985],[87.04864689573178,27.488820038087987],[87.04905085413301,27.488605407224057],[87.0491776485584,27.488487995712873],[87.04938765803846,27.488199033229616],[87.04947012212719,27.48796646367083],[87.04970220262345,27.48771588694492],[87.0497853561058,27.48754202235223],[87.05001843816815,27.487365842450924],[87.0501883119391,27.4872484300974],[87.05054555915396,27.48676522093392],[87.05070979853352,27.486266322504658],[87.05087773205716,27.48603381477402],[87.05104729162103,27.485898272732314],[87.05117508862719,27.4858576340109],[87.05132339083184,27.485740159994734],[87.05162300137802,27.485737779951577],[87.05188090971558,27.485809922314804],[87.0520751703892,27.485904635176638],[87.05226855564284,27.485958772565336],[87.0525257756433,27.48597446127152],[87.05271978678066,27.48606692331466],[87.05304228155315,27.48615932124601],[87.053556033942,27.486152374015383],[87.05393904748372,27.48599419757825],[87.05438470601116,27.48570060471998],[87.05470519861731,27.485659838652317],[87.05489720618236,27.485598817780918],[87.05541164555649,27.48563019494693],[87.05566792715884,27.48558942924278],[87.05624595228323,27.485582419430294],[87.05675907829149,27.485537085682665],[87.05746590200721,27.48554801669018],[87.05778770878777,27.485599839621486],[87.05798034232865,27.485597461257566],[87.05842831756101,27.485477670028637],[87.05906629706894,27.48516363166721],[87.05951483672341,27.485079912761858],[87.05990022870078,27.485075218693762],[87.0604182998509,27.485375174570933],[87.06067652161717,27.485467635593547],[87.0612545465208,27.485460562551044],[87.0622159611381,27.48531338074034],[87.06266387397653,27.485193589260493],[87.06272745878589,27.485134821357892],[87.06368386526171,27.484624283422395],[87.06438737063766,27.484404958965918],[87.06498164569983,27.484032278856212],[87.0652560541057,27.48374093941569],[87.06559110584428,27.483221594945956],[87.065886771621,27.482930317823378],[87.06658858742718,27.482575578836283],[87.06675739654698,27.482399399943738],[87.06682129416568,27.482361012538792],[87.0673714888169,27.48189349319831],[87.06775381324475,27.481678862077693],[87.06820172487404,27.481518371433147],[87.06852315579312,27.481513677718397],[87.06890779634806,27.481432273222723],[87.06999456470376,27.48101407258111],[87.0712750298896,27.480652261113985],[87.0715941453923,27.48049408546055],[87.07191257096544,27.48027951785573],[87.0721687892462,27.480218433434956],[87.07248759132347,27.480039939640378],[87.0726157005288,27.480001426672715],[87.07293675622546,27.479976476701086],[87.07325887550263,27.480010169689052],[87.07384015439635,27.480174584872586],[87.0742267981494,27.480226344450784],[87.07448332932375,27.48018326530718],[87.07486928493118,27.4801966392355],[87.07516920741783,27.480173878283185],[87.07581206947575,27.480164491666017],[87.07600407570712,27.48010334538228],[87.07658335259106,27.48013240822839],[87.07761617589344,27.48038471746931],[87.07883699905557,27.480329746482187],[87.07915974426821,27.48040182602457],[87.07928948180782,27.480476220634902],[87.07968050671575,27.480814564896683],[87.08052363848249,27.48127906387813],[87.08078185897205,27.481333075509866],[87.0813614487922,27.48138239434445],[87.08181336752423,27.481508487891688],[87.08220201368037,27.481675281387577],[87.08265262014089,27.481803687147533],[87.08323502822488,27.48217803902259],[87.08349231261579,27.4822500562998],[87.08419713393884,27.482240605946398],[87.08471038734595,27.482289925523425],[87.08522251273061,27.48226478628898],[87.08535137370193,27.48230085680424],[87.08599135840532,27.482273339972505],[87.08637675192647,27.4823249744427],[87.08682704534118,27.48245338124123],[87.08708332689366,27.482448688521224]]]}},{"type":"Feature","properties":{"province":"Koshi Province","district":"Sankhuwasabha","municipality":"Silichong Rural Municipality","ward":"3","wardNumber":3,"sourceMunicipality":"Silichong","sourceType":"Gaunpalika"},"geometry":{"type":"Polygon","coordinates":[[[87.1167111220497,27.575584386355228],[87.11773080575323,27.575308415644464],[87.11964532674668,27.575433111468797],[87.12038010051947,27.575581457107063],[87.12055191555412,27.575653538206442],[87.1210295327022,27.575854027574458],[87.12167139445177,27.575839889706383],[87.12216107019995,27.575553798188025],[87.12327315703737,27.574903967030146],[87.12363397514639,27.574788614970377],[87.12524763441147,27.574823101805233],[87.1260874403388,27.574637285769583],[87.12762050920418,27.574807437773345],[87.12770597794533,27.57479712147746],[87.12826224538054,27.57473009358868],[87.12893641404861,27.573770114664175],[87.12880459755573,27.572829028185197],[87.12886255265273,27.572596396979414],[87.12966139005877,27.571501001361625],[87.12937787955855,27.569801632373697],[87.13007179250229,27.568139697596017],[87.13085931555462,27.56716833857814],[87.13111178139306,27.56701010180674],[87.13175057662578,27.566883054887715],[87.13290732263054,27.56724083094251],[87.13327527151809,27.567233760296578],[87.13380708734738,27.566955546072762],[87.13461444349474,27.566695208520706],[87.13488046125732,27.565713041567896],[87.13543114664225,27.56477807152231],[87.13657830835017,27.564117798859673],[87.1372274690469,27.56320302196861],[87.13789320810655,27.562854722290414],[87.1387525221011,27.562664216132397],[87.13920912397795,27.56244933473371],[87.13984215836284,27.561839271425647],[87.14040152930654,27.560556637443128],[87.1401392295057,27.5597059542867],[87.14030384434658,27.559227248688554],[87.14094431636035,27.558477206778726],[87.14092898749401,27.557903914323852],[87.14149930368013,27.55682208870369],[87.14169903698885,27.555323146310652],[87.14152630649077,27.553000718037467],[87.14131884392917,27.55243211672459],[87.14109919687338,27.552226934594596],[87.13974556075449,27.551557883516303],[87.13918271860985,27.551080063785],[87.13763798946103,27.54919234535388],[87.13730171685663,27.54790384687945],[87.13680795014999,27.546678620267535],[87.13685607930643,27.545958658641055],[87.13751993276853,27.545021186784926],[87.13765548250944,27.54501880847398],[87.13833634426747,27.544252949499768],[87.13849183154623,27.54380131421411],[87.13759629441006,27.542784279313366],[87.13741965866072,27.542310455856562],[87.137673356587,27.541163553345417],[87.13726875420556,27.540351320866357],[87.13711061733356,27.539455435428113],[87.13740820608628,27.53827683581854],[87.13719360811737,27.537274919941446],[87.1362176670844,27.53622856483067],[87.13512124856798,27.53550505579351],[87.13308602364508,27.533446293883475],[87.1315744447071,27.532301105330912],[87.1306659632811,27.531144029234238],[87.12934983393507,27.530102493029585],[87.12869950864308,27.528832316974263],[87.12781785442678,27.527894179568275],[87.12737492367694,27.526969164905264],[87.12548169706325,27.525415736957207],[87.12518988160222,27.524298601308725],[87.1248813210493,27.523777577711],[87.12408094909976,27.52297247856735],[87.12375562629116,27.52216468345766],[87.12343435305858,27.5204992003619],[87.12221136436642,27.5184372383567],[87.12067802806334,27.517289673727078],[87.12014838200724,27.51657240824892],[87.1195762027379,27.514857413393347],[87.11926618006116,27.513000061273832],[87.1176463981218,27.50969692802128],[87.11675097828429,27.508231011574885],[87.11675066623432,27.508230136319085],[87.11675873070995,27.50819893919991],[87.11680556042893,27.508174056549013],[87.1171348657093,27.508000000948318],[87.11727041469109,27.50795473585265],[87.11760016019839,27.507891212272355],[87.1179218395555,27.507760044317855],[87.11803819252286,27.50765157320709],[87.11809821382826,27.507565734750006],[87.11798422662893,27.507164056348305],[87.1175149074589,27.506024603768253],[87.11744800528218,27.50585311688795],[87.11711224118693,27.50501600092876],[87.11682324844375,27.50439107204214],[87.11666950036953,27.504163132798322],[87.1162034355245,27.503192980087448],[87.11581952296787,27.50205115041383],[87.11574855235911,27.50165172206961],[87.11572435354668,27.501498239322377],[87.11567789483463,27.501288366332872],[87.11541789820818,27.499859763471246],[87.11529101808226,27.49871324189249],[87.11525161020896,27.49768168952925],[87.11511236006133,27.497052006933902],[87.11516749578692,27.49653516734766],[87.11529228811317,27.49634317137154],[87.11546034751858,27.49616924314608],[87.11556463227802,27.495995315939915],[87.11570724014004,27.495591194957438],[87.11587436014497,27.49536081284891],[87.11612219226728,27.49483915624061],[87.11640765780152,27.494033103484984],[87.11665417626186,27.493457306004075],[87.11696621868053,27.492935648635093],[87.11710982849668,27.492590169893845],[87.11726511909643,27.491669084960634],[87.11744736281946,27.491093351839964],[87.11758621516532,27.490461226303402],[87.11760265357715,27.490174517438874],[87.1176638607674,27.49000065256629],[87.11752690408714,27.488283088473565],[87.1175238371629,27.488109288103495],[87.11753996229497,27.487804572968507],[87.11766237694404,27.487459032730175],[87.11786907012898,27.487054849171503],[87.11803625243903,27.486822215869253],[87.11828909136082,27.486589518717338],[87.11845621145001,27.486356885487968],[87.11849591036072,27.486185335211488],[87.11846257387629,27.485496883633946],[87.11858392362964,27.485092763241493],[87.11885695668985,27.48480361215906],[87.1190476497092,27.4847040800649],[87.11957959321462,27.48454565115722],[87.11996016672393,27.484290195383352],[87.1204208254969,27.483709706462054],[87.1205036027036,27.483538092486288],[87.12052173189494,27.483364290961315],[87.12045482925224,27.48319505445587],[87.12028026104926,27.483005626633304],[87.1198050809728,27.482744182362314],[87.11930670317231,27.482388022598382],[87.11921929414181,27.482275240167002],[87.119084049859,27.481875812738178],[87.11901276598705,27.48147407110317],[87.11900569423184,27.481072328165666],[87.11884418443557,27.480386254714656],[87.11882797470257,27.47946986050258],[87.1188609132215,27.478896505099073],[87.11885484228218,27.478551153654536],[87.11880807137999,27.478323212514226],[87.11862812055791,27.477808814244554],[87.11834194432598,27.47735305951597],[87.11825247002257,27.477125182088894],[87.11813547864915,27.476554140769117],[87.11808495187053,27.476096007196837],[87.11781321097577,27.475238509381928],[87.11773923642856,27.47466746868397],[87.11764738375386,27.47432449448873],[87.11762118160568,27.47403784764248],[87.11770082946911,27.47369243341912],[87.11767325029102,27.473349332912882],[87.11754007106977,27.473062813659595],[87.11740920744388,27.472893640739027],[87.11716598340143,27.472381431347102],[87.11707450534261,27.471979752444213],[87.11712582181603,27.47117614106001],[87.11670771588823,27.470379663270304],[87.1166400623693,27.470151784747227],[87.11665856587433,27.469977983889446],[87.1170275588575,27.46899800405159],[87.11712639882577,27.468481038068777],[87.11735122002628,27.46784659936991],[87.11751758842385,27.467557511545397],[87.11778142070793,27.466692754640867],[87.11815830128033,27.46622973803697],[87.11834930685927,27.46615052519555],[87.11868986888736,27.466087064168494],[87.119028490031,27.465892626538498],[87.11942556469864,27.465368592778432],[87.11959262219291,27.465138210136757],[87.11918709770937,27.465143092612998],[87.11884716228978,27.46524268895793],[87.11782190938511,27.46523907801996],[87.1176521600874,27.465297910240437],[87.11748134724402,27.46530035008441],[87.11722612946116,27.465361496843194],[87.11646185263778,27.465639777386517],[87.11622883171157,27.465757377674255],[87.1159325995494,27.465915616101352],[87.11546931112785,27.466324555063597],[87.1152157836191,27.46648054156422],[87.1148761612937,27.46661852439446],[87.11453591232798,27.46670005295031],[87.11410881750263,27.46670718669727],[87.11368284905852,27.466768460180255],[87.11282771954193,27.466703766054696],[87.11231528142493,27.466710962881955],[87.11195383724238,27.466812810630007],[87.11159508490475,27.467086270700545],[87.11140770916123,27.467393363994482],[87.11132712282863,27.467700392981122],[87.11128917702594,27.468007420346108],[87.11132120102288,27.468695872072455],[87.11125375857621,27.46984258467145],[87.11119455529715,27.470149612316117],[87.11111290385456,27.470379868410078],[87.11073934128463,27.47107313993487],[87.11057190838993,27.471285454358384],[87.11038227975921,27.471461696349657],[87.11012775047868,27.471561229388954],[87.1098715301735,27.471563671315025],[87.10944205680264,27.471417321930918],[87.10883676291938,27.470946067103142],[87.10848668737565,27.47041585489656],[87.10803370185197,27.47011602329199],[87.10786188776254,27.47006201002087],[87.10747749641476,27.470048761461854],[87.10705209120805,27.470168740418483],[87.10686108428321,27.470229823277062],[87.10673435241108,27.470326978501493],[87.10662975407777,27.47046026931594],[87.10625080801876,27.470810376926106],[87.10616809284362,27.470984241777746],[87.1060861295755,27.471214560265064],[87.10608882075091,27.471386110902216],[87.10614060052477,27.471959403286384],[87.10623214092126,27.472358831532276],[87.1062580305513,27.472645477649703],[87.10622340228032,27.47316244216175],[87.10603646518607,27.47351017164541],[87.10591035793293,27.47362539525294],[87.10567764972654,27.473763251020745],[87.10544293855969,27.473786010870903],[87.10505623054429,27.473637348589307],[87.10479694426556,27.47345017244114],[87.10440347614171,27.472863630670805],[87.10410148606266,27.47265619886363],[87.10371171128607,27.472317917922705],[87.10291240605561,27.471718128365026],[87.10265412130876,27.47160547428074],[87.10233262683552,27.471515390279666],[87.10194804742024,27.47149989089911],[87.10156428143432,27.471545347168284],[87.1012454785384,27.471644881118],[87.10099126218037,27.471782800291706],[87.10060824707648,27.471864329090497],[87.10041724097765,27.47194348002863],[87.10003691785484,27.472196560392582],[87.09972086879331,27.47246764366644],[87.09951104607698,27.472720596131875],[87.09932504692324,27.473104461833856],[87.09939169911983,27.473275948459182],[87.09954463417395,27.473503825818145],[87.09993440970335,27.473842106308812],[87.1000874074201,27.474069983347917],[87.10017619407374,27.4742979868517],[87.10022428036655,27.474640961487683],[87.10018527027327,27.474871216949822],[87.10004203751586,27.475275337645012],[87.09979282883566,27.47573603867771],[87.09964959583027,27.47614015909207],[87.09952517887868,27.476370478595953],[87.09929378583385,27.476603175151553],[87.09901737280732,27.47668457806449],[87.09856908199374,27.47668946049055],[87.09818575508237,27.476752922149686],[87.09805858388162,27.476811691417627],[87.09772165275636,27.47712347542805],[87.09759623474336,27.477297340586365],[87.0973285224335,27.477931780345607],[87.09703492006672,27.478279636574513],[87.09680527918073,27.478627429437314],[87.09642589561632,27.478957219267002],[87.09521620790498,27.479432063144124],[87.09483319403414,27.479533910583097],[87.09445218263252,27.479748666617997],[87.09419721485511,27.479827818587648],[87.09330032135155,27.47983970995977],[87.0929146155038,27.479749689138036],[87.0925948727613,27.479774763219684],[87.09227362938803,27.479741132985865],[87.09182740502422,27.47987911743815],[87.09125494812665,27.48013688861798],[87.09108682756276,27.480331073207502],[87.0908117291504,27.480486997923013],[87.09055882659794,27.480699313561583],[87.09020495689958,27.48129774377602],[87.08993054722494,27.48151231108826],[87.08916545700171,27.481752142159838],[87.0887816914068,27.48179528488],[87.08827219413621,27.481994225496557],[87.08808049927882,27.482014671626658],[87.08763421236132,27.48215490732224],[87.08744383219995,27.482292700183454],[87.08708332689366,27.482448688521224],[87.08704362867653,27.482640557504872],[87.08683637138338,27.483044742063147],[87.08673577915611,27.48344886141808],[87.08662363110845,27.484482728695127],[87.0866111992771,27.485056084632603],[87.0865301123496,27.4853450452173],[87.08615467147632,27.48592309537055],[87.08583856098403,27.48621449793879],[87.0857537799772,27.486252947977153],[87.08531187479802,27.486679829403688],[87.08518833408601,27.486968791054302],[87.08514894864021,27.487199046164598],[87.08515596014276,27.487657305533954],[87.0852752679049,27.488458476092585],[87.08560878107407,27.4893137851172],[87.08567806338974,27.489656821884576],[87.0857217679802,27.48971321277456],[87.08590397273201,27.49045799129974],[87.08590860503952,27.490744637574966],[87.08574380095406,27.491148758986867],[87.08547164504417,27.491496552212585],[87.08532365425897,27.49159370764122],[87.08506837400388,27.491654854369333],[87.084620084352,27.49167993081935],[87.08449253784676,27.491718380662903],[87.08436542906249,27.49177940078794],[87.08430315861095,27.491912628128276],[87.08437175144533,27.492199273938564],[87.08459497067261,27.492826579811247],[87.08496793177297,27.493451632268773],[87.08542223033433,27.49382829867836],[87.08581400882365,27.494302057035604],[87.08616076757231,27.494640401665514],[87.08650646187657,27.494883967795662],[87.08676480966233,27.495014690435962],[87.08689460965886,27.49512747113665],[87.08706911568136,27.495355348635186],[87.08711388399574,27.495488574075534],[87.0871367067118,27.495603607814086],[87.08716090673211,27.49577509538872],[87.087166289945,27.496118195487583],[87.08706115278564,27.497610259294607],[87.0868609065554,27.498474890920846],[87.08682859448518,27.49914308745319],[87.08683222494456,27.49939134778421],[87.08690350969516,27.499849543709672],[87.08705988825676,27.50030761320862],[87.08719068947092,27.500476848134607],[87.08749875081712,27.501045448608],[87.08787671958066,27.5020157893922],[87.08797214149752,27.502645472842786],[87.08820168003555,27.503559487753616],[87.08842558498485,27.504130401723092],[87.08884181156756,27.504698937664113],[87.08904220620668,27.505154755738648],[87.08902470368682,27.50538501103358],[87.08887796513544,27.505558939641706],[87.08860186489679,27.505676478117824],[87.08821703678686,27.505701553103645],[87.08796206883468,27.50580102380619],[87.08781445496238,27.505936564966216],[87.0877955746131,27.506069729662364],[87.08817178951892,27.506812129849997],[87.08836849093578,27.507037755180967],[87.08897415874424,27.507430112227933],[87.08949141620914,27.50765316941995],[87.08985836775831,27.507840281966207],[87.08998985634375,27.508009454734793],[87.09007726578916,27.50812229918344],[87.09031816900652,27.508230452040326],[87.0899629993767,27.509580478314525],[87.09004347684863,27.51011538369973],[87.09039655602031,27.51078326236103],[87.09139524898026,27.51146200931596],[87.09177164629538,27.511942582294242],[87.09195066182966,27.512590269550493],[87.09183594834973,27.513524795203224],[87.09200227000126,27.514064139119174],[87.09251890972888,27.51472288763078],[87.09352247353182,27.515058534196566],[87.09398478044312,27.515710530922878],[87.09469194577032,27.517351001879238],[87.09582890715883,27.519672791610667],[87.09581441501165,27.52043576522061],[87.09570006451781,27.520661583293396],[87.09566312139066,27.521110778168424],[87.09537196481783,27.52186712862322],[87.0953357880573,27.52320345848209],[87.09563478963653,27.524119660730324],[87.09581481034462,27.525051743616775],[87.09563444009116,27.525514569376103],[87.09538228787812,27.525690812571217],[87.09400147237153,27.52607100614369],[87.09276321894068,27.526954408261943],[87.09239984284541,27.527363220248116],[87.09207936644646,27.528293372441325],[87.09099673271396,27.529187963128383],[87.09085019194916,27.529930682492168],[87.09088516641621,27.531266886226675],[87.09124337220477,27.531871558804422],[87.09125613582329,27.532359139167777],[87.09009529275615,27.5336644760251],[87.08956416781162,27.534098298265217],[87.08856480364409,27.534342759194537],[87.08788474976849,27.534921000965923],[87.08756052202858,27.535862469406354],[87.08684327992002,27.537079523532604],[87.08681622559536,27.538079505193462],[87.08603181729056,27.53845018745439],[87.08516426247627,27.539322017629203],[87.08439536114712,27.539697201016065],[87.0821460117229,27.54210250056685],[87.08072980954948,27.54254577602216],[87.0799229497741,27.542562042059966],[87.07923126408708,27.542943913881093],[87.07791784853677,27.54332385634083],[87.07752126663051,27.54343920902166],[87.07694000527017,27.544292779611325],[87.07642663504035,27.54469484271028],[87.07556163287204,27.544907479507952],[87.0751730622686,27.545510411922475],[87.07368715752543,27.546538234425203],[87.07235804757741,27.546836903554585],[87.07083205741337,27.54740652910985],[87.06954002276059,27.54767581395587],[87.0685381006045,27.548242870166167],[87.06807311608459,27.548252128897126],[87.06761175465412,27.548035697170103],[87.06646670490348,27.547905363128173],[87.06621154970946,27.547968634649568],[87.06456049775946,27.54766932092664],[87.06385941882817,27.547272401317557],[87.06343181563884,27.546805395225427],[87.0627446174126,27.5464151661523],[87.0621361437505,27.546428991316187],[87.06097403609849,27.546944221431517],[87.06004538449899,27.547150044332056],[87.05919506859603,27.547042024660946],[87.058108217376,27.546302198081907],[87.05745277306724,27.545467337724023],[87.05696321077852,27.54512218117164],[87.05579771051733,27.544687069993728],[87.05310487423489,27.542988484415297],[87.05113331890092,27.542113506185768],[87.04957817375265,27.541594938628922],[87.04843950109925,27.54144415990104],[87.04818503342214,27.541525500426545],[87.04751617241999,27.542132938009207],[87.04694296377876,27.542315937153305],[87.04569000144846,27.542296073269945],[87.04513079857367,27.542476884931148],[87.04483213314838,27.54289907464305],[87.04477400236988,27.543774832302564],[87.04432284693726,27.544411525287043],[87.04333042712699,27.54491975078515],[87.04106729233435,27.545640494083184],[87.04062738460944,27.545916018937923],[87.039856123589,27.547207346190547],[87.03915024191181,27.547435547217585],[87.03857852922198,27.54735672025535],[87.03832337335142,27.54741774182511],[87.03664577982975,27.54881542486897],[87.03637625123191,27.54932789163164],[87.03626205516146,27.551212633058874],[87.03657374291836,27.55180167633411],[87.03738993725585,27.552810398068623],[87.03782748938268,27.553724472688977],[87.03784575877924,27.55441286191596],[87.03751989940505,27.555031422784147],[87.03695882895423,27.555674869874558],[87.03625832415331,27.555900820861766],[87.0356976143817,27.555745220635735],[87.03513240036563,27.555427134730092],[87.03403974178124,27.555127187165706],[87.03351867581061,27.555215408282088],[87.03218482045905,27.55589962727532],[87.03139429849855,27.557014903297087],[87.03099227782566,27.557143633961648],[87.02997290285548,27.557227422599105],[87.02861609595418,27.557604677000214],[87.02784871052265,27.558891440120416],[87.02756448394433,27.559069809196984],[87.02676481758127,27.559327333475974],[87.02577163855447,27.559280083560854],[87.02554055584058,27.55945845155559],[87.02524095947055,27.560266630619886],[87.02519991200421,27.5619527499801],[87.02505162039438,27.562706660698684],[87.02437331915704,27.563399748229315],[87.02349900791395,27.564016128963253],[87.02245037139014,27.564038900092154],[87.02213444496152,27.56423765097845],[87.02190342838652,27.564562561329698],[87.02171487274013,27.56537524036674],[87.0215284327905,27.56560781076072],[87.0210665809749,27.565955481705444],[87.02028367304962,27.566303219583716],[87.02009723389676,27.566537978687865],[87.02003902930419,27.566768234150093],[87.02012994019974,27.56691265041839],[87.0208047603062,27.56738427925611],[87.02096057179233,27.567609968421447],[87.02099452949098,27.56808623283786],[87.02075595396549,27.568781502797428],[87.0204581009947,27.569201379865643],[87.01924623073945,27.570023199629343],[87.01878500690937,27.57054242172293],[87.01799457099575,27.573016407847277],[87.01795145561994,27.57446552121315],[87.0185195767865,27.576519427920093],[87.01853040054947,27.576923483580288],[87.01816591260626,27.57814691014253],[87.01715218387106,27.579336585022652],[87.01628462061144,27.579747530143564],[87.0161171851883,27.579826743340064],[87.01619602866546,27.57989651260779],[87.0165199648271,27.58015820978418],[87.016818330022,27.580431286419184],[87.01716821437128,27.58074055944004],[87.01746664244911,27.581015885764508],[87.01773899681872,27.581277646721386],[87.01801135286598,27.581552973489714],[87.01827107834268,27.58182604948087],[87.01845289999481,27.582056302731715],[87.01871237520797,27.582318063076162],[87.018959095704,27.582557254653796],[87.01919243516926,27.582776190754387],[87.01950311642442,27.58300412796313],[87.01972326255229,27.58315079267212],[87.01999499059411,27.583311023972552],[87.02033105582106,27.583482506632652],[87.02077028371367,27.583651738065083],[87.02119619191416,27.58375319962619],[87.02171238428498,27.58385240887527],[87.02207339396213,27.583931364433777],[87.02233149031211,27.583976436150465],[87.02275708660802,27.58404407548738],[87.02302787405155,27.58407564285692],[87.02336324881261,27.58413203016983],[87.02365998494058,27.584188417619806],[87.02394371568516,27.584242491708693],[87.02429203302698,27.58431006876958],[87.02455012939352,27.584366581717266],[87.02492414282506,27.584422906182734],[87.02531147570795,27.584524368132676],[87.02577571071106,27.584601008896776],[87.02609839267855,27.584646080204685],[87.02635617724657,27.584702467478206],[87.02669155156025,27.58474528823219],[87.02702698902883,27.58481292828812],[87.02754280507449,27.584866999196716],[87.02799441091919,27.58495720747625],[87.02853592448268,27.5850337846974],[87.02880671282946,27.585056287510113],[87.0290777515109,27.585101421717518],[87.02956768241489,27.585144177418798],[87.03016046528276,27.585186931564735],[87.03068872241911,27.58519580201141],[87.03113963940149,27.585193420191104],[87.03141005151839,27.58516853401087],[87.03173210745088,27.58514364656472],[87.03205416366279,27.58516383553236],[87.03248013489498,27.585242790428616],[87.03277687081533,27.585310368734536],[87.03303496731199,27.585366756284124],[87.03335733774536,27.585434396769067],[87.03374435664306,27.58551103881677],[87.034002765741,27.585601249628358],[87.03441642207224,27.58577266903191],[87.03473948137334,27.585930585113537],[87.03498526200056,27.58605693126821],[87.03533464465775,27.58626223711676],[87.03574861357697,27.586476543818783],[87.03627850193267,27.586738238284134],[87.03662750786994,27.586887089536564],[87.03696325874253,27.58701118331516],[87.03723429775035,27.58705625593173],[87.03751840376978,27.587135149651616],[87.03781513963827,27.58721404386762],[87.03817646182861,27.587279432487342],[87.03846063133555,27.587369642798976],[87.03874436174456,27.58742596800077],[87.03904147288789,27.587538746277836],[87.03936459490457,27.5876875983364],[87.03967489982324,27.587811630525394],[87.03995931941708,27.587960544839046],[87.04024380209125,27.588095955792735],[87.04050252597078,27.588256061367026],[87.04058843354952,27.58832376779657],[87.04072273461014,27.588427546344246],[87.04089192618814,27.588666739251618],[87.04107412324946,27.588908182499264],[87.04120467477593,27.58912486903501],[87.04146490287796,27.589467840867506],[87.04162102596162,27.58968671556566],[87.04189382050797,27.59001843352773],[87.042102026768,27.59029151054573],[87.04232317657173,27.590578092216443],[87.04256995952707,27.590830787847473],[87.04281642997827,27.591081294935208],[87.04302426105562,27.591297917634087],[87.04329642766184,27.591550612940974],[87.04333381778478,27.59158899873613],[87.04355621637423,27.591812374298783],[87.04377673846597,27.59200642804552],[87.04399719884584,27.592200418694798],[87.0442433551839,27.592394472498288],[87.04456710394484,27.592633600717047],[87.04489091529855,27.59286147532675],[87.0452792504747,27.59308934878787],[87.0455637326905,27.593249454243452],[87.04587347395375,27.59333966440607],[87.04613163245163,27.593384798478688],[87.04645437839007,27.593463567549172],[87.04680244457636,27.593506387784515],[87.04712475236512,27.593551396316947],[87.04740892087945,27.593596405416015],[87.0477569875557,27.593650479069797],[87.04805378561467,27.593695487872594],[87.04837615485258,27.5937156762799],[87.04872390858505,27.59373811573481],[87.04904627726242,27.593735735802834],[87.0494843149261,27.593744606667205],[87.04984500942545,27.593719657506703],[87.05012811350018,27.5936721394241],[87.0503982125017,27.593624621003713],[87.0507452758503,27.59350714495681],[87.05100205605888,27.593403235075822],[87.05127146504965,27.593229305887064],[87.05151524033718,27.593078007508407],[87.0518356677428,27.59287019245101],[87.05219498333615,27.592648872588825],[87.0525539864769,27.59240492075045],[87.05289998476172,27.592151967082756],[87.0532203495731,27.591919394294727],[87.05351507933332,27.591722895092463],[87.05371202511404,27.591589602806774],[87.05382281467213,27.59151282857968],[87.05406658933279,27.59136378143757],[87.05427172490802,27.591212484656324],[87.05451449665992,27.590934711794674],[87.05473201081627,27.590704391348766],[87.05493639517567,27.590474071284138],[87.05512821283152,27.590300205181588],[87.05533265837921,27.590056317982487],[87.05552410056846,27.589826060507793],[87.05568996977463,27.58960699357292],[87.05597094262346,27.58927282890647],[87.05617476260998,27.588938666002072],[87.05639114801242,27.588579744812446],[87.05651831566848,27.588349425598846],[87.05672176016382,27.588004009089037],[87.05689950727461,27.58765859245637],[87.0571033264124,27.587313113117812],[87.05730676969264,27.586965446055462],[87.05751052721573,27.586631282971624],[87.05768864949573,27.586319751061975],[87.05790465933501,27.585917880647646],[87.05805683559163,27.5856176027365],[87.05823495784888,27.585283439545748],[87.0583744416673,27.584983162595016],[87.05846297002245,27.584752905911582],[87.05857682043357,27.584500080487068],[87.05867804064336,27.58424719173265],[87.05883046633058,27.583958292505116],[87.05896995048137,27.583657952853997],[87.05913475455156,27.5832899678433],[87.05922328267079,27.583048395449417],[87.05936308000176,27.582806822987084],[87.05950293918056,27.582529176652034],[87.05960409781336,27.58228760412216],[87.05974358088575,27.58198732706153],[87.0598833775878,27.581711869469846],[87.06004849554057,27.58138902178915],[87.06017535081862,27.581147449255024],[87.06028951342174,27.580892373205508],[87.0604289342498,27.58060559911025],[87.06053015470353,27.58033920724636],[87.06060574042877,27.580108951080433],[87.06069395583502,27.579844810126527],[87.06082106127205,27.57959198393056],[87.0609608586633,27.57933909577768],[87.06110071810666,27.57908401849136],[87.06126614963131,27.578831129814212],[87.0614192649838,27.578612063835845],[87.06166235011756,27.578379491963812],[87.06193138411469,27.578194309091103],[87.06220073020322,27.578020379174145],[87.06253441247478,27.577846385550483],[87.06288066170946,27.577638569900152],[87.06311143188682,27.577475955991712],[87.06331619212692,27.577324596587818],[87.06355990397604,27.57715066673091],[87.0638545712943,27.57695423028114],[87.06412398042696,27.576791554068805],[87.06443165311047,27.576606307741773],[87.06470099933894,27.57643237789699],[87.06504724958977,27.576247131111536],[87.06539356047303,27.57601443319912],[87.06575281478102,27.575829185999876],[87.06612476115255,27.575619056405646],[87.06638141540058,27.575467695659956],[87.06671516064682,27.5752937653319],[87.06697175280866,27.575155971073],[87.06725379144044,27.57499335725941],[87.06749750323442,27.574841934464896],[87.06781855697099,27.574701826034705],[87.06807552484594,27.57459785476359],[87.06847348130283,27.574421547202373],[87.06884567784171,27.574225047200024],[87.06910239568572,27.574107571300416],[87.06946164955072,27.573922261951914],[87.06989818276357,27.57374820449899],[87.07023249167499,27.573641981468594],[87.07050221478286,27.573549262595336],[87.07078487921623,27.573420470418156],[87.07106685530503,27.573235224685906],[87.07137415100917,27.57298002112527],[87.07156565562943,27.572760954048285],[87.07178260670693,27.57250812687136],[87.07194835100685,27.572275431463726],[87.07216574003336,27.57205636405945],[87.07246147155716,27.57195239163242],[87.07278271356975,27.571868737454675],[87.07309145135923,27.571798587429193],[87.07336142539427,27.57171718482975],[87.07370842621668,27.571622152145718],[87.07400440999288,27.571597202974456],[87.07430045621874,27.571538306840804],[87.07464808374311,27.571535863241976],[87.07504735678599,27.571535670113956],[87.07538235472428,27.571533226855305],[87.07576899836046,27.571530720822967],[87.07610362156414,27.57152827781502],[87.07640035607164,27.571550717747105],[87.07667076811659,27.571548276002506],[87.07710899345382,27.571579653831737],[87.077482630817,27.571577147416935],[87.07798481707778,27.571574577238874],[87.07837139673826,27.571560817743762],[87.07883494297313,27.571558310118846],[87.0792471569663,27.571544487881596],[87.07951756866964,27.571530792988035],[87.07982662067027,27.571530600262125],[87.08009765893372,27.571562043069868],[87.08043341032956,27.571688263174575],[87.08078210347239,27.571823485815973],[87.08107946494376,27.57193613945276],[87.08135094217648,27.572048856035746],[87.08172595945439,27.572242719672488],[87.08194579327544,27.57238031997101],[87.08227022930141,27.572603567555007],[87.0825544005035,27.572790743327854],[87.08281356230054,27.572995988082052],[87.08307303682098,27.573212547782564],[87.08324197798298,27.57340653989301],[87.0833989794423,27.57373819744645],[87.08347870154033,27.57406085328294],[87.08357105291749,27.574334056640893],[87.08371573870652,27.574701850186077],[87.08383341132787,27.574954547151954],[87.08397703114828,27.57518236215852],[87.08415929049889,27.575446436896318],[87.08430366238822,27.57578941037869],[87.08440901834788,27.576075993402835],[87.08451437645014,27.57642128042971],[87.08456815141764,27.57669661015951],[87.084699454888,27.577005824328182],[87.08481712869468,27.577258521894937],[87.0850510312018,27.577486334998664],[87.08529687461188,27.57765769471114],[87.08552971339861,27.57777047410268],[87.085814133264,27.577919200981853],[87.08615057293906,27.578101812025366],[87.08642205091887,27.57822578203568],[87.08675849127276,27.57843102547342],[87.0870306574896,27.578636206901553],[87.08725086666117,27.578782808486192],[87.08749670928373,27.578920345516448],[87.08776818766393,27.57904431536017],[87.08803928882747,27.579111831641143],[87.08838835738655,27.579271873355317],[87.08873673794514,27.579361894907958],[87.0889822672841,27.57945204274372],[87.08929163272704,27.57948342242302],[87.08954972891546,27.579528431726363],[87.08987216095208,27.579550746801928],[87.09015557779816,27.57957087338388],[87.09061943722243,27.57959087275766],[87.09099313812457,27.579599682587713],[87.0913281368497,27.57959942745337],[87.09184332574448,27.579549405791557],[87.09235813963001,27.579490381228897],[87.0928729536464,27.57944035873598],[87.09313036057374,27.579392778707028],[87.09358090100484,27.579345070586115],[87.09394090725047,27.57927260660637],[87.09427521775028,27.579202393973674],[87.09469974657095,27.579084728669713],[87.09502105161542,27.57900326208345],[87.09531640914084,27.57889697695714],[87.09567635167595,27.57876805879524],[87.09602291407941,27.578616571862998],[87.0964723893596,27.578419883492188],[87.096844648544,27.57825708027975],[87.09715294752893,27.57813947865357],[87.09751251587335,27.57799930693536],[87.0978720835474,27.577859073908503],[87.09825766057173,27.57770758601597],[87.09856602199245,27.577601238315943],[87.09901512260815,27.5774045487458],[87.09942633369431,27.57726431419604],[87.099811848516,27.577124080088115],[87.10022306044229,27.576983845975626],[87.10059563350659,27.576854865148864],[87.10085266380439,27.57676214644408],[87.10125087156611,27.576633165327955],[87.10164907807112,27.576504247196674],[87.10211187151631,27.576363949115972],[87.10254871686158,27.576198832254786],[87.10303676962405,27.57601339575691],[87.10334506836271,27.575907047461563],[87.10378191464308,27.575755497255884],[87.10411584773415,27.575637833096483],[87.10454000289964,27.57550885119932],[87.1048999454055,27.57537993374443],[87.10532409998163,27.575275771859737],[87.10577432704487,27.57519192832732],[87.10622449222585,27.57509676876819],[87.10673886681388,27.574978977054823],[87.10711181549891,27.57490870071231],[87.10739516984052,27.574883689641563],[87.10784539779631,27.57482235240971],[87.10824460678278,27.574774645126542],[87.10866920001287,27.574726937787535],[87.10913268243637,27.574676854336715],[87.10960923336425,27.574651652165993],[87.11014999493683,27.57462638665804],[87.11060091131895,27.574623754678203],[87.11107777581368,27.574655007471993],[87.11143847082049,27.574652438379136],[87.11194140688465,27.574694881014324],[87.11232798878328,27.574739701465727],[87.11279190967218,27.574759575538348],[87.11311427981423,27.57479095498842],[87.11344965474653,27.574847092106044],[87.11374638949293,27.5748920385695],[87.11405613087067,27.574982059794127],[87.11431428958478,27.575036010028708],[87.11461133840912,27.57512603175322],[87.11497272314044,27.575204674605168],[87.11528252724335,27.575306011998702],[87.115656916409,27.57539597085445],[87.11594095974382,27.575463486674394],[87.11632766626595,27.575519560089294],[87.1167111220497,27.575584386355228]]]}}]}