{"type":"FeatureCollection","features":[{"type":"Feature","properties":{"province":"Lumbini Province","district":"Dang","municipality":"Tulsipur Sub-Metropolitan City","ward":"18","wardNumber":18,"sourceMunicipality":"Tulsipur","sourceType":"Upamahanagarpalika"},"geometry":{"type":"Polygon","coordinates":[[[82.38696882185688,28.123271486506653],[82.38675774644524,28.122887747181778],[82.38629345718097,28.121969473628784],[82.38621149343234,28.121586673644984],[82.38619323993287,28.121205499058476],[82.38587981900413,28.12028797698607],[82.38584543935862,28.119446605025896],[82.38589202361445,28.119064743147934],[82.38579124152668,28.1184497487161],[82.38580194267843,28.1174543946312],[82.38571972767619,28.117146116075258],[82.38570109799043,28.116839400227466],[82.38549552996705,28.11599527648065],[82.3853067130601,28.115611286917915],[82.3852238102891,28.11530294582732],[82.38526870359121,28.1151310208804],[82.38542076230223,28.114980540153976],[82.38550854555369,28.114828433287762],[82.38635261738371,28.114163244340016],[82.38676815392549,28.113421092479403],[82.38740678179066,28.11197042132379],[82.387563033511,28.111359555468695],[82.38754997338404,28.11059239282723],[82.38796557202781,28.10990669461076],[82.38833490137466,28.109487761911147],[82.38866209094859,28.108954106980068],[82.38881640217956,28.10859150240484],[82.38890938154765,28.10790229997693],[82.3888923784216,28.1075188126114],[82.3890060517616,28.106908384337757],[82.38900880493976,28.1066781915169],[82.38861460815559,28.10537105484874],[82.38848825021354,28.1051421738428],[82.3882182205512,28.10433481023708],[82.38802971653777,28.103874110475914],[82.38782227094177,28.10318115594808],[82.38782421051168,28.10302992379659],[82.38798809657881,28.101728480222874],[82.38812208889762,28.101269033882897],[82.38819218260649,28.100733501925262],[82.38819800296353,28.100196344555766],[82.38832961690512,28.099892631614242],[82.38858977866082,28.099643997966833],[82.3886775632871,28.09949195416291],[82.38874465317068,28.099263324675288],[82.3885627833372,28.098188757369055],[82.3885649112597,28.097958565098605],[82.38850370318691,28.09765235012008],[82.38846688218092,28.097115566765495],[82.38851227688585,28.096887187284405],[82.38866539914059,28.096581036344265],[82.38866915344367,28.096274008463602],[82.38858449840417,28.096121463244916],[82.3884570141188,28.096005428403934],[82.38800834841072,28.09584750389172],[82.38762464603967,28.095596364530884],[82.38724044141576,28.095401679502856],[82.38690081872572,28.095014750490755],[82.38677577500498,28.094688779046308],[82.38682204595284,28.094381439208412],[82.38678153230688,28.09415162166613],[82.38678453644604,28.09384471866859],[82.38698505562327,28.09315664287461],[82.38698693241194,28.09300547390999],[82.38690315376724,28.09277384223655],[82.38662799190806,28.09240654485601],[82.38645993209845,28.092099140727477],[82.3863535185184,28.09198510714186],[82.38622628538405,28.091887076597416],[82.38618301866494,28.09188751420606],[82.38570415393582,28.09175253391574],[82.38541298378294,28.091669694665246],[82.3850933039693,28.091494640349563],[82.38496494447382,28.091455315899555],[82.38470910001546,28.091299892734032],[82.38434871948586,28.090933469936466],[82.38415902656139,28.09062625372636],[82.38407774992218,28.09024339038244],[82.38406694168214,28.089401830456037],[82.38396409388186,28.08901921782426],[82.38383792457232,28.088806091804766],[82.38375483341069,28.088576773509253],[82.38358545976416,28.088364084876627],[82.38320163061584,28.088151331805438],[82.38294509848153,28.088090749935642],[82.3828168634886,28.088013038385643],[82.38262466819849,28.08795408249818],[82.3823027352867,28.087952829058754],[82.3821104762125,28.087893810333277],[82.38146579882093,28.08792512739247],[82.38094847864359,28.08811311648749],[82.38056177210983,28.088166754323876],[82.38043334905109,28.088127366360823],[82.38004995806126,28.087894232747512],[82.37979280038097,28.087835901388754],[82.37940665719665,28.087833021858398],[82.37895730239936,28.08771342128194],[82.37882787917998,28.087789192596347],[82.3782666668544,28.088034072301678],[82.37815887683,28.088109593787127],[82.37791884666358,28.088394112934107],[82.37759090748955,28.088869062566612],[82.37739301732246,28.089268116275562],[82.37710490227447,28.090013520192006],[82.37692977149189,28.090297351775117],[82.37629859212048,28.09103937753838],[82.37584304282232,28.091436615660278],[82.37575638583495,28.091473563304255],[82.37543101112713,28.091752142884665],[82.37519323425333,28.091910250131935],[82.37452535783183,28.092171947017707],[82.37387654803476,28.092627513104958],[82.37303410500368,28.093116649912595],[82.37283996896593,28.093211114076155],[82.37258137178466,28.093285884054893],[82.37230045290406,28.093455681580252],[82.37219016156914,28.09348831580089],[82.37209762614627,28.09351638563429],[82.37194781987604,28.09359465687016],[82.37181814609045,28.09365236082838],[82.37157861734984,28.093878175172378],[82.37123161089653,28.0941028635318],[82.37097176202592,28.094234025090795],[82.3700611048664,28.094816313798855],[82.36979994286679,28.09504006560194],[82.3694068543147,28.095495320822096],[82.3691456919407,28.09572132324007],[82.36884201449858,28.095907124954994],[82.36838490310627,28.09628404483958],[82.36814499825573,28.09653017740031],[82.36758047110513,28.096962300712914],[82.36734056694478,28.097208433556084],[82.36725384651632,28.097245381132733],[82.36701388033596,28.09748926334929],[82.3666853784955,28.097923512747652],[82.36633737053984,28.098224911884028],[82.36583592865315,28.098717302133792],[82.36503024605477,28.09945201216104],[82.36466116856379,28.099694830221765],[82.36439994427731,28.099920894334556],[82.36424669787435,28.10012995480316],[82.36405068520865,28.100278622138774],[82.36394170556612,28.100412848364037],[82.36376851585277,28.100504874101652],[82.36344189071237,28.100787954600086],[82.36316028394917,28.10095550181617],[82.36250859850011,28.10144489028837],[82.36231264964933,28.10159574541988],[82.36213814462445,28.10178479922381],[82.36139830057719,28.1024443001306],[82.36118165598549,28.102575024255493],[82.3609416884462,28.102818968891324],[82.36024867676524,28.103211703900868],[82.36007298320104,28.10345721225928],[82.3598127601772,28.103608692275987],[82.35913881545328,28.104152471353963],[82.35889847369883,28.104416610362975],[82.35876435733181,28.104779028261323],[82.35828611293704,28.10515382155204],[82.35819945542319,28.105190831519693],[82.35802495138726,28.105379823652623],[82.35782962635228,28.105530741627124],[82.35759134900351,28.105661715467583],[82.35732630829224,28.106135978091718],[82.35732518246743,28.106192369373343],[82.3572374602616,28.10630608984267],[82.35688857691929,28.10664581179043],[82.35656732937674,28.10700097562388],[82.35634261744536,28.107249171947405],[82.35612234467678,28.107589895074103],[82.35592658223199,28.10776106892311],[82.355530929623,28.10832685769576],[82.35459569763496,28.1090988890315],[82.35437623873733,28.109401163875415],[82.35428682814216,28.10963004245544],[82.354155401909,28.109800529686048],[82.35378938938948,28.109892115950316],[82.35359619215393,28.10990768151391],[82.35351159916041,28.109811402329193],[82.35321761872214,28.109405844052052],[82.35284148453658,28.108791285132693],[82.35277839942596,28.10873320572411],[82.35250817859465,28.108194294495156],[82.35236563007625,28.10773534632987],[82.35238020699136,28.106819014966728],[82.35229936752143,28.106512862028087],[82.35189690799633,28.106182887432933],[82.35134414221469,28.105890484424375],[82.35115188320306,28.105829152838755],[82.35102214708762,28.10588460519456],[82.35073797516155,28.10620782331598],[82.3506042975116,28.106511535780804],[82.35042897971627,28.10673666299869],[82.35029573952005,28.10702237097901],[82.35023033992695,28.107079387053567],[82.35020520311225,28.107307579198995],[82.35007027427773,28.10770607044183],[82.35006727129947,28.107877557952012],[82.3500222534214,28.107993154076865],[82.35001524629492,28.108451288353212],[82.34994803208691,28.108621212622523],[82.3499205187978,28.10896456362776],[82.34982941888386,28.10930841402177],[82.34969667917564,28.10953535419486],[82.34943626751222,28.10972296984918],[82.34883548113417,28.109715338136258],[82.34666124114614,28.108847628884956],[82.34640633513057,28.108712462637595],[82.34608602991156,28.108593799954633],[82.34576760027767,28.108416369951193],[82.34506308938084,28.108197613236378],[82.34493385370975,28.10819661147859],[82.34467775889951,28.108117836833706],[82.34455077486125,28.10804018790962],[82.34448581300859,28.108038561644953],[82.34410317225975,28.107861757190722],[82.34371821770615,28.10776172499455],[82.34337834287028,28.10754847166837],[82.34296887616655,28.107676568571165],[82.34277267645201,28.107863559923167],[82.3426621957638,28.1080338588542],[82.34257103314843,28.10837777162392],[82.34250500818689,28.1084912421755],[82.34249380897526,28.109177381222345],[82.34253476118612,28.109294352696626],[82.34253000605025,28.10957874931787],[82.34263041494279,28.109981680488335],[82.34275433305076,28.110269328978237],[82.34279171875487,28.110614242765074],[82.3427227528384,28.110899201026545],[82.34252398786762,28.111239674618055],[82.3423945009547,28.111315382714597],[82.34211470889971,28.111331697919656],[82.3413355395282,28.111761317715505],[82.34062408476062,28.11196237157879],[82.34017053875056,28.11212704101116],[82.33997734116359,28.112144670344797],[82.33978289342087,28.11221887825579],[82.33946027189799,28.112271578577047],[82.33887786601929,28.112455565411146],[82.33836198508105,28.112526082091787],[82.33799734888294,28.112520577107937],[82.33735485993942,28.112436610448775],[82.33658469977946,28.112313255792078],[82.33613659658194,28.112152892482417],[82.33588106476148,28.112017725461282],[82.33528797380929,28.111551834167017],[82.3352252633613,28.111473498365736],[82.33495535622856,28.110898389668616],[82.3348288099288,28.110800360417958],[82.33457221439454,28.110739653190333],[82.33405401932241,28.110925265821525],[82.3335392025139,28.110919009837385],[82.3333294401318,28.110629923579264],[82.33314274843111,28.110245871849386],[82.33301607782771,28.11009132503109],[82.33291429306406,28.10978554710611],[82.33249232800962,28.109320156970284],[82.3324549423082,28.109015880216294],[82.33226643734508,28.108744673604004],[82.33213901572897,28.108628576053658],[82.33196914055338,28.108530921434276],[82.33156405355831,28.10839275276304],[82.33124362228158,28.10831228875136],[82.33104936235357,28.108348048242593],[82.33100496962122,28.10846133085495],[82.33093775504304,28.108633443573876],[82.33093418857564,28.108861448121576],[82.33088910814858,28.108976981487523],[82.33087966143314,28.109547961597634],[82.33083464379362,28.1096635570636],[82.33068208574885,28.109831981127623],[82.3305078322186,28.109939761013436],[82.33037846981223,28.11001997108591],[82.33020640573953,28.110055480201726],[82.3300762310945,28.11013125111759],[82.32988222132542,28.1101850157195],[82.32949294937438,28.110353562470397],[82.32936302453348,28.1104473386569],[82.32897475425008,28.11053911235915],[82.3286537591636,28.110515102755066],[82.32833314085393,28.110416696119408],[82.32756604559454,28.110083342750745],[82.32731195272754,28.10990753889461],[82.32724899266248,28.109811134993283],[82.32727756981903,28.109391137407858],[82.32743094195816,28.109184265394614],[82.3274993446939,28.10895569801993],[82.3273979355668,28.10857302271988],[82.32733522548706,28.108494687118995],[82.32727451810446,28.108265056845408],[82.32727964747338,28.107960342113543],[82.32717629931453,28.1077289602783],[82.3270708857826,28.10759454574863],[82.32669055978845,28.10724619027157],[82.3265855855506,28.107091518647756],[82.32644409978751,28.106555797774988],[82.32638101435496,28.106497717492836],[82.32636100788697,28.10642119539101],[82.32634550600966,28.106039958195517],[82.32643491702412,28.105811204166688],[82.32641490961451,28.10573468115446],[82.32637283197634,28.105676413760072],[82.32616012894736,28.10556112892463],[82.32590184500718,28.105613266979475],[82.3251904522661,28.105816508348045],[82.32467244515,28.10602006397917],[82.32428154671645,28.10626307017219],[82.32350331526307,28.106615855300856],[82.32292140914286,28.106801967588027],[82.32227191343914,28.10711743003941],[82.32207790331726,28.107173444620543],[82.32168888156608,28.107359996845076],[82.32143015941065,28.10743245336973],[82.32045522727267,28.107994735599966],[82.32023683092133,28.10823830533867],[82.3199326528577,28.108446552211966],[82.31915529745487,28.108722626373645],[82.31876489986146,28.109003956617475],[82.31872063244745,28.10908110333011],[82.31856844927698,28.10917506763085],[82.31826333327,28.109457836060567],[82.31798197597871,28.109607252355392],[82.3178526153748,28.10964232400549],[82.31707294544148,28.11009219999052],[82.31655205948024,28.110428856949735],[82.31629121013084,28.110636728480877],[82.31603148750139,28.110785895026968],[82.31590212645291,28.110823280781933],[82.3154455772055,28.11116162594768],[82.31518591629577,28.11131079246457],[82.31382421516597,28.11188576375649],[82.31336941815938,28.11210901264986],[82.31310931951863,28.11227849847158],[82.31284978464775,28.11238934108934],[82.31272086091435,28.112408595390335],[82.31246113733695,28.112557762055026],[82.31194212951652,28.112779323146075],[82.31136028557222,28.11292717460508],[82.31103616400058,28.113056647223495],[82.3105186573734,28.11320149840987],[82.3096804058789,28.113288517486264],[82.30896888810855,28.11348944549288],[82.30818915519454,28.113939134310034],[82.30803553425264,28.114127876321923],[82.3078184513267,28.1142766676129],[82.30768608760437,28.11448554056653],[82.30781444717901,28.11452492825382],[82.30807141762334,28.11456756805635],[82.30864456562962,28.114916424491387],[82.30928661641653,28.115020835405897],[82.30986120221954,28.11533355727623],[82.31018038248642,28.115470412079187],[82.3104351632895,28.115646278162977],[82.31075459375955,28.115801138485214],[82.31094685175779,28.11586022043414],[82.31126546950335,28.116055780408573],[82.31188332195744,28.116311672904015],[82.31218049293165,28.116525425724305],[82.31228565589716,28.116641773129736],[82.31261952553152,28.117198251262977],[82.31293720331104,28.117470521493505],[82.31306318666125,28.117625067738235],[82.3132510656521,28.11795041490154],[82.31363314292071,28.118183673918853],[82.31382546432525,28.118245005604418],[82.31414670847603,28.118287083523583],[82.31479351383766,28.118102596806416],[82.3160832460786,28.117984134236714],[82.31704791822784,28.118033532003036],[82.31730445058027,28.11809430124566],[82.31883244749548,28.119142433525106],[82.31908816759477,28.119241527578353],[82.31927930020012,28.11935931344293],[82.31966425502384,28.119459408434942],[82.3199195986122,28.11957656963852],[82.32043053716951,28.119831148547586],[82.32074877884072,28.12004465122121],[82.32094066185748,28.12012411414573],[82.32157795831091,28.120512857938433],[82.3217694038942,28.12061032539074],[82.32183436543177,28.120611951813995],[82.32228196831828,28.120788132262142],[82.32249467132432,28.120905668403392],[82.32287468410108,28.12127209098033],[82.3230238643835,28.121349677241312],[82.32342388366482,28.121794873676073],[82.3237425628574,28.12198812112279],[82.32399815718985,28.122125538303532],[82.32470279222055,28.12234442040631],[82.32493650345651,28.12246176886538],[82.3250852461527,28.122559611478295],[82.32559274249081,28.123042132732046],[82.32573741822735,28.123367916224993],[82.32603265065468,28.123676509487574],[82.32635014113488,28.123928398114558],[82.32666882041742,28.124123833228264],[82.32692522783837,28.124222989239346],[82.32776141403687,28.124271322904224],[82.328082220389,28.12433134291573],[82.32810391655912,28.124331155916714],[82.3282312754339,28.124390861527075],[82.32848962255531,28.12433647299332],[82.32855370892119,28.1243741717738],[82.32898011615774,28.124532533954312],[82.32974470877205,28.12501930773061],[82.33012766205049,28.125214180509243],[82.33044584081864,28.12546607020011],[82.33050748911523,28.125515147085135],[82.33078458961737,28.1257380896488],[82.33102380574582,28.125530405588698],[82.3313472406672,28.125439256658257],[82.33160721310333,28.125310345858036],[82.33245203294197,28.124823771770323],[82.33260283986895,28.124768131991434],[82.3332746574162,28.124393777294383],[82.33353400505943,28.124264865914064],[82.33396591759546,28.124098195250486],[82.33489626947161,28.12363325408568],[82.33550143540123,28.123372369937144],[82.33595498135882,28.123205386498785],[82.33666612369014,28.12302477690192],[82.33700862505422,28.123084609328714],[82.3371993198832,28.123222651210362],[82.33759408469034,28.124008635273658],[82.33782591855456,28.124279404132068],[82.33799541767873,28.12439737746193],[82.33848516066416,28.12463176288375],[82.33880603007204,28.12469184539416],[82.33889193644704,28.12469322179074],[82.33917454478188,28.124487350500516],[82.33930384304202,28.12445002807115],[82.33975363562992,28.124492982018776],[82.34046796791718,28.124158764156796],[82.34072612692509,28.124142699092594],[82.34111583671279,28.12395614749752],[82.34188874893967,28.12398241137437],[82.34240519252819,28.123911956701612],[82.34292038507083,28.123936155370483],[82.3431147077778,28.123900396856435],[82.34330771637309,28.123921091582115],[82.34408156871562,28.123870645454573],[82.34440556490826,28.12377943403314],[82.34460020179412,28.123666964569647],[82.34524900809652,28.12338751297301],[82.34557482010948,28.123181204713273],[82.34561864933707,28.123124375436117],[82.34581459972476,28.122917128544103],[82.3459633412297,28.12305104439776],[82.34615735103019,28.122997217854763],[82.34658988878597,28.122830422064396],[82.34745046091207,28.122743027567765],[82.34770780708634,28.12276534901134],[82.34813840579503,28.122693394020175],[82.34865334714512,28.122756040748374],[82.3502857682628,28.122771558460677],[82.35063089843038,28.12268009684273],[82.35078283069896,28.122568064602383],[82.350892497773,28.122433838813258],[82.35093945596826,28.12216932372728],[82.35085892896448,28.12178652360907],[82.35037732048015,28.12098109585217],[82.35020857173997,28.12077065747345],[82.34963279740603,28.120478442412377],[82.34911985812292,28.120321016824626],[82.34867388274897,28.119973411917698],[82.3485468360811,28.11983924641885],[82.34846343152259,28.119686638016983],[82.34844473897361,28.119515275272725],[82.34848994464939,28.119363669049907],[82.34866488743182,28.1191542955943],[82.3487969387402,28.118927355172882],[82.34901339536887,28.118834955033595],[82.34916307538217,28.118894410704108],[82.34967695336482,28.11897512635431],[82.34987046319058,28.11897769096329],[82.35089778117992,28.119254155557112],[82.3510906034421,28.119256782404882],[82.35160385541056,28.119432338227487],[82.35186257742545,28.119359756481153],[82.35284625447586,28.119654663258505],[82.35301969456832,28.119580767124653],[82.35310735327366,28.11946704745054],[82.35313317920937,28.119141826876906],[82.35322064959645,28.119066492860515],[82.35341472210698,28.119012604082457],[82.35354352039514,28.119031735025356],[82.35380224235757,28.11895921633313],[82.35466143797359,28.118968788111495],[82.35529716954905,28.119526644042676],[82.3554442853096,28.11973733263194],[82.35553000439991,28.119777094194742],[82.35557170665277,28.11985336706658],[82.35601655630254,28.12025742706057],[82.35618705566867,28.12035501978385],[82.3565270555339,28.12062472579973],[82.35673750598605,28.12091149970109],[82.35679927695996,28.121066608176058],[82.35675488460393,28.121179828307127],[82.35671105490714,28.121236720027596],[82.35653823958008,28.121310614757782],[82.3563853069923,28.121443027544334],[82.35629745971184,28.121592820876163],[82.35629489517103,28.121746303476012],[82.35644163490693,28.121977310184917],[82.3565694946981,28.122073089496457],[82.35692799858235,28.12249602858112],[82.3573336480444,28.122670270988966],[82.35759268288932,28.122615818945956],[82.35800021031834,28.122638828616545],[82.3582332318717,28.122850893162468],[82.35850701867209,28.12321600238913],[82.35869871403332,28.12333147502592],[82.35895724733574,28.12329734256565],[82.35921659550795,28.123166117822276],[82.35950076705491,28.12284508844197],[82.35956547919122,28.122826396596736],[82.3599723175818,28.122944246305316],[82.36005803681226,28.12292755444635],[82.3601668916039,28.122831714603755],[82.36025580102013,28.122661603232775],[82.36038610092766,28.122549696039638],[82.36066282732475,28.12274331793532],[82.36079124939167,28.122782643120892],[82.36104872090623,28.122764264030515],[82.36135233490704,28.122616848590397],[82.3616088680264,28.122675242419504],[82.36173785349271,28.122658113696843],[82.36186627596474,28.122697501069695],[82.36218601913247,28.122872555294],[82.36282700599604,28.12308737298581],[82.3635941625313,28.123515254837443],[82.36397605251034,28.12382290997802],[82.3641678725785,28.12394057084331],[82.36471969926073,28.124402148995845],[82.36520975460961,28.12465453856143],[82.36533761334911,28.124750318092527],[82.36544302620564,28.12488467051378],[82.36554650072901,28.125116051812988],[82.3655359266658,28.12583826428146],[82.36570473745586,28.126050952818726],[82.36589605804187,28.126184493770662],[82.36608881732667,28.126225444821706],[82.36636973595506,28.126093970503913],[82.36651935368295,28.126153426853637],[82.36722186060318,28.126597750323135],[82.36754254189101,28.126696094259515],[82.36767115272677,28.126699282884275],[82.36814589400304,28.12655011844156],[82.36834234397399,28.12638119535706],[82.36855817519518,28.126288794834856],[82.36877513212163,28.126137689215927],[82.36896864204284,28.126140254313988],[82.36941699489164,28.126316309653863],[82.36981964135622,28.126700362822845],[82.37015588735623,28.12721833013851],[82.37021446754763,28.12761938590529],[82.37021096414821,28.127847389633487],[82.37035732835857,28.12809640179132],[82.3707826090671,28.12840580864847],[82.37138158052198,28.128564546937493],[82.37163723727427,28.128699651430956],[82.37184637436465,28.129083390412195],[82.37197304490104,28.129235623332605],[82.3721902512021,28.129201802737715],[82.37221432260884,28.129197051779226],[82.37260090532288,28.129161606422223],[82.37307445766032,28.129068832936937],[82.37346429369445,28.128746741239233],[82.37363817296884,28.128557686836405],[82.37401394745604,28.12758359121714],[82.37418845249775,28.127297509227795],[82.37458417124434,28.126438322347305],[82.37478074758671,28.12613392185479],[82.3749109225668,28.126019764265237],[82.37512644101056,28.12594543115051],[82.37557704638274,28.125949936375058],[82.37609111162507,28.12608685503733],[82.37628287013936,28.126204579014463],[82.37653971466344,28.126283229408845],[82.37705428117316,28.126363818664505],[82.37731206487933,28.12636575914463],[82.37782625552725,28.126466605226877],[82.37898568840352,28.126457236116988],[82.37959016674489,28.126155526884606],[82.38002326845546,28.125832936136252],[82.3800447141998,28.125814680644975],[82.38019602136568,28.125756727245342],[82.38047756570978,28.125530475484634],[82.38077993110917,28.125340171786593],[82.38136308833352,28.1250567177555],[82.38175186020594,28.12490611419441],[82.3818166969836,28.12484903577529],[82.38207548195595,28.12473587910735],[82.38246406667054,28.12456495743079],[82.38291673711599,28.124433984861668],[82.38337103372457,28.1241315240592],[82.3840402859282,28.123867514016744],[82.38475124121672,28.123679776949356],[82.38604303700072,28.12347716498683],[82.38630169730538,28.123402331898973],[82.38645187750745,28.123403083771766],[82.38677524964532,28.12330955859808],[82.38696882185688,28.123271486506653]]]}},{"type":"Feature","properties":{"province":"Lumbini Province","district":"Dang","municipality":"Tulsipur Sub-Metropolitan City","ward":"19","wardNumber":19,"sourceMunicipality":"Tulsipur","sourceType":"Upamahanagarpalika"},"geometry":{"type":"Polygon","coordinates":[[[82.429869643834,28.16234090508138],[82.42948575452358,28.16205381889856],[82.4288256404618,28.161288963746728],[82.42865633058378,28.160907100569485],[82.42840311948754,28.16000939790958],[82.4283629224703,28.15947273989342],[82.42840719152935,28.15916765026639],[82.42834379471749,28.158994536632626],[82.42823700641918,28.158860246709573],[82.42808738890787,28.158764779622402],[82.42787374722101,28.158685755057324],[82.42746834930314,28.15835828103535],[82.42723370149628,28.158089950121433],[82.42708483590962,28.15785906863677],[82.42682855502763,28.157590925843895],[82.42653132394005,28.15701638023543],[82.4265108176708,28.156863147549902],[82.42623428099917,28.156459839496556],[82.42606422093587,28.156114111263083],[82.42580969412785,28.15550067908756],[82.42576793083667,28.155270924303316],[82.42555560529789,28.154869241870895],[82.42553541304088,28.15463929955835],[82.42545063295071,28.154389663010566],[82.42530182965045,28.154161032437592],[82.42504617408385,28.153890638130125],[82.42481077518201,28.1537554719236],[82.42461876832012,28.153583732893864],[82.42423425169332,28.153389109990112],[82.42397796971959,28.153215807651826],[82.423807408274,28.153025750105364],[82.42348929548051,28.15231597695661],[82.42327916330738,28.15139745565152],[82.42320008511473,28.14994277817519],[82.42294862794449,28.148735859173655],[82.42294994479764,28.14835449670706],[82.42284478368323,28.148008081976105],[82.42286810843318,28.147606152148704],[82.42291131357601,28.147454544912627],[82.42306268489828,28.147206973386467],[82.42321330484492,28.147092565769654],[82.42362058261364,28.146941649986996],[82.42407112711015,28.14688507361226],[82.42458481809945,28.146888766515904],[82.42492738330496,28.146948348930906],[82.42535616838076,28.146930346687363],[82.42561313990136,28.146873456849644],[82.42595601769291,28.146856454378185],[82.42612777016096,28.146800502030274],[82.42638586752885,28.146628515486523],[82.4264931586902,28.146514608129237],[82.42670899288362,28.146133247500245],[82.42688262519982,28.145598841754516],[82.42694777625279,28.14542666698908],[82.42733830701556,28.144395867033783],[82.42746817083881,28.144110159481873],[82.42759897367672,28.14365071300256],[82.4276212338343,28.14345871878917],[82.42762242436885,28.14317207248951],[82.42747487467318,28.142598215121023],[82.42713512852384,28.141985719999905],[82.42692161325405,28.141773531356506],[82.42675067530156,28.141696320456962],[82.42662250356113,28.141580347293033],[82.4264520051249,28.14134965320086],[82.42632458455763,28.141100517237348],[82.4262416221264,28.14050790493299],[82.42626381920057,28.140354234772087],[82.42609532491444,28.139742178578103],[82.42592601439826,28.13935806468325],[82.42509477669547,28.138398652079314],[82.42460359651152,28.138031415198796],[82.42392153583829,28.13732095163617],[82.4236875141415,28.136996167467586],[82.4235380224323,28.136860063225676],[82.42319808772776,28.13632427822234],[82.42281419943454,28.135881458255405],[82.4218319019634,28.13518762222184],[82.42144725973326,28.1349772447796],[82.42125487618787,28.134918226297486],[82.42067709961833,28.13478211951107],[82.42035610472176,28.134760611184188],[82.41990725197591,28.134605061902796],[82.41971417986903,28.134586742594333],[82.41965003103554,28.1345467929726],[82.41926520090175,28.13446958023204],[82.41900810491761,28.134467702604017],[82.41881534546023,28.134429064429117],[82.4181727309866,28.13448313774237],[82.41791588496885,28.13446325581688],[82.41727214267725,28.13463242535145],[82.41695045928576,28.13480266001502],[82.41624238072352,28.134970204183297],[82.41534172903025,28.13525259306055],[82.4149550209806,28.135461964298564],[82.4141182052283,28.135763859044708],[82.41392444475997,28.13593515756045],[82.41387204931404,28.135965040951124],[82.41358137683342,28.1361260239549],[82.41338899237776,28.136161845300666],[82.41317509889403,28.136256622009466],[82.41270454844575,28.13623661192988],[82.41240612637444,28.1360997570225],[82.41202092505894,28.135602796374748],[82.41196009032797,28.135524522809913],[82.41161896559171,28.13523462250155],[82.41106482417172,28.134908585353067],[82.41093765304318,28.13477223167618],[82.4106386686523,28.13463768985729],[82.41046848096734,28.134522092009064],[82.41034074735079,28.134387989599176],[82.40980648599027,28.134269388002103],[82.40935788139599,28.13422887289497],[82.40867293602719,28.134457059615332],[82.40843747253199,28.134608476943196],[82.40837294768691,28.134683561490096],[82.40811566249475,28.134817161429012],[82.40798730235785,28.134834228029998],[82.40766705840939,28.134776583878754],[82.4075386351375,28.1347373207319],[82.40711291724642,28.134448295393835],[82.40683594075661,28.134198407549114],[82.40617551106665,28.133774215802262],[82.40585501784027,28.133696252512596],[82.40555628195278,28.133579715927382],[82.40540097589518,28.133430108818978],[82.40529331115565,28.133325139059576],[82.40505947376943,28.133347894755797],[82.40480256735019,28.13317446623056],[82.40448169890067,28.13301979339151],[82.40326018479404,28.13261260250664],[82.40223480838486,28.131921391773005],[82.40210638636795,28.131882004544604],[82.40171924160859,28.131917574487005],[82.40101003966133,28.13189549982152],[82.4003021516472,28.131740261911496],[82.39978689766042,28.131659796824774],[82.39959338785867,28.13165948272662],[82.39939981540886,28.131697554255098],[82.3989881590681,28.13199957742499],[82.39872974920613,28.132094791469758],[82.39847171538506,28.132074908213237],[82.3975073593132,28.131764310449544],[82.39731422473889,28.131743677307913],[82.39711927537061,28.131876589884726],[82.39696715419929,28.132067707358516],[82.39685742387171,28.132294460704202],[82.3967488199338,28.13240836802641],[82.39644708135695,28.132504019201576],[82.39605956149822,28.132557656698673],[82.39595139525471,28.13265349665057],[82.39570998730525,28.1331298224626],[82.39551435012645,28.133357450390744],[82.39527526190781,28.133274173778403],[82.39508181472318,28.13327611044546],[82.39482603029137,28.13342990363956],[82.39456999961324,28.1332181522719],[82.39431540703822,28.132873236299755],[82.39393164279933,28.132529632460866],[82.39329021906583,28.132143514478493],[82.39299067160177,28.13200891028832],[82.39279897657038,28.131855113929518],[82.39267099318039,28.131700754762253],[82.39250218223938,28.131395539141586],[82.39239795960755,28.131012988111692],[82.3922499071371,28.13078204459183],[82.39206065314279,28.13032372058684],[82.39170146218216,28.129711226201227],[82.39155459931189,28.129329112685536],[82.39121635420422,28.128716492536245],[82.39077044297606,28.128141069841917],[82.3905799994448,28.127833853666747],[82.39028220466706,28.1274893754304],[82.38904581615328,28.126414237214725],[82.38872619967908,28.126106019642755],[82.38842834216992,28.12576154138794],[82.38802895191994,28.124842643457008],[82.38751976943976,28.12409635805144],[82.38732907574695,28.123865788681346],[82.38701121179886,28.123347759458124],[82.38696882185688,28.123271486506653],[82.38677524964532,28.12330955859808],[82.38645187750745,28.123403083771766],[82.38630169730538,28.123402331898973],[82.38604303700072,28.12347716498683],[82.38475124121672,28.123679776949356],[82.3840402859282,28.123867514016744],[82.38337103372457,28.1241315240592],[82.38291673711599,28.124433984861668],[82.38246406667054,28.12456495743079],[82.38207548195595,28.12473587910735],[82.3818166969836,28.12484903577529],[82.38175186020594,28.12490611419441],[82.38136308833352,28.1250567177555],[82.38077993110917,28.125340171786593],[82.38047756570978,28.125530475484634],[82.38019602136568,28.125756727245342],[82.3800447141998,28.125814680644975],[82.38002326845546,28.125832936136252],[82.37959016674489,28.126155526884606],[82.37898568840352,28.126457236116988],[82.37782625552725,28.126466605226877],[82.37731206487933,28.12636575914463],[82.37705428117316,28.126363818664505],[82.37653971466344,28.126283229408845],[82.37628287013936,28.126204579014463],[82.37609111162507,28.12608685503733],[82.37557704638274,28.125949936375058],[82.37512644101056,28.12594543115051],[82.3749109225668,28.126019764265237],[82.37478074758671,28.12613392185479],[82.37458417124434,28.126438322347305],[82.37418845249775,28.127297509227795],[82.37401394745604,28.12758359121714],[82.37363817296884,28.128557686836405],[82.37346429369445,28.128746741239233],[82.37307445766032,28.129068832936937],[82.37260090532288,28.129161606422223],[82.37221432260884,28.129197051779226],[82.3721902512021,28.129201802737715],[82.37197304490104,28.129235623332605],[82.37184637436465,28.129083390412195],[82.37163723727427,28.128699651430956],[82.37138158052198,28.128564546937493],[82.3707826090671,28.12840580864847],[82.37035732835857,28.12809640179132],[82.37021096414821,28.127847389633487],[82.37021446754763,28.12761938590529],[82.37015588735623,28.12721833013851],[82.36981964135622,28.126700362822845],[82.36941699489164,28.126316309653863],[82.36896864204284,28.126140254313988],[82.36877513212163,28.126137689215927],[82.36855817519518,28.126288794834856],[82.36834234397399,28.12638119535706],[82.36814589400304,28.12655011844156],[82.36767115272677,28.126699282884275],[82.36754254189101,28.126696094259515],[82.36722186060318,28.126597750323135],[82.36651935368295,28.126153426853637],[82.36636973595506,28.126093970503913],[82.36608881732667,28.126225444821706],[82.36589605804187,28.126184493770662],[82.36570473745586,28.126050952818726],[82.3655359266658,28.12583826428146],[82.36554650072901,28.125116051812988],[82.36544302620564,28.12488467051378],[82.36533761334911,28.124750318092527],[82.36520975460961,28.12465453856143],[82.36471969926073,28.124402148995845],[82.3641678725785,28.12394057084331],[82.36397605251034,28.12382290997802],[82.3635941625313,28.123515254837443],[82.36282700599604,28.12308737298581],[82.36218601913247,28.122872555294],[82.36186627596474,28.122697501069695],[82.36173785349271,28.122658113696843],[82.3616088680264,28.122675242419504],[82.36135233490704,28.122616848590397],[82.36104872090623,28.122764264030515],[82.36079124939167,28.122782643120892],[82.36066282732475,28.12274331793532],[82.36038610092766,28.122549696039638],[82.36025580102013,28.122661603232775],[82.3601668916039,28.122831714603755],[82.36005803681226,28.12292755444635],[82.3599723175818,28.122944246305316],[82.35956547919122,28.122826396596736],[82.35950076705491,28.12284508844197],[82.35921659550795,28.123166117822276],[82.35895724733574,28.12329734256565],[82.35869871403332,28.12333147502592],[82.35850701867209,28.12321600238913],[82.3582332318717,28.122850893162468],[82.35800021031834,28.122638828616545],[82.35759268288932,28.122615818945956],[82.3573336480444,28.122670270988966],[82.35692799858235,28.12249602858112],[82.3565694946981,28.122073089496457],[82.35644163490693,28.121977310184917],[82.35629489517103,28.121746303476012],[82.35629745971184,28.121592820876163],[82.3563853069923,28.121443027544334],[82.35653823958008,28.121310614757782],[82.35671105490714,28.121236720027596],[82.35675488460393,28.121179828307127],[82.35679927695996,28.121066608176058],[82.35673750598605,28.12091149970109],[82.3565270555339,28.12062472579973],[82.35618705566867,28.12035501978385],[82.35601655630254,28.12025742706057],[82.35557170665277,28.11985336706658],[82.35553000439991,28.119777094194742],[82.3554442853096,28.11973733263194],[82.35529716954905,28.119526644042676],[82.35466143797359,28.118968788111495],[82.35380224235757,28.11895921633313],[82.35354352039514,28.119031735025356],[82.35341472210698,28.119012604082457],[82.35322064959645,28.119066492860515],[82.35313317920937,28.119141826876906],[82.35310735327366,28.11946704745054],[82.35301969456832,28.119580767124653],[82.35284625447586,28.119654663258505],[82.35186257742545,28.119359756481153],[82.35160385541056,28.119432338227487],[82.3510906034421,28.119256782404882],[82.35089778117992,28.119254155557112],[82.34987046319058,28.11897769096329],[82.34967695336482,28.11897512635431],[82.34916307538217,28.118894410704108],[82.34901339536887,28.118834955033595],[82.3487969387402,28.118927355172882],[82.34866488743182,28.1191542955943],[82.34848994464939,28.119363669049907],[82.34844473897361,28.119515275272725],[82.34846343152259,28.119686638016983],[82.3485468360811,28.11983924641885],[82.34867388274897,28.119973411917698],[82.34911985812292,28.120321016824626],[82.34963279740603,28.120478442412377],[82.35020857173997,28.12077065747345],[82.35037732048015,28.12098109585217],[82.35085892896448,28.12178652360907],[82.35093945596826,28.12216932372728],[82.350892497773,28.122433838813258],[82.35078283069896,28.122568064602383],[82.35063089843038,28.12268009684273],[82.3502857682628,28.122771558460677],[82.34865334714512,28.122756040748374],[82.34813840579503,28.122693394020175],[82.34770780708634,28.12276534901134],[82.34745046091207,28.122743027567765],[82.34658988878597,28.122830422064396],[82.34615735103019,28.122997217854763],[82.3459633412297,28.12305104439776],[82.34581459972476,28.122917128544103],[82.34561864933707,28.123124375436117],[82.34557482010948,28.123181204713273],[82.34524900809652,28.12338751297301],[82.34460020179412,28.123666964569647],[82.34440556490826,28.12377943403314],[82.34408156871562,28.123870645454573],[82.34330771637309,28.123921091582115],[82.3431147077778,28.123900396856435],[82.34292038507083,28.123936155370483],[82.34240519252819,28.123911956701612],[82.34188874893967,28.12398241137437],[82.34111583671279,28.12395614749752],[82.34072612692509,28.124142699092594],[82.34046796791718,28.124158764156796],[82.33975363562992,28.124492982018776],[82.33930384304202,28.12445002807115],[82.33917454478188,28.124487350500516],[82.33889193644704,28.12469322179074],[82.33880603007204,28.12469184539416],[82.33848516066416,28.12463176288375],[82.33799541767873,28.12439737746193],[82.33782591855456,28.124279404132068],[82.33759408469034,28.124008635273658],[82.3371993198832,28.123222651210362],[82.33700862505422,28.123084609328714],[82.33666612369014,28.12302477690192],[82.33595498135882,28.123205386498785],[82.33550143540123,28.123372369937144],[82.33489626947161,28.12363325408568],[82.33396591759546,28.124098195250486],[82.33353400505943,28.124264865914064],[82.3332746574162,28.124393777294383],[82.33260283986895,28.124768131991434],[82.33245203294197,28.124823771770323],[82.33160721310333,28.125310345858036],[82.3313472406672,28.125439256658257],[82.33102380574582,28.125530405588698],[82.33078458961737,28.1257380896488],[82.33080622301702,28.125737964647524],[82.33139512315455,28.126433986570653],[82.33164665118785,28.126799407842185],[82.33223886637602,28.12734200958673],[82.33236484915004,28.12749649394165],[82.33253334739224,28.127688926666888],[82.33325060776477,28.128460470910177],[82.3339628625729,28.129500594709505],[82.33432055391292,28.129961982954782],[82.33482460916773,28.13072883666048],[82.3351417875034,28.131057498410872],[82.33543620529068,28.1314991927502],[82.33566835121712,28.131747392797003],[82.3361550912053,28.132248105732618],[82.33621898930431,28.132267799517802],[82.33660087863919,28.13257776852981],[82.33727537190889,28.133430962062445],[82.33729337810331,28.13345334407544],[82.33762343756722,28.1336397135344],[82.33766682767322,28.133697918761577],[82.33768883313283,28.133982064914797],[82.33792548017061,28.134383684649837],[82.33799044076463,28.134439451428705],[82.3382267161109,28.134554486968742],[82.33857121764319,28.13466846056243],[82.33958271432732,28.1352994665115],[82.34033524222842,28.135623817787067],[82.34057220356343,28.135795244827047],[82.34091670560704,28.13590921811734],[82.34143252131038,28.136138852495147],[82.34212083789636,28.13636679924282],[82.3422073707546,28.136365924950606],[82.34263721683499,28.13653779151354],[82.343841537719,28.136805754266632],[82.34427169834643,28.136844456805964],[82.34444388773312,28.13682470187258],[82.34465884299107,28.136863215439124],[82.34483109325986,28.13699688029104],[82.34491687449486,28.13703445527047],[82.34502478843729,28.13716649450298],[82.34511056989648,28.13720625723436],[82.34577881089832,28.138120405654856],[82.34631744296296,28.138692827328367],[82.34653283456203,28.13886444211302],[82.34696380275389,28.139379284127166],[82.34741571666491,28.139837422245],[82.34780341910007,28.140352638726956],[82.34801899562292,28.140695741985862],[82.34847172190138,28.141266725102177],[82.34952785044304,28.142754733232977],[82.34970072505533,28.143039630688527],[82.3502829303581,28.144241175504618],[82.35054189801991,28.144642545170452],[82.35069326365398,28.144984084540447],[82.350736650274,28.145500423643544],[82.35099623882279,28.146301222799142],[82.35121194033715,28.146700779627928],[82.35138475305902,28.146929223104085],[82.35147109398602,28.147214995629987],[82.35155718778336,28.147329217097205],[82.35190287085236,28.148244237902063],[82.3522266718635,28.14898802196353],[82.3522268579413,28.149103118240824],[82.35231376336736,28.149332435843395],[82.35240022834617,28.14973324197677],[82.35242266957941,28.150247455175382],[82.35255271221502,28.150819437258285],[82.35268244547535,28.15116341441833],[82.35285463156431,28.151391857713477],[82.35324252321466,28.151715267506045],[82.35354425854833,28.152021422657207],[82.35393214690068,28.152593030637355],[82.35397560006129,28.152707690306833],[82.35444945781298,28.15333719143643],[82.3544929104759,28.15344953672162],[82.35468685562736,28.15373643489243],[82.35492456226525,28.154365934757404],[82.35509843112655,28.155280391896728],[82.35524917103619,28.15562418100539],[82.35537865593643,28.15579667070575],[82.35548650630837,28.15602355061084],[82.35591753695662,28.156481875468664],[82.35619769994913,28.15693944965573],[82.35654269984914,28.15733994546175],[82.35686619087788,28.15785578678119],[82.35714622956127,28.15819832680321],[82.35729747059068,28.158483348908558],[82.3574054455209,28.15876887168331],[82.35749266148274,28.159169677571704],[82.3574711523325,28.159284960799045],[82.35753573722945,28.159455823775822],[82.35757943848981,28.159741971135528],[82.35758005957467,28.16014358925092],[82.35734484081402,28.160771084152092],[82.35738872776479,28.161172326868826],[82.35749720375604,28.161342752510464],[82.35771215803449,28.161476043752714],[82.35824979535508,28.1615541961318],[82.35859354872223,28.161553011032396],[82.35902358340897,28.16162997443179],[82.35928199304635,28.161573271859314],[82.35953909068839,28.16141954140546],[82.35971115483794,28.161381718829947],[82.3599694403658,28.161268563033573],[82.36031331912265,28.16122905400455],[82.36082932362679,28.161305142370225],[82.36119539627344,28.16145719044813],[82.36145330413429,28.16151558451524],[82.36205558908352,28.161724025469475],[82.36231387306418,28.16170558437849],[82.36274409512154,28.161800615414517],[82.36334619498216,28.16183975678674],[82.36377591822647,28.16183994751633],[82.36474365567962,28.161647585392164],[82.36504489156444,28.16185890021562],[82.36538908096307,28.161990879057853],[82.36590589578954,28.16233548408597],[82.36685286952917,28.162811193864837],[82.36891857024965,28.163555553015865],[82.36926326022956,28.16372585582056],[82.36977920106627,28.163896722524296],[82.37081251977892,28.164355740553948],[82.37107098918989,28.164506599057724],[82.37150170997879,28.164831759939077],[82.37195418547233,28.165366545762843],[82.37213781549467,28.165538472853527],[82.37218983398762,28.165574045805823],[82.37224316600268,28.165611870042305],[82.37245661962886,28.165729343787937],[82.37260542423931,28.165863196441386],[82.37313717970983,28.1664198017374],[82.3732843550856,28.16688093814313],[82.3732833532832,28.167052426147343],[82.37317286874395,28.167626718422163],[82.37314979426372,28.168010581640957],[82.37319130781778,28.16822001790196],[82.37336074237409,28.16852748460095],[82.3734670308629,28.168623451344043],[82.3736380321448,28.168700788077317],[82.37464159014795,28.1690697165909],[82.3749193188562,28.169127860609308],[82.37540993695087,28.169359869528567],[82.37562332866582,28.169418638922362],[82.37583678164705,28.16953386202018],[82.37690217105867,28.170398685920663],[82.37766713587878,28.171225935232687],[82.37792335523137,28.171437749050718],[82.37847567924831,28.17210913835321],[82.37922151572408,28.172629671947405],[82.37964854807791,28.172765277164686],[82.38050493093493,28.172770222850303],[82.38084687035398,28.172827679421697],[82.38127478048104,28.172830121048854],[82.38255969946697,28.172643451066463],[82.38286018724688,28.17249134579785],[82.38341683468337,28.172361687752478],[82.38386600163689,28.172343560830836],[82.38412272279174,28.17240189200741],[82.38467817729716,28.172615146715934],[82.38514622321263,28.173018893112957],[82.38535911320591,28.17328753646377],[82.38548521920266,28.173633764168844],[82.38580389649647,28.17405476519147],[82.38614301750314,28.174631312218146],[82.3865898051222,28.175109706122836],[82.3874435560285,28.175649371088912],[82.38776404940693,28.175765719684456],[82.38836327244731,28.175825054100226],[82.38859829584995,28.1759784140379],[82.389751533674,28.176537586931804],[82.39013623948802,28.176596857092157],[82.3904788048888,28.1765978601844],[82.39064993207624,28.176542032013604],[82.39084287831957,28.176542284107388],[82.39101337986277,28.176581171495677],[82.39139852299887,28.17658180008331],[82.39182687145463,28.176469144678432],[82.39321895599085,28.176247340121282],[82.39392453115664,28.176305613207642],[82.39456620759016,28.176443470548577],[82.3955280011374,28.176769886623],[82.39572000781165,28.176943938526062],[82.39589006827018,28.177192700921523],[82.39651061485839,28.177080296553736],[82.39779490678195,28.177085245475876],[82.39833004506185,28.177012103781383],[82.39862984501045,28.17686006032536],[82.399081143127,28.176460571208864],[82.39925289521516,28.176251197441772],[82.399575772404,28.175719858045383],[82.40004088816094,28.175110307232288],[82.4001566829541,28.174957951283794],[82.4006087309932,28.174520013966955],[82.40101663716992,28.17421348790531],[82.40116750720239,28.173965979714914],[82.40131869088825,28.173795181065326],[82.40144849166953,28.173545608110786],[82.40190029020015,28.173087415302966],[82.40224536048734,28.17255357267806],[82.40243899625337,28.172362017557088],[82.40265345338943,28.172210912604516],[82.40282501968909,28.172134642756664],[82.40340379904957,28.171945966428613],[82.40400534010767,28.171547104330713],[82.40456292603224,28.171241268464115],[82.40533484217657,28.170976131779195],[82.40561363478706,28.170824278187762],[82.40569941701065,28.1707670112884],[82.40585078854662,28.170557826511924],[82.40600078284749,28.170443482948055],[82.4064297581415,28.170235986381076],[82.40658012841982,28.170101259578107],[82.40698790693897,28.16993008895344],[82.40750303859377,28.169644945691804],[82.40806118968227,28.169246582622616],[82.40840387966725,28.16911442212674],[82.4089392694546,28.168964507940895],[82.40928164691162,28.168906804897937],[82.40966685444948,28.16890962224237],[82.41013759238554,28.168834789643103],[82.41043701862246,28.16870312960278],[82.41060908456795,28.168570467467656],[82.41142332736787,28.168230310741844],[82.41178708958341,28.168154353930127],[82.41195796740419,28.16808039564559],[82.41302830464976,28.167893347281314],[82.41328577888014,28.167721424110812],[82.41339288188502,28.167684164873904],[82.41362940967797,28.167417775539427],[82.41384355399583,28.16724628957702],[82.413871439373,28.167234723102982],[82.41423032509051,28.167077555130696],[82.41440201491338,28.166962959973027],[82.41461678354402,28.16688625187941],[82.41485331020228,28.166716829114396],[82.41524014526078,28.166507456547173],[82.41558383734383,28.166260199628038],[82.4159916156473,28.16609127759119],[82.41659340668976,28.165769126458958],[82.41680823869956,28.165597639916445],[82.41723890279876,28.165139633793657],[82.41745404707252,28.164988466369223],[82.41801175878349,28.164799914515978],[82.41818300830877,28.164800415992833],[82.41867644483652,28.16470726577269],[82.41919094976643,28.164575482539234],[82.41983494388317,28.164311597419594],[82.42013568164022,28.16413923584883],[82.42054402449398,28.1639702521043],[82.42133888776576,28.16351518710117],[82.42185389410017,28.16332482146911],[82.42211099009828,28.163270246188812],[82.42228224250884,28.163270746108854],[82.42275479472073,28.16304243335775],[82.42301214036874,28.163005862498775],[82.42322684743917,28.162929153274344],[82.42359123406376,28.162893770440327],[82.42369777266296,28.162913027192747],[82.4240195182578,28.16283744586138],[82.4245343353714,28.16282081937663],[82.4248983470574,28.162862147142604],[82.42549731904819,28.162998065538275],[82.42569020416187,28.16299831762195],[82.42609635465433,28.16319037663439],[82.42654558214186,28.163269216242178],[82.42688795929534,28.163403319020677],[82.42750887769574,28.163423893293672],[82.42836657519055,28.16319608263472],[82.42937639509049,28.16258753635694],[82.42974115900543,28.16239867184957],[82.429869643834,28.16234090508138]]]}},{"type":"Feature","properties":{"province":"Lumbini Province","district":"Dang","municipality":"Tulsipur Sub-Metropolitan City","ward":"15","wardNumber":15,"sourceMunicipality":"Tulsipur","sourceType":"Upamahanagarpalika"},"geometry":{"type":"Polygon","coordinates":[[[82.3343263119751,28.07289341274194],[82.33439096091415,28.072877032722396],[82.3353653296196,28.072355262709685],[82.33588690249209,28.071941707625747],[82.33679699698357,28.071418373211422],[82.33725448432912,28.07102344894506],[82.33751408230651,28.07087421978538],[82.33755853706671,28.07081739071576],[82.33762575089276,28.070647466129046],[82.33776906359552,28.069790841189896],[82.3377551252247,28.069332831542763],[82.33780302049529,28.069045810160915],[82.33793513496357,28.06881880698722],[82.33807194019245,28.068363924533703],[82.3380982651213,28.068077027531565],[82.33821049776955,28.067791569156373],[82.3383038493305,28.06731680573459],[82.33830916632093,28.06703015916913],[82.33824845904792,28.066800591166015],[82.33829522847464,28.066572212538087],[82.33813117220147,28.06611345082876],[82.33794310532357,28.06582417692979],[82.33760673396267,28.065418993527008],[82.33685753023006,28.064036206355713],[82.33658537050187,28.06363264786025],[82.33648321000705,28.063344812513044],[82.33610601266832,28.06282484456629],[82.3359810310531,28.062595964264244],[82.33585604886797,28.06236470732781],[82.33584073379146,28.06200153848395],[82.33579909438949,28.06192526540194],[82.3356335356554,28.06159966915185],[82.33561784548375,28.06125675529676],[82.33566636721719,28.060913279495477],[82.33575821756607,28.06057161806584],[82.33578454260127,28.0602847836225],[82.3358489417507,28.06024808589999],[82.33587176330941,28.06019144477035],[82.33598931377202,28.059562948255124],[82.3361243671075,28.059220849081736],[82.33636802567827,28.05876715536051],[82.3364136068385,28.05859516753883],[82.33646081432153,28.058348783378],[82.33640248330055,28.05800405634047],[82.33631876569919,28.057869454128664],[82.33623410962777,28.05781162310559],[82.33591436673692,28.057672580626786],[82.33565583211274,28.057747287475557],[82.33513920148687,28.057835809836774],[82.33470753932447,28.058002480629977],[82.33436347303291,28.058055492983232],[82.33414751679776,28.05812757543322],[82.33391286772246,28.058030544403184],[82.33389286094504,28.057954022116036],[82.33392306455633,28.057418865391725],[82.33397290041162,28.057018997699426],[82.33408807276602,28.056564240887997],[82.33415353500506,28.056507224096087],[82.33417691970493,28.05639187827051],[82.33426495440584,28.05626015214938],[82.33437343268277,28.056184631642306],[82.33490063639744,28.05546636175926],[82.3352267604969,28.055203662368303],[82.33570231486755,28.05498016296931],[82.3360905853452,28.054852253216758],[82.33643246269702,28.05493240433025],[82.33688350477664,28.054939347340397],[82.33720587578644,28.05488652260066],[82.33842951935746,28.054843019136538],[82.33894540039442,28.054792820527528],[82.33937668676005,28.054646468419648],[82.33961483942262,28.054515494923674],[82.33983448685045,28.05423128810549],[82.33994634405668,28.053966148171284],[82.33994646909838,28.05392776238571],[82.33995710376699,28.05329807737338],[82.3396296167403,28.05237830440157],[82.33938034004652,28.05191810480962],[82.33889860538864,28.051225522689936],[82.33885709080714,28.051110801517524],[82.3386048746148,28.05081990156373],[82.33810150693823,28.05012750673104],[82.33806962022051,28.05007142767647],[82.33787330076858,28.049725824415717],[82.33737005694913,28.049092071886726],[82.33718380424898,28.04868995262391],[82.33721081679626,28.04840536941258],[82.3372334515496,28.048330660204236],[82.33730961099715,28.04770253860065],[82.33742421965259,28.047304234416465],[82.33744941855652,28.047078356394813],[82.33739290204325,28.046677238293938],[82.33733175556833,28.046506312189795],[82.33693486374226,28.04589181585272],[82.33670728336,28.045433680317966],[82.33651909067477,28.045182792482652],[82.33639498514874,28.044915462809623],[82.33611425411189,28.04504449822041],[82.33580982634898,28.045268687360576],[82.33554985354746,28.0453795923848],[82.33514082538723,28.04546924046288],[82.3346433871056,28.045711057889186],[82.33427349701509,28.04598994921257],[82.33405459987632,28.046235832502383],[82.33390273025307,28.04634786437827],[82.33282582566014,28.046635877258414],[82.3325680418598,28.046670010402593],[82.33218321114832,28.046662443040294],[82.33205397496828,28.046699827655242],[82.3316425077668,28.046902384023014],[82.3314475586358,28.04703292059346],[82.33121103193113,28.04708712279768],[82.33088584670469,28.047273049410023],[82.33050814194544,28.047432468343608],[82.33015138257127,28.047584823267336],[82.32954358964452,28.047958552439702],[82.32887471346643,28.04817942537703],[82.32835520477481,28.04843949728603],[82.32802758013038,28.048740520748716],[82.32780787057149,28.04902472735493],[82.32724009147302,28.04955144043513],[82.3268734530443,28.049679161808438],[82.3262452158656,28.04999668781754],[82.32597967882191,28.05007145769164],[82.32592196926198,28.050087837438927],[82.3255323219607,28.050310462099734],[82.3251453020006,28.0503819175378],[82.32479904614782,28.05056803174347],[82.3246051609375,28.050624109176393],[82.32449830927042,28.05062285848553],[82.32435619813681,28.05018191551867],[82.32429692680695,28.05007194455874],[82.32423184125375,28.04995065824485],[82.32387696324342,28.049486957490032],[82.32377436519111,28.049257763956952],[82.3234373677991,28.04894735755535],[82.32326786825047,28.048870020903664],[82.32254178587219,28.0487258479972],[82.32241448997127,28.04866614192508],[82.32209818682146,28.048434509260463],[82.32178319749897,28.048105785055032],[82.32129745752127,28.047756179107015],[82.32102185629708,28.047580625176487],[82.32063965317306,28.04742176273912],[82.3204501461734,28.047267840975913],[82.3202583882336,28.04718844171451],[82.32017410835786,28.047110293049304],[82.3199834127863,28.04701282482984],[82.31908751903217,28.046809320585442],[82.31895897054663,28.04680831943783],[82.31812891400368,28.046529668339534],[82.31787313216469,28.04646896143643],[82.31748698792751,28.046463643845094],[82.3171040341157,28.0463454188217],[82.31685006688575,28.046169615233403],[82.31661973320982,28.045898721328527],[82.31649331245704,28.045802942399664],[82.31639008803832,28.04563014070388],[82.31616638594996,28.045016146080513],[82.31573317044143,28.044169518835464],[82.31562919569352,28.044035228990296],[82.31528394100064,28.044144571109157],[82.31502415491272,28.044275731858434],[82.3146763358692,28.044538556749888],[82.31447919712481,28.04474574111705],[82.31427843129315,28.045124600740838],[82.31421865052641,28.045962408831908],[82.31436838357473,28.047032911917007],[82.3141446595002,28.048558295525062],[82.31400553988732,28.049089950099777],[82.31380633729718,28.049391975094384],[82.3135440497866,28.04963823221831],[82.31316021551834,28.05007291990523],[82.31284340646154,28.050430272132488],[82.31258261879275,28.050635830860156],[82.31206204648936,28.050972549801536],[82.31193099650172,28.051122781085645],[82.3118415233952,28.0513515351173],[82.31173104337813,28.051521834143028],[82.31166257743051,28.051750400114553],[82.31163575214494,28.052055301896154],[82.31137796844008,28.052089372922705],[82.31124829471756,28.052144763072906],[82.31122353357935,28.05235488694065],[82.31094230211067,28.05250424071556],[82.30983251638763,28.05224178002565],[82.30913163345491,28.051869352685976],[82.30868834731373,28.05150117877887],[82.30775512993888,28.05095276042538],[82.3075658112896,28.05076051519887],[82.30731503488377,28.050374711819178],[82.30725626549653,28.050088690037985],[82.30725926710645,28.05007287308272],[82.30727965053978,28.04997334413639],[82.30745884584488,28.049594796419996],[82.30778815968463,28.049217063619935],[82.30787707015477,28.049046951861584],[82.30831686412205,28.048498919057593],[82.30856433698803,28.04793012954981],[82.30863643006256,28.04753001190911],[82.30870433263371,28.047360087842332],[82.3087837442229,28.046616870657967],[82.3089001677971,28.04615992421888],[82.30890392083818,28.045988312007804],[82.30880326087347,28.04566215281165],[82.30876205968866,28.04556549893909],[82.30848958577772,28.045276974207063],[82.30832064958004,28.045140933112528],[82.3077912051887,28.044848092687886],[82.3067671379513,28.044623143431433],[82.305009483217,28.04461956669997],[82.3047749589115,28.044578927570967],[82.30453718148271,28.044689520328475],[82.30429921765244,28.044782046017467],[82.3042337547936,28.044839061911613],[82.30403317586415,28.04523592692299],[82.30376969947501,28.04553851417217],[82.30353192298782,28.045649106891574],[82.30314590403519,28.045643789399158],[82.30274006596022,28.045582143173313],[82.30265378381158,28.04559877235768],[82.30241481766484,28.045768070569128],[82.30224206507904,28.04584190362953],[82.30148815787236,28.046022824894365],[82.30069242230879,28.046165736150403],[82.30049803625668,28.046237568427273],[82.30043257359104,28.046294584213484],[82.30032534604786,28.046313651722624],[82.3002398775524,28.046291894395285],[82.30017679237193,28.046233877138498],[82.30003161469308,28.046002870166898],[82.29990494429869,28.045886647845613],[82.29958376254626,28.04588289369116],[82.29894995741085,28.046484690555925],[82.29875156869673,28.04675057949542],[82.29846089075812,28.047376198716503],[82.29841393452345,28.047545872798956],[82.29825962437498,28.047773000702904],[82.29809918443887,28.04828677523156],[82.29792317954379,28.048514153114386],[82.29683032455122,28.049549010774918],[82.29669695956787,28.049775952066625],[82.29644936424826,28.05007166173658],[82.296083223805,28.050510662410026],[82.29462710734748,28.051636919247407],[82.29441133867562,28.051729257302345],[82.29408577694679,28.05195344558709],[82.2936328568312,28.052099922267516],[82.29315667713344,28.052379750247646],[82.29309083841669,28.052457085513538],[82.29293121119417,28.052988927942753],[82.2925281139258,28.05395633297281],[82.29224169037704,28.054410339390422],[82.29224043897727,28.054466793819056],[82.29151628489396,28.055392059699713],[82.29129288373872,28.05590645889702],[82.29111587766725,28.056208233186553],[82.29109242997963,28.056323579387296],[82.29113144262628,28.056551084108484],[82.29125648716278,28.05674401719827],[82.29157247639961,28.057054735544607],[82.29199531816015,28.057364392729927],[82.29245929993937,28.057773015933524],[82.2920886570691,28.05814887320576],[82.29189464708188,28.05820257498144],[82.29161604324017,28.058200697531923],[82.2911459311589,28.058135174374822],[82.29058672241113,28.058223946063396],[82.29007653389885,28.05800756548427],[82.2895170741702,28.05813247258699],[82.2889629321625,28.057954853744427],[82.28882631843138,28.057967419296222],[82.28879074308139,28.05797004428589],[82.28855171442599,28.05813927964119],[82.28835776699863,28.058195231780402],[82.288292304775,28.058252248478485],[82.2880932890574,28.058574591175347],[82.28774471912986,28.05883741565568],[82.28759153605212,28.05900583939411],[82.28724721926989,28.05904065904922],[82.28689764851427,28.059380193400287],[82.28668413115683,28.059339304264878],[82.28651194262446,28.05935668333041],[82.28635982168922,28.059450647064686],[82.28622658209295,28.059695655209122],[82.28611729071429,28.05980950033152],[82.28557865137543,28.05991834091551],[82.28551275062402,28.059993362580656],[82.2853196166515,28.060011053783516],[82.28473320661077,28.060384408438722],[82.28464748702591,28.060346833904813],[82.28451900242962,28.060343519965397],[82.28438845262438,28.06043723345214],[82.28423451763284,28.06064629409313],[82.28416943112951,28.060683054112335],[82.28384631019208,28.060737942104154],[82.28365336374264,28.06071493420649],[82.28333361998153,28.060616402357255],[82.28320438411978,28.06061533875155],[82.28288113796148,28.06070636300988],[82.2827528402176,28.060666975514113],[82.2825410756676,28.060510990663204],[82.2823489419945,28.060451846484984],[82.28202588408661,28.060506734579256],[82.28148593061523,28.060672029309746],[82.28143471961087,28.061128350343104],[82.28133930390572,28.06166181872634],[82.28132973243778,28.06219672510638],[82.28127958420886,28.062576336577155],[82.28086841772351,28.063945485731438],[82.28062125592785,28.064554849891092],[82.28011886416044,28.066227274627707],[82.28007034322007,28.066532363658226],[82.28008177954479,28.067067082831485],[82.28046353201673,28.06852132614089],[82.28085485606175,28.069442911954923],[82.28095538972087,28.069825587469406],[82.28097014052393,28.070206824276784],[82.28107173818142,28.070512790439004],[82.28165519559104,28.071493520602665],[82.28220051685896,28.072206046900437],[82.28238802101271,28.0725134507446],[82.28255451733723,28.072821105345476],[82.28290420152398,28.073664042895878],[82.28315328945231,28.07412661816494],[82.28363521171042,28.074799131914954],[82.28403610735847,28.075185749336345],[82.28432990119413,28.07555085846685],[82.28492074011696,28.076132034307903],[82.28494193513015,28.076149914460004],[82.2852814350618,28.076345286860082],[82.28592079538555,28.076621435498893],[82.28655796645253,28.077028372516494],[82.28683237922353,28.077260505589162],[82.28706621472371,28.077398235384237],[82.2873195566523,28.077628305095015],[82.28774070869737,28.078111763089474],[82.28812891661192,28.078020114257956],[82.28845485292675,28.07777554475984],[82.28871420030819,28.077703213338186],[82.28882599269834,28.07769314840093],[82.28890733526595,28.077685584276242],[82.28974377225241,28.077677714323595],[82.29019300170802,28.077741173425196],[82.2905118692744,28.07786008632958],[82.2908325503683,28.077922481797536],[82.29102612283123,28.077886785586966],[82.29121850640621,28.07790754319341],[82.29156401242933,28.07775987736307],[82.29180429159445,28.077534188677554],[82.291933903632,28.077458542087964],[82.2923230495282,28.07729237147411],[82.29290376702983,28.077185345032614],[82.2932884727522,28.077229110338017],[82.29348073102659,28.07729050539981],[82.2936718645813,28.077367654277726],[82.29392608252975,28.077561588364542],[82.29430859783257,28.07773851810097],[82.29462852882199,28.077839301063023],[82.29488512351519,28.077861684521757],[82.29520755700234,28.077808983888332],[82.2960276163743,28.077494335749765],[82.29626589329199,28.07736573703425],[82.29639619371287,28.077251642069424],[82.29674945606207,28.07668416555054],[82.2968617510612,28.076398707882515],[82.29690983424615,28.076113937126753],[82.2971784402666,28.07548856810739],[82.29726609879265,28.075374910379278],[82.29735682385953,28.075089702948258],[82.29742228606827,28.07503268673182],[82.29755809063454,28.07463413302848],[82.29819208372402,28.073935370346167],[82.2983865323224,28.07386360084914],[82.29866820104789,28.073693928659353],[82.29903878088052,28.07335645753935],[82.29936346619449,28.07317059241022],[82.29955666307208,28.07315296413369],[82.29974879678855,28.073212045393806],[82.29987490514594,28.07332820552675],[82.29995818431053,28.073483126806828],[82.29999819765379,28.073636171528378],[82.29985757624137,28.074321309057463],[82.29985169539685,28.074625961017645],[82.29995298019018,28.074952245189525],[82.30012172890837,28.075126610313713],[82.3003144876236,28.075129363148665],[82.30093953508002,28.074947439754776],[82.30135231735524,28.074627598931347],[82.30143897500896,28.074590650784057],[82.30167900462435,28.074344643498474],[82.30209184880373,28.07402705298714],[82.30231043238913,28.0738015514917],[82.3028109366397,28.073368052694185],[82.30283357064414,28.073293343982332],[82.30296612186152,28.0731025389784],[82.30331337830691,28.072839714512703],[82.30370196273208,28.07267354410592],[82.30467182716284,28.072400346188996],[82.30486640039987,28.072287814512823],[82.30538497072911,28.072086572526445],[82.30568796098467,28.0718986444832],[82.30573185250998,28.071841815717747],[82.30605635009861,28.071694274488447],[82.30670609624866,28.07130222720847],[82.30722435392707,28.07108060373811],[82.3074829508495,28.07100595931098],[82.30761312577675,28.07093250106133],[82.30806573281161,28.07080402915698],[82.30838916712543,28.070674619143233],[82.30877593676341,28.070623545008505],[82.30896807060012,28.0706826260217],[82.30928937818196,28.070686316920217],[82.30993349335411,28.07061924002626],[82.31109223818024,28.07059686743292],[82.31147932085639,28.070525475010765],[82.31173691633936,28.07052753969316],[82.3125106429322,28.07044339640159],[82.31334614174628,28.070473724421756],[82.31379818584814,28.07040170653992],[82.31399094533809,28.07040439657887],[82.31463111930569,28.0705855799937],[82.31488696386171,28.070702678813078],[82.31514099398052,28.070876294650247],[82.31546086223096,28.070977013844217],[82.31584663120675,28.07100039867869],[82.31597492788389,28.071039786591044],[82.3171848717424,28.07177963852994],[82.31737644237103,28.071840970159315],[82.31763491470461,28.07180464944158],[82.31826327741237,28.071433044683694],[82.31851905928542,28.07149150145146],[82.31864654342957,28.071571525819802],[82.31909439641188,28.071729700629298],[82.31928740588668,28.07175039655554],[82.31960727419954,28.071848865143274],[82.31992839300577,28.07189094207697],[82.32024826102078,28.07199172432805],[82.32043845535972,28.07214558339696],[82.32056681586904,28.07218715935962],[82.3208833054915,28.072477497051782],[82.32113777377025,28.072632982683363],[82.32215933796263,28.073103815909224],[82.32279719691391,28.073454236466656],[82.32319959404519,28.073745950659095],[82.3234943248136,28.07407486172498],[82.3237487314891,28.074230347373668],[82.32406928723715,28.074328816062074],[82.32445480559048,28.07433413312649],[82.32473584940372,28.074223102788793],[82.32497706678544,28.073920640462887],[82.32508592092455,28.073827051279352],[82.32547919714752,28.073374172175352],[82.32558811339187,28.07328058241007],[82.32580488269008,28.073167926218286],[82.32610993749105,28.072887408734925],[82.32634846448819,28.072736116049327],[82.3266977864215,28.07237845148114],[82.32682764847834,28.07228467524643],[82.32760612932577,28.071913821974363],[82.32805867454395,28.071785350411858],[82.32837879212788,28.0719040757533],[82.32901521325526,28.072292819379367],[82.32920565758796,28.072466996913988],[82.32971534428522,28.072741831411506],[82.33050776241019,28.07298697257169],[82.33061180118237,28.073019795549047],[82.33086945919034,28.073024111492753],[82.33118982845868,28.0731021989674],[82.33196292864696,28.073074384524986],[82.33228367328803,28.073136717530453],[82.33344223013066,28.073111906996655],[82.33370113954572,28.07305745527668],[82.3343263119751,28.07289341274194]]]}},{"type":"Feature","properties":{"province":"Lumbini Province","district":"Dang","municipality":"Tulsipur Sub-Metropolitan City","ward":"14","wardNumber":14,"sourceMunicipality":"Tulsipur","sourceType":"Upamahanagarpalika"},"geometry":{"type":"Polygon","coordinates":[[[82.33639498514874,28.044915462809623],[82.33631270624383,28.044742473627096],[82.3361902265437,28.044400685047712],[82.33611276400022,28.043997503321023],[82.33593013883572,28.043480225667327],[82.33564197437126,28.042903053308006],[82.33537300418001,28.042440790868678],[82.33503913373234,28.041976901862732],[82.3348535683839,28.041628922875017],[82.33458703759726,28.0410538147241],[82.3343030021239,28.04024645081721],[82.33393011951581,28.03961144878417],[82.33386709659288,28.039553368756852],[82.33386834806704,28.03949697723962],[82.33376481129598,28.0393038567074],[82.33336441523295,28.039009892486966],[82.33309187816144,28.038719180160918],[82.33299159501239,28.038374890661782],[82.3328673007035,28.03814363424215],[82.33259589090642,28.0377964675258],[82.33228972113332,28.037045744496055],[82.3322800984406,28.03647488999686],[82.33239470731561,28.036074334951113],[82.33235932296185,28.03573167221318],[82.33238395895268,28.035559871602842],[82.33263061828889,28.03499114394437],[82.3328076874617,28.03470731173594],[82.33287552701995,28.034537387666596],[82.33285514449946,28.034478933229362],[82.33289891218318,28.034422103904173],[82.3329110470977,28.03385099930195],[82.33280707294712,28.03367832289185],[82.33276743486537,28.033504896389548],[82.33268459221416,28.033388361049873],[82.33269359971393,28.032930164610846],[82.33261257252362,28.032700783667032],[82.33259688140656,28.032414324923728],[82.33262070415127,28.032280910653533],[82.33290130945655,28.032190198489452],[82.33296477071404,28.03223021063585],[82.33341312419448,28.03229354532238],[82.33404785676885,28.03266653540006],[82.33430238798466,28.03278588487892],[82.3346215688324,28.032886604595127],[82.33519928408977,28.03291480482368],[82.335778937596,28.0328482265493],[82.33616608340587,28.032738447727326],[82.33636040557636,28.03266655349561],[82.336685966705,28.032460370340882],[82.33681526549954,28.032425172977177],[82.33713982530027,28.032239246163172],[82.33739873514662,28.03214872181462],[82.33746413531748,28.032091580149906],[82.33791749383214,28.031888586709478],[82.33836991372296,28.031762365987845],[82.33920822724696,28.03162333120761],[82.33933664982086,28.03162658314622],[82.33976499717818,28.03161333296697],[82.33989348290599,28.031616647426024],[82.34027806256691,28.031660287848236],[82.34072535352757,28.031782264567916],[82.34117057928421,28.031999082335982],[82.34206422147207,28.032281421915506],[82.34270502250793,28.032367701895684],[82.34322002722007,28.032317503843313],[82.34367382287513,28.032096442610325],[82.34387008507831,28.03192751909866],[82.34439046997649,28.031592925150953],[82.34484445407173,28.031389932125258],[82.34536089752427,28.031244955997753],[82.3456592575701,28.031307476237547],[82.34587033474487,28.03146333627614],[82.34605771434376,28.031752610130855],[82.34618463645961,28.03183263424347],[82.34637608196932,28.031891653382957],[82.34674065584043,28.031858771196035],[82.34689077412958,28.03186183638145],[82.34773040136929,28.03162789925866],[82.34857146760672,28.03131725149978],[82.35012867973771,28.0305594788614],[82.35090497203575,28.030301346853967],[82.35125135234752,28.03013542502195],[82.35155803276957,28.02979620315316],[82.35175898644518,28.029342884299023],[82.35186940436213,28.02917252207533],[82.35210987124097,28.028928702696124],[82.35219652914898,28.028891754889564],[82.35272166734659,28.02832690557081],[82.35291730491852,28.028160295940708],[82.35335653678729,28.0275940082366],[82.35370579506457,28.02725659945215],[82.35383784572522,28.027086050245458],[82.35399165490013,28.02687917795531],[82.35397208593027,28.026784650069125],[82.35379421472688,28.026037116526002],[82.35353056167034,28.0252882700059],[82.35351243174986,28.025116844197072],[82.35355982582641,28.02488852732352],[82.35341927811776,28.02442964204948],[82.35334469333948,28.023854847168668],[82.35326122655547,28.02373831256781],[82.35324197050703,28.023623403993753],[82.35303602222984,28.023219283335838],[82.35284933122321,28.022932259841088],[82.35258442678337,28.022239804654134],[82.35217371940196,28.021375047430734],[82.35209018957067,28.02125851232383],[82.35210269992032,28.020628765326396],[82.35206418803733,28.020398947866738],[82.35194333472116,28.02003452674907],[82.35183860923009,28.019900237099723],[82.35152343180371,28.019607711250767],[82.35141876915904,28.019473295690982],[82.35099598989466,28.019217967160515],[82.35065642730451,28.019061106751384],[82.350399894728,28.019036535044755],[82.34963279816613,28.018852224412154],[82.34877885636679,28.01874331126197],[82.34801094676574,28.01859738756426],[82.34767100831405,28.018458531323624],[82.3472265957556,28.01820339026904],[82.34697093899993,28.01814274585878],[82.34671484412867,28.01810016846352],[82.346200965308,28.018091600066185],[82.34577424450424,28.018028077683887],[82.34560374336735,28.017966558166016],[82.34537128349426,28.017831204510774],[82.34526862267639,28.017599760236497],[82.3452517439022,28.017369755526232],[82.34525530866149,28.017198205283353],[82.34562876550486,28.016709376800883],[82.3461285176369,28.0163546516733],[82.34649940858768,28.016017055476517],[82.34680327471214,28.0158109343399],[82.34715253307056,28.015473525823435],[82.34726294993044,28.01530322634082],[82.3474585878602,28.015134240881977],[82.3478753096216,28.01464503795336],[82.34809164180113,28.01451425160009],[82.3482662712184,28.014345577714952],[82.34850873929504,28.01400691781815],[82.3486611726354,28.01389488593964],[82.3489233975112,28.013612430757895],[82.34901218239759,28.013442318725318],[82.34919394293566,28.012930545004874],[82.34918187977401,28.0124725976356],[82.34909922605694,28.012317676562656],[82.34899456289152,28.012183261131348],[82.34878392437155,28.012007082502443],[82.34802114400921,28.011612898300466],[82.34750776551758,28.011586324025703],[82.3467366028078,28.011630018975456],[82.34639222429492,28.0117010994307],[82.34587771989837,28.01173091712328],[82.3442446086063,28.01204930984672],[82.3436450733771,28.012039427723526],[82.34321835163497,28.01197590533283],[82.34219559897895,28.011728637981907],[82.34176887846212,28.011665115674795],[82.34125831422365,28.01150537714685],[82.34096220611498,28.011309629945842],[82.34071005205185,28.011075184276923],[82.34048140818811,28.0107298937399],[82.3403601161492,28.01038354085554],[82.34032166640426,28.010153723220373],[82.34005813835847,28.009404813277754],[82.33978879225293,28.00896286877946],[82.33930680584936,28.008439524163627],[82.3389534246338,28.00839325794718],[82.33834219573498,28.008518852840833],[82.33808291077433,28.008629758058426],[82.33801751036147,28.008684523194912],[82.33775860034206,28.00877729910561],[82.33715287192639,28.009090135799518],[82.33672133520274,28.009256806256687],[82.33654989563004,28.00927199721222],[82.33590115071507,28.00960552737457],[82.3345187552127,28.010194439874574],[82.33434694168949,28.01022994908131],[82.33365674434165,28.01050527428607],[82.33322602010189,28.010631245134036],[82.3321016579654,28.01116570607271],[82.33149987018513,28.011288925485868],[82.33115636716428,28.011321557255044],[82.33087851410265,28.011317491512894],[82.33053582393889,28.01131179922954],[82.33050843870915,28.011312049173398],[82.32937926818707,28.011298161485783],[82.32927204038872,28.011314977495566],[82.32858422138773,28.011421003779073],[82.32807002929357,28.011432690265075],[82.32781199504251,28.011487079206088],[82.32755452481777,28.011482888857277],[82.32721058364503,28.011535776756276],[82.32600888598768,28.011574465600578],[82.3253221304781,28.01156308242341],[82.32506409574722,28.011617471555965],[82.32377793004463,28.011559881771273],[82.32265807380558,28.01178962801239],[82.32213969156136,28.011972864832636],[82.32176992611433,28.012254006836514],[82.32159623541357,28.01234822135301],[82.32122528148363,28.012685754874155],[82.32104983832522,28.012892813873425],[82.32089778103706,28.01298677782286],[82.3205706564328,28.01326979596894],[82.31998581077615,28.013584571147977],[82.31983293981534,28.013716921123674],[82.31965962424542,28.01379081664987],[82.31883525004136,28.014274889710695],[82.31848930714254,28.014422618623964],[82.31779904780878,28.01464136424881],[82.31728304266429,28.014709505264804],[82.31685056825165,28.01485585759475],[82.31633199787183,28.015077480948854],[82.3160718371798,28.015226647619752],[82.3147978582151,28.015647323663142],[82.3146453632556,28.015759355713058],[82.3144727356469,28.015833125619373],[82.31353906891788,28.01643116876164],[82.31295015738344,28.016937750925912],[82.3127526440007,28.017163065291786],[82.3124909187177,28.017389004366496],[82.31194283357861,28.018012558236936],[82.31128802196888,28.01859428610131],[82.31050603820775,28.019118434267018],[82.30935103525611,28.020075080637376],[82.30837328959133,28.020711760296486],[82.30813388635362,28.02089912555775],[82.3076997224794,28.02115826054504],[82.30763382162354,28.021235595144297],[82.30659586861398,28.02167652912762],[82.30624904976594,28.021862581331476],[82.30514119239999,28.022572718376473],[82.30477136502724,28.02285379828636],[82.30459767436393,28.02294801183023],[82.30440153676368,28.02313487711794],[82.30431487859188,28.02317182509561],[82.30361748816459,28.02375392846082],[82.30337871007175,28.023884777077697],[82.30300844510815,28.024183924428808],[82.30292178665141,28.024220872379466],[82.30279054962789,28.024353034806243],[82.30270426664795,28.024371914740424],[82.30255133349743,28.024501951706906],[82.30200862840145,28.02483879675839],[82.30043515141644,28.026381549089567],[82.30021475444217,28.026665693982846],[82.29962571717189,28.02717227531335],[82.29899366398098,28.027697298846647],[82.29897203112048,28.0276974862355],[82.29849435027205,28.027997571115883],[82.29812571067175,28.028220070484466],[82.29779683404153,28.028579736687007],[82.297731809437,28.028616434416108],[82.29753510940567,28.028803362424387],[82.29672498676895,28.029652730457904],[82.2965264094705,28.029954754734593],[82.29648057872147,28.03010642432306],[82.2963266439722,28.030315484325165],[82.295627501758,28.030974234508918],[82.2949756300409,28.03138434971976],[82.29393748878,28.031827408834122],[82.2935039500209,28.032050408609752],[82.29311286434984,28.032311356738713],[82.29293954909667,28.03238518976149],[82.29230905959946,28.03283344116103],[82.2915894731134,28.03343598775257],[82.2909140910086,28.033959136011475],[82.29089195750599,28.034018027985596],[82.29023264133748,28.034829886458617],[82.29009927657354,28.035056826427137],[82.2899633465633,28.03543718692193],[82.28968385650333,28.03657945769638],[82.28967372221496,28.037116677729806],[82.28979526371506,28.037499166527343],[82.28978250131341,28.038187556210925],[82.28957579306335,28.038873255692035],[82.28948725786854,28.039025299175762],[82.28882631627599,28.03979877182222],[82.28869714150373,28.039951189929088],[82.28856177531223,28.04033161322163],[82.28855257935176,28.0407898098442],[82.2884857405323,28.040941604496254],[82.2882655304436,28.041246067015614],[82.28796010131241,28.041546840728387],[82.28778653476866,28.041661310288433],[82.28735462320147,28.04180753721363],[82.28666636459641,28.041951636654186],[82.28632354941655,28.041945819539436],[82.28511941120786,28.042180503910757],[82.28426165428094,28.042188561299877],[82.2839196528522,28.042144357966748],[82.28323733750457,28.041983742676987],[82.28281186811175,28.04182300488301],[82.28264061646864,28.041802060027784],[82.28247049168183,28.041724660933514],[82.28178899027934,28.041523409197058],[82.28161930310215,28.04142569115981],[82.28144842686996,28.04138442795397],[82.28102383361006,28.04118749144104],[82.28051258192626,28.0410275652314],[82.28000258192023,28.0408111856518],[82.27923229551223,28.04074384671782],[82.27854998071584,28.040580981028228],[82.27820678994114,28.04059548230292],[82.27769303665015,28.040550589647527],[82.27734947067688,28.040585410148065],[82.27640261577346,28.04080184065853],[82.27601722277797,28.040796398394257],[82.27595382432527,28.040758574364638],[82.2757824480908,28.040735379279685],[82.27539667982005,28.04075025482814],[82.27524781195746,28.04069067413855],[82.27439368352647,28.040527119399314],[82.27379990299922,28.040212209100144],[82.273188429991,28.039687549790063],[82.27291326672639,28.039493741444964],[82.2726159706532,28.039354322770368],[82.27223257845421,28.039254102887014],[82.27206332960168,28.039138317420225],[82.27170200907855,28.038961137185012],[82.27119056964735,28.038839472757743],[82.27059184756128,28.038754755136807],[82.2699924995916,28.038728742391704],[82.26990584210702,28.038765628089546],[82.26928141973053,28.038929358662227],[82.26940371222051,28.03927346079953],[82.26992308436262,28.0401240271993],[82.27006557068631,28.0405063280956],[82.2702723315915,28.040892567525077],[82.27059137496718,28.04212174437627],[82.27066539674394,28.04273492464887],[82.27064113595719,28.042886343547117],[82.27071834723718,28.043345979645665],[82.27088090274897,28.04380936691441],[82.27100607268267,28.04396391321789],[82.27138033144412,28.044581035155364],[82.27163129640586,28.044890127453353],[82.27171382523832,28.045042798618542],[82.27186169162236,28.045179089663346],[82.27196429019857,28.04541059577435],[82.2727414462944,28.04622484117255],[82.27305793625946,28.046476855705443],[82.27335485794335,28.046634341529412],[82.27362952101954,28.046848469163088],[82.27390055542052,28.047234084560454],[82.27455091477432,28.04797049316797],[82.27606777858304,28.049328466922958],[82.27665599109235,28.049968409200638],[82.27676121745984,28.05004643373556],[82.27678441260403,28.05007331620719],[82.27705507278581,28.050373156426016],[82.2773919457018,28.050683750556466],[82.27749554506751,28.05083848408676],[82.27781147198303,28.051149202918243],[82.27789594042697,28.051189027650505],[82.2780847588245,28.05140165452579],[82.27839743295037,28.051863605153457],[82.27864520777477,28.052326180313145],[82.27891030017062,28.053016510778324],[82.27911649709232,28.05340275080707],[82.2793616448938,28.054016557584532],[82.28029284983334,28.05569136923956],[82.28047703906203,28.056152255945552],[82.2808355335871,28.057532289005753],[82.2810180956358,28.05806994869832],[82.28113538329427,28.05868262918512],[82.28129918906956,28.05914145301869],[82.28147117959034,28.060288541032822],[82.28148593061523,28.060672029309746],[82.28202588408661,28.060506734579256],[82.2823489419945,28.060451846484984],[82.2825410756676,28.060510990663204],[82.2827528402176,28.060666975514113],[82.28288113796148,28.06070636300988],[82.28320438411978,28.06061533875155],[82.28333361998153,28.060616402357255],[82.28365336374264,28.06071493420649],[82.28384631019208,28.060737942104154],[82.28416943112951,28.060683054112335],[82.28423451763284,28.06064629409313],[82.28438845262438,28.06043723345214],[82.28451900242962,28.060343519965397],[82.28464748702591,28.060346833904813],[82.28473320661077,28.060384408438722],[82.2853196166515,28.060011053783516],[82.28551275062402,28.059993362580656],[82.28557865137543,28.05991834091551],[82.28611729071429,28.05980950033152],[82.28622658209295,28.059695655209122],[82.28635982168922,28.059450647064686],[82.28651194262446,28.05935668333041],[82.28668413115683,28.059339304264878],[82.28689764851427,28.059380193400287],[82.28724721926989,28.05904065904922],[82.28759153605212,28.05900583939411],[82.28774471912986,28.05883741565568],[82.2880932890574,28.058574591175347],[82.288292304775,28.058252248478485],[82.28835776699863,28.058195231780402],[82.28855171442599,28.05813927964119],[82.28879074308139,28.05797004428589],[82.28882631843138,28.057967419296222],[82.2889629321625,28.057954853744427],[82.2895170741702,28.05813247258699],[82.29007653389885,28.05800756548427],[82.29058672241113,28.058223946063396],[82.2911459311589,28.058135174374822],[82.29161604324017,28.058200697531923],[82.29189464708188,28.05820257498144],[82.2920886570691,28.05814887320576],[82.29245929993937,28.057773015933524],[82.29199531816015,28.057364392729927],[82.29157247639961,28.057054735544607],[82.29125648716278,28.05674401719827],[82.29113144262628,28.056551084108484],[82.29109242997963,28.056323579387296],[82.29111587766725,28.056208233186553],[82.29129288373872,28.05590645889702],[82.29151628489396,28.055392059699713],[82.29224043897727,28.054466793819056],[82.29224169037704,28.054410339390422],[82.2925281139258,28.05395633297281],[82.29293121119417,28.052988927942753],[82.29309083841669,28.052457085513538],[82.29315667713344,28.052379750247646],[82.2936328568312,28.052099922267516],[82.29408577694679,28.05195344558709],[82.29441133867562,28.051729257302345],[82.29462710734748,28.051636919247407],[82.296083223805,28.050510662410026],[82.29644936424826,28.05007166173658],[82.29669695956787,28.049775952066625],[82.29683032455122,28.049549010774918],[82.29792317954379,28.048514153114386],[82.29809918443887,28.04828677523156],[82.29825962437498,28.047773000702904],[82.29841393452345,28.047545872798956],[82.29846089075812,28.047376198716503],[82.29875156869673,28.04675057949542],[82.29894995741085,28.046484690555925],[82.29958376254626,28.04588289369116],[82.29990494429869,28.045886647845613],[82.30003161469308,28.046002870166898],[82.30017679237193,28.046233877138498],[82.3002398775524,28.046291894395285],[82.30032534604786,28.046313651722624],[82.30043257359104,28.046294584213484],[82.30049803625668,28.046237568427273],[82.30069242230879,28.046165736150403],[82.30148815787236,28.046022824894365],[82.30224206507904,28.04584190362953],[82.30241481766484,28.045768070569128],[82.30265378381158,28.04559877235768],[82.30274006596022,28.045582143173313],[82.30314590403519,28.045643789399158],[82.30353192298782,28.045649106891574],[82.30376969947501,28.04553851417217],[82.30403317586415,28.04523592692299],[82.3042337547936,28.044839061911613],[82.30429921765244,28.044782046017467],[82.30453718148271,28.044689520328475],[82.3047749589115,28.044578927570967],[82.305009483217,28.04461956669997],[82.3067671379513,28.044623143431433],[82.3077912051887,28.044848092687886],[82.30832064958004,28.045140933112528],[82.30848958577772,28.045276974207063],[82.30876205968866,28.04556549893909],[82.30880326087347,28.04566215281165],[82.30890392083818,28.045988312007804],[82.3089001677971,28.04615992421888],[82.3087837442229,28.046616870657967],[82.30870433263371,28.047360087842332],[82.30863643006256,28.04753001190911],[82.30856433698803,28.04793012954981],[82.30831686412205,28.048498919057593],[82.30787707015477,28.049046951861584],[82.30778815968463,28.049217063619935],[82.30745884584488,28.049594796419996],[82.30727965053978,28.04997334413639],[82.30725926710645,28.05007287308272],[82.30725626549653,28.050088690037985],[82.30731503488377,28.050374711819178],[82.3075658112896,28.05076051519887],[82.30775512993888,28.05095276042538],[82.30868834731373,28.05150117877887],[82.30913163345491,28.051869352685976],[82.30983251638763,28.05224178002565],[82.31094230211067,28.05250424071556],[82.31122353357935,28.05235488694065],[82.31124829471756,28.052144763072906],[82.31137796844008,28.052089372922705],[82.31163575214494,28.052055301896154],[82.31166257743051,28.051750400114553],[82.31173104337813,28.051521834143028],[82.3118415233952,28.0513515351173],[82.31193099650172,28.051122781085645],[82.31206204648936,28.050972549801536],[82.31258261879275,28.050635830860156],[82.31284340646154,28.050430272132488],[82.31316021551834,28.05007291990523],[82.3135440497866,28.04963823221831],[82.31380633729718,28.049391975094384],[82.31400553988732,28.049089950099777],[82.3141446595002,28.048558295525062],[82.31436838357473,28.047032911917007],[82.31421865052641,28.045962408831908],[82.31427843129315,28.045124600740838],[82.31447919712481,28.04474574111705],[82.3146763358692,28.044538556749888],[82.31502415491272,28.044275731858434],[82.31528394100064,28.044144571109157],[82.31562919569352,28.044035228990296],[82.31573317044143,28.044169518835464],[82.31616638594996,28.045016146080513],[82.31639008803832,28.04563014070388],[82.31649331245704,28.045802942399664],[82.31661973320982,28.045898721328527],[82.31685006688575,28.046169615233403],[82.3171040341157,28.0463454188217],[82.31748698792751,28.046463643845094],[82.31787313216469,28.04646896143643],[82.31812891400368,28.046529668339534],[82.31895897054663,28.04680831943783],[82.31908751903217,28.046809320585442],[82.3199834127863,28.04701282482984],[82.32017410835786,28.047110293049304],[82.3202583882336,28.04718844171451],[82.3204501461734,28.047267840975913],[82.32063965317306,28.04742176273912],[82.32102185629708,28.047580625176487],[82.32129745752127,28.047756179107015],[82.32178319749897,28.048105785055032],[82.32209818682146,28.048434509260463],[82.32241448997127,28.04866614192508],[82.32254178587219,28.0487258479972],[82.32326786825047,28.048870020903664],[82.3234373677991,28.04894735755535],[82.32377436519111,28.049257763956952],[82.32387696324342,28.049486957490032],[82.32423184125375,28.04995065824485],[82.32429692680695,28.05007194455874],[82.32435619813681,28.05018191551867],[82.32449830927042,28.05062285848553],[82.3246051609375,28.050624109176393],[82.32479904614782,28.05056803174347],[82.3251453020006,28.0503819175378],[82.3255323219607,28.050310462099734],[82.32592196926198,28.050087837438927],[82.32597967882191,28.05007145769164],[82.3262452158656,28.04999668781754],[82.3268734530443,28.049679161808438],[82.32724009147302,28.04955144043513],[82.32780787057149,28.04902472735493],[82.32802758013038,28.048740520748716],[82.32835520477481,28.04843949728603],[82.32887471346643,28.04817942537703],[82.32954358964452,28.047958552439702],[82.33015138257127,28.047584823267336],[82.33050814194544,28.047432468343608],[82.33088584670469,28.047273049410023],[82.33121103193113,28.04708712279768],[82.3314475586358,28.04703292059346],[82.3316425077668,28.046902384023014],[82.33205397496828,28.046699827655242],[82.33218321114832,28.046662443040294],[82.3325680418598,28.046670010402593],[82.33282582566014,28.046635877258414],[82.33390273025307,28.04634786437827],[82.33405459987632,28.046235832502383],[82.33427349701509,28.04598994921257],[82.3346433871056,28.045711057889186],[82.33514082538723,28.04546924046288],[82.33554985354746,28.0453795923848],[82.33580982634898,28.045268687360576],[82.33611425411189,28.04504449822041],[82.33639498514874,28.044915462809623]]]}},{"type":"Feature","properties":{"province":"Lumbini Province","district":"Dang","municipality":"Tulsipur Sub-Metropolitan City","ward":"7","wardNumber":7,"sourceMunicipality":"Tulsipur","sourceType":"Upamahanagarpalika"},"geometry":{"type":"Polygon","coordinates":[[[82.33621898930431,28.132267799517802],[82.3361550912053,28.132248105732618],[82.33566835121712,28.131747392797003],[82.33543620529068,28.1314991927502],[82.3351417875034,28.131057498410872],[82.33482460916773,28.13072883666048],[82.33432055391292,28.129961982954782],[82.3339628625729,28.129500594709505],[82.33325060776477,28.128460470910177],[82.33253334739224,28.127688926666888],[82.33236484915004,28.12749649394165],[82.33223886637602,28.12734200958673],[82.33164665118785,28.126799407842185],[82.33139512315455,28.126433986570653],[82.33080622301702,28.125737964647524],[82.33078458961737,28.1257380896488],[82.33050748911523,28.125515147085135],[82.33044584081864,28.12546607020011],[82.33012766205049,28.125214180509243],[82.32974470877205,28.12501930773061],[82.32898011615774,28.124532533954312],[82.32855370892119,28.1243741717738],[82.32848962255531,28.12433647299332],[82.3282312754339,28.124390861527075],[82.32810391655912,28.124331155916714],[82.328082220389,28.12433134291573],[82.32776141403687,28.124271322904224],[82.32692522783837,28.124222989239346],[82.32666882041742,28.124123833228264],[82.32635014113488,28.123928398114558],[82.32603265065468,28.123676509487574],[82.32573741822735,28.123367916224993],[82.32559274249081,28.123042132732046],[82.3250852461527,28.122559611478295],[82.32493650345651,28.12246176886538],[82.32470279222055,28.12234442040631],[82.32399815718985,28.122125538303532],[82.3237425628574,28.12198812112279],[82.32342388366482,28.121794873676073],[82.3230238643835,28.121349677241312],[82.32287468410108,28.12127209098033],[82.32249467132432,28.120905668403392],[82.32228196831828,28.120788132262142],[82.32183436543177,28.120611951813995],[82.3217694038942,28.12061032539074],[82.32157795831091,28.120512857938433],[82.32094066185748,28.12012411414573],[82.32074877884072,28.12004465122121],[82.32043053716951,28.119831148547586],[82.3199195986122,28.11957656963852],[82.31966425502384,28.119459408434942],[82.31927930020012,28.11935931344293],[82.31908816759477,28.119241527578353],[82.31883244749548,28.119142433525106],[82.31730445058027,28.11809430124566],[82.31704791822784,28.118033532003036],[82.3160832460786,28.117984134236714],[82.31479351383766,28.118102596806416],[82.31414670847603,28.118287083523583],[82.31382546432525,28.118245005604418],[82.31363314292071,28.118183673918853],[82.3132510656521,28.11795041490154],[82.31306318666125,28.117625067738235],[82.31293720331104,28.117470521493505],[82.31261952553152,28.117198251262977],[82.31228565589716,28.116641773129736],[82.31218049293165,28.116525425724305],[82.31188332195744,28.116311672904015],[82.31126546950335,28.116055780408573],[82.31094685175779,28.11586022043414],[82.31075459375955,28.115801138485214],[82.3104351632895,28.115646278162977],[82.31018038248642,28.115470412079187],[82.30986120221954,28.11533355727623],[82.30928661641653,28.115020835405897],[82.30864456562962,28.114916424491387],[82.30807141762334,28.11456756805635],[82.30781444717901,28.11452492825382],[82.30768608760437,28.11448554056653],[82.307470256456,28.11457787872157],[82.30727543219908,28.114672217530043],[82.3068842841025,28.114953547032577],[82.30655603216516,28.11533128023299],[82.30613474667844,28.115694070528523],[82.30641953916232,28.11582679915356],[82.30667344383589,28.116038739076338],[82.30728547821413,28.116657987679535],[82.30755682491477,28.117099995127194],[82.30814503743521,28.117852595601466],[82.30845752338185,28.118427328839168],[82.30898202392295,28.11912184973299],[82.30934015391568,28.119526909161486],[82.30974292563899,28.119836690774957],[82.3099329944515,28.120031249554955],[82.31050514147931,28.120456753481264],[82.31073966553389,28.12053577874945],[82.31116970061777,28.120522653453367],[82.3114262329905,28.12058336066009],[82.31236314052249,28.12101443245384],[82.31270520518969,28.121094645768896],[82.3133052415615,28.12114078910043],[82.31373239889358,28.121258577390442],[82.31526959227317,28.121756110458858],[82.31543940449176,28.121853766070195],[82.3155662008296,28.1219676129563],[82.31575489380995,28.122256886360532],[82.31598603961385,28.12252771811884],[82.31615134758525,28.122930087877176],[82.31657156097326,28.123469874411573],[82.31663107992628,28.123755958394813],[82.31707217601166,28.124333881781983],[82.31728394071457,28.124528190584062],[82.31745118876849,28.124779328491027],[82.31746862985455,28.125007082498392],[82.31759304880576,28.1252947307178],[82.31767657835105,28.125411265804285],[82.31784007197383,28.125928730911177],[82.3178930842585,28.126616496042317],[82.31784681592579,28.126788483992534],[82.31779460341833,28.127359901247768],[82.31785355872373,28.127704628287805],[82.31824006563723,28.12896912709494],[82.31830258714375,28.129083599244236],[82.31861876495769,28.129432578973415],[82.31914833330016,28.12985852090584],[82.31927375263069,28.130069458961515],[82.31943787188355,28.130530470035694],[82.31971009386477,28.13093402870267],[82.32018857536055,28.131856927725725],[82.32056777542992,28.1322617374699],[82.32082218112356,28.132455609109666],[82.32092815749098,28.132533570055067],[82.32060453498624,28.132663043452595],[82.31939345324967,28.13318237310794],[82.31915773779659,28.133430694340852],[82.31913572977564,28.133453513616892],[82.31883555349867,28.133623373232766],[82.31801862169877,28.13385243417865],[82.31737413014217,28.133926263790414],[82.31705175891759,28.13400159549211],[82.31608489726257,28.134096678283303],[82.31576196471032,28.13407716979955],[82.31524633416566,28.134172381593956],[82.31479472753901,28.134190321045782],[82.31453700713399,28.134093478049024],[82.3138915793883,28.134036455609614],[82.31363404560079,28.134054771238407],[82.31337563800938,28.13399856520388],[82.31311785394577,28.133996500209463],[82.31273108254355,28.134167234668542],[82.3126238539337,28.1343013982791],[82.31262472696909,28.134529278045886],[82.31266755373956,28.134702641814965],[82.31284048936536,28.135102698134016],[82.3129485250019,28.135559770855732],[82.31314321769692,28.13607467373064],[82.3132726387335,28.136303616613247],[82.31327288720075,28.136475104718247],[82.31335966727528,28.136704422294812],[82.3135317909416,28.136989382090288],[82.31355367132342,28.137219325193133],[82.31368321742777,28.13750472271987],[82.31379200202697,28.138020437201526],[82.31377061691867,28.138304958047183],[82.31375078726656,28.139183028672015],[82.31375110000032,28.139257487850966],[82.31366531646485,28.13937339567359],[82.31336507675425,28.13959964811096],[82.31315024465465,28.13982965136817],[82.31259259213442,28.140552608738904],[82.31235656337448,28.140875326954284],[82.31207758212534,28.141065317789057],[82.31190570521923,28.141066941515433],[82.31158314807887,28.14097072360049],[82.31151875045364,28.14091270595674],[82.31123858389306,28.140798044939785],[82.31104526192408,28.140759282336038],[82.3107871030899,28.14077978666962],[82.31040064341461,28.141083621953722],[82.31001443422454,28.14131074838251],[82.30975665002732,28.141405711470252],[82.3094343429231,28.141386203263817],[82.30911128602307,28.1412539119268],[82.30893897299087,28.141061479243906],[82.30876610080708,28.140661548313293],[82.3085938506953,28.14047130294405],[82.3084431084024,28.140375711132798],[82.30792672964577,28.14020234364449],[82.30708754790076,28.13961003818823],[82.30676455393586,28.13941910474841],[82.30685083438546,28.139610036050797],[82.30691604311725,28.13983966690126],[82.3070670979997,28.140068422830215],[82.30711029969389,28.140221468454108],[82.30700356829996,28.140601578529314],[82.30713267632302,28.140907231888356],[82.30715499558681,28.141060464787515],[82.30698348907332,28.1415157217138],[82.30685518950354,28.141744850817556],[82.30683374097036,28.141972979833945],[82.30674858126704,28.14229876266521],[82.30679128418898,28.14235477908069],[82.3067915963439,28.142431489108723],[82.30672750757276,28.142603601533967],[82.30677039746885,28.142679937210403],[82.3067280052271,28.1429082535435],[82.306599328702,28.143211904993574],[82.30627795386049,28.143745246239703],[82.30619266818363,28.14405071005946],[82.30600003074703,28.14433691767444],[82.30597827110573,28.144488274151364],[82.30572135711505,28.14507975841775],[82.30576549461853,28.14551707517253],[82.3057444227396,28.145668494219713],[82.30563737931543,28.145974145495533],[82.30563787642616,28.146278797271513],[82.30555240202528,28.146735493342888],[82.30542391379277,28.147059400264013],[82.3055104444499,28.147212007648843],[82.30553263691365,28.147518723486257],[82.3056404251071,28.1477455403155],[82.30555501471706,28.148051066866927],[82.30527628303317,28.14837415998921],[82.30501874658583,28.148602287515992],[82.30450298927579,28.148850919110448],[82.3038600579645,28.149270036304884],[82.30356075567643,28.14957524852554],[82.30347509838784,28.14959412873647],[82.30315403883682,28.14978449473216],[82.30274794498648,28.1502600062059],[82.30251354064532,28.150718076181473],[82.30225781663141,28.151099623465857],[82.30206630200459,28.151634028592245],[82.30185278170833,28.151920423892626],[82.30155335486967,28.152166930916216],[82.30121003928386,28.152206314856368],[82.3006748361643,28.15252959374309],[82.30024773468261,28.153005292476923],[82.30009842613224,28.153234670833875],[82.29985795875953,28.15346711237292],[82.30025078827144,28.15394181746794],[82.30050950683808,28.154284606985833],[82.3006398008284,28.15468503879301],[82.30081330006048,28.15502870334285],[82.30098504919278,28.155180499085567],[82.30130760564005,28.155371495653945],[82.30135118365381,28.155447830630933],[82.3017385125671,28.155791622377222],[82.30217060389599,28.156460009332157],[82.30240868695147,28.157089633566443],[82.30243038182572,28.157145838070146],[82.30266921329338,28.157890495746567],[82.30288547653223,28.158405210866253],[82.30303827680663,28.159035647890253],[82.30306084501125,28.159321981779176],[82.30310423444128,28.159436702976176],[82.30310591873264,28.15983607097463],[82.30317112789346,28.160122093074705],[82.30317206246811,28.16040867640399],[82.30328159718417,28.161039487548514],[82.30358551354585,28.161955008735422],[82.30362934144448,28.16210580374619],[82.30388631224235,28.16208755091826],[82.30405868863375,28.16212656290111],[82.3042303151675,28.162106871190055],[82.30491732126403,28.162165769447814],[82.30543244981048,28.162280432202024],[82.30620555034498,28.16229788043783],[82.30663470933276,28.162413355940455],[82.30680664900972,28.162413981757307],[82.30723605784478,28.162547524371504],[82.30783778119384,28.162661375222953],[82.30818128351716,28.162795792613256],[82.30886941171153,28.16315927976121],[82.30921328927127,28.163216924655266],[82.30938541496124,28.163292010888124],[82.30953603266798,28.163425988163873],[82.30975154742403,28.16371276207558],[82.31009810506589,28.16457145470551],[82.31022914948652,28.165028339872062],[82.31033687575817,28.16520095398943],[82.31044541374462,28.165486600860962],[82.31053150710441,28.165600884885837],[82.31066036713955,28.165676345422515],[82.3109825498561,28.165677786411525],[82.31158277483642,28.165563695214416],[82.31218456048155,28.16573618834638],[82.31244184477589,28.165638973677606],[82.31265555129555,28.165467675185567],[82.31289045430542,28.16520141116592],[82.31314736450216,28.164973283992282],[82.31334068644614,28.16495334240592],[82.3135123755849,28.16499229273723],[82.31385612730891,28.165144714716853],[82.31394215884355,28.165202545393814],[82.31417924467009,28.165489131208524],[82.31467642134685,28.166366705676033],[82.31485004461688,28.166766823992162],[82.31500215822402,28.16728197701133],[82.3150464832994,28.16768103135015],[82.31513338858365,28.16796905446367],[82.31519947020612,28.168426501819493],[82.3153080087376,28.168712086548446],[82.31552352367464,28.168998922369695],[82.3156529457846,28.169112706767894],[82.31578174355687,28.16913183863321],[82.31676742810016,28.168675462496644],[82.3171959640486,28.16857881236235],[82.31805434804801,28.168541182911586],[82.31848313345934,28.168464851403407],[82.31908435870021,28.168427470384053],[82.31925529799871,28.168351386770883],[82.3194696291218,28.16818002561327],[82.31993937340539,28.167550406898442],[82.32006773517709,28.167474698540808],[82.32028219013817,28.16741624510393],[82.32105435434289,28.16735910963827],[82.32150365077555,28.16703658139434],[82.32184671670464,28.166922738286075],[82.32201778263286,28.166749501224526],[82.32206023731564,28.16663634321963],[82.3220172220355,28.166501303306436],[82.32193075306077,28.16640739987472],[82.32152185411222,28.166081863449865],[82.32117641947491,28.165376590752025],[82.32098259912307,28.165204664285426],[82.32068111342997,28.165013605783525],[82.320379441534,28.164709576260076],[82.32009927668946,28.164497886698683],[82.32005607372199,28.16440354645777],[82.32005607572742,28.16425006359234],[82.32018412599882,28.163946476204153],[82.32018419093478,28.163792993192192],[82.31996842529408,28.163488214579182],[82.31983944100052,28.163353986356576],[82.31966731556794,28.163278963597598],[82.31955933824447,28.1631446107557],[82.31940741268693,28.162593197062762],[82.31940685427251,28.16213506293794],[82.31951302447452,28.161601532304363],[82.31951302601813,28.161448049400118],[82.31959843584683,28.161144836101535],[82.3195756212534,28.160533531063688],[82.31972505721787,28.160001751426645],[82.3200890128551,28.159314489964437],[82.32060427328251,28.158763394398875],[82.3210333132743,28.158192855676447],[82.32171858166512,28.156972189972983],[82.3218043668378,28.156648595624755],[82.3221481204382,28.156649848331437],[82.32253482813249,28.15657389205419],[82.3229219093976,28.156574645620978],[82.32311591929293,28.156613408003768],[82.32427697789076,28.156613417139194],[82.32447005003057,28.156575470572264],[82.32498636737024,28.156577224892605],[82.32524465100289,28.15661536304534],[82.32537338681772,28.15657797799043],[82.32576040635261,28.156578794077806],[82.32588920545868,28.156539158274914],[82.326469546866,28.156522283082545],[82.32711466181694,28.156599560885915],[82.3281472347867,28.15660075703603],[82.3287279498858,28.15671473170593],[82.32924413946634,28.157021138248744],[82.32943814765373,28.15721107090146],[82.3296544739918,28.157669331861907],[82.3299579503365,28.158889442468347],[82.33050676650252,28.160181701260814],[82.33080055678366,28.160871594462396],[82.3312328918001,28.16232071062882],[82.33140570180308,28.162702636453382],[82.33160045590601,28.16331219211948],[82.33162445429674,28.164379443328738],[82.33147601454127,28.16529483597513],[82.33104852869158,28.166704871709623],[82.33128530449873,28.16670481110937],[82.33167201094341,28.166723631351235],[82.33199513073433,28.16685586030519],[82.33231799906481,28.16706711247163],[82.33276966498018,28.167295120466918],[82.33302782315097,28.167371582925448],[82.3332213316578,28.167525442144274],[82.3332649096517,28.167601714428134],[82.3335449480313,28.168000709231887],[82.33382392885721,28.16781065551915],[82.33421013773048,28.167583529040733],[82.33459678373167,28.167448805483627],[82.33479035535636,28.16744918165821],[82.33534887898261,28.16725869245553],[82.33564955552427,28.167068451465333],[82.33590709087851,28.166840323953295],[82.33624966057,28.16638338059012],[82.33637858671872,28.166154188832902],[82.33667739329911,28.165354706151046],[82.33689210230024,28.16501179501263],[82.33712775450648,28.16476353643127],[82.33751377700708,28.16442131432736],[82.33774992910652,28.164267771019006],[82.33792162055262,28.164096846628482],[82.33813570372996,28.163753997905108],[82.33843638189548,28.163410336966933],[82.33875719391342,28.16289725131356],[82.33884279089447,28.16266843450412],[82.33892813993862,28.16221167612895],[82.33890470266492,28.161295782380957],[82.33879566733557,28.160723676156636],[82.33879535683369,28.160552250733105],[82.33864280812331,28.159696123095312],[82.33821090846811,28.15855172098633],[82.33810206084769,28.158036006087947],[82.33790786811234,28.15752116577045],[82.33758394076912,28.15696925149791],[82.33743301089591,28.156758563021473],[82.33711014469681,28.156339687391036],[82.33616217538248,28.155405719015494],[82.33579641642406,28.155120444457335],[82.3352366495933,28.154642987213066],[82.33493504039042,28.154395412747704],[82.3346554997388,28.15418603653521],[82.33441872586974,28.154032614691744],[82.33416050438696,28.154050930302784],[82.3339028463711,28.15401285456667],[82.33375185378246,28.153899195180866],[82.33362255723578,28.153688319710568],[82.33362230983667,28.153460439666848],[82.33366426616553,28.153098958911414],[82.33368378302198,28.152108105453483],[82.33368347331111,28.151877913093777],[82.33376825847552,28.151477671309458],[82.33374587986552,28.15105817264544],[82.33370230312842,28.15083066873591],[82.33365960023548,28.150772401088798],[82.33337856342253,28.15018166243403],[82.3332063150942,28.149896764937512],[82.33309834087285,28.149496084604024],[82.3327530318199,28.14880894256698],[82.33255827615324,28.14829628986503],[82.33253633281899,28.148122801741366],[82.33240678689972,28.147837466567758],[82.3323846571555,28.147438224589855],[82.3324271127018,28.14726629913126],[82.33240510732871,28.146979902841124],[82.33251140228683,28.146466627579915],[82.3327036043339,28.14595022728788],[82.33326044726883,28.14486616382314],[82.33332447354681,28.144637596818495],[82.33341019405327,28.14452168810448],[82.33340932181942,28.144293809233105],[82.33373200273705,28.144446356891876],[82.33392594954562,28.14448499438537],[82.33418410676983,28.144617910586607],[82.33457087469279,28.144751828107985],[82.33489355668006,28.14490437492914],[82.33532390409921,28.14496120726054],[82.3356675936687,28.14511350538534],[82.33592562737421,28.14513351299324],[82.33618422245922,28.145248361163013],[82.33670078460622,28.145782647182372],[82.33680857274274,28.146011777359533],[82.33732632001863,28.146850715782772],[82.3376294856252,28.147840633640502],[82.3376950060717,28.148298143817257],[82.33788975847405,28.14906118136012],[82.33814878602001,28.14967030031381],[82.33827826978505,28.149899118232796],[82.33834354204808,28.150128686271017],[82.33860194589107,28.150586509788738],[82.33896882798966,28.151119982239923],[82.33920603872315,28.15140650525878],[82.33948607646016,28.151864079219504],[82.34002489557102,28.15254941021937],[82.34015437844339,28.152778290574663],[82.34112416635612,28.153921946261885],[82.34142583722779,28.15437939549877],[82.34183542209695,28.154912368114456],[82.34196496849552,28.155141248558415],[82.34246064712771,28.155790880912686],[82.34289192628701,28.15647714823251],[82.34330107364053,28.15697185916526],[82.34442091967178,28.15794477886929],[82.34452914622648,28.158097074653202],[82.34474416212764,28.15828906957173],[82.34545504389835,28.159089997549643],[82.34556302094221,28.159222037422165],[82.34579886233676,28.158840615162884],[82.34614124756276,28.158173796366494],[82.34656916360294,28.15747003063636],[82.34704053415632,28.156783895523116],[82.34721178840769,28.156479807801855],[82.34740467716243,28.156022112666566],[82.34791875238645,28.155240761515127],[82.3482608867926,28.154553625204382],[82.3481958640195,28.154344376051558],[82.34813090364293,28.15419158060593],[82.3479375834651,28.15400158525525],[82.34750574159753,28.153371835101584],[82.34720456983094,28.15301147646271],[82.3470750221993,28.15293376529822],[82.34675259077136,28.15285792808897],[82.3462369600471,28.152858486871448],[82.34604320161284,28.152781462734264],[82.34587088883579,28.15264773494262],[82.34582793553983,28.152571399054843],[82.34582725128172,28.15221035576461],[82.34589121458066,28.15198185206711],[82.34589028082137,28.151600489488846],[82.3457611089715,28.15150471015736],[82.34541698137926,28.151370418752094],[82.34522334837992,28.151257258332663],[82.34470622220584,28.150779427275875],[82.3441679651884,28.150188937034645],[82.34399546638325,28.149883720351756],[82.34384335310587,28.149273665734487],[82.34386405195919,28.14889211581973],[82.34373419500203,28.148435293221027],[82.34338919775664,28.147824861376655],[82.34325909021598,28.14744474857565],[82.3430436385712,28.147063260050444],[82.34276197966388,28.146224323964752],[82.34205116056903,28.145364691403866],[82.34194256112244,28.144984391517045],[82.3419209938512,28.14467998926246],[82.34179113712861,28.14422091573505],[82.34168328685672,28.14399403584034],[82.34166128038386,28.143764093131907],[82.34172499691644,28.143307584933105],[82.34165972484895,28.143078079584562],[82.34148778719101,28.142867640733176],[82.3411000203835,28.142600622156216],[82.34056226015936,28.142296653514776],[82.34011028154998,28.142086776107924],[82.33946466902975,28.141666585159243],[82.33875428548757,28.141095849623035],[82.33856033986262,28.140903666334292],[82.33784976732541,28.140371379485927],[82.3373335792888,28.139911490705494],[82.33713969595559,28.139777949755867],[82.33690242248616,28.13953206347567],[82.33662238443175,28.13907442702113],[82.33647127084626,28.138538830305585],[82.33644895421024,28.138177974460348],[82.33642694680061,28.13804506051227],[82.33631897178087,28.137757224736887],[82.33625413818972,28.137453260263392],[82.33601705511583,28.13691853859655],[82.33556370702289,28.136078913991092],[82.33547748930233,28.13585184613912],[82.33519751503086,28.135394209601607],[82.33455084381995,28.134574588681513],[82.33409911745969,28.13417278045276],[82.33388360006994,28.13403948885633],[82.3336468278771,28.13367619284305],[82.33367046451013,28.133429996398945],[82.33369072466134,28.133213182218302],[82.33365509090673,28.132755422788552],[82.33367741242276,28.132660457867296],[82.33387405002402,28.132453148542396],[82.33400434967804,28.132379690722644],[82.33443432228812,28.132364188691636],[82.3348227812971,28.13227241515956],[82.33510188526256,28.13225616239622],[82.33565996791445,28.132300367766373],[82.33621898930431,28.132267799517802]]]}},{"type":"Feature","properties":{"province":"Lumbini Province","district":"Dang","municipality":"Tulsipur Sub-Metropolitan City","ward":"4","wardNumber":4,"sourceMunicipality":"Tulsipur","sourceType":"Upamahanagarpalika"},"geometry":{"type":"Polygon","coordinates":[[[82.35361792158672,28.214170234984902],[82.3539821865203,28.213864211114757],[82.35434607695117,28.213328118199417],[82.35481563661895,28.212432046434124],[82.35492192919277,28.212126332750888],[82.35502890822839,28.211971850577317],[82.3551782182538,28.21159124011178],[82.35528457193286,28.211439008441968],[82.35562483391132,28.210444969016567],[82.35575363271869,28.21031055608319],[82.35590412742108,28.21021652936031],[82.35639725228575,28.209927323698512],[82.35665522443331,28.209832235334193],[82.35695508846511,28.209621675666153],[82.35719099161354,28.209391422068997],[82.35736230773388,28.209143725625346],[82.35742614596118,28.208991869486216],[82.35742371420231,28.208303666962504],[82.35748636597056,28.207921680317938],[82.35761466639488,28.207692489513065],[82.35785013146976,28.207426099942612],[82.35795729741953,28.20738671429968],[82.35842947796677,28.207005168410838],[82.35885857699236,28.206793296935768],[82.35903014227199,28.20666069714979],[82.35928742741388,28.206563357746397],[82.35943798500116,28.206430945372933],[82.35978098976189,28.20625833460683],[82.3601244317238,28.206123985845363],[82.36106984999273,28.20589342512846],[82.3613275720261,28.205778018230404],[82.3615421539667,28.205626975472928],[82.3616066779494,28.205587964104993],[82.36201320866407,28.20520704335247],[82.36214207085452,28.205074880185798],[82.36233464583407,28.20478867324447],[82.36246163374581,28.20440824957667],[82.362438630353,28.20395042739929],[82.36250128171585,28.203570691366696],[82.36258619137013,28.203342000193274],[82.36286448697506,28.20288555558017],[82.36312114819783,28.202637047579373],[82.36352905284042,28.20240954626673],[82.36378639960023,28.202314457811696],[82.36412953018652,28.202103460970328],[82.36445134032186,28.20181812930509],[82.36457895219094,28.201591188376643],[82.3646639251132,28.201209015073925],[82.3646833111091,28.20082971614401],[82.36457465000576,28.200447102639142],[82.36446604888097,28.200220347636023],[82.36446536252815,28.200066865293728],[82.3645932880351,28.199763214817548],[82.36478586293737,28.199533398882583],[82.36562249142476,28.19911659490147],[82.36583682348699,28.19894517132553],[82.36594342813574,28.198716230000585],[82.36596406326582,28.198488101025664],[82.36609236307945,28.19825890921557],[82.36619915449016,28.198145002224834],[82.36654278444036,28.1979745793339],[82.36707973457176,28.197935322185042],[82.36768189772172,28.197915758845323],[82.36836940548521,28.197746401908518],[82.36905616432878,28.197518402511992],[82.37043030905481,28.196908921565065],[82.37128838431013,28.19643316313378],[82.37145957350285,28.196375022494685],[82.37180295390333,28.196186532174597],[82.37203910607055,28.196032988693183],[82.37218891343775,28.19589157335911],[82.37224174521198,28.195841434185052],[82.37245395156647,28.195706146380356],[82.37388411824831,28.19489967007873],[82.37405568284647,28.194823523945175],[82.37450660493624,28.194480489197908],[82.37476407754903,28.194347014422245],[82.37506462956675,28.194100257420992],[82.37564391122844,28.193834933357827],[82.3757944055026,28.193700270575263],[82.37609439442933,28.19350996664569],[82.37643846491592,28.19312741992459],[82.37658920883217,28.193013074557378],[82.3771461068822,28.192842715916516],[82.3774027643401,28.192844656621855],[82.37774545490332,28.192902113475412],[82.37808695602833,28.193018274960295],[82.37877102152093,28.19332505785227],[82.37883504412979,28.19340114331453],[82.37900566961748,28.19349867341261],[82.37968917162503,28.193861910108698],[82.38011676698056,28.194035839257236],[82.38028701663195,28.194151436765694],[82.38129188859826,28.194497858634332],[82.38171879566751,28.19476656627028],[82.38188992113595,28.19480545410713],[82.3828300807315,28.19526534579928],[82.38300083165387,28.195324552317718],[82.3831713314311,28.195458218212256],[82.3835133325215,28.195612703493918],[82.38394067736317,28.195861154646053],[82.38436764707102,28.196035083368677],[82.38488058656338,28.196302916622056],[82.38530793200005,28.196456590147548],[82.38547855718824,28.196554119660778],[82.38573559003287,28.196630519219372],[82.38616243504491,28.196842834404272],[82.38650474933326,28.19691829725479],[82.3869330345422,28.196900420184463],[82.38701825349511,28.19694018227149],[82.38718956697056,28.19694068327658],[82.38736069313582,28.196977320588548],[82.38778822652968,28.197189636215896],[82.38804432108626,28.197247967812896],[82.38821569716404,28.197248406907075],[82.38847260550232,28.19732486855072],[82.3886438578356,28.197268978724786],[82.38909471615102,28.19692588151535],[82.38918006070428,28.196925006509893],[82.3896083447897,28.197001907285536],[82.39029215979404,28.19729056040744],[82.39063372394816,28.19740665954041],[82.3908052875985,28.19742522880519],[82.39157476063771,28.197638546916153],[82.39174607443407,28.19763904856646],[82.39189625647033,28.197581157214213],[82.3921105255437,28.197409733665857],[82.39219705968588,28.197257627472474],[82.3924364704941,28.19632097889623],[82.39243941715004,28.195517618549747],[82.3924829974063,28.1953456304803],[82.39269801839048,28.19498465093565],[82.3929347973955,28.194679875892],[82.39321390417352,28.194451373625864],[82.39347181613867,28.19411021282115],[82.39360174289048,28.193765924795663],[82.39364620115043,28.19336605787786],[82.393775063596,28.19313680398638],[82.39394706730373,28.192947749660334],[82.394462263756,28.192511500957277],[82.39459150062963,28.192359019505155],[82.39577201292401,28.191466891525945],[82.39590137576364,28.191237637620073],[82.39594476863351,28.191047644668796],[82.39594690128835,28.190379635862897],[82.39582017021162,28.189940943756227],[82.39567136593799,28.18980477724872],[82.39550118012562,28.18949962449201],[82.39554513815675,28.18915614901816],[82.39550318770675,28.18887000137016],[82.39539733836166,28.188564223409145],[82.3951419327421,28.188314085491502],[82.39503483130865,28.18825650515835],[82.39486395469638,28.188237936092868],[82.39467125868745,28.188160912183754],[82.3943300713982,28.187873262756792],[82.39422390796642,28.187738972571264],[82.39420402939533,28.187337479329525],[82.39437703571055,28.18687990861314],[82.39431426709383,28.18646084759636],[82.39427162681787,28.186364194127886],[82.39408018235501,28.186136001037077],[82.3939309404782,28.186020153106007],[82.39344082511963,28.18544523084344],[82.39331346778904,28.18519603094621],[82.3931849830694,28.18506192876379],[82.39301510986921,28.18477484307208],[82.39293076897798,28.18450945193833],[82.39291345994376,28.183419694324222],[82.39278742027533,28.182732678704888],[82.39298231140452,28.182103370940908],[82.39302670608063,28.18174188999308],[82.3931560695024,28.181456182031773],[82.3933080696811,28.18090408302246],[82.39341586161459,28.180675016756716],[82.39348138850976,28.18042613148577],[82.3937834452872,28.179759625789565],[82.39389079995115,28.179589263915798],[82.39438417423708,28.179342820496373],[82.39481271107347,28.179097001513693],[82.39513558650623,28.17856340997089],[82.39530853094627,28.178105776715185],[82.39533072767927,28.177954357693817],[82.39546021626235,28.177725103912618],[82.39556832165393,28.177419389334418],[82.39589006827018,28.177192700921523],[82.39572000781165,28.176943938526062],[82.3955280011374,28.176769886623],[82.39456620759016,28.176443470548577],[82.39392453115664,28.176305613207642],[82.39321895599085,28.176247340121282],[82.39182687145463,28.176469144678432],[82.39139852299887,28.17658180008331],[82.39101337986277,28.176581171495677],[82.39084287831957,28.176542284107388],[82.39064993207624,28.176542032013604],[82.3904788048888,28.1765978601844],[82.39013623948802,28.176596857092157],[82.389751533674,28.176537586931804],[82.38859829584995,28.1759784140379],[82.38836327244731,28.175825054100226],[82.38776404940693,28.175765719684456],[82.3874435560285,28.175649371088912],[82.3865898051222,28.175109706122836],[82.38614301750314,28.174631312218146],[82.38580389649647,28.17405476519147],[82.38548521920266,28.173633764168844],[82.38535911320591,28.17328753646377],[82.38514622321263,28.173018893112957],[82.38467817729716,28.172615146715934],[82.38412272279174,28.17240189200741],[82.38386600163689,28.172343560830836],[82.38341683468337,28.172361687752478],[82.38286018724688,28.17249134579785],[82.38255969946697,28.172643451066463],[82.38127478048104,28.172830121048854],[82.38084687035398,28.172827679421697],[82.38050493093493,28.172770222850303],[82.37964854807791,28.172765277164686],[82.37922151572408,28.172629671947405],[82.37847567924831,28.17210913835321],[82.37792335523137,28.171437749050718],[82.37766713587878,28.171225935232687],[82.37690217105867,28.170398685920663],[82.37583678164705,28.16953386202018],[82.37562332866582,28.169418638922362],[82.37540993695087,28.169359869528567],[82.3749193188562,28.169127860609308],[82.37464159014795,28.1690697165909],[82.3736380321448,28.168700788077317],[82.3734670308629,28.168623451344043],[82.37336074237409,28.16852748460095],[82.37319130781778,28.16822001790196],[82.37314979426372,28.168010581640957],[82.37317286874395,28.167626718422163],[82.3732833532832,28.167052426147343],[82.3732843550856,28.16688093814313],[82.37313717970983,28.1664198017374],[82.37260542423931,28.165863196441386],[82.37245661962886,28.165729343787937],[82.37224316600268,28.165611870042305],[82.37218983398762,28.165574045805823],[82.37213781549467,28.165538472853527],[82.37195418547233,28.165366545762843],[82.37150170997879,28.164831759939077],[82.37107098918989,28.164506599057724],[82.37081251977892,28.164355740553948],[82.36977920106627,28.163896722524296],[82.36926326022956,28.16372585582056],[82.36891857024965,28.163555553015865],[82.36685286952917,28.162811193864837],[82.36590589578954,28.16233548408597],[82.36538908096307,28.161990879057853],[82.36504489156444,28.16185890021562],[82.36474365567962,28.161647585392164],[82.36377591822647,28.16183994751633],[82.36334619498216,28.16183975678674],[82.36274409512154,28.161800615414517],[82.36231387306418,28.16170558437849],[82.36205558908352,28.161724025469475],[82.36145330413429,28.16151558451524],[82.36119539627344,28.16145719044813],[82.36082932362679,28.161305142370225],[82.36031331912265,28.16122905400455],[82.3599694403658,28.161268563033573],[82.35971115483794,28.161381718829947],[82.35953909068839,28.16141954140546],[82.35928199304635,28.161573271859314],[82.35902358340897,28.16162997443179],[82.35859354872223,28.161553011032396],[82.35824979535508,28.1615541961318],[82.35771215803449,28.161476043752714],[82.35749720375604,28.161342752510464],[82.35738872776479,28.161172326868826],[82.35734484081402,28.160771084152092],[82.35758005957467,28.16014358925092],[82.35757943848981,28.159741971135528],[82.35753573722945,28.159455823775822],[82.3574711523325,28.159284960799045],[82.35749266148274,28.159169677571704],[82.3574054455209,28.15876887168331],[82.35729747059068,28.158483348908558],[82.35714622956127,28.15819832680321],[82.35686619087788,28.15785578678119],[82.35654269984914,28.15733994546175],[82.35619769994913,28.15693944965573],[82.35591753695662,28.156481875468664],[82.35548650630837,28.15602355061084],[82.35537865593643,28.15579667070575],[82.35524917103619,28.15562418100539],[82.35509843112655,28.155280391896728],[82.35492456226525,28.154365934757404],[82.35468685562736,28.15373643489243],[82.3544929104759,28.15344953672162],[82.35444945781298,28.15333719143643],[82.35397560006129,28.152707690306833],[82.35393214690068,28.152593030637355],[82.35354425854833,28.152021422657207],[82.35324252321466,28.151715267506045],[82.35285463156431,28.151391857713477],[82.35268244547535,28.15116341441833],[82.35255271221502,28.150819437258285],[82.35242266957941,28.150247455175382],[82.35240022834617,28.14973324197677],[82.35231376336736,28.149332435843395],[82.3522268579413,28.149103118240824],[82.3522266718635,28.14898802196353],[82.35190287085236,28.148244237902063],[82.35155718778336,28.147329217097205],[82.35147109398602,28.147214995629987],[82.35138475305902,28.146929223104085],[82.35121194033715,28.146700779627928],[82.35099623882279,28.146301222799142],[82.350736650274,28.145500423643544],[82.35069326365398,28.144984084540447],[82.35054189801991,28.144642545170452],[82.3502829303581,28.144241175504618],[82.34970072505533,28.143039630688527],[82.34952785044304,28.142754733232977],[82.34847172190138,28.141266725102177],[82.34801899562292,28.140695741985862],[82.34780341910007,28.140352638726956],[82.34741571666491,28.139837422245],[82.34696380275389,28.139379284127166],[82.34653283456203,28.13886444211302],[82.34631744296296,28.138692827328367],[82.34577881089832,28.138120405654856],[82.34511056989648,28.13720625723436],[82.34502478843729,28.13716649450298],[82.34491687449486,28.13703445527047],[82.34483109325986,28.13699688029104],[82.34465884299107,28.136863215439124],[82.34444388773312,28.13682470187258],[82.34427169834643,28.136844456805964],[82.343841537719,28.136805754266632],[82.34263721683499,28.13653779151354],[82.3422073707546,28.136365924950606],[82.34212083789636,28.13636679924282],[82.34143252131038,28.136138852495147],[82.34091670560704,28.13590921811734],[82.34057220356343,28.135795244827047],[82.34033524222842,28.135623817787067],[82.33958271432732,28.1352994665115],[82.33857121764319,28.13466846056243],[82.3382267161109,28.134554486968742],[82.33799044076463,28.134439451428705],[82.33792548017061,28.134383684649837],[82.33768883313283,28.133982064914797],[82.33766682767322,28.133697918761577],[82.33762343756722,28.1336397135344],[82.33729337810331,28.13345334407544],[82.33727537190889,28.133430962062445],[82.33660087863919,28.13257776852981],[82.33621898930431,28.132267799517802],[82.33565996791445,28.132300367766373],[82.33510188526256,28.13225616239622],[82.3348227812971,28.13227241515956],[82.33443432228812,28.132364188691636],[82.33400434967804,28.132379690722644],[82.33387405002402,28.132453148542396],[82.33367741242276,28.132660457867296],[82.33365509090673,28.132755422788552],[82.33369072466134,28.133213182218302],[82.33367046451013,28.133429996398945],[82.3336468278771,28.13367619284305],[82.33388360006994,28.13403948885633],[82.33409911745969,28.13417278045276],[82.33455084381995,28.134574588681513],[82.33519751503086,28.135394209601607],[82.33547748930233,28.13585184613912],[82.33556370702289,28.136078913991092],[82.33601705511583,28.13691853859655],[82.33625413818972,28.137453260263392],[82.33631897178087,28.137757224736887],[82.33642694680061,28.13804506051227],[82.33644895421024,28.138177974460348],[82.33647127084626,28.138538830305585],[82.33662238443175,28.13907442702113],[82.33690242248616,28.13953206347567],[82.33713969595559,28.139777949755867],[82.3373335792888,28.139911490705494],[82.33784976732541,28.140371379485927],[82.33856033986262,28.140903666334292],[82.33875428548757,28.141095849623035],[82.33946466902975,28.141666585159243],[82.34011028154998,28.142086776107924],[82.34056226015936,28.142296653514776],[82.3411000203835,28.142600622156216],[82.34148778719101,28.142867640733176],[82.34165972484895,28.143078079584562],[82.34172499691644,28.143307584933105],[82.34166128038386,28.143764093131907],[82.34168328685672,28.14399403584034],[82.34179113712861,28.14422091573505],[82.3419209938512,28.14467998926246],[82.34194256112244,28.144984391517045],[82.34205116056903,28.145364691403866],[82.34276197966388,28.146224323964752],[82.3430436385712,28.147063260050444],[82.34325909021598,28.14744474857565],[82.34338919775664,28.147824861376655],[82.34373419500203,28.148435293221027],[82.34386405195919,28.14889211581973],[82.34384335310587,28.149273665734487],[82.34399546638325,28.149883720351756],[82.3441679651884,28.150188937034645],[82.34470622220584,28.150779427275875],[82.34522334837992,28.151257258332663],[82.34541698137926,28.151370418752094],[82.3457611089715,28.15150471015736],[82.34589028082137,28.151600489488846],[82.34589121458066,28.15198185206711],[82.34582725128172,28.15221035576461],[82.34582793553983,28.152571399054843],[82.34587088883579,28.15264773494262],[82.34604320161284,28.152781462734264],[82.3462369600471,28.152858486871448],[82.34675259077136,28.15285792808897],[82.3470750221993,28.15293376529822],[82.34720456983094,28.15301147646271],[82.34750574159753,28.153371835101584],[82.3479375834651,28.15400158525525],[82.34813090364293,28.15419158060593],[82.3481958640195,28.154344376051558],[82.3482608867926,28.154553625204382],[82.34791875238645,28.155240761515127],[82.34740467716243,28.156022112666566],[82.34721178840769,28.156479807801855],[82.34704053415632,28.156783895523116],[82.34656916360294,28.15747003063636],[82.34614124756276,28.158173796366494],[82.34579886233676,28.158840615162884],[82.34556302094221,28.159222037422165],[82.34545504389835,28.159089997549643],[82.34474416212764,28.15828906957173],[82.34452914622648,28.158097074653202],[82.34442091967178,28.15794477886929],[82.34330107364053,28.15697185916526],[82.34289192628701,28.15647714823251],[82.34246064712771,28.155790880912686],[82.34196496849552,28.155141248558415],[82.34183542209695,28.154912368114456],[82.34142583722779,28.15437939549877],[82.34112416635612,28.153921946261885],[82.34015437844339,28.152778290574663],[82.34002489557102,28.15254941021937],[82.33948607646016,28.151864079219504],[82.33920603872315,28.15140650525878],[82.33896882798966,28.151119982239923],[82.33860194589107,28.150586509788738],[82.33834354204808,28.150128686271017],[82.33827826978505,28.149899118232796],[82.33814878602001,28.14967030031381],[82.33788975847405,28.14906118136012],[82.3376950060717,28.148298143817257],[82.3376294856252,28.147840633640502],[82.33732632001863,28.146850715782772],[82.33680857274274,28.146011777359533],[82.33670078460622,28.145782647182372],[82.33618422245922,28.145248361163013],[82.33592562737421,28.14513351299324],[82.3356675936687,28.14511350538534],[82.33532390409921,28.14496120726054],[82.33489355668006,28.14490437492914],[82.33457087469279,28.144751828107985],[82.33418410676983,28.144617910586607],[82.33392594954562,28.14448499438537],[82.33373200273705,28.144446356891876],[82.33340932181942,28.144293809233105],[82.33341019405327,28.14452168810448],[82.33332447354681,28.144637596818495],[82.33326044726883,28.14486616382314],[82.3327036043339,28.14595022728788],[82.33251140228683,28.146466627579915],[82.33240510732871,28.146979902841124],[82.3324271127018,28.14726629913126],[82.3323846571555,28.147438224589855],[82.33240678689972,28.147837466567758],[82.33253633281899,28.148122801741366],[82.33255827615324,28.14829628986503],[82.3327530318199,28.14880894256698],[82.33309834087285,28.149496084604024],[82.3332063150942,28.149896764937512],[82.33337856342253,28.15018166243403],[82.33365960023548,28.150772401088798],[82.33370230312842,28.15083066873591],[82.33374587986552,28.15105817264544],[82.33376825847552,28.151477671309458],[82.33368347331111,28.151877913093777],[82.33368378302198,28.152108105453483],[82.33366426616553,28.153098958911414],[82.33362230983667,28.153460439666848],[82.33362255723578,28.153688319710568],[82.33375185378246,28.153899195180866],[82.3339028463711,28.15401285456667],[82.33416050438696,28.154050930302784],[82.33441872586974,28.154032614691744],[82.3346554997388,28.15418603653521],[82.33493504039042,28.154395412747704],[82.3352366495933,28.154642987213066],[82.33579641642406,28.155120444457335],[82.33616217538248,28.155405719015494],[82.33711014469681,28.156339687391036],[82.33743301089591,28.156758563021473],[82.33758394076912,28.15696925149791],[82.33790786811234,28.15752116577045],[82.33810206084769,28.158036006087947],[82.33821090846811,28.15855172098633],[82.33864280812331,28.159696123095312],[82.33879535683369,28.160552250733105],[82.33879566733557,28.160723676156636],[82.33890470266492,28.161295782380957],[82.33892813993862,28.16221167612895],[82.33884279089447,28.16266843450412],[82.33875719391342,28.16289725131356],[82.33843638189548,28.163410336966933],[82.33813570372996,28.163753997905108],[82.33792162055262,28.164096846628482],[82.33774992910652,28.164267771019006],[82.33751377700708,28.16442131432736],[82.33712775450648,28.16476353643127],[82.33689210230024,28.16501179501263],[82.33667739329911,28.165354706151046],[82.33637858671872,28.166154188832902],[82.33624966057,28.16638338059012],[82.33590709087851,28.166840323953295],[82.33564955552427,28.167068451465333],[82.33534887898261,28.16725869245553],[82.33479035535636,28.16744918165821],[82.33459678373167,28.167448805483627],[82.33421013773048,28.167583529040733],[82.33382392885721,28.16781065551915],[82.3335449480313,28.168000709231887],[82.3332649096517,28.167601714428134],[82.3332213316578,28.167525442144274],[82.33302782315097,28.167371582925448],[82.33276966498018,28.167295120466918],[82.33231799906481,28.16706711247163],[82.33199513073433,28.16685586030519],[82.33167201094341,28.166723631351235],[82.33128530449873,28.16670481110937],[82.33104852869158,28.166704871709623],[82.33147601454127,28.16529483597513],[82.33162445429674,28.164379443328738],[82.33160045590601,28.16331219211948],[82.33140570180308,28.162702636453382],[82.3312328918001,28.16232071062882],[82.33080055678366,28.160871594462396],[82.33050676650252,28.160181701260814],[82.3299579503365,28.158889442468347],[82.3296544739918,28.157669331861907],[82.32943814765373,28.15721107090146],[82.32924413946634,28.157021138248744],[82.3287279498858,28.15671473170593],[82.3281472347867,28.15660075703603],[82.32711466181694,28.156599560885915],[82.326469546866,28.156522283082545],[82.32588920545868,28.156539158274914],[82.32576040635261,28.156578794077806],[82.32537338681772,28.15657797799043],[82.32524465100289,28.15661536304534],[82.32498636737024,28.156577224892605],[82.32447005003057,28.156575470572264],[82.32427697789076,28.156613417139194],[82.32311591929293,28.156613408003768],[82.3229219093976,28.156574645620978],[82.32253482813249,28.15657389205419],[82.3221481204382,28.156649848331437],[82.3218043668378,28.156648595624755],[82.32171858166512,28.156972189972983],[82.3210333132743,28.158192855676447],[82.32060427328251,28.158763394398875],[82.3200890128551,28.159314489964437],[82.31972505721787,28.160001751426645],[82.3195756212534,28.160533531063688],[82.31959843584683,28.161144836101535],[82.31951302601813,28.161448049400118],[82.31951302447452,28.161601532304363],[82.31940685427251,28.16213506293794],[82.31940741268693,28.162593197062762],[82.31955933824447,28.1631446107557],[82.31966731556794,28.163278963597598],[82.31983944100052,28.163353986356576],[82.31996842529408,28.163488214579182],[82.32018419093478,28.163792993192192],[82.32018412599882,28.163946476204153],[82.32005607572742,28.16425006359234],[82.32005607372199,28.16440354645777],[82.32009927668946,28.164497886698683],[82.320379441534,28.164709576260076],[82.32068111342997,28.165013605783525],[82.32098259912307,28.165204664285426],[82.32117641947491,28.165376590752025],[82.32152185411222,28.166081863449865],[82.32193075306077,28.16640739987472],[82.3220172220355,28.166501303306436],[82.32206023731564,28.16663634321963],[82.32201778263286,28.166749501224526],[82.32184671670464,28.166922738286075],[82.32150365077555,28.16703658139434],[82.32105435434289,28.16735910963827],[82.32028219013817,28.16741624510393],[82.32006773517709,28.167474698540808],[82.31993937340539,28.167550406898442],[82.3194696291218,28.16818002561327],[82.31925529799871,28.168351386770883],[82.31908435870021,28.168427470384053],[82.31848313345934,28.168464851403407],[82.31805434804801,28.168541182911586],[82.3171959640486,28.16857881236235],[82.31676742810016,28.168675462496644],[82.31578174355687,28.16913183863321],[82.3156529457846,28.169112706767894],[82.31552352367464,28.168998922369695],[82.3153080087376,28.168712086548446],[82.31519947020612,28.168426501819493],[82.31513338858365,28.16796905446367],[82.3150464832994,28.16768103135015],[82.31500215822402,28.16728197701133],[82.31485004461688,28.166766823992162],[82.31467642134685,28.166366705676033],[82.31417924467009,28.165489131208524],[82.31394215884355,28.165202545393814],[82.31385612730891,28.165144714716853],[82.3135123755849,28.16499229273723],[82.31334068644614,28.16495334240592],[82.31314736450216,28.164973283992282],[82.31289045430542,28.16520141116592],[82.31265555129555,28.165467675185567],[82.31244184477589,28.165638973677606],[82.31218456048155,28.16573618834638],[82.31158277483642,28.165563695214416],[82.3109825498561,28.165677786411525],[82.31066036713955,28.165676345422515],[82.31053150710441,28.165600884885837],[82.31044541374462,28.165486600860962],[82.31033687575817,28.16520095398943],[82.31022914948652,28.165028339872062],[82.31009810506589,28.16457145470551],[82.30975154742403,28.16371276207558],[82.30953603266798,28.163425988163873],[82.30938541496124,28.163292010888124],[82.30921328927127,28.163216924655266],[82.30886941171153,28.16315927976121],[82.30818128351716,28.162795792613256],[82.30783778119384,28.162661375222953],[82.30723605784478,28.162547524371504],[82.30680664900972,28.162413981757307],[82.30663470933276,28.162413355940455],[82.30620555034498,28.16229788043783],[82.30543244981048,28.162280432202024],[82.30491732126403,28.162165769447814],[82.3042303151675,28.162106871190055],[82.30405868863375,28.16212656290111],[82.30388631224235,28.16208755091826],[82.30362934144448,28.16210580374619],[82.30380346154726,28.16281276278383],[82.30382677858839,28.16321419348582],[82.3039146801424,28.163786549549812],[82.30410999811137,28.164357906386662],[82.30445568273545,28.16498646898946],[82.30475891238059,28.165845598357492],[82.30493247358562,28.16618920114493],[82.30536524934611,28.167277273924086],[82.30545171759933,28.167373489842298],[82.3056898014262,28.167849632042124],[82.30584035600705,28.168078387946277],[82.30612245421518,28.168766217148512],[82.30618772440624,28.169108630371344],[82.30636134794395,28.1695086239997],[82.30651246428195,28.16973737985138],[82.30677062106474,28.17002377889377],[82.30737415275223,28.170597952086773],[82.30754590296587,28.170693356735963],[82.3076752633042,28.170807203656874],[82.30821439579076,28.17141813710204],[82.30840902624846,28.171876586276017],[82.30851849869526,28.172448754574585],[82.30873551161702,28.173019861315193],[82.30897272178396,28.17336283930901],[82.3092308777991,28.173592783621533],[82.30957637770408,28.1739934671523],[82.3098796080492,28.174793891999183],[82.30989048340832,28.175107483632505],[82.30990329747279,28.175481968551985],[82.30984176629352,28.176283641619932],[82.30982356343063,28.177141330724837],[82.30995510330926,28.178058538487026],[82.30995691137923,28.178516610040408],[82.30985186621466,28.17914498157435],[82.30968185926808,28.179717523037564],[82.30955530489594,28.18040478698378],[82.30955711313341,28.180919250045644],[82.3097726276553,28.181264728422573],[82.30988122735286,28.18160670486483],[82.3098395213222,28.181893663758128],[82.30986215195864,28.182180060317904],[82.30979980901463,28.182866698973136],[82.30962961627206,28.183267752899233],[82.30945967171776,28.18384029430595],[82.30944065703764,28.1845851384823],[82.30939888974326,28.18481345453138],[82.30944327644815,28.185271151870012],[82.3094452087084,28.185844320157877],[82.30921167614201,28.186588974550524],[82.30919022959303,28.186760712647303],[82.30912664167568,28.18687412032555],[82.30910581938993,28.187045857975665],[82.3091056937453,28.187140636153263],[82.30985709956369,28.187142455164746],[82.31097345417128,28.187045998078286],[82.31208974660129,28.187046569991608],[82.31260512512873,28.187122908160617],[82.3131198798847,28.18714273130167],[82.31389266906913,28.1871240439429],[82.31586840380338,28.187373570294337],[82.3170708530202,28.187393586368497],[82.31750057510106,28.18748874252557],[82.31835883335422,28.187430857022413],[82.3186165541059,28.18746899560713],[82.31893898485036,28.187641861038838],[82.31911073661716,28.187680873861645],[82.31962555504421,28.187603667658575],[82.31986164429419,28.187488573454637],[82.32026792413224,28.187128095774895],[82.32061074126358,28.186937480402847],[82.3207391659512,28.18682119702361],[82.32084620719594,28.186668903330144],[82.32097494370706,28.186572876355765],[82.32138103792128,28.186097364439952],[82.32172354277051,28.185829976633702],[82.32232183631184,28.185142716620025],[82.32247201783457,28.185028434334296],[82.3226428337019,28.184837254247743],[82.3231783504584,28.18447546506276],[82.3236068866915,28.184322423858212],[82.32371373987637,28.18420851543572],[82.32386348613473,28.183961131779856],[82.32399159731013,28.183865104932607],[82.32499997604846,28.18369287454758],[82.32568592110849,28.183503449324704],[82.32594357986801,28.18348513337757],[82.32637280412267,28.183388421316096],[82.32705850037878,28.18312228614067],[82.32740175412981,28.183026447511466],[82.32767998519157,28.182816138079996],[82.327830914026,28.183026764001006],[82.32817659994804,28.183637195351114],[82.32828725706725,28.18455459080861],[82.32826805625024,28.185164081939675],[82.32818333413695,28.185469546625956],[82.3278632712721,28.186002950110698],[82.3278206284824,28.18615680797697],[82.32777885970923,28.186538607212825],[82.32780205190546,28.18691971881005],[82.32763348102826,28.187758589457314],[82.32742020776624,28.18827517628401],[82.32716392148282,28.188618400146943],[82.32684298581863,28.188923925228387],[82.3266717961956,28.188979752346047],[82.32632860422589,28.18919068722662],[82.32581453479376,28.189380676304765],[82.32566441554712,28.18949495836687],[82.32555724985659,28.18953440652054],[82.32512977283046,28.190030486409462],[82.32500203547818,28.190259615681544],[82.3247268594528,28.191327426666092],[82.32460111536895,28.192242569550004],[82.32460267325845,28.192777351286836],[82.32466856947423,28.193158150933055],[82.3247989880027,28.193617224323084],[82.3253171724621,28.194532872406644],[82.32581278996382,28.19501101681161],[82.32637230876138,28.195355372728866],[82.32658776179004,28.19552704974293],[82.32684579372959,28.195793067026628],[82.3271701592302,28.196326976811612],[82.32736560059367,28.1969389073413],[82.32732657587195,28.198006658551318],[82.32745643194009,28.198465731796034],[82.32752295183833,28.198999951724588],[82.32765399393767,28.19961019403169],[82.3278927005265,28.200372858063666],[82.3281311594953,28.20090764162773],[82.3283902519969,28.201365465975783],[82.32867197524888,28.202053231911904],[82.32877963836862,28.20220565310832],[82.32884484862083,28.20243522097267],[82.32934214954128,28.203351056127914],[82.32951452471009,28.203543489024483],[82.32977274362702,28.203771120774274],[82.3301817060235,28.204037951522345],[82.33050670024983,28.204314597753637],[82.33072046516189,28.204497590860278],[82.33113098963584,28.204935848289196],[82.33184243718452,28.205506645840114],[82.33225227418038,28.20579148316113],[82.33257551735805,28.2060772573124],[82.33279122165797,28.206210485012793],[82.33341719920789,28.206820418934274],[82.33408619145393,28.207563080429647],[82.33449821357897,28.208326307317243],[82.33529750013754,28.209451331443386],[82.3357948678203,28.21006026438962],[82.33655008013845,28.210765977309336],[82.33661460423748,28.210783420584004],[82.33693834690928,28.211051063807325],[82.33771394511321,28.21144962494079],[82.33848910626061,28.211812112370385],[82.3392001821441,28.212039809712625],[82.33984617138805,28.212304330271273],[82.34049240879762,28.212647748518158],[82.34133296813407,28.21314271272668],[82.3417212350041,28.213427799728148],[82.34191543190232,28.213522891185935],[82.34256210569711,28.213999473898355],[82.3428210130962,28.214227105048714],[82.34314438196215,28.214417976534733],[82.3436622590633,28.214778461232015],[82.34385614307428,28.214950325611454],[82.34398606423974,28.215102496599638],[82.34402939229987,28.215255542120182],[82.34415962583635,28.215484422980186],[82.34422496041951,28.215713990356335],[82.34422720421463,28.216399942024992],[82.34428353438712,28.216787493735765],[82.34429341170056,28.216857389409714],[82.3442303852918,28.217162666252488],[82.3442975926664,28.217696760616555],[82.34436349014113,28.217924078276276],[82.34484084713617,28.21876107724805],[82.34510000474042,28.21900902712032],[82.34538035736396,28.219218403830432],[82.34542100193335,28.218703377439613],[82.34556875088661,28.218092699273306],[82.34565409656763,28.217940717566577],[82.34578114795099,28.217560357292832],[82.34620812635738,28.216969436808974],[82.34656194732044,28.216787636521154],[82.34661634342307,28.21676000378104],[82.34708777291503,28.216414656240087],[82.34846116985601,28.215514215022946],[82.34940689967085,28.2153040980675],[82.3495788396112,28.215302348545173],[82.35035250465087,28.21518638326171],[82.3505246313725,28.215148623785918],[82.35095429249552,28.215128558784972],[82.35181380321406,28.21489893543618],[82.3521575574394,28.214841358775285],[82.35267350111594,28.2146873170382],[82.35310316376108,28.214513832333473],[82.35344610673901,28.214284767317686],[82.35361792158672,28.214170234984902]]]}},{"type":"Feature","properties":{"province":"Lumbini Province","district":"Dang","municipality":"Tulsipur Sub-Metropolitan City","ward":"17","wardNumber":17,"sourceMunicipality":"Tulsipur","sourceType":"Upamahanagarpalika"},"geometry":{"type":"Polygon","coordinates":[[[82.38618301866494,28.09188751420606],[82.3862729287747,28.091753475569938],[82.38633595347967,28.091658072760683],[82.38648757367014,28.091525660584765],[82.38681213365152,28.09133729534987],[82.38711650062447,28.09101382740511],[82.38742518437337,28.09032919120164],[82.38745513943121,28.089640614567386],[82.38752122834809,28.08948875779933],[82.38769391869259,28.08941254910059],[82.38831840279826,28.08924600458744],[82.38924731634297,28.08875593059179],[82.38967998032365,28.088471662347647],[82.39055043999946,28.087447368510457],[82.39078852996953,28.087314081354656],[82.39117523663928,28.087260505579412],[82.39066755316017,28.086663139048284],[82.39028835554049,28.08606671126475],[82.39016381262309,28.08568428521198],[82.39016994431165,28.085223963130847],[82.39043254691605,28.084767705641777],[82.39078211954752,28.08425418250984],[82.39084914699676,28.084025553091916],[82.39085102347856,28.083872071254042],[82.39078956599508,28.083642565138582],[82.39062169331082,28.083355416986333],[82.39045169333332,28.083199120194315],[82.3897239866583,28.083003494462794],[82.38871786376444,28.082821809073767],[82.3885039717326,28.082763040364885],[82.38792682134564,28.082547722551762],[82.38749997651948,28.08235341177568],[82.38709576570768,28.08208226697334],[82.38688331329773,28.08188808361195],[82.38684123631816,28.08182981585129],[82.38671419042029,28.081695712978252],[82.38616361623417,28.08107846459848],[82.38565349227633,28.080634580963636],[82.38554807975335,28.08050022759877],[82.38542028233819,28.080404511441387],[82.38533643972197,28.080269908641764],[82.38518738605846,28.08015406087593],[82.38487052146586,28.079748815101194],[82.38420965397401,28.079360632893057],[82.38403846613954,28.079303677439366],[82.38371897395646,28.07909023716021],[82.38354772278656,28.079031031084494],[82.3833139500506,28.0788574164791],[82.38314276139783,28.07880039855438],[82.38271647994226,28.07854750851437],[82.38254529221331,28.078490552155543],[82.38186297950134,28.078064172089434],[82.3813739882503,28.07767868035461],[82.38069161280038,28.077292873996097],[82.38032972997743,28.07700316135896],[82.38015979354228,28.076849177357772],[82.37998941830878,28.076753835370237],[82.37937300606369,28.076252308936315],[82.37916111721192,28.07600173359188],[82.37890633703618,28.07577185132852],[82.37839302278324,28.07557616553355],[82.377879519795,28.075459439633338],[82.37749350080833,28.075418236700674],[82.3774718682027,28.07541842444973],[82.37734338279506,28.075417485850856],[82.37657059527575,28.07537334180885],[82.37614105931095,28.075409223804403],[82.37571296361841,28.075309691779207],[82.37528568069082,28.07511538153524],[82.37481694713708,28.074826730170496],[82.37396238190296,28.07445623983468],[82.3733622214782,28.074376462271374],[82.3725039644128,28.07431287440628],[82.37219059788923,28.074282112691918],[82.37214726977378,28.074278048604064],[82.37173423905136,28.074406333650533],[82.37095725951197,28.074682596118766],[82.37035240697591,28.074941417406762],[82.36966227243708,28.07514240827079],[82.36905710669944,28.075421485978172],[82.36870972481108,28.07566642989935],[82.36825355061498,28.076059104450305],[82.36809999184197,28.07619151701076],[82.36803521735645,28.07624859612035],[82.36759567314513,28.076853207999466],[82.36739959782,28.07704244940015],[82.36716150831313,28.077173486372804],[82.36672990853293,28.077301895255225],[82.36586476925477,28.077748332257215],[82.3655190765104,28.07787811809407],[82.3650026329065,28.077984832702594],[82.36465894141078,28.07801984038942],[82.36397249866792,28.07801089527574],[82.36346112253531,28.07781514560556],[82.36318577150281,28.077619274269804],[82.36295400048903,28.07735081853865],[82.36248883101987,28.076983081875838],[82.36208799773615,28.076576334106335],[82.36196301544254,28.076345203000336],[82.36139518582398,28.075709886451097],[82.36131140565556,28.075575346442836],[82.36091025953739,28.07518891727732],[82.36089062859693,28.075092076441443],[82.36082791832017,28.07501599140082],[82.3606164664398,28.07484206315221],[82.36027502765197,28.07470327046864],[82.3599574742745,28.07448976713964],[82.35970144216763,28.074411054651126],[82.35946754297424,28.074273512979516],[82.35903913395455,28.07425062741681],[82.35878135019007,28.074284823298694],[82.3581102836826,28.074638984916692],[82.35767912192182,28.07474938905658],[82.35716349202849,28.074817655225104],[82.35678235275967,28.074507685951268],[82.35674183915117,28.074374958644775],[82.35559160219165,28.073901185835428],[82.35501820423795,28.073570584744658],[82.35470196500916,28.073262303876806],[82.3543600251379,28.073182153153606],[82.35404103341882,28.07300478540765],[82.3535290934574,28.072865428693706],[82.35327387485468,28.0727483295533],[82.35242062203913,28.072470178733898],[82.35178307573595,28.072099565108545],[82.35120830174108,28.071863803809023],[82.35116584862318,28.071825854842974],[82.35086673741546,28.07176558456055],[82.35046227586678,28.071568773740825],[82.3500816377257,28.071240799442524],[82.34991395204858,28.07100998034631],[82.34981354413564,28.070607049109086],[82.34975521246592,28.07026226000703],[82.34975871624594,28.0700343808689],[82.3497832276605,28.069862642601432],[82.34985125494137,28.06965433203393],[82.34987764274426,28.069367435336144],[82.34974441521335,28.068335256386664],[82.34976905151642,28.068165769738922],[82.3497304146091,28.067877246479082],[82.34962706583377,28.067648115767074],[82.34950233384482,28.067437240394497],[82.34933427324474,28.067224489733274],[82.34895376017622,28.06685819184647],[82.34854973657772,28.066643249874137],[82.34829332975357,28.06658260571252],[82.34777945068903,28.06653796317176],[82.34726407106136,28.06657015652825],[82.34674956680858,28.066525514357956],[82.34649309730214,28.06646486972459],[82.34581128284877,28.06620753853928],[82.34546934403735,28.066127387220178],[82.34464010196467,28.06567968677341],[82.34430085326038,28.065407667403626],[82.34400612139208,28.06507888068955],[82.3433914594416,28.064651625106],[82.34313542688726,28.064572850156186],[82.3428799585794,28.064435432863707],[82.34219614227803,28.064275130386214],[82.34202595473792,28.06419785636379],[82.34171059096349,28.063792484739345],[82.34147775595282,28.063636750010048],[82.34113544177953,28.063574666211824],[82.34053434252557,28.0635670346226],[82.34027787265939,28.063506327209435],[82.33976405645126,28.06346393586601],[82.33959349383599,28.06340247862342],[82.33942092863245,28.063440238785468],[82.33916370845596,28.063417917418178],[82.33873623753996,28.063316072061742],[82.3378849238176,28.06292495028161],[82.33695139487627,28.062322453511218],[82.33678045607161,28.062281252395856],[82.33618429979502,28.06200723033251],[82.33579909438949,28.06192526540194],[82.33584073379146,28.06200153848395],[82.33585604886797,28.06236470732781],[82.3359810310531,28.062595964264244],[82.33610601266832,28.06282484456629],[82.33648321000705,28.063344812513044],[82.33658537050187,28.06363264786025],[82.33685753023006,28.064036206355713],[82.33760673396267,28.065418993527008],[82.33794310532357,28.06582417692979],[82.33813117220147,28.06611345082876],[82.33829522847464,28.066572212538087],[82.33824845904792,28.066800591166015],[82.33830916632093,28.06703015916913],[82.3383038493305,28.06731680573459],[82.33821049776955,28.067791569156373],[82.3380982651213,28.068077027531565],[82.33807194019245,28.068363924533703],[82.33793513496357,28.06881880698722],[82.33780302049529,28.069045810160915],[82.3377551252247,28.069332831542763],[82.33776906359552,28.069790841189896],[82.33762575089276,28.070647466129046],[82.33755853706671,28.07081739071576],[82.33751408230651,28.07087421978538],[82.33725448432912,28.07102344894506],[82.33679699698357,28.071418373211422],[82.33588690249209,28.071941707625747],[82.3353653296196,28.072355262709685],[82.33439096091415,28.072877032722396],[82.3343263119751,28.07289341274194],[82.33432337136396,28.07306721315481],[82.334299924301,28.073180308635642],[82.33414686552833,28.073351045483115],[82.333886642227,28.073500149291903],[82.33358452772588,28.073609241842608],[82.33313348558084,28.073604611582244],[82.33300381101344,28.073660001827893],[82.33289476955463,28.07379197784959],[82.33278372562988,28.074018731122145],[82.332691875438,28.074362643980663],[82.33260427969245,28.0744763010505],[82.33257964304154,28.07464578811321],[82.33261871856247,28.074875606530576],[82.33266079566435,28.07493387377759],[82.33271731196808,28.075391383291212],[82.33282209980459,28.07552804940066],[82.33313965341729,28.075798005975063],[82.3332881452755,28.075875529949908],[82.33356762456164,28.075841209546642],[82.33365309427111,28.075860715764886],[82.33397202331143,28.076038207885535],[82.33414302417931,28.07607709596603],[82.33452309939054,28.076463837109515],[82.33473198713484,28.076791247790062],[82.33542467333149,28.0777142738037],[82.33556947422923,28.07800392238777],[82.33619801148754,28.07892532375926],[82.3363018618936,28.079100312616337],[82.33648642558445,28.079617528770836],[82.33660721537399,28.080076726777854],[82.33664341297846,28.080478032930866],[82.33661821299535,28.08070622464425],[82.33650598123076,28.080989369167412],[82.33639668906577,28.081103276684903],[82.33613709163727,28.08125244406392],[82.33583478956956,28.08134346786009],[82.33557143815474,28.08170257145232],[82.33548140254389,28.081931388091867],[82.33538604848576,28.08250330537728],[82.33546720131093,28.082789139340406],[82.33584452397677,28.0833088576063],[82.33656028281877,28.084139169833016],[82.3367057093325,28.084426629806984],[82.33691540930619,28.084715653900016],[82.33712686147925,28.084889644088623],[82.33769356617644,28.0856017332915],[82.33788444742241,28.08575784318958],[82.33807608070956,28.085816799123158],[82.33824583141109,28.085914516240155],[82.3385890209416,28.08593821370023],[82.33867411489395,28.085975787741198],[82.3387566442904,28.086169032772826],[82.33875489182603,28.086284129611577],[82.33883717122602,28.08645486731903],[82.33890088137538,28.086512885336504],[82.33898384815771,28.08668587420906],[82.33934129051245,28.087090808166053],[82.33951110231611,28.08718846315827],[82.33978920506314,28.087248920497114],[82.34004623850844,28.087253173875165],[82.3402168638742,28.087312442596875],[82.340560054397,28.08733613979085],[82.34098690066884,28.0874357975077],[82.34147645535059,28.087670182433307],[82.34181883227764,28.087732265571947],[82.34216008375897,28.08785080301465],[82.34228650434574,28.087948895862933],[82.34234771250628,28.088158145391635],[82.34234358393421,28.08838833722033],[82.34195049545373,28.088802893873655],[82.34188209351368,28.089031522761513],[82.34198425349605,28.089317107738783],[82.34208822840894,28.0894920967738],[82.34246767828851,28.089876525513645],[82.34289152057033,28.090188307742693],[82.34316174129015,28.090686644223748],[82.34313779300732,28.090858381745722],[82.34307233087421,28.090915460745833],[82.34292096153968,28.090971163086852],[82.3424938655867,28.09085112476586],[82.3422368324565,28.09084687120693],[82.34210847258547,28.090807545911833],[82.34178747798701,28.09078353623728],[82.34146723450158,28.090703260243586],[82.34120857518258,28.090739581793525],[82.34075427870448,28.090981024247537],[82.34043015652244,28.09111055906249],[82.34021238530444,28.091299988759655],[82.33999123705658,28.091676722226463],[82.33990489199459,28.091695664703483],[82.33945509935134,28.091691034640327],[82.33930948184721,28.091751114098308],[82.3390012406609,28.09187589844013],[82.33867962107195,28.09185201375639],[82.33855194949267,28.091812688950174],[82.33829385280852,28.09182875399327],[82.33825002327467,28.09188558233117],[82.33799042496264,28.092034811852688],[82.33773088946579,28.092145654540506],[82.33734336904546,28.092237429195517],[82.33669274773584,28.092668049894264],[82.33656338670613,28.092703122045346],[82.33624170327585,28.092719812059343],[82.33598304391548,28.09279233083967],[82.33495153344913,28.092874597360073],[82.33430310125951,28.09317199197661],[82.33408608143034,28.093323034413196],[82.33408470504014,28.093417812836652],[82.33418630249848,28.093762039025552],[82.33453554838565,28.094683937447577],[82.33463420472434,28.095199777160396],[82.33492155397204,28.096004828864867],[82.33504309454734,28.09646627783836],[82.33507804050447,28.09692403690003],[82.3350336481482,28.097037320364798],[82.3349243555387,28.097151165442067],[82.33455577825875,28.097393983448026],[82.33435964100964,28.097583224868988],[82.33377542008654,28.09788224578331],[82.3335814099892,28.09793607239967],[82.33338796258272,28.097933445172604],[82.33274247060437,28.098059289691736],[82.33248481254611,28.098057286968515],[82.33196786820346,28.098184195741744],[82.33179367690747,28.098352869056264],[82.33170482987424,28.09852298055504],[82.3317012632622,28.098753173354215],[82.33176259667628,28.09892634932744],[82.33217968254202,28.09967600985683],[82.33224314332467,28.0997137721361],[82.33226321205711,28.09979029429289],[82.3325354349569,28.100196103628218],[82.33329333423646,28.101082369596917],[82.33361101164344,28.101354577255904],[82.33369610633365,28.10139440207898],[82.3340760565161,28.101760762133672],[82.33466864783536,28.10224472118906],[82.33513219043553,28.102786258860522],[82.33533976313427,28.10320850955245],[82.33527354959035,28.10330391262087],[82.33509992190488,28.10341619415082],[82.33475479203302,28.103545916879302],[82.3345799118332,28.103714652824515],[82.33427786107626,28.10382593253735],[82.33414756170404,28.10393777713279],[82.33393135484495,28.104050433203078],[82.33347862232314,28.104178967940353],[82.33334969832377,28.10419597208816],[82.33309272837778,28.10415339455326],[82.33289834281005,28.10422747738665],[82.33264087139713,28.10424354292384],[82.33220952160609,28.10435375872942],[82.33171202189183,28.104613643969778],[82.33130155485766,28.10476205974038],[82.33095542278255,28.104968491877962],[82.33050825566862,28.10508114726409],[82.33037376788953,28.10511403049074],[82.33011429466079,28.105224873456113],[82.33007040218733,28.105281764803717],[82.33015080484319,28.105608174036465],[82.33050799417504,28.106191409992682],[82.33052681339434,28.106222857409165],[82.33077565071267,28.106741699044306],[82.33098522597324,28.10706917176892],[82.33108738634489,28.1073570067571],[82.33107737570046,28.107986754691378],[82.33103229598119,28.108099974817993],[82.33104936235357,28.108348048242593],[82.33124362228158,28.10831228875136],[82.33156405355831,28.10839275276304],[82.33196914055338,28.108530921434276],[82.33213901572897,28.108628576053658],[82.33226643734508,28.108744673604004],[82.3324549423082,28.109015880216294],[82.33249232800962,28.109320156970284],[82.33291429306406,28.10978554710611],[82.33301607782771,28.11009132503109],[82.33314274843111,28.110245871849386],[82.3333294401318,28.110629923579264],[82.3335392025139,28.110919009837385],[82.33405401932241,28.110925265821525],[82.33457221439454,28.110739653190333],[82.3348288099288,28.110800360417958],[82.33495535622856,28.110898389668616],[82.3352252633613,28.111473498365736],[82.33528797380929,28.111551834167017],[82.33588106476148,28.112017725461282],[82.33613659658194,28.112152892482417],[82.33658469977946,28.112313255792078],[82.33735485993942,28.112436610448775],[82.33799734888294,28.112520577107937],[82.33836198508105,28.112526082091787],[82.33887786601929,28.112455565411146],[82.33946027189799,28.112271578577047],[82.33978289342087,28.11221887825579],[82.33997734116359,28.112144670344797],[82.34017053875056,28.11212704101116],[82.34062408476062,28.11196237157879],[82.3413355395282,28.111761317715505],[82.34211470889971,28.111331697919656],[82.3423945009547,28.111315382714597],[82.34252398786762,28.111239674618055],[82.3427227528384,28.110899201026545],[82.34279171875487,28.110614242765074],[82.34275433305076,28.110269328978237],[82.34263041494279,28.109981680488335],[82.34253000605025,28.10957874931787],[82.34253476118612,28.109294352696626],[82.34249380897526,28.109177381222345],[82.34250500818689,28.1084912421755],[82.34257103314843,28.10837777162392],[82.3426621957638,28.1080338588542],[82.34277267645201,28.107863559923167],[82.34296887616655,28.107676568571165],[82.34337834287028,28.10754847166837],[82.34371821770615,28.10776172499455],[82.34410317225975,28.107861757190722],[82.34448581300859,28.108038561644953],[82.34455077486125,28.10804018790962],[82.34467775889951,28.108117836833706],[82.34493385370975,28.10819661147859],[82.34506308938084,28.108197613236378],[82.34576760027767,28.108416369951193],[82.34608602991156,28.108593799954633],[82.34640633513057,28.108712462637595],[82.34666124114614,28.108847628884956],[82.34883548113417,28.109715338136258],[82.34943626751222,28.10972296984918],[82.34969667917564,28.10953535419486],[82.34982941888386,28.10930841402177],[82.3499205187978,28.10896456362776],[82.34994803208691,28.108621212622523],[82.35001524629492,28.108451288353212],[82.3500222534214,28.107993154076865],[82.35006727129947,28.107877557952012],[82.35007027427773,28.10770607044183],[82.35020520311225,28.107307579198995],[82.35023033992695,28.107079387053567],[82.35029573952005,28.10702237097901],[82.35042897971627,28.10673666299869],[82.3506042975116,28.106511535780804],[82.35073797516155,28.10620782331598],[82.35102214708762,28.10588460519456],[82.35115188320306,28.105829152838755],[82.35134414221469,28.105890484424375],[82.35189690799633,28.106182887432933],[82.35229936752143,28.106512862028087],[82.35238020699136,28.106819014966728],[82.35236563007625,28.10773534632987],[82.35250817859465,28.108194294495156],[82.35277839942596,28.10873320572411],[82.35284148453658,28.108791285132693],[82.35321761872214,28.109405844052052],[82.35351159916041,28.109811402329193],[82.35359619215393,28.10990768151391],[82.35378938938948,28.109892115950316],[82.354155401909,28.109800529686048],[82.35428682814216,28.10963004245544],[82.35437623873733,28.109401163875415],[82.35459569763496,28.1090988890315],[82.355530929623,28.10832685769576],[82.35592658223199,28.10776106892311],[82.35612234467678,28.107589895074103],[82.35634261744536,28.107249171947405],[82.35656732937674,28.10700097562388],[82.35688857691929,28.10664581179043],[82.3572374602616,28.10630608984267],[82.35732518246743,28.106192369373343],[82.35732630829224,28.106135978091718],[82.35759134900351,28.105661715467583],[82.35782962635228,28.105530741627124],[82.35802495138726,28.105379823652623],[82.35819945542319,28.105190831519693],[82.35828611293704,28.10515382155204],[82.35876435733181,28.104779028261323],[82.35889847369883,28.104416610362975],[82.35913881545328,28.104152471353963],[82.3598127601772,28.103608692275987],[82.36007298320104,28.10345721225928],[82.36024867676524,28.103211703900868],[82.3609416884462,28.102818968891324],[82.36118165598549,28.102575024255493],[82.36139830057719,28.1024443001306],[82.36213814462445,28.10178479922381],[82.36231264964933,28.10159574541988],[82.36250859850011,28.10144489028837],[82.36316028394917,28.10095550181617],[82.36344189071237,28.100787954600086],[82.36376851585277,28.100504874101652],[82.36394170556612,28.100412848364037],[82.36405068520865,28.100278622138774],[82.36424669787435,28.10012995480316],[82.36439994427731,28.099920894334556],[82.36466116856379,28.099694830221765],[82.36503024605477,28.09945201216104],[82.36583592865315,28.098717302133792],[82.36633737053984,28.098224911884028],[82.3666853784955,28.097923512747652],[82.36701388033596,28.09748926334929],[82.36725384651632,28.097245381132733],[82.36734056694478,28.097208433556084],[82.36758047110513,28.096962300712914],[82.36814499825573,28.09653017740031],[82.36838490310627,28.09628404483958],[82.36884201449858,28.095907124954994],[82.3691456919407,28.09572132324007],[82.3694068543147,28.095495320822096],[82.36979994286679,28.09504006560194],[82.3700611048664,28.094816313798855],[82.37097176202592,28.094234025090795],[82.37123161089653,28.0941028635318],[82.37157861734984,28.093878175172378],[82.37181814609045,28.09365236082838],[82.37194781987604,28.09359465687016],[82.37209762614627,28.09351638563429],[82.37219016156914,28.09348831580089],[82.37230045290406,28.093455681580252],[82.37258137178466,28.093285884054893],[82.37283996896593,28.093211114076155],[82.37303410500368,28.093116649912595],[82.37387654803476,28.092627513104958],[82.37452535783183,28.092171947017707],[82.37519323425333,28.091910250131935],[82.37543101112713,28.091752142884665],[82.37575638583495,28.091473563304255],[82.37584304282232,28.091436615660278],[82.37629859212048,28.09103937753838],[82.37692977149189,28.090297351775117],[82.37710490227447,28.090013520192006],[82.37739301732246,28.089268116275562],[82.37759090748955,28.088869062566612],[82.37791884666358,28.088394112934107],[82.37815887683,28.088109593787127],[82.3782666668544,28.088034072301678],[82.37882787917998,28.087789192596347],[82.37895730239936,28.08771342128194],[82.37940665719665,28.087833021858398],[82.37979280038097,28.087835901388754],[82.38004995806126,28.087894232747512],[82.38043334905109,28.088127366360823],[82.38056177210983,28.088166754323876],[82.38094847864359,28.08811311648749],[82.38146579882093,28.08792512739247],[82.3821104762125,28.087893810333277],[82.3823027352867,28.087952829058754],[82.38262466819849,28.08795408249818],[82.3828168634886,28.088013038385643],[82.38294509848153,28.088090749935642],[82.38320163061584,28.088151331805438],[82.38358545976416,28.088364084876627],[82.38375483341069,28.088576773509253],[82.38383792457232,28.088806091804766],[82.38396409388186,28.08901921782426],[82.38406694168214,28.089401830456037],[82.38407774992218,28.09024339038244],[82.38415902656139,28.09062625372636],[82.38434871948586,28.090933469936466],[82.38470910001546,28.091299892734032],[82.38496494447382,28.091455315899555],[82.3850933039693,28.091494640349563],[82.38541298378294,28.091669694665246],[82.38570415393582,28.09175253391574],[82.38618301866494,28.09188751420606]]]}},{"type":"Feature","properties":{"province":"Lumbini Province","district":"Dang","municipality":"Tulsipur Sub-Metropolitan City","ward":"16","wardNumber":16,"sourceMunicipality":"Tulsipur","sourceType":"Upamahanagarpalika"},"geometry":{"type":"Polygon","coordinates":[[[82.30768608760437,28.11448554056653],[82.3078184513267,28.1142766676129],[82.30803553425264,28.114127876321923],[82.30818915519454,28.113939134310034],[82.30896888810855,28.11348944549288],[82.3096804058789,28.113288517486264],[82.3105186573734,28.11320149840987],[82.31103616400058,28.113056647223495],[82.31136028557222,28.11292717460508],[82.31194212951652,28.112779323146075],[82.31246113733695,28.112557762055026],[82.31272086091435,28.112408595390335],[82.31284978464775,28.11238934108934],[82.31310931951863,28.11227849847158],[82.31336941815938,28.11210901264986],[82.31382421516597,28.11188576375649],[82.31518591629577,28.11131079246457],[82.3154455772055,28.11116162594768],[82.31590212645291,28.110823280781933],[82.31603148750139,28.110785895026968],[82.31629121013084,28.110636728480877],[82.31655205948024,28.110428856949735],[82.31707294544148,28.11009219999052],[82.3178526153748,28.10964232400549],[82.31798197597871,28.109607252355392],[82.31826333327,28.109457836060567],[82.31856844927698,28.10917506763085],[82.31872063244745,28.10908110333011],[82.31876489986146,28.109003956617475],[82.31915529745487,28.108722626373645],[82.3199326528577,28.108446552211966],[82.32023683092133,28.10823830533867],[82.32045522727267,28.107994735599966],[82.32143015941065,28.10743245336973],[82.32168888156608,28.107359996845076],[82.32207790331726,28.107173444620543],[82.32227191343914,28.10711743003941],[82.32292140914286,28.106801967588027],[82.32350331526307,28.106615855300856],[82.32428154671645,28.10626307017219],[82.32467244515,28.10602006397917],[82.3251904522661,28.105816508348045],[82.32590184500718,28.105613266979475],[82.32616012894736,28.10556112892463],[82.32637283197634,28.105676413760072],[82.32641490961451,28.10573468115446],[82.32643491702412,28.105811204166688],[82.32634550600966,28.106039958195517],[82.32636100788697,28.10642119539101],[82.32638101435496,28.106497717492836],[82.32644409978751,28.106555797774988],[82.3265855855506,28.107091518647756],[82.32669055978845,28.10724619027157],[82.3270708857826,28.10759454574863],[82.32717629931453,28.1077289602783],[82.32727964747338,28.107960342113543],[82.32727451810446,28.108265056845408],[82.32733522548706,28.108494687118995],[82.3273979355668,28.10857302271988],[82.3274993446939,28.10895569801993],[82.32743094195816,28.109184265394614],[82.32727756981903,28.109391137407858],[82.32724899266248,28.109811134993283],[82.32731195272754,28.10990753889461],[82.32756604559454,28.110083342750745],[82.32833314085393,28.110416696119408],[82.3286537591636,28.110515102755066],[82.32897475425008,28.11053911235915],[82.32936302453348,28.1104473386569],[82.32949294937438,28.110353562470397],[82.32988222132542,28.1101850157195],[82.3300762310945,28.11013125111759],[82.33020640573953,28.110055480201726],[82.33037846981223,28.11001997108591],[82.3305078322186,28.109939761013436],[82.33068208574885,28.109831981127623],[82.33083464379362,28.1096635570636],[82.33087966143314,28.109547961597634],[82.33088910814858,28.108976981487523],[82.33093418857564,28.108861448121576],[82.33093775504304,28.108633443573876],[82.33100496962122,28.10846133085495],[82.33104936235357,28.108348048242593],[82.33103229598119,28.108099974817993],[82.33107737570046,28.107986754691378],[82.33108738634489,28.1073570067571],[82.33098522597324,28.10706917176892],[82.33077565071267,28.106741699044306],[82.33052681339434,28.106222857409165],[82.33050799417504,28.106191409992682],[82.33015080484319,28.105608174036465],[82.33007040218733,28.105281764803717],[82.33011429466079,28.105224873456113],[82.33037376788953,28.10511403049074],[82.33050825566862,28.10508114726409],[82.33095542278255,28.104968491877962],[82.33130155485766,28.10476205974038],[82.33171202189183,28.104613643969778],[82.33220952160609,28.10435375872942],[82.33264087139713,28.10424354292384],[82.33289834281005,28.10422747738665],[82.33309272837778,28.10415339455326],[82.33334969832377,28.10419597208816],[82.33347862232314,28.104178967940353],[82.33393135484495,28.104050433203078],[82.33414756170404,28.10393777713279],[82.33427786107626,28.10382593253735],[82.3345799118332,28.103714652824515],[82.33475479203302,28.103545916879302],[82.33509992190488,28.10341619415082],[82.33527354959035,28.10330391262087],[82.33533976313427,28.10320850955245],[82.33513219043553,28.102786258860522],[82.33466864783536,28.10224472118906],[82.3340760565161,28.101760762133672],[82.33369610633365,28.10139440207898],[82.33361101164344,28.101354577255904],[82.33329333423646,28.101082369596917],[82.3325354349569,28.100196103628218],[82.33226321205711,28.09979029429289],[82.33224314332467,28.0997137721361],[82.33217968254202,28.09967600985683],[82.33176259667628,28.09892634932744],[82.3317012632622,28.098753173354215],[82.33170482987424,28.09852298055504],[82.33179367690747,28.098352869056264],[82.33196786820346,28.098184195741744],[82.33248481254611,28.098057286968515],[82.33274247060437,28.098059289691736],[82.33338796258272,28.097933445172604],[82.3335814099892,28.09793607239967],[82.33377542008654,28.09788224578331],[82.33435964100964,28.097583224868988],[82.33455577825875,28.097393983448026],[82.3349243555387,28.097151165442067],[82.3350336481482,28.097037320364798],[82.33507804050447,28.09692403690003],[82.33504309454734,28.09646627783836],[82.33492155397204,28.096004828864867],[82.33463420472434,28.095199777160396],[82.33453554838565,28.094683937447577],[82.33418630249848,28.093762039025552],[82.33408470504014,28.093417812836652],[82.33408608143034,28.093323034413196],[82.33430310125951,28.09317199197661],[82.33495153344913,28.092874597360073],[82.33598304391548,28.09279233083967],[82.33624170327585,28.092719812059343],[82.33656338670613,28.092703122045346],[82.33669274773584,28.092668049894264],[82.33734336904546,28.092237429195517],[82.33773088946579,28.092145654540506],[82.33799042496264,28.092034811852688],[82.33825002327467,28.09188558233117],[82.33829385280852,28.09182875399327],[82.33855194949267,28.091812688950174],[82.33867962107195,28.09185201375639],[82.3390012406609,28.09187589844013],[82.33930948184721,28.091751114098308],[82.33945509935134,28.091691034640327],[82.33990489199459,28.091695664703483],[82.33999123705658,28.091676722226463],[82.34021238530444,28.091299988759655],[82.34043015652244,28.09111055906249],[82.34075427870448,28.090981024247537],[82.34120857518258,28.090739581793525],[82.34146723450158,28.090703260243586],[82.34178747798701,28.09078353623728],[82.34210847258547,28.090807545911833],[82.3422368324565,28.09084687120693],[82.3424938655867,28.09085112476586],[82.34292096153968,28.090971163086852],[82.34307233087421,28.090915460745833],[82.34313779300732,28.090858381745722],[82.34316174129015,28.090686644223748],[82.34289152057033,28.090188307742693],[82.34246767828851,28.089876525513645],[82.34208822840894,28.0894920967738],[82.34198425349605,28.089317107738783],[82.34188209351368,28.089031522761513],[82.34195049545373,28.088802893873655],[82.34234358393421,28.08838833722033],[82.34234771250628,28.088158145391635],[82.34228650434574,28.087948895862933],[82.34216008375897,28.08785080301465],[82.34181883227764,28.087732265571947],[82.34147645535059,28.087670182433307],[82.34098690066884,28.0874357975077],[82.340560054397,28.08733613979085],[82.3402168638742,28.087312442596875],[82.34004623850844,28.087253173875165],[82.33978920506314,28.087248920497114],[82.33951110231611,28.08718846315827],[82.33934129051245,28.087090808166053],[82.33898384815771,28.08668587420906],[82.33890088137538,28.086512885336504],[82.33883717122602,28.08645486731903],[82.33875489182603,28.086284129611577],[82.3387566442904,28.086169032772826],[82.33867411489395,28.085975787741198],[82.3385890209416,28.08593821370023],[82.33824583141109,28.085914516240155],[82.33807608070956,28.085816799123158],[82.33788444742241,28.08575784318958],[82.33769356617644,28.0856017332915],[82.33712686147925,28.084889644088623],[82.33691540930619,28.084715653900016],[82.3367057093325,28.084426629806984],[82.33656028281877,28.084139169833016],[82.33584452397677,28.0833088576063],[82.33546720131093,28.082789139340406],[82.33538604848576,28.08250330537728],[82.33548140254389,28.081931388091867],[82.33557143815474,28.08170257145232],[82.33583478956956,28.08134346786009],[82.33613709163727,28.08125244406392],[82.33639668906577,28.081103276684903],[82.33650598123076,28.080989369167412],[82.33661821299535,28.08070622464425],[82.33664341297846,28.080478032930866],[82.33660721537399,28.080076726777854],[82.33648642558445,28.079617528770836],[82.3363018618936,28.079100312616337],[82.33619801148754,28.07892532375926],[82.33556947422923,28.07800392238777],[82.33542467333149,28.0777142738037],[82.33473198713484,28.076791247790062],[82.33452309939054,28.076463837109515],[82.33414302417931,28.07607709596603],[82.33397202331143,28.076038207885535],[82.33365309427111,28.075860715764886],[82.33356762456164,28.075841209546642],[82.3332881452755,28.075875529949908],[82.33313965341729,28.075798005975063],[82.33282209980459,28.07552804940066],[82.33271731196808,28.075391383291212],[82.33266079566435,28.07493387377759],[82.33261871856247,28.074875606530576],[82.33257964304154,28.07464578811321],[82.33260427969245,28.0744763010505],[82.332691875438,28.074362643980663],[82.33278372562988,28.074018731122145],[82.33289476955463,28.07379197784959],[82.33300381101344,28.073660001827893],[82.33313348558084,28.073604611582244],[82.33358452772588,28.073609241842608],[82.333886642227,28.073500149291903],[82.33414686552833,28.073351045483115],[82.334299924301,28.073180308635642],[82.33432337136396,28.07306721315481],[82.3343263119751,28.07289341274194],[82.33370113954572,28.07305745527668],[82.33344223013066,28.073111906996655],[82.33228367328803,28.073136717530453],[82.33196292864696,28.073074384524986],[82.33118982845868,28.0731021989674],[82.33086945919034,28.073024111492753],[82.33061180118237,28.073019795549047],[82.33050776241019,28.07298697257169],[82.32971534428522,28.072741831411506],[82.32920565758796,28.072466996913988],[82.32901521325526,28.072292819379367],[82.32837879212788,28.0719040757533],[82.32805867454395,28.071785350411858],[82.32760612932577,28.071913821974363],[82.32682764847834,28.07228467524643],[82.3266977864215,28.07237845148114],[82.32634846448819,28.072736116049327],[82.32610993749105,28.072887408734925],[82.32580488269008,28.073167926218286],[82.32558811339187,28.07328058241007],[82.32547919714752,28.073374172175352],[82.32508592092455,28.073827051279352],[82.32497706678544,28.073920640462887],[82.32473584940372,28.074223102788793],[82.32445480559048,28.07433413312649],[82.32406928723715,28.074328816062074],[82.3237487314891,28.074230347373668],[82.3234943248136,28.07407486172498],[82.32319959404519,28.073745950659095],[82.32279719691391,28.073454236466656],[82.32215933796263,28.073103815909224],[82.32113777377025,28.072632982683363],[82.3208833054915,28.072477497051782],[82.32056681586904,28.07218715935962],[82.32043845535972,28.07214558339696],[82.32024826102078,28.07199172432805],[82.31992839300577,28.07189094207697],[82.31960727419954,28.071848865143274],[82.31928740588668,28.07175039655554],[82.31909439641188,28.071729700629298],[82.31864654342957,28.071571525819802],[82.31851905928542,28.07149150145146],[82.31826327741237,28.071433044683694],[82.31763491470461,28.07180464944158],[82.31737644237103,28.071840970159315],[82.3171848717424,28.07177963852994],[82.31597492788389,28.071039786591044],[82.31584663120675,28.07100039867869],[82.31546086223096,28.070977013844217],[82.31514099398052,28.070876294650247],[82.31488696386171,28.070702678813078],[82.31463111930569,28.0705855799937],[82.31399094533809,28.07040439657887],[82.31379818584814,28.07040170653992],[82.31334614174628,28.070473724421756],[82.3125106429322,28.07044339640159],[82.31173691633936,28.07052753969316],[82.31147932085639,28.070525475010765],[82.31109223818024,28.07059686743292],[82.30993349335411,28.07061924002626],[82.30928937818196,28.070686316920217],[82.30896807060012,28.0706826260217],[82.30877593676341,28.070623545008505],[82.30838916712543,28.070674619143233],[82.30806573281161,28.07080402915698],[82.30761312577675,28.07093250106133],[82.3074829508495,28.07100595931098],[82.30722435392707,28.07108060373811],[82.30670609624866,28.07130222720847],[82.30605635009861,28.071694274488447],[82.30573185250998,28.071841815717747],[82.30568796098467,28.0718986444832],[82.30538497072911,28.072086572526445],[82.30486640039987,28.072287814512823],[82.30467182716284,28.072400346188996],[82.30370196273208,28.07267354410592],[82.30331337830691,28.072839714512703],[82.30296612186152,28.0731025389784],[82.30283357064414,28.073293343982332],[82.3028109366397,28.073368052694185],[82.30231043238913,28.0738015514917],[82.30209184880373,28.07402705298714],[82.30167900462435,28.074344643498474],[82.30143897500896,28.074590650784057],[82.30135231735524,28.074627598931347],[82.30093953508002,28.074947439754776],[82.3003144876236,28.075129363148665],[82.30012172890837,28.075126610313713],[82.29995298019018,28.074952245189525],[82.29985169539685,28.074625961017645],[82.29985757624137,28.074321309057463],[82.29999819765379,28.073636171528378],[82.29995818431053,28.073483126806828],[82.29987490514594,28.07332820552675],[82.29974879678855,28.073212045393806],[82.29955666307208,28.07315296413369],[82.29936346619449,28.07317059241022],[82.29903878088052,28.07335645753935],[82.29866820104789,28.073693928659353],[82.2983865323224,28.07386360084914],[82.29819208372402,28.073935370346167],[82.29755809063454,28.07463413302848],[82.29742228606827,28.07503268673182],[82.29735682385953,28.075089702948258],[82.29726609879265,28.075374910379278],[82.2971784402666,28.07548856810739],[82.29690983424615,28.076113937126753],[82.2968617510612,28.076398707882515],[82.29674945606207,28.07668416555054],[82.29639619371287,28.077251642069424],[82.29626589329199,28.07736573703425],[82.2960276163743,28.077494335749765],[82.29520755700234,28.077808983888332],[82.29488512351519,28.077861684521757],[82.29462852882199,28.077839301063023],[82.29430859783257,28.07773851810097],[82.29392608252975,28.077561588364542],[82.2936718645813,28.077367654277726],[82.29348073102659,28.07729050539981],[82.2932884727522,28.077229110338017],[82.29290376702983,28.077185345032614],[82.2923230495282,28.07729237147411],[82.291933903632,28.077458542087964],[82.29180429159445,28.077534188677554],[82.29156401242933,28.07775987736307],[82.29121850640621,28.07790754319341],[82.29102612283123,28.077886785586966],[82.2908325503683,28.077922481797536],[82.2905118692744,28.07786008632958],[82.29019300170802,28.077741173425196],[82.28974377225241,28.077677714323595],[82.28890733526595,28.077685584276242],[82.28882599269834,28.07769314840093],[82.28871420030819,28.077703213338186],[82.28845485292675,28.07777554475984],[82.28812891661192,28.078020114257956],[82.28774070869737,28.078111763089474],[82.28778278661753,28.078170093024838],[82.28788538414567,28.078399285808867],[82.28857850853804,28.079284176752772],[82.28882584753687,28.079647410213326],[82.28889193363194,28.079746064539332],[82.28994268784761,28.080905163235478],[82.29028074888008,28.081197626896028],[82.29097512542052,28.08191321761352],[82.29126891863956,28.082278265020225],[82.29164761849061,28.08266513151674],[82.2917092023877,28.08281798884297],[82.29184399382997,28.083660737974483],[82.29175651067914,28.08495686754872],[82.29174437425777,28.085643006480083],[82.29171848746988,28.085873449141506],[82.29146769757257,28.08670850456328],[82.29146506970203,28.08686198756643],[82.29135064860259,28.08724222255595],[82.29130275205011,28.08754731235916],[82.29127586397728,28.087852213982575],[82.29133062900313,28.088386559032603],[82.29131361346782,28.089302890417173],[82.2912766534245,28.090199152986145],[82.29125401949139,28.09027386196966],[82.29125139196466,28.090427344888607],[82.29133041721047,28.090810208053203],[82.29136154620036,28.09149590976414],[82.29143644695651,28.09175023529751],[82.29156448990628,28.092186926675456],[82.2916040653399,28.092360227996615],[82.29199526391069,28.09335852392062],[82.29232932021412,28.09389693531893],[82.29284719012368,28.094954937106923],[82.29298948814728,28.095416261572037],[82.2935656256108,28.096875381459956],[82.2937670060598,28.097642983914277],[82.2940342235326,28.098333313983396],[82.29417914943576,28.09864102982809],[82.29441123285919,28.098893918881153],[82.2948935311996,28.09953023497859],[82.29493642237803,28.09955011606584],[82.29539871374702,28.100109908985893],[82.29558690600719,28.100417313016937],[82.2961883052937,28.101648304269347],[82.29635167426198,28.10210944113409],[82.29649303408996,28.10264735049651],[82.29660850621224,28.103411263183617],[82.29689335262529,28.104351853870245],[82.29689297811576,28.104372172533296],[82.29699726499477,28.10452465565568],[82.29722459416168,28.10506412785716],[82.29789032977293,28.106294432623123],[82.2980162502941,28.106448978444277],[82.29820287839364,28.106835343360274],[82.29862296778143,28.107375255651906],[82.29883404442847,28.10756956387045],[82.29912858767922,28.107934610922936],[82.300133947796,28.10936253834078],[82.30023729650698,28.109594045292017],[82.30063581491954,28.110134081934568],[82.3008652711864,28.11053813974898],[82.30105509031526,28.11071231688418],[82.30143835681525,28.110889247408156],[82.30194804297203,28.111202655942357],[82.30245629087213,28.111608466934094],[82.30275365001708,28.11178608355407],[82.30296510287006,28.111960198898604],[82.30300680528373,28.11203653446051],[82.30334530237371,28.11234694093632],[82.3034499029712,28.112481355603013],[82.30385186181272,28.11283183702772],[82.30408281992042,28.11314105479329],[82.30441543717649,28.113756237867378],[82.30552915115392,28.115185353952338],[82.30582306924975,28.11555040063891],[82.30613474667844,28.115694070528523],[82.30655603216516,28.11533128023299],[82.3068842841025,28.114953547032577],[82.30727543219908,28.114672217530043],[82.307470256456,28.11457787872157],[82.30768608760437,28.11448554056653]]]}},{"type":"Feature","properties":{"province":"Lumbini Province","district":"Dang","municipality":"Tulsipur Sub-Metropolitan City","ward":"1","wardNumber":1,"sourceMunicipality":"Tulsipur","sourceType":"Upamahanagarpalika"},"geometry":{"type":"Polygon","coordinates":[[[82.26389025943047,28.252004753984906],[82.26391108421143,28.25166152843987],[82.26380236122647,28.251143500496575],[82.26380217537627,28.250913307264703],[82.2638446325151,28.250567706260878],[82.26397312187504,28.250223544171796],[82.26405878415542,28.24976234647411],[82.2640794218023,28.249245382877902],[82.26399139957401,28.248210390304532],[82.26381765393432,28.247577890926323],[82.26377407797727,28.24728943080185],[82.26373137565712,28.24723341376442],[82.2636871744282,28.246888562445946],[82.26347047823734,28.245967603180553],[82.2634912409792,28.245565735224663],[82.2634257851489,28.24493217335592],[82.2634247279306,28.24435675408901],[82.26346718478639,28.244013341542704],[82.263444495763,28.24343810983586],[82.26350833887892,28.2427470947621],[82.26384998243462,28.241249971123235],[82.2638924392146,28.24090655731896],[82.26389200712926,28.240331013829703],[82.26380510400931,28.239984411250607],[82.26337251371507,28.239065387953875],[82.26324290732313,28.238664956608662],[82.26289715973209,28.238031768006],[82.26261655875722,28.237630398170403],[82.26224936396689,28.23722758913941],[82.26214157555007,28.23705710064128],[82.26175324747607,28.236595837288025],[82.26153710679215,28.236308938613373],[82.26132153089867,28.235907005819033],[82.2612565072109,28.235851176620937],[82.26110520565786,28.23538997799252],[82.26110439513228,28.235103393250814],[82.26101730751849,28.234470081400932],[82.26105858429305,28.233377511383562],[82.26131512993916,28.232169971836413],[82.26137729111645,28.230962179590573],[82.26148352113992,28.230674596541622],[82.26154623676928,28.230215899273666],[82.26154480138308,28.22992706442964],[82.26150134996473,28.229756014283915],[82.26153575695021,28.227918725212398],[82.26147067253265,28.227689156848523],[82.26142503526167,28.227172817480493],[82.26144367536916,28.226425723733612],[82.26163443986978,28.225909448153843],[82.26186921852837,28.225564224044486],[82.26231795443147,28.225047825604896],[82.26321611142198,28.224127875984358],[82.26349359371557,28.22378452705726],[82.26400729014253,28.223323958718805],[82.2643902543622,28.222577930514884],[82.26460339960313,28.22223295573117],[82.26489877242201,28.221027416642784],[82.2649839936626,28.22085511676053],[82.26513205435798,28.22033927867629],[82.26519402135087,28.21976548607193],[82.26546919603666,28.218846718480624],[82.26548858360542,28.218329816658336],[82.26567772609408,28.217411861171065],[82.26595064689853,28.2167887430861],[82.26595433623324,28.216779677609217],[82.26610389486935,28.21655036201585],[82.26655231771166,28.216013645700674],[82.26680966531487,28.21580139799347],[82.26758045899076,28.215322575889626],[82.26828822636305,28.215015866559334],[82.26845954129459,28.21490145948669],[82.26856639557222,28.214785363583957],[82.26865092995288,28.214498030554548],[82.26858584448388,28.214327103980214],[82.26830574393779,28.21396193203345],[82.2680469617474,28.213731862831327],[82.26789584588042,28.21350304475622],[82.26778737051382,28.213215208905154],[82.26778581112623,28.212869982421463],[82.26793505783968,28.21256395676941],[82.26812794318602,28.212449299268915],[82.26832114075634,28.212411415022675],[82.26853547246775,28.212276314421857],[82.26864238850189,28.212162469187405],[82.268876295073,28.211530660886726],[82.26887554578776,28.211415626961497],[82.2690249801652,28.21106896377667],[82.26917322793891,28.210571131582853],[82.26923600505563,28.21022753104714],[82.2692351333643,28.20988224168667],[82.26916686729408,28.208962158745706],[82.26907927653347,28.20850264797125],[82.26832381856991,28.207412884586855],[82.26817195291449,28.207066781936838],[82.26799914139588,28.20677957144664],[82.26773873904114,28.206032724663476],[82.2675014038842,28.205725757472383],[82.26743669298081,28.20568793330251],[82.26717772516544,28.2052865011928],[82.26681059264189,28.20482730028487],[82.26659358070955,28.20425156741886],[82.26648429554511,28.203677147866003],[82.26648186506614,28.20293024084213],[82.26656627509315,28.202586390677414],[82.26658641115978,28.20224097713993],[82.26675523259958,28.201436054236503],[82.26692492642134,28.200919966501058],[82.26709536822788,28.200631758278515],[82.26722241993406,28.200172499871886],[82.26720003875455,28.199942494374945],[82.26698371394563,28.199425465782326],[82.2669187527012,28.199367448094524],[82.26676769981496,28.199041601361742],[82.26672412199161,28.198908874187364],[82.2664854153239,28.19821829513728],[82.2663971998278,28.1977023306139],[82.26645673656901,28.196379380077396],[82.2664125983736,28.196034528513106],[82.26600039244622,28.19500028339587],[82.26580432809594,28.194140029581483],[82.26567415828585,28.193793801867454],[82.26560982281765,28.193737909867234],[82.26554411252363,28.1935083420883],[82.2655221088431,28.19310459785521],[82.26569355497658,28.19241696046603],[82.26577915220153,28.19216795056159],[82.26601499644195,28.19159484625625],[82.26616480893836,28.190961599424497],[82.26625040877653,28.190387618664296],[82.26635782686948,28.19010228559516],[82.26635652314589,28.189183828779132],[82.26639891727008,28.188896807392545],[82.26667796715844,28.18814952800073],[82.26676300256048,28.187747097702122],[82.2666972408516,28.186542618582173],[82.26684711556507,28.185968013860013],[82.26684699238717,28.18579652526838],[82.26682523543792,28.18568167932686],[82.2661141019082,28.18493457887973],[82.26609240719151,28.18487831238106],[82.2660921603884,28.18458941471667],[82.26624209644291,28.184073514619012],[82.26624197372507,28.183843384978967],[82.26611186570439,28.18355798718808],[82.26591804599474,28.183268588119734],[82.26578874880556,28.18315474150549],[82.26542249024372,28.182925733192214],[82.26525042764595,28.18275355672671],[82.265034288054,28.182351624585323],[82.26492637766184,28.181892175774582],[82.26475406633537,28.18164335122205],[82.2646033234931,28.18154769749013],[82.26410751931324,28.180972336809056],[82.26391301424535,28.180513762618638],[82.26391282969794,28.180224928035216],[82.26399861341065,28.179996174444966],[82.26399774212975,28.17965094740068],[82.26404082387945,28.17936392614911],[82.26397573928564,28.179134358270414],[82.26380292820785,28.17879069357292],[82.26373828479379,28.178274479455876],[82.26347875612873,28.177699182561334],[82.26341423516668,28.177413223391653],[82.2634141126184,28.177183030562368],[82.26356317513418,28.176493329699372],[82.2636062584165,28.17609127464464],[82.26382028376737,28.175288165621417],[82.2638200978218,28.17510767492279],[82.26381941229242,28.174886485113536],[82.26375364086522,28.17460052552875],[82.26362428178047,28.174430223993564],[82.26323333440526,28.17339798046909],[82.26316818757779,28.17311202131781],[82.26303745556308,28.172767918639895],[82.26292904251038,28.172538788655157],[82.2627347228535,28.172253953390285],[82.26269052332297,28.171852710256474],[82.26277493538073,28.17128097980342],[82.26268740571982,28.1709928946616],[82.26262213387808,28.170745321318275],[82.26260056517945,28.170592026272235],[82.26246983184642,28.17025023723782],[82.26240393775312,28.169734085850102],[82.26233891499544,28.16956315996822],[82.26231485219114,28.168818691170333],[82.26227071432109,28.168473839606797],[82.26198817966814,28.16767297692653],[82.26190139941832,28.167387267316045],[82.26190071327842,28.167272171454115],[82.2617280277476,28.166928506005092],[82.26168438660005,28.166852171093776],[82.26136101874778,28.166584339332918],[82.26112337163802,28.16624129980106],[82.26075573782018,28.165840741705708],[82.26062638026868,28.165611735184285],[82.26049558551142,28.165152600105042],[82.26025793740477,28.164865888810898],[82.2601712817853,28.164695212788516],[82.25986861051793,28.16429403000567],[82.2596100168085,28.164063960006228],[82.25941569676226,28.163835579158956],[82.25865867569533,28.16268942405678],[82.25844253520862,28.162443162205683],[82.25818412818674,28.162231160394693],[82.25792484776942,28.161888245276433],[82.2578814584575,28.161773586183728],[82.25760048245102,28.161372215897128],[82.25749144449604,28.16108663161981],[82.25749069639505,28.160858688948018],[82.25738222308215,28.16045800840653],[82.25733658964982,28.159655021828197],[82.25720648219482,28.159254528315945],[82.2570981313838,28.159081789526084],[82.25709738285683,28.158853847716188],[82.25703161139175,28.15856788788298],[82.25705249727133,28.158281116044666],[82.25700910817861,28.158110003423197],[82.2569857932958,28.157537022380694],[82.2567886048025,28.156563922550834],[82.25676641084249,28.156354235820128],[82.2565093133889,28.15652584644305],[82.25608033581793,28.157021738286986],[82.25588688676521,28.157192786949658],[82.25481509895418,28.158355807300325],[82.2543003396074,28.158814125225373],[82.25359219272795,28.159558525211832],[82.25309900414017,28.159957951141504],[82.25258412041244,28.16039595019119],[82.25217565391667,28.1605870659783],[82.25165964656082,28.160720350781347],[82.25131570438343,28.16087245492547],[82.25088585508117,28.16096891722192],[82.25006942280942,28.1612742500671],[82.2499828275584,28.161272748687413],[82.24961750256388,28.16138665458666],[82.24923116879485,28.161615906055523],[82.24867258271983,28.161864724268398],[82.24789854094463,28.162092910226068],[82.24776955509273,28.162168555988693],[82.24740497795659,28.162512654180624],[82.24714287757239,28.162749722178624],[82.24709685958925,28.162790795872002],[82.24666513256282,28.163167028183558],[82.24575891391595,28.163635657923844],[82.24537020410509,28.163878413953366],[82.24504482924392,28.16419956765844],[82.24471657484654,28.164825435921244],[82.24439151311302,28.16512620948607],[82.24400242772721,28.16539153391133],[82.24243002221738,28.166003888234474],[82.24115603873638,28.166715023800858],[82.24061746070348,28.166938772818884],[82.2405092935292,28.16705261824653],[82.24020649125687,28.167240358460422],[82.23986223711482,28.167313438799887],[82.2392632647743,28.16715413762957],[82.23902698942395,28.167151760066588],[82.23894045558083,28.16726541724148],[82.23893801521885,28.167495610095347],[82.2389999112922,28.167725240317036],[82.23931470843434,28.1684151960163],[82.2394625740076,28.16864626495202],[82.23950277409104,28.16887608297208],[82.2394361843011,28.169066263168926],[82.23924186016714,28.169216930790878],[82.23915589043538,28.16921549176539],[82.23881388913652,28.169098954610163],[82.23855748312015,28.16894334468037],[82.23838679474268,28.168886201366902],[82.23806511288525,28.168864254709153],[82.23793537568129,28.168939900847644],[82.23774023804107,28.16912901720645],[82.23758749189054,28.169355957272252],[82.23758561422704,28.169527570678085],[82.23741398727971,28.169547199644523],[82.23706929470683,28.16963828645771],[82.23689660483696,28.16973237521542],[82.23676674222172,28.16984640682622],[82.23659461497245,28.169884041448125],[82.23623185661695,28.169727117833187],[82.23618652455427,28.169937429477248],[82.23619977139435,28.170702279157457],[82.2362822365769,28.171008431661743],[82.23627835601411,28.17138985622772],[82.23621013954804,28.171771842947095],[82.23639532569904,28.17253744428018],[82.23662665649192,28.172998018620802],[82.23694452156433,28.173342622934424],[82.23700635487658,28.17357225304647],[82.2369514472383,28.174719151621897],[82.23688467011691,28.1749477187056],[82.23678413072903,28.175108827955988],[82.23646957068671,28.175612660723296],[82.23627067822746,28.17614475249654],[82.2361618862407,28.176314989013857],[82.23613774983455,28.17654311871456],[82.23617794984376,28.1767729364369],[82.23613443279518,28.1768094460396],[82.23609016464049,28.176942985581878],[82.23617012666132,28.177477142660887],[82.23646228968474,28.17824174472616],[82.23663072503368,28.17854939926297],[82.2366915568589,28.178853488770237],[82.23698609858103,28.17939014858588],[82.23713114721765,28.179869540662168],[82.23761988755523,28.18029160619041],[82.23794031843134,28.18046697263132],[82.23813263985825,28.180526179436974],[82.23858286974897,28.180585325236848],[82.2389036133744,28.18068391975438],[82.23909681049285,28.180704740126245],[82.23928894293267,28.18080233204856],[82.23954560096189,28.18086091390089],[82.23986515536791,28.181072416432993],[82.24003603141261,28.18114981593815],[82.24024879645906,28.18132393083358],[82.24037602983503,28.18147847748994],[82.24050219872852,28.181707545825816],[82.24070964373523,28.182470646850568],[82.24081486777747,28.182699901851265],[82.24091859023623,28.18308257766195],[82.24104475995183,28.183311584183492],[82.24185298919323,28.184213730695575],[82.2425546818934,28.184924945342885],[82.24274524958437,28.185212093727465],[82.24285003522739,28.18551805952446],[82.24286678663942,28.185976006361773],[82.24281250433822,28.187118341113866],[82.2427226545249,28.187498264459443],[82.24265268436619,28.18810825581906],[82.24245485534045,28.188563637352956],[82.24238663917478,28.18894562394459],[82.24240238958026,28.189478030892456],[82.24250567324295,28.189937479083824],[82.24271612195949,28.19039592785443],[82.24269342445197,28.190470574727193],[82.24292262711693,28.1912358009215],[82.24289805243662,28.19154064027381],[82.24316995822574,28.192305429886332],[82.24308117204764,28.19260864265593],[82.2429721297312,28.19276081174746],[82.2429888810171,28.193218821364294],[82.24285532655583,28.19367357852234],[82.24287414284716,28.19398035601203],[82.24276265970586,28.19436046714526],[82.24260759638699,28.1948357924732],[82.24260728378076,28.194853861145667],[82.24256113766721,28.19521534112114],[82.2423825012985,28.195900728449143],[82.24238106126602,28.196054149035678],[82.24226851457017,28.19650878124321],[82.24204823867446,28.19711783294774],[82.242025166086,28.19726925294556],[82.24201358675431,28.198413463526865],[82.24207610765106,28.198643093906572],[82.24207466806578,28.198794325740376],[82.24226091812417,28.199483154745007],[82.24243085398246,28.19969371763459],[82.2428545057178,28.200364606192537],[82.24300337235036,28.200516714365044],[82.24302400411543,28.20059323726687],[82.24325727515802,28.20088226150532],[82.24370074487493,28.201724449556608],[82.2442074867517,28.202642848155598],[82.24427088381229,28.20277538796178],[82.24452297195738,28.20333049043912],[82.24470759432758,28.204247260898907],[82.24508710325092,28.20501111332773],[82.24531567989453,28.205776277925036],[82.24556839357338,28.206311062131537],[82.24588644542902,28.206770761910228],[82.24694689807393,28.207322995640453],[82.24714228331082,28.20736638438692],[82.24721568515415,28.207381514499193],[82.24775512951284,28.208089664187344],[82.24792856471754,28.208492034141152],[82.2479301222272,28.20900881044258],[82.24799589327588,28.20935347486834],[82.24797581854784,28.20981398467709],[82.2480198947793,28.210043802676513],[82.24802363535169,28.211077293566806],[82.24806777392419,28.211365753747252],[82.24802887299244,28.212514778724383],[82.24796534487825,28.212858316096074],[82.24775294699312,28.213433483682145],[82.24771105324882,28.21372044240129],[82.24771186420028,28.213950634658612],[82.24780007818129,28.214525241865793],[82.24773661398207,28.214871155308643],[82.2473963508123,28.215846814302317],[82.24714212899264,28.21606131248006],[82.24665081567126,28.216476492883977],[82.24652063941275,28.216786832988344],[82.24647480826398,28.216895552104088],[82.24653063235658,28.21775486759765],[82.24676271423495,28.218269520548034],[82.24689025957339,28.218442134220385],[82.24689419547177,28.21872640553185],[82.24714247514427,28.218825686393348],[82.24731779013395,28.21889402047265],[82.2476843624344,28.219084766969754],[82.2483738667281,28.219333470859777],[82.2491929172582,28.219926276833572],[82.25027118450285,28.220900321755323],[82.2506810202667,28.221361398223518],[82.25087521648427,28.221513131901794],[82.25147899727718,28.222164264938467],[82.25175941240467,28.22239414729824],[82.2520830288218,28.222777075497287],[82.25232011427975,28.223120115057878],[82.25249292518713,28.22340738848468],[82.25249311014993,28.223696285460445],[82.25245071525816,28.224098341355496],[82.25230059248379,28.2245014581553],[82.25187098880937,28.225019857202266],[82.25109687907674,28.225769383090135],[82.25083902855236,28.226171186824182],[82.25071060244659,28.22646120762636],[82.25019421830952,28.226806679987504],[82.24967789628174,28.227267248643617],[82.24920440344084,28.227576210282958],[82.24914031618445,28.227594902930978],[82.24896781484456,28.227555827687524],[82.24877349352,28.227442542648966],[82.24819159399343,28.22692657349555],[82.2479757039395,28.22665774323777],[82.24771655043448,28.226120770426398],[82.24737461456806,28.225692829504833],[82.24714234038657,28.225712958562067],[82.24712389521811,28.225715459847407],[82.2468424137876,28.225885007092522],[82.24675400293386,28.226113760402107],[82.24678944527707,28.226970950207296],[82.24677892931321,28.22809484286907],[82.24668770154315,28.228625997502576],[82.24657684395615,28.229008421517154],[82.24653126182648,28.229254806445184],[82.24619881498789,28.230243968978336],[82.24613385201998,28.23030104781899],[82.24569430265393,28.23128889615308],[82.24564915819354,28.231517150436293],[82.24538348910512,28.23227787201733],[82.2452516864919,28.23256114115766],[82.24490286335056,28.23307435148898],[82.2444636892326,28.233985553502254],[82.24381911238935,28.23619163315483],[82.24373107819144,28.23634361434504],[82.24362015791102,28.236723787739404],[82.24361878099673,28.23687720746284],[82.24352886792931,28.2372571935932],[82.24332916114511,28.237942768052626],[82.24330464893778,28.238245294684706],[82.24337791181556,28.23961676010556],[82.24347606325965,28.24060880216805],[82.24364161687986,28.24137002736078],[82.2436569905608,28.2419792056752],[82.24345158805802,28.243274146825563],[82.24342037860586,28.244262812440216],[82.24330845667228,28.244719695606225],[82.24326130856575,28.24521434046051],[82.24323804858128,28.245404145884073],[82.24321334879681,28.245690916709115],[82.24316876795463,28.24586284245388],[82.24307998069737,28.246165992995387],[82.24299288572384,28.24624126443194],[82.24318683226873,28.24626208413964],[82.2438286303874,28.246664707797436],[82.24421220656515,28.24710352740313],[82.2444898708768,28.24731534202221],[82.24519832097104,28.247527785394073],[82.24552112911461,28.247567737427392],[82.24622976715521,28.24774185677758],[82.24648798768908,28.24776199014811],[82.24699167463262,28.247899596797623],[82.24714160643494,28.24786433787723],[82.24747010451959,28.247786880134278],[82.24772857633208,28.247766438620133],[82.24798673704935,28.247669350210646],[82.24841714807332,28.247649597702107],[82.24876177842134,28.247477175175906],[82.24910659519146,28.247379273785292],[82.24927865972444,28.247379963383853],[82.25035618380141,28.247722134891774],[82.25070068720069,28.247759586733668],[82.25113184708488,28.247854930742218],[82.25156275844483,28.247873564559573],[82.25190707374215,28.24794933945563],[82.25276902134607,28.247889579517153],[82.25328558897466,28.247927719814367],[82.2544055706031,28.24792416552009],[82.25500904413855,28.248038266088027],[82.25535423452456,28.248190751106616],[82.25544020385951,28.248190002290418],[82.25569854939278,28.248322980866988],[82.25585010366814,28.24853373153993],[82.255850660477,28.249070826110042],[82.2559591984596,28.24935866198914],[82.25604529166596,28.249472945969202],[82.25606717043664,28.249876689989975],[82.25613244114301,28.25022135382168],[82.25645724135005,28.251082672384943],[82.25645736561778,28.251197768703545],[82.2567379654849,28.251599138223828],[82.25699674722435,28.251829145881715],[82.25732030427362,28.25198188055573],[82.25757902538439,28.252038211742004],[82.2593881996566,28.25222684428129],[82.26076709138647,28.252069747044587],[82.26128347429858,28.251877632269057],[82.26162791608978,28.251799987548978],[82.26214504725372,28.251838065151652],[82.26240376787077,28.25189439628297],[82.26335118419483,28.251892403486533],[82.26378240701737,28.251987622522453],[82.26389025943047,28.252004753984906]]]}},{"type":"Feature","properties":{"province":"Lumbini Province","district":"Dang","municipality":"Tulsipur Sub-Metropolitan City","ward":"2","wardNumber":2,"sourceMunicipality":"Tulsipur","sourceType":"Upamahanagarpalika"},"geometry":{"type":"Polygon","coordinates":[[[82.25676641084249,28.156354235820128],[82.25680911717374,28.1560875949146],[82.2568276951678,28.15522759257427],[82.25686952686625,28.154884242764247],[82.25697557197854,28.15442742153506],[82.25712494447784,28.154026617603513],[82.25710088123479,28.15322344422491],[82.25705680480463,28.152937234714553],[82.2568826843466,28.15230698543021],[82.25683854659667,28.151907930704077],[82.25666367713899,28.15110619425778],[82.25666280604631,28.150760905239803],[82.25646705305421,28.150017998201992],[82.25637946333792,28.149502032876867],[82.25631381505903,28.14933110724912],[82.25620465521285,28.148758938645233],[82.25620384506018,28.148528745717964],[82.25596545053672,28.147842667097052],[82.25594300777347,28.14755627105196],[82.25589961838831,28.147441549088818],[82.25589812250543,28.146983477127947],[82.25578896210114,28.14646770012415],[82.25554987959039,28.145781684280237],[82.25529060006133,28.145380064254116],[82.25516105311964,28.145189444707295],[82.25513892114847,28.145092602771808],[82.25498718135415,28.14469229685731],[82.25451126295741,28.14383235301035],[82.25442460823616,28.143605223085217],[82.25442304854123,28.143203542237732],[82.25457092524528,28.14234466643219],[82.25452448298368,28.141200955522798],[82.25443701747146,28.14074138245205],[82.25443390148853,28.139768784021513],[82.25447504615882,28.139310275044373],[82.25430092580537,28.13862357186686],[82.25425685037256,28.138280971149026],[82.25408285411282,28.13776581812556],[82.25401695874821,28.137308308096134],[82.25401540135654,28.13679378250117],[82.25397132604085,28.136448930676387],[82.25403416498685,28.13610533021254],[82.25403335615921,28.135820996930384],[82.25394663932154,28.135476520330617],[82.25392419656559,28.135190122840918],[82.25398535526892,28.134160446084113],[82.25391964704826,28.1338158441649],[82.2537894138595,28.133512379312656],[82.25380054334651,28.133428792144404],[82.25381880217434,28.133300005176324],[82.25383099641792,28.133090005268617],[82.25362505002079,28.132570601936354],[82.25331781902447,28.13170909644943],[82.25319602805557,28.131306226640827],[82.25313851097823,28.13090510824169],[82.25293387823865,28.130329250121935],[82.25287510971148,28.129984523963497],[82.25255386568811,28.12994232096071],[82.25184816668155,28.129727626908814],[82.25056519164865,28.12940758520535],[82.24986024337575,28.129150003720394],[82.24915441950075,28.128987199863577],[82.24838582308789,28.12873018068289],[82.24780742140264,28.128627145720877],[82.24716637104521,28.1284456500407],[82.24714336283203,28.128439022879032],[82.24685669411929,28.128358246038722],[82.24577392070967,28.12784452398834],[82.24487921455733,28.127581876898628],[82.24347838640307,28.126910793643905],[82.2430310342688,28.126750118163887],[82.24206417136236,28.126905592840462],[82.24148245271759,28.12706657243255],[82.24131038812868,28.12710201943035],[82.24083683611336,28.12720785878103],[82.24031920404103,28.127352459304504],[82.23993174564798,28.12742141435319],[82.23954522593874,28.12745423287517],[82.23916033324186,28.12741027972773],[82.23884096532764,28.12730943524502],[82.23845832406332,28.12713231676456],[82.23795132619732,28.12676232956865],[82.2377836416277,28.126567520872268],[82.23759282142036,28.126469928107493],[82.23744507947242,28.12635157989823],[82.2371261492136,28.12623266706799],[82.23701904727952,28.12621334833337],[82.23665697615446,28.126110564883422],[82.23620718369074,28.126067235425957],[82.23580171994136,28.12600315147061],[82.23556638341493,28.125960136237026],[82.23524576350462,28.125917933717208],[82.23518148996962,28.125916245216843],[82.23443102241451,28.125904923138467],[82.23346459926341,28.12598362618018],[82.23307701609146,28.126093154540005],[82.23229840962726,28.12640486513656],[82.23164866322004,28.12673789482107],[82.2315192395523,28.126772904142445],[82.23106331694557,28.127032038990425],[82.23067448285572,28.127198021637213],[82.22944351863111,28.12763557766493],[82.22879220947243,28.12800699392016],[82.22859669760689,28.12815547310018],[82.22703929776004,28.128817091835295],[82.22652116471525,28.1289819484296],[82.22587598499958,28.129105104199056],[82.22548771399909,28.129212382137855],[82.22464940101973,28.129312404620677],[82.22393807124067,28.129492514635206],[82.22329508117646,28.12948244330229],[82.22310344740727,28.129420986322845],[82.2227851433636,28.12924555763784],[82.22221155705469,28.129006982691944],[82.22195546220162,28.128925768762645],[82.22137730958363,28.128899318783926],[82.22040850838236,28.129111060256655],[82.2200871389253,28.12910711946303],[82.21976432995642,28.129157380990918],[82.21866948385302,28.12919875871849],[82.21841151225341,28.129232579352735],[82.21776858537585,28.12922257139792],[82.21655082055842,28.129030316587695],[82.21603625364325,28.129003241757538],[82.2157135080554,28.129055754494704],[82.21513460447666,28.129065439962893],[82.21474752151536,28.129116264212954],[82.21384343203123,28.129311564623745],[82.21345685033006,28.12934206986316],[82.21281392323469,28.12933199891573],[82.21197961277484,28.129224272629532],[82.21153000833299,28.129196698800044],[82.20998662010238,28.129192246500185],[82.20895898730247,28.1290997736417],[82.20779836552725,28.12923192731419],[82.20721658507928,28.129394970509278],[82.2068266248422,28.1295789589627],[82.20678267035426,28.129635849836948],[82.20678060544803,28.129730565223916],[82.20682262141676,28.12978889550034],[82.20709765965408,28.129964761797407],[82.20745603942096,28.130257225500284],[82.20810646234749,28.13093524293193],[82.2087700735283,28.13205095124908],[82.2090209138631,28.132342101045694],[82.20971591602644,28.132963351613036],[82.21048995027874,28.133428182626126],[82.21054503256286,28.13346150474274],[82.21067301717778,28.133519085052438],[82.21077911843601,28.133615176871896],[82.21109886062067,28.133808674022713],[82.2115459610087,28.13411839401662],[82.21201644789141,28.134294762393832],[82.212166566591,28.134297951527206],[82.2125742188219,28.134262757415517],[82.21289752793159,28.134151540104796],[82.21341290849544,28.134081585955048],[82.21386338915457,28.134066272866594],[82.2144411649821,28.134225887546638],[82.21476115852111,28.13438099780444],[82.21540302051079,28.134578436137975],[82.21559465319581,28.134694096760654],[82.21565892720204,28.134695785597135],[82.21591545923431,28.134810821364912],[82.21642958791013,28.13485590134096],[82.21701005584781,28.13474693667406],[82.21726721445043,28.134749189879752],[82.21784730653243,28.134660543091307],[82.21829722324551,28.134760326790353],[82.21885123923319,28.13507135973379],[82.21906425399487,28.135225157076125],[82.21931915919822,28.13547554465218],[82.2196784745729,28.13601401837174],[82.21986904433267,28.136206388968386],[82.22008212181177,28.13636024881681],[82.22059086844872,28.136937922569167],[82.22101239325617,28.13762919146408],[82.22113950071062,28.137781549570118],[82.22149493685419,28.13870138526964],[82.2215964685174,28.139235292888024],[82.22168031046212,28.13938802561643],[82.2218717548557,28.139600652839174],[82.22199679815768,28.13990649311907],[82.22201311157887,28.140441150677173],[82.22217791618648,28.141053519062957],[82.22230483685162,28.141244201551405],[82.22234703903598,28.14132053662211],[82.22251309522464,28.14181787166947],[82.22273291178058,28.1433458843645],[82.22300137608461,28.144340928358613],[82.22308584374193,28.144493662106253],[82.22339594777941,28.1455650410787],[82.22363839816003,28.147016219654365],[82.22361288409179,28.147397768705968],[82.22320022528925,28.14788890996445],[82.22311281538822,28.14804089091776],[82.22297926058911,28.148497961741008],[82.22299732753577,28.148802425970075],[82.22305916041717,28.14903205628455],[82.22329149244418,28.149415921059834],[82.22348268696732,28.149608291752614],[82.22356734296461,28.149666184903232],[82.22391889820253,28.150965131734967],[82.22393345906056,28.151576561326262],[82.22386273850918,28.152186552495134],[82.22377395287573,28.152491953159792],[82.22364277662378,28.15271883150132],[82.22353235657013,28.153024482428965],[82.22348627363984,28.1533295099474],[82.22350221205673,28.153787456759797],[82.223730539254,28.154552745658666],[82.22391847968358,28.155013632264122],[82.22421302117064,28.1555503549973],[82.22505944983227,28.156705013711658],[82.22563322103748,28.15722342096988],[82.22567548582028,28.157302006906573],[82.22599410162006,28.157610600184114],[82.2266335865983,28.15797721326923],[82.2272752607706,28.15819259413228],[82.22755223702241,28.15842485211889],[82.22782714873158,28.15875182551243],[82.22795394373931,28.158980893523612],[82.22799514458434,28.159134001352257],[82.2282253497855,28.15967122324426],[82.22828849724299,28.15978800798729],[82.22862618022076,28.160324356122796],[82.22900737985117,28.160806125982287],[82.22970919743368,28.161440755299125],[82.23021994588966,28.16184681607807],[82.23047572701387,28.16200248964426],[82.23066804840812,28.16205944500116],[82.23086036970771,28.162177293453503],[82.23092464365494,28.162176731909682],[82.23124451014213,28.162370103770208],[82.23229939518312,28.16320016883239],[82.23237248463488,28.16324011850943],[82.23243650798462,28.16327794309573],[82.23294813324776,28.163589225800926],[82.23326906462346,28.163705950402008],[82.23461687566049,28.164097763787503],[82.23506497745538,28.164369034809763],[82.23544736685358,28.16473564557869],[82.23574090697282,28.16534907850099],[82.23582155633984,28.165885423869007],[82.2359679202955,28.16621133346231],[82.23628659872915,28.166519864403686],[82.23639357486852,28.166577569751023],[82.23649955128536,28.166712046832572],[82.23677245964161,28.16724889430784],[82.23698459773645,28.167535855264738],[82.23717366460025,28.16792003287283],[82.23717122343044,28.168150224640286],[82.23710238136135,28.16853221131139],[82.23696888963853,28.168989282036648],[82.23688147995485,28.169141263322455],[82.23666546063065,28.16929218155283],[82.23634046148942,28.169595267649335],[82.23623185661695,28.169727117833187],[82.23659461497245,28.169884041448125],[82.23676674222172,28.16984640682622],[82.23689660483696,28.16973237521542],[82.23706929470683,28.16963828645771],[82.23741398727971,28.169547199644523],[82.23758561422704,28.169527570678085],[82.23758749189054,28.169355957272252],[82.23774023804107,28.16912901720645],[82.23793537568129,28.168939900847644],[82.23806511288525,28.168864254709153],[82.23838679474268,28.168886201366902],[82.23855748312015,28.16894334468037],[82.23881388913652,28.169098954610163],[82.23915589043538,28.16921549176539],[82.23924186016714,28.169216930790878],[82.2394361843011,28.169066263168926],[82.23950277409104,28.16887608297208],[82.2394625740076,28.16864626495202],[82.23931470843434,28.1684151960163],[82.2389999112922,28.167725240317036],[82.23893801521885,28.167495610095347],[82.23894045558083,28.16726541724148],[82.23902698942395,28.167151760066588],[82.2392632647743,28.16715413762957],[82.23986223711482,28.167313438799887],[82.24020649125687,28.167240358460422],[82.2405092935292,28.16705261824653],[82.24061746070348,28.166938772818884],[82.24115603873638,28.166715023800858],[82.24243002221738,28.166003888234474],[82.24400242772721,28.16539153391133],[82.24439151311302,28.16512620948607],[82.24471657484654,28.164825435921244],[82.24504482924392,28.16419956765844],[82.24537020410509,28.163878413953366],[82.24575891391595,28.163635657923844],[82.24666513256282,28.163167028183558],[82.24709685958925,28.162790795872002],[82.24714287757239,28.162749722178624],[82.24740497795659,28.162512654180624],[82.24776955509273,28.162168555988693],[82.24789854094463,28.162092910226068],[82.24867258271983,28.161864724268398],[82.24923116879485,28.161615906055523],[82.24961750256388,28.16138665458666],[82.2499828275584,28.161272748687413],[82.25006942280942,28.1612742500671],[82.25088585508117,28.16096891722192],[82.25131570438343,28.16087245492547],[82.25165964656082,28.160720350781347],[82.25217565391667,28.1605870659783],[82.25258412041244,28.16039595019119],[82.25309900414017,28.159957951141504],[82.25359219272795,28.159558525211832],[82.2543003396074,28.158814125225373],[82.25481509895418,28.158355807300325],[82.25588688676521,28.157192786949658],[82.25608033581793,28.157021738286986],[82.2565093133889,28.15652584644305],[82.25676641084249,28.156354235820128]]]}},{"type":"Feature","properties":{"province":"Lumbini Province","district":"Dang","municipality":"Tulsipur Sub-Metropolitan City","ward":"13","wardNumber":13,"sourceMunicipality":"Tulsipur","sourceType":"Upamahanagarpalika"},"geometry":{"type":"Polygon","coordinates":[[[82.25292659736824,28.049153664474886],[82.25299255986873,28.04907858113499],[82.25321245665316,28.048794499357776],[82.25358309875728,28.048454902466197],[82.25384688827071,28.048113929345206],[82.2539809407692,28.04782834697709],[82.2539833809663,28.047713250457825],[82.2541440087687,28.04714314656257],[82.25408786689401,28.046739652917317],[82.2538426573161,28.04610546436153],[82.25368147793714,28.04558793599038],[82.25360364006107,28.045184692777305],[82.25352211239388,28.044952998683893],[82.25337693533167,28.044721867006785],[82.25331578968832,28.044548628642524],[82.25332267132958,28.044205589880782],[82.25345666075084,28.04392000696588],[82.25363147783307,28.04374914577701],[82.25395703904125,28.04352502085678],[82.25434656153082,28.043338656670574],[82.25499743335794,28.04292654093821],[82.25521482832079,28.04275755553873],[82.25569088311936,28.042516238316104],[82.2561885089719,28.042272421132978],[82.25657784325837,28.042068051522847],[82.25716344008269,28.041730957643743],[82.25781468726245,28.041300648411806],[82.25846261900517,28.04102169700495],[82.25865612836748,28.040986063611136],[82.25891309946537,28.040990504479776],[82.25949325373819,28.040901670848886],[82.26001051011553,28.04075475608717],[82.26033269337688,28.040740504896128],[82.26136608128215,28.040466995815546],[82.26303970543195,28.04035678958901],[82.26355639900126,28.040230256805863],[82.26400731719737,28.040178619525122],[82.26465249696263,28.040053088103615],[82.26490990514988,28.04003714845559],[82.26536245021123,28.0399089265206],[82.2656869474925,28.039761448214815],[82.26588089510678,28.039705496634184],[82.26633544199444,28.03948243412477],[82.26665806320956,28.039391410270557],[82.26711185941278,28.039206672541127],[82.26777992214691,28.039022311053504],[82.26816694266871,28.038950981176146],[82.2690462708153,28.038886406667633],[82.26928141973053,28.038929358662227],[82.26990584210702,28.038765628089546],[82.2699924995916,28.038728742391704],[82.27059184756128,28.038754755136807],[82.27119056964735,28.038839472757743],[82.27170200907855,28.038961137185012],[82.27206332960168,28.039138317420225],[82.27223257845421,28.039254102887014],[82.2726159706532,28.039354322770368],[82.27291326672639,28.039493741444964],[82.273188429991,28.039687549790063],[82.27379990299922,28.040212209100144],[82.27439368352647,28.040527119399314],[82.27524781195746,28.04069067413855],[82.27539667982005,28.04075025482814],[82.2757824480908,28.040735379279685],[82.27595382432527,28.040758574364638],[82.27601722277797,28.040796398394257],[82.27640261577346,28.04080184065853],[82.27734947067688,28.040585410148065],[82.27769303665015,28.040550589647527],[82.27820678994114,28.04059548230292],[82.27854998071584,28.040580981028228],[82.27923229551223,28.04074384671782],[82.28000258192023,28.0408111856518],[82.28051258192626,28.0410275652314],[82.28102383361006,28.04118749144104],[82.28144842686996,28.04138442795397],[82.28161930310215,28.04142569115981],[82.28178899027934,28.041523409197058],[82.28247049168183,28.041724660933514],[82.28264061646864,28.041802060027784],[82.28281186811175,28.04182300488301],[82.28323733750457,28.041983742676987],[82.2839196528522,28.042144357966748],[82.28426165428094,28.042188561299877],[82.28511941120786,28.042180503910757],[82.28632354941655,28.041945819539436],[82.28666636459641,28.041951636654186],[82.28735462320147,28.04180753721363],[82.28778653476866,28.041661310288433],[82.28796010131241,28.041546840728387],[82.2882655304436,28.041246067015614],[82.2884857405323,28.040941604496254],[82.28855257935176,28.0407898098442],[82.28856177531223,28.04033161322163],[82.28869714150373,28.039951189929088],[82.28882631627599,28.03979877182222],[82.28948725786854,28.039025299175762],[82.28957579306335,28.038873255692035],[82.28978250131341,28.038187556210925],[82.28979526371506,28.037499166527343],[82.28967372221496,28.037116677729806],[82.28968385650333,28.03657945769638],[82.2899633465633,28.03543718692193],[82.29009927657354,28.035056826427137],[82.29023264133748,28.034829886458617],[82.29089195750599,28.034018027985596],[82.2909140910086,28.033959136011475],[82.2915894731134,28.03343598775257],[82.29230905959946,28.03283344116103],[82.29293954909667,28.03238518976149],[82.29311286434984,28.032311356738713],[82.2935039500209,28.032050408609752],[82.29393748878,28.031827408834122],[82.2949756300409,28.03138434971976],[82.295627501758,28.030974234508918],[82.2963266439722,28.030315484325165],[82.29648057872147,28.03010642432306],[82.2965264094705,28.029954754734593],[82.29672498676895,28.029652730457904],[82.29753510940567,28.028803362424387],[82.297731809437,28.028616434416108],[82.29779683404153,28.028579736687007],[82.29812571067175,28.028220070484466],[82.29849435027205,28.027997571115883],[82.29897203112048,28.0276974862355],[82.29899366398098,28.027697298846647],[82.29962571717189,28.02717227531335],[82.30021475444217,28.026665693982846],[82.30043515141644,28.026381549089567],[82.30200862840145,28.02483879675839],[82.30255133349743,28.024501951706906],[82.30270426664795,28.024371914740424],[82.30279054962789,28.024353034806243],[82.30292178665141,28.024220872379466],[82.30300844510815,28.024183924428808],[82.30337871007175,28.023884777077697],[82.30361748816459,28.02375392846082],[82.30431487859188,28.02317182509561],[82.30440153676368,28.02313487711794],[82.30459767436393,28.02294801183023],[82.30477136502724,28.02285379828636],[82.30514119239999,28.022572718376473],[82.30624904976594,28.021862581331476],[82.30659586861398,28.02167652912762],[82.30763382162354,28.021235595144297],[82.3076997224794,28.02115826054504],[82.30813388635362,28.02089912555775],[82.30837328959133,28.020711760296486],[82.30935103525611,28.020075080637376],[82.31050603820775,28.019118434267018],[82.31128802196888,28.01859428610131],[82.31194283357861,28.018012558236936],[82.3124909187177,28.017389004366496],[82.3127526440007,28.017163065291786],[82.31295015738344,28.016937750925912],[82.31353906891788,28.01643116876164],[82.3144727356469,28.015833125619373],[82.3146453632556,28.015759355713058],[82.3147978582151,28.015647323663142],[82.3160718371798,28.015226647619752],[82.31633199787183,28.015077480948854],[82.31685056825165,28.01485585759475],[82.31728304266429,28.014709505264804],[82.31779904780878,28.01464136424881],[82.31848930714254,28.014422618623964],[82.31883525004136,28.014274889710695],[82.31965962424542,28.01379081664987],[82.31983293981534,28.013716921123674],[82.31998581077615,28.013584571147977],[82.3205706564328,28.01326979596894],[82.32089778103706,28.01298677782286],[82.32104983832522,28.012892813873425],[82.32122528148363,28.012685754874155],[82.32159623541357,28.01234822135301],[82.32176992611433,28.012254006836514],[82.32213969156136,28.011972864832636],[82.32265807380558,28.01178962801239],[82.32377793004463,28.011559881771273],[82.32506409574722,28.011617471555965],[82.3253221304781,28.01156308242341],[82.32600888598768,28.011574465600578],[82.32721058364503,28.011535776756276],[82.32755452481777,28.011482888857277],[82.32781199504251,28.011487079206088],[82.32807002929357,28.011432690265075],[82.32858422138773,28.011421003779073],[82.32927204038872,28.011314977495566],[82.32937926818707,28.011298161485783],[82.33050843870915,28.011312049173398],[82.33053582393889,28.01131179922954],[82.33087851410265,28.011317491512894],[82.33115636716428,28.011321557255044],[82.33149987018513,28.011288925485868],[82.3321016579654,28.01116570607271],[82.33322602010189,28.010631245134036],[82.33365674434165,28.01050527428607],[82.33434694168949,28.01022994908131],[82.3345187552127,28.010194439874574],[82.33590115071507,28.00960552737457],[82.33654989563004,28.00927199721222],[82.33672133520274,28.009256806256687],[82.33715287192639,28.009090135799518],[82.33775860034206,28.00877729910561],[82.33801751036147,28.008684523194912],[82.33808291077433,28.008629758058426],[82.33834219573498,28.008518852840833],[82.3389534246338,28.00839325794718],[82.33963555725838,28.008034595527416],[82.33987577337517,28.007867548478835],[82.34011767805227,28.007644046637036],[82.34035739325205,28.00749725599396],[82.34059911081839,28.007253436182726],[82.34099376075417,28.00693597059396],[82.34290010321412,28.006210960632036],[82.34385133498337,28.005924071237995],[82.34411124575945,28.005815478307756],[82.34428212090839,28.00585667981558],[82.34480818767612,28.00624861089747],[82.34514937670554,28.006331075677192],[82.34566638282762,28.006244804340234],[82.34636014398932,28.005953661430965],[82.34651282619993,28.005861885280357],[82.346710339088,28.005692962429524],[82.34679699719143,28.005658265786668],[82.34708454470774,28.00531916790078],[82.34728168186952,28.005170563514042],[82.34784045327086,28.005124491595556],[82.34801333045367,28.00507085272521],[82.34861624320212,28.004988207803006],[82.34878786944145,28.00499102238451],[82.3494709351652,28.00511750226042],[82.34990209676134,28.005031980476385],[82.35016263195581,28.004921137639894],[82.3504031612311,28.0047359599282],[82.35051601783599,28.004509206921437],[82.35054521938038,28.004204242729653],[82.35063450347593,28.00407245417194],[82.35080819458112,28.003980491534467],[82.35128518567866,28.00379981684443],[82.35189003817848,28.003620081216525],[82.35231882227181,28.003647467577775],[82.35257410423003,28.003728431438024],[82.35300263871221,28.003737749809453],[82.3531750782462,28.003702178180614],[82.35361011744672,28.003463235746494],[82.35395724839344,28.00331763393142],[82.35430781842531,28.003038867064205],[82.35437628340665,28.002868942905653],[82.35459999495856,28.002510151842902],[82.35513363876382,28.001778252728396],[82.35522711417975,28.001474914334608],[82.35521154809638,28.001244909226486],[82.35509450828681,28.000785711032936],[82.35491332036317,28.000324886838747],[82.35474926240866,28.000017295479797],[82.35439400920993,27.99966650247304],[82.35430897745941,27.999626739858492],[82.35407532895707,27.999545526331232],[82.35375402218727,27.99952164269591],[82.3533072942359,27.99937934742202],[82.35267149800531,27.999062937133015],[82.3522942358762,27.99873033651114],[82.35219019932441,27.99859604568535],[82.35178986529694,27.998302081496615],[82.35086909342841,27.997408437268394],[82.35078406275831,27.997368674371405],[82.35061769031574,27.997173991615472],[82.35049427085576,27.996963052992946],[82.35022223514997,27.99670847599518],[82.35005661275716,27.996477657766725],[82.34959469466767,27.996087288853516],[82.34955374240477,27.9960109539851],[82.34915465967012,27.995660597496997],[82.34901023295232,27.99544759691013],[82.34894902389759,27.995330874785022],[82.34872688451453,27.99479371536431],[82.34848092238518,27.994331265283257],[82.34831480017044,27.994118513728736],[82.34822714990307,27.99335435129185],[82.3481918978788,27.992210577045412],[82.34803396948371,27.991675043524737],[82.34779238612624,27.991059048937835],[82.34722087183745,27.989925023548334],[82.34690113646928,27.989002938280525],[82.3466967521106,27.988619074064022],[82.34642671683262,27.98826965606044],[82.34591097035957,27.987478107489466],[82.3455624093018,27.98684285603789],[82.34543705173509,27.98672675802529],[82.34546443922876,27.986478247646385],[82.34573948563063,27.985798550872293],[82.34623068445603,27.984207274029973],[82.34623450013022,27.984053791547016],[82.34615634816335,27.983747638540077],[82.3458274189055,27.98320929055748],[82.34554644721491,27.9824402503057],[82.34507290287641,27.981668582223456],[82.3449065932471,27.98147608728148],[82.34431531481273,27.981102785449373],[82.3439955713045,27.9810382010931],[82.34380062241604,27.98111009577365],[82.34347437404011,27.981296085722658],[82.34308848052669,27.981288643404834],[82.34283445059503,27.981148849638895],[82.34268864768156,27.980974297147498],[82.34269208748387,27.980841071049475],[82.34278131035131,27.98070934572673],[82.34308404836352,27.980620634167686],[82.34323704410443,27.98050854020077],[82.34339210350846,27.98030166777333],[82.34339779540801,27.980093982295465],[82.34299639818686,27.97985647211048],[82.34223274273344,27.97951861689593],[82.34185372909127,27.97924478322732],[82.34172655742633,27.979185077447177],[82.34140787730172,27.97906410185362],[82.34102386059425,27.97900014207486],[82.3407656390149,27.979031961973313],[82.34057275508609,27.9790090162067],[82.34025376205125,27.978908359921885],[82.33968336580749,27.978573131314945],[82.33943158612547,27.97835894182041],[82.33928765978048,27.978127997732777],[82.33905864014633,27.9778547910117],[82.3387636570641,27.977641101065664],[82.33785526169316,27.977108312321807],[82.33760392130068,27.976876054863887],[82.33735795860176,27.976413604530823],[82.33725423417052,27.97629731931688],[82.33665838952396,27.976113448331674],[82.33646519232228,27.976110820687666],[82.33620609550086,27.976181089609586],[82.33601045855342,27.976291307597297],[82.33588103585538,27.976308374469305],[82.33575373889312,27.976248668149974],[82.33558749163977,27.97605392215112],[82.33527956930973,27.97551526210547],[82.3350104726604,27.975129772004752],[82.33450879093475,27.974642687514773],[82.33446777645761,27.97456635227041],[82.33429958998823,27.9744280598484],[82.33324201487868,27.97385613408362],[82.33261172338713,27.973347729591584],[82.33224871344964,27.973283520142814],[82.33156245793212,27.973290204809242],[82.33070839193111,27.973140466133593],[82.3305093180377,27.973074758443136],[82.33002695261087,27.97291689580035],[82.32951851627936,27.972660065610974],[82.32934939206939,27.972542092498006],[82.32909317193555,27.97247913488437],[82.32892379814108,27.972399484451774],[82.3280670425444,27.972288132459088],[82.32755135023268,27.97231801276497],[82.32701083567056,27.97244054477043],[82.32674767261986,27.9726439143322],[82.32661543491066,27.97279414493001],[82.32623453660929,27.973398132389914],[82.32599038026285,27.973698342854835],[82.32585582867486,27.973923033315042],[82.3256121094295,27.97420523876945],[82.32525278310445,27.974806725169717],[82.32481292708052,27.975219467872808],[82.3243975197153,27.975496483963493],[82.32422376742291,27.975570379602477],[82.32379116785815,27.97569416253312],[82.32336144565167,27.975687031926224],[82.323166996795,27.975740796316288],[82.3228378099157,27.976001244804827],[82.32230910738778,27.976523081670045],[82.32197641756905,27.976916694268027],[82.32169049611628,27.97717901900607],[82.32153700006393,27.97730911899674],[82.32127502657033,27.977456035175127],[82.32101461598667,27.977566877713755],[82.3204103895594,27.977687783609596],[82.3200665119935,27.977682028747992],[82.31980678878624,27.97775223517487],[82.3188634382471,27.977734222419382],[82.31869099867293,27.977767481088932],[82.31834837170963,27.97776172635853],[82.31792152639113,27.977675573226136],[82.31749305440812,27.97766612955911],[82.3174080854245,27.977626304185574],[82.31689520730228,27.977577097885444],[82.31655195489236,27.977571343689448],[82.31603644994225,27.97761691532003],[82.31595104360163,27.977595159107985],[82.31552075835896,27.977644419965948],[82.31508928415975,27.97775007265555],[82.31448080482397,27.978042528797133],[82.31387807893229,27.978124985170613],[82.31327916980837,27.9780562728916],[82.3129342902594,27.97812497817881],[82.31267481842943,27.978215502272967],[82.31215255855231,27.978489016184493],[82.31120351618904,27.978680877742622],[82.31034663434971,27.978661990146616],[82.31009097765877,27.97859896965618],[82.30992197872524,27.978499001249716],[82.30949657148724,27.978376712471945],[82.30938915581477,27.978373210490727],[82.30919352001855,27.978485679184406],[82.30871764656375,27.979390629162836],[82.30860629032269,27.979540609402605],[82.30839689427516,27.98014741112251],[82.30834143123246,27.980606045424523],[82.3082726541711,27.98075565119011],[82.30811659452671,27.980982778835823],[82.30798448115526,27.981094623380706],[82.30772269425194,27.98125960756455],[82.30746222175127,27.981370387676943],[82.30677233813104,27.98150786045349],[82.3065144927561,27.981521612452365],[82.30582323301783,27.981697408331893],[82.30549767358941,27.98184263550881],[82.30488700449254,27.98221180228634],[82.3046270318748,27.982320331933213],[82.30428071401178,27.98242973566933],[82.30419486962943,27.982425984277043],[82.3037390104101,27.98262666431135],[82.30341001048022,27.982907369109306],[82.30336455518999,27.982982265769],[82.30336067787346,27.983135748947706],[82.30358356793971,27.983598511184958],[82.30359675725774,27.98390303862673],[82.30367584737868,27.984134731816358],[82.3036867852858,27.984516031269653],[82.30364145407265,27.984611246868944],[82.30350940380879,27.984723091159896],[82.3027438015256,27.985278685111158],[82.302412361784,27.985615843912438],[82.30203577972678,27.986066224048816],[82.30175535420373,27.986899340640523],[82.30164181033251,27.987126094473883],[82.30147042629227,27.987886003868187],[82.30115580385326,27.988414780913708],[82.30096960424056,27.98894462296804],[82.30083436410963,27.989171563114937],[82.30030635007594,27.98965726446853],[82.30013122106425,27.989787551171197],[82.29975438871622,27.99021754949074],[82.29897028010681,27.990660548021246],[82.29758250753473,27.99122207727583],[82.29723612752761,27.991329168653916],[82.29710457782582,27.991440950133853],[82.29623537455028,27.99184412437699],[82.29597527761054,27.991932335736227],[82.2952041151309,27.99191701183003],[82.29503324005475,27.991875748641938],[82.29469054947188,27.991867680802812],[82.29417748411575,27.99180034471341],[82.29374588570697,27.99190593522202],[82.29357150669212,27.991995585203053],[82.29343964402369,27.992127747712757],[82.29319117169607,27.99256105991702],[82.2929689619191,27.992843016353678],[82.29242062789724,27.99329051848437],[82.29183259350216,27.99360066712843],[82.29140330792988,27.99363179799775],[82.29080471187926,27.993542641563092],[82.29012589885568,27.993278183923724],[82.28987030488328,27.993217414040878],[82.2890159246979,27.9931035608582],[82.28882660510715,27.993055733591746],[82.28867486162676,27.993018783627686],[82.28842139316006,27.992919627012867],[82.28812659838097,27.99272150455868],[82.28770018933965,27.99267586218221],[82.28727540786952,27.99255119739853],[82.28710597020186,27.992471548056198],[82.28695972982362,27.992353324483332],[82.28685637987431,27.992218908665098],[82.28638939491188,27.99207430048866],[82.28621345315653,27.992242973624975],[82.28582898954089,27.993000255253406],[82.28578184564873,27.993151924630883],[82.2856921229424,27.993301718006407],[82.2855605735123,27.99341356196166],[82.28538588171051,27.99352578095654],[82.28512734769129,27.993595862365133],[82.28469412252193,27.993778224540343],[82.28452168286415,27.99381367120311],[82.28426539944816,27.99380704203437],[82.28400630279302,27.99387943662671],[82.28374908153137,27.993893125546315],[82.2833162315191,27.99405510754774],[82.28305625860348,27.994163637031022],[82.28263078049818,27.994842333322843],[82.28198590614747,27.995726212295033],[82.28149790608259,27.99632882333458],[82.28129513895402,27.996705244753887],[82.28115145551668,27.997236962219137],[82.28101458928951,27.997540675121062],[82.28085934113133,27.99774748423892],[82.28035608768921,27.998138032808207],[82.27982582207525,27.998718448819684],[82.27960604998711,27.998943950308043],[82.2793882803599,27.99907236110221],[82.27846799212242,27.999836891033066],[82.27820257814948,28.00013497632047],[82.27781974092888,28.000815610436895],[82.27735512545227,28.001359266354257],[82.27720150449876,28.001489303935003],[82.2769044492577,28.00217137610545],[82.27646002802297,28.002753231385803],[82.27628039497847,28.003055005935547],[82.27616916471352,28.003207236911088],[82.27548671669923,28.003879304201494],[82.27516021753351,28.004062918237157],[82.27481590171823,28.004133811172153],[82.27327520286794,28.004100601514462],[82.2726723525306,28.004241699903115],[82.27223906427412,28.004423999849806],[82.27210707620027,28.0045538498263],[82.27201235029034,28.004877444507603],[82.27178920145873,28.005197661023477],[82.27103935986871,28.005220411687873],[82.27027407700194,28.00501309486143],[82.26976176128126,28.004963701025336],[82.26957137880648,28.00488423869269],[82.26925795295578,28.004609530448555],[82.26907025943596,28.00443522830162],[82.268731697367,28.004293933638657],[82.26839013326898,28.004267735372984],[82.26804193855376,28.004451536536454],[82.26787006181735,28.004486920767967],[82.26752737168727,28.004478853450582],[82.26710090139872,28.004433148814975],[82.2659939921151,28.00419963342832],[82.26428373107699,28.004125098426684],[82.26360748269038,28.003806374060716],[82.26292766862134,28.00362075175508],[82.26241929404175,28.003420063202555],[82.26199451253935,28.003295335316217],[82.26156766560271,28.00326769934216],[82.26053165284101,28.003552586412837],[82.26037909436783,28.00366455631717],[82.259945744085,28.003844480233674],[82.2593126910844,28.004290356105304],[82.25896643597916,28.004417640658005],[82.25785726658331,28.00502362202263],[82.25772527876576,28.00515572215474],[82.25755108758068,28.005265627751875],[82.25668444904497,28.00563010277416],[82.2564248508741,28.00572050243918],[82.25580074222971,28.005841282353828],[82.25520258305637,28.0057903879392],[82.25486239455792,28.005725740798216],[82.25426923782412,28.005503233917004],[82.25401358089404,28.005440150699066],[82.25350045254159,28.005431268591423],[82.25283226500471,28.00558862198613],[82.25271965848032,28.00579724435593],[82.25266782338196,28.00610008284733],[82.25271727325124,28.006636740701115],[82.25259728725598,28.007091435965137],[82.25234900181309,28.007545067663813],[82.25223351829817,28.007848530809657],[82.25205932315629,28.00839175109673],[82.25158282921673,28.008802304960028],[82.25118942840564,28.009198543108166],[82.25035641955314,28.01022164982184],[82.2502254327428,28.01033336842026],[82.24979233127165,28.010538175655643],[82.24946852286138,28.010629199765365],[82.24933841104739,28.010702594447228],[82.24797965095287,28.011067002963966],[82.24752798306716,28.01109813408077],[82.2473334728272,28.01115183558722],[82.24716028159237,28.011293312936328],[82.24714433704396,28.01134313949811],[82.2471258921939,28.011399718854435],[82.2465913123514,28.01195969166153],[82.24635272241808,28.012108545220382],[82.2459389393145,28.012444078264732],[82.24542099470777,28.012624814504317],[82.24404716857711,28.012847118839108],[82.24363538769653,28.013085560521485],[82.24359112078805,28.01316039457857],[82.24339473316263,28.013329254476147],[82.24304922770713,28.013474482392965],[82.24218296308813,28.013933609549206],[82.24196888351297,28.013949174918018],[82.24156254474255,28.013941544566418],[82.24087666315536,28.014006433316872],[82.24044869143499,28.01399673869464],[82.23958968269257,28.014153465646512],[82.23933308717844,28.014167029753505],[82.23865133515166,28.014040049100952],[82.2381381431928,28.014031167952698],[82.23796626722354,28.01406648862776],[82.23710976013577,28.01410586885929],[82.23642306588837,28.014209080465427],[82.23599571879873,28.01419944945009],[82.23539505710058,28.014265713694684],[82.23496189382784,28.014524661229633],[82.23411963917783,28.01487075617217],[82.23377225717317,28.01507243693136],[82.23351353518407,28.015183092814702],[82.23331708490068,28.015349577493797],[82.23292249601717,28.01576163267306],[82.23237240985335,28.016416508116638],[82.23192704855795,28.017169787457384],[82.23122252652837,28.01805166546152],[82.23089427569468,28.018370568946565],[82.23056239766534,28.018820323536776],[82.23040627370996,28.019121910578612],[82.23018862921563,28.019270514886994],[82.22984393690398,28.01937741912742],[82.22941390076663,28.019464753040538],[82.22864280039298,28.019528078049465],[82.22821751812504,28.019423606010307],[82.22770983234834,28.01916633865269],[82.22728461230155,28.01906405512717],[82.22702832968648,28.019059614357143],[82.22677017002907,28.01911156479966],[82.22592072146186,28.01978037990405],[82.22522658400403,28.020185992786917],[82.22470832654885,28.020405053031133],[82.22436307112194,28.020514144506944],[82.22358978196476,28.020669995982495],[82.22307496409775,28.02073776188813],[82.22178998570126,28.020789828753017],[82.22092916263728,28.021020951954803],[82.21998824969693,28.02102250737534],[82.21930230570715,28.021085020106717],[82.21792704141761,28.021363527669045],[82.21654758519401,28.021833904395184],[82.21628961301563,28.021906110549352],[82.21613930693832,28.02194130743002],[82.21626503961711,28.022037273865827],[82.21634769395429,28.022153872035652],[82.21701111904257,28.023080024118716],[82.21769936751866,28.023836689130466],[82.21782334919811,28.024009366674488],[82.21843213289306,28.024498202422418],[82.21942118186521,28.025200292221623],[82.21965082763131,28.0254329241886],[82.21985858869142,28.02570413069412],[82.2201308127086,28.02593870199357],[82.2204834397751,28.02642072136682],[82.22081743497584,28.026769826364646],[82.22161685140038,28.02735625572468],[82.22263197462026,28.027832403909223],[82.22365103753982,28.02815506932496],[82.22416153952119,28.02825879200037],[82.22476038718668,28.028251232210966],[82.22544220261483,28.028378274923167],[82.2256955460653,28.028515880358466],[82.22603560889128,28.02861897595848],[82.22620392049006,28.028716755532653],[82.22632984073975,28.028832978245546],[82.2264312506718,28.029082553048582],[82.22650827564316,28.02942709185483],[82.22651414626867,28.030113168392575],[82.2263273190323,28.0307941172111],[82.2262154632398,28.031020744939774],[82.22592935259337,28.031359591910643],[82.22570426382818,28.031869364525697],[82.2257126983143,28.03244021977164],[82.22578722120674,28.03289991829694],[82.22590938854678,28.03318762836533],[82.22596878346296,28.033378997452406],[82.22631684321883,28.03407095397381],[82.2265649318047,28.034418558045335],[82.22670685649587,28.0347647855745],[82.22714138687677,28.035399600886187],[82.22730494359782,28.0357456410057],[82.22761349079715,28.03626642175682],[82.22783562931824,28.036842154827024],[82.22791077791081,28.037299539897266],[82.22788163853215,28.037642890263847],[82.22781042174458,28.037927911570893],[82.22779346938498,28.038670504520162],[82.22766710090826,28.039524691045926],[82.22765828067156,28.03992418364231],[82.22752479117129,28.040151062006615],[82.2273717332709,28.040281035856868],[82.22706373910974,28.040656206411953],[82.22682508648143,28.04080499824137],[82.22673899150774,28.040841883239707],[82.22652278532193,28.040952163625644],[82.22632877485766,28.041005802497256],[82.22593812593881,28.041264250345158],[82.22552496940249,28.04156133415172],[82.22483302003377,28.041892487886184],[82.2245521020433,28.042019085479584],[82.22383351612973,28.042578430931652],[82.22311111450018,28.043307014180304],[82.22254596199886,28.043716004954426],[82.22201857133491,28.044316489220897],[82.22167050114028,28.044576874560672],[82.22115424581659,28.04470103259148],[82.22096004678276,28.044793057925354],[82.2206381765512,28.044843319922304],[82.22025803693057,28.04462781552233],[82.22013036555721,28.04458605201249],[82.2195525868971,28.0446137430777],[82.21878380143806,28.04456190912717],[82.21865619138885,28.044522396050887],[82.21846368291236,28.044537648799494],[82.21826842053606,28.044647742020672],[82.2180066330234,28.04489149960277],[82.21772446415162,28.045076801553687],[82.21761398401038,28.04520646373876],[82.21722158452017,28.04554393437314],[82.21684725232784,28.04601213138309],[82.21638888998694,28.04642237302549],[82.21578128443137,28.04679335169274],[82.21565192320192,28.04682836099954],[82.21537463268633,28.046824045162392],[82.21513672983555,28.046932262393074],[82.21504875842757,28.047027789056788],[82.21487262841622,28.0472527913996],[82.21478121668918,28.047497299539145],[82.21466923527407,28.047723990178113],[82.21466554392542,28.047895540710655],[82.21476288846458,28.04829859782016],[82.21517578558377,28.048933599892663],[82.21536560472799,28.04907182919207],[82.21555605071514,28.049151417069986],[82.21615921453429,28.0489519889893],[82.21658768674239,28.048941426558862],[82.21718184415609,28.049123422215924],[82.21735134366473,28.049203197210844],[82.21769303307059,28.04922720681558],[82.21812300730984,28.0491218675619],[82.21829582151578,28.049048159542927],[82.2184660729109,28.049089485677584],[82.21880432227668,28.049248972996654],[82.2190568515302,28.049425026621513],[82.21949713631213,28.049831775008986],[82.2196962707573,28.050071471470325],[82.21993354327499,28.05035599444991],[82.22064567681225,28.050961241494193],[82.22100806137938,28.051005381720877],[82.2221986896578,28.051294914509075],[82.22245290787156,28.051394195801155],[82.22321399994654,28.05177106317776],[82.22398953274573,28.05241638361345],[82.2248515972111,28.053004438710218],[82.22553003465903,28.053266896047038],[82.22646450542172,28.053513601526518],[82.22714012845185,28.05386858622773],[82.22773265927178,28.054127354499055],[82.22779605743378,28.054167366609548],[82.22800769685773,28.05426708542769],[82.22828298641818,28.05436843032865],[82.22879505145102,28.054433765588808],[82.22904970746238,28.05451497948512],[82.22938758243617,28.05469247186668],[82.22989545696657,28.05489328536139],[82.23032167672562,28.054959432891014],[82.23091702212176,28.055123360919005],[82.23167655084268,28.055536301532943],[82.23192920557264,28.05571454356954],[82.23253623857235,28.056241703353855],[82.23293263167145,28.056648825694353],[82.23306074192746,28.056670270367107],[82.23342400261691,28.05667827637813],[82.2345359163266,28.056697603389512],[82.23504260231876,28.05695480789391],[82.23555241571106,28.05709916688573],[82.235890227476,28.05727665923145],[82.23640004064261,28.057418767760748],[82.23682294590247,28.05763608509282],[82.23801301171294,28.057925493121896],[82.23886782944926,28.057980953228512],[82.23946767820303,28.057932694034864],[82.23980986833786,28.057938636239776],[82.24135726019735,28.057717021466726],[82.24187357889907,28.057592739131504],[82.24204783198165,28.057482833857318],[82.24239339941556,28.0573352933007],[82.24265168390279,28.057283280137522],[82.24299743971346,28.05715374483097],[82.24410467123396,28.05648699573769],[82.24427767328595,28.056433543368],[82.24495255490271,28.055949032269623],[82.24545468391727,28.05553597758551],[82.24602002357136,28.055144929738617],[82.2468662817997,28.05468367657093],[82.24699689315199,28.054589962432523],[82.24710455888902,28.05455514061174],[82.24714382387316,28.054536698197307],[82.24752965752114,28.05435714883408],[82.24785815845846,28.053997608315136],[82.24816227335324,28.053791737168098],[82.248294574365,28.053621314024724],[82.24854167227558,28.05305033548439],[82.24863746370714,28.05253718520065],[82.24891063687078,28.051738078637523],[82.2490199281461,28.051624295628717],[82.2492411388507,28.051283760150135],[82.25000493121553,28.050624572532126],[82.25039514090936,28.050381817090347],[82.25149180176895,28.050186768611997],[82.2517582145215,28.05007148679357],[82.25188101114087,28.05001847256971],[82.25229279160274,28.04977552999126],[82.25264248774761,28.0494360577123],[82.25292659736824,28.049153664474886]]]}},{"type":"Feature","properties":{"province":"Lumbini Province","district":"Dang","municipality":"Tulsipur Sub-Metropolitan City","ward":"10","wardNumber":10,"sourceMunicipality":"Tulsipur","sourceType":"Upamahanagarpalika"},"geometry":{"type":"Polygon","coordinates":[[[82.28915768170245,28.120190004796036],[82.28928960828736,28.120001450970317],[82.28947193225181,28.119390460481615],[82.28952345694817,28.118857429499638],[82.28944962399632,28.11816753876979],[82.28923030254455,28.117172182274803],[82.28898728298205,28.116328182111403],[82.28887187283513,28.11556208120243],[82.28888169513692,28.114950339610022],[82.28882518117675,28.114215185434936],[82.28881149049427,28.11403256959003],[82.28882499562818,28.113987306023315],[82.28882524685561,28.113955671265725],[82.28875872834986,28.11334249146223],[82.28878198771191,28.113267844372412],[82.28871122021062,28.11235001208571],[82.28874692939816,28.111507952102922],[82.28871580012736,28.11081993774464],[82.28873905989441,28.110745290626216],[82.28869742016427,28.110666642135012],[82.28872793712873,28.11013386162827],[82.28868662250882,28.10875539318997],[82.28859484803533,28.10783774805726],[82.28862011007854,28.107609618855015],[82.28849900691677,28.107168425943026],[82.28847856177615,28.107112222345346],[82.28841410061749,28.10709252791057],[82.28723447501015,28.10698623782943],[82.28704177794694,28.106945161290458],[82.28702120804363,28.10692509317216],[82.28645882157709,28.10586971598022],[82.28621386329202,28.105122807426],[82.28608894338625,28.104891550483224],[82.2859418283427,28.10471912408436],[82.28541826639427,28.103929700625013],[82.28533336069614,28.1038538026117],[82.28516317214623,28.103774152524206],[82.28490526455089,28.10375395750453],[82.28462447069364,28.10384685731531],[82.28434680589817,28.103768268860833],[82.28367049718962,28.103131451913878],[82.28329530236381,28.10245800118577],[82.28323165386774,28.102399858656725],[82.28280605987685,28.102187230442134],[82.28259398229412,28.102013176844075],[82.28202702892679,28.10126251469414],[82.28196294265283,28.10122250242796],[82.281563298552,28.10074110764024],[82.2814360022516,28.100627136148706],[82.28124461973455,28.100529606069944],[82.28090261759452,28.100449329253188],[82.28030133127841,28.100443635338],[82.28023943542041,28.100270396662605],[82.2793991960027,28.099168065655995],[82.2794243319084,28.098978260978186],[82.27946859901705,28.098901113165645],[82.27962065686114,28.098789082006448],[82.28009614927139,28.098601780196518],[82.2803351143361,28.098470993577763],[82.28046610210114,28.098356898745866],[82.28057564375626,28.09820473010053],[82.28088069827704,28.097960411275878],[82.28099042761025,28.097826185048604],[82.28110159605127,28.097599619164313],[82.28110466193127,28.097425756118906],[82.28100137632573,28.097194249444243],[82.28085363519304,28.097021885070898],[82.28077116915355,28.096828577611532],[82.28051951574349,28.096481161308855],[82.28024866939735,28.096016460400236],[82.28014726041866,28.095672233561213],[82.28013050717936,28.095383523570394],[82.28028450438688,28.095174525245753],[82.28058830666147,28.094986598247814],[82.2807847567455,28.094815486489072],[82.28102303446408,28.09468463736009],[82.28119922847063,28.094418873997913],[82.28174524960907,28.093888034414217],[82.28181252605309,28.093718172368686],[82.28181502891543,28.093603076819917],[82.28179702375272,28.093373008512927],[82.2815621244969,28.093312051290503],[82.28130565490791,28.093251281348476],[82.28044746074198,28.093202885672607],[82.28008401403481,28.093084410165826],[82.27974532736557,28.09279194706355],[82.27962022088414,28.092599013773633],[82.2794131486192,28.092136064244],[82.27931161421019,28.091789523749586],[82.27928698040989,28.091749136375498],[82.27916574938936,28.091558454441785],[82.27906327665629,28.091290813083255],[82.27863924588945,28.09099916084851],[82.27821121230548,28.090899378478106],[82.27812699461833,28.09082116717051],[82.2780941133105,28.09024824845427],[82.27805453766143,28.090077136239024],[82.27808105074827,28.089790301500653],[82.2780229078763,28.08944782595698],[82.2780975660611,28.0888761587385],[82.27806099339308,28.088531244062228],[82.27795676870699,28.08837651083548],[82.27787142512102,28.08831861756175],[82.27763702573598,28.088239530270894],[82.27748909763133,28.088105552126386],[82.27736424087412,28.08787423365915],[82.27726401969646,28.087471238776555],[82.27689007502767,28.086779657802815],[82.27663911017231,28.086434429721166],[82.27630818200613,28.08572446814557],[82.27616231697004,28.085493399527635],[82.27607741173631,28.08541518838575],[82.27573691083431,28.085240072122627],[82.27548294301329,28.08506639341874],[82.27509911436476,28.08488946356898],[82.27501489633856,28.084811252308022],[82.27439673103193,28.08455748587149],[82.27418265125606,28.084534664583963],[82.27384383989502,28.084282775043466],[82.27359406495648,28.083822513023794],[82.27338461445511,28.08353330120586],[82.27298497017247,28.08309023025605],[82.27275463702543,28.08276288307633],[82.27261358996519,28.082245104429276],[82.27261972134907,28.08190206590568],[82.27268768565634,28.0817299541908],[82.27269037598577,28.08157872228075],[82.27275727731833,28.081426865318054],[82.27254382379398,28.081347653203103],[82.27168906958327,28.081145711507364],[82.27074259040569,28.081210910399747],[82.2705716522475,28.081171897564225],[82.27005671134344,28.081145010589932],[82.26962974036638,28.08102716021215],[82.26860874051245,28.08047917880844],[82.26792567606039,28.080280114236288],[82.26672666859541,28.08007685752811],[82.26595406760391,28.080047842471156],[82.26561031449877,28.080082599812],[82.2652651231712,28.080153493300095],[82.26500558731459,28.080264273703957],[82.26483177175157,28.080358361982896],[82.26465651724949,28.080547291111667],[82.2643957926484,28.08071671424245],[82.26441473564367,28.08086994646464],[82.26454096867654,28.081004174806857],[82.26462418577779,28.081156907510646],[82.26464156539123,28.081386912451194],[82.26459686005708,28.08148212758871],[82.26433488524056,28.0817079417464],[82.26416169464298,28.08180203064282],[82.26390272239517,28.081854106413118],[82.26364324969988,28.081967074470178],[82.2634251040134,28.082136059861966],[82.26329230164343,28.082362937902168],[82.26316131472045,28.082477032853078],[82.26307540713647,28.082475532400743],[82.26279811726911,28.08237656311834],[82.26269270476149,28.082280471959887],[82.26257028768723,28.081934056361177],[82.26221559816896,28.081357384147932],[82.26187903982691,28.080972331302675],[82.26166771290507,28.080798215207082],[82.2613943642267,28.080489310289874],[82.2606114541433,28.079851115928534],[82.26027014042093,28.079712073006043],[82.26001510917186,28.07955646240554],[82.25992920303507,28.07955496097717],[82.25979527699276,28.07963292087251],[82.25973400402877,28.079667367486817],[82.25973212702515,28.079782463713745],[82.25960076428184,28.079914563995782],[82.25942588490388,28.080083175000066],[82.25916591150123,28.080214211220174],[82.25882053152678,28.080325678974866],[82.25860282349896,28.080474345313075],[82.25834491521265,28.080510603866795],[82.25819235726223,28.080622572968267],[82.25793325948908,28.080715223484287],[82.25741662813714,28.080821500403616],[82.25724550135044,28.08082081073747],[82.25707581446912,28.080723093161964],[82.25673331167495,28.080699146306205],[82.2561359661964,28.08053759404831],[82.2559644017541,28.080554972974348],[82.25570818243372,28.080512208279075],[82.255147972211,28.080639241034525],[82.2550828852622,28.080675875425467],[82.25503861738183,28.080753023340296],[82.25486580181975,28.08082685594458],[82.25475394606502,28.081053546347626],[82.25457825340328,28.081262731684514],[82.25455230299923,28.08149092308492],[82.25448427667172,28.08166303583703],[82.25417840947391,28.081945679070696],[82.25404848503501,28.082039393138736],[82.25404598275018,28.08215223822888],[82.25397570349111,28.082457514816625],[82.25368984364415,28.082816743033497],[82.25377074633936,28.08304843698831],[82.25397919575049,28.083355653436538],[82.25408173106396,28.08358716006925],[82.25431200202745,28.08385811656973],[82.2543729598923,28.08401097471666],[82.25414818334602,28.084543378411997],[82.25422545766531,28.085003076752766],[82.25409090420945,28.085306664473723],[82.25410822047138,28.085534482201773],[82.25427302839466,28.085918846491335],[82.25433586326857,28.086015312646136],[82.25424745414202,28.086128970318622],[82.25399904216142,28.086812731382366],[82.25386592796336,28.0870216045001],[82.25366966534135,28.087210658443805],[82.25353623753233,28.08743759839742],[82.25312214223237,28.08777538191734],[82.2525579281152,28.08811222639321],[82.25222917726452,28.08845157291853],[82.25220648051298,28.088528408390957],[82.2523685985161,28.08906406657508],[82.25247182204961,28.089295573131153],[82.25268083342905,28.089602789696293],[82.25272078479395,28.089755897519264],[82.2527148417945,28.090060612199085],[82.25269114424931,28.090214282193802],[82.25242041060842,28.090896042360917],[82.25216380595869,28.091751479151938],[82.25210071763324,28.091961852292382],[82.25211634595509,28.092268630214576],[82.25207107759898,28.092422487601464],[82.25182529284525,28.092955017528055],[82.25171574984462,28.093107248796812],[82.25166979349076,28.093261105369525],[82.25162452481214,28.093412712455148],[82.2516617864477,28.093719302722675],[82.25156887186616,28.09410153956509],[82.25156249104872,28.094485214679377],[82.25133677497963,28.095096579794],[82.25113738450001,28.095457246522432],[82.25108936378366,28.095764585674253],[82.25086258444435,28.09645041043347],[82.25098475146828,28.096835211737883],[82.2511961405008,28.097011578134666],[82.25163717388887,28.097571683801668],[82.25180367053453,28.097879337992804],[82.25205726222563,28.09813203872074],[82.25214041637038,28.098287022398075],[82.25213616277813,28.098517215303445],[82.2520028607841,28.09876441164339],[82.25193858655076,28.098762661106502],[82.2513100983396,28.099100192469027],[82.24986599467509,28.099390952916167],[82.24975707800037,28.099484480174162],[82.24962515216407,28.09963689878823],[82.24953392790525,28.099942362239908],[82.24955186939171,28.100172429812353],[82.24950591333608,28.10032403703716],[82.24945088509378,28.10101280148188],[82.24949152439437,28.10116815984265],[82.24946720091926,28.10131957888125],[82.2492683732106,28.101623854300236],[82.24902922035811,28.10179521446933],[82.24848839137285,28.102016775467025],[82.24840129544236,28.10207397907689],[82.24790955042717,28.101972507291396],[82.2475694260368,28.101776947022206],[82.2472280504117,28.101637841553305],[82.24714333258132,28.10146035138972],[82.2471041942051,28.10137945231957],[82.24691449986815,28.10126610463735],[82.24657900272332,28.10091712473408],[82.24597466152375,28.100049239176226],[82.2459338977674,28.099934518048475],[82.24587087515674,28.09987643812844],[82.24574670634946,28.099645118874083],[82.24544197654191,28.098821937380205],[82.2452330884717,28.09853272606511],[82.24502194953249,28.098376741012007],[82.24451151081921,28.098196245724434],[82.24417226084226,28.098018815758273],[82.24391641687848,28.097957983273343],[82.2437452279761,28.097954981669453],[82.24323353812922,28.097831003172267],[82.24255378821103,28.09753478596124],[82.24154435945196,28.09656449227311],[82.24120473475801,28.09640738066157],[82.24043763846173,28.096202188960326],[82.2398017796574,28.095849142403598],[82.23948666518194,28.095558617253296],[82.23917280217533,28.095152995625483],[82.23889870244965,28.094938805779563],[82.23830398319735,28.094680161938616],[82.23787782612969,28.094577940776336],[82.23710866504031,28.094469777708888],[82.23659472378786,28.094481214372987],[82.23599675174341,28.09437374040765],[82.23582556306317,28.094370800402356],[82.2353957140288,28.09444012992815],[82.23505371226078,28.09441612057506],[82.23471052117378,28.094448626980313],[82.23415368884116,28.094437744209973],[82.23400644800235,28.09430145326755],[82.23388227912602,28.0940723850351],[82.2337610501826,28.0937079018253],[82.23323611009415,28.09314616963561],[82.23283640307271,28.09279768936082],[82.23164765250019,28.09226227237226],[82.23105124477077,28.09208033899414],[82.23079552492582,28.092019443638492],[82.23028083257965,28.092028567436515],[82.22993933087953,28.091984239027745],[82.22959720456731,28.09193991075047],[82.22915479111397,28.091749851045485],[82.22881210204694,28.09160393051198],[82.22853656334158,28.091484580191874],[82.22789857738728,28.091282640613674],[82.22730054354139,28.091213553359268],[82.22704463577797,28.091152657731833],[82.22687394698686,28.09113165025335],[82.22676747036748,28.0911100185167],[82.22602075662773,28.09096321905178],[82.2256805054556,28.09086243677855],[82.22482718920871,28.09073245375886],[82.2244841860462,28.090726448571388],[82.22431218366074,28.090761832661222],[82.22401163398152,28.090793902635728],[82.22371152177654,28.090807841598153],[82.22302745484455,28.090739503162517],[82.22285714172035,28.090698114923985],[82.22243367427424,28.090498802332288],[82.22209279825981,28.090398020361985],[82.22141529903408,28.090063291497387],[82.22098976687955,28.089958819294548],[82.22064720182506,28.089934747379946],[82.21987241128026,28.090110917583694],[82.21918014950012,28.090385616961886],[82.21892242868844,28.090437630645173],[82.21840260706409,28.090658815667],[82.21812281486828,28.090729021344664],[82.21805816558587,28.09074765160907],[82.21792961738713,28.090746525215962],[82.21807535699928,28.09091901474888],[82.21821990827016,28.091152396855893],[82.21882912972552,28.091749514545302],[82.21893204139351,28.091850170160797],[82.21958546682713,28.092415279261683],[82.220355866683,28.093532301322067],[82.22060220349697,28.094051393095636],[82.22099809532929,28.094627753196665],[82.22120441745069,28.095032185549563],[82.22160093516494,28.095552217259723],[82.22187021827587,28.096014730392078],[82.22193192729267,28.09612926424429],[82.22216113364037,28.096476993303998],[82.22286832363868,28.097517804313938],[82.22311659953608,28.097978192199317],[82.22338775910244,28.09832560842605],[82.22351192757696,28.098556927423896],[82.22376208017117,28.098904531501216],[82.22430759018219,28.099484081715723],[82.22502347528308,28.1001050819048],[82.22527444023021,28.100414237756883],[82.225990137457,28.101075812471997],[82.22605322290643,28.101133955268057],[82.22651614062679,28.101560772528007],[82.22685451542287,28.10177439974672],[82.22755089358027,28.1023007479005],[82.22774015000506,28.10249543208865],[82.22782461850446,28.10253525652073],[82.22856169936628,28.10317632582024],[82.22891901640855,28.10354324929172],[82.22921481200713,28.10375725227],[82.22946646566287,28.104009953022306],[82.22982522059951,28.10428209893007],[82.23054448482947,28.10475180520389],[82.2311387650824,28.105028516470433],[82.23139317111618,28.105186440075013],[82.23232757731886,28.105602319969705],[82.23289941222056,28.105917604482755],[82.23321677901669,28.10613142016619],[82.23372515261279,28.10640669287809],[82.2340421432701,28.106640763446773],[82.23461397864119,28.10695604832637],[82.23472070535864,28.106995748737326],[82.2354027702924,28.1071588023219],[82.23591452213621,28.107282842544905],[82.23633974190432,28.107461774037215],[82.23855218302508,28.108242959089004],[82.23948909228046,28.108543617406102],[82.2400856877045,28.108687165163648],[82.24102541231333,28.108836654129366],[82.24196394722198,28.109062852719298],[82.24230382282167,28.109181578092603],[82.24256016746384,28.10922440561894],[82.24375298351238,28.109588209607203],[82.2446670709565,28.1099476979338],[82.24473046865448,28.10998552168902],[82.2450897252979,28.11023953663535],[82.24534394335728,28.110377141480225],[82.24553457532934,28.11051299548912],[82.24566181036828,28.110572826815414],[82.24638038562517,28.11108079418155],[82.24692752198547,28.111565566134196],[82.24696997446061,28.111605765930566],[82.24705419218921,28.111681726936222],[82.24714335073372,28.11174186949826],[82.24747628457665,28.111971252631395],[82.24779371262841,28.11224145943296],[82.24808875650822,28.112552428406435],[82.24832284279381,28.112708288022006],[82.24863989544376,28.112998751611393],[82.24918652920869,28.113657198662963],[82.24968908433522,28.114410861585966],[82.24989715792925,28.114797164997597],[82.2501032295769,28.115278182779715],[82.25025159656109,28.115396468566512],[82.25067374970338,28.115803279206276],[82.2507786621069,28.11595807529248],[82.25128653447595,28.11640477314416],[82.2536397053836,28.11819538096335],[82.2538926716649,28.11844801988773],[82.2544011705572,28.118838325360006],[82.25503583855252,28.119401184038047],[82.25658640670149,28.120415994448074],[82.25675703151747,28.120475387824104],[82.25679910954817,28.120533655643072],[82.25705457852233,28.120671261124045],[82.2573103598182,28.120770417285712],[82.25794846963137,28.121141468724197],[82.25832929529902,28.121490011771375],[82.25985991836303,28.12242373612315],[82.26011376107951,28.122635800532073],[82.2604982156143,28.12275408825751],[82.26060394177273,28.12287049798248],[82.26092518606593,28.122912575062454],[82.26234340292463,28.122886016817464],[82.26305423198657,28.122777865483922],[82.26363776384241,28.122612322337424],[82.26396063442617,28.12257775169391],[82.26434878013528,28.122465847230455],[82.26501703033671,28.12235813358257],[82.26518947054761,28.122302368639197],[82.26542762242251,28.12220765519441],[82.2665034000155,28.1221232644427],[82.26667358733758,28.12220066352499],[82.26701421253554,28.122375780101525],[82.26809873562557,28.123035982710373],[82.2693763297319,28.123714755152335],[82.2711031533411,28.124495247990115],[82.27161603040105,28.12465298641299],[82.27219149312684,28.124889122667494],[82.27378801626844,28.125781459950403],[82.27429933011341,28.126015907961964],[82.27525593036148,28.126616279672383],[82.27694967228553,28.128085412556803],[82.2771843837628,28.128182505364517],[82.27746580267286,28.1280332134179],[82.27809053652075,28.127961948142108],[82.27815499832354,28.12792293654835],[82.27834888370182,28.12790537089899],[82.27878035836545,28.127795279846826],[82.27895386111157,28.12772144697376],[82.27912874085004,28.127550522864308],[82.27913118099907,28.12737903470815],[82.2787544831594,28.126802612610323],[82.27858880049175,28.1264565727288],[82.2782091631713,28.126051637443837],[82.27799896246982,28.12576248867511],[82.27787516955826,28.125474840903966],[82.27774906187247,28.12530222614485],[82.27725726761615,28.123921192470128],[82.27669187830162,28.123037365293424],[82.2764387862151,28.1227869772149],[82.27622814736444,28.122518146297207],[82.27571827404684,28.12218667068066],[82.27512255437588,28.121858194015235],[82.27467826809219,28.12147195156705],[82.27459455057408,28.12133728656197],[82.27438328680404,28.121124909805665],[82.27423673481888,28.120893841019992],[82.27413651386465,28.12049078452768],[82.27412057368493,28.120166001576287],[82.27403529251623,28.120108108915357],[82.27423055413573,28.1199957024174],[82.2746852876828,28.119808713629254],[82.27527032202742,28.119507629695047],[82.27552954416568,28.1194149175221],[82.27611582947354,28.119057442193867],[82.27670029989748,28.118815063224645],[82.27696071030532,28.11866364561618],[82.27780309013666,28.118385008079766],[82.27786817730244,28.11834606019989],[82.27923037796147,28.117843611360616],[82.2798160380393,28.117486135989072],[82.28014134825214,28.117336407178545],[82.28059414308085,28.117205809653647],[82.2810492531583,28.1170006908731],[82.28124288830041,28.116962743606006],[82.28156838599014,28.116774691381192],[82.2820868934898,28.11660733378152],[82.28254175371877,28.11638195845069],[82.28286844009823,28.116137388936046],[82.283715261678,28.115590110899543],[82.28423420650307,28.115404747634187],[82.28468906643664,28.115179309773353],[82.2848196157486,28.115085533766237],[82.28514329996855,28.115012577516353],[82.28615980841947,28.114601339587775],[82.28634918871965,28.114850039249664],[82.28660228085938,28.11510042746272],[82.2868751289818,28.11546572456779],[82.287084015061,28.11585190192379],[82.2871240284293,28.116004947666077],[82.28711871052757,28.11630966189882],[82.28715997562377,28.11640631519254],[82.2873290363332,28.116598810511526],[82.28779720813314,28.116851639033033],[82.28809437964217,28.11706326566362],[82.28824030667215,28.117294335278103],[82.28853084673973,28.117907642182722],[82.28857148478171,28.11806300050786],[82.28856622953508,28.11836759016319],[82.28820058020048,28.11966415522321],[82.28827660313387,28.120218630914394],[82.288359882629,28.120371301571854],[82.2884239681165,28.12041125159753],[82.2888254312822,28.12029697149042],[82.2889421004959,28.120264275329095],[82.28915768170245,28.120190004796036]]]}},{"type":"Feature","properties":{"province":"Lumbini Province","district":"Dang","municipality":"Tulsipur Sub-Metropolitan City","ward":"3","wardNumber":3,"sourceMunicipality":"Tulsipur","sourceType":"Upamahanagarpalika"},"geometry":{"type":"Polygon","coordinates":[[[82.28310978334456,28.25539321814915],[82.28358321140712,28.25523755088654],[82.28375608921277,28.255199853566587],[82.28410015592813,28.25519885633918],[82.28435875290636,28.255140028526636],[82.28478954035157,28.254986986682912],[82.28539070582174,28.25464057785282],[82.28564724233608,28.254410262364775],[82.28601125574872,28.254160879578844],[82.2862899863554,28.254027342041404],[82.2869777434162,28.25404566628729],[82.28723558925526,28.254083866281142],[82.28740734076736,28.254064237355415],[82.28775128149636,28.25410381446829],[82.2880952219536,28.2541976569015],[82.2885261308286,28.254369586074155],[82.28867637407522,28.2544651776233],[82.28871995177005,28.254541512983806],[82.2888060453498,28.25459934332256],[82.28882392693852,28.25460822065539],[82.28906482877564,28.254714254485155],[82.28928122003501,28.254904061800243],[82.28969130872352,28.255094245770053],[82.2902085639425,28.255188652647227],[82.29072481945214,28.255204098476256],[82.29115541823636,28.255145834862926],[82.29167117522665,28.254951407456627],[82.2922724658534,28.25462525415494],[82.29235856029091,28.25462444138428],[82.29261622102669,28.254488903895034],[82.29313260295358,28.254353118621673],[82.29351862461274,28.25408316689582],[82.29403456917785,28.25390905817905],[82.29489601607433,28.253964080380975],[82.29541214791087,28.25386436836264],[82.29566993259648,28.253787472882735],[82.29592734297958,28.253577413324845],[82.29618525319806,28.253459880714594],[82.29644366277991,28.253439377029068],[82.29687401070687,28.253457822929885],[82.29704644983278,28.253494584908328],[82.29747823448608,28.253684519383608],[82.29754275765163,28.253760667763405],[82.29788763566023,28.253818312043087],[82.29805982520413,28.253834693498792],[82.29823282661098,28.25391203011385],[82.29890219775346,28.254309652138502],[82.29916048156127,28.25432972264991],[82.2994187033012,28.25428889985992],[82.2996766137451,28.254173617902165],[82.29989113277757,28.254000068642867],[82.30001899517804,28.253770940523804],[82.29986619307893,28.253312054712843],[82.29982142994864,28.2529288161381],[82.2999275976363,28.252699937457088],[82.30024915805181,28.25237190668615],[82.30037720839212,28.252160845161498],[82.30037458810693,28.251626000972593],[82.30050032985974,28.250859839130374],[82.3004555670143,28.250476601507014],[82.30045257196377,28.249865172143263],[82.30038580179081,28.249405348815504],[82.300255006732,28.249022985790017],[82.30023100239157,28.248565226083688],[82.30029446609052,28.248334346145537],[82.3002902862609,28.247415951187463],[82.30045935665032,28.246802772958386],[82.30047974191515,28.246495682707437],[82.30043504132286,28.24611475804682],[82.3001942107533,28.24527307116739],[82.3001707048265,28.244966418678054],[82.30025555225124,28.244660954837926],[82.30057642591527,28.244220140517363],[82.30066121131888,28.243912425487668],[82.30074661970625,28.24375813084987],[82.30087329786508,28.243222099611938],[82.30087179914757,28.24299422053255],[82.30080658965583,28.24276459019006],[82.30082610060886,28.2423808523799],[82.3007599544089,28.242074574848438],[82.30084561321952,28.241940598009876],[82.3010813898716,28.241787180459923],[82.30127496288017,28.241728914676564],[82.30138231709118,28.241594750930847],[82.30138144325095,28.241420950156577],[82.30127140643012,28.240963940151527],[82.30139951884453,28.240809332835713],[82.30163610902743,28.240673857287863],[82.3018080488246,28.24061584211856],[82.3022382105159,28.240519191603127],[82.30275465243766,28.240554894375688],[82.30284106013254,28.240536014660254],[82.30352763371657,28.24015034374489],[82.30387163808237,28.23999586431925],[82.30412936095212,28.23991896879629],[82.30455914855257,28.239686841539246],[82.30490383925252,28.239742297553452],[82.30541947072815,28.239606512246965],[82.30593603981971,28.2395473740343],[82.30662442161349,28.239524998022144],[82.30757246259549,28.239635537463915],[82.30791677757475,28.239711250126323],[82.3082620305225,28.23986361015194],[82.30869337808699,28.239976834800096],[82.3090378816419,28.240011847738824],[82.30921007151385,28.239974150096767],[82.30925271290546,28.23991732162447],[82.30933643606221,28.239417800459865],[82.3094218447952,28.23926581849983],[82.30989364996664,28.238879896990618],[82.30997905842395,28.23872785325614],[82.31002120023244,28.238630449910143],[82.31001926645708,28.23821070145771],[82.31014700404235,28.237979322232164],[82.31038265773986,28.237713057749843],[82.31051039488705,28.23748161584462],[82.31070328100618,28.23731056776988],[82.31087397198993,28.23709906969686],[82.31108643111092,28.236659254223117],[82.3111075031254,28.23650783468931],[82.31112788727653,28.236297773385445],[82.31101841247103,28.235991995053997],[82.31095332591633,28.235933853004028],[82.3108883660152,28.235781056973853],[82.31093050847414,28.23562945066657],[82.31105905754288,28.23551316723653],[82.31140199966926,28.235322552277477],[82.3114872208627,28.23520664374409],[82.31156882197354,28.2343280108893],[82.31167467780168,28.234022359626536],[82.31171488506976,28.2335638508304],[82.3116713066023,28.233487577402055],[82.31108865527372,28.233145660134397],[82.31102381952986,28.233049193839538],[82.31121608135349,28.23278111668938],[82.31164468210649,28.23245652468359],[82.31168651263914,28.232284662407977],[82.31155640265766,28.232170814872426],[82.31140428630904,28.231865349358678],[82.31146799903034,28.231711304697594],[82.31161843108391,28.231615089974667],[82.31198331846146,28.231500996879223],[82.31239315694224,28.231729504672817],[82.31316888135008,28.231974770402765],[82.31377110695833,28.231993780799684],[82.3142884861021,28.23210619283265],[82.31514893190123,28.23214302322523],[82.31557965463726,28.232256247605665],[82.31601118838347,28.232484567708273],[82.31721819849463,28.232883569268502],[82.31786381309526,28.233014988062795],[82.31812228441083,28.23305312637549],[82.31814391692491,28.233052939044086],[82.3184243961971,28.23316753730119],[82.31868242922573,28.23322368080351],[82.31894108865477,28.233223495119603],[82.3207453918708,28.232779566540923],[82.32108914594677,28.232758188455836],[82.32160639954988,28.232911112177888],[82.32229646706361,28.23323390032952],[82.32264034567477,28.23317638561302],[82.32307056962213,28.233192581671116],[82.32350085543668,28.23311618722605],[82.32444683473074,28.233113819041122],[82.32479077615638,28.23305624276954],[82.32513521717493,28.233093630927414],[82.32547996937286,28.233207604943793],[82.32586867474497,28.23347237336552],[82.32604161354344,28.233549709900835],[82.32621367687244,28.23360666545507],[82.32655768095363,28.233605542984822],[82.32687936526425,28.23345124995913],[82.32694414021421,28.233376166240166],[82.32752261036673,28.23297336520953],[82.32786580204535,28.232857208789238],[82.3281233997196,28.232723796107845],[82.32889650240787,28.232549313915676],[82.32924088133558,28.232530185609722],[82.32984248251637,28.232393400109153],[82.33018642395697,28.232392339821363],[82.33050641717816,28.23246142587593],[82.3307894606091,28.232524133519917],[82.33130571531363,28.232598034768266],[82.33156306141355,28.23259778656236],[82.33225025597983,28.232480507250248],[82.33293601567699,28.232151166135615],[82.33328001974199,28.23215004373894],[82.33362452200842,28.232243698238708],[82.33388274380057,28.232261518535132],[82.33414002774312,28.232202566017193],[82.33448315757737,28.232029955072836],[82.33499760223734,28.23185572079439],[82.33516947865674,28.231854033670526],[82.33594439110996,28.23202246400394],[82.33637386515288,28.231982143213155],[82.33660970444417,28.231846730335914],[82.3367156211911,28.231597470569806],[82.33690788231337,28.231387973560725],[82.3370353088489,28.231079821149414],[82.33735593077047,28.23079236411759],[82.33761315301146,28.230677019581293],[82.33804262630296,28.230636698760947],[82.33810708834808,28.230597687744737],[82.33855750846564,28.23050072592688],[82.33864347833634,28.230443521656568],[82.3387498324591,28.23028897768031],[82.3387709036225,28.230194012001853],[82.33904701189108,28.229656481055745],[82.33917187814235,28.22889250804704],[82.33929899112641,28.228663379465132],[82.33949150253875,28.228471950058683],[82.33979142866123,28.228259139375147],[82.33983375792774,28.228181992577188],[82.33998356536813,28.228085715508076],[82.34017607655512,28.22789428505128],[82.34113981725592,28.227280049984078],[82.34251377303642,28.2268197382616],[82.34272841702298,28.226666444766106],[82.34298520274787,28.226417936655153],[82.34358605583836,28.226075840960597],[82.34420754199655,28.2256544716238],[82.34474330986326,28.22519790432174],[82.34482834307784,28.225025542286357],[82.34512789563401,28.224681881114066],[82.34540369426257,28.223920909436256],[82.34544508761084,28.22361588272402],[82.34550880039151,28.223464026277046],[82.34556926961199,28.2225495706295],[82.34552151032719,28.221636052001383],[82.34566925952932,28.22102531089142],[82.34562468338,28.22072109658319],[82.34553771530685,28.22049177844921],[82.34551514749774,28.220264086726896],[82.34538485078575,28.220035268557222],[82.34538104393972,28.21927479508043],[82.34538035736396,28.219218403830432],[82.34510000474042,28.21900902712032],[82.34484084713617,28.21876107724805],[82.34436349014113,28.217924078276276],[82.3442975926664,28.217696760616555],[82.3442303852918,28.217162666252488],[82.34429341170056,28.216857389409714],[82.34428353438712,28.216787493735765],[82.34422720421463,28.216399942024992],[82.34422496041951,28.215713990356335],[82.34415962583635,28.215484422980186],[82.34402939229987,28.215255542120182],[82.34398606423974,28.215102496599638],[82.34385614307428,28.214950325611454],[82.3436622590633,28.214778461232015],[82.34314438196215,28.214417976534733],[82.3428210130962,28.214227105048714],[82.34256210569711,28.213999473898355],[82.34191543190232,28.213522891185935],[82.3417212350041,28.213427799728148],[82.34133296813407,28.21314271272668],[82.34049240879762,28.212647748518158],[82.33984617138805,28.212304330271273],[82.3392001821441,28.212039809712625],[82.33848910626061,28.211812112370385],[82.33771394511321,28.21144962494079],[82.33693834690928,28.211051063807325],[82.33661460423748,28.210783420584004],[82.33655008013845,28.210765977309336],[82.3357948678203,28.21006026438962],[82.33529750013754,28.209451331443386],[82.33449821357897,28.208326307317243],[82.33408619145393,28.207563080429647],[82.33341719920789,28.206820418934274],[82.33279122165797,28.206210485012793],[82.33257551735805,28.2060772573124],[82.33225227418038,28.20579148316113],[82.33184243718452,28.205506645840114],[82.33113098963584,28.204935848289196],[82.33072046516189,28.204497590860278],[82.33050670024983,28.204314597753637],[82.3301817060235,28.204037951522345],[82.32977274362702,28.203771120774274],[82.32951452471009,28.203543489024483],[82.32934214954128,28.203351056127914],[82.32884484862083,28.20243522097267],[82.32877963836862,28.20220565310832],[82.32867197524888,28.202053231911904],[82.3283902519969,28.201365465975783],[82.3281311594953,28.20090764162773],[82.3278927005265,28.200372858063666],[82.32765399393767,28.19961019403169],[82.32752295183833,28.198999951724588],[82.32745643194009,28.198465731796034],[82.32732657587195,28.198006658551318],[82.32736560059367,28.1969389073413],[82.3271701592302,28.196326976811612],[82.32684579372959,28.195793067026628],[82.32658776179004,28.19552704974293],[82.32637230876138,28.195355372728866],[82.32581278996382,28.19501101681161],[82.3253171724621,28.194532872406644],[82.3247989880027,28.193617224323084],[82.32466856947423,28.193158150933055],[82.32460267325845,28.192777351286836],[82.32460111536895,28.192242569550004],[82.3247268594528,28.191327426666092],[82.32500203547818,28.190259615681544],[82.32512977283046,28.190030486409462],[82.32555724985659,28.18953440652054],[82.32566441554712,28.18949495836687],[82.32581453479376,28.189380676304765],[82.32632860422589,28.18919068722662],[82.3266717961956,28.188979752346047],[82.32684298581863,28.188923925228387],[82.32716392148282,28.188618400146943],[82.32742020776624,28.18827517628401],[82.32763348102826,28.187758589457314],[82.32780205190546,28.18691971881005],[82.32777885970923,28.186538607212825],[82.3278206284824,28.18615680797697],[82.3278632712721,28.186002950110698],[82.32818333413695,28.185469546625956],[82.32826805625024,28.185164081939675],[82.32828725706725,28.18455459080861],[82.32817659994804,28.183637195351114],[82.327830914026,28.183026764001006],[82.32767998519157,28.182816138079996],[82.32740175412981,28.183026447511466],[82.32705850037878,28.18312228614067],[82.32637280412267,28.183388421316096],[82.32594357986801,28.18348513337757],[82.32568592110849,28.183503449324704],[82.32499997604846,28.18369287454758],[82.32399159731013,28.183865104932607],[82.32386348613473,28.183961131779856],[82.32371373987637,28.18420851543572],[82.3236068866915,28.184322423858212],[82.3231783504584,28.18447546506276],[82.3226428337019,28.184837254247743],[82.32247201783457,28.185028434334296],[82.32232183631184,28.185142716620025],[82.32172354277051,28.185829976633702],[82.32138103792128,28.186097364439952],[82.32097494370706,28.186572876355765],[82.32084620719594,28.186668903330144],[82.3207391659512,28.18682119702361],[82.32061074126358,28.186937480402847],[82.32026792413224,28.187128095774895],[82.31986164429419,28.187488573454637],[82.31962555504421,28.187603667658575],[82.31911073661716,28.187680873861645],[82.31893898485036,28.187641861038838],[82.3186165541059,28.18746899560713],[82.31835883335422,28.187430857022413],[82.31750057510106,28.18748874252557],[82.3170708530202,28.187393586368497],[82.31586840380338,28.187373570294337],[82.31389266906913,28.1871240439429],[82.3131198798847,28.18714273130167],[82.31260512512873,28.187122908160617],[82.31208974660129,28.187046569991608],[82.31097345417128,28.187045998078286],[82.30985709956369,28.187142455164746],[82.3091056937453,28.187140636153263],[82.30910581938993,28.187045857975665],[82.30912664167568,28.18687412032555],[82.30919022959303,28.186760712647303],[82.30921167614201,28.186588974550524],[82.3094452087084,28.185844320157877],[82.30944327644815,28.185271151870012],[82.30939888974326,28.18481345453138],[82.30944065703764,28.1845851384823],[82.30945967171776,28.18384029430595],[82.30962961627206,28.183267752899233],[82.30979980901463,28.182866698973136],[82.30986215195864,28.182180060317904],[82.3098395213222,28.181893663758128],[82.30988122735286,28.18160670486483],[82.3097726276553,28.181264728422573],[82.30955711313341,28.180919250045644],[82.30955530489594,28.18040478698378],[82.30968185926808,28.179717523037564],[82.30985186621466,28.17914498157435],[82.30995691137923,28.178516610040408],[82.30995510330926,28.178058538487026],[82.30982356343063,28.177141330724837],[82.30984176629352,28.176283641619932],[82.30990329747279,28.175481968551985],[82.30989048340832,28.175107483632505],[82.3098796080492,28.174793891999183],[82.30957637770408,28.1739934671523],[82.3092308777991,28.173592783621533],[82.30897272178396,28.17336283930901],[82.30873551161702,28.173019861315193],[82.30851849869526,28.172448754574585],[82.30840902624846,28.171876586276017],[82.30821439579076,28.17141813710204],[82.3076752633042,28.170807203656874],[82.30754590296587,28.170693356735963],[82.30737415275223,28.170597952086773],[82.30677062106474,28.17002377889377],[82.30651246428195,28.16973737985138],[82.30636134794395,28.1695086239997],[82.30618772440624,28.169108630371344],[82.30612245421518,28.168766217148512],[82.30584035600705,28.168078387946277],[82.3056898014262,28.167849632042124],[82.30545171759933,28.167373489842298],[82.30536524934611,28.167277273924086],[82.30493247358562,28.16618920114493],[82.30475891238059,28.165845598357492],[82.30445568273545,28.16498646898946],[82.30410999811137,28.164357906386662],[82.3039146801424,28.163786549549812],[82.30382677858839,28.16321419348582],[82.30380346154726,28.16281276278383],[82.30362934144448,28.16210580374619],[82.30358551354585,28.161955008735422],[82.30328159718417,28.161039487548514],[82.30317206246811,28.16040867640399],[82.30317112789346,28.160122093074705],[82.30310591873264,28.15983607097463],[82.30310423444128,28.159436702976176],[82.30306084501125,28.159321981779176],[82.30303827680663,28.159035647890253],[82.30288547653223,28.158405210866253],[82.30266921329338,28.157890495746567],[82.30243038182572,28.157145838070146],[82.30240868695147,28.157089633566443],[82.30217060389599,28.156460009332157],[82.3017385125671,28.155791622377222],[82.30135118365381,28.155447830630933],[82.30130760564005,28.155371495653945],[82.30098504919278,28.155180499085567],[82.30081330006048,28.15502870334285],[82.3006398008284,28.15468503879301],[82.30050950683808,28.154284606985833],[82.30025078827144,28.15394181746794],[82.29985795875953,28.15346711237292],[82.29958485459771,28.15373149967437],[82.29945668032744,28.15386360021819],[82.29842978933733,28.154645134212775],[82.29825841139936,28.154741536072816],[82.29787295134025,28.155083695385542],[82.29727409960253,28.155466240690238],[82.29701681530025,28.155561204263087],[82.29639564134408,28.155941685758556],[82.29539050681988,28.156894457483684],[82.29494146018914,28.157295884434],[82.29417110475922,28.15786729631602],[82.29393557587578,28.158133622617193],[82.2933798638246,28.15866689916314],[82.29288755093862,28.159068763258432],[82.29271642353035,28.15918317071809],[82.29185947363364,28.15960197457986],[82.29153860157051,28.15981034534152],[82.29147395255306,28.15988767972999],[82.29098170314897,28.160192515749316],[82.29010468035946,28.16095448223767],[82.28963393866981,28.16129745391512],[82.289312566961,28.161469689428632],[82.28882481758312,28.161884995227307],[82.28877761253426,28.16192606955183],[82.28860529684263,28.162002152670194],[82.28854133487596,28.162079487800266],[82.28759685237449,28.162573562477405],[82.28742428747832,28.162631577861948],[82.28648030441524,28.16322261885087],[82.2859003970216,28.163546334625362],[82.28495535235409,28.164002023202066],[82.284267592395,28.164249965234262],[82.28418162364196,28.164250777647226],[82.2837517735823,28.164401568011776],[82.28280616873602,28.16459317964663],[82.28194696968669,28.164935210266595],[82.28074370244654,28.165467731913182],[82.28050780055169,28.165600831716336],[82.28014228800637,28.165753186201325],[82.27979909513078,28.165963995391344],[82.27836029974601,28.166765031320313],[82.27707174714998,28.167623335207477],[82.27653535483547,28.168079652742005],[82.27610556703513,28.168289022390802],[82.27558968723997,28.16832771714169],[82.27490186515158,28.168519143478758],[82.2744718278424,28.168708195222106],[82.27404247813075,28.16895820245813],[82.27335509358149,28.1692421551762],[82.27266714504047,28.1695870634712],[82.27146437849656,28.170119522629047],[82.27103409180427,28.170234114904954],[82.27008867182883,28.170615281941867],[82.2685400912465,28.17092073379004],[82.2678520835929,28.170997062917717],[82.26716376285378,28.17109146017295],[82.26699176158563,28.171090771585785],[82.26673378965539,28.171129280748332],[82.26647506848089,28.171111273355177],[82.26604484607346,28.171013803865087],[82.26542011575727,28.170784856602292],[82.26468790448698,28.170784912780153],[82.26451621614159,28.170745837384803],[82.26382752195927,28.17070932118525],[82.26296657480448,28.170746637165053],[82.26262213387808,28.170745321318275],[82.26268740571982,28.1709928946616],[82.26277493538073,28.17128097980342],[82.26269052332297,28.171852710256474],[82.2627347228535,28.172253953390285],[82.26292904251038,28.172538788655157],[82.26303745556308,28.172767918639895],[82.26316818757779,28.17311202131781],[82.26323333440526,28.17339798046909],[82.26362428178047,28.174430223993564],[82.26375364086522,28.17460052552875],[82.26381941229242,28.174886485113536],[82.2638200978218,28.17510767492279],[82.26382028376737,28.175288165621417],[82.2636062584165,28.17609127464464],[82.26356317513418,28.176493329699372],[82.2634141126184,28.177183030562368],[82.26341423516668,28.177413223391653],[82.26347875612873,28.177699182561334],[82.26373828479379,28.178274479455876],[82.26380292820785,28.17879069357292],[82.26397573928564,28.179134358270414],[82.26404082387945,28.17936392614911],[82.26399774212975,28.17965094740068],[82.26399861341065,28.179996174444966],[82.26391282969794,28.180224928035216],[82.26391301424535,28.180513762618638],[82.26410751931324,28.180972336809056],[82.2646033234931,28.18154769749013],[82.26475406633537,28.18164335122205],[82.26492637766184,28.181892175774582],[82.265034288054,28.182351624585323],[82.26525042764595,28.18275355672671],[82.26542249024372,28.182925733192214],[82.26578874880556,28.18315474150549],[82.26591804599474,28.183268588119734],[82.26611186570439,28.18355798718808],[82.26624197372507,28.183843384978967],[82.26624209644291,28.184073514619012],[82.2660921603884,28.18458941471667],[82.26609240719151,28.18487831238106],[82.2661141019082,28.18493457887973],[82.26682523543792,28.18568167932686],[82.26684699238717,28.18579652526838],[82.26684711556507,28.185968013860013],[82.2666972408516,28.186542618582173],[82.26676300256048,28.187747097702122],[82.26667796715844,28.18814952800073],[82.26639891727008,28.188896807392545],[82.26635652314589,28.189183828779132],[82.26635782686948,28.19010228559516],[82.26625040877653,28.190387618664296],[82.26616480893836,28.190961599424497],[82.26601499644195,28.19159484625625],[82.26577915220153,28.19216795056159],[82.26569355497658,28.19241696046603],[82.2655221088431,28.19310459785521],[82.26554411252363,28.1935083420883],[82.26560982281765,28.193737909867234],[82.26567415828585,28.193793801867454],[82.26580432809594,28.194140029581483],[82.26600039244622,28.19500028339587],[82.2664125983736,28.196034528513106],[82.26645673656901,28.196379380077396],[82.2663971998278,28.1977023306139],[82.2664854153239,28.19821829513728],[82.26672412199161,28.198908874187364],[82.26676769981496,28.199041601361742],[82.2669187527012,28.199367448094524],[82.26698371394563,28.199425465782326],[82.26720003875455,28.199942494374945],[82.26722241993406,28.200172499871886],[82.26709536822788,28.200631758278515],[82.26692492642134,28.200919966501058],[82.26675523259958,28.201436054236503],[82.26658641115978,28.20224097713993],[82.26656627509315,28.202586390677414],[82.26648186506614,28.20293024084213],[82.26648429554511,28.203677147866003],[82.26659358070955,28.20425156741886],[82.26681059264189,28.20482730028487],[82.26717772516544,28.2052865011928],[82.26743669298081,28.20568793330251],[82.2675014038842,28.205725757472383],[82.26773873904114,28.206032724663476],[82.26799914139588,28.20677957144664],[82.26817195291449,28.207066781936838],[82.26832381856991,28.207412884586855],[82.26907927653347,28.20850264797125],[82.26916686729408,28.208962158745706],[82.2692351333643,28.20988224168667],[82.26923600505563,28.21022753104714],[82.26917322793891,28.210571131582853],[82.2690249801652,28.21106896377667],[82.26887554578776,28.211415626961497],[82.268876295073,28.211530660886726],[82.26864238850189,28.212162469187405],[82.26853547246775,28.212276314421857],[82.26832114075634,28.212411415022675],[82.26812794318602,28.212449299268915],[82.26793505783968,28.21256395676941],[82.26778581112623,28.212869982421463],[82.26778737051382,28.213215208905154],[82.26789584588042,28.21350304475622],[82.2680469617474,28.213731862831327],[82.26830574393779,28.21396193203345],[82.26858584448388,28.214327103980214],[82.26865092995288,28.214498030554548],[82.26856639557222,28.214785363583957],[82.26845954129459,28.21490145948669],[82.26828822636305,28.215015866559334],[82.26758045899076,28.215322575889626],[82.26680966531487,28.21580139799347],[82.26655231771166,28.216013645700674],[82.26610389486935,28.21655036201585],[82.26595433623324,28.216779677609217],[82.26595064689853,28.2167887430861],[82.26567772609408,28.217411861171065],[82.26548858360542,28.218329816658336],[82.26546919603666,28.218846718480624],[82.26519402135087,28.21976548607193],[82.26513205435798,28.22033927867629],[82.2649839936626,28.22085511676053],[82.26489877242201,28.221027416642784],[82.26460339960313,28.22223295573117],[82.2643902543622,28.222577930514884],[82.26400729014253,28.223323958718805],[82.26349359371557,28.22378452705726],[82.26321611142198,28.224127875984358],[82.26231795443147,28.225047825604896],[82.26186921852837,28.225564224044486],[82.26163443986978,28.225909448153843],[82.26144367536916,28.226425723733612],[82.26142503526167,28.227172817480493],[82.26147067253265,28.227689156848523],[82.26153575695021,28.227918725212398],[82.26150134996473,28.229756014283915],[82.26154480138308,28.22992706442964],[82.26154623676928,28.230215899273666],[82.26148352113992,28.230674596541622],[82.26137729111645,28.230962179590573],[82.26131512993916,28.232169971836413],[82.26105858429305,28.233377511383562],[82.26101730751849,28.234470081400932],[82.26110439513228,28.235103393250814],[82.26110520565786,28.23538997799252],[82.2612565072109,28.235851176620937],[82.26132153089867,28.235907005819033],[82.26153710679215,28.236308938613373],[82.26175324747607,28.236595837288025],[82.26214157555007,28.23705710064128],[82.26224936396689,28.23722758913941],[82.26261655875722,28.237630398170403],[82.26289715973209,28.238031768006],[82.26324290732313,28.238664956608662],[82.26337251371507,28.239065387953875],[82.26380510400931,28.239984411250607],[82.26389200712926,28.240331013829703],[82.2638924392146,28.24090655731896],[82.26384998243462,28.241249971123235],[82.26350833887892,28.2427470947621],[82.263444495763,28.24343810983586],[82.26346718478639,28.244013341542704],[82.2634247279306,28.24435675408901],[82.2634257851489,28.24493217335592],[82.2634912409792,28.245565735224663],[82.26347047823734,28.245967603180553],[82.2636871744282,28.246888562445946],[82.26373137565712,28.24723341376442],[82.26377407797727,28.24728943080185],[82.26381765393432,28.247577890926323],[82.26399139957401,28.248210390304532],[82.2640794218023,28.249245382877902],[82.26405878415542,28.24976234647411],[82.26397312187504,28.250223544171796],[82.2638446325151,28.250567706260878],[82.26380217537627,28.250913307264703],[82.26380236122647,28.251143500496575],[82.26391108421143,28.25166152843987],[82.26389025943047,28.252004753984906],[82.26414885503493,28.252101658911013],[82.26518317543528,28.252500535086966],[82.2659595236889,28.25290178375372],[82.26697227313085,28.25335948958142],[82.26740330750481,28.253493157258387],[82.26800690654511,28.253625201062675],[82.26817897098526,28.25362582744475],[82.26869622552836,28.25372035926152],[82.26973048534575,28.253947684826116],[82.27016151971614,28.254081289812238],[82.27111012036447,28.254442590808335],[82.27136915299981,28.254577820206457],[82.27162743657637,28.254652157143816],[82.27214500250979,28.2548820411704],[82.27248962902485,28.255090918141313],[82.27305120845814,28.255647585543677],[82.27313755197737,28.255779937948173],[82.27348230264583,28.25610616120872],[82.27352594332534,28.256182558742623],[82.2738276790436,28.25637374281004],[82.2740217489034,28.256563737787165],[82.27449623643274,28.256812064068903],[82.2750998360493,28.25688765425877],[82.27527190104936,28.256888343173546],[82.27557326288434,28.256887783279268],[82.2756809287094,28.256886783633178],[82.27587462649348,28.256828518017727],[82.27604694233158,28.256693791928804],[82.27656363815255,28.25648135913373],[82.27725277156998,28.256346262896646],[82.27751124339024,28.256325821442434],[82.27759746399468,28.25628662320454],[82.27837244097397,28.256247804962285],[82.27888982177565,28.25630388861501],[82.2798377362843,28.2565499685527],[82.28009620682978,28.256588169223228],[82.28052749275332,28.256586359553307],[82.2808716223903,28.25652897080241],[82.28138862992337,28.25639324764529],[82.28190507527779,28.256104104681093],[82.28207707758168,28.256046088381886],[82.28263679166663,28.255643599655233],[82.28310978334456,28.25539321814915]]]}},{"type":"Feature","properties":{"province":"Lumbini Province","district":"Dang","municipality":"Tulsipur Sub-Metropolitan City","ward":"8","wardNumber":8,"sourceMunicipality":"Tulsipur","sourceType":"Upamahanagarpalika"},"geometry":{"type":"Polygon","coordinates":[[[82.26716376285378,28.17109146017295],[82.2672055317836,28.170804438682325],[82.26735409436108,28.170119301721726],[82.26758875173697,28.1693927779247],[82.2677373745873,28.168935519606183],[82.26782347110829,28.168783538515083],[82.26782241099937,28.168476635463502],[82.26792814310922,28.167943104627874],[82.26799036053104,28.167333176307917],[82.2679861857871,28.16595889746589],[82.26813387521665,28.165041379782796],[82.2681977136801,28.16488958554606],[82.26821585554671,28.163896481673902],[82.26817115705269,28.16328755179799],[82.26812757981233,28.16321127918396],[82.2680619338631,28.16282822870901],[82.26801779661116,28.1624856283163],[82.26795084124598,28.16172121537104],[82.26740790394507,28.160270722301142],[82.26729868071355,28.159813650511722],[82.26725497958337,28.15950712263709],[82.26727642620871,28.15943247558559],[82.26712387471034,28.158858493376755],[82.26699008858992,28.157562048755324],[82.26659864388127,28.156263601941546],[82.26642358778535,28.155346768886652],[82.26642252802752,28.155042117309435],[82.26635738084079,28.15481254934377],[82.26629011517916,28.15389696668479],[82.26620196354445,28.15328622475449],[82.26615844842178,28.153209951468213],[82.2661350720351,28.15252181229557],[82.26602522543108,28.151836797553667],[82.26600296876815,28.151683565234137],[82.26632546434155,28.15166474950074],[82.2666481477023,28.151607609861134],[82.26722867736703,28.1516090525606],[82.26748695999242,28.15164725361704],[82.26948726929749,28.15161063425936],[82.26987472680163,28.15164771050327],[82.27064951346925,28.151821018260982],[82.27103771991378,28.15197312882786],[82.27148976249465,28.15208854132883],[82.27187753017239,28.152260969785225],[82.27220008700105,28.15229854583533],[82.27323409510001,28.152586826679446],[82.27336289312542,28.15266234927435],[82.27355715205435,28.152719242816048],[82.27407421738819,28.153005518502873],[82.27446223586593,28.153139561449528],[82.27472045602015,28.153177761793422],[82.27510703826513,28.15314031655584],[82.27607465270964,28.15287412158423],[82.27654683123812,28.15264624545677],[82.27680449217765,28.1524181808076],[82.2769971297679,28.152132035529498],[82.27712411896084,28.151675027405815],[82.2771658258098,28.151272909653372],[82.27755116222018,28.150759324735105],[82.27763638406293,28.150530633318372],[82.27785059285429,28.15018784708766],[82.27808506094992,28.149671134933687],[82.27823511862417,28.149444069283227],[82.27849115744233,28.14887071573806],[82.27853292677605,28.14852736499226],[82.27861802332076,28.148298610731125],[82.2787680827926,28.14801290284846],[82.27880991287674,28.14784091574298],[82.27893902483366,28.147670491309942],[82.27900255006655,28.14749844148175],[82.27919524941275,28.147268688296297],[82.279537945093,28.14675547792689],[82.27973064391936,28.146582178523207],[82.27988051457044,28.14639349906154],[82.28050287686851,28.145897983742934],[82.28067394309109,28.145668417369578],[82.280694765873,28.14544028828078],[82.28058560360192,28.14503967040353],[82.2806279979448,28.144752648415526],[82.28051889801243,28.14440842184931],[82.27948077638678,28.142863271870034],[82.279459082208,28.142748362939816],[82.2795441786779,28.142519671804095],[82.27980152744146,28.142271288566896],[82.28025250975526,28.14208204873409],[82.2811552870641,28.141834358481002],[82.28231659689479,28.14170164090257],[82.28296152523906,28.141664010106215],[82.28367122747483,28.141664079123963],[82.28399347306893,28.141627258249436],[82.28489631177811,28.14143820974101],[82.28528320706755,28.14132399184923],[82.2854766545819,28.141322180164483],[82.2857993377671,28.14126729192687],[82.28618635773509,28.141265919385557],[82.28670279957113,28.141342196331763],[82.287477025452,28.1413620829183],[82.28779989641055,28.141325200344944],[82.28818635393303,28.141229049847077],[82.28876707127041,28.141191981176657],[82.28882503006072,28.14119817097577],[82.28908956594115,28.14122955735551],[82.28954029557042,28.14134490764871],[82.2897980788201,28.14134472143028],[82.28999071340488,28.141327156019607],[82.29024793654968,28.1411734880542],[82.29037648516153,28.141059455473407],[82.29050484763248,28.140882217063062],[82.29035360563307,28.140696347989003],[82.29013758978807,28.140411825659065],[82.28996484168765,28.14006816077951],[82.28966342037187,28.139723494574707],[82.28966342108819,28.139667040629092],[82.28946903888726,28.13938001703128],[82.28912441340269,28.139037976367533],[82.28910240670353,28.13890281194242],[82.28899474308949,28.138788714834227],[82.28892990767307,28.138635856595855],[82.28882536976674,28.138515008312535],[82.28871432983232,28.13838740705742],[82.28871364389663,28.138274624183857],[82.28862680114555,28.137986601322908],[82.28862524157904,28.137643562829656],[82.2885600959672,28.13735760396762],[82.28853590611777,28.13661319723864],[82.28842724391927,28.136309482564126],[82.28803841627378,28.135888918613052],[82.28706768801975,28.13502915822634],[82.28685104723314,28.134742384047726],[82.28670030444675,28.134646792531456],[82.28654912543544,28.13445636058462],[82.28633323375834,28.13428462121136],[82.28609558571125,28.13399803483787],[82.28540620733398,28.13361641718535],[82.28529516806977,28.13343011204051],[82.28528216314815,28.13340766778501],[82.28506845989587,28.133260685181884],[82.28428705143163,28.132471446927592],[82.28200946500664,28.13120649438452],[82.28154260675912,28.130858826734816],[82.28084103744195,28.13041406488211],[82.2806507803657,28.130257830187585],[82.28014015535166,28.129966990407073],[82.27969455519234,28.12963945323478],[82.27905669553988,28.129250458576468],[82.2787366404461,28.12909553587808],[82.27743972766686,28.128299729517767],[82.2771843837628,28.128182505364517],[82.27694967228553,28.128085412556803],[82.27525593036148,28.126616279672383],[82.27429933011341,28.126015907961964],[82.27378801626844,28.125781459950403],[82.27219149312684,28.124889122667494],[82.27161603040105,28.12465298641299],[82.2711031533411,28.124495247990115],[82.2693763297319,28.123714755152335],[82.26809873562557,28.123035982710373],[82.26701421253554,28.122375780101525],[82.26667358733758,28.12220066352499],[82.2665034000155,28.1221232644427],[82.26542762242251,28.12220765519441],[82.26518947054761,28.122302368639197],[82.26501703033671,28.12235813358257],[82.26434878013528,28.122465847230455],[82.26396063442617,28.12257775169391],[82.26363776384241,28.122612322337424],[82.26305423198657,28.122777865483922],[82.26234340292463,28.122886016817464],[82.26092518606593,28.122912575062454],[82.26060394177273,28.12287049798248],[82.2604982156143,28.12275408825751],[82.26011376107951,28.122635800532073],[82.25985991836303,28.12242373612315],[82.25832929529902,28.121490011771375],[82.25794846963137,28.121141468724197],[82.2573103598182,28.120770417285712],[82.25705457852233,28.120671261124045],[82.25679910954817,28.120533655643072],[82.25675703151747,28.120475387824104],[82.25658640670149,28.120415994448074],[82.25503583855252,28.119401184038047],[82.2544011705572,28.118838325360006],[82.2538926716649,28.11844801988773],[82.2536397053836,28.11819538096335],[82.25128653447595,28.11640477314416],[82.2507786621069,28.11595807529248],[82.25067374970338,28.115803279206276],[82.25025159656109,28.115396468566512],[82.2501032295769,28.115278182779715],[82.25010016444936,28.11545198355506],[82.25007171131391,28.115853976838817],[82.2499264602912,28.1167714948505],[82.24994196221486,28.117116595827767],[82.24986592692083,28.11780560986689],[82.24979733692547,28.118034176494913],[82.24974049486671,28.118838036974154],[82.24969535106356,28.118953508201656],[82.24973304956231,28.11924203074581],[82.24985784385845,28.119473412532972],[82.24974235896238,28.119930296028773],[82.24979305670834,28.120735469869473],[82.25061953342268,28.122585145218633],[82.25085011567286,28.122932811313586],[82.25091132409081,28.12310605019736],[82.25094908471993,28.123394572289975],[82.25127676026727,28.124319034212405],[82.2516093147444,28.124954661107004],[82.25183188958215,28.125762712491746],[82.25201858044892,28.126108628113034],[82.25237470796053,28.126631160233018],[82.25258059167675,28.1271505635938],[82.25275864872647,28.128015506514057],[82.25279515913891,28.12841687483447],[82.2528551657577,28.129908000876963],[82.25287510971148,28.129984523963497],[82.25293387823865,28.130329250121935],[82.25313851097823,28.13090510824169],[82.25319602805557,28.131306226640827],[82.25331781902447,28.13170909644943],[82.25362505002079,28.132570601936354],[82.25383099641792,28.133090005268617],[82.25381880217434,28.133300005176324],[82.25380054334651,28.133428792144404],[82.2537894138595,28.133512379312656],[82.25391964704826,28.1338158441649],[82.25398535526892,28.134160446084113],[82.25392419656559,28.135190122840918],[82.25394663932154,28.135476520330617],[82.25403335615921,28.135820996930384],[82.25403416498685,28.13610533021254],[82.25397132604085,28.136448930676387],[82.25401540135654,28.13679378250117],[82.25401695874821,28.137308308096134],[82.25408285411282,28.13776581812556],[82.25425685037256,28.138280971149026],[82.25430092580537,28.13862357186686],[82.25447504615882,28.139310275044373],[82.25443390148853,28.139768784021513],[82.25443701747146,28.14074138245205],[82.25452448298368,28.141200955522798],[82.25457092524528,28.14234466643219],[82.25442304854123,28.143203542237732],[82.25442460823616,28.143605223085217],[82.25451126295741,28.14383235301035],[82.25498718135415,28.14469229685731],[82.25513892114847,28.145092602771808],[82.25516105311964,28.145189444707295],[82.25529060006133,28.145380064254116],[82.25554987959039,28.145781684280237],[82.25578896210114,28.14646770012415],[82.25589812250543,28.146983477127947],[82.25589961838831,28.147441549088818],[82.25594300777347,28.14755627105196],[82.25596545053672,28.147842667097052],[82.25620384506018,28.148528745717964],[82.25620465521285,28.148758938645233],[82.25631381505903,28.14933110724912],[82.25637946333792,28.149502032876867],[82.25646705305421,28.150017998201992],[82.25666280604631,28.150760905239803],[82.25666367713899,28.15110619425778],[82.25683854659667,28.151907930704077],[82.2568826843466,28.15230698543021],[82.25705680480463,28.152937234714553],[82.25710088123479,28.15322344422491],[82.25712494447784,28.154026617603513],[82.25697557197854,28.15442742153506],[82.25686952686625,28.154884242764247],[82.2568276951678,28.15522759257427],[82.25680911717374,28.1560875949146],[82.25676641084249,28.156354235820128],[82.2567886048025,28.156563922550834],[82.2569857932958,28.157537022380694],[82.25700910817861,28.158110003423197],[82.25705249727133,28.158281116044666],[82.25703161139175,28.15856788788298],[82.25709738285683,28.158853847716188],[82.2570981313838,28.159081789526084],[82.25720648219482,28.159254528315945],[82.25733658964982,28.159655021828197],[82.25738222308215,28.16045800840653],[82.25749069639505,28.160858688948018],[82.25749144449604,28.16108663161981],[82.25760048245102,28.161372215897128],[82.2578814584575,28.161773586183728],[82.25792484776942,28.161888245276433],[82.25818412818674,28.162231160394693],[82.25844253520862,28.162443162205683],[82.25865867569533,28.16268942405678],[82.25941569676226,28.163835579158956],[82.2596100168085,28.164063960006228],[82.25986861051793,28.16429403000567],[82.2601712817853,28.164695212788516],[82.26025793740477,28.164865888810898],[82.26049558551142,28.165152600105042],[82.26062638026868,28.165611735184285],[82.26075573782018,28.165840741705708],[82.26112337163802,28.16624129980106],[82.26136101874778,28.166584339332918],[82.26168438660005,28.166852171093776],[82.2617280277476,28.166928506005092],[82.26190071327842,28.167272171454115],[82.26190139941832,28.167387267316045],[82.26198817966814,28.16767297692653],[82.26227071432109,28.168473839606797],[82.26231485219114,28.168818691170333],[82.26233891499544,28.16956315996822],[82.26240393775312,28.169734085850102],[82.26246983184642,28.17025023723782],[82.26260056517945,28.170592026272235],[82.26262213387808,28.170745321318275],[82.26296657480448,28.170746637165053],[82.26382752195927,28.17070932118525],[82.26451621614159,28.170745837384803],[82.26468790448698,28.170784912780153],[82.26542011575727,28.170784856602292],[82.26604484607346,28.171013803865087],[82.26647506848089,28.171111273355177],[82.26673378965539,28.171129280748332],[82.26699176158563,28.171090771585785],[82.26716376285378,28.17109146017295]]]}},{"type":"Feature","properties":{"province":"Lumbini Province","district":"Dang","municipality":"Tulsipur Sub-Metropolitan City","ward":"5","wardNumber":5,"sourceMunicipality":"Tulsipur","sourceType":"Upamahanagarpalika"},"geometry":{"type":"Polygon","coordinates":[[[82.30676455393586,28.13941910474841],[82.30654885189216,28.139114263231917],[82.30641943015678,28.138885319821668],[82.30631201839907,28.138581729802734],[82.30633334016957,28.138504770532546],[82.30626676233729,28.137476405332464],[82.30592313360317,28.13753154332623],[82.3053430404081,28.137722157143337],[82.3050205438776,28.13789220515169],[82.30450491236093,28.138043808112783],[82.30347389740282,28.138520752086087],[82.30276463038997,28.138766693461246],[82.3019271255538,28.13929821842512],[82.30057411483565,28.139888755689928],[82.29980125868643,28.140401587521957],[82.2990278400854,28.14081964125959],[82.29851208380687,28.14100963101067],[82.29825429971702,28.14100981650808],[82.29806091589309,28.14091234878771],[82.29795275213793,28.140759928076736],[82.29784428009532,28.14026446918135],[82.29784409473058,28.140036527690974],[82.2977571290589,28.139579267039665],[82.29775631994309,28.139197904878962],[82.2977990892961,28.138892878692943],[82.29777720665432,28.138816356081634],[82.29756200381743,28.138549838743913],[82.29743258383017,28.138320895579174],[82.29738888399731,28.137863197700966],[82.29715148996699,28.137177182105415],[82.2969571077778,28.136890158636106],[82.29676366220747,28.136738550438555],[82.2965055671909,28.13660332069938],[82.29633350381565,28.13658462662959],[82.29618269643338,28.13664245462644],[82.29609741296258,28.136794498862308],[82.29592522194316,28.13698342765981],[82.29566781263132,28.137116714629634],[82.29538870683702,28.1371938605331],[82.29500131298745,28.13721104991838],[82.29455014333631,28.137325892581686],[82.2942922950321,28.13747730950172],[82.29412098011714,28.137630103295088],[82.29412135292301,28.137819658776753],[82.29418575097448,28.137934130204915],[82.2943368052909,28.13816288667277],[82.29453068821186,28.13835513203662],[82.294638038945,28.138545938756348],[82.29461727819462,28.138830460067666],[82.2944889155312,28.1390595887931],[82.29444639765018,28.13923151366259],[82.29433935678009,28.139327290605014],[82.29410345544817,28.139345294569065],[82.29326558342517,28.13905764020203],[82.29300798764892,28.13901944008276],[82.29262196746974,28.13915397653437],[82.2922368219168,28.13930651820871],[82.29191513781578,28.139496884054218],[82.29148809923332,28.13991612874521],[82.2912741419669,28.14018220448141],[82.29080352475569,28.14058381930455],[82.29061120117342,28.140734549578408],[82.29050484763248,28.140882217063062],[82.29087035466785,28.141327850804167],[82.29095701061476,28.14144213431817],[82.29183970672598,28.142223621373077],[82.29207635471165,28.14253058866378],[82.29250769790437,28.142986850691596],[82.29283062843385,28.143274875265853],[82.29369237627492,28.14438158261958],[82.29395103306808,28.144609276196917],[82.2944687809824,28.145373942243456],[82.29461977246993,28.14554399363734],[82.29483528620231,28.145945925796045],[82.29496551909578,28.1462899654879],[82.29515952724579,28.146497965272854],[82.29539673712833,28.146843256473115],[82.29557023473774,28.147299704209246],[82.29567895754953,28.14781548161658],[82.29570152475267,28.148101815546223],[82.2957665473702,28.148272741752805],[82.29654270335053,28.14918832925444],[82.29686656901646,28.14970429544248],[82.29714635731754,28.150046960761223],[82.29777070896023,28.15062100974155],[82.29805118507298,28.151022255113183],[82.29826801124372,28.15147832758707],[82.29854854795596,28.15193827779405],[82.29921647627208,28.152796222463458],[82.2997766173103,28.153368519857242],[82.29985795875953,28.15346711237292],[82.30009842613224,28.153234670833875],[82.30024773468261,28.153005292476923],[82.3006748361643,28.15252959374309],[82.30121003928386,28.152206314856368],[82.30155335486967,28.152166930916216],[82.30185278170833,28.151920423892626],[82.30206630200459,28.151634028592245],[82.30225781663141,28.151099623465857],[82.30251354064532,28.150718076181473],[82.30274794498648,28.1502600062059],[82.30315403883682,28.14978449473216],[82.30347509838784,28.14959412873647],[82.30356075567643,28.14957524852554],[82.3038600579645,28.149270036304884],[82.30450298927579,28.148850919110448],[82.30501874658583,28.148602287515992],[82.30527628303317,28.14837415998921],[82.30555501471706,28.148051066866927],[82.3056404251071,28.1477455403155],[82.30553263691365,28.147518723486257],[82.3055104444499,28.147212007648843],[82.30542391379277,28.147059400264013],[82.30555240202528,28.146735493342888],[82.30563787642616,28.146278797271513],[82.30563737931543,28.145974145495533],[82.3057444227396,28.145668494219713],[82.30576549461853,28.14551707517253],[82.30572135711505,28.14507975841775],[82.30597827110573,28.144488274151364],[82.30600003074703,28.14433691767444],[82.30619266818363,28.14405071005946],[82.30627795386049,28.143745246239703],[82.306599328702,28.143211904993574],[82.3067280052271,28.1429082535435],[82.30677039746885,28.142679937210403],[82.30672750757276,28.142603601533967],[82.3067915963439,28.142431489108723],[82.30679128418898,28.14235477908069],[82.30674858126704,28.14229876266521],[82.30683374097036,28.141972979833945],[82.30685518950354,28.141744850817556],[82.30698348907332,28.1415157217138],[82.30715499558681,28.141060464787515],[82.30713267632302,28.140907231888356],[82.30700356829996,28.140601578529314],[82.30711029969389,28.140221468454108],[82.3070670979997,28.140068422830215],[82.30691604311725,28.13983966690126],[82.30685083438546,28.139610036050797],[82.30676455393586,28.13941910474841]]]}},{"type":"Feature","properties":{"province":"Lumbini Province","district":"Dang","municipality":"Tulsipur Sub-Metropolitan City","ward":"6","wardNumber":6,"sourceMunicipality":"Tulsipur","sourceType":"Upamahanagarpalika"},"geometry":{"type":"Polygon","coordinates":[[[82.30613474667844,28.115694070528523],[82.30609885809714,28.115726079848258],[82.30579449213432,28.115970398895705],[82.30559822955529,28.116159578275866],[82.30555277392538,28.116293116675084],[82.30513586204204,28.116861280317448],[82.3047789712614,28.117659012230714],[82.30475552386349,28.11777210704666],[82.30481742021071,28.11794528345055],[82.30507057497728,28.11819786011043],[82.30509101945545,28.118254064184853],[82.30502192815364,28.118539085056128],[82.30476157883349,28.118690502072095],[82.30452524125846,28.118724322427614],[82.30446015385526,28.118763333812307],[82.30407300896799,28.118796340155512],[82.30374957473164,28.118887426460162],[82.30348897529387,28.119074979734677],[82.30337993402568,28.119206892838225],[82.30310039146086,28.119243401548232],[82.30294808354283,28.11933511478836],[82.30275188399438,28.119524293146],[82.30240537712193,28.119710345107546],[82.30223156171361,28.11986095083361],[82.30212183114241,28.119995176650264],[82.30164296096763,28.120390101413115],[82.30153323192286,28.120522014329573],[82.30126987922277,28.120901373230833],[82.30091473965288,28.121584008696892],[82.30073929739419,28.121811385993286],[82.3006083093557,28.121923168285697],[82.29999025611947,28.122967094537238],[82.29981481360241,28.1231944722786],[82.299639934267,28.123363082886254],[82.29933631914206,28.12356907850995],[82.29916012534326,28.123834780154592],[82.29887607910233,28.1241376170104],[82.29869944751162,28.124421386601576],[82.29848230228671,28.12457236696228],[82.29815843080391,28.124681521467586],[82.29770782540436,28.124676766240043],[82.29674427943584,28.124568539469358],[82.29635957444584,28.124486386941243],[82.29584438222939,28.124461938416246],[82.29552357596778,28.124399541855894],[82.29513605473574,28.12450925881444],[82.29487827169223,28.124507193597985],[82.29442885448783,28.12444373359467],[82.29372428074028,28.124224725981843],[82.29315113361075,28.12387136774303],[82.29232545748182,28.123211167704348],[82.29198864783395,28.122826176678245],[82.29171342268344,28.122591856092694],[82.29118297849814,28.122242561401354],[82.29076145111236,28.121797427644577],[82.28991501768897,28.12105845321761],[82.28951743808761,28.12047996764358],[82.28941233756596,28.120365871501512],[82.28932761881173,28.120305665572545],[82.28915768170245,28.120190004796036],[82.2889421004959,28.120264275329095],[82.2888254312822,28.12029697149042],[82.2884239681165,28.12041125159753],[82.288359882629,28.120371301571854],[82.28827660313387,28.120218630914394],[82.28820058020048,28.11966415522321],[82.28856622953508,28.11836759016319],[82.28857148478171,28.11806300050786],[82.28853084673973,28.117907642182722],[82.28824030667215,28.117294335278103],[82.28809437964217,28.11706326566362],[82.28779720813314,28.116851639033033],[82.2873290363332,28.116598810511526],[82.28715997562377,28.11640631519254],[82.28711871052757,28.11630966189882],[82.2871240284293,28.116004947666077],[82.287084015061,28.11585190192379],[82.2868751289818,28.11546572456779],[82.28660228085938,28.11510042746272],[82.28634918871965,28.114850039249664],[82.28615980841947,28.114601339587775],[82.28514329996855,28.115012577516353],[82.2848196157486,28.115085533766237],[82.28468906643664,28.115179309773353],[82.28423420650307,28.115404747634187],[82.283715261678,28.115590110899543],[82.28286844009823,28.116137388936046],[82.28254175371877,28.11638195845069],[82.2820868934898,28.11660733378152],[82.28156838599014,28.116774691381192],[82.28124288830041,28.116962743606006],[82.2810492531583,28.1170006908731],[82.28059414308085,28.117205809653647],[82.28014134825214,28.117336407178545],[82.2798160380393,28.117486135989072],[82.27923037796147,28.117843611360616],[82.27786817730244,28.11834606019989],[82.27780309013666,28.118385008079766],[82.27696071030532,28.11866364561618],[82.27670029989748,28.118815063224645],[82.27611582947354,28.119057442193867],[82.27552954416568,28.1194149175221],[82.27527032202742,28.119507629695047],[82.2746852876828,28.119808713629254],[82.27423055413573,28.1199957024174],[82.27403529251623,28.120108108915357],[82.27412057368493,28.120166001576287],[82.27413651386465,28.12049078452768],[82.27423673481888,28.120893841019992],[82.27438328680404,28.121124909805665],[82.27459455057408,28.12133728656197],[82.27467826809219,28.12147195156705],[82.27512255437588,28.121858194015235],[82.27571827404684,28.12218667068066],[82.27622814736444,28.122518146297207],[82.2764387862151,28.1227869772149],[82.27669187830162,28.123037365293424],[82.27725726761615,28.123921192470128],[82.27774906187247,28.12530222614485],[82.27787516955826,28.125474840903966],[82.27799896246982,28.12576248867511],[82.2782091631713,28.126051637443837],[82.27858880049175,28.1264565727288],[82.2787544831594,28.126802612610323],[82.27913118099907,28.12737903470815],[82.27912874085004,28.127550522864308],[82.27895386111157,28.12772144697376],[82.27878035836545,28.127795279846826],[82.27834888370182,28.12790537089899],[82.27815499832354,28.12792293654835],[82.27809053652075,28.127961948142108],[82.27746580267286,28.1280332134179],[82.2771843837628,28.128182505364517],[82.27743972766686,28.128299729517767],[82.2787366404461,28.12909553587808],[82.27905669553988,28.129250458576468],[82.27969455519234,28.12963945323478],[82.28014015535166,28.129966990407073],[82.2806507803657,28.130257830187585],[82.28084103744195,28.13041406488211],[82.28154260675912,28.130858826734816],[82.28200946500664,28.13120649438452],[82.28428705143163,28.132471446927592],[82.28506845989587,28.133260685181884],[82.28528216314815,28.13340766778501],[82.28529516806977,28.13343011204051],[82.28540620733398,28.13361641718535],[82.28609558571125,28.13399803483787],[82.28633323375834,28.13428462121136],[82.28654912543544,28.13445636058462],[82.28670030444675,28.134646792531456],[82.28685104723314,28.134742384047726],[82.28706768801975,28.13502915822634],[82.28803841627378,28.135888918613052],[82.28842724391927,28.136309482564126],[82.28853590611777,28.13661319723864],[82.2885600959672,28.13735760396762],[82.28862524157904,28.137643562829656],[82.28862680114555,28.137986601322908],[82.28871364389663,28.138274624183857],[82.28871432983232,28.13838740705742],[82.28882536976674,28.138515008312535],[82.28892990767307,28.138635856595855],[82.28899474308949,28.138788714834227],[82.28910240670353,28.13890281194242],[82.28912441340269,28.139037976367533],[82.28946903888726,28.13938001703128],[82.28966342108819,28.139667040629092],[82.28966342037187,28.139723494574707],[82.28996484168765,28.14006816077951],[82.29013758978807,28.140411825659065],[82.29035360563307,28.140696347989003],[82.29050484763248,28.140882217063062],[82.29061120117342,28.140734549578408],[82.29080352475569,28.14058381930455],[82.2912741419669,28.14018220448141],[82.29148809923332,28.13991612874521],[82.29191513781578,28.139496884054218],[82.2922368219168,28.13930651820871],[82.29262196746974,28.13915397653437],[82.29300798764892,28.13901944008276],[82.29326558342517,28.13905764020203],[82.29410345544817,28.139345294569065],[82.29433935678009,28.139327290605014],[82.29444639765018,28.13923151366259],[82.2944889155312,28.1390595887931],[82.29461727819462,28.138830460067666],[82.294638038945,28.138545938756348],[82.29453068821186,28.13835513203662],[82.2943368052909,28.13816288667277],[82.29418575097448,28.137934130204915],[82.29412135292301,28.137819658776753],[82.29412098011714,28.137630103295088],[82.2942922950321,28.13747730950172],[82.29455014333631,28.137325892581686],[82.29500131298745,28.13721104991838],[82.29538870683702,28.1371938605331],[82.29566781263132,28.137116714629634],[82.29592522194316,28.13698342765981],[82.29609741296258,28.136794498862308],[82.29618269643338,28.13664245462644],[82.29633350381565,28.13658462662959],[82.2965055671909,28.13660332069938],[82.29676366220747,28.136738550438555],[82.2969571077778,28.136890158636106],[82.29715148996699,28.137177182105415],[82.29738888399731,28.137863197700966],[82.29743258383017,28.138320895579174],[82.29756200381743,28.138549838743913],[82.29777720665432,28.138816356081634],[82.2977990892961,28.138892878692943],[82.29775631994309,28.139197904878962],[82.2977571290589,28.139579267039665],[82.29784409473058,28.140036527690974],[82.29784428009532,28.14026446918135],[82.29795275213793,28.140759928076736],[82.29806091589309,28.14091234878771],[82.29825429971702,28.14100981650808],[82.29851208380687,28.14100963101067],[82.2990278400854,28.14081964125959],[82.29980125868643,28.140401587521957],[82.30057411483565,28.139888755689928],[82.3019271255538,28.13929821842512],[82.30276463038997,28.138766693461246],[82.30347389740282,28.138520752086087],[82.30450491236093,28.138043808112783],[82.3050205438776,28.13789220515169],[82.3053430404081,28.137722157143337],[82.30592313360317,28.13753154332623],[82.30626676233729,28.137476405332464],[82.30633334016957,28.138504770532546],[82.30631201839907,28.138581729802734],[82.30641943015678,28.138885319821668],[82.30654885189216,28.139114263231917],[82.30676455393586,28.13941910474841],[82.30708754790076,28.13961003818823],[82.30792672964577,28.14020234364449],[82.3084431084024,28.140375711132798],[82.3085938506953,28.14047130294405],[82.30876610080708,28.140661548313293],[82.30893897299087,28.141061479243906],[82.30911128602307,28.1412539119268],[82.3094343429231,28.141386203263817],[82.30975665002732,28.141405711470252],[82.31001443422454,28.14131074838251],[82.31040064341461,28.141083621953722],[82.3107871030899,28.14077978666962],[82.31104526192408,28.140759282336038],[82.31123858389306,28.140798044939785],[82.31151875045364,28.14091270595674],[82.31158314807887,28.14097072360049],[82.31190570521923,28.141066941515433],[82.31207758212534,28.141065317789057],[82.31235656337448,28.140875326954284],[82.31259259213442,28.140552608738904],[82.31315024465465,28.13982965136817],[82.31336507675425,28.13959964811096],[82.31366531646485,28.13937339567359],[82.31375110000032,28.139257487850966],[82.31375078726656,28.139183028672015],[82.31377061691867,28.138304958047183],[82.31379200202697,28.138020437201526],[82.31368321742777,28.13750472271987],[82.31355367132342,28.137219325193133],[82.3135317909416,28.136989382090288],[82.31335966727528,28.136704422294812],[82.31327288720075,28.136475104718247],[82.3132726387335,28.136303616613247],[82.31314321769692,28.13607467373064],[82.3129485250019,28.135559770855732],[82.31284048936536,28.135102698134016],[82.31266755373956,28.134702641814965],[82.31262472696909,28.134529278045886],[82.3126238539337,28.1343013982791],[82.31273108254355,28.134167234668542],[82.31311785394577,28.133996500209463],[82.31337563800938,28.13399856520388],[82.31363404560079,28.134054771238407],[82.3138915793883,28.134036455609614],[82.31453700713399,28.134093478049024],[82.31479472753901,28.134190321045782],[82.31524633416566,28.134172381593956],[82.31576196471032,28.13407716979955],[82.31608489726257,28.134096678283303],[82.31705175891759,28.13400159549211],[82.31737413014217,28.133926263790414],[82.31801862169877,28.13385243417865],[82.31883555349867,28.133623373232766],[82.31913572977564,28.133453513616892],[82.31915773779659,28.133430694340852],[82.31939345324967,28.13318237310794],[82.32060453498624,28.132663043452595],[82.32092815749098,28.132533570055067],[82.32082218112356,28.132455609109666],[82.32056777542992,28.1322617374699],[82.32018857536055,28.131856927725725],[82.31971009386477,28.13093402870267],[82.31943787188355,28.130530470035694],[82.31927375263069,28.130069458961515],[82.31914833330016,28.12985852090584],[82.31861876495769,28.129432578973415],[82.31830258714375,28.129083599244236],[82.31824006563723,28.12896912709494],[82.31785355872373,28.127704628287805],[82.31779460341833,28.127359901247768],[82.31784681592579,28.126788483992534],[82.3178930842585,28.126616496042317],[82.31784007197383,28.125928730911177],[82.31767657835105,28.125411265804285],[82.31759304880576,28.1252947307178],[82.31746862985455,28.125007082498392],[82.31745118876849,28.124779328491027],[82.31728394071457,28.124528190584062],[82.31707217601166,28.124333881781983],[82.31663107992628,28.123755958394813],[82.31657156097326,28.123469874411573],[82.31615134758525,28.122930087877176],[82.31598603961385,28.12252771811884],[82.31575489380995,28.122256886360532],[82.3155662008296,28.1219676129563],[82.31543940449176,28.121853766070195],[82.31526959227317,28.121756110458858],[82.31373239889358,28.121258577390442],[82.3133052415615,28.12114078910043],[82.31270520518969,28.121094645768896],[82.31236314052249,28.12101443245384],[82.3114262329905,28.12058336066009],[82.31116970061777,28.120522653453367],[82.31073966553389,28.12053577874945],[82.31050514147931,28.120456753481264],[82.3099329944515,28.120031249554955],[82.30974292563899,28.119836690774957],[82.30934015391568,28.119526909161486],[82.30898202392295,28.11912184973299],[82.30845752338185,28.118427328839168],[82.30814503743521,28.117852595601466],[82.30755682491477,28.117099995127194],[82.30728547821413,28.116657987679535],[82.30667344383589,28.116038739076338],[82.30641953916232,28.11582679915356],[82.30613474667844,28.115694070528523]]]}},{"type":"Feature","properties":{"province":"Lumbini Province","district":"Dang","municipality":"Tulsipur Sub-Metropolitan City","ward":"9","wardNumber":9,"sourceMunicipality":"Tulsipur","sourceType":"Upamahanagarpalika"},"geometry":{"type":"Polygon","coordinates":[[[82.29985795875953,28.15346711237292],[82.2997766173103,28.153368519857242],[82.29921647627208,28.152796222463458],[82.29854854795596,28.15193827779405],[82.29826801124372,28.15147832758707],[82.29805118507298,28.151022255113183],[82.29777070896023,28.15062100974155],[82.29714635731754,28.150046960761223],[82.29686656901646,28.14970429544248],[82.29654270335053,28.14918832925444],[82.2957665473702,28.148272741752805],[82.29570152475267,28.148101815546223],[82.29567895754953,28.14781548161658],[82.29557023473774,28.147299704209246],[82.29539673712833,28.146843256473115],[82.29515952724579,28.146497965272854],[82.29496551909578,28.1462899654879],[82.29483528620231,28.145945925796045],[82.29461977246993,28.14554399363734],[82.2944687809824,28.145373942243456],[82.29395103306808,28.144609276196917],[82.29369237627492,28.14438158261958],[82.29283062843385,28.143274875265853],[82.29250769790437,28.142986850691596],[82.29207635471165,28.14253058866378],[82.29183970672598,28.142223621373077],[82.29095701061476,28.14144213431817],[82.29087035466785,28.141327850804167],[82.29050484763248,28.140882217063062],[82.29037648516153,28.141059455473407],[82.29024793654968,28.1411734880542],[82.28999071340488,28.141327156019607],[82.2897980788201,28.14134472143028],[82.28954029557042,28.14134490764871],[82.28908956594115,28.14122955735551],[82.28882503006072,28.14119817097577],[82.28876707127041,28.141191981176657],[82.28818635393303,28.141229049847077],[82.28779989641055,28.141325200344944],[82.287477025452,28.1413620829183],[82.28670279957113,28.141342196331763],[82.28618635773509,28.141265919385557],[82.2857993377671,28.14126729192687],[82.2854766545819,28.141322180164483],[82.28528320706755,28.14132399184923],[82.28489631177811,28.14143820974101],[82.28399347306893,28.141627258249436],[82.28367122747483,28.141664079123963],[82.28296152523906,28.141664010106215],[82.28231659689479,28.14170164090257],[82.2811552870641,28.141834358481002],[82.28025250975526,28.14208204873409],[82.27980152744146,28.142271288566896],[82.2795441786779,28.142519671804095],[82.279459082208,28.142748362939816],[82.27948077638678,28.142863271870034],[82.28051889801243,28.14440842184931],[82.2806279979448,28.144752648415526],[82.28058560360192,28.14503967040353],[82.280694765873,28.14544028828078],[82.28067394309109,28.145668417369578],[82.28050287686851,28.145897983742934],[82.27988051457044,28.14639349906154],[82.27973064391936,28.146582178523207],[82.279537945093,28.14675547792689],[82.27919524941275,28.147268688296297],[82.27900255006655,28.14749844148175],[82.27893902483366,28.147670491309942],[82.27880991287674,28.14784091574298],[82.2787680827926,28.14801290284846],[82.27861802332076,28.148298610731125],[82.27853292677605,28.14852736499226],[82.27849115744233,28.14887071573806],[82.27823511862417,28.149444069283227],[82.27808506094992,28.149671134933687],[82.27785059285429,28.15018784708766],[82.27763638406293,28.150530633318372],[82.27755116222018,28.150759324735105],[82.2771658258098,28.151272909653372],[82.27712411896084,28.151675027405815],[82.2769971297679,28.152132035529498],[82.27680449217765,28.1524181808076],[82.27654683123812,28.15264624545677],[82.27607465270964,28.15287412158423],[82.27510703826513,28.15314031655584],[82.27472045602015,28.153177761793422],[82.27446223586593,28.153139561449528],[82.27407421738819,28.153005518502873],[82.27355715205435,28.152719242816048],[82.27336289312542,28.15266234927435],[82.27323409510001,28.152586826679446],[82.27220008700105,28.15229854583533],[82.27187753017239,28.152260969785225],[82.27148976249465,28.15208854132883],[82.27103771991378,28.15197312882786],[82.27064951346925,28.151821018260982],[82.26987472680163,28.15164771050327],[82.26948726929749,28.15161063425936],[82.26748695999242,28.15164725361704],[82.26722867736703,28.1516090525606],[82.2666481477023,28.151607609861134],[82.26632546434155,28.15166474950074],[82.26600296876815,28.151683565234137],[82.26602522543108,28.151836797553667],[82.2661350720351,28.15252181229557],[82.26615844842178,28.153209951468213],[82.26620196354445,28.15328622475449],[82.26629011517916,28.15389696668479],[82.26635738084079,28.15481254934377],[82.26642252802752,28.155042117309435],[82.26642358778535,28.155346768886652],[82.26659864388127,28.156263601941546],[82.26699008858992,28.157562048755324],[82.26712387471034,28.158858493376755],[82.26727642620871,28.15943247558559],[82.26725497958337,28.15950712263709],[82.26729868071355,28.159813650511722],[82.26740790394507,28.160270722301142],[82.26795084124598,28.16172121537104],[82.26801779661116,28.1624856283163],[82.2680619338631,28.16282822870901],[82.26812757981233,28.16321127918396],[82.26817115705269,28.16328755179799],[82.26821585554671,28.163896481673902],[82.2681977136801,28.16488958554606],[82.26813387521665,28.165041379782796],[82.2679861857871,28.16595889746589],[82.26799036053104,28.167333176307917],[82.26792814310922,28.167943104627874],[82.26782241099937,28.168476635463502],[82.26782347110829,28.168783538515083],[82.2677373745873,28.168935519606183],[82.26758875173697,28.1693927779247],[82.26735409436108,28.170119301721726],[82.2672055317836,28.170804438682325],[82.26716376285378,28.17109146017295],[82.2678520835929,28.170997062917717],[82.2685400912465,28.17092073379004],[82.27008867182883,28.170615281941867],[82.27103409180427,28.170234114904954],[82.27146437849656,28.170119522629047],[82.27266714504047,28.1695870634712],[82.27335509358149,28.1692421551762],[82.27404247813075,28.16895820245813],[82.2744718278424,28.168708195222106],[82.27490186515158,28.168519143478758],[82.27558968723997,28.16832771714169],[82.27610556703513,28.168289022390802],[82.27653535483547,28.168079652742005],[82.27707174714998,28.167623335207477],[82.27836029974601,28.166765031320313],[82.27979909513078,28.165963995391344],[82.28014228800637,28.165753186201325],[82.28050780055169,28.165600831716336],[82.28074370244654,28.165467731913182],[82.28194696968669,28.164935210266595],[82.28280616873602,28.16459317964663],[82.2837517735823,28.164401568011776],[82.28418162364196,28.164250777647226],[82.284267592395,28.164249965234262],[82.28495535235409,28.164002023202066],[82.2859003970216,28.163546334625362],[82.28648030441524,28.16322261885087],[82.28742428747832,28.162631577861948],[82.28759685237449,28.162573562477405],[82.28854133487596,28.162079487800266],[82.28860529684263,28.162002152670194],[82.28877761253426,28.16192606955183],[82.28882481758312,28.161884995227307],[82.289312566961,28.161469689428632],[82.28963393866981,28.16129745391512],[82.29010468035946,28.16095448223767],[82.29098170314897,28.160192515749316],[82.29147395255306,28.15988767972999],[82.29153860157051,28.15981034534152],[82.29185947363364,28.15960197457986],[82.29271642353035,28.15918317071809],[82.29288755093862,28.159068763258432],[82.2933798638246,28.15866689916314],[82.29393557587578,28.158133622617193],[82.29417110475922,28.15786729631602],[82.29494146018914,28.157295884434],[82.29539050681988,28.156894457483684],[82.29639564134408,28.155941685758556],[82.29701681530025,28.155561204263087],[82.29727409960253,28.155466240690238],[82.29787295134025,28.155083695385542],[82.29825841139936,28.154741536072816],[82.29842978933733,28.154645134212775],[82.29945668032744,28.15386360021819],[82.29958485459771,28.15373149967437],[82.29985795875953,28.15346711237292]]]}},{"type":"Feature","properties":{"province":"Lumbini Province","district":"Dang","municipality":"Tulsipur Sub-Metropolitan City","ward":"12","wardNumber":12,"sourceMunicipality":"Tulsipur","sourceType":"Upamahanagarpalika"},"geometry":{"type":"Polygon","coordinates":[[[82.30613474667844,28.115694070528523],[82.30582306924975,28.11555040063891],[82.30552915115392,28.115185353952338],[82.30441543717649,28.113756237867378],[82.30408281992042,28.11314105479329],[82.30385186181272,28.11283183702772],[82.3034499029712,28.112481355603013],[82.30334530237371,28.11234694093632],[82.30300680528373,28.11203653446051],[82.30296510287006,28.111960198898604],[82.30275365001708,28.11178608355407],[82.30245629087213,28.111608466934094],[82.30194804297203,28.111202655942357],[82.30143835681525,28.110889247408156],[82.30105509031526,28.11071231688418],[82.3008652711864,28.11053813974898],[82.30063581491954,28.110134081934568],[82.30023729650698,28.109594045292017],[82.300133947796,28.10936253834078],[82.29912858767922,28.107934610922936],[82.29883404442847,28.10756956387045],[82.29862296778143,28.107375255651906],[82.29820287839364,28.106835343360274],[82.2980162502941,28.106448978444277],[82.29789032977293,28.106294432623123],[82.29722459416168,28.10506412785716],[82.29699726499477,28.10452465565568],[82.29689297811576,28.104372172533296],[82.29689335262529,28.104351853870245],[82.29660850621224,28.103411263183617],[82.29649303408996,28.10264735049651],[82.29635167426198,28.10210944113409],[82.2961883052937,28.101648304269347],[82.29558690600719,28.100417313016937],[82.29539871374702,28.100109908985893],[82.29493642237803,28.09955011606584],[82.2948935311996,28.09953023497859],[82.29441123285919,28.098893918881153],[82.29417914943576,28.09864102982809],[82.2940342235326,28.098333313983396],[82.2937670060598,28.097642983914277],[82.2935656256108,28.096875381459956],[82.29298948814728,28.095416261572037],[82.29284719012368,28.094954937106923],[82.29232932021412,28.09389693531893],[82.29199526391069,28.09335852392062],[82.2916040653399,28.092360227996615],[82.29156448990628,28.092186926675456],[82.29143644695651,28.09175023529751],[82.29136154620036,28.09149590976414],[82.29133041721047,28.090810208053203],[82.29125139196466,28.090427344888607],[82.29125401949139,28.09027386196966],[82.2912766534245,28.090199152986145],[82.29131361346782,28.089302890417173],[82.29133062900313,28.088386559032603],[82.29127586397728,28.087852213982575],[82.29130275205011,28.08754731235916],[82.29135064860259,28.08724222255595],[82.29146506970203,28.08686198756643],[82.29146769757257,28.08670850456328],[82.29171848746988,28.085873449141506],[82.29174437425777,28.085643006480083],[82.29175651067914,28.08495686754872],[82.29184399382997,28.083660737974483],[82.2917092023877,28.08281798884297],[82.29164761849061,28.08266513151674],[82.29126891863956,28.082278265020225],[82.29097512542052,28.08191321761352],[82.29028074888008,28.081197626896028],[82.28994268784761,28.080905163235478],[82.28889193363194,28.079746064539332],[82.28882584753687,28.079647410213326],[82.28857850853804,28.079284176752772],[82.28788538414567,28.078399285808867],[82.28778278661753,28.078170093024838],[82.28774070869737,28.078111763089474],[82.2873195566523,28.077628305095015],[82.28706621472371,28.077398235384237],[82.28683237922353,28.077260505589162],[82.28655796645253,28.077028372516494],[82.28592079538555,28.076621435498893],[82.2852814350618,28.076345286860082],[82.28494193513015,28.076149914460004],[82.28492074011696,28.076132034307903],[82.28432990119413,28.07555085846685],[82.28403610735847,28.075185749336345],[82.28363521171042,28.074799131914954],[82.28315328945231,28.07412661816494],[82.28290420152398,28.073664042895878],[82.28255451733723,28.072821105345476],[82.28238802101271,28.0725134507446],[82.28220051685896,28.072206046900437],[82.28165519559104,28.071493520602665],[82.28107173818142,28.070512790439004],[82.28097014052393,28.070206824276784],[82.28095538972087,28.069825587469406],[82.28085485606175,28.069442911954923],[82.28046353201673,28.06852132614089],[82.28008177954479,28.067067082831485],[82.28007034322007,28.066532363658226],[82.28011886416044,28.066227274627707],[82.28062125592785,28.064554849891092],[82.28086841772351,28.063945485731438],[82.28127958420886,28.062576336577155],[82.28132973243778,28.06219672510638],[82.28133930390572,28.06166181872634],[82.28143471961087,28.061128350343104],[82.28148593061523,28.060672029309746],[82.28147117959034,28.060288541032822],[82.28129918906956,28.05914145301869],[82.28113538329427,28.05868262918512],[82.2810180956358,28.05806994869832],[82.2808355335871,28.057532289005753],[82.28047703906203,28.056152255945552],[82.28029284983334,28.05569136923956],[82.2793616448938,28.054016557584532],[82.27911649709232,28.05340275080707],[82.27891030017062,28.053016510778324],[82.27864520777477,28.052326180313145],[82.27839743295037,28.051863605153457],[82.2780847588245,28.05140165452579],[82.27789594042697,28.051189027650505],[82.27781147198303,28.051149202918243],[82.27749554506751,28.05083848408676],[82.2773919457018,28.050683750556466],[82.27705507278581,28.050373156426016],[82.27678441260403,28.05007331620719],[82.27676121745984,28.05004643373556],[82.27665599109235,28.049968409200638],[82.27606777858304,28.049328466922958],[82.27455091477432,28.04797049316797],[82.27390055542052,28.047234084560454],[82.27362952101954,28.046848469163088],[82.27335485794335,28.046634341529412],[82.27305793625946,28.046476855705443],[82.2727414462944,28.04622484117255],[82.27196429019857,28.04541059577435],[82.27186169162236,28.045179089663346],[82.27171382523832,28.045042798618542],[82.27163129640586,28.044890127453353],[82.27138033144412,28.044581035155364],[82.27100607268267,28.04396391321789],[82.27088090274897,28.04380936691441],[82.27071834723718,28.043345979645665],[82.27064113595719,28.042886343547117],[82.27066539674394,28.04273492464887],[82.27059137496718,28.04212174437627],[82.2702723315915,28.040892567525077],[82.27006557068631,28.0405063280956],[82.26992308436262,28.0401240271993],[82.26940371222051,28.03927346079953],[82.26928141973053,28.038929358662227],[82.2690462708153,28.038886406667633],[82.26816694266871,28.038950981176146],[82.26777992214691,28.039022311053504],[82.26711185941278,28.039206672541127],[82.26665806320956,28.039391410270557],[82.26633544199444,28.03948243412477],[82.26588089510678,28.039705496634184],[82.2656869474925,28.039761448214815],[82.26536245021123,28.0399089265206],[82.26490990514988,28.04003714845559],[82.26465249696263,28.040053088103615],[82.26400731719737,28.040178619525122],[82.26355639900126,28.040230256805863],[82.26303970543195,28.04035678958901],[82.26136608128215,28.040466995815546],[82.26033269337688,28.040740504896128],[82.26001051011553,28.04075475608717],[82.25949325373819,28.040901670848886],[82.25891309946537,28.040990504479776],[82.25865612836748,28.040986063611136],[82.25846261900517,28.04102169700495],[82.25781468726245,28.041300648411806],[82.25716344008269,28.041730957643743],[82.25657784325837,28.042068051522847],[82.2561885089719,28.042272421132978],[82.25569088311936,28.042516238316104],[82.25521482832079,28.04275755553873],[82.25499743335794,28.04292654093821],[82.25434656153082,28.043338656670574],[82.25395703904125,28.04352502085678],[82.25363147783307,28.04374914577701],[82.25345666075084,28.04392000696588],[82.25332267132958,28.044205589880782],[82.25331578968832,28.044548628642524],[82.25337693533167,28.044721867006785],[82.25352211239388,28.044952998683893],[82.25360364006107,28.045184692777305],[82.25368147793714,28.04558793599038],[82.2538426573161,28.04610546436153],[82.25408786689401,28.046739652917317],[82.2541440087687,28.04714314656257],[82.2539833809663,28.047713250457825],[82.2539809407692,28.04782834697709],[82.25384688827071,28.048113929345206],[82.25358309875728,28.048454902466197],[82.25321245665316,28.048794499357776],[82.25299255986873,28.04907858113499],[82.25292659736824,28.049153664474886],[82.25326221788579,28.049520713067356],[82.25332611652573,28.049542656821597],[82.25356289234884,28.04950664854294],[82.25386926066257,28.049165363466244],[82.25402369487834,28.04893829827789],[82.25419857492767,28.048769687621707],[82.25443760294156,28.04860057706423],[82.25463117595422,28.04856488117412],[82.2549719262344,28.04866553817133],[82.25509897296736,28.048761442369575],[82.25537075772091,28.049110984535165],[82.2555774561266,28.049494973761917],[82.25576708751001,28.049669277315736],[82.25600017227781,28.0498070695626],[82.25612615614855,28.049923291620075],[82.25625570206202,28.050071024209622],[82.2562937784077,28.050115787338704],[82.25675657195872,28.050542604318164],[82.25692381909172,28.050755480051485],[82.25774473089122,28.052600716800978],[82.25780731618931,28.052679114926576],[82.25788828078967,28.052908557597444],[82.25795124135688,28.052966638108735],[82.258135305558,28.053427587215285],[82.25834206550034,28.053813827141905],[82.25875220965158,28.054735288847976],[82.25903224031401,28.055734772493402],[82.259107138202,28.056268866705942],[82.2592895757972,28.056806526852316],[82.25948707795031,28.057651026316545],[82.2594701252809,28.058490647461095],[82.25954076899497,28.05925731090806],[82.25953150987857,28.059715507796675],[82.25941802728468,28.06001890794749],[82.25941208461221,28.060325873075303],[82.2596019553557,28.061551797025956],[82.25965096856079,28.06199586543005],[82.25969291772087,28.06237466426477],[82.26008624528387,28.063048053398063],[82.26035971857799,28.06331857260408],[82.2610712255623,28.064169577845206],[82.26184881982996,28.064963504722492],[82.26273251490485,28.065797194864565],[82.26349204203751,28.066399502382087],[82.26521948232953,28.067913586412054],[82.26671859219279,28.069041679556523],[82.26705471344542,28.06939059763259],[82.26694698551184,28.069425419557554],[82.26625478722451,28.069741006555393],[82.26599368730066,28.069928434555788],[82.26569076044545,28.070077975771497],[82.26536745199962,28.07016893751336],[82.26504289153871,28.07031860308623],[82.2643255567491,28.070823995589038],[82.26393265717357,28.071163842475627],[82.26377859730621,28.071370651691556],[82.26356113972648,28.071539636992792],[82.26334593379627,28.071575458851672],[82.26253838638948,28.07122184808556],[82.26236744845832,28.071180522208586],[82.2621771282356,28.071062736099076],[82.26179248536909,28.071021095731606],[82.26157684189835,28.07107498508042],[82.26142503444848,28.071148568076055],[82.26111610247213,28.071602761397664],[82.26078785198938,28.071923977377306],[82.26059409174086,28.07199799772964],[82.26029422936516,28.071975926253888],[82.26008271473225,28.071837946498718],[82.25982999800205,28.07160556379688],[82.25945805374056,28.070911669232864],[82.25907954238282,28.07052474042163],[82.25882501055273,28.070407454015328],[82.2585479710317,28.07032649015124],[82.2580333422633,28.070319922041396],[82.25783983146495,28.07035555541334],[82.25755922604728,28.07046646049316],[82.25745112296569,28.07052160134768],[82.25725423465498,28.070710717244406],[82.25716751528924,28.070747602919855],[82.25703946758266,28.07072847072999],[82.25689097522887,28.0706486339889],[82.25670190638064,28.070474331141742],[82.25647313772589,28.070108596576418],[82.2560935623703,28.069798377454962],[82.25592218634782,28.069775119298264],[82.25536103703881,28.069978862272723],[82.25525456020935,28.069957229630766],[82.25521210714022,28.069919343179436],[82.2552644446627,28.06944264154487],[82.25513883630283,28.069306099905894],[82.25488349172991,28.069227200392497],[82.25473331084018,28.06922407279393],[82.25464665326082,28.06926320868474],[82.25440631123166,28.069488835213058],[82.25425018789434,28.069792672923366],[82.2541364542844,28.07013446047943],[82.25396119923766,28.070323389649978],[82.25378819641081,28.070379154215914],[82.25346688946648,28.070373024559203],[82.25338041888462,28.070430228693155],[82.2533141439399,28.07052563076469],[82.25337754176107,28.070563392302805],[82.25362731839529,28.07093125258066],[82.25400645688639,28.071259477275436],[82.25470808955176,28.071537439443823],[82.2549861306029,28.071598084390303],[82.2551125511905,28.071696177154944],[82.25523672054194,28.07192524550366],[82.25523509364584,28.072002017220253],[82.25510204242322,28.07221082752022],[82.25510035332458,28.072287600244398],[82.25522289557772,28.07259556676714],[82.25521257392543,28.073130536295057],[82.2552947898237,28.07330358824273],[82.25546278905978,28.073478077726932],[82.25580034979251,28.073729966753934],[82.25592945960668,28.073731030713635],[82.25601599301861,28.07367607774519],[82.25614491600527,28.073659136486672],[82.2562303853623,28.073678643552906],[82.25635680643676,28.073776797541313],[82.25652361559246,28.074007679454276],[82.25658519975714,28.074160599740445],[82.25671080817364,28.074297078833514],[82.25679339978856,28.074449811579864],[82.25687498986714,28.07468150546949],[82.25693325799301,28.07498784556248],[82.2568807337718,28.075446417170756],[82.25696226226255,28.075675860122406],[82.25748495062443,28.07631423979685],[82.25781594172275,28.07692954788459],[82.25815037531054,28.077355238429316],[82.25846817856153,28.07754873547178],[82.258703141019,28.07757130661898],[82.25887289082841,28.077669086085674],[82.25910353687,28.077921975457407],[82.25924940107926,28.078153043810897],[82.25939019918147,28.07861211717898],[82.25946684795987,28.079071815505017],[82.25965197556026,28.079455992732054],[82.25979527699276,28.07963292087251],[82.25992920303507,28.07955496097717],[82.26001510917186,28.07955646240554],[82.26027014042093,28.079712073006043],[82.2606114541433,28.079851115928534],[82.2613943642267,28.080489310289874],[82.26166771290507,28.080798215207082],[82.26187903982691,28.080972331302675],[82.26221559816896,28.081357384147932],[82.26257028768723,28.081934056361177],[82.26269270476149,28.082280471959887],[82.26279811726911,28.08237656311834],[82.26307540713647,28.082475532400743],[82.26316131472045,28.082477032853078],[82.26329230164343,28.082362937902168],[82.2634251040134,28.082136059861966],[82.26364324969988,28.081967074470178],[82.26390272239517,28.081854106413118],[82.26416169464298,28.08180203064282],[82.26433488524056,28.0817079417464],[82.26459686005708,28.08148212758871],[82.26464156539123,28.081386912451194],[82.26462418577779,28.081156907510646],[82.26454096867654,28.081004174806857],[82.26441473564367,28.08086994646464],[82.2643957926484,28.08071671424245],[82.26465651724949,28.080547291111667],[82.26483177175157,28.080358361982896],[82.26500558731459,28.080264273703957],[82.2652651231712,28.080153493300095],[82.26561031449877,28.080082599812],[82.26595406760391,28.080047842471156],[82.26672666859541,28.08007685752811],[82.26792567606039,28.080280114236288],[82.26860874051245,28.08047917880844],[82.26962974036638,28.08102716021215],[82.27005671134344,28.081145010589932],[82.2705716522475,28.081171897564225],[82.27074259040569,28.081210910399747],[82.27168906958327,28.081145711507364],[82.27254382379398,28.081347653203103],[82.27275727731833,28.081426865318054],[82.27269037598577,28.08157872228075],[82.27268768565634,28.0817299541908],[82.27261972134907,28.08190206590568],[82.27261358996519,28.082245104429276],[82.27275463702543,28.08276288307633],[82.27298497017247,28.08309023025605],[82.27338461445511,28.08353330120586],[82.27359406495648,28.083822513023794],[82.27384383989502,28.084282775043466],[82.27418265125606,28.084534664583963],[82.27439673103193,28.08455748587149],[82.27501489633856,28.084811252308022],[82.27509911436476,28.08488946356898],[82.27548294301329,28.08506639341874],[82.27573691083431,28.085240072122627],[82.27607741173631,28.08541518838575],[82.27616231697004,28.085493399527635],[82.27630818200613,28.08572446814557],[82.27663911017231,28.086434429721166],[82.27689007502767,28.086779657802815],[82.27726401969646,28.087471238776555],[82.27736424087412,28.08787423365915],[82.27748909763133,28.088105552126386],[82.27763702573598,28.088239530270894],[82.27787142512102,28.08831861756175],[82.27795676870699,28.08837651083548],[82.27806099339308,28.088531244062228],[82.2780975660611,28.0888761587385],[82.2780229078763,28.08944782595698],[82.27808105074827,28.089790301500653],[82.27805453766143,28.090077136239024],[82.2780941133105,28.09024824845427],[82.27812699461833,28.09082116717051],[82.27821121230548,28.090899378478106],[82.27863924588945,28.09099916084851],[82.27906327665629,28.091290813083255],[82.27916574938936,28.091558454441785],[82.27928698040989,28.091749136375498],[82.27931161421019,28.091789523749586],[82.2794131486192,28.092136064244],[82.27962022088414,28.092599013773633],[82.27974532736557,28.09279194706355],[82.28008401403481,28.093084410165826],[82.28044746074198,28.093202885672607],[82.28130565490791,28.093251281348476],[82.2815621244969,28.093312051290503],[82.28179702375272,28.093373008512927],[82.28181502891543,28.093603076819917],[82.28181252605309,28.093718172368686],[82.28174524960907,28.093888034414217],[82.28119922847063,28.094418873997913],[82.28102303446408,28.09468463736009],[82.2807847567455,28.094815486489072],[82.28058830666147,28.094986598247814],[82.28028450438688,28.095174525245753],[82.28013050717936,28.095383523570394],[82.28014726041866,28.095672233561213],[82.28024866939735,28.096016460400236],[82.28051951574349,28.096481161308855],[82.28077116915355,28.096828577611532],[82.28085363519304,28.097021885070898],[82.28100137632573,28.097194249444243],[82.28110466193127,28.097425756118906],[82.28110159605127,28.097599619164313],[82.28099042761025,28.097826185048604],[82.28088069827704,28.097960411275878],[82.28057564375626,28.09820473010053],[82.28046610210114,28.098356898745866],[82.2803351143361,28.098470993577763],[82.28009614927139,28.098601780196518],[82.27962065686114,28.098789082006448],[82.27946859901705,28.098901113165645],[82.2794243319084,28.098978260978186],[82.2793991960027,28.099168065655995],[82.28023943542041,28.100270396662605],[82.28030133127841,28.100443635338],[82.28090261759452,28.100449329253188],[82.28124461973455,28.100529606069944],[82.2814360022516,28.100627136148706],[82.281563298552,28.10074110764024],[82.28196294265283,28.10122250242796],[82.28202702892679,28.10126251469414],[82.28259398229412,28.102013176844075],[82.28280605987685,28.102187230442134],[82.28323165386774,28.102399858656725],[82.28329530236381,28.10245800118577],[82.28367049718962,28.103131451913878],[82.28434680589817,28.103768268860833],[82.28462447069364,28.10384685731531],[82.28490526455089,28.10375395750453],[82.28516317214623,28.103774152524206],[82.28533336069614,28.1038538026117],[82.28541826639427,28.103929700625013],[82.2859418283427,28.10471912408436],[82.28608894338625,28.104891550483224],[82.28621386329202,28.105122807426],[82.28645882157709,28.10586971598022],[82.28702120804363,28.10692509317216],[82.28704177794694,28.106945161290458],[82.28723447501015,28.10698623782943],[82.28841410061749,28.10709252791057],[82.28847856177615,28.107112222345346],[82.28849900691677,28.107168425943026],[82.28862011007854,28.107609618855015],[82.28859484803533,28.10783774805726],[82.28868662250882,28.10875539318997],[82.28872793712873,28.11013386162827],[82.28869742016427,28.110666642135012],[82.28873905989441,28.110745290626216],[82.28871580012736,28.11081993774464],[82.28874692939816,28.111507952102922],[82.28871122021062,28.11235001208571],[82.28878198771191,28.113267844372412],[82.28875872834986,28.11334249146223],[82.28882524685561,28.113955671265725],[82.28882499562818,28.113987306023315],[82.28881149049427,28.11403256959003],[82.28882518117675,28.114215185434936],[82.28888169513692,28.114950339610022],[82.28887187283513,28.11556208120243],[82.28898728298205,28.116328182111403],[82.28923030254455,28.117172182274803],[82.28944962399632,28.11816753876979],[82.28952345694817,28.118857429499638],[82.28947193225181,28.119390460481615],[82.28928960828736,28.120001450970317],[82.28915768170245,28.120190004796036],[82.28932761881173,28.120305665572545],[82.28941233756596,28.120365871501512],[82.28951743808761,28.12047996764358],[82.28991501768897,28.12105845321761],[82.29076145111236,28.121797427644577],[82.29118297849814,28.122242561401354],[82.29171342268344,28.122591856092694],[82.29198864783395,28.122826176678245],[82.29232545748182,28.123211167704348],[82.29315113361075,28.12387136774303],[82.29372428074028,28.124224725981843],[82.29442885448783,28.12444373359467],[82.29487827169223,28.124507193597985],[82.29513605473574,28.12450925881444],[82.29552357596778,28.124399541855894],[82.29584438222939,28.124461938416246],[82.29635957444584,28.124486386941243],[82.29674427943584,28.124568539469358],[82.29770782540436,28.124676766240043],[82.29815843080391,28.124681521467586],[82.29848230228671,28.12457236696228],[82.29869944751162,28.124421386601576],[82.29887607910233,28.1241376170104],[82.29916012534326,28.123834780154592],[82.29933631914206,28.12356907850995],[82.299639934267,28.123363082886254],[82.29981481360241,28.1231944722786],[82.29999025611947,28.122967094537238],[82.3006083093557,28.121923168285697],[82.30073929739419,28.121811385993286],[82.30091473965288,28.121584008696892],[82.30126987922277,28.120901373230833],[82.30153323192286,28.120522014329573],[82.30164296096763,28.120390101413115],[82.30212183114241,28.119995176650264],[82.30223156171361,28.11986095083361],[82.30240537712193,28.119710345107546],[82.30275188399438,28.119524293146],[82.30294808354283,28.11933511478836],[82.30310039146086,28.119243401548232],[82.30337993402568,28.119206892838225],[82.30348897529387,28.119074979734677],[82.30374957473164,28.118887426460162],[82.30407300896799,28.118796340155512],[82.30446015385526,28.118763333812307],[82.30452524125846,28.118724322427614],[82.30476157883349,28.118690502072095],[82.30502192815364,28.118539085056128],[82.30509101945545,28.118254064184853],[82.30507057497728,28.11819786011043],[82.30481742021071,28.11794528345055],[82.30475552386349,28.11777210704666],[82.3047789712614,28.117659012230714],[82.30513586204204,28.116861280317448],[82.30555277392538,28.116293116675084],[82.30559822955529,28.116159578275866],[82.30579449213432,28.115970398895705],[82.30609885809714,28.115726079848258],[82.30613474667844,28.115694070528523]]]}},{"type":"Feature","properties":{"province":"Lumbini Province","district":"Dang","municipality":"Tulsipur Sub-Metropolitan City","ward":"11","wardNumber":11,"sourceMunicipality":"Tulsipur","sourceType":"Upamahanagarpalika"},"geometry":{"type":"Polygon","coordinates":[[[82.25979527699276,28.07963292087251],[82.25965197556026,28.079455992732054],[82.25946684795987,28.079071815505017],[82.25939019918147,28.07861211717898],[82.25924940107926,28.078153043810897],[82.25910353687,28.077921975457407],[82.25887289082841,28.077669086085674],[82.258703141019,28.07757130661898],[82.25846817856153,28.07754873547178],[82.25815037531054,28.077355238429316],[82.25781594172275,28.07692954788459],[82.25748495062443,28.07631423979685],[82.25696226226255,28.075675860122406],[82.2568807337718,28.075446417170756],[82.25693325799301,28.07498784556248],[82.25687498986714,28.07468150546949],[82.25679339978856,28.074449811579864],[82.25671080817364,28.074297078833514],[82.25658519975714,28.074160599740445],[82.25652361559246,28.074007679454276],[82.25635680643676,28.073776797541313],[82.2562303853623,28.073678643552906],[82.25614491600527,28.073659136486672],[82.25601599301861,28.07367607774519],[82.25592945960668,28.073731030713635],[82.25580034979251,28.073729966753934],[82.25546278905978,28.073478077726932],[82.2552947898237,28.07330358824273],[82.25521257392543,28.073130536295057],[82.25522289557772,28.07259556676714],[82.25510035332458,28.072287600244398],[82.25510204242322,28.07221082752022],[82.25523509364584,28.072002017220253],[82.25523672054194,28.07192524550366],[82.2551125511905,28.071696177154944],[82.2549861306029,28.071598084390303],[82.25470808955176,28.071537439443823],[82.25400645688639,28.071259477275436],[82.25362731839529,28.07093125258066],[82.25337754176107,28.070563392302805],[82.2533141439399,28.07052563076469],[82.25338041888462,28.070430228693155],[82.25346688946648,28.070373024559203],[82.25378819641081,28.070379154215914],[82.25396119923766,28.070323389649978],[82.2541364542844,28.07013446047943],[82.25425018789434,28.069792672923366],[82.25440631123166,28.069488835213058],[82.25464665326082,28.06926320868474],[82.25473331084018,28.06922407279393],[82.25488349172991,28.069227200392497],[82.25513883630283,28.069306099905894],[82.2552644446627,28.06944264154487],[82.25521210714022,28.069919343179436],[82.25525456020935,28.069957229630766],[82.25536103703881,28.069978862272723],[82.25592218634782,28.069775119298264],[82.2560935623703,28.069798377454962],[82.25647313772589,28.070108596576418],[82.25670190638064,28.070474331141742],[82.25689097522887,28.0706486339889],[82.25703946758266,28.07072847072999],[82.25716751528924,28.070747602919855],[82.25725423465498,28.070710717244406],[82.25745112296569,28.07052160134768],[82.25755922604728,28.07046646049316],[82.25783983146495,28.07035555541334],[82.2580333422633,28.070319922041396],[82.2585479710317,28.07032649015124],[82.25882501055273,28.070407454015328],[82.25907954238282,28.07052474042163],[82.25945805374056,28.070911669232864],[82.25982999800205,28.07160556379688],[82.26008271473225,28.071837946498718],[82.26029422936516,28.071975926253888],[82.26059409174086,28.07199799772964],[82.26078785198938,28.071923977377306],[82.26111610247213,28.071602761397664],[82.26142503444848,28.071148568076055],[82.26157684189835,28.07107498508042],[82.26179248536909,28.071021095731606],[82.2621771282356,28.071062736099076],[82.26236744845832,28.071180522208586],[82.26253838638948,28.07122184808556],[82.26334593379627,28.071575458851672],[82.26356113972648,28.071539636992792],[82.26377859730621,28.071370651691556],[82.26393265717357,28.071163842475627],[82.2643255567491,28.070823995589038],[82.26504289153871,28.07031860308623],[82.26536745199962,28.07016893751336],[82.26569076044545,28.070077975771497],[82.26599368730066,28.069928434555788],[82.26625478722451,28.069741006555393],[82.26694698551184,28.069425419557554],[82.26705471344542,28.06939059763259],[82.26671859219279,28.069041679556523],[82.26521948232953,28.067913586412054],[82.26349204203751,28.066399502382087],[82.26273251490485,28.065797194864565],[82.26184881982996,28.064963504722492],[82.2610712255623,28.064169577845206],[82.26035971857799,28.06331857260408],[82.26008624528387,28.063048053398063],[82.25969291772087,28.06237466426477],[82.25965096856079,28.06199586543005],[82.2596019553557,28.061551797025956],[82.25941208461221,28.060325873075303],[82.25941802728468,28.06001890794749],[82.25953150987857,28.059715507796675],[82.25954076899497,28.05925731090806],[82.2594701252809,28.058490647461095],[82.25948707795031,28.057651026316545],[82.2592895757972,28.056806526852316],[82.259107138202,28.056268866705942],[82.25903224031401,28.055734772493402],[82.25875220965158,28.054735288847976],[82.25834206550034,28.053813827141905],[82.258135305558,28.053427587215285],[82.25795124135688,28.052966638108735],[82.25788828078967,28.052908557597444],[82.25780731618931,28.052679114926576],[82.25774473089122,28.052600716800978],[82.25692381909172,28.050755480051485],[82.25675657195872,28.050542604318164],[82.2562937784077,28.050115787338704],[82.25625570206202,28.050071024209622],[82.25612615614855,28.049923291620075],[82.25600017227781,28.0498070695626],[82.25576708751001,28.049669277315736],[82.2555774561266,28.049494973761917],[82.25537075772091,28.049110984535165],[82.25509897296736,28.048761442369575],[82.2549719262344,28.04866553817133],[82.25463117595422,28.04856488117412],[82.25443760294156,28.04860057706423],[82.25419857492767,28.048769687621707],[82.25402369487834,28.04893829827789],[82.25386926066257,28.049165363466244],[82.25356289234884,28.04950664854294],[82.25332611652573,28.049542656821597],[82.25326221788579,28.049520713067356],[82.25292659736824,28.049153664474886],[82.25264248774761,28.0494360577123],[82.25229279160274,28.04977552999126],[82.25188101114087,28.05001847256971],[82.2517582145215,28.05007148679357],[82.25149180176895,28.050186768611997],[82.25039514090936,28.050381817090347],[82.25000493121553,28.050624572532126],[82.2492411388507,28.051283760150135],[82.2490199281461,28.051624295628717],[82.24891063687078,28.051738078637523],[82.24863746370714,28.05253718520065],[82.24854167227558,28.05305033548439],[82.248294574365,28.053621314024724],[82.24816227335324,28.053791737168098],[82.24785815845846,28.053997608315136],[82.24752965752114,28.05435714883408],[82.24714382387316,28.054536698197307],[82.24710455888902,28.05455514061174],[82.24699689315199,28.054589962432523],[82.2468662817997,28.05468367657093],[82.24602002357136,28.055144929738617],[82.24545468391727,28.05553597758551],[82.24495255490271,28.055949032269623],[82.24427767328595,28.056433543368],[82.24410467123396,28.05648699573769],[82.24299743971346,28.05715374483097],[82.24265168390279,28.057283280137522],[82.24239339941556,28.0573352933007],[82.24204783198165,28.057482833857318],[82.24187357889907,28.057592739131504],[82.24135726019735,28.057717021466726],[82.23980986833786,28.057938636239776],[82.23946767820303,28.057932694034864],[82.23886782944926,28.057980953228512],[82.23801301171294,28.057925493121896],[82.23682294590247,28.05763608509282],[82.23640004064261,28.057418767760748],[82.235890227476,28.05727665923145],[82.23555241571106,28.05709916688573],[82.23504260231876,28.05695480789391],[82.2345359163266,28.056697603389512],[82.23342400261691,28.05667827637813],[82.23306074192746,28.056670270367107],[82.23293263167145,28.056648825694353],[82.2327558759131,28.056876015858965],[82.23242143312174,28.057441054061247],[82.23237191160507,28.057728137625695],[82.23223654577845,28.05801140760405],[82.23211962295562,28.05840964861527],[82.23209298621246,28.058640028516503],[82.2319773135953,28.058981877858965],[82.23154626780432,28.060003486384698],[82.2314122156912,28.060230364667547],[82.23134656547329,28.060287381427294],[82.23107208019631,28.061027783509914],[82.23056651071938,28.061592007964613],[82.23047854004253,28.061685284390787],[82.23010645942321,28.062022630640755],[82.22997547197548,28.062134412160653],[82.22952086312824,28.062373165509914],[82.22934535861015,28.062544026894308],[82.22919311279705,28.062635552780776],[82.22901785782523,28.06282448172242],[82.22841037889371,28.063157261364328],[82.22808362901414,28.063399392545275],[82.22795451767317,28.063452406863092],[82.22723724549907,28.063916912203705],[82.22688642415754,28.06427432729138],[82.22647214091272,28.064591729546947],[82.22612081894015,28.064967273912956],[82.22590267348035,28.065133946383863],[82.22565995479418,28.06543622068787],[82.22542161466727,28.065564756484015],[82.2252905641094,28.06567653777757],[82.22502583746125,28.065997067037983],[82.22463274996394,28.06633460061104],[82.22426273421692,28.06657485610874],[82.22339784536219,28.066979717195338],[82.22293904563041,28.06735394884625],[82.22274478476137,28.067445911170562],[82.222352322488,28.06772473967154],[82.2219624249561,28.06794711431635],[82.22163417515121,28.068227693887355],[82.22123858532986,28.068678010968682],[82.22082255114593,28.06907212319996],[82.22053931820082,28.069277743021015],[82.22036606485311,28.069369518928326],[82.22023501559286,28.06948130044264],[82.21936937539745,28.069886161973667],[82.21910821403105,28.07007127692711],[82.21893220865063,28.07026014328278],[82.2185838268147,28.070502461692406],[82.21806369168567,28.07079823164243],[82.21780246789093,28.07098334583814],[82.21728208293743,28.071260986037064],[82.21699628617728,28.07157951460419],[82.21666803576524,28.071859969438734],[82.21623631013527,28.072044332242964],[82.21552835868621,28.072107031967484],[82.21539818419441,28.072180427789736],[82.21504723637624,28.0725378417791],[82.21428844930915,28.072944017111606],[82.21383196347898,28.073241413272452],[82.21361200466951,28.073484795650746],[82.21352322029708,28.073616521185542],[82.21338922940878,28.073863654588795],[82.21314688603066,28.074145673241595],[82.21295031167112,28.074314408387114],[82.21277705817083,28.074406184090144],[82.21203508801982,28.075003915980023],[82.21188315580979,28.07507756120883],[82.21170871367923,28.075225791183556],[82.21149131862067,28.07535632763206],[82.21103308201037,28.075730495848287],[82.210707583608,28.0759161729599],[82.21044836123374,28.07600644681132],[82.21006177905912,28.07607533915006],[82.20929318089911,28.076003123653695],[82.20852251755477,28.076027999174666],[82.20820333719381,28.075983483511855],[82.20756578921923,28.075799424194088],[82.20667139531,28.075631305311795],[82.20629131773522,28.07543155592648],[82.2062701221671,28.07541367485942],[82.20604066492125,28.075199047740423],[82.20565739794152,28.075114394886924],[82.2054615742623,28.075122895326448],[82.20501459551436,28.075142647303718],[82.20431114696457,28.07503373434983],[82.20334322127887,28.07522728301952],[82.20284378217019,28.07550473591586],[82.20257074088204,28.07566284213859],[82.2021055649148,28.075930917062585],[82.20158380446908,28.07626501062634],[82.20132426869509,28.076375603687715],[82.20121416410866,28.0764871356695],[82.20109836718389,28.07682892200283],[82.20100701789707,28.07707568167722],[82.20100445358001,28.07719084010852],[82.20114700323589,28.077480676361947],[82.20152364055906,28.0778294073572],[82.20209122221854,28.07824197040147],[82.20253088154296,28.078651093921213],[82.2037306957033,28.079455215258633],[82.20474600586329,28.079969875286054],[82.20514690248814,28.080205572943967],[82.20546120521101,28.080439769151504],[82.2057768203742,28.08067615336421],[82.20687109451056,28.08142263181186],[82.20716507718474,28.081656891206066],[82.20720602833988,28.081733289005044],[82.20751970494562,28.082026190075737],[82.20773034504766,28.082143914089507],[82.20781306171365,28.082260511296518],[82.20802301285792,28.082436939797564],[82.2086116654518,28.082849252974952],[82.20894641254027,28.083141967255735],[82.20915367467504,28.08341317337578],[82.20953081154562,28.08374383633522],[82.2096552931356,28.083898444672766],[82.2097354463584,28.08413020141344],[82.20990225673077,28.084304753525277],[82.21030040099787,28.084637479851413],[82.21038480722677,28.084677367802236],[82.2106361480634,28.08490981276911],[82.21073949746604,28.08504654146347],[82.21143037398919,28.085670105568724],[82.2119530630332,28.0862138320231],[82.21212212473225,28.086311674740056],[82.2126034240502,28.086797195838432],[82.21336251449769,28.087307164604418],[82.21355039460961,28.087501848272467],[82.2136354261514,28.08754173613448],[82.2143288659124,28.08810653275586],[82.21445384822864,28.088243073474505],[82.21477052613692,28.088456888949487],[82.21498054030259,28.08863325498701],[82.2151693591202,28.088789614507306],[82.21531828953921,28.08884925833339],[82.21542389046837,28.088906964423174],[82.21586555086495,28.089259634138866],[82.21626757335311,28.089477201231478],[82.21679364092759,28.089867444731162],[82.21734221683766,28.090219177563846],[82.21792961738713,28.090746525215962],[82.21805816558587,28.09074765160907],[82.21812281486828,28.090729021344664],[82.21840260706409,28.090658815667],[82.21892242868844,28.090437630645173],[82.21918014950012,28.090385616961886],[82.21987241128026,28.090110917583694],[82.22064720182506,28.089934747379946],[82.22098976687955,28.089958819294548],[82.22141529903408,28.090063291497387],[82.22209279825981,28.090398020361985],[82.22243367427424,28.090498802332288],[82.22285714172035,28.090698114923985],[82.22302745484455,28.090739503162517],[82.22371152177654,28.090807841598153],[82.22401163398152,28.090793902635728],[82.22431218366074,28.090761832661222],[82.2244841860462,28.090726448571388],[82.22482718920871,28.09073245375886],[82.2256805054556,28.09086243677855],[82.22602075662773,28.09096321905178],[82.22676747036748,28.0911100185167],[82.22687394698686,28.09113165025335],[82.22704463577797,28.091152657731833],[82.22730054354139,28.091213553359268],[82.22789857738728,28.091282640613674],[82.22853656334158,28.091484580191874],[82.22881210204694,28.09160393051198],[82.22915479111397,28.091749851045485],[82.22959720456731,28.09193991075047],[82.22993933087953,28.091984239027745],[82.23028083257965,28.092028567436515],[82.23079552492582,28.092019443638492],[82.23105124477077,28.09208033899414],[82.23164765250019,28.09226227237226],[82.23283640307271,28.09279768936082],[82.23323611009415,28.09314616963561],[82.2337610501826,28.0937079018253],[82.23388227912602,28.0940723850351],[82.23400644800235,28.09430145326755],[82.23415368884116,28.094437744209973],[82.23471052117378,28.094448626980313],[82.23505371226078,28.09441612057506],[82.2353957140288,28.09444012992815],[82.23582556306317,28.094370800402356],[82.23599675174341,28.09437374040765],[82.23659472378786,28.094481214372987],[82.23710866504031,28.094469777708888],[82.23787782612969,28.094577940776336],[82.23830398319735,28.094680161938616],[82.23889870244965,28.094938805779563],[82.23917280217533,28.095152995625483],[82.23948666518194,28.095558617253296],[82.2398017796574,28.095849142403598],[82.24043763846173,28.096202188960326],[82.24120473475801,28.09640738066157],[82.24154435945196,28.09656449227311],[82.24255378821103,28.09753478596124],[82.24323353812922,28.097831003172267],[82.2437452279761,28.097954981669453],[82.24391641687848,28.097957983273343],[82.24417226084226,28.098018815758273],[82.24451151081921,28.098196245724434],[82.24502194953249,28.098376741012007],[82.2452330884717,28.09853272606511],[82.24544197654191,28.098821937380205],[82.24574670634946,28.099645118874083],[82.24587087515674,28.09987643812844],[82.2459338977674,28.099934518048475],[82.24597466152375,28.100049239176226],[82.24657900272332,28.10091712473408],[82.24691449986815,28.10126610463735],[82.2471041942051,28.10137945231957],[82.24714333258132,28.10146035138972],[82.2472280504117,28.101637841553305],[82.2475694260368,28.101776947022206],[82.24790955042717,28.101972507291396],[82.24840129544236,28.10207397907689],[82.24848839137285,28.102016775467025],[82.24902922035811,28.10179521446933],[82.2492683732106,28.101623854300236],[82.24946720091926,28.10131957888125],[82.24949152439437,28.10116815984265],[82.24945088509378,28.10101280148188],[82.24950591333608,28.10032403703716],[82.24955186939171,28.100172429812353],[82.24953392790525,28.099942362239908],[82.24962515216407,28.09963689878823],[82.24975707800037,28.099484480174162],[82.24986599467509,28.099390952916167],[82.2513100983396,28.099100192469027],[82.25193858655076,28.098762661106502],[82.2520028607841,28.09876441164339],[82.25213616277813,28.098517215303445],[82.25214041637038,28.098287022398075],[82.25205726222563,28.09813203872074],[82.25180367053453,28.097879337992804],[82.25163717388887,28.097571683801668],[82.2511961405008,28.097011578134666],[82.25098475146828,28.096835211737883],[82.25086258444435,28.09645041043347],[82.25108936378366,28.095764585674253],[82.25113738450001,28.095457246522432],[82.25133677497963,28.095096579794],[82.25156249104872,28.094485214679377],[82.25156887186616,28.09410153956509],[82.2516617864477,28.093719302722675],[82.25162452481214,28.093412712455148],[82.25166979349076,28.093261105369525],[82.25171574984462,28.093107248796812],[82.25182529284525,28.092955017528055],[82.25207107759898,28.092422487601464],[82.25211634595509,28.092268630214576],[82.25210071763324,28.091961852292382],[82.25216380595869,28.091751479151938],[82.25242041060842,28.090896042360917],[82.25269114424931,28.090214282193802],[82.2527148417945,28.090060612199085],[82.25272078479395,28.089755897519264],[82.25268083342905,28.089602789696293],[82.25247182204961,28.089295573131153],[82.2523685985161,28.08906406657508],[82.25220648051298,28.088528408390957],[82.25222917726452,28.08845157291853],[82.2525579281152,28.08811222639321],[82.25312214223237,28.08777538191734],[82.25353623753233,28.08743759839742],[82.25366966534135,28.087210658443805],[82.25386592796336,28.0870216045001],[82.25399904216142,28.086812731382366],[82.25424745414202,28.086128970318622],[82.25433586326857,28.086015312646136],[82.25427302839466,28.085918846491335],[82.25410822047138,28.085534482201773],[82.25409090420945,28.085306664473723],[82.25422545766531,28.085003076752766],[82.25414818334602,28.084543378411997],[82.2543729598923,28.08401097471666],[82.25431200202745,28.08385811656973],[82.25408173106396,28.08358716006925],[82.25397919575049,28.083355653436538],[82.25377074633936,28.08304843698831],[82.25368984364415,28.082816743033497],[82.25397570349111,28.082457514816625],[82.25404598275018,28.08215223822888],[82.25404848503501,28.082039393138736],[82.25417840947391,28.081945679070696],[82.25448427667172,28.08166303583703],[82.25455230299923,28.08149092308492],[82.25457825340328,28.081262731684514],[82.25475394606502,28.081053546347626],[82.25486580181975,28.08082685594458],[82.25503861738183,28.080753023340296],[82.2550828852622,28.080675875425467],[82.255147972211,28.080639241034525],[82.25570818243372,28.080512208279075],[82.2559644017541,28.080554972974348],[82.2561359661964,28.08053759404831],[82.25673331167495,28.080699146306205],[82.25707581446912,28.080723093161964],[82.25724550135044,28.08082081073747],[82.25741662813714,28.080821500403616],[82.25793325948908,28.080715223484287],[82.25819235726223,28.080622572968267],[82.25834491521265,28.080510603866795],[82.25860282349896,28.080474345313075],[82.25882053152678,28.080325678974866],[82.25916591150123,28.080214211220174],[82.25942588490388,28.080083175000066],[82.25960076428184,28.079914563995782],[82.25973212702515,28.079782463713745],[82.25973400402877,28.079667367486817],[82.25979527699276,28.07963292087251]]]}}]}