{"type":"FeatureCollection","features":[{"type":"Feature","properties":{"province":"Lumbini Province","district":"Bardiya","municipality":"Basgadhi Municipality","ward":"3","wardNumber":3,"sourceMunicipality":"Bansagadhi","sourceType":"Nagarpalika"},"geometry":{"type":"Polygon","coordinates":[[[81.64634448251805,28.27642596108592],[81.64612647747539,28.275467802581392],[81.6460245691151,28.275159086326422],[81.64601013160416,28.274777723689997],[81.6458852127977,28.274563909630583],[81.64567326035835,28.274406985941148],[81.64554490056054,28.27436697349759],[81.64541566419345,28.274383351112995],[81.64509417038356,28.27433977287404],[81.64483563549369,28.274374842395044],[81.64470539824961,28.274447675022316],[81.644640999062,28.274447986505987],[81.64438096290952,28.274557515899534],[81.64420614530124,28.27472762679213],[81.64398931291035,28.274818900958163],[81.64379330063883,28.274968755347587],[81.64348718183017,28.27525008442613],[81.6430743362521,28.275491275587054],[81.64236500917929,28.27549914466774],[81.64191709431617,28.275318399628816],[81.64172633716932,28.27518166938827],[81.64158028594903,28.274949849729516],[81.64153983519354,28.274796617093767],[81.64159774283468,28.274033519015376],[81.64155873187508,28.273803513752796],[81.64143381300079,28.273589699623237],[81.64116046563704,28.27327954244884],[81.64112439455086,28.272895991991025],[81.64092120302819,28.27228080993045],[81.64016299363882,28.27146524895813],[81.63980592916639,28.27101998938698],[81.63953064202633,28.270804610552073],[81.63910592403225,28.270549343561093],[81.63852933664893,28.27036697149297],[81.63814237925374,28.270359777180925],[81.63769352579301,28.27021966855495],[81.63730675607164,28.27023047976836],[81.6371140602697,28.270190778824592],[81.63704916032118,28.270209158598696],[81.63634127162501,28.270138004635914],[81.6359579431432,28.269979578651483],[81.63570134850032,28.26991755818604],[81.6353822938842,28.269740752422525],[81.6348052063291,28.269576385362544],[81.63429339269764,28.2693576275325],[81.63416515798588,28.26933787104681],[81.6336537827099,28.26907847661889],[81.63314497319185,28.26872649218157],[81.6328284837362,28.268434590639338],[81.63261897167142,28.26814444092263],[81.63223833482255,28.26779414601744],[81.6320289484453,28.26752200136575],[81.63160510701591,28.267189961758753],[81.63126448175039,28.267031286744526],[81.63107228639325,28.266971266234478],[81.63087865077732,28.266985705889674],[81.63061917719648,28.267077167534904],[81.62990822363189,28.26712554896921],[81.62958328801938,28.267253457399658],[81.62938852765444,28.267290466625372],[81.6291319322747,28.267228508190133],[81.62830050187604,28.2668328201828],[81.6279819487446,28.26663794703323],[81.6271506436971,28.266260389040696],[81.62651291092833,28.26586845413595],[81.62619542093988,28.265632819282686],[81.62466498712942,28.264710031577952],[81.6243468710538,28.264474520791637],[81.62319895264886,28.263789245162325],[81.62262430500581,28.263491651137233],[81.62196374922081,28.2632170628976],[81.62190772837062,28.263221813854482],[81.62182551026072,28.263226689299046],[81.62151565043132,28.262760924163207],[81.62125637746243,28.262012827013027],[81.62120555312437,28.261496236915907],[81.62114522086326,28.261322747753287],[81.62110208560158,28.260905437691793],[81.62104269613926,28.260330205641058],[81.62100262035531,28.260233364142607],[81.62102182587387,28.259488458743363],[81.62090735250362,28.258972180416073],[81.62078449718759,28.25878093595502],[81.620557667036,28.25845696317165],[81.62040536374538,28.258240960777165],[81.61990086945077,28.257715175679007],[81.6195199817559,28.25742127209974],[81.61926382497536,28.257320864837368],[81.61892113540318,28.257236648899887],[81.6187490711963,28.25723514677375],[81.61814816067643,28.257127295672703],[81.61771787622628,28.25710215878717],[81.61720005649978,28.25714966620329],[81.61711296129954,28.257186175988046],[81.61625501806346,28.257036560250604],[81.61582416983065,28.257029490600925],[81.61539081845129,28.257135266579485],[81.61443545770354,28.257444284557728],[81.61417623503483,28.257479291628982],[81.61400223145222,28.257570316714524],[81.61391557409215,28.257570753576406],[81.6132390030874,28.25794166663207],[81.6130660006001,28.25799430504358],[81.6128072781775,28.25799098927937],[81.61255005843101,28.257928905210367],[81.61203893338192,28.257689767210135],[81.61123401573502,28.25712002861219],[81.61089996049469,28.256654450699056],[81.61073496544942,28.256343732221623],[81.61067112987448,28.256305657672794],[81.61029593467583,28.255781499485135],[81.60995943917732,28.255430893241787],[81.60978463521467,28.25462371689387],[81.60966190619338,28.25433313017988],[81.60958413276474,28.253988152737122],[81.6095588837016,28.25323899523391],[81.60937995101382,28.252603369353782],[81.60934575666288,28.252201814192237],[81.60931894431474,28.25151129874383],[81.60930026387092,28.250477745043103],[81.6094296385538,28.249560851898856],[81.60942339499107,28.248926728668863],[81.60932642830481,28.24846677994507],[81.60918525622749,28.24806115914071],[81.60852709233238,28.246728011067002],[81.6078803631577,28.24583492864777],[81.60762683379522,28.245619362804863],[81.6072028050726,28.24534365207721],[81.60643552329006,28.244985975981887],[81.60516030774414,28.244273940010196],[81.60481824327445,28.244171593503022],[81.60413023726177,28.244102503638835],[81.60292372389293,28.244137187254545],[81.60266350034809,28.244210518361143],[81.60171445766333,28.24426890026936],[81.60093172400661,28.244561164247212],[81.6004999997989,28.244610548460003],[81.59998374504887,28.244583472475295],[81.59972664929298,28.244521388760663],[81.5995782207046,28.244422733245752],[81.59915056301591,28.24428018625095],[81.59761731309355,28.243564709363067],[81.59693825345227,28.243129823695917],[81.59634259800806,28.2428119741146],[81.59617097189437,28.242772085612614],[81.59548108867469,28.242797710532113],[81.59519985833126,28.24286891561084],[81.59504679919975,28.242962065551822],[81.5947835730322,28.243168623215535],[81.5946057538057,28.243395063008037],[81.59404615640771,28.24428444297111],[81.59370864635753,28.244890741498054],[81.59352006615703,28.245577691071414],[81.59319949790323,28.246375734305943],[81.59300217174967,28.24652552561444],[81.59282854379529,28.246580477466512],[81.59263534677497,28.246558781098845],[81.59233861361332,28.246361469666063],[81.59211234851185,28.245897518455457],[81.59211397539843,28.245838813904307],[81.59195010643175,28.245491960172732],[81.59166738676235,28.244701037470048],[81.59145812576463,28.24442883024622],[81.59120259422042,28.244310355791637],[81.59068383661021,28.24439612465208],[81.59051108517137,28.244394622613118],[81.59040448258479,28.24435448454416],[81.59025555386899,28.244273833745225],[81.59013038424662,28.244100593868094],[81.58992631501937,28.24361626240273],[81.58980170921612,28.243422704340205],[81.58963177211575,28.243344429438935],[81.5894595827249,28.243320357758158],[81.58911389061623,28.243371493735193],[81.58870386180712,28.243422941946637],[81.58806692880506,28.2439289581187],[81.58769178295013,28.24430518910981],[81.58757535950812,28.2446847987932],[81.58758760831792,28.24506847453156],[81.587685951862,28.245453962983685],[81.58799092909989,28.246224505301655],[81.58826196295924,28.246613872653512],[81.58847322690424,28.246788926461605],[81.5887874639672,28.2471599765666],[81.58918147652089,28.24777891287532],[81.58926244143733,28.248010981933394],[81.58922992204307,28.248469302946926],[81.58900939874964,28.24869592996295],[81.58868577830634,28.248708617501933],[81.58853540935894,28.248706990265344],[81.58827718814378,28.248681042381342],[81.58812775855183,28.248623023504823],[81.58755648850179,28.248210208520497],[81.586758327793,28.247333441894874],[81.58615874488062,28.24628887838707],[81.58582287417326,28.245917891088286],[81.58561161068012,28.24574277477589],[81.58529843657462,28.24533333872286],[81.58494030856949,28.24498279414544],[81.58460131015059,28.24474728332655],[81.58434577919483,28.24462649537937],[81.5836620893598,28.244385729493075],[81.58323705910067,28.244148279546682],[81.58296202161013,28.243950843896688],[81.58245665309308,28.243463256816284],[81.58208102050652,28.24293903665886],[81.58166174527273,28.242471394550478],[81.5814330398886,28.242122539687752],[81.58110492749799,28.241426581431767],[81.58090304832294,28.240849660519334],[81.58078776309878,28.240272364297137],[81.58080696974943,28.239468878991346],[81.58085542870056,28.23923843694888],[81.58096822403085,28.23901224660992],[81.58116930387538,28.238727039964445],[81.58140321525383,28.237927120582505],[81.58153933266736,28.237642164128953],[81.58180568710041,28.237302504829902],[81.58187577924693,28.237074251126707],[81.58187997013484,28.236902701018526],[81.5817800631667,28.23657360283483],[81.58157155145632,28.236303708802108],[81.58122936309596,28.236181043698387],[81.58105736176752,28.23617947946413],[81.5807100427542,28.236287131823797],[81.5802731258205,28.236546202840717],[81.58022604522561,28.23656670845226],[81.57931451218349,28.23694974786015],[81.57905278690349,28.23707947012399],[81.57881144492372,28.237247516543036],[81.57802602120448,28.237616490858333],[81.57733032004931,28.23785192683454],[81.57689740767489,28.237921442729036],[81.57646537072068,28.237932253395496],[81.57620783841888,28.237888237698726],[81.57605884600984,28.23778951898861],[81.5757863738439,28.237479238113465],[81.57544825263629,28.237164704498717],[81.57521485514326,28.237007717711858],[81.5748536607873,28.236772269273658],[81.57448883895553,28.23670612076306],[81.5742549410385,28.23656939085027],[81.57408800641558,28.236335382863828],[81.57403136595272,28.23599034334653],[81.574171612064,28.235533836355064],[81.57417367700411,28.235436744978294],[81.57443971724157,28.23515579103888],[81.57481342397165,28.2348563317852],[81.57533643561607,28.234617142578735],[81.57585813189283,28.234472731611223],[81.57625128283014,28.23424992031164],[81.57673058967455,28.23404930462373],[81.57693004208522,28.23382274055796],[81.57722966596374,28.23302257147835],[81.57726474955336,28.232449090812608],[81.57721136093627,28.231988955598407],[81.57707019020093,28.23156526756002],[81.57698778636899,28.231409907841055],[81.57688318676784,28.231274930305958],[81.57654212442651,28.23111387903625],[81.57587425070446,28.231082862296432],[81.57533730116506,28.230976762311638],[81.575143979744,28.2309347477264],[81.57440671512603,28.230193021763927],[81.57373754094591,28.22931794468691],[81.57361399760154,28.229085999884422],[81.57339198699164,28.228430180021178],[81.57332871379637,28.228392043198507],[81.57282684894534,28.22771258855668],[81.57263740568233,28.227535096455973],[81.5725961418347,28.22745851067082],[81.57158165125851,28.226578115905717],[81.57094904838314,28.225971368129848],[81.57060967461426,28.225774181990293],[81.56978518830842,28.225143424681978],[81.56953078355711,28.224984249885875],[81.56902491358245,28.22451466891614],[81.56775564083486,28.223608200653878],[81.56716017334239,28.223290163490987],[81.56673270258443,28.223165559191504],[81.56613517092063,28.222924293811236],[81.56566856357018,28.22262832691558],[81.56522734260439,28.222196819957365],[81.56497187405505,28.22207828271909],[81.56436921124525,28.22206495928367],[81.56350457533661,28.22216335320881],[81.56324754257332,28.222101206774344],[81.56299207376127,28.221980418225193],[81.56264900881047,28.221916333349107],[81.56213137755243,28.221963653304787],[81.5616932728939,28.22224304364082],[81.56113855608126,28.222884037010836],[81.56097811554032,28.223263896633735],[81.56091952264865,28.223875700584884],[81.56103512016945,28.224414609873097],[81.56111746067116,28.224570032015027],[81.56134710510086,28.22486243270783],[81.56149484553683,28.22497921849345],[81.56161838833681,28.225213413493048],[81.56173830277812,28.22559877861812],[81.56166746004523,28.22582709487479],[81.56153246880302,28.226073665223],[81.56146650561233,28.226130368622368],[81.5612917523375,28.226221330836935],[81.56103146693775,28.226274342982336],[81.56090373248044,28.22621388654867],[81.56079932038018,28.226096976504536],[81.56063563874451,28.22575006006562],[81.56036598197713,28.225340437021295],[81.56002443115797,28.224355581028977],[81.55999111159603,28.22395396314556],[81.56002763390347,28.223378357518964],[81.56010097877338,28.223035007340503],[81.56037321356554,28.222465093072966],[81.56044824761231,28.222065351879518],[81.56049251529898,28.22200871053814],[81.56061750961852,28.22131988464439],[81.5606265809868,28.22097453367436],[81.56068354773534,28.220421371911584],[81.56050885550525,28.220512334655563],[81.56044345583207,28.22055096960547],[81.56019954891576,28.22081379449241],[81.56008612792183,28.221042172021107],[81.56003766878801,28.221270364188264],[81.55992568698159,28.221422032243595],[81.55977206590995,28.221533250674312],[81.55907592721258,28.22180688474811],[81.55873035980665,28.221857958408112],[81.55769003039978,28.222105956614026],[81.55708086257532,28.222322888890528],[81.55657798189513,28.222638663264302],[81.55637890522938,28.222826777985105],[81.55572177887954,28.223256021302912],[81.55547905967866,28.223500715908152],[81.55513017655099,28.223664634461432],[81.55461079390243,28.223750279031325],[81.55374884673809,28.223753770414667],[81.55338102105068,28.223822973189243],[81.55276440809762,28.224346807403528],[81.55260615706871,28.224649894299706],[81.55255444510414,28.224995370413655],[81.55254862704433,28.22522562560162],[81.55268792302302,28.225687700529683],[81.55281146510214,28.22591970729796],[81.55293757286681,28.22603661767168],[81.55325681496768,28.22617741313363],[81.55383640565793,28.226265320444654],[81.55409293795223,28.22634778539478],[81.55434784290878,28.226486703710226],[81.5547326102171,28.226609244493147],[81.55501190135399,28.226653260337127],[81.55518121254546,28.22675416654694],[81.55530800835898,28.226870952723512],[81.55549219698906,28.227258443469893],[81.55550588499506,28.2275652832715],[81.55540978016158,28.227947082040085],[81.55498117136653,28.2287229926418],[81.55501918263609,28.228916924952802],[81.5550154921192,28.229070406960265],[81.55487668488725,28.229450141762722],[81.55488824559261,28.229833754876573],[81.55484122563904,28.229987424343694],[81.55470673452409,28.23021361408487],[81.55453822390758,28.23090037615633],[81.55440417157725,28.23109055519916],[81.55402896352524,28.231466724107737],[81.55385370874842,28.23157800461863],[81.55342135929808,28.231627138892012],[81.55316320083747,28.23160112776954],[81.55282119977149,28.231498718932254],[81.55250339701475,28.231281089364913],[81.55210337723271,28.230928356419785],[81.55167959853826,28.230652457886137],[81.55142412985761,28.23053160686499],[81.5509110656659,28.23036892796896],[81.55074112795381,28.23027033501209],[81.55048772441154,28.23005245534539],[81.55026295987709,28.22958844128476],[81.55020807038142,28.229184634646973],[81.55024296612123,28.228667671716114],[81.55029148783844,28.228439542269406],[81.55028255379453,28.227940771273552],[81.55020083807739,28.227785412170785],[81.55003027591574,28.227704824042338],[81.54977324343795,28.227642677285267],[81.54942855178362,28.22763510896095],[81.54882213614628,28.22777739397601],[81.54838709623378,28.227921368412094],[81.54795174329571,28.22812398503349],[81.54722902958792,28.228569232289104],[81.54689921491686,28.228850373441826],[81.54674615610192,28.228943524309294],[81.5464996216803,28.229321444790877],[81.54632310329323,28.230315171838924],[81.54633522713564,28.2306987844563],[81.54626075582304,28.231080520918354],[81.54625493856821,28.231310712810238],[81.54616315031056,28.231539028842302],[81.5460178371008,28.23216927442808],[81.545929740183,28.232264426715723],[81.54586108780455,28.23241590784342],[81.54585307990979,28.23272293550761],[81.54591222382255,28.23295287870471],[81.54601507149253,28.233128493807165],[81.54631017831362,28.233402640511144],[81.54662798134554,28.233620332907204],[81.54688338692921,28.233738870147754],[81.54739907843964,28.233788828536515],[81.54752950273576,28.233752131377923],[81.54759546572623,28.233695428083617],[81.5480499493038,28.233610095938364],[81.54902012400468,28.23359041401349],[81.54953475273203,28.233676320042672],[81.55000448820681,28.233839186048208],[81.55049010125363,28.23423211973349],[81.55086485847926,28.234758778535472],[81.55113295207845,28.235222542544943],[81.5512347985763,28.23545467404591],[81.55131125910079,28.235840288468967],[81.55141316902775,28.23607235783567],[81.55151138721304,28.236457846401397],[81.55150769622752,28.236611391998906],[81.55143697951699,28.23683958269881],[81.55104626947525,28.236947234978324],[81.54956720877331,28.23751288355793],[81.54896010517903,28.237653042783236],[81.54843859465278,28.237835714994855],[81.54756807688149,28.23818224492911],[81.54732685957342,28.238350228328553],[81.54708720602626,28.23845950805116],[81.54665323015577,28.23856503414698],[81.54656619617315,28.238621862355146],[81.54543645661397,28.23898295495519],[81.5452617652503,28.239076167210648],[81.54482735099286,28.23922007951939],[81.54422074746078,28.239342108179073],[81.54378470679558,28.239544663074646],[81.54309000685285,28.23975965513604],[81.54291581540609,28.239832550243293],[81.5427166763215,28.240020665393544],[81.54238830030569,28.24022509651099],[81.54160331433731,28.2405938207473],[81.54095194277765,28.240810814530274],[81.54105472812968,28.240984178971797],[81.54149294561294,28.24156916764588],[81.54165750317922,28.2418597552589],[81.54171664694205,28.242091948429465],[81.54196304500651,28.242555900414185],[81.54212985358316,28.24278990832686],[81.54229347176789,28.243136886944274],[81.54219580369178,28.243595395321513],[81.5422468154542,28.244114298687848],[81.54254979111666,28.244925539922747],[81.54273510498736,28.24527464493497],[81.54309491128153,28.246374596543056],[81.54314923774628,28.24677834016806],[81.5433096031808,28.247242665646898],[81.54334803947565,28.24827840816631],[81.54349570525422,28.24925957249741],[81.54357329160388,28.249604549719088],[81.54381455880109,28.25030094464795],[81.54405995546308,28.250823600430603],[81.54407095365085,28.251225280649546],[81.54393733912907,28.25139507957017],[81.54365229216745,28.25160157424034],[81.5435381207724,28.25184802030795],[81.5434389506279,28.252362982689014],[81.54342137140266,28.253053684726922],[81.54343393353318,28.253398911311567],[81.54349151328813,28.2536876213969],[81.54348463175711,28.25397426837751],[81.54339015329278,28.254317680135678],[81.5432566007449,28.25448747831839],[81.54323234016357,28.254600386334747],[81.54326978887221,28.254832705263212],[81.54353919467592,28.255296594074576],[81.5439390252337,28.255726037733428],[81.54410633470067,28.255919471154453],[81.5443155342394,28.256211996931377],[81.54482883454091,28.257275252263724],[81.5450190278918,28.25745049341341],[81.54521122339624,28.257530956335255],[81.5460165156411,28.25812132700734],[81.5461660703823,28.258199726680964],[81.5463113091994,28.25844511236693],[81.54631587307229,28.25845867944302],[81.54643628716914,28.258828289425942],[81.54659108640817,28.259443784049232],[81.54660195937217,28.25982745878302],[81.54701147707674,28.26052541827774],[81.54732483933265,28.260858207143503],[81.54762512707218,28.26163112549608],[81.5477480444342,28.261863070068145],[81.54828586022529,28.26260341854261],[81.5485926535767,28.263146080428587],[81.5489924831099,28.26369062004926],[81.54903043554829,28.263634104214034],[81.54935499504474,28.263547019858304],[81.54952749814078,28.26351244923782],[81.54969843605188,28.263534332902083],[81.5503796249343,28.263761782116745],[81.55080434349773,28.26394290285705],[81.55140156406493,28.26408945294715],[81.55165853497721,28.264115463024638],[81.55191387888753,28.264197927901183],[81.5520858809811,28.264181424897092],[81.55256675279482,28.26388609409831],[81.55276526741699,28.263700228964034],[81.5537425243868,28.262533960599775],[81.55401238125802,28.26208151829364],[81.55411136251368,28.261625198144042],[81.55410255405083,28.261164813688588],[81.5540272812249,28.260779199432275],[81.55380589377339,28.260238475672903],[81.55357750015614,28.259946012157847],[81.5533053401537,28.259692059412806],[81.55315828702611,28.259593341205445],[81.55286067715937,28.25947042668807],[81.55248197726068,28.25919440394568],[81.55235486799444,28.259133884439276],[81.55193715597824,28.25870456659436],[81.55162360567851,28.25845986557538],[81.55164580471369,28.258188911456756],[81.5517166477895,28.257960720484597],[81.55178517517287,28.257788921012803],[81.55185120136767,28.257734467900757],[81.55189872127944,28.257562668467244],[81.55201064042235,28.257390806619238],[81.5521024902905,28.257162428426977],[81.55221440963462,28.256992754505454],[81.55224386372836,28.256649591772113],[81.55220635281621,28.256419523744935],[81.55206793394935,28.25589874450437],[81.55192269514102,28.255666862285576],[81.55170030901044,28.255049304046793],[81.55157301354807,28.254950585386126],[81.55130304341812,28.254504826669393],[81.55105014012616,28.25427113011201],[81.55100893878628,28.254192294406103],[81.55079661164855,28.254035183268687],[81.55067100435546,28.25390026675706],[81.55037314586949,28.25372089835381],[81.55024797601239,28.2535476586912],[81.5501263732285,28.253200555790055],[81.5500904889381,28.25291184571221],[81.55020491159434,28.252627013294127],[81.5504262475677,28.252400449637193],[81.55075362210441,28.25225459734261],[81.55127475636527,28.252110374283205],[81.55185716119593,28.25210125276124],[81.55230864174173,28.252167152230022],[81.55256479757013,28.25228794102353],[81.55288641699484,28.252370156282563],[81.55359142523336,28.25267200276714],[81.5539748154345,28.252869064829873],[81.55454833672304,28.25324587009026],[81.55499668863163,28.253444870808757],[81.55531830754975,28.253527085960055],[81.55634487311346,28.253890767624025],[81.55692627707039,28.253940288728355],[81.55750611688187,28.254048514446684],[81.55795922358486,28.254055709580218],[81.55830710581415,28.253927863691484],[81.5584390314885,28.253816770084487],[81.55872945827197,28.253420657336903],[81.55879967580802,28.25319015235667],[81.55891259628615,28.252982030269965],[81.55912748811481,28.253005977359656],[81.5593007402114,28.25298947406441],[81.55936626571764,28.25295308974148],[81.55959623532189,28.252345038551926],[81.55969646842418,28.251771434190385],[81.5597655602864,28.251581504069353],[81.55985428225314,28.251486352568254],[81.5600501684218,28.251413333385685],[81.56017846580984,28.251455721887517],[81.56037022376063,28.25157225867275],[81.5607082207341,28.25186653637481],[81.56109060935943,28.252122240194357],[81.5617316576128,28.252365632295895],[81.56211510993396,28.252582950271055],[81.56256340035566,28.252763883500823],[81.5629664209762,28.25305791192081],[81.56315811605454,28.253158693789384],[81.5634332787603,28.253374197526263],[81.56355894839005,28.253529369438947],[81.563752832511,28.25355344121587],[81.56388325735193,28.2535167446663],[81.56427603122592,28.253314314237038],[81.56434099363823,28.25331400239285],[81.56480242136551,28.25296002921116],[81.5649977451178,28.252905077332215],[81.56519519530288,28.25277560460711],[81.56545654501681,28.252666200078192],[81.5660484587527,28.252293597895513],[81.56650406761635,28.252167566588824],[81.56728861601917,28.25183704061566],[81.56787583824084,28.251656307009878],[81.56813768726751,28.251528835027973],[81.5682675493369,28.251510268119105],[81.56846399860487,28.251419118821598],[81.568789746229,28.251329784416658],[81.56930775257264,28.251300531219037],[81.56956647449027,28.251324291636664],[81.57001695308398,28.25142845226209],[81.57046887135877,28.251455902904404],[81.5707951830022,28.251348499994958],[81.5709246059577,28.25135018995366],[81.57131062415881,28.251452411785],[81.57189146481085,28.251522188289893],[81.57221370868209,28.251586273364776],[81.57216768976747,28.25169930605404],[81.57183775080672,28.251962504615697],[81.57101749300199,28.252884515548548],[81.57088500476797,28.253015865664274],[81.57066585797276,28.253145525409327],[81.57046796961103,28.253315573575684],[81.57035661274985,28.253465053701433],[81.57028645871642,28.253695495560784],[81.56988160976603,28.254376503162145],[81.56981145568443,28.25460475653199],[81.5697392366601,28.254909782997355],[81.56973897278648,28.25582830223126],[81.56963986548756,28.256363583333815],[81.56943453234834,28.25682034033811],[81.5691679908026,28.2571396804459],[81.56938457173547,28.257125241453803],[81.5696422293904,28.257169320096022],[81.5701618003667,28.257081425097347],[81.57048867339161,28.25695364110132],[81.57121038729946,28.25654659214707],[81.57173314798652,28.256345789497104],[81.57251356666788,28.256189065144046],[81.57297180328841,28.255965942443254],[81.57544767571419,28.255285270857517],[81.5757063973598,28.255290900377126],[81.57602588894864,28.255449825487574],[81.57628461060625,28.25545326757981],[81.57667438143238,28.255404195309982],[81.57700163196853,28.255238024728012],[81.57751657250631,28.255362254606627],[81.5778129916822,28.25561601974834],[81.57800518681405,28.25569648340075],[81.57824327655669,28.255643533257807],[81.57848405592456,28.25551387253453],[81.57885832535341,28.255196346302267],[81.57910210853932,28.25491320392345],[81.57917126191829,28.254741404193435],[81.57911205503756,28.25451139812977],[81.57911618456296,28.254339910763612],[81.57930076086208,28.253824511360165],[81.57933171612088,28.253422644251604],[81.5791906067535,28.25301927408593],[81.57904436710237,28.25282358950422],[81.57890000492065,28.252535316289872],[81.57871187636965,28.252281052021893],[81.57850067452598,28.25210593579983],[81.57818781451822,28.251640107417973],[81.57810597416363,28.251466680647926],[81.57774934673081,28.251037113367186],[81.57781468437987,28.250982660840922],[81.57788127327105,28.25092595746689],[81.57833588117404,28.250856317023555],[81.57879211615955,28.250732473646316],[81.57892297868862,28.25065745250321],[81.57944417495493,28.25053336014026],[81.57983319551909,28.250482099081477],[81.58015694146927,28.25048973034098],[81.58022596681177,28.250518802260675],[81.58054077008556,28.2506483438478],[81.58092096994336,28.250962689940643],[81.58143059358072,28.25127872588989],[81.58245540814794,28.25166028743604],[81.58326801984254,28.25192537457947],[81.58286955241371,28.252358121411323],[81.58278045541907,28.252489409771012],[81.58275412921098,28.25269940840467],[81.58291950007364,28.25298987025716],[81.5830389755938,28.253395615937297],[81.583204346147,28.253686077495576],[81.58334708154342,28.25403299401661],[81.58349332108281,28.254208359218303],[81.58410641791203,28.254697760116876],[81.58414711938194,28.254794601289593],[81.5843357485903,28.255028547014078],[81.58452018724924,28.255433981122554],[81.58462472479229,28.255550890742715],[81.58473038785559,28.255647483358672],[81.58521887812253,28.255943325990145],[81.58532285258914,28.25608049161411],[81.58533366273511,28.25653862634279],[81.5852584402887,28.256997072536183],[81.58521411020584,28.257053714203607],[81.5851882850894,28.257227577392204],[81.58505060410057,28.25756898835688],[81.58502540465688,28.25774066354897],[81.58458010479607,28.258340583813972],[81.58468970586908,28.258459808079248],[81.58494035836218,28.258729514722173],[81.58512342084933,28.259114630409726],[81.5852183252391,28.259574640959023],[81.5851881848858,28.259879417898414],[81.58527152709745,28.259976134858643],[81.58565460594241,28.26009861275017],[81.5861051486385,28.26010793239825],[81.58649291964755,28.260040855294662],[81.5867503901712,28.260046421537666],[81.58719724325198,28.26018903122199],[81.58793857685217,28.260567150711704],[81.58835847927388,28.260901691620454],[81.5885257263758,28.261076931737215],[81.58871248016946,28.26130868968927],[81.58901727296612,28.26192574907892],[81.58905215643163,28.2622325275231],[81.58920720493494,28.262845770948484],[81.58922033072587,28.263150361004833],[81.5893516822553,28.263840377591695],[81.58947247321333,28.26414678124994],[81.58959326349981,28.264437430034274],[81.58963327761835,28.264532020826334],[81.58995251984848,28.26463443004968],[81.59037623727694,28.264853810876915],[81.59050178319471,28.2649705968671],[81.59070860562503,28.26526087163021],[81.59077187948147,28.26530119683898],[81.59156010798559,28.26550764163537],[81.59176955878421,28.265703139274354],[81.59187240748143,28.26585837342854],[81.59191041836279,28.266050054899086],[81.59179537186908,28.26633263673373],[81.5916618192269,28.266502559718095],[81.5914639297076,28.26667035644904],[81.59122440169403,28.26679782919191],[81.59122171139745,28.266892606432265],[81.59132468510143,28.267068221543628],[81.59147348970265,28.267128490934798],[81.59194779287589,28.267042909201813],[81.59201112901161,28.267080983661874],[81.59211391465645,28.267236279734046],[81.59212660187526,28.267561188027415],[81.59196722511706,28.267900473249146],[81.59189488188485,28.26818511836636],[81.59188111869673,28.268699769405238],[81.59192063195947,28.268816929054577],[81.59208850464519,28.268971914499247],[81.59225731659724,28.26907056994341],[81.59276756692016,28.26925337896374],[81.59293112365089,28.269561846973144],[81.59303553685821,28.269660689405907],[81.59341911610618,28.26976284896686],[81.59373629392265,28.269941967374418],[81.59459843121745,28.269807312892482],[81.59494093264269,28.26985326793039],[81.59504484500374,28.269970115252903],[81.59498794156688,28.27050302125402],[81.59489546573768,28.270729086142023],[81.594695011678,28.27100985446271],[81.59468225090426,28.27146805109798],[81.59489070048983,28.271701809463718],[81.59507588991498,28.271992147158183],[81.59515554193098,28.272222027398833],[81.5952103693267,28.272567067365003],[81.59533497582596,28.27274030652216],[81.5953744895573,28.272855215826194],[81.59568841499909,28.27314949320676],[81.59577344584478,28.273189818270254],[81.5958356552405,28.27326627928119],[81.59585365987083,28.27340156928906],[81.59578288084397,28.273627572357338],[81.59560662498725,28.273795369006816],[81.59532426766046,28.273904898204382],[81.59500089611853,28.273974040215755],[81.59495644156583,28.274010362956243],[81.59490842081848,28.274200104898892],[81.59496806477301,28.274373656739954],[81.59505090679151,28.27449056744688],[81.59526148300426,28.274647677825264],[81.5957405291398,28.275191780183214],[81.59608840054412,28.2758289093597],[81.59640338943149,28.27608261164682],[81.59657270106776,28.2761630754925],[81.59691720552198,28.276111938661842],[81.59741964841186,28.275798290393666],[81.59793740517533,28.27571477154],[81.59819800444295,28.275605304952375],[81.59876472114365,28.27527327598328],[81.5991162308495,28.27499644920897],[81.59946342495334,28.27485047305025],[81.60006702705206,28.27474851187854],[81.60058259540887,28.27473945299879],[81.60118056636165,28.274867746839078],[81.60169025470877,28.27506856199461],[81.60198417364029,28.275304259483264],[81.60232448595646,28.275424611298916],[81.60266642592633,28.27547050367387],[81.60301211832414,28.275401299094554],[81.60352712345585,28.275412558949768],[81.60395403151212,28.275498650986105],[81.60446378119622,28.275699528467612],[81.6048859974111,28.27597523880322],[81.60513665049848,28.27622919118141],[81.60542706575893,28.27663412629505],[81.60582652231092,28.27694828542895],[81.607018274709,28.2773740488889],[81.60744261714255,28.277573111769083],[81.60790666119,28.277907215063728],[81.6085842841988,28.278265328068606],[81.60892271987399,28.27848270778726],[81.6093776931219,28.279139655986565],[81.61011402204714,28.279727711843346],[81.61050997630424,28.280195353799527],[81.61063239377837,28.280424984339476],[81.6113366420306,28.28141259491654],[81.6115209562187,28.281761574742788],[81.61195811141968,28.282303550610077],[81.61212485875623,28.28247879180169],[81.61259046660116,28.2827565656065],[81.6131023432404,28.282880670578887],[81.61412534606008,28.283207840204838],[81.61489744646123,28.28324267239042],[81.61523944817259,28.28330663203871],[81.61592664215969,28.28332158152046],[81.61635730452707,28.28327444749652],[81.61687618704322,28.28317054841787],[81.61721962830728,28.28315773611597],[81.61764616080183,28.28328215168599],[81.61781616109333,28.283362678048665],[81.6180689396388,28.283537544287817],[81.61840937824967,28.283660146460473],[81.61918479397336,28.283600200334973],[81.61978276492972,28.283726119031495],[81.6202087353216,28.28386860269281],[81.62029482966321,28.283870479185897],[81.62036022937988,28.283834094980634],[81.62064884241838,28.283478430901376],[81.62084660698339,28.283292441356448],[81.62143927263904,28.282827123470096],[81.62152574282963,28.28279061362192],[81.62165460347978,28.282812559083283],[81.6217737711692,28.282922655463654],[81.62190769604666,28.282924282294356],[81.62229715376625,28.282927037426543],[81.62268323419109,28.2830088160441],[81.62307019111695,28.28301601013225],[81.62339375086974,28.282980691031167],[81.6241072699823,28.28279914531562],[81.62429940308753,28.282861416029316],[81.62449028455352,28.2830162761032],[81.62457331413337,28.283151316250176],[81.62461019855131,28.28346034497652],[81.6247114191544,28.283766811329752],[81.62492093033121,28.284056961305826],[81.6251112489133,28.284234390240563],[81.62562056004553,28.284566056026918],[81.62649638223677,28.284887034954817],[81.62664543733628,28.284983377677122],[81.62687702031256,28.285237329855832],[81.62695767079312,28.285505533613236],[81.62727422270098,28.285797498577594],[81.62752944095956,28.285954297530832],[81.62778265715306,28.286187868139745],[81.62816535884402,28.286443385094344],[81.62861120912021,28.2867189083673],[81.62873956904392,28.286758921728648],[81.62996402558349,28.28685258837907],[81.63054142613228,28.28705302807445],[81.63086235712586,28.287114737813283],[81.63215327716658,28.287133569581478],[81.63260619710054,28.28708181004937],[81.63368166188069,28.287097076572135],[81.63432834091125,28.28704900675736],[81.635683097068,28.28708784604406],[81.63761356474305,28.287365448941202],[81.63831982587796,28.287567515705828],[81.63889616298161,28.287806280302647],[81.639366273653,28.28796658248555],[81.63979987564103,28.287779469982947],[81.64010186395912,28.28774646319373],[81.64049038551687,28.28769495299399],[81.64127068044189,28.28739793645598],[81.64185346273649,28.287311668264177],[81.64204922393601,28.28721820521228],[81.64263388339562,28.287034908110556],[81.6430901194852,28.286791279169154],[81.64348108025709,28.2866246720519],[81.64386947658552,28.286552905525472],[81.64423786629787,28.286442814736017],[81.6446085704982,28.286181429207872],[81.6452463191417,28.285499174281842],[81.64531753744156,28.285155823479844],[81.64527777512566,28.2850025287176],[81.64517286280898,28.284847294640155],[81.6449389650056,28.28472881926651],[81.64446685183847,28.28466335733296],[81.64433943001566,28.284566890217867],[81.64417224649871,28.284332944426165],[81.64409059410431,28.284103125959035],[81.64392240911403,28.283907566775994],[81.64371045690295,28.283752894528774],[81.64358209717669,28.283712881641275],[81.64347580880305,28.283634419201174],[81.64330962574712,28.28334395731989],[81.64305734795586,28.28305174420313],[81.64297569535,28.282821988336952],[81.64311193916461,28.282478326490242],[81.64330901565384,28.282290085350716],[81.64350477733795,28.282196623323316],[81.64376437512357,28.28212316685235],[81.64411206967036,28.28195674681465],[81.64437448386795,28.2817298708544],[81.64444144783057,28.2816144627036],[81.6445092257574,28.28144485063877],[81.64453680267297,28.281155829319843],[81.64458200915935,28.281042796438328],[81.64480209540375,28.280759652802143],[81.64496222451788,28.28024656649237],[81.64495886180423,28.27927159294538],[81.6448604574033,28.278809456778564],[81.64486327276848,28.278637906475222],[81.64474229612357,28.27823447370697],[81.64478837802395,28.27806273686947],[81.64490036078469,28.277816227787437],[81.6450551719819,28.277589788573746],[81.64586004252867,28.277048888815205],[81.64599134314636,28.276937670222313],[81.64623400128708,28.27659569716198],[81.64634448251805,28.27642596108592]]]}},{"type":"Feature","properties":{"province":"Lumbini Province","district":"Bardiya","municipality":"Basgadhi Municipality","ward":"7","wardNumber":7,"sourceMunicipality":"Bansagadhi","sourceType":"Nagarpalika"},"geometry":{"type":"Polygon","coordinates":[[[81.42656836495829,28.268676505886628],[81.42698398677379,28.26678170567426],[81.42705614362904,28.266497060505348],[81.42719369993658,28.266155836746506],[81.42764269124744,28.26544125765045],[81.42821535069436,28.264902294335315],[81.42882364437794,28.26464997712644],[81.42902234660222,28.264464175704948],[81.42948077161469,28.26418966277354],[81.42980539512105,28.264100640257915],[81.43039255535928,28.26382788054147],[81.4307216205961,28.263569621022135],[81.43104855700889,28.26340607665827],[81.43131209707671,28.26318182697836],[81.43164009729617,28.262979896627783],[81.43205300405245,28.26280028667698],[81.43253631585854,28.262392547236907],[81.43279891713796,28.26222694004103],[81.43344759847798,28.26206915100004],[81.43357852449982,28.261978439173127],[81.43390433578605,28.261851030517843],[81.43429723599014,28.261630845887016],[81.43458084433883,28.26146755115717],[81.4347128327267,28.26133613924044],[81.43484325763833,28.261281561908355],[81.43529724124411,28.261178537891567],[81.43555808999794,28.261069383714258],[81.43652257435433,28.26114979389159],[81.43678073295851,28.26115573644556],[81.43697493077279,28.261123541867544],[81.43723190110678,28.261147551956846],[81.43786957312143,28.261409511010534],[81.43812710684186,28.261415453770187],[81.4384473500386,28.261500232037804],[81.43891633516763,28.261645405933745],[81.43891802464263,28.261586701062676],[81.43891015411555,28.26107217456313],[81.43898062204562,28.26084404622286],[81.4392458501365,28.26056553060343],[81.43985733500736,28.260179861892038],[81.44020590513142,28.260016255585377],[81.44064363510104,28.259701106047313],[81.44099158085703,28.259537500341086],[81.44105816871532,28.25946279109033],[81.44155979841327,28.25917002359004],[81.44239380738931,28.258521781197622],[81.44243945057073,28.258458513654652],[81.44244895420492,28.258444947013956],[81.44280377889798,28.258109790855563],[81.44326245355096,28.257911862904514],[81.44404418602852,28.257717565369045],[81.44490969895509,28.2575860993581],[81.44508407760885,28.257531336190443],[81.44526283476098,28.25730733429139],[81.44535843830809,28.25700462244545],[81.44560003077265,28.256857144575694],[81.44586544543185,28.256635082060463],[81.44621520330601,28.256471412971063],[81.4465245728007,28.25622890872567],[81.44687326722708,28.25610362631606],[81.44739790442601,28.255849245165432],[81.4476582527054,28.255778352815476],[81.44878192454574,28.255668583813353],[81.44904346138068,28.255579686023108],[81.44924166269347,28.255432332761146],[81.44933332389422,28.255262784072332],[81.44933776611697,28.255109301052492],[81.44938334634057,28.255034654642277],[81.44953771819937,28.254923561634314],[81.44968814973001,28.25492756509168],[81.45000501463957,28.255125126627277],[81.45102576460762,28.255548325397168],[81.45115180933152,28.2556652364644],[81.45127328912021,28.25591537386824],[81.45150587339504,28.256052292038145],[81.45161297579979,28.256074486963616],[81.4517851023785,28.2560784278947],[81.4522881065022,28.25584205151753],[81.45254789172974,28.255789289535844],[81.45332230501826,28.255825059398532],[81.45417943581717,28.25597792713037],[81.45443803181298,28.25596355055315],[81.45470182056793,28.25579788023088],[81.45478847872936,28.255781814134284],[81.45504601138862,28.255805761905183],[81.4551788107029,28.255868531749467],[81.45521582393978,28.2558864750927],[81.45559214650967,28.256257588347296],[81.4561303987851,28.256955424983747],[81.45654097998049,28.25759274130422],[81.45668071495413,28.257939845333283],[81.4568655294088,28.258230369968963],[81.45706016115379,28.258441934800825],[81.45710674106114,28.258457502158617],[81.45723885153872,28.25850220443362],[81.45758622244148,28.259119452096304],[81.4578770754081,28.259470621377062],[81.45806195194946,28.25977908862531],[81.45833110982709,28.260128006681025],[81.4585191775244,28.2603034355855],[81.45877289502806,28.260462859994828],[81.45915634880545,28.260565332116787],[81.45967066568117,28.260577154236522],[81.45990819273382,28.26054471037514],[81.46012458721347,28.2604718164446],[81.46051573552654,28.26028995561996],[81.46077320659654,28.260295835398463],[81.46115497261576,28.260457012215422],[81.4614513926105,28.260616250411488],[81.46152286163345,28.2603497353344],[81.461679423281,28.260143801668168],[81.46183304422198,28.26001238996385],[81.4627224441406,28.259670800040414],[81.46285462110717,28.25955751847735],[81.4629000142103,28.259464866728372],[81.4628833225215,28.2592911281766],[81.46259465948623,28.25884749519705],[81.46251744801467,28.258538590340162],[81.46217807246674,28.258458438576877],[81.46211492386118,28.2584428080586],[81.4622501660466,28.258164790066665],[81.46198094586764,28.25781593499982],[81.46183332986016,28.25771709184207],[81.46155585232843,28.257654882094428],[81.46138597780998,28.25757416900865],[81.46125993248165,28.257457258683917],[81.46126725130809,28.257229253876808],[81.46164921423534,28.25670435457811],[81.46176088216268,28.256591135262514],[81.46202348235659,28.256445846137936],[81.46215615888381,28.25633481471571],[81.46241769598306,28.256225598371387],[81.46286948925241,28.256237607645843],[81.46317260324577,28.256186908715566],[81.46356725405164,28.255948655895025],[81.46374663728413,28.25572453024217],[81.46377727856108,28.255440071948456],[81.46369787712219,28.255207877457558],[81.46355532792097,28.254957865122925],[81.46322289658815,28.254568497385],[81.46310085513285,28.25433874075609],[81.46306478224058,28.25410867266492],[81.46313305963686,28.25397750971693],[81.46370709367235,28.253512880446277],[81.46411581892406,28.252836687096746],[81.46416246376744,28.25272371668134],[81.46417140835405,28.252439383556993],[81.46422143067527,28.252211192047174],[81.46435579650979,28.25204370700079],[81.46449510315296,28.251702421491604],[81.46454906655698,28.25136144721137],[81.4647812238414,28.25081447637085],[81.46493778537847,28.25062892413657],[81.46513260792699,28.250594353748546],[81.46546073345347,28.25043074706639],[81.46592197242072,28.250117723106033],[81.46697331164127,28.249531876732778],[81.46778280788972,28.249131831178413],[81.46793818094257,28.24896434674392],[81.46814251254843,28.248627313168925],[81.46825918504942,28.248344730987494],[81.4685311689429,28.247892476932247],[81.46855617913997,28.247779568810405],[81.46872055964518,28.247345693289617],[81.46866229135597,28.24713375548417],[81.46854187562687,28.24684529429704],[81.46849486696361,28.246292506785593],[81.46845485373315,28.246177535051068],[81.46846542507062,28.24583443496676],[81.46882744456008,28.245271211639576],[81.4693664686086,28.244540378477446],[81.46947870028787,28.244409091046162],[81.46976456019364,28.244207222948248],[81.46989886330725,28.244039800641062],[81.47001328444574,28.243813672656046],[81.47006549508099,28.2435291522889],[81.47004880416762,28.2433576642043],[81.47003724188725,28.243050761998568],[81.47004280960635,28.24286114355872],[81.46996262711801,28.240572971954805],[81.46988885571776,28.240171477439475],[81.47006886418544,28.239929346644253],[81.47018760122026,28.239570117780445],[81.470226499789,28.23899895044357],[81.47029978089803,28.23871436735921],[81.47032836860541,28.237800225320452],[81.47035713305641,28.23755409020017],[81.46991265838679,28.237314139578906],[81.46951251332989,28.237019861375956],[81.46934332555844,28.236939210744527],[81.46899919729944,28.23693132935249],[81.46884989250516,28.236870934381663],[81.4685990532189,28.23663705045875],[81.46819784449467,28.23637890743996],[81.46775949931396,28.235949338652127],[81.46725281570829,28.235614796765898],[81.46679283820525,28.235185290183473],[81.46647540937381,28.235005796682465],[81.46624401369864,28.234828367135197],[81.46577840617422,28.234570348284922],[81.46497880384781,28.233979539777685],[81.46480899153313,28.233901139752284],[81.4644454821796,28.23381661112642],[81.46431949984216,28.23371776767332],[81.46420308739363,28.23331414782789],[81.4641049924565,28.23300755701204],[81.46382477388362,28.232315601063913],[81.46367934714387,28.23214004743609],[81.46318786341288,28.23132924113601],[81.46298929751119,28.230790518194016],[81.46288669957782,28.23063515918115],[81.46265692965973,28.23040121225079],[81.46215043263932,28.230084676236213],[81.4618107455223,28.22992562537273],[81.46146936945586,28.229820652732013],[81.46129743126421,28.229816774556475],[81.46103545649622,28.22994399630089],[81.46042603741138,28.230158239854834],[81.46027685758047,28.23011810115271],[81.46002482920997,28.22990228433028],[81.45994280016087,28.229785186962335],[81.45974304670735,28.229266781961552],[81.45976831782555,28.228467797892826],[81.45961189283182,28.227949206568535],[81.45950985745,28.2277757792818],[81.45930071999979,28.22758009482413],[81.45906763437381,28.227461306877732],[81.45864091432671,28.22733626542279],[81.45841008084231,28.227140767678954],[81.45828303491457,28.22708024854449],[81.45792797030023,28.226729391115263],[81.45756021746163,28.226091950098866],[81.45750251213103,28.22586188118529],[81.45744506754652,28.224945736922727],[81.45737473639694,28.22442914768882],[81.4574230072598,28.224259723146332],[81.45745865267095,28.223803715122035],[81.45755200252184,28.223577711892162],[81.45784230439557,28.223240428992867],[81.45798899253379,28.222673452112343],[81.45828098235808,28.22227977742067],[81.45841860034884,28.2219971965533],[81.4584686224523,28.221769129864974],[81.45847925736089,28.221428279725693],[81.45841992460755,28.221254666048925],[81.45829794521262,28.221042977770455],[81.45775511544902,28.22118244963575],[81.45736165313487,28.221382378391738],[81.45696987939488,28.221525853086085],[81.4567095938082,28.2215944327682],[81.45593155177487,28.221691827258482],[81.4557955603135,28.22191576603542],[81.45544791854067,28.22270905701427],[81.45526922294546,28.22293312037461],[81.45517975075596,28.223016894011835],[81.45420387231758,28.22393871500295],[81.45352223647252,28.224399154842263],[81.4529465763997,28.224902108222274],[81.45285948103732,28.224938429784427],[81.45263633061727,28.22519887913944],[81.45214077120214,28.225207187405722],[81.45181877601972,28.2251631087087],[81.4513743635524,28.224923095529544],[81.45124450240961,28.224939410593223],[81.45113402221797,28.225032249550278],[81.45108794096342,28.225127151680283],[81.45105173358476,28.225603540619108],[81.45095838239807,28.2258295440201],[81.45084733939836,28.22594044951254],[81.45049764380397,28.226104118217386],[81.45008917870759,28.226076105162637],[81.44957867928666,28.225874665104072],[81.44919241097516,28.22582858437424],[81.44886885191983,28.22584089669501],[81.44860912961475,28.225891408700104],[81.44751078204753,28.225888269733893],[81.44654579852092,28.22577178562811],[81.44570779899524,28.225713633454305],[81.44481046821551,28.225481867524294],[81.44372569405395,28.225052040538102],[81.44340995568955,28.224816092721717],[81.44324470936742,28.22460221588358],[81.44271426587433,28.22433988198262],[81.44233143699688,28.22419664797768],[81.44157191178509,28.223700368089023],[81.44125173057988,28.22361558954397],[81.44099307137412,28.22360970980721],[81.44080168877018,28.223549377430043],[81.44071847149955,28.22345034718259],[81.44072297525227,28.223299115832496],[81.44097176132807,28.222921382487396],[81.44091186641064,28.22276808674269],[81.4405585536039,28.222358524643465],[81.44002648273981,28.22217290149997],[81.43989937445993,28.222094314619007],[81.43926020180803,28.22188649601331],[81.43791232764222,28.22160420933853],[81.43688244473957,28.2215036052012],[81.43604338206134,28.22148152539683],[81.43527140818617,28.22136667037965],[81.43475984435163,28.22120124024055],[81.43450575213652,28.221062071565925],[81.43373728105264,28.220852438638374],[81.43284676791099,28.220410673039964],[81.43227086796605,28.22024324187538],[81.4320771707178,28.22023704975761],[81.43143580872119,28.220108192481238],[81.43072429222255,28.220128501675422],[81.43008117887462,28.220035717173882],[81.42956961567573,28.219870349426305],[81.42892768976783,28.21975949662927],[81.42879945539875,28.21971704568019],[81.42811076116567,28.21970115753139],[81.42733778609187,28.219642631248632],[81.42714521503346,28.219600365843327],[81.42675788296924,28.219590295960202],[81.42566591542392,28.21941085494905],[81.42528083596295,28.21932407466021],[81.42470543674908,28.219138450809563],[81.42425545658463,28.219069987720196],[81.42297317023359,28.218771510102183],[81.42265073832566,28.218743185274377],[81.42220132167311,28.218656529047035],[81.4214971870707,28.21844664701751],[81.42124034182318,28.218402255485195],[81.4207937398628,28.218238889367946],[81.4204718713934,28.218192434366454],[81.4193410789664,28.217859635367006],[81.41929556014266,28.217952350060102],[81.41924491287358,28.218180415770213],[81.41917105729306,28.219173706315523],[81.41864727499036,28.22076416656434],[81.4184986479778,28.221371781086404],[81.41822585105798,28.22182397245365],[81.4175561519102,28.222588875901955],[81.41622401017467,28.22387486254957],[81.41600348791279,28.224022277913626],[81.41589188136798,28.224153502520696],[81.41522831298859,28.224708469434674],[81.41442355988681,28.22566336495796],[81.41356060137373,28.22638819215555],[81.41349764001563,28.226424452422524],[81.41340741817285,28.22647890405854],[81.41239058799272,28.227294506575202],[81.41216906497668,28.227500563671747],[81.41156582929966,28.228190696968056],[81.41134536894444,28.228358430640036],[81.4111869935238,28.22858455724973],[81.41111634023196,28.228772111516264],[81.41106681823977,28.228982173086173],[81.41112383507583,28.229232497251594],[81.41126801057311,28.229444185307777],[81.41171123489084,28.229722710259818],[81.41203366677705,28.229730841531197],[81.41268822839308,28.2294805259382],[81.41279526767393,28.229482465564107],[81.41294400958026,28.229560990906034],[81.41310981846796,28.229756862571946],[81.413391852088,28.23037435997248],[81.41349757654626,28.230532094751588],[81.41374178715988,28.23089920517102],[81.41407671928285,28.231193858087735],[81.41438557768785,28.231642055995454],[81.41452806471644,28.231912449697802],[81.41470468413941,28.232451297148607],[81.41499591322787,28.232784461170485],[81.41518498190536,28.232921565821616],[81.4153144050274,28.2329256310023],[81.41550972809956,28.23287318134637],[81.41557356399119,28.23289325036739],[81.41576156915593,28.233070992363906],[81.41639286031415,28.23354526369129],[81.41670503426207,28.233876115001525],[81.4171489457862,28.234154577084094],[81.4172743031085,28.234273801087],[81.41750225866602,28.234564263695002],[81.41758253529056,28.234740065969127],[81.4177078929118,28.2348570393569],[81.41796035904393,28.235054850356253],[81.41863604231351,28.23547260621801],[81.41876202547138,28.23558957969874],[81.4188833800294,28.23582164903703],[81.41915635299274,28.236057784681787],[81.4192999027624,28.236271724466956],[81.41947946316988,28.236733861499744],[81.41946757724057,28.237115348528892],[81.4195052136994,28.237288962168318],[81.41971266248125,28.237543414707964],[81.4201531332737,28.237916654566366],[81.42053427326802,28.238116342452866],[81.42108184601432,28.238511903286724],[81.42135419369643,28.2387480376503],[81.42147842520218,28.238903397403345],[81.42155707628949,28.239135591667146],[81.42155032071976,28.239363533908236],[81.42142789254463,28.239819853371007],[81.42122230996277,28.240197398988304],[81.42123662460534,28.240427529454337],[81.42129533057128,28.240619274189694],[81.42148389866496,28.240776572499684],[81.42180589296618,28.240823026947968],[81.42206167474957,28.24090574191308],[81.42216596189304,28.241002459065736],[81.42213751103438,28.241232713661724],[81.42157535121844,28.24198148962105],[81.42159185484459,28.24213497166386],[81.42171671224956,28.24229026915277],[81.42196010844918,28.24275672168994],[81.42197429731063,28.24298460126307],[81.42205814033001,28.243063312660734],[81.42218637493103,28.243105826961184],[81.42251162267124,28.2430168045086],[81.42277422299517,28.242889645311084],[81.42303119312949,28.242936162007002],[81.42347685534945,28.243155981850332],[81.42366373433252,28.243372110014935],[81.42384786129706,28.243680640368364],[81.42386436518586,28.2438341231774],[81.42374994338182,28.2440601257952],[81.42338930162691,28.24456683267179],[81.4228123270225,28.24510798414312],[81.42257079770201,28.245253211306714],[81.42230863517483,28.245362365056913],[81.4221753962885,28.245491401339375],[81.42213737327852,28.246026432943324],[81.42185037691465,28.246936821696472],[81.42187381432714,28.24754837598504],[81.42178052583598,28.247794697110823],[81.42155943997358,28.247960117853314],[81.42121862743612,28.24783707753927],[81.42104600085705,28.24785114191045],[81.4206956794205,28.2480350041105],[81.41991063108362,28.248357902452153],[81.41947815586931,28.248404410183564],[81.41938930877595,28.248499437167496],[81.41940693875922,28.248614596656754],[81.41982746562296,28.248929194026537],[81.42007367653932,28.24931887361491],[81.42017289759643,28.249587140697038],[81.42027718433546,28.249704239132257],[81.42040479406245,28.249746628134673],[81.4208007584941,28.24948811947332],[81.42093011912135,28.24949224765452],[81.42101508768368,28.249532635378678],[81.42105547617162,28.24960922053627],[81.42100251464943,28.24991405958223],[81.42074234354345,28.250671028354983],[81.4205600204894,28.25097167640953],[81.42033956053224,28.25113934867236],[81.42029397981717,28.25121399445424],[81.4202860980583,28.251482573096183],[81.42041145548623,28.25159954662658],[81.42098866848069,28.251726403555594],[81.4212468272238,28.251750475843927],[81.42167923985679,28.25168364906651],[81.42178471530127,28.251762360960086],[81.42219454599574,28.252438126654173],[81.42246751963039,28.252653943773566],[81.42275931076578,28.252964475716876],[81.42314113815478,28.253164163531277],[81.42352571720272,28.253248755876495],[81.42358961585238,28.253289206173474],[81.42358617506956,28.253383983796216],[81.42349620259347,28.253515146263624],[81.42336402706148,28.253608109583467],[81.42318971001632,28.253678627582175],[81.42301702131633,28.253674624824164],[81.42275723562697,28.253727324661465],[81.42218351433978,28.254153442379373],[81.4220496504513,28.254302797014912],[81.42202570230735,28.254377318895372],[81.42206052405315,28.254645834956218],[81.42212323371844,28.254704290934907],[81.42225146880345,28.254744554607765],[81.42255458280816,28.25469391784062],[81.42268162942446,28.25475449954912],[81.42272270556917,28.254831085547575],[81.42276090552005,28.254984443142416],[81.42261740669156,28.255438511786306],[81.42269612051227,28.255668455643576],[81.42283973244847,28.25590052511715],[81.42299546979582,28.256437184894597],[81.42319078907424,28.256678070368366],[81.4232650658773,28.25676809789403],[81.42343149963177,28.25696165668886],[81.42372785799616,28.25712095656706],[81.42408580037161,28.257395228947658],[81.42410342943033,28.25751020032484],[81.42401345624634,28.25764142518255],[81.42388078027443,28.257752456352232],[81.42350920162127,28.25791612514996],[81.42346199394171,28.25804716306309],[81.4234596798881,28.25812387308889],[81.42356396756699,28.258220589830856],[81.4237133348945,28.25828110962078],[81.42390140248051,28.25845872646318],[81.42396892710164,28.25845860215231],[81.424390208879,28.25847761256318],[81.42455720664454,28.25863953716794],[81.424993423148,28.259202457594903],[81.4252603908809,28.25966653469247],[81.42561451700475,28.260094227335788],[81.42587973278481,28.260614758140694],[81.42603628198864,28.261191991268976],[81.42602914981539,28.261476387102178],[81.4259830682071,28.261589357429493],[81.42580487309658,28.261815671973274],[81.42575779048555,28.261985095734037],[81.42588039545491,28.26221716574005],[81.426175627464,28.262414852319775],[81.426238399922,28.262491374973923],[81.42634218686122,28.26262872965051],[81.42638157393586,28.26276176886408],[81.4263338658848,28.262933443954694],[81.42615291796994,28.26327254080661],[81.42593101844004,28.263553057546908],[81.42588493719258,28.263666090933377],[81.42597977818573,28.264126164001436],[81.42597539890271,28.264297714636037],[81.42592931679384,28.26441068483969],[81.42579613997327,28.26457810733966],[81.42553416460748,28.264725646701287],[81.42544425395506,28.264877127592225],[81.42543987470195,28.265048678153917],[81.42547982486579,28.265163650247764],[81.42581119165672,28.265627602534572],[81.42593210701787,28.26591606351114],[81.42594329330751,28.26631774411654],[81.42589721113603,28.266430714239696],[81.42534555928981,28.266971866154897],[81.4253428064514,28.267084712059408],[81.42540382752063,28.267201872102696],[81.42586611906185,28.267593117717222],[81.42590231569322,28.267861633665348],[81.42583016014257,28.26814621666254],[81.42591174995638,28.268319705714642],[81.42612151290055,28.268495134840485],[81.4264390035009,28.268674691779754],[81.42656836495829,28.268676505886628]]]}},{"type":"Feature","properties":{"province":"Lumbini Province","district":"Bardiya","municipality":"Basgadhi Municipality","ward":"9","wardNumber":9,"sourceMunicipality":"Bansagadhi","sourceType":"Nagarpalika"},"geometry":{"type":"Polygon","coordinates":[[[81.48710324484018,28.329350783145706],[81.48715833514316,28.328838259020813],[81.48732647252386,28.32809741879505],[81.48739518823605,28.3279279325136],[81.48761746362611,28.32758858515009],[81.48773157329636,28.32730600375614],[81.48787438568692,28.326736838024942],[81.48817401029693,28.325884904158823],[81.48829243612595,28.32542858420988],[81.4884519399377,28.32503309530719],[81.48854766930398,28.3246332288124],[81.48870448149056,28.32435058552453],[81.48875156430046,28.32418116137494],[81.4889310744221,28.32384200163305],[81.48910795678553,28.32361568704461],[81.48937093282683,28.323393563209336],[81.49009640261058,28.32266648298651],[81.49031817814728,28.322365522473195],[81.49064492799245,28.32214314897565],[81.49123096366026,28.321870200380204],[81.4921372442198,28.321643519987195],[81.49233256790968,28.32155249537656],[81.49330487395319,28.321248792743784],[81.49382582243595,28.320976093610962],[81.49428043278334,28.320814239657807],[81.49469365307601,28.320575737158364],[81.49493549714872,28.320331168088373],[81.49519791082302,28.320127048607834],[81.49545757250989,28.32002001997346],[81.49603979162589,28.31989830419531],[81.49636116165206,28.319906122614256],[81.49674799417905,28.319857363056904],[81.49686016192571,28.319841171671587],[81.49727350278837,28.319884752040018],[81.49866084323371,28.319299659111305],[81.49896646060955,28.319077410427813],[81.49966066245165,28.318765639433643],[81.50052473935231,28.318514201102815],[81.50112646520711,28.3184691326501],[81.5017253752456,28.318518841368384],[81.50309019299883,28.318852330290508],[81.50360263407099,28.31893842443851],[81.50420217018652,28.318970065363494],[81.50549484362762,28.31874638998173],[81.5057540048013,28.318675434678568],[81.50642644808644,28.318363726004073],[81.50655799868524,28.318252695217147],[81.50673156531008,28.318159482314286],[81.50688525001266,28.318028008676855],[81.50661627954975,28.31764082906334],[81.50634499591,28.317310104163575],[81.50596617154038,28.31703389377595],[81.50499143869631,28.316536485638085],[81.50435770844277,28.31614161280819],[81.50397944601625,28.315829329163083],[81.50354210388294,28.31530285698299],[81.50315739733341,28.315256838750972],[81.50296307448095,28.315291472128006],[81.50270829312421,28.31521113222673],[81.50260381853619,28.315094159490922],[81.50244989711018,28.314363505928803],[81.50221937641557,28.31414768962165],[81.50213447051514,28.314109615018804],[81.50194183556158,28.314105861693204],[81.50168267489384,28.314176754226537],[81.50135642580838,28.314360742317437],[81.50116166433412,28.31443369832743],[81.50096790395398,28.314447887731856],[81.50084079446017,28.314389744283318],[81.50056800858397,28.314153797464115],[81.50029741256782,28.313823009235573],[81.499620916432,28.313407942461033],[81.4993281235146,28.31311566567809],[81.49914305892011,28.312804884714865],[81.4990075804771,28.312191515386402],[81.49890635849287,28.311959445901863],[81.49869909732847,28.31166904587913],[81.49851015434783,28.311493680146178],[81.49825643743371,28.311354698175485],[81.49793713131947,28.31125203955311],[81.49710338389993,28.311158064471826],[81.49686067152412,28.310930995701113],[81.49677351549802,28.310836529236177],[81.49639581710039,28.310503864475603],[81.4962085629612,28.310269855892145],[81.4953159976104,28.30904761218689],[81.49521953082721,28.308587538181943],[81.49497538514132,28.30804906528396],[81.49404836208609,28.307359538825132],[81.49386329772366,28.30705100916142],[81.49352723884532,28.30675654396581],[81.4930044890282,28.306212315505757],[81.49236576717132,28.305129052714193],[81.49223972154432,28.305030208986175],[81.49205346859124,28.304739747276304],[81.49158929948031,28.304443529679318],[81.4915075216984,28.304270040426005],[81.49136196973458,28.30407648205686],[81.49111081761421,28.303822341782205],[81.49092625331225,28.30347548748635],[81.4908888677751,28.30324548259697],[81.49078871036872,28.302956833875204],[81.4907059309724,28.302842048925104],[81.49052299327936,28.302436491034147],[81.4903146696993,28.302184476333647],[81.49004132101194,28.301948466808813],[81.48987200920755,28.30186781567395],[81.48955545639866,28.301652311664256],[81.48930117554052,28.301531335494957],[81.48853239044455,28.30140097574317],[81.48818876159685,28.30141122451086],[81.48759160299416,28.30130274826627],[81.48708078899094,28.301139881667414],[81.48623404267498,28.300680236674772],[81.48566696311761,28.300192524632763],[81.48556342487655,28.30013644404872],[81.48488473966329,28.299773267772835],[81.48428632904647,28.299685171584827],[81.48317948332121,28.299373066951],[81.48249466522786,28.299339423875328],[81.48176801981728,28.29922688224214],[81.4816842396532,28.299168489624176],[81.4816020236448,28.29903338594511],[81.48154519463243,28.29874467600447],[81.48136081774759,28.298418077445753],[81.48119206943628,28.298299041161517],[81.48085338217358,28.29813999034108],[81.48008947674121,28.297817699476656],[81.47881507022424,28.297368552381574],[81.47856135203988,28.297229570414164],[81.47824542530117,28.29701400357866],[81.47786835180462,28.296661020661404],[81.47778407087394,28.29662063258889],[81.47661127387366,28.295527923572017],[81.47591132969168,28.295243768856224],[81.47531467163103,28.295099156698072],[81.47471526003602,28.295065077415575],[81.47445941483258,28.295020874068516],[81.47428741324077,28.29503725187645],[81.47394878915374,28.294875950054116],[81.47371945687743,28.294623936025296],[81.47362267736985,28.294220378749717],[81.47352101721324,28.294008503546124],[81.47314675925155,28.293562993126077],[81.47289516947592,28.29332685788934],[81.47154674104402,28.292419763522197],[81.47129802796923,28.292109169707913],[81.47117692460506,28.291820770983353],[81.47118831123832,28.29136476248109],[81.47135945004906,28.290567468296132],[81.47149525528955,28.290284886868175],[81.47180862944269,28.2897940590219],[81.4718129460935,28.289624821804697],[81.47179725664166,28.289394629303935],[81.47128576654728,28.288468851256408],[81.4711240876231,28.28808348602876],[81.47115178894322,28.287855419408228],[81.47126489664915,28.28762935495606],[81.47125296100545,28.287247993025947],[81.47134881436145,28.28686850789417],[81.4713780800429,28.286563731383374],[81.47117976516967,28.285948298519155],[81.47097525771403,28.285563058109283],[81.47074994244483,28.284338320298826],[81.47060839363938,28.28402960313152],[81.47027796544724,28.283545520162953],[81.47022013465674,28.283295195900685],[81.47024339524478,28.283220674374636],[81.47054907507673,28.28301649287031],[81.47085694462837,28.28271978446014],[81.47107433972705,28.282590374192104],[81.47126910158029,28.282519731221328],[81.47194698732022,28.282018591946457],[81.47216932438596,28.28171994402073],[81.47219427339564,28.281586655625386],[81.4721224427189,28.281049872216567],[81.47196451621919,28.280513213003868],[81.47175800609922,28.280222750276707],[81.47158982024712,28.280103713138843],[81.47133885513709,28.279851886180158],[81.47107451500504,28.279311161783504],[81.47093609560412,28.27885115027636],[81.47090158725777,28.278544373036762],[81.47091140872597,28.278162885610413],[81.47098556690169,28.277783463169943],[81.47124098728567,28.277026556706698],[81.47137572855793,28.276800366531745],[81.47163121056231,28.27604346015674],[81.4716199620034,28.275662035564068],[81.47138482437768,28.27481878572462],[81.47118269280418,28.274356834950467],[81.47087339701235,28.27389069468623],[81.47060855604715,28.273370289104225],[81.47038091387837,28.27305963209365],[81.47002566119801,28.272708775005874],[81.46960544691068,28.27237623538113],[81.4692458148632,28.27219686564861],[81.46784286043484,28.271725523402463],[81.46743664687169,28.27167950509993],[81.46670324544846,28.27185354739412],[81.46623976477589,28.271536886527183],[81.46603050203454,28.271343514631575],[81.46586938579695,28.27093783084132],[81.46557853229619,28.270589037734833],[81.46507403694181,28.270216109375415],[81.46467220220048,28.269996290828313],[81.46451390155784,28.269498079613786],[81.46428794695287,28.26913090653474],[81.46410081872727,28.26889689848586],[81.4636618487964,28.268487585524337],[81.46330440686906,28.268211250354046],[81.46307513760885,28.267959236081385],[81.46295465942175,28.267650456825482],[81.46294115893896,28.267345742056904],[81.46301537992774,28.266966381534885],[81.46302964386479,28.26643147532149],[81.46317264216158,28.265900632971608],[81.46311493722222,28.265670627321846],[81.46298995517512,28.265515330249016],[81.46271691871772,28.265299576440007],[81.46221023482443,28.265003358498973],[81.46216965857695,28.264906454735883],[81.46216241348394,28.264410058662744],[81.46221781555418,28.26395386310006],[81.46218100440822,28.262958695747404],[81.4621393022399,28.26290242905684],[81.46210485683552,28.26259558841714],[81.46202326567187,28.262440166844087],[81.46192667357506,28.26205686563009],[81.46166683733267,28.26136484735972],[81.46153129487386,28.260828125889276],[81.4614513926105,28.260616250411488],[81.46115497261576,28.260457012215422],[81.46077320659654,28.260295835398463],[81.46051573552654,28.26028995561996],[81.46012458721347,28.2604718164446],[81.45990819273382,28.26054471037514],[81.45967066568117,28.260577154236522],[81.45915634880545,28.260565332116787],[81.45877289502806,28.260462859994828],[81.4585191775244,28.2603034355855],[81.45833110982709,28.260128006681025],[81.45806195194946,28.25977908862531],[81.4578770754081,28.259470621377062],[81.45758622244148,28.259119452096304],[81.45723885153872,28.25850220443362],[81.45710674106114,28.258457502158617],[81.45706016115379,28.258441934800825],[81.4568655294088,28.258230369968963],[81.45668071495413,28.257939845333283],[81.45654097998049,28.25759274130422],[81.4561303987851,28.256955424983747],[81.45559214650967,28.256257588347296],[81.45521582393978,28.2558864750927],[81.4551788107029,28.255868531749467],[81.45504601138862,28.255805761905183],[81.45478847872936,28.255781814134284],[81.45470182056793,28.25579788023088],[81.45443803181298,28.25596355055315],[81.45417943581717,28.25597792713037],[81.45332230501826,28.255825059398532],[81.45254789172974,28.255789289535844],[81.4522881065022,28.25584205151753],[81.4517851023785,28.2560784278947],[81.45161297579979,28.256074486963616],[81.45150587339504,28.256052292038145],[81.45127328912021,28.25591537386824],[81.45115180933152,28.2556652364644],[81.45102576460762,28.255548325397168],[81.45000501463957,28.255125126627277],[81.44968814973001,28.25492756509168],[81.44953771819937,28.254923561634314],[81.44938334634057,28.255034654642277],[81.44933776611697,28.255109301052492],[81.44933332389422,28.255262784072332],[81.44924166269347,28.255432332761146],[81.44904346138068,28.255579686023108],[81.44878192454574,28.255668583813353],[81.4476582527054,28.255778352815476],[81.44739790442601,28.255849245165432],[81.44687326722708,28.25610362631606],[81.4465245728007,28.25622890872567],[81.44621520330601,28.256471412971063],[81.44586544543185,28.256635082060463],[81.44560003077265,28.256857144575694],[81.44535843830809,28.25700462244545],[81.44526283476098,28.25730733429139],[81.44508407760885,28.257531336190443],[81.44490969895509,28.2575860993581],[81.44404418602852,28.257717565369045],[81.44326245355096,28.257911862904514],[81.44280377889798,28.258109790855563],[81.44244895420492,28.258444947013956],[81.44243945057073,28.258458513654652],[81.44239380738931,28.258521781197622],[81.44155979841327,28.25917002359004],[81.44105816871532,28.25946279109033],[81.44099158085703,28.259537500341086],[81.44064363510104,28.259701106047313],[81.44020590513142,28.260016255585377],[81.43985733500736,28.260179861892038],[81.4392458501365,28.26056553060343],[81.43898062204562,28.26084404622286],[81.43891015411555,28.26107217456313],[81.43891802464263,28.261586701062676],[81.43891633516763,28.261645405933745],[81.4384473500386,28.261500232037804],[81.43812710684186,28.261415453770187],[81.43786957312143,28.261409511010534],[81.43723190110678,28.261147551956846],[81.43697493077279,28.261123541867544],[81.43678073295851,28.26115573644556],[81.43652257435433,28.26114979389159],[81.43555808999794,28.261069383714258],[81.43529724124411,28.261178537891567],[81.43484325763833,28.261281561908355],[81.4347128327267,28.26133613924044],[81.43458084433883,28.26146755115717],[81.43429723599014,28.261630845887016],[81.43390433578605,28.261851030517843],[81.43357852449982,28.261978439173127],[81.43344759847798,28.26206915100004],[81.43279891713796,28.26222694004103],[81.43253631585854,28.262392547236907],[81.43205300405245,28.26280028667698],[81.43164009729617,28.262979896627783],[81.43131209707671,28.26318182697836],[81.43104855700889,28.26340607665827],[81.4307216205961,28.263569621022135],[81.43039255535928,28.26382788054147],[81.42980539512105,28.264100640257915],[81.42948077161469,28.26418966277354],[81.42902234660222,28.264464175704948],[81.42882364437794,28.26464997712644],[81.42821535069436,28.264902294335315],[81.42764269124744,28.26544125765045],[81.42719369993658,28.266155836746506],[81.42705614362904,28.266497060505348],[81.42698398677379,28.26678170567426],[81.42656836495829,28.268676505886628],[81.42707567437347,28.26899541840199],[81.42757791671748,28.269483567912378],[81.42795824285233,28.269739709889986],[81.42812805421629,28.269820423379674],[81.42821458796774,28.269784038946455],[81.42830399728562,28.269670881782144],[81.42842267337434,28.269234942788998],[81.42848932519641,28.269160233535377],[81.42872960392685,28.269015069632346],[81.4290115860185,28.26890585317242],[81.42905591636452,28.26884927447208],[81.42905760558078,28.26879282029471],[81.42891111516664,28.268655653827633],[81.42856917658159,28.268570937036625],[81.42844319357711,28.26847428184378],[81.42842374925827,28.26839763417639],[81.42851422334543,28.26822808577131],[81.42864408490911,28.268191513739804],[81.42920235581852,28.268185269309463],[81.4293756086059,28.2681531371486],[81.42963195377307,28.268195214930387],[81.43066215051338,28.268257370838406],[81.43100728068993,28.26819085529662],[81.4312648763677,28.268214865641436],[81.4315251004693,28.26810796240483],[81.43178269612491,28.26813197266864],[81.43195582383187,28.268079521917144],[81.43229995269536,28.268067146899813],[81.43255585922154,28.26814986209446],[81.43268121667862,28.26826677240971],[81.43269790722434,28.268458579421594],[81.43262912934027,28.268628003399332],[81.43264312994783,28.26891464946114],[81.4328683952191,28.269320146917117],[81.43301601198745,28.26941899016472],[81.43331631089062,28.269445126068153],[81.43353495771863,28.269297773307258],[81.43375698143763,28.26903526116299],[81.43393680339207,28.268734487471786],[81.43407767545811,28.26828041824123],[81.43407262084949,28.267671052519145],[81.43420523540634,28.26752169803523],[81.4344005593941,28.267448865986502],[81.4345554321675,28.267281318576174],[81.43455874794267,28.267166222401094],[81.43439218871636,28.266954596296475],[81.43435336367159,28.266801237588236],[81.43438112825217,28.266573233852284],[81.43444771614469,28.266498525603794],[81.43466242247497,28.266484336712093],[81.43500154628093,28.26666376765407],[81.43516866732172,28.266857326489383],[81.43542394984202,28.266940041710335],[81.43551054429184,28.266921662084165],[81.43562096271792,28.266810756088358],[81.43566704416972,28.266697785807317],[81.43560596072746,28.266562621038045],[81.43557539355297,28.266104485906144],[81.43559865420923,28.266027651333715],[81.4356868757384,28.26593487507969],[81.43611540969111,28.265983144719197],[81.43654056620396,28.26616457811385],[81.4367962855521,28.266226974239657],[81.43730590925855,28.266469051477323],[81.43773381856515,28.266535388792185],[81.43807300471808,28.266714882977617],[81.43819736062768,28.26689049801438],[81.43823624836645,28.267043856155144],[81.43819010418012,28.267156826243664],[81.43807974857634,28.267267795152122],[81.43798927495932,28.26743734346059],[81.43785778702492,28.267548374402985],[81.43774899495851,28.267584821644462],[81.43755091843224,28.26777049901611],[81.43750596301905,28.26784514522101],[81.43750158427144,28.268016695208683],[81.43731563160657,28.268527342548722],[81.43698550349312,28.268844369561233],[81.4368073707878,28.26906837031727],[81.43673859240025,28.269240107362943],[81.43673252391643,28.26946811168484],[81.43685187635786,28.26981302664808],[81.43705951111677,28.270105740160563],[81.43713884973326,28.270335683529556],[81.437242198509,28.270509110932164],[81.4372388205422,28.270624269250153],[81.43704130685244,28.27078962777199],[81.4363691146809,28.2710039332185],[81.43623869042527,28.271058509644256],[81.4361072021175,28.27116954035758],[81.43597239774904,28.271395668046218],[81.43596132464549,28.271813227749444],[81.43604016319802,28.272063489661928],[81.43612287938532,28.2721986550352],[81.4362050326138,28.272333758375122],[81.43635321241818,28.272414533567968],[81.43643711709437,28.272511312970334],[81.43641379422756,28.272567829867455],[81.43594598509314,28.27320576112026],[81.43583218868501,28.27343188833741],[81.43582780978946,28.273603376667694],[81.43588951832055,28.273718286230835],[81.4363490581228,28.274206497155678],[81.43666661159861,28.27438611590994],[81.43683805020115,28.27440812501337],[81.43742533571695,28.274135364714933],[81.43751193144715,28.274119298449232],[81.43759683705113,28.274159685661633],[81.43767561235015,28.274428015524986],[81.43767235917892,28.274543112095504],[81.43791162553666,28.275235255632477],[81.43790618288614,28.27546313453554],[81.43783671669352,28.275632683615402],[81.43780632504904,28.275975783715],[81.43771422464704,28.276201786923306],[81.43755666080284,28.276484430019792],[81.43733407333616,28.27676500986794],[81.43721927603507,28.27704971676604],[81.43708441030275,28.277273593739253],[81.43697399248595,28.27738681290184],[81.43686075863515,28.27761281507118],[81.43685475266047,28.27784081943739],[81.43693571759191,28.278014309188556],[81.43704069343681,28.278111026155585],[81.43731654413055,28.278231940102376],[81.43748860905048,28.2782360051189],[81.43777334370961,28.278034199794202],[81.43788707710021,28.277787816533337],[81.43802788659127,28.277333747709903],[81.43803251592357,28.277182515517982],[81.43810292018256,28.276954324282883],[81.4383004341396,28.276786715420204],[81.43851413858411,28.27683116865784],[81.4386401839839,28.276948078919233],[81.43874128050778,28.27719827857674],[81.43879016494928,28.27777132219048],[81.43887350671184,28.27788848303671],[81.43914710603,28.27808391891874],[81.43968055298832,28.278231155807745],[81.44002030170178,28.278390331711364],[81.44042107296559,28.278666605124048],[81.44046221146864,28.278745503891148],[81.44083915934175,28.27911667899667],[81.44117559331201,28.2793908259999],[81.44147207655143,28.279568257059225],[81.44184902360944,28.279939433224037],[81.44213881315213,28.280346993499794],[81.4422793597313,28.28073242116756],[81.4424664261953,28.280964303638093],[81.44247867568271,28.281309529664977],[81.44236112550952,28.281707144871906],[81.44220193572993,28.282046180533904],[81.44223857075772,28.282276311015693],[81.44240462957183,28.282508192880957],[81.44299252853628,28.2830163495156],[81.4432218603199,28.28328868173699],[81.44356161018715,28.28345010902394],[81.44381970580734,28.28343798316178],[81.44442912622908,28.283147092870827],[81.44460231614927,28.283092391388788],[81.44468834903644,28.28309433064111],[81.44485772301506,28.28319536201234],[81.44496094630604,28.28334847091283],[81.44512200008433,28.28375421640103],[81.44549794642118,28.284181784323813],[81.44567562945421,28.284756705246952],[81.44603050547877,28.28516632956847],[81.44644365051292,28.285805897061813],[81.44650692367671,28.28584403428026],[81.44663077917917,28.28603778017522],[81.44679790145146,28.286213270294542],[81.44686179915787,28.286253658491084],[81.447011042362,28.28627572908914],[81.44727082815757,28.28620489922029],[81.44761946105314,28.28604129253688],[81.44770486754348,28.286043231826632],[81.44793757777647,28.28620271865835],[81.44805918105953,28.28647092433081],[81.44827075823667,28.286610154933662],[81.44846220356631,28.28667267549867],[81.44871979991204,28.28667861755809],[81.44915333844656,28.286555337221323],[81.4493247778448,28.286559277890614],[81.44940974623786,28.2865996026705],[81.44983340054812,28.28683742748573],[81.44995669365838,28.287049178699807],[81.45003290400639,28.287432604895937],[81.4502810537979,28.287781585222703],[81.45086738908952,28.288366451045135],[81.45110066128355,28.288505620400137],[81.45120776405182,28.28850974799172],[81.45154870134978,28.288630537303533],[81.451801856321,28.28880796678833],[81.45215723368402,28.289179142525704],[81.45239038091968,28.28929805579363],[81.4527069333303,28.28953394094533],[81.4530811910571,28.290002145047712],[81.4533576049548,28.29010267820979],[81.45352973200231,28.29010668170994],[81.45395663954233,28.290211342488124],[81.45517914788108,28.29093175626343],[81.45543736745427,28.29108436632562],[81.45611505315134,28.291404781306564],[81.45628442685387,28.291505812998732],[81.45657747010782,28.291759828212943],[81.4567474076756,28.291838290256475],[81.45717581768105,28.2918481115044],[81.45751656822083,28.291932764779517],[81.45769075996583,28.29182154671732],[81.45820526542245,28.291833369389728],[81.45880248611137,28.29196228963825],[81.4589906160643,28.292137655137672],[81.45915386043067,28.29244631017818],[81.4593215452491,28.29260373385785],[81.45972237924113,28.292841620613604],[81.45989000171433,28.29299679310104],[81.45993045301176,28.293073378582843],[81.4599271994767,28.29320654292455],[81.4597924583941,28.293432669663755],[81.45976369321016,28.293719378418878],[81.45986372654428,28.294007964360635],[81.45998583078232,28.294237721240446],[81.46011025021862,28.294413336260416],[81.46061161737308,28.294919428727624],[81.46125340568976,28.295772624025226],[81.46160440474799,28.29629503152064],[81.46187700244698,28.296531104286878],[81.46191807923684,28.296607689166066],[81.46231941326178,28.296827508369752],[81.46244483397463,28.29694441948339],[81.46244108015307,28.29709565102418],[81.46237505393955,28.297170359692952],[81.46187292357287,28.297503826533518],[81.46182690489815,28.297634864508858],[81.46182196260698,28.29780641497516],[81.46196200916106,28.298209972319437],[81.46199870656267,28.298440040869906],[81.46198938544251,28.298783078283094],[81.46191960560725,28.29901126931278],[81.46192753812811,28.299525795882428],[81.46178403822832,28.300095023454855],[81.46176190400914,28.300135722846914],[81.4616936268462,28.300264634488837],[81.46168818391104,28.3004925764006],[81.46175095652704,28.300551031671368],[81.46179096982969,28.300666003444395],[81.46204256001694,28.30090213792244],[81.46223406841945,28.300962408583683],[81.4625613818395,28.30074015992459],[81.46292927124173,28.300596684614625],[81.46318630512192,28.300602626514046],[81.46329065451793,28.300719599514053],[81.46336911655506,28.30102625338207],[81.46336473742818,28.301197865832258],[81.4629578844225,28.302047797670106],[81.4629535049161,28.302219347789887],[81.46299358118499,28.30233431954213],[81.4631218160414,28.302356452557227],[81.4634675720352,28.302249175974865],[81.4636396368495,28.30223504858678],[81.46372454262247,28.302275373940972],[81.46378349937478,28.302485061475082],[81.46353940291925,28.302824407599207],[81.46346637008612,28.30316544438831],[81.46352269837065,28.303510608902336],[81.46401981079825,28.304208506951586],[81.46427040008274,28.304498845589542],[81.46458470083991,28.30479337306895],[81.46500823061386,28.304992811044404],[81.465264201074,28.305055145081763],[81.46532478289566,28.305210629560325],[81.46527119449388,28.305646381048664],[81.46533027535938,28.30587863738447],[81.4653442757589,28.306162971447097],[81.46542711792574,28.306300387569156],[81.46580300234562,28.306689506009853],[81.46601414074493,28.306846805088924],[81.46620558652911,28.3068890067188],[81.46680887635668,28.30678767241895],[81.4671508165329,28.306833876971318],[81.46731956486272,28.306932595653286],[81.46754845857954,28.30722518462181],[81.46780004962272,28.307459006047182],[81.46788501776639,28.307499393359393],[81.46882636838748,28.307577427934856],[81.4692900989905,28.30791209408578],[81.46954544301165,28.307994684131526],[81.47005994814917,28.307986187624042],[81.47031641815626,28.308030391325147],[81.47048573031077,28.308111042142716],[81.47086449296292,28.308405382448104],[81.47111558210293,28.308677590166983],[81.47132115427597,28.3090266955776],[81.4715213445222,28.309603742146233],[81.47147426190247,28.309773229155272],[81.47134177287882,28.30994296444945],[81.47114432134381,28.31012870403042],[81.47097069259914,28.31021960403339],[81.4708602741882,28.310332823249023],[81.4708570202111,28.310484117800556],[81.47089715839812,28.310598964275837],[81.47106428157934,28.310774517933943],[81.47148843672014,28.310955763248895],[81.4717444071653,28.311020347910873],[81.47186988880881,28.311137258821947],[81.47195160465182,28.311310748356103],[81.47194841366793,28.311443911811683],[81.4718596291772,28.31155706947119],[81.47179366578175,28.3116317782244],[81.47168543680338,28.311666036253122],[81.47148742241907,28.311872094254053],[81.47119211420203,28.31255241584396],[81.47115959558538,28.31300842423487],[81.47119529210816,28.313297196860166],[81.47127706938124,28.313470686114023],[81.47142318419871,28.31364398901401],[81.47157030006542,28.31374276978895],[81.47218777727664,28.313948274524446],[81.47245987523561,28.314202352567893],[81.47316493704119,28.31519065115105],[81.47328672752886,28.315479112014096],[81.47353569068567,28.315828091969017],[81.47391113730517,28.316237528911437],[81.4740811369186,28.316318179590834],[81.47461514807205,28.31640658764638],[81.47478708705388,28.316372141580874],[81.47504756113649,28.316262862940665],[81.47533204632948,28.31602041984607],[81.47563666353732,28.315836557551858],[81.4757226949449,28.31583849643514],[81.47591095053053,28.31601617598153],[81.47595158934325,28.31611076692552],[81.4759440813947,28.31643573659123],[81.47585097952965,28.316720506851162],[81.47569141416803,28.317115995822427],[81.47553460092429,28.317398639496442],[81.47517914767866,28.31790540902326],[81.47504822230127,28.317998434314195],[81.47476730446336,28.31806938985682],[81.47412231263769,28.31813027470323],[81.47405578568195,28.31822530156049],[81.47400926567302,28.318376720588578],[81.47414943728116,28.31878021592941],[81.47481292149034,28.31970999646686],[81.47499579594404,28.32011555497709],[81.4750341828108,28.320286981129243],[81.47500547993893,28.32057368948132],[81.47479801997765,28.32108446211132],[81.47459875468049,28.32131083827949],[81.47459443745761,28.321482388551523],[81.47467221230258,28.321770974389985],[81.47475561617404,28.32188588403578],[81.47508072799604,28.322582030017887],[81.47531068485124,28.322815976249323],[81.47562786288304,28.323013474819],[81.47586113595055,28.323132263178046],[81.47603219903723,28.3231745275702],[81.47620163655829,28.3232732457322],[81.47645816905387,28.323317512000813],[81.47654257431094,28.323375842359177],[81.47664704949905,28.323492878288672],[81.47672763861763,28.323686685807964],[81.47685212053864,28.323859988062715],[81.47708489277112,28.323999094621698],[81.47719086931959,28.32403935708722],[81.47736305825177,28.324043298021714],[81.47753624932398,28.32398853372173],[81.47787943994545,28.324014357993665],[81.47813872436737,28.32396384618592],[81.47822425659557,28.323983853690237],[81.47830484587428,28.324177661316206],[81.47827883391926,28.324349274018875],[81.4780752518409,28.324744950111977],[81.47786772928868,28.32525572180384],[81.4778173933285,28.32554249312937],[81.47781407796408,28.325657652089774],[81.47787584863609,28.32577249869822],[81.47802358983068,28.32587121726923],[81.47840904588504,28.325937615819562],[81.47866664249337,28.325941245355388],[81.47901308611739,28.325833905339746],[81.47962212970403,28.32556101988574],[81.48039729564682,28.325519954963827],[81.48073986107553,28.32554577877681],[81.48099852052589,28.32549520498712],[81.4816857782057,28.32547245640871],[81.48185834363981,28.325419942529503],[81.48245687820892,28.325508163422615],[81.48260461951719,28.325606881711263],[81.48268633521758,28.325762302881028],[81.48268420776503,28.325857080648845],[81.48248031286928,28.326311461896122],[81.48205614303247,28.32698778028825],[81.48196404296608,28.327216033997253],[81.48186762572186,28.32761358640806],[81.48186168284232,28.327843841755982],[81.48188006280554,28.32795887518602],[81.4820261777209,28.32811404743724],[81.48225832417836,28.328271221527817],[81.48251329293079,28.328392197713004],[81.48302648349708,28.32849867234939],[81.48370792181952,28.328721933430817],[81.48438560712661,28.329100927503582],[81.4854046071983,28.329523876536534],[81.4858283874805,28.329743508252886],[81.48599938848493,28.329765516731406],[81.4861714530204,28.32973100892723],[81.486519398335,28.329549209944556],[81.48677749579845,28.329516703361907],[81.48710324484018,28.329350783145706]]]}},{"type":"Feature","properties":{"province":"Lumbini Province","district":"Bardiya","municipality":"Basgadhi Municipality","ward":"8","wardNumber":8,"sourceMunicipality":"Bansagadhi","sourceType":"Nagarpalika"},"geometry":{"type":"Polygon","coordinates":[[[81.52881369635338,28.313956758956817],[81.52849170123764,28.313948939772942],[81.52771897433003,28.313951931598087],[81.52720484570071,28.31390428738518],[81.52707492088346,28.313940859045385],[81.5268817240494,28.31393479203692],[81.5265629190455,28.313814253099732],[81.52637353816712,28.313677272987896],[81.52629226013337,28.31348352807508],[81.52627494345303,28.313330107388833],[81.52636623169394,28.31310404244317],[81.52649840773228,28.31299069793688],[81.52667191078517,28.312899860980604],[81.5267400638598,28.312748317755368],[81.52669699781836,28.311906695186856],[81.52688464009964,28.311296580976155],[81.52698174581464,28.31084032316386],[81.52707159373524,28.310688716882726],[81.52733563352724,28.310446210981343],[81.52744648965005,28.31029460583677],[81.52757735301923,28.310201579692542],[81.52779393448839,28.310148879208313],[81.52848050362626,28.31014388609004],[81.52891341750114,28.3100181041268],[81.52917364083099,28.309908762820644],[81.52923904141518,28.309854309821066],[81.52950577142508,28.30951477593822],[81.52973542842348,28.308906787397973],[81.52974349830384,28.308602073179703],[81.52978839106426,28.308527426987254],[81.52979208278815,28.308373944345725],[81.52962828876322,28.307223543033086],[81.52961397516812,28.30691664001105],[81.529661057955,28.30676528397802],[81.52977141307994,28.3066520020726],[81.53007440274529,28.306544723339943],[81.53022746194014,28.306431317355678],[81.53074853460318,28.306212696371087],[81.53081499859225,28.306119857606713],[81.53081925232996,28.305946056866237],[81.53073753683302,28.305792885966046],[81.53055015801587,28.30555887773322],[81.53048951291557,28.305405644657426],[81.53051333489462,28.305328809787422],[81.5305792987909,28.30525403802617],[81.53096775738652,28.305166829544383],[81.5311435751839,28.30501716306876],[81.53116733601189,28.30492232317456],[81.53117158999284,28.304748522375206],[81.5310740590231,28.30436522054875],[81.53089043400134,28.303980043730952],[81.5307643253765,28.303881200499525],[81.53067935656007,28.30384093718403],[81.52967129249824,28.3038199818429],[81.52883954721638,28.303613348995967],[81.52845959667339,28.3033575197923],[81.52829341294543,28.303143767487406],[81.52804757780402,28.302679816055402],[81.52781725816592,28.301604185164436],[81.52784414681362,28.30137605668793],[81.527937622899,28.30107109271801],[81.52807173881547,28.3008629708303],[81.52827025425684,28.300656787468835],[81.5284228124559,28.300563699483053],[81.5286181985969,28.300492931563145],[81.52896282864415,28.30044198292853],[81.52904936089755,28.300405535897415],[81.5292468128013,28.30023773852237],[81.52934510090394,28.300138022890135],[81.52935723035935,28.300124456811798],[81.52974125972884,28.299423318163495],[81.5297889672309,28.29927196136521],[81.52970507377353,28.298428213295118],[81.52974566169227,28.297739699312856],[81.52971747087845,28.297202666357904],[81.52983764822116,28.296746284090172],[81.52987817363835,28.296057769637205],[81.52995126800037,28.295752805923456],[81.52994258398384,28.29529242128868],[81.52982685983447,28.294830284293113],[81.52964235845005,28.294521753385943],[81.52945404020521,28.294344199287348],[81.52882043389168,28.293967519353558],[81.52863161615436,28.29381028330471],[81.52857209678074,28.293636731891695],[81.5288156284535,28.293373969902927],[81.52901095246112,28.29330101334188],[81.52934039277775,28.2930220602631],[81.52965207747218,28.292625947819435],[81.5297895085574,28.29232304786549],[81.53018172040787,28.29210029999366],[81.53035866461808,28.29191230917765],[81.53067410296342,28.29138296987489],[81.53089700282368,28.291079695943854],[81.53094402346063,28.290928277214423],[81.53092520428528,28.29085162959265],[81.53099980091852,28.290469893615963],[81.53103444537417,28.290011634239185],[81.53110535072425,28.289783380357157],[81.53128485917358,28.28948029409469],[81.53108804553803,28.28886267265646],[81.53105553901216,28.288479121923103],[81.53072936306314,28.287862000091483],[81.53063083161516,28.287553220662495],[81.53057187513188,28.287359351115114],[81.53048853233108,28.28726263382125],[81.52998428721848,28.286869638060807],[81.52963372596606,28.28636542321561],[81.52919550670482,28.28591578587693],[81.5289218446314,28.285738543394288],[81.52839859405104,28.285248580971153],[81.52821359170927,28.284958181488314],[81.52777593518066,28.284490413777334],[81.52741836808053,28.28423227146099],[81.527270188877,28.28417187732098],[81.5268216465818,28.284087847179077],[81.52578613189851,28.284276952771055],[81.52540036386604,28.284249064850968],[81.52463545635764,28.283985728601603],[81.52444501204769,28.283887135308174],[81.52399928532996,28.283724019965675],[81.52304656198368,28.283244805982754],[81.52272519179482,28.283218918980772],[81.52240282064896,28.283251800264605],[81.52175526409158,28.283391958905963],[81.52123850765764,28.2834390285192],[81.52104649959587,28.283396889453453],[81.52064347646832,28.283235962008384],[81.52051799328588,28.283116863300787],[81.52033249102695,28.28284671993976],[81.52016261599273,28.282784137133095],[81.51983905702109,28.28283502252651],[81.51951343243175,28.282983062559982],[81.51841888744069,28.283745460644663],[81.51802711362768,28.28392976017414],[81.51756787482549,28.28424522282121],[81.51652028615389,28.284856264615176],[81.51619466290941,28.285001990830985],[81.51599764941426,28.285131276514207],[81.51555785455909,28.28552569959071],[81.51547069558795,28.28556214690001],[81.51521259907227,28.28557664819051],[81.51489241780361,28.285530505551428],[81.51424311053928,28.285708987709278],[81.5139861388828,28.285703170971065],[81.51385846723528,28.285663032350936],[81.51366914870479,28.285526052642837],[81.51354529229701,28.285350499417838],[81.51340136651851,28.285118617214884],[81.51318079306901,28.28457776860842],[81.51242996108125,28.28379521784613],[81.51187176381768,28.283034488012785],[81.51168419714514,28.28285905896273],[81.5112410976551,28.28258097195274],[81.51098569145854,28.28249838241367],[81.51079649721532,28.28237947088116],[81.51022141017648,28.282214665158122],[81.50978231409181,28.28182135748118],[81.50943294206914,28.2812764429826],[81.50925507121444,28.280735470440877],[81.5089289585576,28.28011603438902],[81.50883280338307,28.27973048309844],[81.50862560446548,28.279455900054568],[81.50847861448639,28.279357181653022],[81.50824377694826,28.27931522858841],[81.50811391501563,28.27934948777966],[81.50772107761516,28.279572110535323],[81.50759340601076,28.27952972151915],[81.50753132077796,28.279471266714257],[81.50728955099868,28.278910224222553],[81.50706184568668,28.278599630314947],[81.50693967908934,28.278365372621465],[81.50690129214728,28.2782120143847],[81.50690786018903,28.277981822291974],[81.50702591012887,28.27759996114923],[81.50692262372856,28.27746492044494],[81.5065651185132,28.27720671588273],[81.50639968575678,28.276992901352266],[81.50629846379219,28.276760769508904],[81.50628402356887,28.276530701207633],[81.50620668683787,28.276221797808446],[81.50614666677707,28.2760661886049],[81.50604288013017,28.27594927809322],[81.50593571492422,28.275929396339734],[81.50550405286654,28.276034796582465],[81.50524107683376,28.276220848537342],[81.50484998981662,28.276402834847513],[81.50447553317859,28.27674049196501],[81.50439000110329,28.276718233945097],[81.50413859770161,28.276522861779366],[81.50363992037612,28.275935620619332],[81.50355495153137,28.275895357941195],[81.50324190191888,28.27560083027088],[81.50313805243438,28.275465789312683],[81.50303751828545,28.27523372028871],[81.50280987462712,28.274941132019134],[81.50250545805531,28.274319382997977],[81.50215564737334,28.27379478740312],[81.50198908858731,28.273619359364314],[81.50177976289316,28.273421548305496],[81.5018247807565,28.2733649703792],[81.50185179393306,28.273155033900807],[81.50196327495071,28.273005616644447],[81.50218049378857,28.272165247088004],[81.50228779614972,28.271402024545786],[81.50230312159452,28.2708648051712],[81.50235239382638,28.27063667607596],[81.50279825691649,28.270032441331942],[81.5029595731505,28.26965270679906],[81.50291644307586,28.268883293504413],[81.50269812100258,28.268265734708827],[81.50266417520238,28.267958956092563],[81.50273670720162,28.267653992904048],[81.50309278414329,28.267219307114495],[81.50357421979402,28.26686545883471],[81.50374841048261,28.2667744964468],[81.5038149998579,28.266699788205283],[81.50412067843071,28.266513612561376],[81.50418664151309,28.266456845806456],[81.50427761599752,28.266287297531093],[81.50428418381485,28.26605710545966],[81.50424523502271,28.26590374719286],[81.50379001091162,28.265318632304435],[81.50364833742866,28.265007727262216],[81.50353048679898,28.264622237890137],[81.50342782619688,28.264466878537846],[81.50286487448635,28.263879949548215],[81.50274001749754,28.263760787991984],[81.50259133703285,28.263700393892876],[81.50248967728507,28.263506648392056],[81.50249186680408,28.26342993851891],[81.5025627713685,28.263201684464367],[81.50303189469703,28.26254093388212],[81.50323754008976,28.26208655271198],[81.50342211602438,28.26162998355221],[81.50359156467103,28.260943284124068],[81.50384266725442,28.26041194327658],[81.50449417618185,28.259371396409932],[81.50489452000473,28.25886206396133],[81.50503914356243,28.258448569600805],[81.50474159468122,28.258458694110804],[81.5046561881257,28.258440937144],[81.5044876894527,28.25828357664845],[81.50419164485437,28.258065759426508],[81.50400069974312,28.25796716622138],[81.50370515531573,28.257731280394648],[81.5029388118842,28.25738879599665],[81.50242581047068,28.25724631055077],[81.50139436325118,28.25716652473252],[81.5011356412887,28.257181026162016],[81.50042243602074,28.257282985615987],[81.50003285180915,28.257370193736524],[81.49912582472516,28.257468274526673],[81.49906036202633,28.2575046597554],[81.49826325138531,28.257527843937993],[81.49759762876504,28.25745581556998],[81.49727882454548,28.257276446741695],[81.49702610819206,28.257060692726842],[81.49686205011133,28.256858130805245],[81.4964405210978,28.256658818026438],[81.4959325856532,28.256380855072166],[81.49567674111798,28.256316332967227],[81.4952942881996,28.256155218654392],[81.49466149573846,28.25573996431503],[81.4944067765194,28.255639307167776],[81.49417419169754,28.255500263533072],[81.49357297883226,28.254744096871335],[81.49340579443576,28.254568668308973],[81.49298564193204,28.25423387772905],[81.49275749842751,28.25396167065802],[81.49208631983669,28.253375053030457],[81.49174782065059,28.25319568355522],[81.49157682035485,28.253153419247226],[81.49123319155375,28.25312759532274],[81.49062821532159,28.253208736833887],[81.4904533985548,28.253299698668393],[81.49001817126161,28.253441173036542],[81.48975894879956,28.253473679177866],[81.48880427582488,28.253718677322027],[81.48827970077879,28.25397324572643],[81.48758856703621,28.254032129851115],[81.48724218635489,28.25410108304786],[81.48680589614075,28.254280943499417],[81.48651953592592,28.254503129913974],[81.48627856861138,28.254630414651373],[81.48601934656537,28.254662921621147],[81.48550315407905,28.25465122426153],[81.48489529945765,28.254809201287316],[81.48455117130456,28.254799069177306],[81.48420479109713,28.25486796031703],[81.48394550652219,28.25488021008852],[81.48345313662126,28.254793929094383],[81.48336710397294,28.254791990067428],[81.48328107235076,28.254790051005237],[81.48287642342811,28.254647004053293],[81.48262558327394,28.254413182808275],[81.48239737688223,28.254120594502375],[81.48195502900637,28.253806184239686],[81.48144377813095,28.253622999297942],[81.48110077584248,28.253576731632645],[81.48006720222253,28.253591661765732],[81.47954875758352,28.253654423864834],[81.479291224482,28.253630538611517],[81.478425774793,28.253762254695655],[81.47816767804821,28.25375631168273],[81.47799392443152,28.253808825338332],[81.47756201294897,28.253837454053073],[81.47635756337266,28.25381005648062],[81.47627096896002,28.253826184614233],[81.47596285052279,28.254048434442055],[81.47570306541854,28.254078689872284],[81.47519012558641,28.25395408445212],[81.47465893048187,28.253732513410434],[81.47449124567247,28.253575089802485],[81.47423046932026,28.25295984356072],[81.47366658079822,28.252393108225025],[81.47288736010087,28.251842875055946],[81.47239943140032,28.251603048993136],[81.4721652202121,28.251520334452266],[81.47199934895052,28.251326838165788],[81.4715464404569,28.25064907136725],[81.47095872776259,28.25015910801741],[81.47044536161457,28.249346113960126],[81.47021784278424,28.249055713292375],[81.4700097688773,28.248821829802065],[81.46940198822779,28.248275411697886],[81.46884097530251,28.247634154348578],[81.46876107415417,28.247422279030236],[81.46872055964518,28.247345693289617],[81.46855617913997,28.247779568810405],[81.4685311689429,28.247892476932247],[81.46825918504942,28.248344730987494],[81.46814251254843,28.248627313168925],[81.46793818094257,28.24896434674392],[81.46778280788972,28.249131831178413],[81.46697331164127,28.249531876732778],[81.46592197242072,28.250117723106033],[81.46546073345347,28.25043074706639],[81.46513260792699,28.250594353748546],[81.46493778537847,28.25062892413657],[81.4647812238414,28.25081447637085],[81.46454906655698,28.25136144721137],[81.46449510315296,28.251702421491604],[81.46435579650979,28.25204370700079],[81.46422143067527,28.252211192047174],[81.46417140835405,28.252439383556993],[81.46416246376744,28.25272371668134],[81.46411581892406,28.252836687096746],[81.46370709367235,28.253512880446277],[81.46313305963686,28.25397750971693],[81.46306478224058,28.25410867266492],[81.46310085513285,28.25433874075609],[81.46322289658815,28.254568497385],[81.46355532792097,28.254957865122925],[81.46369787712219,28.255207877457558],[81.46377727856108,28.255440071948456],[81.46374663728413,28.25572453024217],[81.46356725405164,28.255948655895025],[81.46317260324577,28.256186908715566],[81.46286948925241,28.256237607645843],[81.46241769598306,28.256225598371387],[81.46215615888381,28.25633481471571],[81.46202348235659,28.256445846137936],[81.46176088216268,28.256591135262514],[81.46164921423534,28.25670435457811],[81.46126725130809,28.257229253876808],[81.46125993248165,28.257457258683917],[81.46138597780998,28.25757416900865],[81.46155585232843,28.257654882094428],[81.46183332986016,28.25771709184207],[81.46198094586764,28.25781593499982],[81.4622501660466,28.258164790066665],[81.46211492386118,28.2584428080586],[81.46217807246674,28.258458438576877],[81.46251744801467,28.258538590340162],[81.46259465948623,28.25884749519705],[81.4628833225215,28.2592911281766],[81.4629000142103,28.259464866728372],[81.46285462110717,28.25955751847735],[81.4627224441406,28.259670800040414],[81.46183304422198,28.26001238996385],[81.461679423281,28.260143801668168],[81.46152286163345,28.2603497353344],[81.4614513926105,28.260616250411488],[81.46153129487386,28.260828125889276],[81.46166683733267,28.26136484735972],[81.46192667357506,28.26205686563009],[81.46202326567187,28.262440166844087],[81.46210485683552,28.26259558841714],[81.4621393022399,28.26290242905684],[81.46218100440822,28.262958695747404],[81.46221781555418,28.26395386310006],[81.46216241348394,28.264410058662744],[81.46216965857695,28.264906454735883],[81.46221023482443,28.265003358498973],[81.46271691871772,28.265299576440007],[81.46298995517512,28.265515330249016],[81.46311493722222,28.265670627321846],[81.46317264216158,28.265900632971608],[81.46302964386479,28.26643147532149],[81.46301537992774,28.266966381534885],[81.46294115893896,28.267345742056904],[81.46295465942175,28.267650456825482],[81.46307513760885,28.267959236081385],[81.46330440686906,28.268211250354046],[81.4636618487964,28.268487585524337],[81.46410081872727,28.26889689848586],[81.46428794695287,28.26913090653474],[81.46451390155784,28.269498079613786],[81.46467220220048,28.269996290828313],[81.46507403694181,28.270216109375415],[81.46557853229619,28.270589037734833],[81.46586938579695,28.27093783084132],[81.46603050203454,28.271343514631575],[81.46623976477589,28.271536886527183],[81.46670324544846,28.27185354739412],[81.46743664687169,28.27167950509993],[81.46784286043484,28.271725523402463],[81.4692458148632,28.27219686564861],[81.46960544691068,28.27237623538113],[81.47002566119801,28.272708775005874],[81.47038091387837,28.27305963209365],[81.47060855604715,28.273370289104225],[81.47087339701235,28.27389069468623],[81.47118269280418,28.274356834950467],[81.47138482437768,28.27481878572462],[81.4716199620034,28.275662035564068],[81.47163121056231,28.27604346015674],[81.47137572855793,28.276800366531745],[81.47124098728567,28.277026556706698],[81.47098556690169,28.277783463169943],[81.47091140872597,28.278162885610413],[81.47090158725777,28.278544373036762],[81.47093609560412,28.27885115027636],[81.47107451500504,28.279311161783504],[81.47133885513709,28.279851886180158],[81.47158982024712,28.280103713138843],[81.47175800609922,28.280222750276707],[81.47196451621919,28.280513213003868],[81.4721224427189,28.281049872216567],[81.47219427339564,28.281586655625386],[81.47216932438596,28.28171994402073],[81.47194698732022,28.282018591946457],[81.47126910158029,28.282519731221328],[81.47107433972705,28.282590374192104],[81.47085694462837,28.28271978446014],[81.47054907507673,28.28301649287031],[81.47024339524478,28.283220674374636],[81.47022013465674,28.283295195900685],[81.47027796544724,28.283545520162953],[81.47060839363938,28.28402960313152],[81.47074994244483,28.284338320298826],[81.47097525771403,28.285563058109283],[81.47117976516967,28.285948298519155],[81.4713780800429,28.286563731383374],[81.47134881436145,28.28686850789417],[81.47125296100545,28.287247993025947],[81.47126489664915,28.28762935495606],[81.47115178894322,28.287855419408228],[81.4711240876231,28.28808348602876],[81.47128576654728,28.288468851256408],[81.47179725664166,28.289394629303935],[81.4718129460935,28.289624821804697],[81.47180862944269,28.2897940590219],[81.47149525528955,28.290284886868175],[81.47135945004906,28.290567468296132],[81.47118831123832,28.29136476248109],[81.47117692460506,28.291820770983353],[81.47129802796923,28.292109169707913],[81.47154674104402,28.292419763522197],[81.47289516947592,28.29332685788934],[81.47314675925155,28.293562993126077],[81.47352101721324,28.294008503546124],[81.47362267736985,28.294220378749717],[81.47371945687743,28.294623936025296],[81.47394878915374,28.294875950054116],[81.47428741324077,28.29503725187645],[81.47445941483258,28.295020874068516],[81.47471526003602,28.295065077415575],[81.47531467163103,28.295099156698072],[81.47591132969168,28.295243768856224],[81.47661127387366,28.295527923572017],[81.47778407087394,28.29662063258889],[81.47786835180462,28.296661020661404],[81.47824542530117,28.29701400357866],[81.47856135203988,28.297229570414164],[81.47881507022424,28.297368552381574],[81.48008947674121,28.297817699476656],[81.48085338217358,28.29813999034108],[81.48119206943628,28.298299041161517],[81.48136081774759,28.298418077445753],[81.48154519463243,28.29874467600447],[81.4816020236448,28.29903338594511],[81.4816842396532,28.299168489624176],[81.48176801981728,28.29922688224214],[81.48249466522786,28.299339423875328],[81.48317948332121,28.299373066951],[81.48428632904647,28.299685171584827],[81.48488473966329,28.299773267772835],[81.48556342487655,28.30013644404872],[81.48566696311761,28.300192524632763],[81.48623404267498,28.300680236674772],[81.48708078899094,28.301139881667414],[81.48759160299416,28.30130274826627],[81.48818876159685,28.30141122451086],[81.48853239044455,28.30140097574317],[81.48930117554052,28.301531335494957],[81.48955545639866,28.301652311664256],[81.48987200920755,28.30186781567395],[81.49004132101194,28.301948466808813],[81.4903146696993,28.302184476333647],[81.49052299327936,28.302436491034147],[81.4907059309724,28.302842048925104],[81.49078871036872,28.302956833875204],[81.4908888677751,28.30324548259697],[81.49092625331225,28.30347548748635],[81.49111081761421,28.303822341782205],[81.49136196973458,28.30407648205686],[81.4915075216984,28.304270040426005],[81.49158929948031,28.304443529679318],[81.49205346859124,28.304739747276304],[81.49223972154432,28.305030208986175],[81.49236576717132,28.305129052714193],[81.4930044890282,28.306212315505757],[81.49352723884532,28.30675654396581],[81.49386329772366,28.30705100916142],[81.49404836208609,28.307359538825132],[81.49497538514132,28.30804906528396],[81.49521953082721,28.308587538181943],[81.4953159976104,28.30904761218689],[81.4962085629612,28.310269855892145],[81.49639581710039,28.310503864475603],[81.49677351549802,28.310836529236177],[81.49686067152412,28.310930995701113],[81.49710338389993,28.311158064471826],[81.49793713131947,28.31125203955311],[81.49825643743371,28.311354698175485],[81.49851015434783,28.311493680146178],[81.49869909732847,28.31166904587913],[81.49890635849287,28.311959445901863],[81.4990075804771,28.312191515386402],[81.49914305892011,28.312804884714865],[81.4993281235146,28.31311566567809],[81.499620916432,28.313407942461033],[81.50029741256782,28.313823009235573],[81.50056800858397,28.314153797464115],[81.50084079446017,28.314389744283318],[81.50096790395398,28.314447887731856],[81.50116166433412,28.31443369832743],[81.50135642580838,28.314360742317437],[81.50168267489384,28.314176754226537],[81.50194183556158,28.314105861693204],[81.50213447051514,28.314109615018804],[81.50221937641557,28.31414768962165],[81.50244989711018,28.314363505928803],[81.50260381853619,28.315094159490922],[81.50270829312421,28.31521113222673],[81.50296307448095,28.315291472128006],[81.50315739733341,28.315256838750972],[81.50354210388294,28.31530285698299],[81.50397944601625,28.315829329163083],[81.50435770844277,28.31614161280819],[81.50499143869631,28.316536485638085],[81.50596617154038,28.31703389377595],[81.50634499591,28.317310104163575],[81.50661627954975,28.31764082906334],[81.50688525001266,28.318028008676855],[81.50733973469929,28.317866091051403],[81.5080333107977,28.317572388008898],[81.50927434895821,28.316813929930213],[81.50938407896709,28.316700710655827],[81.5094290343428,28.316626064156065],[81.50943704240117,28.31630103130776],[81.50935901719033,28.31599212771077],[81.50917326523334,28.31568359765541],[81.50917920811223,28.315453404872205],[81.50922566601469,28.315301985667805],[81.51003142485675,28.31394034578097],[81.51048916254959,28.313643014416012],[81.51083591904806,28.31351754426784],[81.51109457946707,28.313464656415658],[81.51140563926671,28.31305047632782],[81.51145428581458,28.31282234720327],[81.51163611009085,28.312442550980425],[81.5117123323372,28.311986355108882],[81.51172572015656,28.31145144875177],[81.5118214494761,28.311069650114813],[81.51181526904799,28.310458095722044],[81.51186241382865,28.310306676951765],[81.51282215699199,28.309693695463874],[81.51316903813633,28.309568287657033],[81.51368523162773,28.309521217308266],[81.51394176522454,28.309565358988465],[81.51428051394167,28.30974235212766],[81.5146178239376,28.309998368101198],[81.51503616077795,28.310427874573097],[81.51526080041577,28.31087163267675],[81.51538534510546,28.311047122897357],[81.51556778226197,28.311452743824972],[81.51563118014204,28.311511198905137],[81.51569063680691,28.311684751267883],[81.51581737016737,28.311781280757682],[81.51609334675352,28.311902131545455],[81.51651869078613,28.312044928346673],[81.516861318819,28.31208875835327],[81.51763567150422,28.312029374747556],[81.51815349089767,28.31192366232255],[81.51849599402749,28.311951674889556],[81.51937113005098,28.3121604964032],[81.51962822677372,28.312184318985008],[81.5202218813164,28.31246415745442],[81.52030578709297,28.312540556197902],[81.52045040022445,28.3127747514481],[81.5205299256908,28.313004632806837],[81.52067616555355,28.313180060531522],[81.52079908271212,28.313412130003712],[81.5208374703266,28.31358574369847],[81.52110443743449,28.314049633449088],[81.52139785591393,28.314341909978904],[81.52172915958786,28.314807800246534],[81.52246592633159,28.31539629441326],[81.52272189670285,28.315458503106463],[81.52297943084886,28.315443939105503],[81.52384044134776,28.31536617662448],[81.5247029529281,28.315211641516917],[81.52650881740156,28.315114383655185],[81.5281457446111,28.31489815207942],[81.52849193854541,28.314770430727055],[81.52864499755393,28.314659274875375],[81.52882682162118,28.314281728796768],[81.5287893108578,28.314051598581344],[81.52881369635338,28.313956758956817]]]}},{"type":"Feature","properties":{"province":"Lumbini Province","district":"Bardiya","municipality":"Basgadhi Municipality","ward":"6","wardNumber":6,"sourceMunicipality":"Bansagadhi","sourceType":"Nagarpalika"},"geometry":{"type":"Polygon","coordinates":[[[81.50503914356243,28.258448569600805],[81.50550344675133,28.258130856130236],[81.5056582568799,28.257981314777933],[81.50740592367204,28.256979541039854],[81.50806505295374,28.2564760887457],[81.5090059757022,28.255881237620137],[81.50935392033087,28.255753579363976],[81.50941881925377,28.255735261826807],[81.50972293455314,28.255625795935334],[81.51053180711905,28.25514428977294],[81.51147066505226,28.25464427844105],[81.51182123703882,28.254403712350157],[81.51258415185737,28.25403523792389],[81.51304733185191,28.253602429325824],[81.51302826402706,28.253487394673503],[81.51294385809723,28.253429064572845],[81.5126488768809,28.253172860895745],[81.51248050398416,28.253015500586685],[81.51218990143454,28.252608127249523],[81.51183852915926,28.252027139915075],[81.51165396492624,28.251678035170954],[81.51157387645698,28.25144577918825],[81.51142876263617,28.251211709061224],[81.5111666760502,28.25051756444142],[81.5109020225967,28.24993626578722],[81.51058866190193,28.249567279009643],[81.51046687003088,28.24927662931735],[81.51025998625553,28.24892758765702],[81.50971666732724,28.248302210039785],[81.50908562813731,28.24771553064257],[81.50904442566788,28.247638944846837],[81.50835073953853,28.246991496789953],[81.50735963215095,28.246146612145683],[81.50702570079173,28.245737113049707],[81.50686483545816,28.245275038313792],[81.50685502605212,28.24481465344428],[81.50675749604152,28.24441103327335],[81.50665577320663,28.244178964312614],[81.50625907027509,28.24369069111728],[81.506198987609,28.24351713956125],[81.50622381141659,28.243383850554334],[81.50629033774987,28.243306891368476],[81.5065971427188,28.243102647470717],[81.50666304362476,28.24302793876062],[81.50686487388074,28.242724727387106],[81.50684486713962,28.24266614766068],[81.5068031650462,28.242609880260805],[81.50663210153849,28.242547297945556],[81.50646003710833,28.242543419283948],[81.50602718726411,28.242630814953774],[81.50576915331202,28.242627248124727],[81.50559752719052,28.242584984137807],[81.50508671534641,28.242363538305742],[81.50460185288058,28.24195222449182],[81.5043019912966,28.241869821594417],[81.50415375059,28.24178917081194],[81.50407040826981,28.24167207357316],[81.50399025684494,28.241439941822918],[81.50360868111619,28.241184049624312],[81.50356697865509,28.241125531873134],[81.50351027389343,28.24083682198985],[81.50352040857807,28.2404350785557],[81.50335797962225,28.240029458033277],[81.50334066276346,28.239876037818988],[81.50323981725843,28.239585263388072],[81.50309589267943,28.23931499509166],[81.50289306125588,28.239674598283802],[81.50253710939643,28.24012728962924],[81.50242418860759,28.240355605155035],[81.50223680950134,28.240083210711287],[81.50198997470169,28.239619196728633],[81.50150992929393,28.239013888591405],[81.50132111155978,28.238838522309376],[81.50123776998667,28.23872148671747],[81.50115868183404,28.23843290136796],[81.50116887928117,28.238028845118514],[81.50124347585945,28.23762910352947],[81.50124386407803,28.23676697614718],[81.50140062640747,28.235676345032644],[81.50130741334178,28.235098924646646],[81.50131235451195,28.234927374771143],[81.50115417896396,28.234347889701517],[81.50106597072609,28.233598856390557],[81.50100688901689,28.233368975899285],[81.50098132771329,28.232676147420126],[81.50092556202772,28.232331045318706],[81.50095313823518,28.232100790765443],[81.5008328487886,28.231735620133048],[81.50068685945377,28.231560066785743],[81.50051748536671,28.23144109189622],[81.50017229335565,28.231471722182622],[81.49991044354549,28.231601320067536],[81.49971242990341,28.231769054305285],[81.49944995452518,28.231918969643125],[81.49890149372624,28.232329458815986],[81.49802878595746,28.23277276596522],[81.49785453243848,28.232845597955023],[81.49750827756425,28.232914551541818],[81.49742124390846,28.232971316782205],[81.49686197405337,28.232860527905682],[81.49676212373052,28.23289703787144],[81.49618228242315,28.23288102585593],[81.49546820127361,28.233037125963616],[81.49533783973983,28.233089514399197],[81.49507930493411,28.233122021274536],[81.4944917690913,28.23337465085751],[81.49429488147379,28.233501748540995],[81.49409567873346,28.23368755063358],[81.49394418486801,28.233721996245905],[81.4937511122699,28.23371818021547],[81.4935619194105,28.233581137846095],[81.49318884931488,28.23309505367546],[81.49283916426316,28.232554640984265],[81.49261095849616,28.232262051843172],[81.49221475401708,28.231854990822136],[81.49186450646953,28.231332645979112],[81.49142666240164,28.23088282093274],[81.49138552322032,28.230806235284266],[81.49123847047976,28.230689449765546],[81.49105196650696,28.2304553785113],[81.49074442204221,28.229935159652353],[81.49049527053087,28.229642633461765],[81.49024830971977,28.22927571077356],[81.48992244691516,28.2286584004632],[81.48975701338318,28.228426581117674],[81.48969699393022,28.22827328502089],[81.48848269282595,28.22643604407482],[81.48807524002147,28.225663375457227],[81.48801684654296,28.22543336968465],[81.48793407823884,28.22459412194343],[81.48780128818294,28.22398294174076],[81.48775015072822,28.223524993484443],[81.48761523412227,28.222988334860094],[81.48755122138915,28.222225735277636],[81.48743349549584,28.221842434216235],[81.48732684241989,28.221077708007726],[81.48724963023297,28.220771055081915],[81.48704374553635,28.22046258682111],[81.48666754836553,28.220111854664644],[81.48645884853089,28.21989597680524],[81.48628471972634,28.21996880783503],[81.48575989428802,28.220279893044427],[81.48514978737167,28.220588976534973],[81.48457781732901,28.221031099512054],[81.484510602616,28.22112387635631],[81.48420223418113,28.22138451103988],[81.4841944877138,28.2209263772404],[81.4840988965176,28.220504626864923],[81.48384649208391,28.220327321633178],[81.4836994385252,28.220210473816877],[81.48357182905066,28.22017027291272],[81.48331323245942,28.22018246041324],[81.48311853481668,28.220235098977895],[81.48285674719818,28.220380450577654],[81.48239187854807,28.22084476915295],[81.48180934795182,28.22092578572786],[81.48174557402938,28.2209057170031],[81.48129177874323,28.220990861791513],[81.48090119351568,28.221114080005187],[81.48031972530252,28.221156773687564],[81.47973556793544,28.22129424420815],[81.47928402405086,28.22132287208305],[81.47798472106597,28.22167052153168],[81.47785373368177,28.221725161232566],[81.47758969493364,28.22194722277905],[81.47641193340226,28.222547197696496],[81.47568909413137,28.223023641525206],[81.47516483137746,28.223316595879425],[81.47457673275728,28.223587230840437],[81.47392486038632,28.223837796149922],[81.47333513497789,28.224164823203605],[81.47280862117053,28.22453448732704],[81.47258615904269,28.224794811083317],[81.47238814484692,28.224960294669863],[81.4722766011722,28.225091582361326],[81.47223058232636,28.225204552186053],[81.47220388264506,28.22537616448805],[81.4719709736655,28.225997656909296],[81.47176632892726,28.2263933331023],[81.47156656301574,28.22661520790765],[81.47147396236946,28.22684121137372],[81.47147064733478,28.226956307278947],[81.4713052648512,28.22746695494452],[81.47125205228997,28.227807929318534],[81.47093373644236,28.22842742014376],[81.47062910997748,28.229277040603957],[81.47042609176951,28.22961401206758],[81.47020812217406,28.230465634082222],[81.47019817632957,28.23080873507943],[81.4702508771437,28.231208102159687],[81.47024424593664,28.231435981960736],[81.4704616925644,28.232069420580192],[81.47064650765442,28.232359945130273],[81.47096105849218,28.23263421674914],[81.47149387939041,28.232799396376407],[81.47161535819686,28.23304947127423],[81.47156940177945,28.233162441736138],[81.47143222229427,28.23340669885653],[81.47133955878007,28.233635014992128],[81.47115854940674,28.233915470028027],[81.47106357278955,28.234197864541667],[81.47104805904796,28.234712514990427],[81.47112683454995,28.234942458332448],[81.47111782659377,28.2352291048148],[81.47088191627414,28.23590923931715],[81.4708696554032,28.236308793623813],[81.4708173816807,28.236593314533614],[81.47072240485393,28.23687577082563],[81.47042547237113,28.237441057886713],[81.47035713305641,28.23755409020017],[81.47032836860541,28.237800225320452],[81.47029978089803,28.23871436735921],[81.470226499789,28.23899895044357],[81.47018760122026,28.239570117780445],[81.47006886418544,28.239929346644253],[81.46988885571776,28.240171477439475],[81.46996262711801,28.240572971954805],[81.47004280960635,28.24286114355872],[81.47003724188725,28.243050761998568],[81.47004880416762,28.2433576642043],[81.47006549508099,28.2435291522889],[81.47001328444574,28.243813672656046],[81.46989886330725,28.244039800641062],[81.46976456019364,28.244207222948248],[81.46947870028787,28.244409091046162],[81.4693664686086,28.244540378477446],[81.46882744456008,28.245271211639576],[81.46846542507062,28.24583443496676],[81.46845485373315,28.246177535051068],[81.46849486696361,28.246292506785593],[81.46854187562687,28.24684529429704],[81.46866229135597,28.24713375548417],[81.46872055964518,28.247345693289617],[81.46876107415417,28.247422279030236],[81.46884097530251,28.247634154348578],[81.46940198822779,28.248275411697886],[81.4700097688773,28.248821829802065],[81.47021784278424,28.249055713292375],[81.47044536161457,28.249346113960126],[81.47095872776259,28.25015910801741],[81.4715464404569,28.25064907136725],[81.47199934895052,28.251326838165788],[81.4721652202121,28.251520334452266],[81.47239943140032,28.251603048993136],[81.47288736010087,28.251842875055946],[81.47366658079822,28.252393108225025],[81.47423046932026,28.25295984356072],[81.47449124567247,28.253575089802485],[81.47465893048187,28.253732513410434],[81.47519012558641,28.25395408445212],[81.47570306541854,28.254078689872284],[81.47596285052279,28.254048434442055],[81.47627096896002,28.253826184614233],[81.47635756337266,28.25381005648062],[81.47756201294897,28.253837454053073],[81.47799392443152,28.253808825338332],[81.47816767804821,28.25375631168273],[81.478425774793,28.253762254695655],[81.479291224482,28.253630538611517],[81.47954875758352,28.253654423864834],[81.48006720222253,28.253591661765732],[81.48110077584248,28.253576731632645],[81.48144377813095,28.253622999297942],[81.48195502900637,28.253806184239686],[81.48239737688223,28.254120594502375],[81.48262558327394,28.254413182808275],[81.48287642342811,28.254647004053293],[81.48328107235076,28.254790051005237],[81.48336710397294,28.254791990067428],[81.48345313662126,28.254793929094383],[81.48394550652219,28.25488021008852],[81.48420479109713,28.25486796031703],[81.48455117130456,28.254799069177306],[81.48489529945765,28.254809201287316],[81.48550315407905,28.25465122426153],[81.48601934656537,28.254662921621147],[81.48627856861138,28.254630414651373],[81.48651953592592,28.254503129913974],[81.48680589614075,28.254280943499417],[81.48724218635489,28.25410108304786],[81.48758856703621,28.254032129851115],[81.48827970077879,28.25397324572643],[81.48880427582488,28.253718677322027],[81.48975894879956,28.253473679177866],[81.49001817126161,28.253441173036542],[81.4904533985548,28.253299698668393],[81.49062821532159,28.253208736833887],[81.49123319155375,28.25312759532274],[81.49157682035485,28.253153419247226],[81.49174782065059,28.25319568355522],[81.49208631983669,28.253375053030457],[81.49275749842751,28.25396167065802],[81.49298564193204,28.25423387772905],[81.49340579443576,28.254568668308973],[81.49357297883226,28.254744096871335],[81.49417419169754,28.255500263533072],[81.4944067765194,28.255639307167776],[81.49466149573846,28.25573996431503],[81.4952942881996,28.256155218654392],[81.49567674111798,28.256316332967227],[81.4959325856532,28.256380855072166],[81.4964405210978,28.256658818026438],[81.49686205011133,28.256858130805245],[81.49702610819206,28.257060692726842],[81.49727882454548,28.257276446741695],[81.49759762876504,28.25745581556998],[81.49826325138531,28.257527843937993],[81.49906036202633,28.2575046597554],[81.49912582472516,28.257468274526673],[81.50003285180915,28.257370193736524],[81.50042243602074,28.257282985615987],[81.5011356412887,28.257181026162016],[81.50139436325118,28.25716652473252],[81.50242581047068,28.25724631055077],[81.5029388118842,28.25738879599665],[81.50370515531573,28.257731280394648],[81.50400069974312,28.25796716622138],[81.50419164485437,28.258065759426508],[81.5044876894527,28.25828357664845],[81.5046561881257,28.258440937144],[81.50474159468122,28.258458694110804],[81.50503914356243,28.258448569600805]]]}},{"type":"Feature","properties":{"province":"Lumbini Province","district":"Bardiya","municipality":"Basgadhi Municipality","ward":"4","wardNumber":4,"sourceMunicipality":"Bansagadhi","sourceType":"Nagarpalika"},"geometry":{"type":"Polygon","coordinates":[[[81.52881369635338,28.313956758956817],[81.52901540178166,28.31361516113238],[81.52914795301307,28.313465680627992],[81.52950647109506,28.312861695068015],[81.53008038268496,28.312241082416932],[81.5302329413348,28.31214786958809],[81.53087018791926,28.311569957205048],[81.53110990428678,28.311440360028442],[81.53130735615642,28.31127262561254],[81.53163404409453,28.311068194030867],[81.53180773448229,28.310995299580902],[81.53200574917663,28.310807247015436],[81.53237689126084,28.31056655548707],[81.5325748433868,28.310378440419058],[81.53338196515837,28.309860734891174],[81.53364600436963,28.309618229522016],[81.53397319311588,28.309393479988767],[81.53484483914862,28.308895781315012],[81.53527925377348,28.30869322713006],[81.53545400898855,28.308563941712748],[81.53614964957264,28.308213534164405],[81.53658356416732,28.30803136057837],[81.53691144015798,28.307808923959232],[81.53704336594592,28.30767738768535],[81.53763146591656,28.30734567200735],[81.53789387916459,28.307159557966372],[81.53854325089897,28.30686810483066],[81.53891414218414,28.306701872730365],[81.53917605494178,28.30655414490523],[81.53935181068297,28.30638415979158],[81.53952600195373,28.306293197811083],[81.53995847740454,28.306205739624783],[81.54107489507042,28.306226133643374],[81.54167411709254,28.306334359187012],[81.54193333957966,28.306281409623477],[81.54219350075479,28.3061720683363],[81.54271726370557,28.305856231751463],[81.54341046370511,28.305639113137833],[81.54367125038921,28.305529708850706],[81.54391159276499,28.305382043705723],[81.54504070929912,28.304905855010244],[81.54521327427992,28.30487128422539],[81.54556065608647,28.304725495633708],[81.54607741290137,28.304675986517594],[81.54650557212697,28.304742010670854],[81.54690677967763,28.305017972010667],[81.54740339210142,28.305772073411084],[81.54758395136952,28.306292666353343],[81.54777402114487,28.306429583151765],[81.54831985496449,28.306077548888933],[81.54864979513815,28.305776089434694],[81.54887150756916,28.305495322247417],[81.54914073992114,28.305040566537514],[81.54927754565048,28.304737604618897],[81.54952358036385,28.30435974665834],[81.54989522361463,28.30409867432648],[81.55074467201644,28.303655178506826],[81.55138023028415,28.303151601225387],[81.55166790473635,28.302814130431997],[81.55174343950685,28.30237600270976],[81.5518121554827,28.302222270450034],[81.55181947518396,28.301917556470254],[81.55176308270629,28.301610840585717],[81.55180160758908,28.30092232669174],[81.55219914336499,28.300137601013393],[81.55229949551435,28.29993860659137],[81.55247744077745,28.29971216706595],[81.5526089284633,28.299621328948756],[81.55287515804527,28.299320119185694],[81.55345613638718,28.298509825489873],[81.55363845999747,28.298132154654574],[81.55378014481423,28.297677960097392],[81.5537838361016,28.297524477764174],[81.55361003163728,28.296834585355597],[81.5533668863705,28.296296174585773],[81.5533089930717,28.296066168963],[81.55314543673754,28.29575763954777],[81.55283576455265,28.295293999831543],[81.55258630072677,28.29500391181421],[81.55223761710634,28.294386976441906],[81.55157137973448,28.29363130973843],[81.55131953886966,28.293397613446004],[81.55088394670884,28.29285319847442],[81.55057002093068,28.29254304166232],[81.5502382782281,28.292117788089865],[81.54968765123903,28.291039027031147],[81.54962487812566,28.290980572417563],[81.54960537255974,28.290903924397462],[81.5494586943307,28.29076682024212],[81.54914001463926,28.290646281178084],[81.54895057100987,28.290509363087377],[81.54875893786185,28.290428900461343],[81.54804860910173,28.290492660622515],[81.547724424858,28.290561677563442],[81.54765839892478,28.290618380563874],[81.54726831429058,28.29074178715607],[81.54681432986837,28.29084743806924],[81.54663794899972,28.29101517227989],[81.54648532858724,28.291088005017315],[81.54577162218658,28.291264610937457],[81.5450676735277,28.291095927685134],[81.5446850328793,28.2909326882291],[81.54417959960509,28.290578140452467],[81.54399134443746,28.290400523730426],[81.54372124807975,28.29006992399682],[81.54347653854204,28.2895856539413],[81.54335155675813,28.28944848707183],[81.54325096046061,28.289216418141482],[81.54296298475194,28.288750402739776],[81.54286388973509,28.28844162406082],[81.54262149456623,28.287900899468937],[81.5425121510633,28.287208508174174],[81.54255480337561,28.286443221252345],[81.54260613933727,28.286138382310344],[81.54272187488782,28.285835482015457],[81.54278403298382,28.285146905864867],[81.54293159869634,28.28446020650048],[81.54307334549512,28.284003699402938],[81.54315069431449,28.283547566347323],[81.54333082872819,28.28324441641121],[81.54354560702961,28.28248300883262],[81.54355574148751,28.28210152115153],[81.5436033873748,28.281947852367697],[81.54367160199176,28.281816688919076],[81.54410484017393,28.280907678045406],[81.5441967524972,28.280679424079985],[81.54455758382518,28.28007537622345],[81.54493292814091,28.278934108279813],[81.54491342239045,28.27885746062361],[81.5449842646757,28.278629207265126],[81.5448872449195,28.27747855549762],[81.5450760119777,28.276870754622056],[81.54521344297285,28.276567792386178],[81.54557145957281,28.27603826577972],[81.5460345767525,28.27560983327941],[81.54625366034725,28.275460041676574],[81.54662905671509,28.27508612365297],[81.54674047530635,28.274936706565722],[81.5467708034524,28.274629679525926],[81.54671009568283,28.27447644632026],[81.5463167067269,28.273949911632805],[81.54531566080878,28.27287508472562],[81.54513115937,28.272564428884223],[81.54465336384857,28.271979564870097],[81.54444935655587,28.271592198275943],[81.5440364608268,28.270988891861624],[81.54351433665144,28.270460668443498],[81.54330820099669,28.27014782423621],[81.54312044661782,28.26995220177341],[81.54310094025729,28.269875553895577],[81.54297652080392,28.269720319583524],[81.5428542291135,28.26948837501051],[81.54277676747542,28.269179470935715],[81.54282379857321,28.268260639248936],[81.54269063306268,28.267645145003396],[81.54269713865368,28.267417140738708],[81.54277223472108,28.26703546680204],[81.5430702939697,28.266352707840046],[81.54327149781629,28.266069752387224],[81.54338504341013,28.265843624734774],[81.54382752896163,28.26537467913367],[81.54400115642834,28.265301785597295],[81.544195416775,28.26528747105325],[81.54436904532896,28.26521451388717],[81.54462814286678,28.26516156394325],[81.54514314830772,28.265175324008855],[81.54539905554765,28.265237594635263],[81.545524538152,28.265354380881767],[81.54560193704751,28.26566322218173],[81.54559549350472,28.26589347750684],[81.54545280816062,28.266406438196444],[81.54544467513428,28.26669302286741],[81.54549449912332,28.267211925116833],[81.54561253727942,28.267615420273128],[81.54560934711903,28.267730515992366],[81.54573001301922,28.268021165557585],[81.545853868491,28.268196718394485],[81.54617960570356,28.268834096444657],[81.54659306382943,28.26941921061932],[81.54686416146843,28.269711549664454],[81.54728349941534,28.270084539396482],[81.5475193376978,28.270090355596665],[81.5477784352712,28.270039656848756],[81.54795262745621,28.26994638076188],[81.54825943245042,28.26974432554572],[81.54839198370158,28.269612851170525],[81.54857205554552,28.269309701810922],[81.5486682213283,28.268930216273056],[81.54867685488499,28.268623189011304],[81.54872600108635,28.26839505981708],[81.54874758347928,28.26762996117812],[81.54879460328135,28.267478479229904],[81.54920026478023,28.266797534544935],[81.54948300845133,28.26588464428343],[81.5494937687052,28.265503157499694],[81.54945475550494,28.265347611854896],[81.54918853802936,28.264883784774856],[81.5489178277901,28.263803777852438],[81.5489924831099,28.26369062004926],[81.5485926535767,28.263146080428587],[81.54828586022529,28.26260341854261],[81.5477480444342,28.261863070068145],[81.54762512707218,28.26163112549608],[81.54732483933265,28.260858207143503],[81.54701147707674,28.26052541827774],[81.54660195937217,28.25982745878302],[81.54659108640817,28.259443784049232],[81.54643628716914,28.258828289425942],[81.54631587307229,28.25845867944302],[81.5463113091994,28.25844511236693],[81.5461660703823,28.258199726680964],[81.5460165156411,28.25812132700734],[81.54521122339624,28.257530956335255],[81.5450190278918,28.25745049341341],[81.54482883454091,28.257275252263724],[81.5443155342394,28.256211996931377],[81.54410633470067,28.255919471154453],[81.5439390252337,28.255726037733428],[81.54380747483002,28.25579880716825],[81.54302223948338,28.25614946332426],[81.54276251640034,28.25620241349839],[81.54145664659181,28.256674786907272],[81.54024143882452,28.25693916271967],[81.53963327084111,28.257137901624734],[81.53946064424234,28.257154404272285],[81.53911207457166,28.257279874632374],[81.53854417328783,28.257381460713084],[81.53842000205304,28.257402215333993],[81.53746501551731,28.25770841868114],[81.53668684815572,28.257826631684722],[81.53625499917545,28.25785763651464],[81.53547476681555,28.258072877317687],[81.53469609849202,28.258209096163203],[81.53452403456973,28.258207468757035],[81.5340045268052,28.258311055907917],[81.53340061255206,28.258356374382643],[81.53332489718704,28.25837018982069],[81.53320578906424,28.258390944317124],[81.53311975692024,28.2583890058579],[81.53292931272014,28.25827015621248],[81.53255136549274,28.257881162196313],[81.5324485168939,28.257705547283898],[81.53242844790692,28.257646967733535],[81.53247703148173,28.25741883887458],[81.53249461098194,28.25672813637413],[81.53252750510613,28.25628794467256],[81.53240615187221,28.255979227398434],[81.53232162115363,28.255900515989758],[81.5322394048794,28.255765412827063],[81.53205415302841,28.255416370707128],[81.53184520394466,28.25518242487946],[81.53144967672425,28.25548188294723],[81.53101257163432,28.255740891646457],[81.53066475284811,28.255886680180048],[81.53040496753056,28.25593963070447],[81.52988283136354,28.256140245796956],[81.52953332356921,28.256344738716926],[81.52909828267349,28.256508907126147],[81.52826458752706,28.257123765573606],[81.52799842130621,28.25742722605897],[81.5278638051571,28.257653415651664],[81.52776914028819,28.257976509543052],[81.52770267594887,28.258071536668194],[81.52761564328513,28.258108046767898],[81.52744301555316,28.258124487098787],[81.52673512853892,28.258014383364998],[81.5262178097903,28.258043449140064],[81.52595752335348,28.258114403656826],[81.52561383367443,28.258068324319137],[81.52510289548678,28.257849128219025],[81.52404369792237,28.25717616919226],[81.52387638816823,28.256980421727878],[81.52375234483559,28.25676654524421],[81.52352019893411,28.25658911575112],[81.5232653550052,28.256470452823507],[81.52292272798924,28.256386048826517],[81.5223220057707,28.25629807881578],[81.52154709070716,28.25630100828029],[81.52111899560354,28.256196597360184],[81.52086089883927,28.25619309346682],[81.52025704763027,28.25623822430627],[81.51999726251864,28.256291174576425],[81.51964988057499,28.256398576841505],[81.51904064979475,28.256655895563874],[81.51847887578583,28.256721158080282],[81.51830462201346,28.256794115025965],[81.51812774102586,28.256982105493076],[81.51785782101676,28.257436797640338],[81.5177854148142,28.257741698888246],[81.51779159515763,28.25835556630677],[81.51794946506594,28.25845878635627],[81.5179180725591,28.258817765886885],[81.51805261486454,28.259358926682896],[81.51808724845354,28.25966570439517],[81.51851857615073,28.261094941690704],[81.5188468777123,28.261637604768456],[81.51929947398473,28.262317434171223],[81.51961314942209,28.262611836845622],[81.51985979779795,28.263001391310265],[81.51987861642155,28.263078101486066],[81.5199132504087,28.26338713015807],[81.51964927308205,28.263611567967985],[81.51949621448321,28.26372272354954],[81.51932258589646,28.263795618611],[81.51907967841967,28.264040311810817],[81.51897094973562,28.26409488982094],[81.51871185258392,28.264145526650378],[81.5185831163239,28.26414377456627],[81.51820022510577,28.26403911362199],[81.51750409662417,28.263601665064947],[81.51724943991299,28.263521388059903],[81.51686154490073,28.263570273164127],[81.51634009646152,28.2638069616574],[81.51620860835746,28.26389998721271],[81.5159922135331,28.26397300588294],[81.51573424260235,28.263985319311576],[81.51539518077526,28.26384446154488],[81.51510532803611,28.26347309889717],[81.51504806054112,28.263222774692352],[81.51496634481418,28.263067416049072],[81.51490851382543,28.26283741054441],[81.51477348300821,28.261531150215312],[81.51461730732461,28.26099011518526],[81.51447344484674,28.260758170100065],[81.51422423054062,28.260483774090247],[81.51368729148666,28.259743300808783],[81.51347740302639,28.25956580835162],[81.5134368894863,28.25948922354122],[81.51308276254731,28.25911592215786],[81.51226452859821,28.25847578749792],[81.51224533479227,28.25845778190007],[81.51185556934226,28.258104923268377],[81.5116856316875,28.258024272689397],[81.51130461853228,28.25776613004804],[81.51120064412271,28.257610833506543],[81.51096956143071,28.25739508009108],[81.51054572016284,28.257119056182454],[81.50997257257374,28.256800706092086],[81.50963488798301,28.256544689954236],[81.50950978208952,28.256369136774342],[81.50940968585029,28.25608061377163],[81.50935392033087,28.255753579363976],[81.5090059757022,28.255881237620137],[81.50806505295374,28.2564760887457],[81.50740592367204,28.256979541039854],[81.5056582568799,28.257981314777933],[81.50550344675133,28.258130856130236],[81.50503914356243,28.258448569600805],[81.50489452000473,28.25886206396133],[81.50449417618185,28.259371396409932],[81.50384266725442,28.26041194327658],[81.50359156467103,28.260943284124068],[81.50342211602438,28.26162998355221],[81.50323754008976,28.26208655271198],[81.50303189469703,28.26254093388212],[81.5025627713685,28.263201684464367],[81.50249186680408,28.26342993851891],[81.50248967728507,28.263506648392056],[81.50259133703285,28.263700393892876],[81.50274001749754,28.263760787991984],[81.50286487448635,28.263879949548215],[81.50342782619688,28.264466878537846],[81.50353048679898,28.264622237890137],[81.50364833742866,28.265007727262216],[81.50379001091162,28.265318632304435],[81.50424523502271,28.26590374719286],[81.50428418381485,28.26605710545966],[81.50427761599752,28.266287297531093],[81.50418664151309,28.266456845806456],[81.50412067843071,28.266513612561376],[81.5038149998579,28.266699788205283],[81.50374841048261,28.2667744964468],[81.50357421979402,28.26686545883471],[81.50309278414329,28.267219307114495],[81.50273670720162,28.267653992904048],[81.50266417520238,28.267958956092563],[81.50269812100258,28.268265734708827],[81.50291644307586,28.268883293504413],[81.5029595731505,28.26965270679906],[81.50279825691649,28.270032441331942],[81.50235239382638,28.27063667607596],[81.50230312159452,28.2708648051712],[81.50228779614972,28.271402024545786],[81.50218049378857,28.272165247088004],[81.50196327495071,28.273005616644447],[81.50185179393306,28.273155033900807],[81.5018247807565,28.2733649703792],[81.50177976289316,28.273421548305496],[81.50198908858731,28.273619359364314],[81.50215564737334,28.27379478740312],[81.50250545805531,28.274319382997977],[81.50280987462712,28.274941132019134],[81.50303751828545,28.27523372028871],[81.50313805243438,28.275465789312683],[81.50324190191888,28.27560083027088],[81.50355495153137,28.275895357941195],[81.50363992037612,28.275935620619332],[81.50413859770161,28.276522861779366],[81.50439000110329,28.276718233945097],[81.50447553317859,28.27674049196501],[81.50484998981662,28.276402834847513],[81.50524107683376,28.276220848537342],[81.50550405286654,28.276034796582465],[81.50593571492422,28.275929396339734],[81.50604288013017,28.27594927809322],[81.50614666677707,28.2760661886049],[81.50620668683787,28.276221797808446],[81.50628402356887,28.276530701207633],[81.50629846379219,28.276760769508904],[81.50639968575678,28.276992901352266],[81.5065651185132,28.27720671588273],[81.50692262372856,28.27746492044494],[81.50702591012887,28.27759996114923],[81.50690786018903,28.277981822291974],[81.50690129214728,28.2782120143847],[81.50693967908934,28.278365372621465],[81.50706184568668,28.278599630314947],[81.50728955099868,28.278910224222553],[81.50753132077796,28.279471266714257],[81.50759340601076,28.27952972151915],[81.50772107761516,28.279572110535323],[81.50811391501563,28.27934948777966],[81.50824377694826,28.27931522858841],[81.50847861448639,28.279357181653022],[81.50862560446548,28.279455900054568],[81.50883280338307,28.27973048309844],[81.5089289585576,28.28011603438902],[81.50925507121444,28.280735470440877],[81.50943294206914,28.2812764429826],[81.50978231409181,28.28182135748118],[81.51022141017648,28.282214665158122],[81.51079649721532,28.28237947088116],[81.51098569145854,28.28249838241367],[81.5112410976551,28.28258097195274],[81.51168419714514,28.28285905896273],[81.51187176381768,28.283034488012785],[81.51242996108125,28.28379521784613],[81.51318079306901,28.28457776860842],[81.51340136651851,28.285118617214884],[81.51354529229701,28.285350499417838],[81.51366914870479,28.285526052642837],[81.51385846723528,28.285663032350936],[81.5139861388828,28.285703170971065],[81.51424311053928,28.285708987709278],[81.51489241780361,28.285530505551428],[81.51521259907227,28.28557664819051],[81.51547069558795,28.28556214690001],[81.51555785455909,28.28552569959071],[81.51599764941426,28.285131276514207],[81.51619466290941,28.285001990830985],[81.51652028615389,28.284856264615176],[81.51756787482549,28.28424522282121],[81.51802711362768,28.28392976017414],[81.51841888744069,28.283745460644663],[81.51951343243175,28.282983062559982],[81.51983905702109,28.28283502252651],[81.52016261599273,28.282784137133095],[81.52033249102695,28.28284671993976],[81.52051799328588,28.283116863300787],[81.52064347646832,28.283235962008384],[81.52104649959587,28.283396889453453],[81.52123850765764,28.2834390285192],[81.52175526409158,28.283391958905963],[81.52240282064896,28.283251800264605],[81.52272519179482,28.283218918980772],[81.52304656198368,28.283244805982754],[81.52399928532996,28.283724019965675],[81.52444501204769,28.283887135308174],[81.52463545635764,28.283985728601603],[81.52540036386604,28.284249064850968],[81.52578613189851,28.284276952771055],[81.5268216465818,28.284087847179077],[81.527270188877,28.28417187732098],[81.52741836808053,28.28423227146099],[81.52777593518066,28.284490413777334],[81.52821359170927,28.284958181488314],[81.52839859405104,28.285248580971153],[81.5289218446314,28.285738543394288],[81.52919550670482,28.28591578587693],[81.52963372596606,28.28636542321561],[81.52998428721848,28.286869638060807],[81.53048853233108,28.28726263382125],[81.53057187513188,28.287359351115114],[81.53063083161516,28.287553220662495],[81.53072936306314,28.287862000091483],[81.53105553901216,28.288479121923103],[81.53108804553803,28.28886267265646],[81.53128485917358,28.28948029409469],[81.53110535072425,28.289783380357157],[81.53103444537417,28.290011634239185],[81.53099980091852,28.290469893615963],[81.53092520428528,28.29085162959265],[81.53094402346063,28.290928277214423],[81.53089700282368,28.291079695943854],[81.53067410296342,28.29138296987489],[81.53035866461808,28.29191230917765],[81.53018172040787,28.29210029999366],[81.5297895085574,28.29232304786549],[81.52965207747218,28.292625947819435],[81.52934039277775,28.2930220602631],[81.52901095246112,28.29330101334188],[81.5288156284535,28.293373969902927],[81.52857209678074,28.293636731891695],[81.52863161615436,28.29381028330471],[81.52882043389168,28.293967519353558],[81.52945404020521,28.294344199287348],[81.52964235845005,28.294521753385943],[81.52982685983447,28.294830284293113],[81.52994258398384,28.29529242128868],[81.52995126800037,28.295752805923456],[81.52987817363835,28.296057769637205],[81.52983764822116,28.296746284090172],[81.52971747087845,28.297202666357904],[81.52974566169227,28.297739699312856],[81.52970507377353,28.298428213295118],[81.5297889672309,28.29927196136521],[81.52974125972884,28.299423318163495],[81.52935723035935,28.300124456811798],[81.52934510090394,28.300138022890135],[81.5292468128013,28.30023773852237],[81.52904936089755,28.300405535897415],[81.52896282864415,28.30044198292853],[81.5286181985969,28.300492931563145],[81.5284228124559,28.300563699483053],[81.52827025425684,28.300656787468835],[81.52807173881547,28.3008629708303],[81.527937622899,28.30107109271801],[81.52784414681362,28.30137605668793],[81.52781725816592,28.301604185164436],[81.52804757780402,28.302679816055402],[81.52829341294543,28.303143767487406],[81.52845959667339,28.3033575197923],[81.52883954721638,28.303613348995967],[81.52967129249824,28.3038199818429],[81.53067935656007,28.30384093718403],[81.5307643253765,28.303881200499525],[81.53089043400134,28.303980043730952],[81.5310740590231,28.30436522054875],[81.53117158999284,28.304748522375206],[81.53116733601189,28.30492232317456],[81.5311435751839,28.30501716306876],[81.53096775738652,28.305166829544383],[81.5305792987909,28.30525403802617],[81.53051333489462,28.305328809787422],[81.53048951291557,28.305405644657426],[81.53055015801587,28.30555887773322],[81.53073753683302,28.305792885966046],[81.53081925232996,28.305946056866237],[81.53081499859225,28.306119857606713],[81.53074853460318,28.306212696371087],[81.53022746194014,28.306431317355678],[81.53007440274529,28.306544723339943],[81.52977141307994,28.3066520020726],[81.529661057955,28.30676528397802],[81.52961397516812,28.30691664001105],[81.52962828876322,28.307223543033086],[81.52979208278815,28.308373944345725],[81.52978839106426,28.308527426987254],[81.52974349830384,28.308602073179703],[81.52973542842348,28.308906787397973],[81.52950577142508,28.30951477593822],[81.52923904141518,28.309854309821066],[81.52917364083099,28.309908762820644],[81.52891341750114,28.3100181041268],[81.52848050362626,28.31014388609004],[81.52779393448839,28.310148879208313],[81.52757735301923,28.310201579692542],[81.52744648965005,28.31029460583677],[81.52733563352724,28.310446210981343],[81.52707159373524,28.310688716882726],[81.52698174581464,28.31084032316386],[81.52688464009964,28.311296580976155],[81.52669699781836,28.311906695186856],[81.5267400638598,28.312748317755368],[81.52667191078517,28.312899860980604],[81.52649840773228,28.31299069793688],[81.52636623169394,28.31310404244317],[81.52627494345303,28.313330107388833],[81.52629226013337,28.31348352807508],[81.52637353816712,28.313677272987896],[81.5265629190455,28.313814253099732],[81.5268817240494,28.31393479203692],[81.52707492088346,28.313940859045385],[81.52720484570071,28.31390428738518],[81.52771897433003,28.313951931598087],[81.52849170123764,28.313948939772942],[81.52881369635338,28.313956758956817]]]}},{"type":"Feature","properties":{"province":"Lumbini Province","district":"Bardiya","municipality":"Basgadhi Municipality","ward":"5","wardNumber":5,"sourceMunicipality":"Bansagadhi","sourceType":"Nagarpalika"},"geometry":{"type":"Polygon","coordinates":[[[81.5439390252337,28.255726037733428],[81.54353919467592,28.255296594074576],[81.54326978887221,28.254832705263212],[81.54323234016357,28.254600386334747],[81.5432566007449,28.25448747831839],[81.54339015329278,28.254317680135678],[81.54348463175711,28.25397426837751],[81.54349151328813,28.2536876213969],[81.54343393353318,28.253398911311567],[81.54342137140266,28.253053684726922],[81.5434389506279,28.252362982689014],[81.5435381207724,28.25184802030795],[81.54365229216745,28.25160157424034],[81.54393733912907,28.25139507957017],[81.54407095365085,28.251225280649546],[81.54405995546308,28.250823600430603],[81.54381455880109,28.25030094464795],[81.54357329160388,28.249604549719088],[81.54349570525422,28.24925957249741],[81.54334803947565,28.24827840816631],[81.5433096031808,28.247242665646898],[81.54314923774628,28.24677834016806],[81.54309491128153,28.246374596543056],[81.54273510498736,28.24527464493497],[81.54254979111666,28.244925539922747],[81.5422468154542,28.244114298687848],[81.54219580369178,28.243595395321513],[81.54229347176789,28.243136886944274],[81.54212985358316,28.24278990832686],[81.54196304500651,28.242555900414185],[81.54171664694205,28.242091948429465],[81.54165750317922,28.2418597552589],[81.54149294561294,28.24156916764588],[81.54105472812968,28.240984178971797],[81.54095194277765,28.240810814530274],[81.54067690558468,28.240595247331182],[81.54038555290406,28.240185686185754],[81.54014015714313,28.23966303044568],[81.53993277121543,28.23935237397631],[81.5398694985053,28.239293981098697],[81.53961396747869,28.239173130993034],[81.53944296640094,28.23913092860708],[81.53918374479143,28.239145492774902],[81.53912047152657,28.239107355726482],[81.53854439156864,28.23845740832923],[81.53822015096775,28.238090797168987],[81.53792886062583,28.237683424230315],[81.537723101779,28.237314125296],[81.5374286829488,28.237039917076487],[81.53703554555551,28.236400537308768],[81.53678595776093,28.236069749386896],[81.53659707754349,28.235874128041466],[81.53638550074025,28.235735084532013],[81.53609101924626,28.235460875298216],[81.53592489843368,28.235229055989688],[81.53526535717874,28.23406483152348],[81.5349940729556,28.23371385023673],[81.53474029407217,28.233536545430823],[81.53439891796965,28.233434073314463],[81.53396982128247,28.233367986831034],[81.53353972268413,28.233360666958028],[81.5333660328749,28.23341324345725],[81.53308580206979,28.233427868963254],[81.53276762406152,28.233248562877833],[81.53245369983867,28.23289776890233],[81.53222524380483,28.23256685657382],[81.53184804671837,28.232175612312208],[81.53131985544584,28.231782740573962],[81.53085118317671,28.23158142661474],[81.53072457453081,28.23148264586352],[81.53064279646321,28.23130915660357],[81.53060597368443,28.231079088706256],[81.53062030006076,28.230503544584842],[81.53058228936985,28.230291544882654],[81.53043730128459,28.23007766739025],[81.53024779507167,28.22990248954551],[81.52993017922833,28.229702739292282],[81.52984420978036,28.229703113562504],[81.52964625819259,28.229870910033434],[81.52930774833837,28.23047702165394],[81.52926072886456,28.230630629218318],[81.52919420203843,28.230705400064757],[81.52907696552106,28.231087322934687],[81.52898724265637,28.231238866954005],[81.52889426610419,28.231505443462773],[81.52882886618612,28.231541953679592],[81.52857239637876,28.231479682552813],[81.52844522470576,28.231399032481043],[81.52800469218322,28.230949332527793],[81.5275804126327,28.23069362786002],[81.52706378263777,28.230702374408995],[81.52663099417713,28.230789832410217],[81.52628261225667,28.230953688478074],[81.52593535579967,28.231063342038198],[81.52550525760856,28.231053708998676],[81.52533363196082,28.231013757657752],[81.52516431955412,28.230912789209903],[81.52457498292108,28.230384752206],[81.52415864845526,28.229801825887712],[81.52404104852812,28.229337313752765],[81.5240338044754,28.228764082935808],[81.52367418681827,28.227664130549798],[81.52366262592072,28.22726019956084],[81.52358516460663,28.226912846474765],[81.52359373540699,28.22656980891726],[81.52355685024345,28.226337490042724],[81.52347344632814,28.22622045525556],[81.52328663068823,28.225930054598496],[81.52307348999726,28.225849653768517],[81.522794323237,28.225823580234245],[81.52262382336032,28.22574524285794],[81.52151147458581,28.225474150491966],[81.52056787494831,28.225319844009462],[81.51954362316184,28.224955850282317],[81.51860315097692,28.224668255138727],[81.5182595861469,28.224622175133547],[81.51783161551869,28.22451770204229],[81.51704001043848,28.224310819058047],[81.5168912676807,28.224250487269344],[81.5168052984934,28.22424854811184],[81.51603526457853,28.22402347324508],[81.51577779381188,28.223999650898307],[81.51509279072125,28.22383071805925],[81.5146670094669,28.223651785635703],[81.51398306925873,28.22344440477575],[81.51306316689048,28.223197384037206],[81.51299833047565,28.22321570092117],[81.51293293072362,28.223252085335186],[81.51264469302836,28.223591682045633],[81.51255328057225,28.22379967939493],[81.5125647168327,28.224183291794205],[81.51263955016846,28.22464567888574],[81.51264959722944,28.2259501236802],[81.51260101284169,28.22617825317038],[81.51251066475815,28.226329795863105],[81.51241718765006,28.22663482235157],[81.51226406608207,28.22672790964499],[81.5121569645563,28.22670577751258],[81.51173969121777,28.226181494023173],[81.51054313786325,28.224949118444385],[81.5102145252423,28.22430942608996],[81.5098801562526,28.223920245764322],[81.5094586291402,28.223567512441704],[81.50914526721921,28.223175956319835],[81.50889098756893,28.22301890720636],[81.50863239109621,28.223013152283386],[81.50843763001386,28.223068041319436],[81.50815145756224,28.223310609540974],[81.50804010056375,28.223462214988896],[81.5080379110381,28.22353892462534],[81.5082457966393,28.223849643675713],[81.50834314028297,28.224235195540828],[81.5079218504104,28.22472433342325],[81.50778448167326,28.22504748906678],[81.5075659611465,28.22517696273366],[81.5074994347971,28.225253921451205],[81.50567092815608,28.226041631747968],[81.50506282280894,28.226240244960614],[81.5048888192272,28.226333394977164],[81.50471562868898,28.226367903277364],[81.50436612050039,28.22655201553762],[81.50332891892221,28.22668447969345],[81.5013488054017,28.226664700482615],[81.50091545366921,28.226770101712905],[81.50074126250573,28.226845184050866],[81.50017273330718,28.227197093007476],[81.50004124498392,28.227290119196642],[81.49990819318344,28.227441849554975],[81.49986111082653,28.22759320542837],[81.49993525633843,28.228055592484534],[81.4998666027863,28.228227391993883],[81.4997129815044,28.228338547576143],[81.49867690614293,28.228432625338858],[81.49850603005348,28.228390360908627],[81.49797790193989,28.227997302397238],[81.49757475454096,28.227759539980156],[81.49747140611991,28.227583924382007],[81.49747566032963,28.227412374823892],[81.4973950714737,28.227200498603935],[81.49731222945324,28.22706314488085],[81.49714341888071,28.22692610247464],[81.49686175088759,28.22690227986367],[81.4964932436944,28.22657186624398],[81.49630730349092,28.226319727297824],[81.4959715571671,28.22604564273745],[81.49584720027039,28.225870027759274],[81.49580775042006,28.22575511821256],[81.4956922768025,28.225295106924257],[81.49570215983533,28.224954257413454],[81.4957514321756,28.224726128255423],[81.49564246416088,28.22403817497061],[81.49564903287721,28.223810233261098],[81.49572162665933,28.223525588291317],[81.49571212860312,28.223126158266453],[81.49560090906823,28.222496847776995],[81.49555302478497,28.221923803808163],[81.49547756521801,28.22157876461736],[81.49543642507625,28.22150217921828],[81.49537315257048,28.221461791578257],[81.49480106810711,28.221181702113995],[81.49394532455308,28.220304622322622],[81.49373887665337,28.22001422254035],[81.49366172723569,28.21972788712606],[81.49366723220976,28.219538269504408],[81.49358614247012,28.219364779824737],[81.49350067325099,28.219342522663258],[81.49324220121291,28.219375028740536],[81.49264078957304,28.2193614557085],[81.49204100385714,28.21928911483494],[81.4913575012133,28.21915844295006],[81.49075721537594,28.21910642075022],[81.48939589045177,28.219377671662286],[81.48896479168539,28.21942430479082],[81.48862135115655,28.219416548481902],[81.48818975081065,28.21948125025961],[81.4874563511282,28.21957870769008],[81.48736975599081,28.2195947738842],[81.48704582157754,28.219663664963957],[81.48645884853089,28.21989597680524],[81.48666754836553,28.220111854664644],[81.48704374553635,28.22046258682111],[81.48724963023297,28.220771055081915],[81.48732684241989,28.221077708007726],[81.48743349549584,28.221842434216235],[81.48755122138915,28.222225735277636],[81.48761523412227,28.222988334860094],[81.48775015072822,28.223524993484443],[81.48780128818294,28.22398294174076],[81.48793407823884,28.22459412194343],[81.48801684654296,28.22543336968465],[81.48807524002147,28.225663375457227],[81.48848269282595,28.22643604407482],[81.48969699393022,28.22827328502089],[81.48975701338318,28.228426581117674],[81.48992244691516,28.2286584004632],[81.49024830971977,28.22927571077356],[81.49049527053087,28.229642633461765],[81.49074442204221,28.229935159652353],[81.49105196650696,28.2304553785113],[81.49123847047976,28.230689449765546],[81.49138552322032,28.230806235284266],[81.49142666240164,28.23088282093274],[81.49186450646953,28.231332645979112],[81.49221475401708,28.231854990822136],[81.49261095849616,28.232262051843172],[81.49283916426316,28.232554640984265],[81.49318884931488,28.23309505367546],[81.4935619194105,28.233581137846095],[81.4937511122699,28.23371818021547],[81.49394418486801,28.233721996245905],[81.49409567873346,28.23368755063358],[81.49429488147379,28.233501748540995],[81.4944917690913,28.23337465085751],[81.49507930493411,28.233122021274536],[81.49533783973983,28.233089514399197],[81.49546820127361,28.233037125963616],[81.49618228242315,28.23288102585593],[81.49676212373052,28.23289703787144],[81.49686197405337,28.232860527905682],[81.49742124390846,28.232971316782205],[81.49750827756425,28.232914551541818],[81.49785453243848,28.232845597955023],[81.49802878595746,28.23277276596522],[81.49890149372624,28.232329458815986],[81.49944995452518,28.231918969643125],[81.49971242990341,28.231769054305285],[81.49991044354549,28.231601320067536],[81.50017229335565,28.231471722182622],[81.50051748536671,28.23144109189622],[81.50068685945377,28.231560066785743],[81.5008328487886,28.231735620133048],[81.50095313823518,28.232100790765443],[81.50092556202772,28.232331045318706],[81.50098132771329,28.232676147420126],[81.50100688901689,28.233368975899285],[81.50106597072609,28.233598856390557],[81.50115417896396,28.234347889701517],[81.50131235451195,28.234927374771143],[81.50130741334178,28.235098924646646],[81.50140062640747,28.235676345032644],[81.50124386407803,28.23676697614718],[81.50124347585945,28.23762910352947],[81.50116887928117,28.238028845118514],[81.50115868183404,28.23843290136796],[81.50123776998667,28.23872148671747],[81.50132111155978,28.238838522309376],[81.50150992929393,28.239013888591405],[81.50198997470169,28.239619196728633],[81.50223680950134,28.240083210711287],[81.50242418860759,28.240355605155035],[81.50253710939643,28.24012728962924],[81.50289306125588,28.239674598283802],[81.50309589267943,28.23931499509166],[81.50323981725843,28.239585263388072],[81.50334066276346,28.239876037818988],[81.50335797962225,28.240029458033277],[81.50352040857807,28.2404350785557],[81.50351027389343,28.24083682198985],[81.50356697865509,28.241125531873134],[81.50360868111619,28.241184049624312],[81.50399025684494,28.241439941822918],[81.50407040826981,28.24167207357316],[81.50415375059,28.24178917081194],[81.5043019912966,28.241869821594417],[81.50460185288058,28.24195222449182],[81.50508671534641,28.242363538305742],[81.50559752719052,28.242584984137807],[81.50576915331202,28.242627248124727],[81.50602718726411,28.242630814953774],[81.50646003710833,28.242543419283948],[81.50663210153849,28.242547297945556],[81.5068031650462,28.242609880260805],[81.50684486713962,28.24266614766068],[81.50686487388074,28.242724727387106],[81.50666304362476,28.24302793876062],[81.5065971427188,28.243102647470717],[81.50629033774987,28.243306891368476],[81.50622381141659,28.243383850554334],[81.506198987609,28.24351713956125],[81.50625907027509,28.24369069111728],[81.50665577320663,28.244178964312614],[81.50675749604152,28.24441103327335],[81.50685502605212,28.24481465344428],[81.50686483545816,28.245275038313792],[81.50702570079173,28.245737113049707],[81.50735963215095,28.246146612145683],[81.50835073953853,28.246991496789953],[81.50904442566788,28.247638944846837],[81.50908562813731,28.24771553064257],[81.50971666732724,28.248302210039785],[81.51025998625553,28.24892758765702],[81.51046687003088,28.24927662931735],[81.51058866190193,28.249567279009643],[81.5109020225967,28.24993626578722],[81.5111666760502,28.25051756444142],[81.51142876263617,28.251211709061224],[81.51157387645698,28.25144577918825],[81.51165396492624,28.251678035170954],[81.51183852915926,28.252027139915075],[81.51218990143454,28.252608127249523],[81.51248050398416,28.253015500586685],[81.5126488768809,28.253172860895745],[81.51294385809723,28.253429064572845],[81.51302826402706,28.253487394673503],[81.51304733185191,28.253602429325824],[81.51258415185737,28.25403523792389],[81.51182123703882,28.254403712350157],[81.51147066505226,28.25464427844105],[81.51053180711905,28.25514428977294],[81.50972293455314,28.255625795935334],[81.50941881925377,28.255735261826807],[81.50935392033087,28.255753579363976],[81.50940968585029,28.25608061377163],[81.50950978208952,28.256369136774342],[81.50963488798301,28.256544689954236],[81.50997257257374,28.256800706092086],[81.51054572016284,28.257119056182454],[81.51096956143071,28.25739508009108],[81.51120064412271,28.257610833506543],[81.51130461853228,28.25776613004804],[81.5116856316875,28.258024272689397],[81.51185556934226,28.258104923268377],[81.51224533479227,28.25845778190007],[81.51226452859821,28.25847578749792],[81.51308276254731,28.25911592215786],[81.5134368894863,28.25948922354122],[81.51347740302639,28.25956580835162],[81.51368729148666,28.259743300808783],[81.51422423054062,28.260483774090247],[81.51447344484674,28.260758170100065],[81.51461730732461,28.26099011518526],[81.51477348300821,28.261531150215312],[81.51490851382543,28.26283741054441],[81.51496634481418,28.263067416049072],[81.51504806054112,28.263222774692352],[81.51510532803611,28.26347309889717],[81.51539518077526,28.26384446154488],[81.51573424260235,28.263985319311576],[81.5159922135331,28.26397300588294],[81.51620860835746,28.26389998721271],[81.51634009646152,28.2638069616574],[81.51686154490073,28.263570273164127],[81.51724943991299,28.263521388059903],[81.51750409662417,28.263601665064947],[81.51820022510577,28.26403911362199],[81.5185831163239,28.26414377456627],[81.51871185258392,28.264145526650378],[81.51897094973562,28.26409488982094],[81.51907967841967,28.264040311810817],[81.51932258589646,28.263795618611],[81.51949621448321,28.26372272354954],[81.51964927308205,28.263611567967985],[81.5199132504087,28.26338713015807],[81.51987861642155,28.263078101486066],[81.51985979779795,28.263001391310265],[81.51961314942209,28.262611836845622],[81.51929947398473,28.262317434171223],[81.5188468777123,28.261637604768456],[81.51851857615073,28.261094941690704],[81.51808724845354,28.25966570439517],[81.51805261486454,28.259358926682896],[81.5179180725591,28.258817765886885],[81.51794946506594,28.25845878635627],[81.51779159515763,28.25835556630677],[81.5177854148142,28.257741698888246],[81.51785782101676,28.257436797640338],[81.51812774102586,28.256982105493076],[81.51830462201346,28.256794115025965],[81.51847887578583,28.256721158080282],[81.51904064979475,28.256655895563874],[81.51964988057499,28.256398576841505],[81.51999726251864,28.256291174576425],[81.52025704763027,28.25623822430627],[81.52086089883927,28.25619309346682],[81.52111899560354,28.256196597360184],[81.52154709070716,28.25630100828029],[81.5223220057707,28.25629807881578],[81.52292272798924,28.256386048826517],[81.5232653550052,28.256470452823507],[81.52352019893411,28.25658911575112],[81.52375234483559,28.25676654524421],[81.52387638816823,28.256980421727878],[81.52404369792237,28.25717616919226],[81.52510289548678,28.257849128219025],[81.52561383367443,28.258068324319137],[81.52595752335348,28.258114403656826],[81.5262178097903,28.258043449140064],[81.52673512853892,28.258014383364998],[81.52744301555316,28.258124487098787],[81.52761564328513,28.258108046767898],[81.52770267594887,28.258071536668194],[81.52776914028819,28.257976509543052],[81.5278638051571,28.257653415651664],[81.52799842130621,28.25742722605897],[81.52826458752706,28.257123765573606],[81.52909828267349,28.256508907126147],[81.52953332356921,28.256344738716926],[81.52988283136354,28.256140245796956],[81.53040496753056,28.25593963070447],[81.53066475284811,28.255886680180048],[81.53101257163432,28.255740891646457],[81.53144967672425,28.25548188294723],[81.53184520394466,28.25518242487946],[81.53205415302841,28.255416370707128],[81.5322394048794,28.255765412827063],[81.53232162115363,28.255900515989758],[81.53240615187221,28.255979227398434],[81.53252750510613,28.25628794467256],[81.53249461098194,28.25672813637413],[81.53247703148173,28.25741883887458],[81.53242844790692,28.257646967733535],[81.5324485168939,28.257705547283898],[81.53255136549274,28.257881162196313],[81.53292931272014,28.25827015621248],[81.53311975692024,28.2583890058579],[81.53320578906424,28.258390944317124],[81.53332489718704,28.25837018982069],[81.53340061255206,28.258356374382643],[81.5340045268052,28.258311055907917],[81.53452403456973,28.258207468757035],[81.53469609849202,28.258209096163203],[81.53547476681555,28.258072877317687],[81.53625499917545,28.25785763651464],[81.53668684815572,28.257826631684722],[81.53746501551731,28.25770841868114],[81.53842000205304,28.257402215333993],[81.53854417328783,28.257381460713084],[81.53911207457166,28.257279874632374],[81.53946064424234,28.257154404272285],[81.53963327084111,28.257137901624734],[81.54024143882452,28.25693916271967],[81.54145664659181,28.256674786907272],[81.54276251640034,28.25620241349839],[81.54302223948338,28.25614946332426],[81.54380747483002,28.25579880716825],[81.5439390252337,28.255726037733428]]]}},{"type":"Feature","properties":{"province":"Lumbini Province","district":"Bardiya","municipality":"Basgadhi Municipality","ward":"2","wardNumber":2,"sourceMunicipality":"Bansagadhi","sourceType":"Nagarpalika"},"geometry":{"type":"Polygon","coordinates":[[[81.65212377774469,28.302155887559213],[81.65161234008339,28.301919187505536],[81.65135712191707,28.30178264447652],[81.65125033284862,28.301724501467923],[81.65063060371365,28.30150405509085],[81.65030986143852,28.301385954369728],[81.64979979929545,28.301072418959617],[81.64958772341568,28.30089736538111],[81.64922915684599,28.300529003430217],[81.64898325802994,28.300139698775993],[81.64879075253435,28.29983366958758],[81.6485601079968,28.299541393339545],[81.64841543363288,28.299232926815463],[81.64833578314062,28.298924085251937],[81.6483936283717,28.29815873616332],[81.64851211695657,28.297623267542516],[81.64851793608831,28.297316365534176],[81.648480989034,28.297009587329782],[81.64836151327337,28.29654751294403],[81.6481731346563,28.29627755622121],[81.64798075167226,28.29619721847193],[81.6477265965368,28.296022414322092],[81.64747275497689,28.29578890534379],[81.64721703619651,28.295668242526766],[81.64689829499136,28.295453050634876],[81.64664501594906,28.29521960406197],[81.64637148068795,28.29489137960275],[81.64605530437755,28.294579222669498],[81.64584773287119,28.29419198117563],[81.64553249513376,28.293823369212276],[81.6452033824848,28.29305307713698],[81.64498337501792,28.292205576578603],[81.64503902948016,28.29159370952692],[81.64500208300316,28.29128693158709],[81.6447516823393,28.29087968436345],[81.64466708891054,28.290801035290425],[81.64432633929157,28.290644673763115],[81.64426287872348,28.290586280259575],[81.64387723569214,28.29048430893171],[81.6430486838057,28.289973650309786],[81.64273050582624,28.28973814015218],[81.64221900531369,28.289483309227023],[81.64196234852952,28.289421225287576],[81.64164310702124,28.2892242266064],[81.64106633121744,28.289026100196093],[81.64017181640561,28.288572144087947],[81.63974584739883,28.288334882126456],[81.63955615410546,28.288159766123986],[81.63947193666016,28.28804279319579],[81.63942960916397,28.288004656811886],[81.639366273653,28.28796658248555],[81.63889616298161,28.287806280302647],[81.63831982587796,28.287567515705828],[81.63761356474305,28.287365448941202],[81.635683097068,28.28708784604406],[81.63432834091125,28.28704900675736],[81.63368166188069,28.287097076572135],[81.63260619710054,28.28708181004937],[81.63215327716658,28.287133569581478],[81.63086235712586,28.287114737813283],[81.63054142613228,28.28705302807445],[81.62996402558349,28.28685258837907],[81.62873956904392,28.286758921728648],[81.62861120912021,28.2867189083673],[81.62816535884402,28.286443385094344],[81.62778265715306,28.286187868139745],[81.62752944095956,28.285954297530832],[81.62727422270098,28.285797498577594],[81.62695767079312,28.285505533613236],[81.62687702031256,28.285237329855832],[81.62664543733628,28.284983377677122],[81.62649638223677,28.284887034954817],[81.62562056004553,28.284566056026918],[81.6251112489133,28.284234390240563],[81.62492093033121,28.284056961305826],[81.6247114191544,28.283766811329752],[81.62461019855131,28.28346034497652],[81.62457331413337,28.283151316250176],[81.62449028455352,28.2830162761032],[81.62429940308753,28.282861416029316],[81.6241072699823,28.28279914531562],[81.62339375086974,28.282980691031167],[81.62307019111695,28.28301601013225],[81.62268323419109,28.2830088160441],[81.62229715376625,28.282927037426543],[81.62190769604666,28.282924282294356],[81.6217737711692,28.282922655463654],[81.62165460347978,28.282812559083283],[81.62152574282963,28.28279061362192],[81.62143927263904,28.282827123470096],[81.62084660698339,28.283292441356448],[81.62064884241838,28.283478430901376],[81.62036022937988,28.283834094980634],[81.62029482966321,28.283870479185897],[81.6202087353216,28.28386860269281],[81.61978276492972,28.283726119031495],[81.61918479397336,28.283600200334973],[81.61840937824967,28.283660146460473],[81.6180689396388,28.283537544287817],[81.61781616109333,28.283362678048665],[81.61764616080183,28.28328215168599],[81.61721962830728,28.28315773611597],[81.61687618704322,28.28317054841787],[81.61635730452707,28.28327444749652],[81.61592664215969,28.28332158152046],[81.61523944817259,28.28330663203871],[81.61489744646123,28.28324267239042],[81.61412534606008,28.283207840204838],[81.6131023432404,28.282880670578887],[81.61259046660116,28.2827565656065],[81.61212485875623,28.28247879180169],[81.61195811141968,28.282303550610077],[81.6115209562187,28.281761574742788],[81.6113366420306,28.28141259491654],[81.61063239377837,28.280424984339476],[81.61050997630424,28.280195353799527],[81.61011402204714,28.279727711843346],[81.6093776931219,28.279139655986565],[81.60892271987399,28.27848270778726],[81.6085842841988,28.278265328068606],[81.60790666119,28.277907215063728],[81.60744261714255,28.277573111769083],[81.607018274709,28.2773740488889],[81.60582652231092,28.27694828542895],[81.60542706575893,28.27663412629505],[81.60513665049848,28.27622919118141],[81.6048859974111,28.27597523880322],[81.60446378119622,28.275699528467612],[81.60395403151212,28.275498650986105],[81.60352712345585,28.275412558949768],[81.60301211832414,28.275401299094554],[81.60266642592633,28.27547050367387],[81.60232448595646,28.275424611298916],[81.60198417364029,28.275304259483264],[81.60169025470877,28.27506856199461],[81.60118056636165,28.274867746839078],[81.60058259540887,28.27473945299879],[81.60006702705206,28.27474851187854],[81.59946342495334,28.27485047305025],[81.5991162308495,28.27499644920897],[81.59876472114365,28.27527327598328],[81.59819800444295,28.275605304952375],[81.59793740517533,28.27571477154],[81.59741964841186,28.275798290393666],[81.59691720552198,28.276111938661842],[81.59657270106776,28.2761630754925],[81.59640338943149,28.27608261164682],[81.59608840054412,28.2758289093597],[81.5957405291398,28.275191780183214],[81.59526148300426,28.274647677825264],[81.59505090679151,28.27449056744688],[81.59496806477301,28.274373656739954],[81.59490842081848,28.274200104898892],[81.59495644156583,28.274010362956243],[81.59500089611853,28.273974040215755],[81.59532426766046,28.273904898204382],[81.59560662498725,28.273795369006816],[81.59578288084397,28.273627572357338],[81.59585365987083,28.27340156928906],[81.5958356552405,28.27326627928119],[81.59577344584478,28.273189818270254],[81.59568841499909,28.27314949320676],[81.5953744895573,28.272855215826194],[81.59533497582596,28.27274030652216],[81.5952103693267,28.272567067365003],[81.59515554193098,28.272222027398833],[81.59507588991498,28.271992147158183],[81.59489070048983,28.271701809463718],[81.59468225090426,28.27146805109798],[81.594695011678,28.27100985446271],[81.59489546573768,28.270729086142023],[81.59498794156688,28.27050302125402],[81.59504484500374,28.269970115252903],[81.59494093264269,28.26985326793039],[81.59459843121745,28.269807312892482],[81.59373629392265,28.269941967374418],[81.59341911610618,28.26976284896686],[81.59303553685821,28.269660689405907],[81.59293112365089,28.269561846973144],[81.59276756692016,28.26925337896374],[81.59225731659724,28.26907056994341],[81.59208850464519,28.268971914499247],[81.59192063195947,28.268816929054577],[81.59188111869673,28.268699769405238],[81.59189488188485,28.26818511836636],[81.59196722511706,28.267900473249146],[81.59212660187526,28.267561188027415],[81.59211391465645,28.267236279734046],[81.59201112901161,28.267080983661874],[81.59194779287589,28.267042909201813],[81.59147348970265,28.267128490934798],[81.59132468510143,28.267068221543628],[81.59122171139745,28.266892606432265],[81.59122440169403,28.26679782919191],[81.5914639297076,28.26667035644904],[81.5916618192269,28.266502559718095],[81.59179537186908,28.26633263673373],[81.59191041836279,28.266050054899086],[81.59187240748143,28.26585837342854],[81.59176955878421,28.265703139274354],[81.59156010798559,28.26550764163537],[81.59077187948147,28.26530119683898],[81.59070860562503,28.26526087163021],[81.59050178319471,28.2649705968671],[81.59037623727694,28.264853810876915],[81.58995251984848,28.26463443004968],[81.58963327761835,28.264532020826334],[81.58959326349981,28.264437430034274],[81.58947247321333,28.26414678124994],[81.5893516822553,28.263840377591695],[81.58922033072587,28.263150361004833],[81.58920720493494,28.262845770948484],[81.58905215643163,28.2622325275231],[81.58901727296612,28.26192574907892],[81.58871248016946,28.26130868968927],[81.5885257263758,28.261076931737215],[81.58835847927388,28.260901691620454],[81.58793857685217,28.260567150711704],[81.58719724325198,28.26018903122199],[81.5867503901712,28.260046421537666],[81.58649291964755,28.260040855294662],[81.5861051486385,28.26010793239825],[81.58565460594241,28.26009861275017],[81.58527152709745,28.259976134858643],[81.5851881848858,28.259879417898414],[81.5852183252391,28.259574640959023],[81.58512342084933,28.259114630409726],[81.58494035836218,28.258729514722173],[81.58468970586908,28.258459808079248],[81.58458010479607,28.258340583813972],[81.58502540465688,28.25774066354897],[81.58505060410057,28.25756898835688],[81.5851882850894,28.257227577392204],[81.58521411020584,28.257053714203607],[81.5852584402887,28.256997072536183],[81.58533366273511,28.25653862634279],[81.58532285258914,28.25608049161411],[81.58521887812253,28.255943325990145],[81.58473038785559,28.255647483358672],[81.58462472479229,28.255550890742715],[81.58452018724924,28.255433981122554],[81.5843357485903,28.255028547014078],[81.58414711938194,28.254794601289593],[81.58410641791203,28.254697760116876],[81.58349332108281,28.254208359218303],[81.58334708154342,28.25403299401661],[81.583204346147,28.253686077495576],[81.5830389755938,28.253395615937297],[81.58291950007364,28.25298987025716],[81.58275412921098,28.25269940840467],[81.58278045541907,28.252489409771012],[81.58286955241371,28.252358121411323],[81.58326801984254,28.25192537457947],[81.58245540814794,28.25166028743604],[81.58143059358072,28.25127872588989],[81.58092096994336,28.250962689940643],[81.58054077008556,28.2506483438478],[81.58022596681177,28.250518802260675],[81.58015694146927,28.25048973034098],[81.57983319551909,28.250482099081477],[81.57944417495493,28.25053336014026],[81.57892297868862,28.25065745250321],[81.57879211615955,28.250732473646316],[81.57833588117404,28.250856317023555],[81.57788127327105,28.25092595746689],[81.57781468437987,28.250982660840922],[81.57774934673081,28.251037113367186],[81.57810597416363,28.251466680647926],[81.57818781451822,28.251640107417973],[81.57850067452598,28.25210593579983],[81.57871187636965,28.252281052021893],[81.57890000492065,28.252535316289872],[81.57904436710237,28.25282358950422],[81.5791906067535,28.25301927408593],[81.57933171612088,28.253422644251604],[81.57930076086208,28.253824511360165],[81.57911618456296,28.254339910763612],[81.57911205503756,28.25451139812977],[81.57917126191829,28.254741404193435],[81.57910210853932,28.25491320392345],[81.57885832535341,28.255196346302267],[81.57848405592456,28.25551387253453],[81.57824327655669,28.255643533257807],[81.57800518681405,28.25569648340075],[81.5778129916822,28.25561601974834],[81.57751657250631,28.255362254606627],[81.57700163196853,28.255238024728012],[81.57667438143238,28.255404195309982],[81.57628461060625,28.25545326757981],[81.57602588894864,28.255449825487574],[81.5757063973598,28.255290900377126],[81.57544767571419,28.255285270857517],[81.57297180328841,28.255965942443254],[81.57251356666788,28.256189065144046],[81.57173314798652,28.256345789497104],[81.57121038729946,28.25654659214707],[81.57048867339161,28.25695364110132],[81.5701618003667,28.257081425097347],[81.5696422293904,28.257169320096022],[81.56938457173547,28.257125241453803],[81.5691679908026,28.2571396804459],[81.56943453234834,28.25682034033811],[81.56963986548756,28.256363583333815],[81.56973897278648,28.25582830223126],[81.5697392366601,28.254909782997355],[81.56981145568443,28.25460475653199],[81.56988160976603,28.254376503162145],[81.57028645871642,28.253695495560784],[81.57035661274985,28.253465053701433],[81.57046796961103,28.253315573575684],[81.57066585797276,28.253145525409327],[81.57088500476797,28.253015865664274],[81.57101749300199,28.252884515548548],[81.57183775080672,28.251962504615697],[81.57216768976747,28.25169930605404],[81.57221370868209,28.251586273364776],[81.57189146481085,28.251522188289893],[81.57131062415881,28.251452411785],[81.5709246059577,28.25135018995366],[81.5707951830022,28.251348499994958],[81.57046887135877,28.251455902904404],[81.57001695308398,28.25142845226209],[81.56956647449027,28.251324291636664],[81.56930775257264,28.251300531219037],[81.568789746229,28.251329784416658],[81.56846399860487,28.251419118821598],[81.5682675493369,28.251510268119105],[81.56813768726751,28.251528835027973],[81.56787583824084,28.251656307009878],[81.56728861601917,28.25183704061566],[81.56650406761635,28.252167566588824],[81.5660484587527,28.252293597895513],[81.56545654501681,28.252666200078192],[81.56519519530288,28.25277560460711],[81.5649977451178,28.252905077332215],[81.56480242136551,28.25296002921116],[81.56434099363823,28.25331400239285],[81.56427603122592,28.253314314237038],[81.56388325735193,28.2535167446663],[81.563752832511,28.25355344121587],[81.56355894839005,28.253529369438947],[81.5634332787603,28.253374197526263],[81.56315811605454,28.253158693789384],[81.5629664209762,28.25305791192081],[81.56256340035566,28.252763883500823],[81.56211510993396,28.252582950271055],[81.5617316576128,28.252365632295895],[81.56109060935943,28.252122240194357],[81.5607082207341,28.25186653637481],[81.56037022376063,28.25157225867275],[81.56017846580984,28.251455721887517],[81.5600501684218,28.251413333385685],[81.55985428225314,28.251486352568254],[81.5597655602864,28.251581504069353],[81.55969646842418,28.251771434190385],[81.55959623532189,28.252345038551926],[81.55936626571764,28.25295308974148],[81.5593007402114,28.25298947406441],[81.55912748811481,28.253005977359656],[81.55891259628615,28.252982030269965],[81.55879967580802,28.25319015235667],[81.55872945827197,28.253420657336903],[81.5584390314885,28.253816770084487],[81.55830710581415,28.253927863691484],[81.55795922358486,28.254055709580218],[81.55750611688187,28.254048514446684],[81.55692627707039,28.253940288728355],[81.55634487311346,28.253890767624025],[81.55531830754975,28.253527085960055],[81.55499668863163,28.253444870808757],[81.55454833672304,28.25324587009026],[81.5539748154345,28.252869064829873],[81.55359142523336,28.25267200276714],[81.55288641699484,28.252370156282563],[81.55256479757013,28.25228794102353],[81.55230864174173,28.252167152230022],[81.55185716119593,28.25210125276124],[81.55127475636527,28.252110374283205],[81.55075362210441,28.25225459734261],[81.5504262475677,28.252400449637193],[81.55020491159434,28.252627013294127],[81.5500904889381,28.25291184571221],[81.5501263732285,28.253200555790055],[81.55024797601239,28.2535476586912],[81.55037314586949,28.25372089835381],[81.55067100435546,28.25390026675706],[81.55079661164855,28.254035183268687],[81.55100893878628,28.254192294406103],[81.55105014012616,28.25427113011201],[81.55130304341812,28.254504826669393],[81.55157301354807,28.254950585386126],[81.55170030901044,28.255049304046793],[81.55192269514102,28.255666862285576],[81.55206793394935,28.25589874450437],[81.55220635281621,28.256419523744935],[81.55224386372836,28.256649591772113],[81.55221440963462,28.256992754505454],[81.5521024902905,28.257162428426977],[81.55201064042235,28.257390806619238],[81.55189872127944,28.257562668467244],[81.55185120136767,28.257734467900757],[81.55178517517287,28.257788921012803],[81.5517166477895,28.257960720484597],[81.55164580471369,28.258188911456756],[81.55162360567851,28.25845986557538],[81.55193715597824,28.25870456659436],[81.55235486799444,28.259133884439276],[81.55248197726068,28.25919440394568],[81.55286067715937,28.25947042668807],[81.55315828702611,28.259593341205445],[81.5533053401537,28.259692059412806],[81.55357750015614,28.259946012157847],[81.55380589377339,28.260238475672903],[81.5540272812249,28.260779199432275],[81.55410255405083,28.261164813688588],[81.55411136251368,28.261625198144042],[81.55401238125802,28.26208151829364],[81.5537425243868,28.262533960599775],[81.55276526741699,28.263700228964034],[81.55256675279482,28.26388609409831],[81.5520858809811,28.264181424897092],[81.55191387888753,28.264197927901183],[81.55165853497721,28.264115463024638],[81.55140156406493,28.26408945294715],[81.55080434349773,28.26394290285705],[81.5503796249343,28.263761782116745],[81.54969843605188,28.263534332902083],[81.54952749814078,28.26351244923782],[81.54935499504474,28.263547019858304],[81.54903043554829,28.263634104214034],[81.5489924831099,28.26369062004926],[81.5489178277901,28.263803777852438],[81.54918853802936,28.264883784774856],[81.54945475550494,28.265347611854896],[81.5494937687052,28.265503157499694],[81.54948300845133,28.26588464428343],[81.54920026478023,28.266797534544935],[81.54879460328135,28.267478479229904],[81.54874758347928,28.26762996117812],[81.54872600108635,28.26839505981708],[81.54867685488499,28.268623189011304],[81.5486682213283,28.268930216273056],[81.54857205554552,28.269309701810922],[81.54839198370158,28.269612851170525],[81.54825943245042,28.26974432554572],[81.54795262745621,28.26994638076188],[81.5477784352712,28.270039656848756],[81.5475193376978,28.270090355596665],[81.54728349941534,28.270084539396482],[81.54686416146843,28.269711549664454],[81.54659306382943,28.26941921061932],[81.54617960570356,28.268834096444657],[81.545853868491,28.268196718394485],[81.54573001301922,28.268021165557585],[81.54560934711903,28.267730515992366],[81.54561253727942,28.267615420273128],[81.54549449912332,28.267211925116833],[81.54544467513428,28.26669302286741],[81.54545280816062,28.266406438196444],[81.54559549350472,28.26589347750684],[81.54560193704751,28.26566322218173],[81.545524538152,28.265354380881767],[81.54539905554765,28.265237594635263],[81.54514314830772,28.265175324008855],[81.54462814286678,28.26516156394325],[81.54436904532896,28.26521451388717],[81.544195416775,28.26528747105325],[81.54400115642834,28.265301785597295],[81.54382752896163,28.26537467913367],[81.54338504341013,28.265843624734774],[81.54327149781629,28.266069752387224],[81.5430702939697,28.266352707840046],[81.54277223472108,28.26703546680204],[81.54269713865368,28.267417140738708],[81.54269063306268,28.267645145003396],[81.54282379857321,28.268260639248936],[81.54277676747542,28.269179470935715],[81.5428542291135,28.26948837501051],[81.54297652080392,28.269720319583524],[81.54310094025729,28.269875553895577],[81.54312044661782,28.26995220177341],[81.54330820099669,28.27014782423621],[81.54351433665144,28.270460668443498],[81.5440364608268,28.270988891861624],[81.54444935655587,28.271592198275943],[81.54465336384857,28.271979564870097],[81.54513115937,28.272564428884223],[81.54531566080878,28.27287508472562],[81.5463167067269,28.273949911632805],[81.54671009568283,28.27447644632026],[81.5467708034524,28.274629679525926],[81.54674047530635,28.274936706565722],[81.54662905671509,28.27508612365297],[81.54625366034725,28.275460041676574],[81.5460345767525,28.27560983327941],[81.54557145957281,28.27603826577972],[81.54521344297285,28.276567792386178],[81.5450760119777,28.276870754622056],[81.5448872449195,28.27747855549762],[81.5449842646757,28.278629207265126],[81.54491342239045,28.27885746062361],[81.54493292814091,28.278934108279813],[81.54455758382518,28.28007537622345],[81.5441967524972,28.280679424079985],[81.54410484017393,28.280907678045406],[81.54367160199176,28.281816688919076],[81.5436033873748,28.281947852367697],[81.54355574148751,28.28210152115153],[81.54354560702961,28.28248300883262],[81.54333082872819,28.28324441641121],[81.54315069431449,28.283547566347323],[81.54307334549512,28.284003699402938],[81.54293159869634,28.28446020650048],[81.54278403298382,28.285146905864867],[81.54272187488782,28.285835482015457],[81.54260613933727,28.286138382310344],[81.54255480337561,28.286443221252345],[81.5425121510633,28.287208508174174],[81.54262149456623,28.287900899468937],[81.54286388973509,28.28844162406082],[81.54296298475194,28.288750402739776],[81.54325096046061,28.289216418141482],[81.54335155675813,28.28944848707183],[81.54347653854204,28.2895856539413],[81.54372124807975,28.29006992399682],[81.54399134443746,28.290400523730426],[81.54417959960509,28.290578140452467],[81.5446850328793,28.2909326882291],[81.5450676735277,28.291095927685134],[81.54577162218658,28.291264610937457],[81.54648532858724,28.291088005017315],[81.54663794899972,28.29101517227989],[81.54681432986837,28.29084743806924],[81.54726831429058,28.29074178715607],[81.54765839892478,28.290618380563874],[81.547724424858,28.290561677563442],[81.54804860910173,28.290492660622515],[81.54875893786185,28.290428900461343],[81.54895057100987,28.290509363087377],[81.54914001463926,28.290646281178084],[81.5494586943307,28.29076682024212],[81.54960537255974,28.290903924397462],[81.54962487812566,28.290980572417563],[81.54968765123903,28.291039027031147],[81.5502382782281,28.292117788089865],[81.55057002093068,28.29254304166232],[81.55088394670884,28.29285319847442],[81.55131953886966,28.293397613446004],[81.55157137973448,28.29363130973843],[81.55223761710634,28.294386976441906],[81.55258630072677,28.29500391181421],[81.55283576455265,28.295293999831543],[81.55314543673754,28.29575763954777],[81.5533089930717,28.296066168963],[81.5533668863705,28.296296174585773],[81.55361003163728,28.296834585355597],[81.5537838361016,28.297524477764174],[81.55378014481423,28.297677960097392],[81.55363845999747,28.298132154654574],[81.55345613638718,28.298509825489873],[81.55287515804527,28.299320119185694],[81.5526089284633,28.299621328948756],[81.55247744077745,28.29971216706595],[81.55229949551435,28.29993860659137],[81.55219914336499,28.300137601013393],[81.55180160758908,28.30092232669174],[81.55176308270629,28.301610840585717],[81.55181947518396,28.301917556470254],[81.5518121554827,28.302222270450034],[81.55174343950685,28.30237600270976],[81.55166790473635,28.302814130431997],[81.55138023028415,28.303151601225387],[81.55074467201644,28.303655178506826],[81.54989522361463,28.30409867432648],[81.54952358036385,28.30435974665834],[81.54927754565048,28.304737604618897],[81.54914073992114,28.305040566537514],[81.54887150756916,28.305495322247417],[81.54864979513815,28.305776089434694],[81.54831985496449,28.306077548888933],[81.54777402114487,28.306429583151765],[81.5477465067656,28.306657587820474],[81.5476519670178,28.307001061899623],[81.54764614882274,28.30723125442104],[81.5477405510937,28.307747719451797],[81.54786265532881,28.308038368568074],[81.54798719900029,28.3082116088329],[81.54817607977695,28.308368844756465],[81.54843104831245,28.308487444956352],[81.5488575814156,28.30860986042989],[81.55004545326345,28.30924374811833],[81.55055639213792,28.309426744618765],[81.55089576592991,28.309585670154256],[81.55106689157019,28.309627810201214],[81.5514961147442,28.309655385599918],[81.55192577498362,28.309644637085608],[81.55260946592023,28.309808880449975],[81.55295253185923,28.309834579670763],[81.5535496271644,28.31001720248705],[81.55389175395837,28.31008128788121],[81.55432147696712,28.31009079543349],[81.55466723220742,28.310001398332993],[81.55492495371743,28.31002515834409],[81.55534985914221,28.310206216164993],[81.55611326383287,28.310620596846913],[81.5564537017798,28.310741136251213],[81.55721235152853,28.31132931718622],[81.55731738951323,28.311428222387583],[81.55776036314603,28.311760388124082],[81.5581821410216,28.312074609885723],[81.55830781125962,28.312211777092585],[81.55871064547556,28.312429032919002],[81.55888120876882,28.31248923948885],[81.5593969635899,28.312480367841424],[81.56034882340616,28.312230493390967],[81.56139147012384,28.311790625775405],[81.56171878250873,28.31158613248862],[81.56215695117682,28.311250288789218],[81.56233370788252,28.311044168112144],[81.56247414219958,28.31058772320369],[81.56258556130476,28.31043605488788],[81.56281202738676,28.309981486992736],[81.56322532242841,28.30891905464037],[81.56332086401517,28.30853950717381],[81.5636855751989,28.307705204198435],[81.5642434833142,28.306874654294283],[81.56457068398029,28.30581028291368],[81.5648883753813,28.30512739854514],[81.5651496119866,28.304137799191114],[81.56533337478213,28.30368341817496],[81.5654679912977,28.303454915291553],[81.56547161974704,28.303301432701808],[81.56570321645498,28.302618922174013],[81.56593337414353,28.30201080898405],[81.56615715046775,28.301651081195402],[81.5663835545751,28.301196512417626],[81.5665165433719,28.301028965389],[81.56675838720838,28.300822532697342],[81.56734736307412,28.300449992658894],[81.56743395830692,28.300433801491977],[81.56778284191745,28.300229245064322],[81.56800167493083,28.300138032976516],[81.56804369041397,28.30011984126828],[81.5683509337969,28.29987708554817],[81.56913385689013,28.299530742736046],[81.56947911127071,28.299479669184638],[81.56982223972179,28.299505305912188],[81.57025408941266,28.299435728534252],[81.57085425027923,28.299485187359675],[81.57137257045368,28.29938147521102],[81.5718064851799,28.299217119565665],[81.5719596058593,28.299123968460272],[81.57255364796828,28.298620452677213],[81.5726655674947,28.2984507163544],[81.57285151989016,28.29793988180154],[81.57298669865658,28.297713628892996],[81.57311981281794,28.297564086447608],[81.57355685555542,28.297284634521514],[81.57371003850183,28.29719367228953],[81.57406061081622,28.296950792478803],[81.57508687817857,28.296341625438966],[81.57569398273517,28.296142699202786],[81.5762106772063,28.296095378481205],[81.57723574384653,28.296323520128908],[81.57791449355466,28.29664112136149],[81.57814670256423,28.29679810706318],[81.57899538959626,28.29719623392617],[81.57925029578524,28.29729670397434],[81.58001945516303,28.297462698248186],[81.58018883045376,28.297543224019797],[81.58022540547042,28.29759042573148],[81.58035507648866,28.297754663506364],[81.58060047427314,28.298200484089712],[81.58083262131689,28.29833708982941],[81.5814527897607,28.298447253589288],[81.58205345139238,28.298458326546275],[81.58239439013249,28.298562986472017],[81.58311171347249,28.299054138281555],[81.5833603013211,28.299402868840627],[81.58367866732279,28.29956173173674],[81.58393570083469,28.29958542838513],[81.58419642494788,28.299478275345972],[81.58437330623772,28.29929015922042],[81.58442032650451,28.299138802906874],[81.58478034401777,28.298536880389886],[81.5849191517351,28.298157145505073],[81.5849740544718,28.297701012935583],[81.5851583170848,28.297246694304427],[81.58521534646003,28.29671372599842],[81.58531351453291,28.296257405048177],[81.5855594864584,28.295881735282283],[81.58569253836897,28.295732192984534],[81.58582396460334,28.29563910499359],[81.58662851955201,28.295294887844783],[81.5875796284133,28.295067394147527],[81.5887968409152,28.29453844115873],[81.58896940593782,28.294503932633237],[81.58982816444559,28.29452276000981],[81.59008425947076,28.2946051626511],[81.59076995170416,28.294676628445554],[81.59128189085602,28.294800796058425],[81.59256505534724,28.295018687316645],[81.59342393797765,28.2950555203276],[81.59376800449267,28.295024702608355],[81.59402303624297,28.295145490733304],[81.59425161728976,28.295435640826014],[81.59445637612063,28.295802563944324],[81.59452039930599,28.295842950935093],[81.59474835449362,28.296153357493502],[81.5949954413403,28.296558603755706],[81.59530993009882,28.29683250041909],[81.59556496074819,28.29695097589886],[81.59573539912871,28.29699311533386],[81.59625065380189,28.29702475465817],[81.59661216216067,28.29714504404463],[81.59735124367037,28.297638322561774],[81.59800792148467,28.297996497287805],[81.59886405233361,28.29810785286931],[81.59920411508367,28.298268841103344],[81.59969029183584,28.29856462064485],[81.60015114534067,28.299013945336476],[81.60045681307203,28.299631004672843],[81.60049382319713,28.29986101042654],[81.6004679994929,28.30003043498273],[81.60042460608341,28.300138840857926],[81.60039884576291,28.300202234875904],[81.59993247516113,28.30082041087459],[81.5996809971334,28.301444403393532],[81.59919293067487,28.302062704008314],[81.59905587449144,28.302404052894975],[81.59903005009137,28.302575728314384],[81.59894045158944,28.30274540199482],[81.59910532162512,28.303033550620587],[81.59943750102424,28.30349925317288],[81.59979300324684,28.30390618975223],[81.60034051446475,28.30433707228202],[81.60065906834825,28.304516190323792],[81.60133850451598,28.304835916993554],[81.60185063167611,28.304980402841583],[81.60331073950461,28.305009990453588],[81.60417225033817,28.304933978164325],[81.60494979321567,28.30477706612539],[81.60555571016214,28.304600583019567],[81.60590084028749,28.30453137992094],[81.60615856115574,28.30455501400129],[81.60667531705546,28.304509881853114],[81.60719357544903,28.304385664321988],[81.60753832925451,28.30435478350615],[81.6076253630587,28.30430026830749],[81.60866456806615,28.303979561106473],[81.608923227987,28.30394692934414],[81.60961523888042,28.30377001100498],[81.61013249648776,28.303704497677366],[81.61039278182982,28.303615349169743],[81.61142629458242,28.303522708647005],[81.6118560177446,28.30353202827837],[81.61211204998236,28.303594112608987],[81.61219864527911,28.303575608074546],[81.61261485518737,28.304119897286338],[81.61271695304953,28.304349653350876],[81.61303069011632,28.3047003220283],[81.61341458195261,28.304822737419013],[81.61358821043706,28.304749718373174],[81.61393183909222,28.304757224215706],[81.6141646114801,28.30489382882036],[81.61430947413714,28.305125649168545],[81.6143450458701,28.305432427202902],[81.61433522400972,28.30583191911875],[81.61460312987833,28.306295620475456],[81.6147926988877,28.306452731434597],[81.61523836210615,28.30667192566694],[81.6156170614046,28.30700421461878],[81.6157207221952,28.307177516755477],[81.61586177055209,28.307542500514977],[81.61584944520739,28.308057088478776],[81.61604475754112,28.308861889630105],[81.61621112855114,28.309093646960417],[81.61633804923605,28.309192364816305],[81.6166722941025,28.309560976885844],[81.61692169532816,28.30990964496968],[81.6171267652089,28.310314953268687],[81.61720716708605,28.310544771857224],[81.61722473402565,28.31071619728622],[81.61717477324636,28.311003093638373],[81.61727881091933,28.31113800857997],[81.61760193237562,28.311107191296205],[81.61797388801752,28.310827925462807],[81.61840886539059,28.310627371509955],[81.61918684716453,28.310434261587442],[81.61952947403243,28.310480091551803],[81.61978456797385,28.310598503486215],[81.61993036947581,28.310791937583122],[81.62014057060948,28.310969304208516],[81.6201817719253,28.31104582699228],[81.62035133475406,28.31114435771896],[81.62058685876583,28.311188436137773],[81.62075948664551,28.31115380258253],[81.62126074092888,28.310858096995055],[81.62156735874221,28.31063553466617],[81.62174355229844,28.310449669830636],[81.62187979304298,28.310304628496596],[81.6219077410071,28.310286498942297],[81.62233828166187,28.309995606088336],[81.62293044834729,28.30942869576571],[81.62310795593798,28.30914573990016],[81.62348272770926,28.30869042296917],[81.62355063025069,28.308520811768833],[81.62386100324419,28.30806580684217],[81.62430017425227,28.30761242882315],[81.62447830708415,28.307329472677203],[81.62509304544623,28.306706046053552],[81.62537671771075,28.306481295775953],[81.62586071821562,28.30595095815633],[81.62625462056297,28.305612863661217],[81.62647489395079,28.30534778859856],[81.62712952015664,28.304900226870476],[81.62737011324317,28.304711799136566],[81.6274580853812,28.304598517429856],[81.62844077531604,28.30388531909298],[81.62889751224732,28.303623684568375],[81.6291582984532,28.30351190445205],[81.62967718220581,28.30338537304346],[81.63019400081973,28.303355933184438],[81.63077434259907,28.303382572240963],[81.63181010634248,28.303244605839232],[81.63226596722697,28.303041614014948],[81.63310991103133,28.302805241937374],[81.63336919583269,28.30277023433623],[81.63369369341031,28.30266039278023],[81.63395291653862,28.302625385682575],[81.63505695912133,28.302277108880734],[81.63544504233138,28.302243727974265],[81.63602494561087,28.302311003888793],[81.63647354763079,28.302489436988527],[81.63685856571132,28.302589219936824],[81.63724226897222,28.302785969811342],[81.63762734803173,28.30290607170103],[81.6381407256551,28.303048119081986],[81.63884855098487,28.303173476663705],[81.6390409345619,28.303251501241444],[81.63935761115168,28.30354340270106],[81.63954999469499,28.303623741125385],[81.64000241346899,28.303592299244947],[81.64109857274225,28.303645827388667],[81.64186985849435,28.303827264641587],[81.64206224157554,28.30390760231518],[81.64231939948549,28.303949242518403],[81.64354116592239,28.3042165845165],[81.64450577323935,28.304419655458414],[81.64469896985649,28.30442322071357],[81.64502353060263,28.30433144783566],[81.64608099033356,28.30419329359724],[81.64633927421433,28.304198798406873],[81.64705135430997,28.304093899981766],[81.64854592001149,28.303597021198637],[81.6491280769608,28.303510751782134],[81.65023124241263,28.30323918499116],[81.65127176293461,28.302832514326017],[81.65172956303856,28.30253468234695],[81.65212377774469,28.302155887559213]]]}},{"type":"Feature","properties":{"province":"Lumbini Province","district":"Bardiya","municipality":"Basgadhi Municipality","ward":"1","wardNumber":1,"sourceMunicipality":"Bansagadhi","sourceType":"Nagarpalika"},"geometry":{"type":"Polygon","coordinates":[[[81.74348556562295,28.38408880070281],[81.7445457144798,28.38396565138301],[81.74557997706485,28.383973477140696],[81.74584057493207,28.383924652613562],[81.74653702624778,28.383713160588382],[81.74673572696727,28.383567682746122],[81.74695349737358,28.38351010539929],[81.74700632977151,28.383496289445727],[81.74706047468818,28.383482411236063],[81.74729587570371,28.383481037782268],[81.74766082504851,28.38348366818977],[81.74873723300144,28.383130201069612],[81.7490591659503,28.383094568582074],[81.74963944782098,28.38296491208651],[81.7500896168761,28.382930906108513],[81.75060593731068,28.382781368190994],[81.75099283247357,28.38272729412744],[81.75127275103875,28.38261520136714],[81.75159681305074,28.382426024583655],[81.75185691268231,28.38221927890534],[81.7521630958421,28.381763961152846],[81.7527518269126,28.381025000464724],[81.75292720868096,28.380739668511527],[81.75314873629198,28.380226145542967],[81.75323595831618,28.380110550193713],[81.75356077006275,28.379846975679737],[81.75440302918126,28.379415796336414],[81.75485557676375,28.379189859441798],[81.755006822356,28.37909420822797],[81.75552451871053,28.378870147308284],[81.75604296663654,28.37856937710309],[81.75643042620378,28.37841827471441],[81.75701033214659,28.37832931715637],[81.75758898684404,28.378332886638177],[81.75893404690278,28.37872476647012],[81.75944485993894,28.37897690798741],[81.76008497229498,28.379174285283142],[81.7602777315404,28.379193480286414],[81.76053351384876,28.379273319618527],[81.76079010898927,28.379292202309202],[81.76130286163627,28.37944956637158],[81.76162341869909,28.37949064487584],[81.7627168282981,28.37948002818376],[81.76303863658045,28.37942626530317],[81.76407209068225,28.37907067249399],[81.76446092704474,28.378845110068553],[81.76484907388974,28.37869619544205],[81.76545830498048,28.3785257773118],[81.76509355041401,28.378010996799812],[81.76501020833362,28.37785801407848],[81.7650122111351,28.377704531392173],[81.76493093452208,28.37739806516524],[81.76482790086749,28.377091724183483],[81.76470241883818,28.376862280997553],[81.76457987912032,28.37640258199568],[81.76452173856633,28.375944697412695],[81.76455182079106,28.37533526854793],[81.76451049554313,28.37518203579117],[81.76453431901788,28.375028427975916],[81.76449361831571,28.37487519552468],[81.76449649720404,28.374647253344392],[81.76439346281501,28.374340912976376],[81.76420502151512,28.374032757395867],[81.76410198719387,28.373728667390296],[81.76393336426904,28.373517478195186],[81.76384870864878,28.37345927339564],[81.7636385715765,28.373151305550035],[81.76255993193044,28.37209435855552],[81.7625396128523,28.372017773732647],[81.7623294131268,28.371709743489717],[81.76207613449918,28.371440349204462],[81.7619923547099,28.37130768482074],[81.76146303875315,28.370807406719447],[81.7612932891707,28.370709063605975],[81.76112429047178,28.370536199283908],[81.7605769704262,28.36982610962849],[81.76041091358339,28.369441119725707],[81.75999201434618,28.36884319036789],[81.75957123913011,28.368339975764506],[81.75910700857956,28.36791378286876],[81.75889705900242,28.367623820429625],[81.75881359228637,28.3674708377638],[81.75857038916566,28.366549189520665],[81.75857389301592,28.366318934361324],[81.75853594592344,28.36601215633342],[81.7584939305956,28.36593569637782],[81.7584959961204,28.365782276321934],[81.75831299911773,28.365167156043544],[81.7582162844239,28.364477139789926],[81.75805022790519,28.364092150140845],[81.75805298074481,28.363938667381174],[81.75788692347038,28.363553678454558],[81.75780627227125,28.363247212652066],[81.75749441420668,28.36263059065725],[81.75655064166334,28.36132013316199],[81.75585388908326,28.360660495139964],[81.75564231193049,28.360505947543242],[81.75534820756661,28.36013746105538],[81.7545885581809,28.359421743170557],[81.753848726881,28.35880074055007],[81.75361751997298,28.358490584782235],[81.75324194948327,28.35787427410519],[81.75290983542097,28.35718100472252],[81.75270595558698,28.356489237728905],[81.75216783394949,28.355257807845117],[81.75191774620073,28.354796544912556],[81.75173343421109,28.35425819738263],[81.75123063212858,28.35350715860966],[81.75098192046494,28.352966934908636],[81.75075090058714,28.352677035565865],[81.75039640198207,28.352060662962483],[81.75011268536687,28.350985719716657],[81.75011687821761,28.35067875492496],[81.74995714147428,28.349912340769826],[81.74996546447841,28.34937518302983],[81.7500565667619,28.348993259020535],[81.75005863140132,28.348839776969484],[81.74996122851323,28.348226470878036],[81.75008516556238,28.34707926085236],[81.7500697270254,28.34669577321721],[81.75000952159071,28.34638918224197],[81.7500144026651,28.346084467444083],[81.75018035473477,28.34501384272474],[81.75083375384101,28.342798574383796],[81.75084070046076,28.342340378001524],[81.75080356620239,28.34195688996002],[81.75076943003855,28.34181953683312],[81.75046026889248,28.340575417965056],[81.75027601998738,28.340039321296302],[81.7498816328927,28.339269716567294],[81.7492922977017,28.338534931933356],[81.74916694161311,28.338305426237277],[81.74882944501441,28.337916808527332],[81.74855409602682,28.337665606836353],[81.74830213198548,28.337299121057868],[81.74802765825649,28.336989152473105],[81.74749877901722,28.33650462995605],[81.74698177822164,28.33616214904261],[81.74695364249058,28.336153270829925],[81.74622449795625,28.335938387316105],[81.74556882282977,28.335377778778117],[81.74531616939157,28.33508800352366],[81.74508702687363,28.334685320250824],[81.7448507045579,28.333537855488693],[81.74486046469765,28.33302326774695],[81.74480288594468,28.332624086849574],[81.74479245284179,28.332050918454605],[81.74446771977398,28.331016862251502],[81.74405032350965,28.33032627958886],[81.74369795148542,28.32963538621701],[81.7434452984544,28.32934561075661],[81.74313156192314,28.328884722361796],[81.74275255089269,28.328480536405877],[81.74246138598211,28.327960755841584],[81.74225706748958,28.327386398218238],[81.74216416869947,28.326585724501662],[81.74219981788264,28.325843069176127],[81.74226840921085,28.325614752729194],[81.74280412425917,28.324535317240652],[81.74305228750467,28.32390882327798],[81.74321254206593,28.323397924820103],[81.74333278382768,28.32271341306313],[81.74362121129799,28.32220182844163],[81.74373400768165,28.321916871449012],[81.74382567054764,28.32161390819782],[81.74371850574342,28.321612281859124],[81.74322657340589,28.32147273558012],[81.74251887298661,28.321386327250146],[81.74232511259586,28.32140320541781],[81.74167768052664,28.32154667779014],[81.74128847112318,28.321695467238232],[81.74083473725383,28.321822062303166],[81.74018711787456,28.32194746762213],[81.73986268268153,28.32205755864158],[81.73915085146116,28.322201343296513],[81.73791938637702,28.32254649359786],[81.73740175386297,28.322653144084413],[81.73675188254049,28.32291165074432],[81.73636117075569,28.323116894266708],[81.73558106273327,28.323448358228323],[81.73532309020227,28.323483615737125],[81.73478169813416,28.323667038873648],[81.73445882608105,28.323720739201157],[81.73368378614961,28.323767744669905],[81.73325168533647,28.323894152101595],[81.73277393998187,28.324156411470806],[81.73219084527906,28.32429938437918],[81.73173861306478,28.32436952480079],[81.73090017353039,28.32437851842821],[81.73025399403741,28.324427151058565],[81.72922279567292,28.32441232313415],[81.72890161419534,28.324350864025526],[81.72774293254635,28.324242007105497],[81.72709631470867,28.324328963070247],[81.72522724107115,28.324302810176125],[81.72464552208969,28.32437132443818],[81.72419404125411,28.32436469232826],[81.72393550648343,28.324420331302562],[81.7236091939948,28.324625137805967],[81.72325780739159,28.32500161936278],[81.72275242287208,28.3256045409739],[81.72239884587022,28.32611424906643],[81.72154501476867,28.326960550656562],[81.72101499354383,28.327696823659075],[81.72075157860709,28.32797809122105],[81.72059983290133,28.32807142882648],[81.7203425498631,28.32802991456723],[81.71995966008473,28.32779721674806],[81.71874214838519,28.32737939318163],[81.71816268191309,28.327312430404177],[81.71770938626543,28.32742089432594],[81.71718737412854,28.327737356359016],[81.71640770370955,28.328050627493067],[81.71575545395835,28.32843998538778],[81.71533872939064,28.32887323237158],[81.71525038207189,28.329006833717894],[81.71500628557408,28.329403071791546],[81.71462732101496,28.330143034939265],[81.71440660943395,28.330424052972454],[81.71420746749014,28.33076590063925],[81.71350250402698,28.3316722841297],[81.71332699854827,28.331840269049895],[81.71306639919955,28.331970241521194],[81.7127212697448,28.33204200910091],[81.71123502399416,28.332171655934587],[81.71104095070714,28.332226857548523],[81.71071438889592,28.332411345978542],[81.71051975274284,28.332484552316448],[81.71036869520783,28.332501180617026],[81.71002075009139,28.332726368318394],[81.70984574507567,28.332876285046147],[81.70966754806253,28.333215695459415],[81.70962152842374,28.333387495414495],[81.70915815885371,28.334010486009255],[81.70902097628186,28.33446711848776],[81.70881776867249,28.33498045379576],[81.70876924630582,28.335265099647884],[81.70816024789023,28.336802857268804],[81.70802813287726,28.33697284266203],[81.70787094440153,28.337314441829893],[81.70747447626272,28.337822023960584],[81.70734367685178,28.337915237226373],[81.70654237195791,28.338246638332198],[81.70527151731513,28.33855108844612],[81.70511677170708,28.338588034823434],[81.70466091130886,28.338793527803137],[81.70448596806328,28.338961387757298],[81.70435228984239,28.339189953517334],[81.70421748472847,28.339531490189827],[81.70401934454132,28.33975824213719],[81.70357767141951,28.340381107413855],[81.70340216506361,28.340551279886995],[81.7031378120959,28.340891189326737],[81.70259078759771,28.34139726936435],[81.70220770121064,28.341816763769614],[81.7018664435753,28.342190932463037],[81.70158333435715,28.342395488815995],[81.70080059776234,28.342844112324514],[81.70015241581973,28.343007653564214],[81.69970030887457,28.343019027056883],[81.6990535657983,28.343105857216024],[81.69853705945681,28.34311754242045],[81.69737856627741,28.342967673424006],[81.69680047732813,28.342826250949635],[81.69622094872945,28.342761537996225],[81.69589832787743,28.342774475509028],[81.69537900553428,28.342939644003945],[81.69459639454908,28.34340627183888],[81.69433623281492,28.34351817709142],[81.69381872607644,28.34356818597472],[81.69297997459233,28.34355661135136],[81.69239763046686,28.34364319241115],[81.69155437391494,28.343918264145646],[81.69084129256494,28.34410018497431],[81.68947702477988,28.34457649758307],[81.6889606440492,28.344608438741208],[81.68831227495998,28.34475166115405],[81.68811701318312,28.344845185878185],[81.687200221535,28.345576515567842],[81.68668008639469,28.34581833120623],[81.68557785804042,28.34609021136051],[81.68519033700929,28.346121528626096],[81.68493055196916,28.34619504777446],[81.68486665303062,28.346175040329413],[81.68454303096131,28.34622855320166],[81.6840270261858,28.346219857352835],[81.68376974291024,28.346178216877277],[81.68338253558532,28.346173461534732],[81.68261056146069,28.34602841032573],[81.68145669797853,28.345609900366586],[81.68094494719467,28.345373200231574],[81.67998409237534,28.345014646968448],[81.67902067335451,28.344753184286716],[81.67786261759271,28.344564866328913],[81.67760489624743,28.34456161227022],[81.67721869051255,28.34449808971063],[81.67715372882064,28.34451646952618],[81.67580003496083,28.344457749400885],[81.6754119521632,28.34450932340308],[81.67502480695077,28.34450450499502],[81.67438138019355,28.34441966017652],[81.67412215790839,28.344472860610885],[81.67399135673828,28.344565949028887],[81.6737683305344,28.345002699793874],[81.67330683761404,28.345530850231697],[81.67286923110655,28.345927961763813],[81.67234428311018,28.346020795428192],[81.67249696145856,28.34626605672369],[81.67262450860457,28.34636246156962],[81.67320065761632,28.34660109988036],[81.67362587534645,28.34687431018282],[81.67402845871857,28.347206349692335],[81.67423772022686,28.347514567406513],[81.67434119325344,28.34774419857682],[81.67452369057813,28.348359380987873],[81.6748748731525,28.34912948565462],[81.67493839628078,28.349187816276135],[81.67564520500817,28.35051808868352],[81.67581351456873,28.35071139719229],[81.67600495982246,28.35082774591166],[81.6761978440753,28.350869697887134],[81.67705785284737,28.35090152976073],[81.67718808983375,28.350826384182657],[81.67764207413583,28.350697788980227],[81.67796713523909,28.350569755027216],[81.67861638145739,28.35036795293444],[81.6788102032792,28.350351074398567],[81.67904541598739,28.350431288622282],[81.67932101605487,28.350646542365496],[81.67952883763544,28.35103140703524],[81.67942666206226,28.35190978891032],[81.67924877925175,28.352213125765083],[81.6790727729928,28.352419434832175],[81.67905026393565,28.3524962071595],[81.67904600870858,28.352726399365753],[81.67912640899158,28.35303299044378],[81.67922931990893,28.3532648719564],[81.67937605889367,28.35347631058515],[81.67969354947743,28.35374776864251],[81.68072430786117,28.353857749526878],[81.6811725980041,28.354038307876937],[81.6814702693914,28.35421286199729],[81.68168253416216,28.354387790699587],[81.68193374755566,28.35477471955572],[81.68205403681915,28.35523454331625],[81.68205122051766,28.355388025477538],[81.68197681082064,28.355923181880744],[81.6818850214334,28.35622608260858],[81.68188076715957,28.35645633732654],[81.68190102303548,28.356532984925902],[81.68213248084967,28.35682294792357],[81.68247110393337,28.357114599280717],[81.68253268739709,28.35726770815034],[81.6825703844996,28.35757448537712],[81.68254443394129,28.357804802918793],[81.6825002912327,28.357879449639906],[81.68201660260706,28.35844617265242],[81.68192762968884,28.358597841628253],[81.68192518935702,28.35871293746544],[81.68200896894281,28.358847915425397],[81.6820729925314,28.358888240482266],[81.68232927427547,28.358968204126736],[81.68265245876263,28.358932697386283],[81.68310800630901,28.35874989897943],[81.68323930693366,28.358636366992425],[81.68349946838023,28.35852446171161],[81.68394913594398,28.35862605894826],[81.6843974260888,28.358806617552087],[81.68484390089094,28.359097707299522],[81.6851003079392,28.359197989988424],[81.685482759803,28.35945106863701],[81.68573954260182,28.359512963862617],[81.68593336562286,28.35949621121473],[81.68602052418554,28.359459638911694],[81.6861949662963,28.359309847112804],[81.68628443966685,28.35913785977102],[81.68628775626824,28.358966309757818],[81.6862284876811,28.35867778658976],[81.68627888731002,28.35827804504441],[81.68626144680205,28.35804791460624],[81.68635273494087,28.35776314488884],[81.68633529325419,28.35753301442261],[81.68637956115379,28.357476373247323],[81.68638381610141,28.35724611892934],[81.6861993794495,28.3567280268978],[81.686140110516,28.356439379142675],[81.68595486073957,28.355998060268174],[81.6859562372286,28.35592128736848],[81.686130490486,28.355827886943192],[81.68664687229077,28.3557981967307],[81.68677573236302,28.355799823033486],[81.68722502415886,28.355939744049827],[81.68754977213733,28.35584778379898],[81.68767857010383,28.355849410001685],[81.68800406940235,28.355682927279783],[81.68839177720194,28.355669740451344],[81.68870876596137,28.35596157971713],[81.68883399760604,28.3561910862067],[81.68893121382295,28.356727744611195],[81.6889045119127,28.357034834030326],[81.68911095773295,28.35749640910782],[81.68927951789374,28.357707723047415],[81.68947090034447,28.357826322223815],[81.68972874611956,28.357847581915166],[81.68985860792013,28.35781082238761],[81.69012033318508,28.357642525745273],[81.69077101783148,28.357363888311326],[81.6911367175807,28.357389087746146],[81.69143463869511,28.35760190346521],[81.69151791743148,28.357755011361537],[81.69153460710746,28.358061852199597],[81.691613630593,28.35844283904484],[81.69163169682697,28.358672969928502],[81.69155872563901,28.359129228032632],[81.69155515919314,28.359359420576173],[81.6915956719041,28.359512653017735],[81.69170064600448,28.359665699320374],[81.6919966905125,28.359975543031343],[81.69320881903967,28.36088788683653],[81.69333680329993,28.360945967600134],[81.69353125095382,28.36092915248563],[81.69361809698187,28.360854256584673],[81.69376971702624,28.360817372207052],[81.69396591762786,28.360685460913814],[81.69416024093061,28.360650577480296],[81.69431223645219,28.360575370079594],[81.69453326122462,28.360235709671116],[81.69468619514703,28.360122115828773],[81.6947741669523,28.360008771330193],[81.69488890283569,28.359611030173106],[81.69487146200375,28.359380900092386],[81.69474986034663,28.358921139035623],[81.69475630532683,28.35853971453767],[81.69482352047716,28.35838817139384],[81.69521410681214,28.35822143918126],[81.69560193866029,28.358226193979988],[81.69637272390557,28.358463710076972],[81.69663107029925,28.358466900843574],[81.69691355326482,28.358357184282408],[81.69706767591128,28.358128431702262],[81.6971372686091,28.357843724080826],[81.6971433380168,28.357500623330285],[81.69710420162782,28.357270617968894],[81.69714154139653,28.356354161496345],[81.69688863907427,28.35600793277087],[81.69676490877589,28.35572197216099],[81.69653370274061,28.3553755559726],[81.69602483109556,28.354911039125184],[81.695901414941,28.354564123070148],[81.69592824098532,28.35427960243892],[81.69597275946653,28.3541642561092],[81.6961271320757,28.353976265594802],[81.69625693158169,28.353921375529474],[81.69664476393933,28.35392619439932],[81.69690073305688,28.354062486975913],[81.69728393472329,28.354333632643186],[81.69751883369769,28.35445198324547],[81.69804921380111,28.35489611855594],[81.6984944368702,28.3553023681024],[81.69895828955111,28.355900298561725],[81.69908070492004,28.356283287257106],[81.69930953454282,28.356744800241625],[81.69947033484985,28.357434504447237],[81.69961588481796,28.357740720746747],[81.6998055773852,28.35797216588352],[81.70014138348363,28.35849182219285],[81.70009148531128,28.358873432911206],[81.69995843198926,28.35909981107345],[81.69993454619325,28.35925116713189],[81.70003770536971,28.359521435547478],[81.70014324311529,28.359656288255135],[81.70020664151085,28.359694362989806],[81.70040052614073,28.35969786591592],[81.70068200782488,28.359624159674286],[81.70100938383636,28.359360710854993],[81.70109973342666,28.359132270186137],[81.7012755520355,28.35890570541826],[81.70138853629751,28.358620810422316],[81.70174167520742,28.358111164623523],[81.70180882806585,28.35793930250267],[81.70183471626125,28.35771123623675],[81.70198940189033,28.357464477663008],[81.70218597814319,28.357294179801325],[81.70225094000848,28.35727580084158],[81.70238042547955,28.35727736522716],[81.70246551974789,28.357317564784584],[81.70263558111058,28.357472424817086],[81.70281926693269,28.358046908346626],[81.70330706794472,28.358511549344428],[81.70349907561601,28.35860989271803],[81.70394893002467,28.358729432694794],[81.70458691151448,28.35923165016812],[81.70484244316042,28.359388323795315],[81.70527066381332,28.359521492231796],[81.70548543102055,28.359588077082194],[81.70567919065203,28.35957126172193],[81.70583118630759,28.359496053676715],[81.70605127307742,28.359212784821352],[81.70618526427216,28.358927702553242],[81.70658141937557,28.3584562562797],[81.70673385228882,28.35836291780121],[81.70712155979525,28.358349605707105],[81.7074406764432,28.35856235958502],[81.70782581796833,28.358740978327415],[81.70840371943758,28.3589387923606],[81.70853120351244,28.359017067326253],[81.7093031768691,28.359236514834897],[81.70955920835756,28.35937280739993],[81.70968631669359,28.359489531237745],[81.70987600923712,28.35972097594217],[81.70999272946855,28.360485451449364],[81.71015935002325,28.36079379363906],[81.71019492032002,28.361251678230392],[81.7103971725283,28.36201796805161],[81.71066801618682,28.36255594111044],[81.71102307758491,28.36319050592993],[81.71114837157037,28.363420075360647],[81.71141564904406,28.364188178660477],[81.7116478562301,28.36447589061737],[81.71183335742742,28.36493746487902],[81.71208588405615,28.365301824872283],[81.71225031375278,28.36576358754947],[81.71258424309198,28.3663779585891],[81.71266038841408,28.366989138851334],[81.7125691624062,28.36727403419329],[81.71232612912497,28.367652141840853],[81.7121284892254,28.3678608265169],[81.71193009868216,28.368143969779446],[81.71155939411142,28.368405417346292],[81.71136181672188,28.36863216901972],[81.71127284442305,28.368783837632094],[81.71131104232687,28.369052104506103],[81.71154412658233,28.36928342462176],[81.71218398540134,28.369674984036983],[81.71237461633281,28.369847849138832],[81.71245795793526,28.370003083478547],[81.71245614349974,28.37011592931463],[81.71243357160465,28.37017244502275],[81.71230227119548,28.370285977760528],[81.71178463858793,28.370336111780812],[81.7108413523371,28.37007696267909],[81.71032559751285,28.37003225684323],[81.71015234420976,28.37006701486897],[81.70963195883746,28.370290887594678],[81.70954436261707,28.37034552756505],[81.70945601567553,28.37049719627045],[81.70945182324199,28.370727451315023],[81.7093173307508,28.371030538052842],[81.70930957215548,28.371488734994735],[81.70921565557553,28.371945056182394],[81.70931793883851,28.372269527093515],[81.70959303727167,28.372579496315602],[81.70984825573369,28.37277455594156],[81.71023321074472,28.37291247538056],[81.71076565506196,28.373261708736987],[81.71110571530849,28.373553361041743],[81.71119080971961,28.373593497980217],[81.71144565145939,28.37382463142592],[81.71161414857245,28.374035882999422],[81.71178514956554,28.374134288484836],[81.71195458595481,28.374289148473917],[81.71214296438495,28.37459730341965],[81.71227019696046,28.374732093861425],[81.71241574731087,28.375040499178027],[81.71258430735871,28.375251749828827],[81.71262488359662,28.375404982779475],[81.71272992078026,28.375557903605362],[81.71275017723029,28.375634552018123],[81.71270465745307,28.37578822148088],[81.71248263201035,28.376166267301],[81.7119995058696,28.376712734637074],[81.7116716291974,28.376996564488405],[81.71149512278589,28.377223129432902],[81.71126458678582,28.37813608190519],[81.71125726470483,28.37857396040793],[81.71116785399279,28.37874594776499],[81.71103649070017,28.378857166658367],[81.71086386310684,28.378894237413398],[81.71060545408817,28.378891046222574],[81.71009132667652,28.37871092542099],[81.70966385656699,28.378514551095506],[81.70936581081617,28.378301735561752],[81.70906964153154,28.377991828430456],[81.70866530654861,28.377720869471826],[81.70729761647101,28.377073476990155],[81.70704064610673,28.37699357620239],[81.7055814174337,28.37666940257759],[81.70527055134428,28.37663720211535],[81.70472153423424,28.376581367312152],[81.70368733397365,28.376568665276547],[81.70308210663023,28.376695882877733],[81.70290891504311,28.376750959688984],[81.70256121984592,28.37693782390193],[81.70238853061205,28.37697258184691],[81.70232206722213,28.3770473535008],[81.70197443330841,28.37725453476716],[81.70162749000455,28.377364688402935],[81.70093241279298,28.377699967262384],[81.7006726888662,28.37779161588828],[81.69971594900693,28.3782953163185],[81.69867361401313,28.378797139195267],[81.6980412461789,28.379267520100825],[81.69757912818069,28.379813738380435],[81.69740556133002,28.379907201485302],[81.69703366777829,28.380209285952404],[81.6962064759511,28.380732617528796],[81.69579181666126,28.381032638464642],[81.69539660067342,28.381467949996043],[81.6950630295307,28.382074499163313],[81.69493235398193,28.382185717729897],[81.69456096111078,28.382467483852746],[81.69369369408477,28.38281945246469],[81.69339039202049,28.382893221554767],[81.69326015430126,28.38296836675451],[81.69306245291071,28.38317473751739],[81.69299517515348,28.383326281134323],[81.69292039519583,28.383498205688692],[81.69289019566641,28.383566038492468],[81.69302824077207,28.383994102876656],[81.69304624642055,28.384109137104883],[81.69290556390992,28.384450610653968],[81.69287267154495,28.38479383580384],[81.69286898116135,28.38490893153698],[81.69294550560299,28.385197454564466],[81.69302790983329,28.385314365307813],[81.69315426801468,28.3854130205159],[81.69336722228556,28.385495421938426],[81.69353953662387,28.38550130037163],[81.69369284516836,28.385428343705073],[81.69378425657735,28.385258606773792],[81.69376375867854,28.384568091288223],[81.6938600488011,28.384265253910524],[81.69399754090581,28.38402080834619],[81.6943322339751,28.38368508862707],[81.69495734657532,28.38342776975893],[81.69568011722416,28.383375637448495],[81.69610490228895,28.38334500858334],[81.69668343125417,28.383303690156403],[81.69732923584313,28.383272000235905],[81.6977241970309,28.38326162683891],[81.69813897707058,28.383226058172404],[81.69857151355424,28.383258947802812],[81.69876402287208,28.383262200597883],[81.6988740010546,28.383304401276533],[81.6990887057438,28.383386865718542],[81.69889475758877,28.383451694822615],[81.69878752835638,28.38353653167706],[81.69878208845752,28.38354084519461],[81.6986017065357,28.383683509506117],[81.69831196959667,28.38396258827535],[81.69810526184978,28.38435857756603],[81.69783728262685,28.384639782103253],[81.69754917056,28.384880537027314],[81.69693437402023,28.38520862637854],[81.69673191978092,28.38547145153506],[81.69668533832886,28.38556422857137],[81.69668164789147,28.385679324565025],[81.69679787264334,28.386085007649196],[81.69705940017808,28.386665930845098],[81.69714186723182,28.386782841270207],[81.69729873185197,28.387246916380256],[81.69738419173727,28.38793705750116],[81.69748028578341,28.388284159956658],[81.69765940787708,28.388748110712164],[81.69780258362871,28.38898211844594],[81.69785960171252,28.389211999302066],[81.69818715458935,28.389738406862428],[81.69862474979548,28.390210113251666],[81.69897406047372,28.39073414505925],[81.69947442845462,28.391243862868944],[81.69982098667676,28.391844667886254],[81.69999579407437,28.392421463761128],[81.6999645291333,28.392708235315965],[81.6998492324098,28.392934550237335],[81.69971761925497,28.39300744556556],[81.69937355317393,28.392979871681938],[81.69847772277461,28.392688838152463],[81.69796246725149,28.392639568863753],[81.69731015859072,28.392794106923926],[81.69704743393063,28.39292182841461],[81.6968021507857,28.393164584500475],[81.69671073941142,28.393334321412123],[81.696425620934,28.39412792575386],[81.6963689072145,28.394527667254994],[81.69638097031249,28.39481644021785],[81.69628148937991,28.395214180233808],[81.69624121676401,28.39578759858816],[81.69608252864944,28.396011849942283],[81.69586156873949,28.396177708968686],[81.69564536290017,28.396192335918496],[81.69539008118572,28.396089865090854],[81.69449394637786,28.395169148245415],[81.69400401498747,28.394984338019622],[81.69329206086115,28.39500377360563],[81.69316301304981,28.394981828140306],[81.69283745295924,28.395051220321577],[81.69206034842802,28.395068716542692],[81.69180406662008,28.39500456978181],[81.69167720769909,28.394923982370344],[81.69153509567904,28.394651588568117],[81.6915072163782,28.394191390463693],[81.69132809305896,28.393727377571402],[81.69091388335693,28.39321947400793],[81.69054819285499,28.392521703305526],[81.6902342674954,28.39222536262632],[81.68971758367836,28.39155997441714],[81.68957009252823,28.39144337622676],[81.68942641632009,28.391227436161564],[81.68904640272851,28.390969856122588],[81.68844974433458,28.390762976052667],[81.68825623571104,28.390736903942333],[81.6880612238725,28.390771725082338],[81.68780012573525,28.39084074241512],[81.68707578624692,28.39122353381012],[81.68674384615517,28.391482543764898],[81.68627372525324,28.392006192257746],[81.686007872696,28.392228691822872],[81.68561197083052,28.392465444634343],[81.68495528410976,28.392755335264003],[81.68449316943834,28.393028472859292],[81.68423200832594,28.393099803684883],[81.6838446755996,28.39308817085299],[81.68364847681974,28.393141059270768],[81.68332554323621,28.393131427899288],[81.68293977432563,28.393065654314093],[81.68280747370713,28.393138549070294],[81.68262452662302,28.39345764111351],[81.68261858441332,28.39362919141337],[81.68273849975341,28.393919715421113],[81.68273480926682,28.394034873448494],[81.68268829055877,28.394147906567888],[81.68235253425824,28.394521949761682],[81.68226043466983,28.394691685882698],[81.68221178909572,28.394863486361277],[81.68226505491687,28.39520846338652],[81.68221046688593,28.395551813150146],[81.68190571710524,28.396291339278086],[81.6818548824711,28.39651946786027],[81.68193209499309,28.396807991251453],[81.68215980139611,28.397100204448744],[81.68253650017756,28.397436869433726],[81.68264328950394,28.397476945757177],[81.68308613859861,28.397774849895598],[81.68351048225018,28.39797810153154],[81.68368123232436,28.398040434223038],[81.68385411009145,28.398026057604767],[81.6839651529679,28.397932968938655],[81.68401436162648,28.39774310053374],[81.68374808059761,28.397315660235243],[81.68339088810401,28.397037637429996],[81.6832872259331,28.396900470970888],[81.68314680261986,28.396592003762503],[81.68308978460487,28.396359809867334],[81.6831209880681,28.396055033101238],[81.68325804205676,28.395828656286742],[81.68388835197989,28.39502205071799],[81.68410887426977,28.394876510967418],[81.68441386533839,28.394786925146654],[81.68450221175138,28.394732348117955],[81.68545688349587,28.394546991423546],[81.68606111006311,28.39454393439822],[81.68632277186762,28.39445684992208],[81.68684340531098,28.394354950371447],[81.68701565752612,28.394358577994108],[81.68736303861394,28.394291437000216],[81.68762094693663,28.394319385432773],[81.68770610351102,28.394359586167084],[81.68778688148993,28.394514882127407],[81.68780482418899,28.394629916576754],[81.6877765516951,28.39548991855993],[81.68762467281307,28.39617449271232],[81.68764879862555,28.396749849002962],[81.6875806461963,28.39686300690293],[81.68752605867017,28.397206356707883],[81.68760939204648,28.39795295225797],[81.68764834273239,28.398070173976066],[81.68762763856785,28.398699858437684],[81.68748689367139,28.399041332223494],[81.68735052653106,28.39926770972892],[81.68699032294069,28.399716400056864],[81.68682638050656,28.400114389957082],[81.68679943133978,28.40028606499608],[81.68681299504591,28.400516195494433],[81.68711359781803,28.40121202747104],[81.68736087321295,28.40156282092697],[81.68777783629282,28.40199401425842],[81.68805312473401,28.402134809197797],[81.68837399324255,28.40221896251363],[81.6884991636707,28.40233793603508],[81.68865765489474,28.402761374434462],[81.68866752824674,28.403106663172668],[81.68876793765546,28.403338607484237],[81.68889310756488,28.403455330215017],[81.68916908434524,28.403596062569683],[81.68957498494241,28.4037023478369],[81.68974729949058,28.40370597638514],[81.69000420769399,28.403770123046616],[81.6907774953087,28.40384746655399],[81.69155559982693,28.40379158305056],[81.69181563577821,28.403740634085587],[81.6920757958569,28.403707689635965],[81.6925937410621,28.4036825004332],[81.69285340063031,28.403669874306306],[81.69319640341197,28.403717767295966],[81.6933671542285,28.40377784965184],[81.69361974571311,28.403957092506264],[81.69399544372578,28.404329830572046],[81.69433887542591,28.405025413206392],[81.69447460740787,28.40548961366839],[81.69447022922567,28.405602458811714],[81.69365128866168,28.40625207805621],[81.69354243483569,28.406286524986164],[81.6934313287441,28.406379550818187],[81.69339205649428,28.40691470749608],[81.69350609320615,28.407374468289927],[81.69343356265435,28.407602784928013],[81.69314438784981,28.407881863558526],[81.6928412651279,28.408562685374086],[81.69238964957478,28.409181111400915],[81.69216643826127,28.409405675275774],[81.69200631154163,28.409688631209544],[81.69189514323071,28.40978165719851],[81.69145916512959,28.409941887204067],[81.69128034638821,28.410127814590158],[81.69105869790243,28.410293736259444],[81.69077865592816,28.410306424337705],[81.69045134425599,28.410414139932907],[81.69015941748015,28.410769928209408],[81.69014978442488,28.411054386755538],[81.69026169410317,28.41157510288576],[81.6902529278357,28.412491371894752],[81.69029200381092,28.4126063437345],[81.6905387780256,28.412975204441885],[81.69059067644379,28.412710877329225],[81.69062250502911,28.412406038067257],[81.6907425557352,28.412026303238925],[81.69077713608898,28.41164469209608],[81.69084904152679,28.411416438029374],[81.69104999476338,28.41121225549003],[81.69122556212446,28.41112110560833],[81.6915581274777,28.41084184010601],[81.69171518870735,28.41065597425926],[81.69204888071968,28.410358640588715],[81.69226883964619,28.410228855070617],[81.6924681669602,28.4100631209409],[81.69264742407115,28.4098568123852],[81.69324653090446,28.409355046766475],[81.69343110541878,28.408979501623328],[81.69375054460478,28.408451975342953],[81.69419840683729,28.407946456792594],[81.69468596961359,28.40755803572414],[81.6949941504888,28.407355604591327],[81.69569473004996,28.40704733400418],[81.69612926929463,28.406943558295236],[81.69645758108753,28.406799707571146],[81.6966991118489,28.406651853683726],[81.6970481183737,28.40654626471435],[81.69740019137038,28.406325453050258],[81.69766610667826,28.406102953865435],[81.69790776121107,28.405975293657974],[81.69852793723823,28.405475654193463],[81.69903969841825,28.404992267214993],[81.6993310001511,28.40465454670574],[81.69953514314612,28.404355585982895],[81.69999632882525,28.403448262695836],[81.70009524556977,28.403068589362153],[81.70025868689454,28.402690855627696],[81.70048602750298,28.402333127658725],[81.70070917677842,28.402110815176005],[81.70126213948447,28.401683633147503],[81.70227827998971,28.400944927798722],[81.70298079881319,28.40056219840014],[81.70359196831701,28.40034689142683],[81.70463379871539,28.400124837473513],[81.70527060217232,28.39993197562751],[81.70533112532655,28.399913595601923],[81.70628736150171,28.399687477063956],[81.7070671542018,28.39959314594161],[81.70774697690014,28.399246551048154],[81.70832326091387,28.398783171332084],[81.70891636261616,28.398452830920313],[81.70911625269133,28.3982869722404],[81.70938648314878,28.397949376309136],[81.70984547959613,28.39711876235939],[81.71011183217331,28.396878131660138],[81.71064047205421,28.396545852753693],[81.71097366389569,28.396268774639644],[81.71113103825296,28.39606034072592],[81.71135155946041,28.395914800448285],[81.71243797915905,28.39502217525694],[81.71268007172635,28.39487644780524],[81.71337733565835,28.39466289195415],[81.71375316792907,28.39438562743965],[81.71393242554953,28.3941815697282],[81.71420897353005,28.39365204191432],[81.71457049131314,28.39314458496614],[81.71490518357814,28.39281105314189],[81.71530108520615,28.392574299919687],[81.71536754858558,28.392499466139252],[81.71632684954655,28.39216269078172],[81.71667885944647,28.39194413059235],[81.71702880499467,28.391802404780243],[81.71755463074878,28.39153108133437],[81.71860321677957,28.39110121593294],[81.71921251031935,28.390908479161673],[81.71999468081287,28.390721431849958],[81.7205116858304,28.39073456663498],[81.72144659329385,28.391142633675248],[81.72204650396101,28.39125454821149],[81.72272781811995,28.391519445904855],[81.72298622719045,28.391527201154705],[81.72315960501757,28.391494567913075],[81.72344658972916,28.391292199217485],[81.72349204589644,28.391217490446294],[81.72371294322146,28.391051569638865],[81.72393703089676,28.39079086990751],[81.72422345290823,28.39059075226293],[81.72431492714593,28.390439020781315],[81.7245141290503,28.390273224572947],[81.725480811025,28.38971063259068],[81.72574653812083,28.38948800761107],[81.72614919600204,28.38902325080407],[81.72677118657607,28.38845127649827],[81.72735191280162,28.387818472700545],[81.72783809949667,28.38745030721436],[81.7282999639498,28.387158913497135],[81.728823162269,28.38698236764155],[81.72934948798525,28.38669291380169],[81.73013584973958,28.386370514654175],[81.73048410601955,28.38626705096066],[81.7308138576671,28.386064369357385],[81.73098886194616,28.385993538154572],[81.73168318587487,28.385840876375855],[81.73211397262949,28.38585432205573],[81.73280466833238,28.385814505314578],[81.73349380153185,28.385833393637178],[81.73410103051157,28.38571724067247],[81.73470625784525,28.385677860823744],[81.73574671212091,28.385475937517143],[81.73618112587766,28.385374287563074],[81.73653213509552,28.385194050822072],[81.73679317123192,28.38512497034309],[81.73714242910647,28.384980870046704],[81.73766131155826,28.384919420046995],[81.73800537748777,28.3849468693184],[81.73869876332684,28.384832530749758],[81.73957284627531,28.38445767985938],[81.73972765525377,28.384348461713753],[81.73998981739604,28.384240995702697],[81.74077130017648,28.38405169866361],[81.7410302724942,28.38404126073814],[81.74128717984296,28.38410528195971],[81.74154558973602,28.38411066141642],[81.74215225494262,28.384012576679986],[81.74267019934909,28.383989387673626],[81.74335614280886,28.384103054103104],[81.74348556562295,28.38408880070281]]]}}]}