{"type":"FeatureCollection","features":[{"type":"Feature","properties":{"province":"Lumbini Province","district":"Kapilvastu","municipality":"Mayadevi Rural Municipality","ward":"5","wardNumber":5,"sourceMunicipality":"Mayadevi","sourceType":"Gaunpalika"},"geometry":{"type":"Polygon","coordinates":[[[83.12446435160534,27.49611384296228],[83.12458871255076,27.495715163708798],[83.12461365938776,27.495638578960634],[83.12488176017403,27.495380691876353],[83.12505488883733,27.49484909826186],[83.12514723640955,27.494698492443046],[83.12522113937139,27.49447092578493],[83.1253334964064,27.493862247269192],[83.12533212405404,27.493401799829684],[83.12543097389181,27.4930977103647],[83.12554482958161,27.492947229097233],[83.12574477973283,27.492781494227064],[83.12598561860258,27.492656583320482],[83.12626709876282,27.492588376993695],[83.12643591028204,27.492652646626997],[83.1268699439421,27.493011941334498],[83.12712066081228,27.49315348388298],[83.12741095407577,27.493374237583296],[83.12757939134612,27.493438443927243],[83.12817817481815,27.49345801496918],[83.12898984744437,27.494002491195534],[83.12915171792864,27.494220180702076],[83.12954398685483,27.49455896897898],[83.12983846981624,27.49468488203883],[83.13002841491553,27.494747026657656],[83.13033878059981,27.494509707525967],[83.1305230379521,27.494208432542955],[83.13083840557223,27.49385376707923],[83.13145063403908,27.493568685816843],[83.13214482820047,27.493360877420727],[83.13231520412874,27.493386760968203],[83.13239742134425,27.493466221930117],[83.132472072794,27.493717233648866],[83.13248351308499,27.49394761382391],[83.13262575194682,27.494126729001227],[83.13275154864705,27.494188435899307],[83.13290191672796,27.494173556707906],[83.13312262378095,27.494028265269016],[83.13328224676007,27.49380351161776],[83.13331038329092,27.493650217133414],[83.13302509174726,27.49331442972327],[83.13283933580787,27.493155256794658],[83.13280407393592,27.49298126848878],[83.13287166184547,27.49290718432777],[83.13302440660522,27.492835914327937],[83.13350239580245,27.492678557370407],[83.13361462596427,27.492568713141626],[83.13363926006154,27.49249212829322],[83.13349702067569,27.492315200743377],[83.1330314117077,27.492183660358286],[83.1328859216456,27.492083442583574],[83.13278407144195,27.491965470216602],[83.13281877352091,27.491658692235134],[83.13291337238448,27.491451631757815],[83.13298921440276,27.491185803918675],[83.1331622809652,27.490654211388563],[83.13322155473371,27.49027316196852],[83.13310201368509,27.48957945772516],[83.1331828581917,27.489198533237857],[83.13350554217665,27.48867237987838],[83.13411545912466,27.487944981310054],[83.13427007949001,27.48783526218801],[83.13438280905753,27.48770503730797],[83.1347581364644,27.487447837725018],[83.13493657759987,27.487281915125703],[83.13513734061928,27.487095798222356],[83.13499854108234,27.48684216100156],[83.13476901951967,27.486700805541318],[83.13451404985409,27.48665416651287],[83.13391301582746,27.48669098683638],[83.13378959504077,27.486572827137024],[83.13384305396694,27.48632487900302],[83.13393533871972,27.486174272779884],[83.13406763825515,27.48608255926098],[83.13431460575572,27.485822233109168],[83.1343641872169,27.485671313815725],[83.13408152175255,27.485279135686202],[83.13392627896052,27.484907962877802],[83.13373946121318,27.48476917116877],[83.13346723596867,27.484625253571423],[83.13338495600661,27.48454572965449],[83.13330455166164,27.484427881797117],[83.13328885964471,27.4842923423881],[83.13395492324922,27.48326054181311],[83.13402069741299,27.483224843472122],[83.13402338662304,27.483166138926094],[83.13396261473973,27.483089053702283],[83.13356359292274,27.48290149708016],[83.13254959528425,27.482581461907944],[83.132041345783,27.482447357830875],[83.13089323460055,27.482257422487187],[83.13063901559309,27.482190400948962],[83.13051409575579,27.482108313883884],[83.13020760890387,27.481772401393446],[83.1298443523257,27.48126231259245],[83.1296652254201,27.480949720097453],[83.1294810954864,27.48075216147029],[83.12922312717122,27.480283397985737],[83.12863885395737,27.479437834870232],[83.12814067398078,27.478579329872524],[83.12784744394236,27.47793645235039],[83.12753301883014,27.477291261416664],[83.12717051191522,27.47676310503292],[83.12653084081772,27.476203875523893],[83.12647088206236,27.476106409226727],[83.12628862822778,27.475870527185517],[83.1260005837258,27.476089965341764],[83.12574142497894,27.476137978496094],[83.1254799531768,27.47624469607901],[83.12515470680471,27.476330657576344],[83.12352116280242,27.476965900167965],[83.12263183324464,27.477222159279126],[83.12247339993868,27.4772527926584],[83.1219408901204,27.477353257083745],[83.1214210097179,27.477489920748596],[83.12096846675028,27.477550248870887],[83.12005944240882,27.47776799659581],[83.1197371983464,27.47779750370591],[83.11876402577492,27.47801256319402],[83.11844253173312,27.478021814576902],[83.11798655040995,27.478158978098087],[83.11766586880445,27.478147848974572],[83.11728366563618,27.47807770099715],[83.11639471382696,27.477837377493927],[83.11524560271477,27.47766307109517],[83.1139110484756,27.477331843753348],[83.11340123628578,27.477238313573693],[83.11327706598102,27.477138221085458],[83.11317602955361,27.47699986779265],[83.1127636935796,27.47614186413342],[83.11247321507916,27.47544259484496],[83.11239331125702,27.475304366340076],[83.11233022511979,27.475283672503448],[83.11221424628526,27.474991774195484],[83.11211002112587,27.474932443402725],[83.11204899906085,27.474853045081645],[83.11201561120598,27.474875364310996],[83.1120370571156,27.474798779253632],[83.11180047182795,27.474397785040022],[83.1116496688898,27.473880007047253],[83.11160671707462,27.47359304824819],[83.11143452973785,27.47324888399316],[83.11123695902111,27.47295648440933],[83.11117631214623,27.472865832666198],[83.11083200086654,27.472215827939774],[83.1106813826983,27.472099792493328],[83.11042341330865,27.472005576446463],[83.10982125376533,27.471985943772747],[83.10885377010665,27.472083592884264],[83.10799370209693,27.472123225895036],[83.10734840124886,27.47216198457351],[83.10537029462367,27.472449561633166],[83.1048974318349,27.472450997294434],[83.10478989209876,27.472488695442205],[83.10466078228225,27.47249013252041],[83.10444588936906,27.472585785169745],[83.10401566770096,27.472700379680017],[83.10298353576738,27.472892369498716],[83.10195152927008,27.472989580994103],[83.10091952149307,27.473163502561395],[83.1002313301207,27.473183881034696],[83.09962923170741,27.473279343504483],[83.09913467444822,27.473298722860235],[83.09896273541959,27.473279591012638],[83.09870470252088,27.473318476886053],[83.09715694377522,27.473301715573754],[83.09629831458169,27.473205871083483],[83.09582582841743,27.473033568360748],[83.09550414745738,27.4729569819957],[83.09516045838194,27.472821565570822],[83.0943018923473,27.472630943382153],[83.09299215976911,27.472419313277783],[83.09277751852001,27.472399869255597],[83.09217617126933,27.47243881606758],[83.09191851329253,27.47249583116851],[83.09148866655799,27.47265100053278],[83.09114528943287,27.472592356267853],[83.0908012858806,27.472840677877144],[83.09060758808334,27.473205034572135],[83.09049985956833,27.47333976125921],[83.09030647521716,27.47351231099964],[83.09022069255481,27.47355007187149],[83.08987643896165,27.473992512759907],[83.08946803605026,27.474337424746825],[83.08912359302205,27.474949103177444],[83.08873626051614,27.47535284507879],[83.08837074829262,27.475716075514068],[83.08822069340907,27.47569700650375],[83.08800630326826,27.47541123446777],[83.08727716269898,27.474643630305692],[83.08605465397831,27.47355224197573],[83.08547531692533,27.473148933680427],[83.08448839383043,27.472573697716182],[83.08408061883297,27.47238370286687],[83.08408030559676,27.472534810292267],[83.0842946332068,27.472822957687946],[83.08440185845173,27.47305390138067],[83.084636878745,27.473820565516657],[83.08470115184326,27.473972172329923],[83.08476548788309,27.47403131508067],[83.08489390960698,27.47426007083562],[83.0849796897446,27.474490888823055],[83.08515018559473,27.475333887194843],[83.0852998002635,27.475869795222998],[83.08532068144089,27.476253595623664],[83.08514798933263,27.476943110220652],[83.08508283771393,27.47740312010136],[83.08450155412874,27.478457864651002],[83.08398529835193,27.47903228140164],[83.08381317067654,27.47934043375143],[83.08359708608593,27.480259765569343],[83.08355375553465,27.48056648001647],[83.08340301135631,27.480777666456824],[83.08308095434793,27.480854563121724],[83.08284436661408,27.480968095407007],[83.08271525564356,27.481122953173404],[83.08258614381256,27.481352332615643],[83.08247835297192,27.48165860928253],[83.0822711480081,27.48234112129476],[83.082262707112,27.482368067112436],[83.08219818266534,27.48248285069904],[83.08202549072479,27.483018882117634],[83.08196090357139,27.4830951538719],[83.08183185475664,27.483403557005424],[83.08178846261272,27.483633499570836],[83.0817878341827,27.484093884793957],[83.08183022412597,27.484398911771986],[83.08195833119942,27.484860172897204],[83.08217265827444,27.485145945382698],[83.0826233228402,27.485548440693798],[83.08290217535419,27.485721804584873],[83.08300927624211,27.485855657107976],[83.08333151857333,27.486142180366507],[83.08339616821536,27.486162874128475],[83.08386934057228,27.486524857897308],[83.0845574036442,27.48717717732575],[83.08539646104553,27.487710837141677],[83.08617080582204,27.4884200489618],[83.08642864995949,27.488726453096465],[83.08660077401882,27.489032293804712],[83.08666548488684,27.489089122466176],[83.08679453133976,27.489394650241024],[83.0868376087581,27.48962515576654],[83.08700966994833,27.49008447914537],[83.08713877683218,27.49062026214499],[83.0872033632175,27.49069741025832],[83.087224681996,27.490984181922265],[83.08737548825553,27.490811381565894],[83.08799884580044,27.4904475904728],[83.08830020760273,27.49035250140227],[83.08898814916445,27.49029379917133],[83.08909587669895,27.490312555209204],[83.08920347821675,27.490389953463094],[83.08967665213855,27.490598454168687],[83.09025723979984,27.490943057650636],[83.09137577537123,27.49142207843812],[83.09197805892218,27.491746488426298],[83.09258015440321,27.492129603676037],[83.09344047032351,27.492548292482283],[83.09387075281654,27.492817311245656],[83.09455894260216,27.493160352458958],[83.09488187352468,27.493372352983794],[83.09556987518455,27.493695075664426],[83.09651653573002,27.494039743950687],[83.09662407550266,27.494078818063326],[83.09681752197005,27.494021365124514],[83.0969896488425,27.494058626229013],[83.0975058998504,27.49430788881212],[83.09810799680075,27.494460811838444],[83.09845212362866,27.49459397754525],[83.09879637431256,27.494783534770477],[83.09957078425843,27.49507062217971],[83.09980730804163,27.49524379880966],[83.10060328660889,27.495950759611457],[83.10116261542095,27.496313243957182],[83.10148517159018,27.496486858337892],[83.10200154862922,27.49679263775068],[83.1020874551638,27.496811268672353],[83.10225964322677,27.496925178073237],[83.1025178001031,27.49703971260206],[83.10277601996788,27.497115861214628],[83.10398033780393,27.49765177343473],[83.10509899842776,27.498053958996188],[83.10552921946706,27.49830040862851],[83.10565832942068,27.49833960785134],[83.10578749949005,27.498760294251635],[83.10583038981112,27.498819249408506],[83.10591685676441,27.499277946686643],[83.1059813782542,27.499795224088484],[83.10613224435892,27.50031081397942],[83.10641190751053,27.500827217111247],[83.10667012588729,27.501095171446693],[83.1071433614206,27.50142095657835],[83.10746616796446,27.50149754348016],[83.10772401355007,27.501458469870933],[83.10806845359929,27.50143815296685],[83.10849836354564,27.501285172134455],[83.10918655599744,27.501131567264515],[83.11030490650026,27.501073242658904],[83.11047715882519,27.501015663675748],[83.11054168226062,27.50093932955393],[83.11071349676529,27.50086143234197],[83.1110363661977,27.500766468442414],[83.11118661063338,27.500534962768477],[83.11125113449934,27.50049701508776],[83.1115757544094,27.500417805247597],[83.11221824218477,27.500397052089774],[83.11233015895125,27.500287207397722],[83.11232215772601,27.499980241789004],[83.11226801459996,27.499747360956935],[83.11229821639954,27.4990591593029],[83.11228165303132,27.497964399412073],[83.11295678180193,27.49722162138329],[83.11308839324434,27.497147975896674],[83.11347947591537,27.49702856713984],[83.11360752347989,27.497031630610113],[83.11453749282052,27.496832138572927],[83.11479902778538,27.496727733713804],[83.1149324522914,27.496615702094115],[83.11529877790555,27.49607185632452],[83.11568154672615,27.495645419323374],[83.11589143566108,27.49574832543684],[83.11608138069079,27.495812720746944],[83.11678126387886,27.495968456335138],[83.11709694242326,27.496094495132336],[83.11735191154654,27.496141259247768],[83.11766871505043,27.49624935499046],[83.11792449736372,27.49627580171573],[83.11862438000739,27.496433725568004],[83.11907348363765,27.496450107100603],[83.11939610209237,27.49642278791023],[83.12004496846237,27.49627112099241],[83.12028537019438,27.496164278343723],[83.1208925955324,27.495992167785825],[83.12108910535127,27.49590301770525],[83.12167413508222,27.495750975215415],[83.12219095135919,27.495691021744673],[83.12247324334075,27.49571765579057],[83.12283081250393,27.495751479540285],[83.12314924274261,27.49581893821297],[83.12353419753336,27.49583263153489],[83.1243871365975,27.49591934834863],[83.12446435160534,27.49611384296228]]]}},{"type":"Feature","properties":{"province":"Lumbini Province","district":"Kapilvastu","municipality":"Mayadevi Rural Municipality","ward":"8","wardNumber":8,"sourceMunicipality":"Mayadevi","sourceType":"Gaunpalika"},"geometry":{"type":"Polygon","coordinates":[[[83.16763266690812,27.485316214837155],[83.16843346437838,27.4851336649147],[83.16886399791142,27.48509334161957],[83.1695568800468,27.48492592026097],[83.16973138254251,27.484854712591016],[83.17016347971229,27.484776066023244],[83.17059795360205,27.484638715200422],[83.17232640611826,27.484317189269213],[83.17318878740535,27.48419371922424],[83.17370472876246,27.484156085151533],[83.17448245393484,27.484011670392285],[83.1749127378171,27.483969096816377],[83.17551252231999,27.48397041198967],[83.17568552428519,27.483939841233614],[83.17714274954602,27.483932595097638],[83.17740109562408,27.483904775148275],[83.17789246382499,27.48394147556274],[83.17818357092895,27.48414184770171],[83.1779212259917,27.48377017483449],[83.17794617267305,27.483693589674047],[83.17807772174763,27.483622131969273],[83.17824909691217,27.483627634383968],[83.17835413618918,27.483671210114665],[83.17892990810192,27.484225249971622],[83.17901450184227,27.48424825683194],[83.17914786452663,27.484138537988446],[83.17919507023977,27.484044010724293],[83.17922727011687,27.483795937322903],[83.17932293217416,27.483570746314395],[83.17984062606295,27.48299601735639],[83.17982249462644,27.482919182313402],[83.17974052723922,27.482839658205503],[83.17932331127956,27.482575391584547],[83.17916894436537,27.482188527440133],[83.17923965867799,27.482037733379475],[83.17959285243633,27.481800539928884],[83.17978892495842,27.481731770986897],[83.17995923817105,27.48175759124853],[83.1801696277196,27.481840053486085],[83.18042565989215,27.481868625547584],[83.18069951081851,27.481974095257193],[83.18123508369668,27.48197497257888],[83.18141377477981,27.481808986827918],[83.18143947235151,27.481714334398205],[83.18130630051336,27.481327594961808],[83.18131618018968,27.481097464577626],[83.1814118416156,27.48087227374546],[83.18161279189947,27.480688408620697],[83.1818334364459,27.480542991751754],[83.18263648393683,27.480303861586705],[83.18307539708502,27.48006948209287],[83.18312228989863,27.479974954239353],[83.18310916121226,27.479785336067014],[83.18300875008268,27.47962672659356],[83.1829052744795,27.479547140730578],[83.1827334609595,27.479559643047857],[83.18238589458281,27.4796637351011],[83.18214567992564,27.47976839026382],[83.18186426377635,27.479836721149425],[83.1817785444006,27.4798316576547],[83.1816346787742,27.479693178342995],[83.18149350287965,27.479498307830074],[83.18134976567754,27.47886086987428],[83.18135958275094,27.478632990686517],[83.18152939734077,27.478178045161172],[83.18139472425888,27.477829692315645],[83.18152177323421,27.477374559147055],[83.18155635000961,27.477069970069376],[83.18149889200882,27.476916174221735],[83.18143730687147,27.47685715643974],[83.181311198861,27.476795450828142],[83.18116164341443,27.476790010811047],[83.18103134478496,27.47682314494852],[83.1803902937613,27.477277589292346],[83.18025530547699,27.47742575686167],[83.18014739010974,27.47744088559519],[83.18008505509111,27.47740218726599],[83.18004541580227,27.477322913741133],[83.18004979561425,27.476729364020365],[83.18017346770948,27.476353066082076],[83.18024105597158,27.476279044730262],[83.18037210451953,27.476225717674264],[83.18078006778204,27.47620096151329],[83.18093412463914,27.476111623338017],[83.18119109704135,27.47562335589167],[83.18148320646212,27.475309077382338],[83.1818156426589,27.475053690368313],[83.18191468115738,27.474749539327618],[83.18177237905896,27.47457267386866],[83.18153785555764,27.474546478653796],[83.18114383434911,27.47474272163622],[83.18094288432312,27.474926712793383],[83.18052966834391,27.47506418919037],[83.18027207276404,27.475074003808633],[83.18001791686345,27.47500704545965],[83.17989293316168,27.474927271495293],[83.17980990324655,27.474865878090977],[83.17964871932163,27.474632434052264],[83.1798119061931,27.474330970929287],[83.18071186864253,27.473349873476952],[83.18087480468063,27.47304841021421],[83.18097378018209,27.472746572445633],[83.18099366493702,27.472288500352406],[83.18095746477668,27.472134767534662],[83.18081697705958,27.47191951629142],[83.18052587024286,27.47171695498229],[83.18041976873815,27.471693760603213],[83.18002468428112,27.47191038565343],[83.17989888733649,27.47184867884328],[83.17982236058585,27.47163605395606],[83.17977490735566,27.471249815398174],[83.17965642756967,27.47101668358999],[83.17947248534239,27.470819250313998],[83.1790530186009,27.470613625766973],[83.17899037128237,27.470572550704755],[83.17895073170209,27.4704956530853],[83.17896023618924,27.47028577893109],[83.17939246131772,27.469708298065463],[83.17915550022764,27.46923966013202],[83.17910154460054,27.469009154285573],[83.17922859331509,27.468553958536123],[83.17965975495932,27.46799448354852],[83.17964506340604,27.46784087580669],[83.17948312964222,27.467625499024148],[83.17923472593355,27.46742543949562],[83.17908517066303,27.467420062448827],[83.17899526205106,27.467512151381637],[83.1789229848754,27.467701206560438],[83.17889159711109,27.46792896082099],[83.1787959977293,27.46815640244282],[83.1786838310931,27.468266371665994],[83.17861880667678,27.46828400149911],[83.17844961933459,27.468240175992396],[83.17802352773437,27.467689199420178],[83.17783695872308,27.467548157260584],[83.17768709107223,27.46754271818743],[83.1771019992901,27.46769501094053],[83.17648345891637,27.467634927655876],[83.1761462726267,27.46750657612406],[83.17608437507376,27.467447496401427],[83.17604511053068,27.467370536083447],[83.17599997087255,27.466927905728525],[83.1758964962961,27.46684825700962],[83.17553442458346,27.466796490304915],[83.17521949627285,27.4666524468356],[83.17512771299529,27.466570672739675],[83.17499260169903,27.466452512331358],[83.17495796439523,27.466260331274196],[83.17487906126064,27.466104222048585],[83.17481753865823,27.46604514218455],[83.17469099206576,27.466001565958198],[83.17431553942139,27.46625663966672],[83.17411458936766,27.466571419315866],[83.1740166143815,27.466724338560308],[83.17392520506792,27.466854688864107],[83.17375989497923,27.466713771610415],[83.17372644590642,27.466571417152853],[83.17368780714477,27.466406369195496],[83.17372232129405,27.466101904301535],[83.1737076918065,27.46594829729869],[83.17366730208269,27.465889404281935],[83.17352006004148,27.465827573040873],[83.17281348735783,27.465821131252202],[83.17268850407837,27.4657391688352],[83.1724985589308,27.465674837280055],[83.17212329684908,27.4654333266301],[83.17196142537547,27.46521569996646],[83.17190484239883,27.465041586367615],[83.17190821894428,27.46496487597647],[83.17200044180123,27.46481645809316],[83.17215418626859,27.464727057078758],[83.17265312134889,27.464590081187012],[83.17316899920405,27.464552509449263],[83.1733434396718,27.464481301543422],[83.17345529334308,27.464371395225115],[83.17357058693064,27.46418246478005],[83.17362010566075,27.464031545887703],[83.17352050714902,27.46385718193423],[83.17326216160933,27.463885000914495],[83.17257028113133,27.464032104132524],[83.17135407988867,27.464410835917562],[83.17126842360985,27.46440808497492],[83.17031400690934,27.4646800983498],[83.16837835126694,27.465336596628877],[83.16753572724858,27.465498641170424],[83.16684647171209,27.465589290152042],[83.16665390133592,27.46558141225276],[83.16639367896298,27.465649806406116],[83.165534862185,27.4656943159251],[83.16415510271221,27.465697374157315],[83.1639922919037,27.465698624044006],[83.16320068779963,27.465669049198628],[83.16277471828404,27.465616844850416],[83.16243071550187,27.465641913559963],[83.16187632385157,27.465584394874707],[83.16121395399898,27.46554212958402],[83.15719259534623,27.465398196611265],[83.1566809689155,27.46534092806226],[83.15462658538951,27.465287904288786],[83.15394383315672,27.465225070911586],[83.15334992747314,27.465088340434026],[83.15309389535638,27.46505964341143],[83.15198254734999,27.465000997593396],[83.15172764175207,27.46495435765238],[83.15155539013497,27.464966798397693],[83.15048868391578,27.46487232873825],[83.15023346552377,27.464825688687153],[83.14989052634596,27.46483256443838],[83.14901676657132,27.464723403621022],[83.14837515472068,27.464701457885592],[83.14771015892066,27.464715521874695],[83.14694362591423,27.46461142549485],[83.14435460755749,27.46453695552883],[83.14380021557571,27.4644793741308],[83.14264428924889,27.464458801155295],[83.14181242013181,27.464370083876794],[83.14057277492475,27.46430606072408],[83.13903164361186,27.464271731468543],[83.13884101101317,27.464225404766488],[83.13830625077435,27.464206335060734],[83.13781606996794,27.464151379616098],[83.13625355540741,27.4641146747999],[83.13447983810086,27.46401338804245],[83.13372949912521,27.46402445022054],[83.132833043511,27.463953426372793],[83.13219299484209,27.463893093798248],[83.13221562560895,27.464351415900605],[83.13229102762104,27.464584359460613],[83.13235367295162,27.46510388693295],[83.13233215987326,27.466076547773273],[83.1322641323881,27.46657038036841],[83.13220642142375,27.46699206659815],[83.13218609873037,27.46745013868084],[83.13203998054016,27.467846504494872],[83.13148714733646,27.46872557291203],[83.13127456586143,27.469175642125798],[83.13102397189336,27.469510426904588],[83.13072329608802,27.470016386674814],[83.13061106649006,27.470128544091956],[83.13056336103479,27.470241077097068],[83.13024355314465,27.47068820699049],[83.12997170069708,27.47102286717601],[83.12934890293745,27.47203234858607],[83.1289186790674,27.472553312503905],[83.12850583568243,27.4731691796713],[83.12830313527891,27.473391368474026],[83.12806904681057,27.473843562999942],[83.12795712990244,27.473953470230793],[83.12781870204311,27.474178286126893],[83.12768033791188,27.474403163658806],[83.12747426017276,27.474702063457144],[83.12731226086207,27.47498314508184],[83.12704040851705,27.475320055161895],[83.1266735208533,27.4758819694985],[83.12658279858185,27.47599418935546],[83.12647088206236,27.476106409226727],[83.12653084081772,27.476203875523893],[83.12717051191522,27.47676310503292],[83.12753301883014,27.477291261416664],[83.12784744394236,27.47793645235039],[83.12814067398078,27.478579329872524],[83.12863885395737,27.479437834870232],[83.12922312717122,27.480283397985737],[83.1294810954864,27.48075216147029],[83.1296652254201,27.480949720097453],[83.1298443523257,27.48126231259245],[83.13020760890387,27.481772401393446],[83.13051409575579,27.482108313883884],[83.13063901559309,27.482190400948962],[83.13089323460055,27.482257422487187],[83.132041345783,27.482447357830875],[83.13254959528425,27.482581461907944],[83.13356359292274,27.48290149708016],[83.13396261473973,27.483089053702283],[83.13402338662304,27.483166138926094],[83.13402069741299,27.483224843472122],[83.13395492324922,27.48326054181311],[83.13328885964471,27.4842923423881],[83.13330455166164,27.484427881797117],[83.13338495600661,27.48454572965449],[83.13346723596867,27.484625253571423],[83.13373946121318,27.48476917116877],[83.13392627896052,27.484907962877802],[83.13408152175255,27.485279135686202],[83.1343641872169,27.485671313815725],[83.13431460575572,27.485822233109168],[83.13406763825515,27.48608255926098],[83.13393533871972,27.486174272779884],[83.13384305396694,27.48632487900302],[83.13378959504077,27.486572827137024],[83.13391301582746,27.48669098683638],[83.13451404985409,27.48665416651287],[83.13476901951967,27.486700805541318],[83.13499854108234,27.48684216100156],[83.13513734061928,27.487095798222356],[83.13493657759987,27.487281915125703],[83.1347581364644,27.487447837725018],[83.13438280905753,27.48770503730797],[83.13427007949001,27.48783526218801],[83.13411545912466,27.487944981310054],[83.13350554217665,27.48867237987838],[83.1331828581917,27.489198533237857],[83.13310201368509,27.48957945772516],[83.13322155473371,27.49027316196852],[83.1331622809652,27.490654211388563],[83.13298921440276,27.491185803918675],[83.13291337238448,27.491451631757815],[83.13321529660222,27.491403868864374],[83.13330257869957,27.491368296470462],[83.13355986184271,27.49135866958114],[83.13415895758692,27.49137811554078],[83.13449852077277,27.49144794990803],[83.13552596267424,27.49146327064527],[83.13698687747538,27.491357308367085],[83.13709304207866,27.49138043974204],[83.13782174868635,27.4913669393701],[83.13849049616219,27.491255971238097],[83.14003638014523,27.491173015955376],[83.14044590688661,27.491110061344045],[83.14077246567395,27.490985651581884],[83.14161846687094,27.49074708431614],[83.14321580888063,27.490454505209446],[83.14410445090303,27.49021618807614],[83.14466784724685,27.490063896089715],[83.14512389090325,27.48992679498897],[83.14599052520789,27.48970860909095],[83.14789022811482,27.48939296134913],[83.14875773784327,27.489156707859166],[83.15152213594186,27.48866344900752],[83.15264824102839,27.48839718761768],[83.15290896334973,27.488310787748713],[83.15411966150168,27.488067596535558],[83.15433692949244,27.48799895179434],[83.15445247250821,27.487983822727475],[83.15502668432967,27.48790830279731],[83.15580290994107,27.48780240025635],[83.1579255717933,27.487284818778267],[83.15870223413775,27.487158597179814],[83.15930889582842,27.487008805560404],[83.15974105608291,27.486927845577345],[83.16027744171026,27.486908529613007],[83.16053691332377,27.48686045427234],[83.16079607135835,27.48681231606906],[83.16140273355411,27.4866625242682],[83.16175080023541,27.486540489706364],[83.16304521706749,27.486338372593224],[83.1639118507095,27.48612006218933],[83.16408403953639,27.486107559383328],[83.1641553789429,27.486083177049217],[83.16434476155551,27.486021097197415],[83.16460341997963,27.485993277735446],[83.16521083206749,27.48582316732836],[83.16693903454185,27.485501704710693],[83.16732892993576,27.485400175895887],[83.16739501688402,27.485364477946064],[83.16763266690812,27.485316214837155]]]}},{"type":"Feature","properties":{"province":"Lumbini Province","district":"Kapilvastu","municipality":"Mayadevi Rural Municipality","ward":"6","wardNumber":6,"sourceMunicipality":"Mayadevi","sourceType":"Gaunpalika"},"geometry":{"type":"Polygon","coordinates":[[[83.13192287604502,27.56684403189095],[83.13190480749718,27.566767196723788],[83.13180414536774,27.566608524359424],[83.13168735433196,27.56631893879805],[83.13101698609742,27.565414170256663],[83.13095977785389,27.565240056803592],[83.13081947702332,27.565004424687615],[83.1307622692947,27.56483031025244],[83.13075783178057,27.564428505237114],[83.1307006244223,27.564254390771456],[83.13059833685482,27.56413404250017],[83.13022301185865,27.563874465345407],[83.13016349100121,27.563756742855464],[83.13019206506705,27.563585380256967],[83.1303733199622,27.563360815041626],[83.13044465965602,27.563189702216384],[83.1305737109612,27.56267817774044],[83.1306119764176,27.56227668428993],[83.13053563743584,27.56204367829944],[83.13037614236687,27.5617515291779],[83.1299098474955,27.561103149768478],[83.12985189006463,27.560947103589296],[83.12987890006708,27.56081406452133],[83.13028730363072,27.560290662331575],[83.13029430711822,27.560119237157465],[83.1302754887565,27.560060344022897],[83.13019208250896,27.560001201981724],[83.1298736529009,27.559913424663083],[83.12974904487858,27.559813394927808],[83.12968983606534,27.559695610063425],[83.12970159234132,27.5594090882794],[83.13017920948629,27.558773278192533],[83.13032213924251,27.558433366048614],[83.13035496450642,27.558165038185958],[83.1304677576233,27.558034812214714],[83.13110030520302,27.55778830502956],[83.1314116089417,27.557530668506004],[83.1317636152905,27.55733192338522],[83.13207885817617,27.55697725860967],[83.13230125439415,27.556793580439667],[83.13248219769784,27.55656901457387],[83.13259892872725,27.55634401164645],[83.13265395124648,27.556057802964503],[83.13264526187444,27.555750712815975],[83.13272241640519,27.55544649807359],[83.132708224413,27.555272634864913],[83.13253703906216,27.55475016774038],[83.13250396552338,27.554519787425182],[83.13226969438044,27.55399469537576],[83.13227088424864,27.55347554216554],[83.13239293173987,27.55313550548151],[83.13262001726571,27.55283673108018],[83.13303748529776,27.552600100705458],[83.1331315206249,27.55241110806854],[83.13318416616242,27.552183479344308],[83.13345508063296,27.551866887410565],[83.13358206740031,27.55141175370311],[83.13358713225958,27.55129672005711],[83.13351173038937,27.55106377626603],[83.13326976808305,27.550710171168713],[83.13298278819289,27.550412707652058],[83.1329070741347,27.550179764301394],[83.13295746905625,27.550008526540843],[83.13306031926675,27.549930191259737],[83.13322338091186,27.549807031209387],[83.13357313549146,27.549646734722103],[83.1336639199786,27.549534452254793],[83.13366892229762,27.54941935588998],[83.13349123364317,27.549068440287982],[83.133475040176,27.548953218431354],[83.13349242372682,27.54855153822769],[83.13372876333682,27.548040701676836],[83.13375652723161,27.547408890489237],[83.13365543094137,27.546774016591353],[83.13346392464938,27.54624923628053],[83.13332431193591,27.546013604344527],[83.13332550287971,27.545496764377354],[83.13324591357755,27.54486201571576],[83.13310861392172,27.544570054324613],[83.1329071042749,27.54427534145408],[83.13266282784251,27.543978190859832],[83.13245124930773,27.543913670650557],[83.13237847274038,27.54391091990308],[83.13209424366612,27.543748933307512],[83.13214545080938,27.54355962822041],[83.13235290377902,27.543220154367372],[83.13255641827821,27.54297764660447],[83.13255910670343,27.542921254711054],[83.13240761611038,27.54245536773392],[83.13199640361773,27.542057811260623],[83.13185754092532,27.54180417412431],[83.13192031606489,27.54134635166616],[83.13199459520156,27.54111884781573],[83.13220198567362,27.540781624326097],[83.13320542146663,27.54037257138602],[83.1332723208775,27.540318805136135],[83.13356524341893,27.539982082491825],[83.13384960266366,27.53935865106639],[83.13405730562987,27.53902136512566],[83.134370923154,27.538705085211504],[83.13487955059708,27.538340355897542],[83.13506655868507,27.537982626555184],[83.13597077383541,27.53690037432136],[83.13611157694925,27.536616853547905],[83.13614315311526,27.536389099604555],[83.1360700644965,27.536097451219483],[83.13577664669535,27.53545463619791],[83.13557820076389,27.535085527031192],[83.13510159111038,27.534224897237625],[83.13499130231666,27.533799896614152],[83.13498592709152,27.533434227195563],[83.13515330397298,27.533037986060258],[83.13515830604223,27.532922952533955],[83.13507877999693,27.532288203273975],[83.13501957076778,27.53217048086666],[83.13504332969893,27.532114214144],[83.13497192990938,27.53178649280636],[83.13500238005729,27.531574492426085],[83.135272418681,27.531278281538203],[83.13544129392673,27.531340238293588],[83.13560397782017,27.531537609304362],[83.13595704430496,27.531799375398283],[83.13615099070843,27.53176674175361],[83.1363298709113,27.53160081866546],[83.13649956020956,27.531145998248],[83.13645035636326,27.530800271188426],[83.13633694177533,27.530449730629503],[83.1363042428516,27.530219350039566],[83.13666475317764,27.5298107934822],[83.13675785078321,27.5296398063204],[83.13673753336202,27.529122841615102],[83.13658291656877,27.528733664675123],[83.1363602104358,27.528438889307637],[83.13623291567275,27.527916735902778],[83.1358790985813,27.52767528827482],[83.13576174370908,27.527421775356185],[83.13570097230141,27.52734237702698],[83.13567071232995,27.52705329226371],[83.13554066678027,27.52658978065114],[83.1353280286003,27.5260648753501],[83.1352811376892,27.525660568476727],[83.13537348475069,27.525509899832684],[83.13538348980146,27.525279769310117],[83.13528970672358,27.524969928354803],[83.1350200456317,27.52476968050687],[83.13485654823555,27.524590314924644],[83.13473888145187,27.524339053521587],[83.13449204157881,27.524100545060712],[83.1343531792938,27.523846907359268],[83.1344323976666,27.523504306847748],[83.13468443001142,27.523128947713694],[83.13499216934947,27.522948083234528],[83.13531647758211,27.522880126691913],[83.13579034073203,27.522819861248898],[83.13623963160974,27.522836180375144],[83.13690543980059,27.522799672295974],[83.13757593872495,27.52265031820644],[83.13766328393301,27.522614745817116],[83.13777601381003,27.522484520250305],[83.13782371884024,27.52237198764943],[83.1377533199387,27.522023947455683],[83.13749522706424,27.521555183679894],[83.13735104902126,27.521416579821388],[83.13717098432295,27.52112205502781],[83.13688569241457,27.52078626821114],[83.13642758740268,27.520483239145417],[83.1361175995262,27.52022403718342],[83.13605914069456,27.520088247191886],[83.13602481670154,27.519893939940637],[83.13603725968763,27.519607355838577],[83.13615843130972,27.51928532368656],[83.1362257698101,27.51921130275987],[83.13634619068269,27.51890958905143],[83.13648436715572,27.51868246027618],[83.1366797551929,27.51813298747324],[83.13706183565643,27.51772455664024],[83.13714980585026,27.517670915777547],[83.1374718028912,27.51716283012733],[83.13753607857524,27.516666684948834],[83.13758228400265,27.516592475712958],[83.13778073279985,27.516465064156694],[83.13827923019721,27.516328213427414],[83.13863161203851,27.516109213049138],[83.13899774756767,27.516064076256246],[83.13915243018356,27.515954419907533],[83.13931324088638,27.515709410274283],[83.13938789474335,27.51546383896641],[83.13942672303872,27.51506228352264],[83.13949862556716,27.514891233519194],[83.13970520361805,27.514572015222026],[83.1395745329995,27.51412657166371],[83.13934601157648,27.513967148699404],[83.13892404332965,27.51381785330914],[83.13849444775556,27.513842296389846],[83.1381660122755,27.514002717257267],[83.13799326119015,27.514035538603995],[83.13788790942961,27.51399427595868],[83.137825574178,27.513953263835845],[83.13772597621143,27.51377883684617],[83.13764913903299,27.51308544524521],[83.13749220771047,27.512754972769557],[83.13740992774974,27.512675449339465],[83.1371541450252,27.512646751850653],[83.13690380357832,27.512484953671255],[83.13672886622358,27.512075395010285],[83.13606618612009,27.511554427003425],[83.13591544279846,27.511569242764658],[83.13584966883731,27.51160500298049],[83.13580346358691,27.51168140013695],[83.13562727083081,27.51228745255095],[83.13550766193099,27.512571098451417],[83.13535297926629,27.512683005149267],[83.13503217383698,27.51267200118673],[83.13484529240709,27.51253089637415],[83.13456194030196,27.512156660533222],[83.13429115339667,27.511974480668773],[83.13376577287899,27.511745535927286],[83.13343158740334,27.511542600305006],[83.13306164033,27.511185931185118],[83.13292202707393,27.51095029935088],[83.13286513214435,27.5107761850227],[83.13287013438956,27.510661088951558],[83.13296823523098,27.510377318837634],[83.13297830173036,27.510147188445753],[83.13302869672555,27.50997595120132],[83.13302457188604,27.509574082733035],[83.13284957228944,27.50916452437456],[83.13278804975067,27.509105506609643],[83.13269113970101,27.50887237541655],[83.13245192831606,27.508462378425335],[83.1323441393836,27.50824956582973],[83.13223241148613,27.508090894043896],[83.13201445875303,27.50768095995981],[83.13204009317403,27.507586369756797],[83.13210755653094,27.507510034779138],[83.1325940502013,27.507163247527235],[83.13277599370733,27.506920614686614],[83.13284758333978,27.506749501965963],[83.13290298076171,27.50646316762007],[83.13286115498005,27.50594382745391],[83.13289585641903,27.505639363134602],[83.13315201674361,27.505169226060506],[83.13326580964188,27.505018682394418],[83.13384277487437,27.504559549798987],[83.13408467708871,27.504414383565333],[83.13421472581322,27.504379060963203],[83.13439741972837,27.504118359630475],[83.13436715966773,27.503829274713784],[83.13412369585976,27.50351405617613],[83.13378494857302,27.50292738220419],[83.13337655027101,27.50247343492139],[83.13334116350867,27.50229944613743],[83.13330665095764,27.502105076246167],[83.1331858574478,27.501928274435258],[83.13300522985782,27.50165406761058],[83.13237599910339,27.501345474326545],[83.13219261924061,27.501129910840163],[83.13199692494123,27.50069984586775],[83.13184887037319,27.50065601995195],[83.13171888407719,27.50069134261567],[83.13158464627918,27.500821442670947],[83.13142077194604,27.501140973235263],[83.13106613967551,27.501416302532995],[83.13089657678248,27.50137235155144],[83.13079310183396,27.50129270308527],[83.13063548205788,27.50098029758641],[83.13051362602057,27.50082375154035],[83.13043634814035,27.500629193878456],[83.13052063212683,27.500171560078854],[83.13054220450043,27.499672850773347],[83.13044035514227,27.4995548785505],[83.13012692783836,27.499372323080948],[83.1299650562659,27.499154633795758],[83.12982044144881,27.499036410662608],[83.12952433259738,27.49894875864208],[83.1294009119128,27.498830661006107],[83.1294043514686,27.49875388880417],[83.12973941418889,27.498437734342776],[83.1298775287634,27.49821291940044],[83.12984989583215,27.497867442722008],[83.12971259567426,27.497575418512298],[83.12952859448221,27.496879088185388],[83.12968934262481,27.496634079501572],[83.12990861350575,27.49602827680147],[83.12994100449713,27.49528143294874],[83.13002841491553,27.494747026657656],[83.12983846981624,27.49468488203883],[83.12954398685483,27.49455896897898],[83.12915171792864,27.494220180702076],[83.12898984744437,27.494002491195534],[83.12817817481815,27.49345801496918],[83.12757939134612,27.493438443927243],[83.12741095407577,27.493374237583296],[83.12712066081228,27.49315348388298],[83.1268699439421,27.493011941334498],[83.12643591028204,27.492652646626997],[83.12626709876282,27.492588376993695],[83.12598561860258,27.492656583320482],[83.12574477973283,27.492781494227064],[83.12554482958161,27.492947229097233],[83.12543097389181,27.4930977103647],[83.12533212405404,27.493401799829684],[83.1253334964064,27.493862247269192],[83.12522113937139,27.49447092578493],[83.12514723640955,27.494698492443046],[83.12505488883733,27.49484909826186],[83.12488176017403,27.495380691876353],[83.12461365938776,27.495638578960634],[83.12458871255076,27.495715163708798],[83.12446435160534,27.49611384296228],[83.1244116433389,27.49634147172291],[83.12443427437192,27.496802045117043],[83.12427115014843,27.497103508331815],[83.12411227805869,27.49731013090938],[83.12403799967707,27.49753763487423],[83.12404631342535,27.49784466201541],[83.12399673227404,27.497995581561877],[83.12362059118745,27.49827078568375],[83.12344021108996,27.498475095602448],[83.12327052146449,27.49892991563417],[83.1231315313859,27.499175049680566],[83.12286968415441,27.499281767715427],[83.12250698791463,27.499250193957582],[83.12247334988693,27.499225124210334],[83.12234086426625,27.499129470632802],[83.12221513080243,27.49906776469557],[83.12187444268783,27.49901818568401],[83.12140333138201,27.499019746989468],[83.1210265048958,27.49881649832644],[83.1206876933299,27.498728596473253],[83.12043009778822,27.498738222547875],[83.12029773634127,27.49882993654387],[83.12025153125835,27.498904145569632],[83.12026541041503,27.499078009891626],[83.1206090973661,27.49954958718965],[83.1205855235276,27.500086681971744],[83.12074157949392,27.50043753586803],[83.12067155280724,27.500567948644814],[83.12019268711039,27.50074324895706],[83.12010040200131,27.50089391745888],[83.12015454646966,27.501126735920465],[83.12029522174267,27.501342112379405],[83.12050167227504,27.501521603902628],[83.12054093716164,27.50159862603529],[83.12055900565565,27.501675461257694],[83.12041388765871,27.502056010402207],[83.12043120532358,27.502150913471354],[83.12073800474721,27.502486887790397],[83.12079796377104,27.502586542979333],[83.12085285877642,27.502799042594685],[83.12095402028969,27.502935145870254],[83.12112089411875,27.503037738916305],[83.12152473022446,27.503108011161284],[83.1218415344786,27.503216106739725],[83.12196651775311,27.5032958809048],[83.12204110623426,27.503549143398583],[83.12199983821992,27.504007027536193],[83.12205554597419,27.504201522430222],[83.122197096809,27.504396517833836],[83.12228006461473,27.504457973700866],[83.12247319844008,27.504526869391338],[83.12251196243902,27.504540686195902],[83.12280963439177,27.504589951856786],[83.12306116464802,27.504713427173073],[83.12316576510204,27.50477500769218],[83.1232053422634,27.504851967855068],[83.12347412784352,27.505072596404307],[83.12379068203951,27.50517844166992],[83.12395517890072,27.505337488500704],[83.12394867627745,27.505490909231465],[83.12352201602573,27.505937413134706],[83.12342966857719,27.506088019248207],[83.12342310338833,27.506241439531934],[83.12360366567015,27.507014479928124],[83.12356552497242,27.507395654642437],[83.12344435322593,27.507717685886323],[83.12331049045783,27.50784772390212],[83.12304851831487,27.507954441915878],[83.12266556249213,27.50824777599234],[83.12253920337356,27.508339427576573],[83.12247324176485,27.508352556608536],[83.12199844030081,27.508455647415254],[83.12148343734046,27.508474963014308],[83.1211584414068,27.508560986920124],[83.12109266715633,27.508596685047817],[83.12100032018049,27.508747291206923],[83.12086720729336,27.508857073238765],[83.12058410250815,27.50896360274575],[83.12047106011234,27.509093828791364],[83.12031137475509,27.50931851910784],[83.12034744986364,27.50947218909169],[83.12027667308702,27.509625233852045],[83.12034888575948,27.509932636503642],[83.12051344520324,27.510091684119438],[83.12056996535355,27.510265860404324],[83.12054533107434,27.51034232064709],[83.12034531850331,27.510508181090778],[83.11988602330173,27.51072192909481],[83.11977248072687,27.5108724736999],[83.11984125381821,27.511258836686046],[83.11984925555994,27.511565802658307],[83.11975034158262,27.511869954138508],[83.11938795562884,27.512316771397007],[83.11935669342591,27.51254683863062],[83.11941083740058,27.51277734406088],[83.11948967784859,27.512933577378504],[83.11988000771187,27.51331075273156],[83.11993683972774,27.513484866172373],[83.11982492358422,27.513597024281683],[83.11956138755015,27.5137420652991],[83.11948710908378,27.513969569576155],[83.11963128627958,27.51410817349726],[83.11982048086237,27.51419057323092],[83.12005400480174,27.514237212996296],[83.12022087831802,27.514339806332767],[83.12031272287233,27.514687971993574],[83.12043614329987,27.514806131736282],[83.12058263443365,27.51488834415553],[83.12072381032607,27.515085590211854],[83.12069254803868,27.515313344680273],[83.12044908165574,27.515496896996957],[83.12020786708894,27.515623996560443],[83.11984779394236,27.516014484567812],[83.11972105757978,27.516469555116135],[83.11969404485811,27.51708323581991],[83.11963814724416,27.51738769999],[83.11939111761595,27.517647900166722],[83.11929883283082,27.51779856933005],[83.11924918789583,27.517949487904577],[83.11925750185421,27.51825645377163],[83.11920710781011,27.51842769082534],[83.11911476031872,27.518578360341483],[83.11898233626212,27.518667760809446],[83.11869848072455,27.51879460888],[83.11856499269032,27.518904391354784],[83.11847264543417,27.519054997217214],[83.11841643595044,27.519359399180637],[83.11829789009724,27.519622663857124],[83.11823049072486,27.51969899844379],[83.11781546115347,27.519876924070164],[83.11770273110314,27.520007149397394],[83.11757274517475,27.52004015791512],[83.11721142217957,27.52046897030857],[83.11704842579535,27.52027159889329],[83.11701235068692,27.520117866008736],[83.11687348805968,27.519864228624172],[83.1167058009904,27.519781891554437],[83.11644964450952,27.519753194080554],[83.1161026406257,27.51985709872653],[83.11561946026673,27.520127113170904],[83.11536974124728,27.520445956272475],[83.11532047298348,27.52059693796048],[83.11534648058948,27.520980800269516],[83.11531996955715,27.52109570909528],[83.11522874789071,27.521226059769717],[83.1149190692802,27.521445310439667],[83.11398347231534,27.521777904615263],[83.11384491941506,27.522004970673855],[83.11368836083835,27.522152950396336],[83.11376982853156,27.52225054228651],[83.11389962354083,27.522716367168726],[83.11383334675419,27.523250773795606],[83.11388092434336,27.523634761526917],[83.1140961896642,27.524103337679545],[83.11414689433106,27.524410616055206],[83.11406917630512,27.524714830359194],[83.11404935357298,27.525175153053656],[83.11412469302887,27.525408096921254],[83.11407542420051,27.525559015698995],[83.11371291260224,27.52600808321917],[83.11364207369657,27.52615887732034],[83.11361049832962,27.526386632065364],[83.11375992622823,27.52689090608045],[83.11394411823751,27.5270884647103],[83.11421296607604,27.527309092522575],[83.11471408677068,27.52761243372506],[83.11489984240595,27.527773856971947],[83.11527485478727,27.528015492645054],[83.11646516639195,27.52872726888225],[83.11696359915494,27.52908925253282],[83.11713209829638,27.529151271369876],[83.11754668688889,27.529472117046822],[83.11764434730743,27.529687181119762],[83.1176491598062,27.53007091845288],[83.1177064929956,27.53022702726663],[83.11793463348542,27.53138405601356],[83.11799677876394,27.531923839646957],[83.11804091743456,27.53238459992403],[83.11813013613447,27.532791407162573],[83.11826799599623,27.533561947095187],[83.1182579277306,27.533792076910565],[83.1183055059564,27.53417606471431],[83.11839891397508,27.534485906462518],[83.11840697833333,27.534792871881105],[83.11859898202654,27.535796229572963],[83.11862580214397,27.53616202517664],[83.11866506648258,27.536241298360576],[83.11885194745268,27.53638015240626],[83.11910547742984,27.5364652407269],[83.11931355368647,27.536606533002505],[83.11944010020198,27.536650171889278],[83.11966787148852,27.53682997562102],[83.12027590701081,27.537138443367247],[83.12076783642962,27.53765390940794],[83.12113140805099,27.537665227070136],[83.12167304711772,27.537531001632225],[83.12201704886732,27.537503807891103],[83.12233785502968,27.537514874646664],[83.12247296729541,27.537560826288818],[83.12252792470781,27.537579270073305],[83.12261101796386,27.53763847506269],[83.12289399546638,27.53803296671516],[83.12308362556385,27.53859388253548],[83.12311232222784,27.53892135401203],[83.12324611944115,27.539290087947652],[83.12346807501649,27.539605181368756],[83.12379694503397,27.539923275927308],[83.1247699232614,27.541202343499588],[83.12485301636225,27.54126154898982],[83.12534038102015,27.54187172966738],[83.12603619608088,27.542625454092512],[83.12654194249305,27.543312470477137],[83.12687087528079,27.54363050325528],[83.12708964171706,27.54402243100619],[83.12716191688322,27.544329771960186],[83.12713728192283,27.544406356637676],[83.12710333046394,27.54469281552396],[83.12689825326459,27.544973709893462],[83.12675657496348,27.545275172762505],[83.12661145653045,27.545653471131978],[83.12630665318976,27.54625870995492],[83.1261299594171,27.54686470003195],[83.1259636460973,27.54724287276951],[83.12548177683139,27.547975649258614],[83.12497540005248,27.548283925459405],[83.1242235577343,27.548814140664295],[83.1238899326263,27.54908965752215],[83.12380289977807,27.549125167590496],[83.12317685342065,27.549719339347998],[83.12290168779263,27.54992977506727],[83.12247271478854,27.550256619549206],[83.12206856397977,27.55056327062469],[83.12157281521378,27.55112218305012],[83.12127801715877,27.551494978437965],[83.12122837258178,27.551645897704105],[83.12113602502045,27.551796441948895],[83.12084603869114,27.55255528824734],[83.12074124806641,27.552992478781384],[83.12027995085008,27.553244613999706],[83.11983622296664,27.55359390162459],[83.11913045952193,27.554049908025892],[83.11814096584312,27.55463044954596],[83.11725475980835,27.555290702709822],[83.11663315195506,27.555787783356344],[83.11654424372301,27.555859428892777],[83.11623025125948,27.556175708888297],[83.11537192867706,27.55718137564832],[83.11527876769348,27.55735236272184],[83.11507625495878,27.55757448983171],[83.11477789215732,27.558023995497923],[83.11442944686577,27.558646989764654],[83.11435248027777,27.55893088584943],[83.11420917478733,27.559270797262716],[83.11404542266061,27.5600709689031],[83.11400183678637,27.561564845601655],[83.11386965935571,27.56213501246764],[83.1138068219961,27.562592896704974],[83.11381982561707,27.562787016227443],[83.11374048185598,27.563129553807684],[83.11377105155356,27.5638971543952],[83.11426242059714,27.563931854890793],[83.11458522753708,27.5639046600486],[83.11583081354789,27.563851524982866],[83.11606596306555,27.56385984097148],[83.11636807544306,27.56381207829293],[83.11682093056034,27.563749498846953],[83.11712229257634,27.563722054669178],[83.11744397349754,27.56371280286888],[83.11795766335902,27.563731873221702],[83.11845165883602,27.563710181642655],[83.11864410467084,27.563715871160024],[83.11881379285103,27.5637599473746],[83.11900467530612,27.56380396153656],[83.11958070078168,27.563861730837143],[83.11989925600824,27.563931502571503],[83.12009276495587,27.563919249884016],[83.12073156311615,27.56401565574479],[83.12239986725068,27.564109752364804],[83.12247264372142,27.564119255239092],[83.12348914443068,27.56424304626676],[83.12381070064048,27.56425405061793],[83.12393762294234,27.56429550066709],[83.1243226398749,27.564327261317338],[83.12447113252716,27.564371087267876],[83.12462900167633,27.564701622778152],[83.1247015887209,27.56501127648636],[83.12471340483111,27.56524153173415],[83.12475329420599,27.565320805248344],[83.12476504762249,27.565551060993045],[83.12482275496865,27.565704918231877],[83.1253543860863,27.566337981278114],[83.12541784743897,27.566358675839343],[83.1259717988309,27.56697148319378],[83.12613860999204,27.567092206245484],[83.12657083054502,27.567528273777665],[83.12719512348612,27.56749157833359],[83.12749673530804,27.567461883416698],[83.12768874346948,27.567487891736455],[83.12865585231283,27.567462325736205],[83.1293624256322,27.56750515363986],[83.12994339029544,27.56746814516639],[83.13026726088061,27.5674205072264],[83.13087479819154,27.567268589623694],[83.1317897010395,27.56695381398253],[83.13192287604502,27.56684403189095]]]}},{"type":"Feature","properties":{"province":"Lumbini Province","district":"Kapilvastu","municipality":"Mayadevi Rural Municipality","ward":"7","wardNumber":7,"sourceMunicipality":"Mayadevi","sourceType":"Gaunpalika"},"geometry":{"type":"Polygon","coordinates":[[[83.11368836083835,27.522152950396336],[83.11384491941506,27.522004970673855],[83.11398347231534,27.521777904615263],[83.1149190692802,27.521445310439667],[83.11522874789071,27.521226059769717],[83.11531996955715,27.52109570909528],[83.11534648058948,27.520980800269516],[83.11532047298348,27.52059693796048],[83.11536974124728,27.520445956272475],[83.11561946026673,27.520127113170904],[83.1161026406257,27.51985709872653],[83.11644964450952,27.519753194080554],[83.1167058009904,27.519781891554437],[83.11687348805968,27.519864228624172],[83.11701235068692,27.520117866008736],[83.11704842579535,27.52027159889329],[83.11721142217957,27.52046897030857],[83.11757274517475,27.52004015791512],[83.11770273110314,27.520007149397394],[83.11781546115347,27.519876924070164],[83.11823049072486,27.51969899844379],[83.11829789009724,27.519622663857124],[83.11841643595044,27.519359399180637],[83.11847264543417,27.519054997217214],[83.11856499269032,27.518904391354784],[83.11869848072455,27.51879460888],[83.11898233626212,27.518667760809446],[83.11911476031872,27.518578360341483],[83.11920710781011,27.51842769082534],[83.11925750185421,27.51825645377163],[83.11924918789583,27.517949487904577],[83.11929883283082,27.51779856933005],[83.11939111761595,27.517647900166722],[83.11963814724416,27.51738769999],[83.11969404485811,27.51708323581991],[83.11972105757978,27.516469555116135],[83.11984779394236,27.516014484567812],[83.12020786708894,27.515623996560443],[83.12044908165574,27.515496896996957],[83.12069254803868,27.515313344680273],[83.12072381032607,27.515085590211854],[83.12058263443365,27.51488834415553],[83.12043614329987,27.514806131736282],[83.12031272287233,27.514687971993574],[83.12022087831802,27.514339806332767],[83.12005400480174,27.514237212996296],[83.11982048086237,27.51419057323092],[83.11963128627958,27.51410817349726],[83.11948710908378,27.513969569576155],[83.11956138755015,27.5137420652991],[83.11982492358422,27.513597024281683],[83.11993683972774,27.513484866172373],[83.11988000771187,27.51331075273156],[83.11948967784859,27.512933577378504],[83.11941083740058,27.51277734406088],[83.11935669342591,27.51254683863062],[83.11938795562884,27.512316771397007],[83.11975034158262,27.511869954138508],[83.11984925555994,27.511565802658307],[83.11984125381821,27.511258836686046],[83.11977248072687,27.5108724736999],[83.11988602330173,27.51072192909481],[83.12034531850331,27.510508181090778],[83.12054533107434,27.51034232064709],[83.12056996535355,27.510265860404324],[83.12051344520324,27.510091684119438],[83.12034888575948,27.509932636503642],[83.12027667308702,27.509625233852045],[83.12034744986364,27.50947218909169],[83.12031137475509,27.50931851910784],[83.12047106011234,27.509093828791364],[83.12058410250815,27.50896360274575],[83.12086720729336,27.508857073238765],[83.12100032018049,27.508747291206923],[83.12109266715633,27.508596685047817],[83.1211584414068,27.508560986920124],[83.12148343734046,27.508474963014308],[83.12199844030081,27.508455647415254],[83.12247324176485,27.508352556608536],[83.12253920337356,27.508339427576573],[83.12266556249213,27.50824777599234],[83.12304851831487,27.507954441915878],[83.12331049045783,27.50784772390212],[83.12344435322593,27.507717685886323],[83.12356552497242,27.507395654642437],[83.12360366567015,27.507014479928124],[83.12342310338833,27.506241439531934],[83.12342966857719,27.506088019248207],[83.12352201602573,27.505937413134706],[83.12394867627745,27.505490909231465],[83.12395517890072,27.505337488500704],[83.12379068203951,27.50517844166992],[83.12347412784352,27.505072596404307],[83.1232053422634,27.504851967855068],[83.12316576510204,27.50477500769218],[83.12306116464802,27.504713427173073],[83.12280963439177,27.504589951856786],[83.12251196243902,27.504540686195902],[83.12247319844008,27.504526869391338],[83.12228006461473,27.504457973700866],[83.122197096809,27.504396517833836],[83.12205554597419,27.504201522430222],[83.12199983821992,27.504007027536193],[83.12204110623426,27.503549143398583],[83.12196651775311,27.5032958809048],[83.1218415344786,27.503216106739725],[83.12152473022446,27.503108011161284],[83.12112089411875,27.503037738916305],[83.12095402028969,27.502935145870254],[83.12085285877642,27.502799042594685],[83.12079796377104,27.502586542979333],[83.12073800474721,27.502486887790397],[83.12043120532358,27.502150913471354],[83.12041388765871,27.502056010402207],[83.12055900565565,27.501675461257694],[83.12054093716164,27.50159862603529],[83.12050167227504,27.501521603902628],[83.12029522174267,27.501342112379405],[83.12015454646966,27.501126735920465],[83.12010040200131,27.50089391745888],[83.12019268711039,27.50074324895706],[83.12067155280724,27.500567948644814],[83.12074157949392,27.50043753586803],[83.1205855235276,27.500086681971744],[83.1206090973661,27.49954958718965],[83.12026541041503,27.499078009891626],[83.12025153125835,27.498904145569632],[83.12029773634127,27.49882993654387],[83.12043009778822,27.498738222547875],[83.1206876933299,27.498728596473253],[83.1210265048958,27.49881649832644],[83.12140333138201,27.499019746989468],[83.12187444268783,27.49901818568401],[83.12221513080243,27.49906776469557],[83.12234086426625,27.499129470632802],[83.12247334988693,27.499225124210334],[83.12250698791463,27.499250193957582],[83.12286968415441,27.499281767715427],[83.1231315313859,27.499175049680566],[83.12327052146449,27.49892991563417],[83.12344021108996,27.498475095602448],[83.12362059118745,27.49827078568375],[83.12399673227404,27.497995581561877],[83.12404631342535,27.49784466201541],[83.12403799967707,27.49753763487423],[83.12411227805869,27.49731013090938],[83.12427115014843,27.497103508331815],[83.12443427437192,27.496802045117043],[83.1244116433389,27.49634147172291],[83.12446435160534,27.49611384296228],[83.1243871365975,27.49591934834863],[83.12353419753336,27.49583263153489],[83.12314924274261,27.49581893821297],[83.12283081250393,27.495751479540285],[83.12247324334075,27.49571765579057],[83.12219095135919,27.495691021744673],[83.12167413508222,27.495750975215415],[83.12108910535127,27.49590301770525],[83.1208925955324,27.495992167785825],[83.12028537019438,27.496164278343723],[83.12004496846237,27.49627112099241],[83.11939610209237,27.49642278791023],[83.11907348363765,27.496450107100603],[83.11862438000739,27.496433725568004],[83.11792449736372,27.49627580171573],[83.11766871505043,27.49624935499046],[83.11735191154654,27.496141259247768],[83.11709694242326,27.496094495132336],[83.11678126387886,27.495968456335138],[83.11608138069079,27.495812720746944],[83.11589143566108,27.49574832543684],[83.11568154672615,27.495645419323374],[83.11529877790555,27.49607185632452],[83.1149324522914,27.496615702094115],[83.11479902778538,27.496727733713804],[83.11453749282052,27.496832138572927],[83.11360752347989,27.497031630610113],[83.11347947591537,27.49702856713984],[83.11308839324434,27.497147975896674],[83.11295678180193,27.49722162138329],[83.11228165303132,27.497964399412073],[83.11229821639954,27.4990591593029],[83.11226801459996,27.499747360956935],[83.11232215772601,27.499980241789004],[83.11233015895125,27.500287207397722],[83.11221824218477,27.500397052089774],[83.1115757544094,27.500417805247597],[83.11125113449934,27.50049701508776],[83.11118661063338,27.500534962768477],[83.1110363661977,27.500766468442414],[83.11071349676529,27.50086143234197],[83.11054168226062,27.50093932955393],[83.11047715882519,27.501015663675748],[83.11030490650026,27.501073242658904],[83.10918655599744,27.501131567264515],[83.10849836354564,27.501285172134455],[83.10806845359929,27.50143815296685],[83.10772401355007,27.501458469870933],[83.10746616796446,27.50149754348016],[83.1071433614206,27.50142095657835],[83.10667012588729,27.501095171446693],[83.10641190751053,27.500827217111247],[83.10613224435892,27.50031081397942],[83.1059813782542,27.499795224088484],[83.10591685676441,27.499277946686643],[83.10583038981112,27.498819249408506],[83.10578749949005,27.498760294251635],[83.10565832942068,27.49833960785134],[83.10552921946706,27.49830040862851],[83.10509899842776,27.498053958996188],[83.10398033780393,27.49765177343473],[83.10277601996788,27.497115861214628],[83.1025178001031,27.49703971260206],[83.10225964322677,27.496925178073237],[83.1020874551638,27.496811268672353],[83.10200154862922,27.49679263775068],[83.10148517159018,27.496486858337892],[83.10116261542095,27.496313243957182],[83.10060328660889,27.495950759611457],[83.09980730804163,27.49524379880966],[83.09957078425843,27.49507062217971],[83.09879637431256,27.494783534770477],[83.09845212362866,27.49459397754525],[83.09810799680075,27.494460811838444],[83.0975058998504,27.49430788881212],[83.0969896488425,27.494058626229013],[83.09681752197005,27.494021365124514],[83.09662407550266,27.494078818063326],[83.09651653573002,27.494039743950687],[83.09556987518455,27.493695075664426],[83.09488187352468,27.493372352983794],[83.09455894260216,27.493160352458958],[83.09387075281654,27.492817311245656],[83.09344047032351,27.492548292482283],[83.09258015440321,27.492129603676037],[83.09197805892218,27.491746488426298],[83.09137577537123,27.49142207843812],[83.09025723979984,27.490943057650636],[83.08967665213855,27.490598454168687],[83.08920347821675,27.490389953463094],[83.08909587669895,27.490312555209204],[83.08898814916445,27.49029379917133],[83.08830020760273,27.49035250140227],[83.08799884580044,27.4904475904728],[83.08737548825553,27.490811381565894],[83.087224681996,27.490984181922265],[83.08720354736226,27.491291022507493],[83.08713902208181,27.49152077690251],[83.087182035745,27.49190476450738],[83.08718203385759,27.492362961695257],[83.08711769375478,27.49303284641383],[83.0869672632873,27.49309055019472],[83.08694575454716,27.493243907382258],[83.08711787752797,27.49377994106225],[83.08726849106654,27.4945460409739],[83.08737609245593,27.494851444058195],[83.0874621834441,27.495465937560258],[83.0874191024257,27.495966709217385],[83.08739778000565,27.49621259412852],[83.08731174641623,27.496557383024065],[83.0871396193185,27.496748062732916],[83.08681724928391,27.4969017320403],[83.08597849882108,27.49751465841662],[83.08556984708864,27.497688020255833],[83.08535482919548,27.497860381902175],[83.08518270255676,27.497938278951384],[83.08483851201792,27.4981684707858],[83.08466651032899,27.49826437276461],[83.0842365384367,27.498378967529792],[83.0826016836222,27.498417846946662],[83.08234371315712,27.49847486256443],[83.08199971155929,27.498477174473752],[83.08113933105976,27.498381142581746],[83.08079114044828,27.498360822044493],[83.07984872957411,27.49830492676887],[83.07890231858413,27.49819257756714],[83.07821418878339,27.49819257476233],[83.0778699363874,27.498230896949885],[83.07752599680587,27.49819250945965],[83.0771819324994,27.49821282643901],[83.07546104763655,27.498059211034942],[83.07520301449198,27.498080091519164],[83.07463449199628,27.49807183677282],[83.073998631946,27.4980608305222],[83.073482566512,27.498138663663347],[83.07322428321436,27.49811890695192],[83.07219196308398,27.49829257802953],[83.07184789824566,27.498464064456687],[83.07115951547512,27.498983152138596],[83.0709014823542,27.49911681525517],[83.07055754135673,27.499231909753092],[83.07012719505228,27.499308055276728],[83.06943912674687,27.49963521079506],[83.06907336466327,27.499903600980275],[83.0682775667633,27.50059348785812],[83.06812700978006,27.500842935579808],[83.06823442461814,27.500900140144534],[83.06827744031497,27.50097716262966],[83.06829894616413,27.50120523025673],[83.06791186183167,27.502049038615784],[83.06808392387445,27.502354942236988],[83.06849269712107,27.502775192136372],[83.06881537843647,27.50296693764161],[83.06887990128803,27.502967375651952],[83.0692025207815,27.503100415644635],[83.0694176614808,27.50329147270925],[83.06961091996723,27.50340788281183],[83.07012717283878,27.503427078033255],[83.0703208064616,27.503502851542777],[83.07044991628331,27.5036165731383],[83.07019187788893,27.504535716824815],[83.07021338462938,27.504842806954315],[83.07029941568179,27.50499685251172],[83.0706649862449,27.505283688180256],[83.07081541573295,27.505494625998168],[83.07088000169855,27.505646233381672],[83.07092326552107,27.506030221501998],[83.07103067826445,27.506317681632208],[83.07120261613886,27.506449595951228],[83.07178358006101,27.506602455425583],[83.07199872167881,27.506680667489782],[83.07212764382166,27.506776321129525],[83.07221367399762,27.507081598584044],[83.07199846697458,27.507540544749265],[83.07195569985409,27.507847260112488],[83.07202022256813,27.508077890260815],[83.07214914399431,27.508211930392395],[83.07220516418201,27.508250629136228],[83.07253622353645,27.508498890862388],[83.07279431825263,27.508554721515775],[83.07344462297992,27.508249884374237],[83.07344618536169,27.50824988482433],[83.07352596582918,27.50817142456252],[83.07356860672235,27.50805657809917],[83.07356873414804,27.50775186391424],[83.0736764613274,27.50765552310701],[83.07374098495545,27.507655961625147],[83.07414963535224,27.507943047399003],[83.07449376180868,27.508076275066784],[83.07455815927464,27.50820987755055],[83.07455809647014,27.50825051435588],[83.07455840760421,27.50851684315583],[83.07468732935229,27.50876591686364],[83.07488083712704,27.508936529720547],[83.07501007287274,27.508955410695815],[83.07526798063661,27.508880389693775],[83.07550488152188,27.508705901927016],[83.07574140811352,27.508456954813287],[83.07589202602313,27.508457955712498],[83.076020823272,27.50853329088883],[83.07608553408932,27.508592371515352],[83.07621458068806,27.508859575804294],[83.07634368996804,27.508937161653567],[83.0766017230283,27.50891628134031],[83.07726859524702,27.508859767725763],[83.07746210409931,27.50880006327928],[83.07778491276427,27.50853367415428],[83.07784924854786,27.508513793620963],[83.07797842148194,27.50851235641352],[83.07836543874555,27.508648147707607],[83.07875270774994,27.50858975708232],[83.07894634124347,27.508588757442226],[83.07920437388753,27.508646900584765],[83.07967761013809,27.508896038281378],[83.0798067202243,27.50900969722467],[83.08000016479629,27.509297657962822],[83.08017253775711,27.50983369150825],[83.08030139672998,27.51006250889186],[83.08079119994466,27.510602919890466],[83.08092537358708,27.510750463841003],[83.08107617833113,27.511038111378337],[83.08116214622581,27.51126886714155],[83.0811621452863,27.511499122302425],[83.08111919107654,27.511652291535295],[83.08107598420607,27.512168881281656],[83.08118358650744,27.51224409105867],[83.0816353148598,27.512377944445795],[83.08185064370299,27.51251254757351],[83.08210867653692,27.512609015154183],[83.08247449742248,27.512952242282307],[83.08279692848492,27.513067214710677],[83.08292616315241,27.51316286873646],[83.08309835024872,27.51350709568962],[83.08327047534877,27.513621066854636],[83.08357158566496,27.513756233127832],[83.08389433008665,27.513756047280914],[83.08395872946666,27.51369784284103],[83.08408784008107,27.513506787123617],[83.08425984435182,27.513065595312018],[83.08436744680391,27.513027897320782],[83.0844963686299,27.513046840650045],[83.08484068315725,27.513238648434065],[83.0849697928524,27.513275598195683],[83.08522770087653,27.513236712740223],[83.08533542832764,27.513178696185573],[83.08548585939077,27.51300814634042],[83.08567955646572,27.513007146907498],[83.08595928342712,27.51327535211715],[83.08617436127189,27.513637896520454],[83.08623907171086,27.513771373973338],[83.08669073896526,27.513754057815476],[83.08694883419163,27.513694854477812],[83.08746508887523,27.513522180675626],[83.08789512313935,27.513445972264016],[83.08832534460872,27.51342621824929],[83.0889278786136,27.513579140836427],[83.089443819349,27.513598336321863],[83.08961613306737,27.513540758025343],[83.08987404211955,27.51338671320944],[83.0900461682688,27.513385588577112],[83.09082082788697,27.513654671273276],[83.09125092438632,27.513729757558753],[83.09155197405482,27.51351951002629],[83.09189610168998,27.51338409645834],[83.0921541350531,27.513327080429974],[83.09284270413357,27.512981731632355],[83.09387489976704,27.512674708875192],[83.09464924888552,27.51251947876726],[83.09507959621735,27.512366560716604],[83.09568200685902,27.512232773760903],[83.09585407055081,27.512231649627065],[83.09662835814552,27.51204028379658],[83.09705851692212,27.512000211543164],[83.09766061440473,27.512037975175872],[83.0980911479599,27.512133254363754],[83.09843527483909,27.51215357471584],[83.09852136967416,27.512190273572863],[83.09860740148032,27.512190773738393],[83.09908051273739,27.512381206998718],[83.0993386070997,27.512477610766517],[83.10080152116173,27.512782769621563],[83.10114571027353,27.51291587199961],[83.10286659454547,27.513373826140576],[83.10407153706439,27.513774324347136],[83.10484613444771,27.51417650839604],[83.105104227727,27.514462593283127],[83.1059434091068,27.515210504281345],[83.1062446436158,27.51565032193349],[83.10663203328045,27.51633896343225],[83.10693357567696,27.517487364567017],[83.10701973109805,27.517754318168702],[83.10719216684839,27.518387380046754],[83.10738579796981,27.51890321994745],[83.10729982572717,27.519478201326272],[83.10721398011466,27.519766597510447],[83.10695619344463,27.52057070791151],[83.10695619120925,27.520972450988626],[83.10706397819008,27.521489978480417],[83.107279366588,27.522177493749037],[83.10734401500763,27.52229302790855],[83.10743010737232,27.522638880166298],[83.10743016945845,27.522866884715626],[83.10734413648291,27.523096514702836],[83.10710760967106,27.52334777460139],[83.10667751196118,27.523654237606106],[83.10637627485883,27.523731259662824],[83.10592460754765,27.52376908143752],[83.1052791183039,27.52396126014794],[83.10510730423252,27.52403915693317],[83.10527930446057,27.524209583138457],[83.10657028028079,27.524515740607608],[83.10691421949,27.524554065866823],[83.10708659603301,27.524534873945882],[83.10743078592525,27.52459126659674],[83.10794697671399,27.524590018592352],[83.1084634794137,27.524703928780166],[83.10880754351933,27.52474225378579],[83.10889363807011,27.524781141119252],[83.10958226727477,27.524819404720553],[83.10984036254979,27.52472168951239],[83.11018442947153,27.524435044066937],[83.11050686212963,27.524242989028494],[83.1108080996893,27.523935712994493],[83.11098010218697,27.523650192441497],[83.11110896335073,27.52351552821851],[83.11128109073206,27.523207438650203],[83.11156069725207,27.522672032209424],[83.11160371347188,27.522518862566546],[83.111949405006,27.52234725103031],[83.11259089195424,27.5222678552751],[83.11310827158194,27.52218989705796],[83.11368836083835,27.522152950396336]]]}},{"type":"Feature","properties":{"province":"Lumbini Province","district":"Kapilvastu","municipality":"Mayadevi Rural Municipality","ward":"1","wardNumber":1,"sourceMunicipality":"Mayadevi","sourceType":"Gaunpalika"},"geometry":{"type":"Polygon","coordinates":[[[83.15970196466672,27.566770620306887],[83.15971372065489,27.566481784690538],[83.15974729707159,27.566195325987508],[83.15989272774755,27.565799023137583],[83.15995212623677,27.56539759242055],[83.16012613120974,27.564829863821164],[83.16020710060116,27.564428621658756],[83.16026212214186,27.56414228748977],[83.16026599940005,27.56404750911846],[83.16026912555928,27.563970799643094],[83.16032496008452,27.563666460096268],[83.16037810608968,27.56341851300557],[83.16045676227131,27.56307591245229],[83.16067109349143,27.562564762398836],[83.16072342703893,27.562337195758293],[83.16074525240444,27.561303580029577],[83.16071918228471,27.560899461548534],[83.16064277976659,27.560666517590214],[83.16059282611093,27.560320915502288],[83.16057638525334,27.559688792379173],[83.16062659447017,27.55899846459567],[83.16059320833801,27.558768021425376],[83.16062422311624,27.558021177275833],[83.1606854354893,27.5575836738412],[83.16080785829693,27.557223256619967],[83.16104344786541,27.556712419387924],[83.16120557372548,27.555914310675146],[83.16121370230859,27.555722504256845],[83.1613803915144,27.555324013025416],[83.16149256381824,27.554178114110467],[83.16173559650507,27.552978825182954],[83.16180475295353,27.551832675782318],[83.16177142872884,27.551599982313437],[83.16178831250379,27.55119836444173],[83.16176586880646,27.55081906591245],[83.16189710770304,27.550129176188477],[83.16190554970514,27.54992836675077],[83.16192337018391,27.54949736503329],[83.16201634576213,27.54880953895569],[83.1620237266049,27.548121148392447],[83.16213327267572,27.547031703830463],[83.16218798148321,27.546745370615124],[83.16217310473175,27.546074923101383],[83.16220005304083,27.54594194681936],[83.16222412908331,27.544849688480706],[83.1624671628806,27.543650398964473],[83.16268618377447,27.54302421599236],[83.16287431833491,27.542628162815628],[83.16303400314912,27.54240341046976],[83.16315554968295,27.542063310772587],[83.16333799358878,27.541800359280753],[83.1633691310901,27.541572542517695],[83.16361197401844,27.540890092745325],[83.1637406495441,27.54037631694435],[83.1637741654123,27.539573018955878],[83.16398631110295,27.538601484340756],[83.16401238870228,27.537452709060556],[83.16388403189603,27.536930680379665],[83.16326743439019,27.535760083465792],[83.16297220297558,27.535117269013792],[83.16279307621177,27.534786671212963],[83.16175976441527,27.533315672461313],[83.16115742115664,27.5323166891671],[83.16101943432695,27.532024664878218],[83.16051237512161,27.531317455189345],[83.16044785196513,27.53118160244133],[83.1603743881439,27.5310254311693],[83.1603317496969,27.530508341878726],[83.16017106909987,27.52975349403388],[83.16017600889933,27.529638398258385],[83.16006246875521,27.52929016998488],[83.15996124659819,27.52865529619107],[83.15988315638867,27.528478868227037],[83.15937909851529,27.52775352858839],[83.15918252807636,27.52734378197622],[83.15908786930562,27.527052071213834],[83.15900746536298,27.526934223504544],[83.15889161068375,27.526644638186],[83.15882083700814,27.526296598244418],[83.15868691353954,27.52592786471328],[83.15841956627939,27.52566897516726],[83.15739825259153,27.525500295926363],[83.15721012035492,27.525397578287553],[83.15693514463247,27.525312426887748],[83.15664309936226,27.525130059181976],[83.15651967950869,27.525011961608886],[83.15648191677992,27.524894365010205],[83.15635299892682,27.523911699967506],[83.15629954276338,27.52366093928202],[83.15622145211117,27.523486574936303],[83.15616061732484,27.523407301379606],[83.15595097764502,27.523304458241522],[83.15535507089025,27.523208302732698],[83.15510435406708,27.52306463414508],[83.1551243010151,27.522606562191445],[83.1553061841331,27.52186509528128],[83.15541766836115,27.520775587674095],[83.15555453496854,27.520090261926665],[83.15566070152235,27.51961468518159],[83.15512450297749,27.519634000741718],[83.15454178682958,27.519729777184804],[83.15389829875102,27.51974621653305],[83.15338091978174,27.51982430015751],[83.15222080284043,27.51990075528379],[83.15151460532222,27.51987843344736],[83.15100535497751,27.51976471065341],[83.15068529861729,27.51973570148352],[83.15036874552503,27.51962766851383],[83.1501129008545,27.519601284638043],[83.14947679073133,27.519443923575018],[83.14902593649092,27.519468303489393],[83.14832011391695,27.51944366829486],[83.14799730669004,27.519473301246865],[83.14697048951064,27.519437661252777],[83.14632725232597,27.519454039120436],[83.14544923980215,27.519444156978675],[83.14467907999571,27.519419146940454],[83.14242624776531,27.519495535814684],[83.14086379498706,27.519463395256743],[83.14045576906778,27.519487963372352],[83.13934485857084,27.519411123773462],[83.1387016836623,27.519429751760555],[83.13775270744017,27.519568288665784],[83.13705419691838,27.519870936720153],[83.1361175995262,27.52022403718342],[83.13642758740268,27.520483239145417],[83.13688569241457,27.52078626821114],[83.13717098432295,27.52112205502781],[83.13735104902126,27.521416579821388],[83.13749522706424,27.521555183679894],[83.1377533199387,27.522023947455683],[83.13782371884024,27.52237198764943],[83.13777601381003,27.522484520250305],[83.13766328393301,27.522614745817116],[83.13757593872495,27.52265031820644],[83.13690543980059,27.522799672295974],[83.13623963160974,27.522836180375144],[83.13579034073203,27.522819861248898],[83.13531647758211,27.522880126691913],[83.13499216934947,27.522948083234528],[83.13468443001142,27.523128947713694],[83.1344323976666,27.523504306847748],[83.1343531792938,27.523846907359268],[83.13449204157881,27.524100545060712],[83.13473888145187,27.524339053521587],[83.13485654823555,27.524590314924644],[83.1350200456317,27.52476968050687],[83.13528970672358,27.524969928354803],[83.13538348980146,27.525279769310117],[83.13537348475069,27.525509899832684],[83.1352811376892,27.525660568476727],[83.1353280286003,27.5260648753501],[83.13554066678027,27.52658978065114],[83.13567071232995,27.52705329226371],[83.13570097230141,27.52734237702698],[83.13576174370908,27.527421775356185],[83.1358790985813,27.52767528827482],[83.13623291567275,27.527916735902778],[83.1363602104358,27.528438889307637],[83.13658291656877,27.528733664675123],[83.13673753336202,27.529122841615102],[83.13675785078321,27.5296398063204],[83.13666475317764,27.5298107934822],[83.1363042428516,27.530219350039566],[83.13633694177533,27.530449730629503],[83.13645035636326,27.530800271188426],[83.13649956020956,27.531145998248],[83.1363298709113,27.53160081866546],[83.13615099070843,27.53176674175361],[83.13595704430496,27.531799375398283],[83.13560397782017,27.531537609304362],[83.13544129392673,27.531340238293588],[83.135272418681,27.531278281538203],[83.13500238005729,27.531574492426085],[83.13497192990938,27.53178649280636],[83.13504332969893,27.532114214144],[83.13501957076778,27.53217048086666],[83.13507877999693,27.532288203273975],[83.13515830604223,27.532922952533955],[83.13515330397298,27.533037986060258],[83.13498592709152,27.533434227195563],[83.13499130231666,27.533799896614152],[83.13510159111038,27.534224897237625],[83.13557820076389,27.535085527031192],[83.13577664669535,27.53545463619791],[83.1360700644965,27.536097451219483],[83.13614315311526,27.536389099604555],[83.13611157694925,27.536616853547905],[83.13597077383541,27.53690037432136],[83.13506655868507,27.537982626555184],[83.13487955059708,27.538340355897542],[83.134370923154,27.538705085211504],[83.13405730562987,27.53902136512566],[83.13384960266366,27.53935865106639],[83.13356524341893,27.539982082491825],[83.1332723208775,27.540318805136135],[83.13320542146663,27.54037257138602],[83.13220198567362,27.540781624326097],[83.13199459520156,27.54111884781573],[83.13192031606489,27.54134635166616],[83.13185754092532,27.54180417412431],[83.13199640361773,27.542057811260623],[83.13240761611038,27.54245536773392],[83.13255910670343,27.542921254711054],[83.13255641827821,27.54297764660447],[83.13235290377902,27.543220154367372],[83.13214545080938,27.54355962822041],[83.13209424366612,27.543748933307512],[83.13237847274038,27.54391091990308],[83.13245124930773,27.543913670650557],[83.13266282784251,27.543978190859832],[83.1329071042749,27.54427534145408],[83.13310861392172,27.544570054324613],[83.13324591357755,27.54486201571576],[83.13332550287971,27.545496764377354],[83.13332431193591,27.546013604344527],[83.13346392464938,27.54624923628053],[83.13365543094137,27.546774016591353],[83.13375652723161,27.547408890489237],[83.13372876333682,27.548040701676836],[83.13349242372682,27.54855153822769],[83.133475040176,27.548953218431354],[83.13349123364317,27.549068440287982],[83.13366892229762,27.54941935588998],[83.1336639199786,27.549534452254793],[83.13357313549146,27.549646734722103],[83.13322338091186,27.549807031209387],[83.13306031926675,27.549930191259737],[83.13295746905625,27.550008526540843],[83.1329070741347,27.550179764301394],[83.13298278819289,27.550412707652058],[83.13326976808305,27.550710171168713],[83.13351173038937,27.55106377626603],[83.13358713225958,27.55129672005711],[83.13358206740031,27.55141175370311],[83.13345508063296,27.551866887410565],[83.13318416616242,27.552183479344308],[83.1331315206249,27.55241110806854],[83.13303748529776,27.552600100705458],[83.13262001726571,27.55283673108018],[83.13239293173987,27.55313550548151],[83.13227088424864,27.55347554216554],[83.13226969438044,27.55399469537576],[83.13250396552338,27.554519787425182],[83.13253703906216,27.55475016774038],[83.132708224413,27.555272634864913],[83.13272241640519,27.55544649807359],[83.13264526187444,27.555750712815975],[83.13265395124648,27.556057802964503],[83.13259892872725,27.55634401164645],[83.13248219769784,27.55656901457387],[83.13230125439415,27.556793580439667],[83.13207885817617,27.55697725860967],[83.1317636152905,27.55733192338522],[83.1314116089417,27.557530668506004],[83.13110030520302,27.55778830502956],[83.1304677576233,27.558034812214714],[83.13035496450642,27.558165038185958],[83.13032213924251,27.558433366048614],[83.13017920948629,27.558773278192533],[83.12970159234132,27.5594090882794],[83.12968983606534,27.559695610063425],[83.12974904487858,27.559813394927808],[83.1298736529009,27.559913424663083],[83.13019208250896,27.560001201981724],[83.1302754887565,27.560060344022897],[83.13029430711822,27.560119237157465],[83.13028730363072,27.560290662331575],[83.12987890006708,27.56081406452133],[83.12985189006463,27.560947103589296],[83.1299098474955,27.561103149768478],[83.13037614236687,27.5617515291779],[83.13053563743584,27.56204367829944],[83.1306119764176,27.56227668428993],[83.1305737109612,27.56267817774044],[83.13044465965602,27.563189702216384],[83.1303733199622,27.563360815041626],[83.13019206506705,27.563585380256967],[83.13016349100121,27.563756742855464],[83.13022301185865,27.563874465345407],[83.13059833685482,27.56413404250017],[83.1307006244223,27.564254390771456],[83.13075783178057,27.564428505237114],[83.1307622692947,27.56483031025244],[83.13081947702332,27.565004424687615],[83.13095977785389,27.565240056803592],[83.13101698609742,27.565414170256663],[83.13168735433196,27.56631893879805],[83.13180414536774,27.566608524359424],[83.13190480749718,27.566767196723788],[83.13192287604502,27.56684403189095],[83.13255586103675,27.56659514841235],[83.13292512390798,27.566493683337587],[83.13318797137775,27.566368959502928],[83.13364432798164,27.566229545913952],[83.1341041243537,27.566015672185475],[83.1342771887843,27.56598291340545],[83.13456154476214,27.565858315187867],[83.13474011123513,27.565692392143514],[83.13490323837587,27.564871839310452],[83.13495100641092,27.564759306398802],[83.13519809899034,27.56449904300233],[83.1354608849371,27.564374257450055],[83.13593637369337,27.564293735929844],[83.13653096767688,27.564448596101663],[83.13743830104607,27.564822147472462],[83.13794136120758,27.565107357661358],[83.13823665741522,27.565233334069536],[83.1384066571042,27.56527728461252],[83.13864249447438,27.565285537820852],[83.13922683597248,27.56516950618208],[83.13987388882926,27.56509673742766],[83.14154013099986,27.56476846011273],[83.14261996878588,27.5646126060981],[83.14307582572168,27.56449357336051],[83.14352824348786,27.564451187404792],[83.14411264776271,27.56433515528637],[83.14436993035835,27.564343471833194],[83.14499860146496,27.56419161708224],[83.14519248515734,27.564179301894033],[83.14560451321317,27.564078023653657],[83.14599265671951,27.564032949440822],[83.14605849419793,27.563997251445358],[83.14703097972544,27.563838458523247],[83.14761688413442,27.563686228797803],[83.14770535529753,27.563630400380372],[83.14785534797323,27.56363584024069],[83.1480300378356,27.56356469468627],[83.14815852265359,27.563570008987018],[83.14874211452563,27.563474233924456],[83.14971853907461,27.56321841184358],[83.15043249109286,27.563089626704954],[83.15095381039954,27.562934771522123],[83.15150076260976,27.562786855129847],[83.15184401522733,27.562694204378882],[83.1521028610402,27.562664196184866],[83.15227254907461,27.56271033527822],[83.15370882980523,27.562757479645683],[83.15385807211038,27.562780924984995],[83.15428116561041,27.56293022037954],[83.15587969040514,27.56370951831121],[83.15604656412606,27.563830179252758],[83.15619424324572,27.563894260894525],[83.15718641833311,27.5648075956525],[83.157415690386,27.564969269034762],[83.15799365144711,27.565525684575647],[83.15836753802613,27.565823648876048],[83.15855560693912,27.56594668564195],[83.15868252915388,27.56598807348272],[83.15897250972057,27.566247088489774],[83.15909861844611,27.566308794271432],[83.15970196466672,27.566770620306887]]]}},{"type":"Feature","properties":{"province":"Lumbini Province","district":"Kapilvastu","municipality":"Mayadevi Rural Municipality","ward":"3","wardNumber":3,"sourceMunicipality":"Mayadevi","sourceType":"Gaunpalika"},"geometry":{"type":"Polygon","coordinates":[[[83.15354383088835,27.600972395895933],[83.15352845058483,27.60078046467084],[83.1534844374014,27.600168534561682],[83.15363118813389,27.598336747099363],[83.15335621537652,27.597563143726706],[83.15302822168904,27.59709394209454],[83.15277981822403,27.59681936051027],[83.15236854422103,27.596272885497246],[83.15231202418052,27.59604238019579],[83.15232446768833,27.595658704584324],[83.15217341460391,27.595043898226457],[83.15218585891157,27.59466028578136],[83.15223387723438,27.59450936683058],[83.15264034366199,27.593909191745816],[83.15270836935467,27.593796784534177],[83.15293545485943,27.593421237617047],[83.15306925545323,27.593270818650016],[83.15354743656525,27.59244313934694],[83.15374801161957,27.59221863672303],[83.1538412976912,27.59199350873983],[83.15406869569826,27.59161796165008],[83.15407288535054,27.591606646020306],[83.15425520426193,27.59116320421009],[83.15441451812848,27.590250061237057],[83.15456326404086,27.58964157004132],[83.15459865697777,27.588571943796346],[83.15458109152266,27.587806718479747],[83.15446530122202,27.587420104691084],[83.1543214361296,27.5872251095797],[83.15410760672769,27.5872012267172],[83.15371796238182,27.58730494333453],[83.15352432797546,27.587317320906045],[83.15320439733553,27.58724986198379],[83.153017016309,27.587072747337018],[83.1529187317131,27.58680354269597],[83.15297419162279,27.586422368077],[83.15279912932675,27.58588195888181],[83.15211819755118,27.584408460757754],[83.15190505930433,27.583714255960622],[83.15186773415772,27.583540267463007],[83.1518129653304,27.583253307892175],[83.15175519770393,27.582408871875483],[83.15162777874713,27.581717355495115],[83.15165178880908,27.581640770143867],[83.15211596248254,27.5812328396203],[83.15277445760765,27.580794463638693],[83.15330690787532,27.58027406326419],[83.15338587943126,27.579186680954347],[83.15328634385625,27.578953612800085],[83.15297741871814,27.578561245738683],[83.15293965549951,27.57840751291146],[83.1529848599626,27.578333366487698],[83.15334193152367,27.57792243434708],[83.15360765691295,27.57768030163218],[83.15397072774999,27.577729942587226],[83.15427283977594,27.57768211775889],[83.15436112340815,27.577608158462112],[83.15479628452347,27.577427982078273],[83.15490732653103,27.577318075192746],[83.15507382787804,27.576824806337676],[83.15516461241386,27.57667413715993],[83.15540320132361,27.576605618374753],[83.15643483315299,27.576557670369212],[83.1568629911166,27.57658961919404],[83.15708057193885,27.576500656144304],[83.15710376898251,27.576442076787064],[83.15707007022907,27.576173309828118],[83.1569589065336,27.575635463971594],[83.1566134092702,27.574401037593027],[83.15651062589481,27.573554038027147],[83.15651381626692,27.573220002502023],[83.15651394399022,27.572700912583183],[83.15644986023288,27.57218144725616],[83.15626810889603,27.57139027647163],[83.15627511273988,27.571218851404993],[83.15632050429056,27.571162647358477],[83.15686533249995,27.57096959319162],[83.15781868550151,27.570751907144604],[83.15829767615855,27.57059461310396],[83.1587724153225,27.570534284472043],[83.15950912610158,27.57036711389346],[83.16000543419376,27.570306972569032],[83.16013548242906,27.570271650651307],[83.16084524560414,27.57023751774868],[83.16169012158306,27.570055280025343],[83.16242945825006,27.569831780405558],[83.16215948443651,27.569611214522727],[83.16201411904493,27.56949074073754],[83.16185137244508,27.569275364123527],[83.16166574182569,27.569095935929923],[83.16072740115575,27.567914334768115],[83.16054164508888,27.56773715686747],[83.16013518531872,27.567186244005818],[83.15970196466672,27.566770620306887],[83.15909861844611,27.566308794271432],[83.15897250972057,27.566247088489774],[83.15868252915388,27.56598807348272],[83.15855560693912,27.56594668564195],[83.15836753802613,27.565823648876048],[83.15799365144711,27.565525684575647],[83.157415690386,27.564969269034762],[83.15718641833311,27.5648075956525],[83.15619424324572,27.563894260894525],[83.15604656412606,27.563830179252758],[83.15587969040514,27.56370951831121],[83.15428116561041,27.56293022037954],[83.15385807211038,27.562780924984995],[83.15370882980523,27.562757479645683],[83.15227254907461,27.56271033527822],[83.1521028610402,27.562664196184866],[83.15184401522733,27.562694204378882],[83.15150076260976,27.562786855129847],[83.15095381039954,27.562934771522123],[83.15043249109286,27.563089626704954],[83.14971853907461,27.56321841184358],[83.14874211452563,27.563474233924456],[83.14815852265359,27.563570008987018],[83.1480300378356,27.56356469468627],[83.14785534797323,27.56363584024069],[83.14770535529753,27.563630400380372],[83.14761688413442,27.563686228797803],[83.14703097972544,27.563838458523247],[83.14605849419793,27.563997251445358],[83.14599265671951,27.564032949440822],[83.14560451321317,27.564078023653657],[83.14519248515734,27.564179301894033],[83.14499860146496,27.56419161708224],[83.14436993035835,27.564343471833194],[83.14411264776271,27.56433515528637],[83.14352824348786,27.564451187404792],[83.14307582572168,27.56449357336051],[83.14261996878588,27.5646126060981],[83.14154013099986,27.56476846011273],[83.13987388882926,27.56509673742766],[83.13922683597248,27.56516950618208],[83.13864249447438,27.565285537820852],[83.1384066571042,27.56527728461252],[83.13823665741522,27.565233334069536],[83.13794136120758,27.565107357661358],[83.13743830104607,27.564822147472462],[83.13653096767688,27.564448596101663],[83.13593637369337,27.564293735929844],[83.1354608849371,27.564374257450055],[83.13519809899034,27.56449904300233],[83.13495100641092,27.564759306398802],[83.13490323837587,27.564871839310452],[83.13474011123513,27.565692392143514],[83.13456154476214,27.565858315187867],[83.1342771887843,27.56598291340545],[83.1341041243537,27.566015672185475],[83.13364432798164,27.566229545913952],[83.13318797137775,27.566368959502928],[83.13292512390798,27.566493683337587],[83.13255586103675,27.56659514841235],[83.13192287604502,27.56684403189095],[83.1317897010395,27.56695381398253],[83.13087479819154,27.567268589623694],[83.13026726088061,27.5674205072264],[83.12994339029544,27.56746814516639],[83.1293624256322,27.56750515363986],[83.12865585231283,27.567462325736205],[83.12768874346948,27.567487891736455],[83.12749673530804,27.567461883416698],[83.12719512348612,27.56749157833359],[83.12657083054502,27.567528273777665],[83.12613860999204,27.567092206245484],[83.1259717988309,27.56697148319378],[83.12541784743897,27.566358675839343],[83.1253543860863,27.566337981278114],[83.12482275496865,27.565704918231877],[83.12476504762249,27.565551060993045],[83.12475329420599,27.565320805248344],[83.12471340483111,27.56524153173415],[83.1247015887209,27.56501127648636],[83.12462900167633,27.564701622778152],[83.12447113252716,27.564371087267876],[83.1243226398749,27.564327261317338],[83.12393762294234,27.56429550066709],[83.12381070064048,27.56425405061793],[83.12348914443068,27.56424304626676],[83.12247264372142,27.564119255239092],[83.12239986725068,27.564109752364804],[83.12073156311615,27.56401565574479],[83.12009276495587,27.563919249884016],[83.11989925600824,27.563931502571503],[83.11958070078168,27.563861730837143],[83.11900467530612,27.56380396153656],[83.11881379285103,27.5637599473746],[83.11864410467084,27.563715871160024],[83.11845165883602,27.563710181642655],[83.11795766335902,27.563731873221702],[83.11744397349754,27.56371280286888],[83.11712229257634,27.563722054669178],[83.11682093056034,27.563749498846953],[83.11636807544306,27.56381207829293],[83.11606596306555,27.56385984097148],[83.11583081354789,27.563851524982866],[83.11458522753708,27.5639046600486],[83.11426242059714,27.563931854890793],[83.11377105155356,27.5638971543952],[83.11362618314477,27.564275390787618],[83.11361849228965,27.56444687791448],[83.1135210172016,27.564712581122603],[83.11326122822462,27.565758199734876],[83.11299831059394,27.567358981417282],[83.1128496909778,27.567816303039642],[83.11281330046762,27.56815909078446],[83.11267243386753,27.568442610782352],[83.11261428566517,27.5687852742427],[83.1125917752434,27.569301988395694],[83.11280047410025,27.56992173329963],[83.11299729223823,27.570812245896402],[83.11335254483718,27.571514141614493],[83.11348465382171,27.57193932963097],[83.11379013981379,27.5723340092635],[83.11436678514018,27.573396198354672],[83.11434246024028,27.57413860436473],[83.11397719700882,27.574797608574787],[83.11364350886416,27.575149836145915],[83.11341629803633,27.575527508452744],[83.11340841844685,27.57575770082569],[83.11351901937225,27.576300111014458],[83.11373440798432,27.57691991848541],[83.11389777332548,27.578462497811255],[83.11410278151992,27.579391396141883],[83.11420831733635,27.580087226824247],[83.1143698752729,27.58039975674768],[83.11474369982686,27.580772241967487],[83.11519999105346,27.581244632945893],[83.11532216025567,27.581441754124793],[83.11552942296609,27.58165750533849],[83.11569098126806,27.581969973273736],[83.1161078175328,27.582979271697457],[83.11639867095819,27.583910983900637],[83.116479449513,27.58406496714019],[83.11661531077316,27.58449234334539],[83.1166969022089,27.584628383852163],[83.11691785819947,27.584794495232966],[83.11716201115296,27.584832194840622],[83.11741610457523,27.58493535173338],[83.12099104731514,27.585847259561653],[83.12130972700767,27.585950853333852],[83.12247253084574,27.586235753997506],[83.1225230501681,27.586247382799726],[83.12258601039373,27.586288395070724],[83.12673641568513,27.58733015523345],[83.12705478304612,27.58743362475986],[83.12737515128843,27.587480890172667],[83.12758647860389,27.58758373349912],[83.12781987784983,27.587666445899483],[83.12809341503937,27.587828432855442],[83.12813449277027,27.587885137197706],[83.12834462957224,27.588658302831444],[83.12836988621372,27.58919564778429],[83.12827372352642,27.58950198793146],[83.12800130830774,27.589956244733454],[83.127971420694,27.590206568089094],[83.12806595330159,27.590593119736457],[83.12818443343376,27.590903024123502],[83.12836606003097,27.59160610577131],[83.12858357279545,27.59245160553504],[83.12865072076475,27.592930496680324],[83.12867053940505,27.59307059986399],[83.12879202130509,27.59328347539831],[83.12888649172837,27.59367227762136],[83.12893575736939,27.594135289160242],[83.12903823203358,27.594271329617463],[83.13308814826269,27.598350294082763],[83.1331287247732,27.598427254613156],[83.13364897790512,27.59892021390669],[83.13381353751566,27.59913565274723],[83.1341469095402,27.599433429505556],[83.13449803684844,27.59984636493708],[83.13476951143792,27.60008281047312],[83.13499634382863,27.600357329197287],[83.13520523283294,27.600534632091346],[83.13638803949941,27.601756245489728],[83.13657585787738,27.60191541817366],[83.13669971561039,27.602071902512378],[83.13875477828275,27.604179154616983],[83.13902343881165,27.6044923103701],[83.13901562251931,27.604722440423735],[83.13913372632729,27.60505272586217],[83.13936181019078,27.605288858059662],[83.13982660622543,27.605512925725712],[83.13984561220171,27.605589760924467],[83.13970174465138,27.60604708236091],[83.1398502330997,27.606743162369398],[83.13995258253588,27.606899521740495],[83.14022424543509,27.607117836907317],[83.14045264039781,27.607354031568853],[83.14040205852805,27.607583911910805],[83.14019948230687,27.607867056618097],[83.14012764163378,27.60809681178331],[83.14015783862625,27.6084829250892],[83.14010900705668,27.608654224928138],[83.13999790272491,27.608768570982953],[83.13975781330042,27.60889579432339],[83.13957837129935,27.609122610574662],[83.13959237448843,27.60935517941454],[83.13986347411367,27.60959156236475],[83.14008911801574,27.609904467304247],[83.14008167722183,27.610134597789592],[83.13990623641595,27.61024637934241],[83.14024623732982,27.610350036376154],[83.14033126818998,27.610373168926973],[83.14058373554839,27.610532716808745],[83.14072803882955,27.610709644244515],[83.14076780304408,27.61080692240609],[83.14083088868603,27.61084568481384],[83.14095943547434,27.61084874820956],[83.1412194077171,27.61077810341964],[83.14147481472146,27.610842873311285],[83.14172897014326,27.610943779724664],[83.14216800618578,27.611300823936162],[83.14233763111909,27.61136278014081],[83.14266469062957,27.611215800520725],[83.14292134723492,27.611242184583773],[83.14335169416998,27.611213302657685],[83.14395785768374,27.611054570990763],[83.14450675012728,27.610681025755476],[83.14468043951626,27.610627885549196],[83.14494284974207,27.610480531002267],[83.14525058970011,27.610256716840386],[83.14568537628752,27.610094670250312],[83.14592584096226,27.60996519633754],[83.1463831363377,27.60976488844375],[83.14655901437764,27.60963285041289],[83.14714892261556,27.609320448358996],[83.1472355167399,27.60930294374829],[83.14773764136282,27.609046432791516],[83.14782592476729,27.60897022324672],[83.14784999610377,27.608893576164135],[83.14716999536154,27.608686325501242],[83.14710741071907,27.608627307339354],[83.14706839652459,27.608509710607414],[83.14708946945322,27.60787558679342],[83.14706702728178,27.60725928030117],[83.14711473339999,27.607106110079307],[83.1470367048972,27.606873166368246],[83.14706327871964,27.60671974654058],[83.14719432742739,27.60664616302788],[83.14777347893948,27.606660981917308],[83.14837707811529,27.60658114880979],[83.14932267812483,27.60655083140696],[83.14975377530658,27.606506069741055],[83.14981929998291,27.6064681215728],[83.149842558738,27.6064118544999],[83.14980429550646,27.606278440461026],[83.14970194565102,27.606122081800706],[83.14963135933169,27.6056611954778],[83.14957208784787,27.605505087327405],[83.1496491188555,27.605126413460777],[83.14973990271926,27.604975745313208],[83.14981199272582,27.60474824054027],[83.14990277705677,27.604597572272304],[83.15005733490369,27.604467596695603],[83.15046192207141,27.604576129921046],[83.15080811271919,27.604490230973227],[83.15104895293612,27.604342751707275],[83.15111604073958,27.60426866763059],[83.15136713900235,27.60316653244947],[83.15131030627744,27.602935964543768],[83.15137739451706,27.602861818018237],[83.15157302924385,27.602790922587552],[83.15161823448011,27.602714463148825],[83.15142410257533,27.60209703031511],[83.15118195283571,27.601630642875207],[83.15118964440754,27.601402701065904],[83.15140653738725,27.60133180546652],[83.15168551553248,27.601340246642806],[83.15229280444856,27.6011476297261],[83.15307002950058,27.601016907169072],[83.15332793805553,27.60100496682795],[83.15354383088835,27.600972395895933]]]}},{"type":"Feature","properties":{"province":"Lumbini Province","district":"Kapilvastu","municipality":"Mayadevi Rural Municipality","ward":"4","wardNumber":4,"sourceMunicipality":"Mayadevi","sourceType":"Gaunpalika"},"geometry":{"type":"Polygon","coordinates":[[[83.12647088206236,27.476106409226727],[83.12658279858185,27.47599418935546],[83.1266735208533,27.4758819694985],[83.12704040851705,27.475320055161895],[83.12731226086207,27.47498314508184],[83.12747426017276,27.474702063457144],[83.12768033791188,27.474403163658806],[83.12781870204311,27.474178286126893],[83.12795712990244,27.473953470230793],[83.12806904681057,27.473843562999942],[83.12830313527891,27.473391368474026],[83.12850583568243,27.4731691796713],[83.1289186790674,27.472553312503905],[83.12934890293745,27.47203234858607],[83.12997170069708,27.47102286717601],[83.13024355314465,27.47068820699049],[83.13056336103479,27.470241077097068],[83.13061106649006,27.470128544091956],[83.13072329608802,27.470016386674814],[83.13102397189336,27.469510426904588],[83.13127456586143,27.469175642125798],[83.13148714733646,27.46872557291203],[83.13203998054016,27.467846504494872],[83.13218609873037,27.46745013868084],[83.13220642142375,27.46699206659815],[83.1322641323881,27.46657038036841],[83.13233215987326,27.466076547773273],[83.13235367295162,27.46510388693295],[83.13229102762104,27.464584359460613],[83.13221562560895,27.464351415900605],[83.13219299484209,27.463893093798248],[83.1315545090609,27.463792061560994],[83.13018562861491,27.463742916360157],[83.12899050063982,27.463642944819114],[83.12847624813479,27.46364425538237],[83.12779499747364,27.4635428478581],[83.12694124449351,27.463474386742163],[83.1254850819574,27.463460751660786],[83.12437529751212,27.46336359357851],[83.12412120415881,27.463296510994255],[83.12352392156822,27.46323630315297],[83.12301035647354,27.46321954596429],[83.12281622221896,27.46324992880718],[83.122473470859,27.46323873691231],[83.12202505572475,27.463222355747334],[83.12148579385654,27.463297938002295],[83.12129434810254,27.463271929181804],[83.12026840665945,27.463215846080143],[83.11950187399854,27.46311168768831],[83.11941540486792,27.463126941726642],[83.11881805974164,27.46306898485837],[83.11659542665484,27.462948878178793],[83.11595462723938,27.462908738374146],[83.11537879039533,27.462848655862967],[83.11392531663779,27.46277850437693],[83.11309569808641,27.46265584055211],[83.11260401679209,27.462639208436013],[83.11192132800527,27.46253323645821],[83.11048429705478,27.462467712078297],[83.1097749727719,27.46241125472659],[83.10831493374734,27.462372612476866],[83.10599626560102,27.462240439334195],[83.10573842075657,27.462259068105514],[83.10221743441008,27.462049117095575],[83.10015598509095,27.461992966910856],[83.09938307522198,27.46193600991919],[83.09921151198483,27.461955326683434],[83.09865305523802,27.46193588167183],[83.09841715621202,27.46189605650525],[83.09712886840376,27.461858352849397],[83.09515357729758,27.46174393589932],[83.09455229280528,27.461744620436153],[83.09240512548575,27.46161100972675],[83.09163227774181,27.46159243863133],[83.09113853262967,27.4615531126931],[83.0889056457404,27.461457324826696],[83.08821845500671,27.46140093037745],[83.08770326509803,27.461399802981635],[83.08504103233592,27.461246997090736],[83.08340924285179,27.46120916678613],[83.08134798247428,27.461094061321717],[83.08083272944755,27.461095185015814],[83.08079133870991,27.461092683456652],[83.07928684661243,27.460999212496557],[83.0780846522443,27.46095969598857],[83.0779127139406,27.460978888297163],[83.07610923591223,27.460865471855104],[83.074906729144,27.46086421696299],[83.0746492597122,27.46082639178941],[83.07430557047748,27.460846709035756],[83.06932511152104,27.45973248571863],[83.06891714927933,27.45961913751804],[83.0688527503257,27.459675153758162],[83.06880973376457,27.459866710285855],[83.06883117837671,27.46002031812531],[83.06908858191356,27.460635937247723],[83.06951692496695,27.4611917896741],[83.07015965661715,27.462207278486083],[83.07065195854268,27.4631268637957],[83.0709308104557,27.463451460415765],[83.07114520105695,27.46364470517207],[83.071552724585,27.46389346713899],[83.0718961006286,27.464026633138506],[83.07204596788387,27.464219502627746],[83.07219621035323,27.464333349357798],[83.07236764693754,27.464564730545206],[83.07268926437662,27.464871510101823],[83.07326822505044,27.46538772600957],[83.07341828051115,27.465483442613493],[83.07365449142364,27.465733392428792],[83.07406176494548,27.466076869692632],[83.07479096862274,27.46655795162209],[83.0748078496167,27.466571581339092],[83.07541294624943,27.467036032813883],[83.07560607852632,27.4672088339039],[83.07594889092779,27.467630896779394],[83.07620654775118,27.467801948398463],[83.07652835342823,27.467898853324233],[83.07807448700602,27.4678977972652],[83.0785252154612,27.46797525917874],[83.07910486682276,27.46799489271393],[83.0792337895811,27.468013773283463],[83.0795555326443,27.468185199987555],[83.07992016503398,27.468474223982714],[83.08013474345005,27.468721673169494],[83.08034856953101,27.469257956288395],[83.08036913649717,27.46987201185401],[83.08032542908254,27.470562402058963],[83.08021726131552,27.47102209925991],[83.08025996447965,27.471175894262654],[83.08034568228213,27.471329940170524],[83.08043140087563,27.47140496271349],[83.08079115760931,27.471662352106797],[83.08086062083096,27.47171249231352],[83.08105356571919,27.47182665153415],[83.08131122316301,27.471923056473177],[83.08189056109283,27.472096172288545],[83.08259926012,27.472229526547846],[83.08343663152506,27.472304989652386],[83.08408061883297,27.47238370286687],[83.08448839383043,27.472573697716182],[83.08547531692533,27.473148933680427],[83.08605465397831,27.47355224197573],[83.08727716269898,27.474643630305692],[83.08800630326826,27.47541123446777],[83.08822069340907,27.47569700650375],[83.08837074829262,27.475716075514068],[83.08873626051614,27.47535284507879],[83.08912359302205,27.474949103177444],[83.08946803605026,27.474337424746825],[83.08987643896165,27.473992512759907],[83.09022069255481,27.47355007187149],[83.09030647521716,27.47351231099964],[83.09049985956833,27.47333976125921],[83.09060758808334,27.473205034572135],[83.0908012858806,27.472840677877144],[83.09114528943287,27.472592356267853],[83.09148866655799,27.47265100053278],[83.09191851329253,27.47249583116851],[83.09217617126933,27.47243881606758],[83.09277751852001,27.472399869255597],[83.09299215976911,27.472419313277783],[83.0943018923473,27.472630943382153],[83.09516045838194,27.472821565570822],[83.09550414745738,27.4729569819957],[83.09582582841743,27.473033568360748],[83.09629831458169,27.473205871083483],[83.09715694377522,27.473301715573754],[83.09870470252088,27.473318476886053],[83.09896273541959,27.473279591012638],[83.09913467444822,27.473298722860235],[83.09962923170741,27.473279343504483],[83.1002313301207,27.473183881034696],[83.10091952149307,27.473163502561395],[83.10195152927008,27.472989580994103],[83.10298353576738,27.472892369498716],[83.10401566770096,27.472700379680017],[83.10444588936906,27.472585785169745],[83.10466078228225,27.47249013252041],[83.10478989209876,27.472488695442205],[83.1048974318349,27.472450997294434],[83.10537029462367,27.472449561633166],[83.10734840124886,27.47216198457351],[83.10799370209693,27.472123225895036],[83.10885377010665,27.472083592884264],[83.10982125376533,27.471985943772747],[83.11042341330865,27.472005576446463],[83.1106813826983,27.472099792493328],[83.11083200086654,27.472215827939774],[83.11117631214623,27.472865832666198],[83.11123695902111,27.47295648440933],[83.11143452973785,27.47324888399316],[83.11160671707462,27.47359304824819],[83.1116496688898,27.473880007047253],[83.11180047182795,27.474397785040022],[83.1120370571156,27.474798779253632],[83.11201561120598,27.474875364310996],[83.11204899906085,27.474853045081645],[83.11211002112587,27.474932443402725],[83.11221424628526,27.474991774195484],[83.11233022511979,27.475283672503448],[83.11239331125702,27.475304366340076],[83.11247321507916,27.47544259484496],[83.1127636935796,27.47614186413342],[83.11317602955361,27.47699986779265],[83.11327706598102,27.477138221085458],[83.11340123628578,27.477238313573693],[83.1139110484756,27.477331843753348],[83.11524560271477,27.47766307109517],[83.11639471382696,27.477837377493927],[83.11728366563618,27.47807770099715],[83.11766586880445,27.478147848974572],[83.11798655040995,27.478158978098087],[83.11844253173312,27.478021814576902],[83.11876402577492,27.47801256319402],[83.1197371983464,27.47779750370591],[83.12005944240882,27.47776799659581],[83.12096846675028,27.477550248870887],[83.1214210097179,27.477489920748596],[83.1219408901204,27.477353257083745],[83.12247339993868,27.4772527926584],[83.12263183324464,27.477222159279126],[83.12352116280242,27.476965900167965],[83.12515470680471,27.476330657576344],[83.1254799531768,27.47624469607901],[83.12574142497894,27.476137978496094],[83.1260005837258,27.476089965341764],[83.12628862822778,27.475870527185517],[83.12647088206236,27.476106409226727]]]}},{"type":"Feature","properties":{"province":"Lumbini Province","district":"Kapilvastu","municipality":"Mayadevi Rural Municipality","ward":"2","wardNumber":2,"sourceMunicipality":"Mayadevi","sourceType":"Gaunpalika"},"geometry":{"type":"Polygon","coordinates":[[[83.15566070152235,27.51961468518159],[83.1557307277686,27.51948195877492],[83.15581176415023,27.51810336674505],[83.1560970632536,27.516963032168153],[83.15621504726138,27.51621893935369],[83.15629157708214,27.515935043247108],[83.15630158218863,27.51570485149372],[83.15637811178341,27.515418642285535],[83.15638805447695,27.515190763150915],[83.15664684245485,27.514163087222464],[83.15668298235663,27.513820298481086],[83.15687255743445,27.512905030488984],[83.15691369980541,27.512447146096516],[83.15722431809745,27.511708680526418],[83.1575220554391,27.51125904951202],[83.15819118011808,27.5106491855756],[83.15846271994752,27.510312274758718],[83.15888919238039,27.509865707685798],[83.15958032607352,27.50923790125908],[83.15991864029623,27.50884722500408],[83.16005706752765,27.508620096463748],[83.16021325125551,27.508472053418735],[83.16052017744786,27.508311382401885],[83.16057407280998,27.508250802470698],[83.16137811954985,27.508251118426237],[83.1613643654882,27.508108826115226],[83.16133504349433,27.5078016735987],[83.16121387522227,27.507624933797924],[83.16117879999668,27.507450882019562],[83.16114841547366,27.50716179662827],[83.16098066914202,27.50658075062256],[83.16093140186892,27.506235086454467],[83.16094710003041,27.505373020218144],[83.16087401199073,27.505081434332514],[83.16101006284948,27.50491294841584],[83.16118200076924,27.504900445497867],[83.16152268904698,27.504949898098015],[83.16173995778044,27.50488125416534],[83.16200755793363,27.504643622419554],[83.1620940900587,27.504626055078013],[83.16246860369938,27.50439130083183],[83.16311178145689,27.5038985954546],[83.16318099511932,27.50378618775296],[83.16318862443299,27.50361470012703],[83.16293916263686,27.502457608990362],[83.16299712288715,27.502114883586128],[83.16321233054524,27.501606047760916],[83.16361829447175,27.50114353787827],[83.16384969455775,27.500749923150746],[83.16392153468819,27.500581124211525],[83.16392728780886,27.50044570919566],[83.1639603006835,27.50017956818775],[83.16413280472139,27.49967048198936],[83.16415531331691,27.4996232186727],[83.16429767929556,27.499330695802733],[83.16436820899366,27.498703636874023],[83.16451157596188,27.498363599656447],[83.16459066911845,27.498021062118482],[83.16458441891193,27.497677961174727],[83.16457128959492,27.497486029163056],[83.16459936373278,27.49733273457747],[83.16479068654453,27.496882477693752],[83.16504621980052,27.496432596622267],[83.16524960938584,27.496190026141218],[83.16549257440259,27.4960267287616],[83.16564982131791,27.495860618915103],[83.16581963619626,27.495407986482558],[83.16597950844825,27.495183232802454],[83.16633858045202,27.494813001068177],[83.16641004565678,27.49464413875369],[83.16644149595541,27.49441632225672],[83.16638091313632,27.493840464715408],[83.16642999698087,27.493211030572144],[83.16633940577654,27.4923460260779],[83.16628513642,27.492115457502166],[83.16627126205563,27.49096655786974],[83.16622199493261,27.490620893764667],[83.16621443347493,27.489817344546335],[83.16617667017213,27.489702060352517],[83.16619655530371,27.489243988881167],[83.16612884425106,27.488839557110932],[83.1661174692321,27.488112718628503],[83.16616467461948,27.488018190624206],[83.16629803668577,27.48790840949271],[83.16680428765564,27.487599945887627],[83.16721994209621,27.487406077880287],[83.16750717402566,27.487204644350307],[83.1675532545532,27.487130435312643],[83.16786380764742,27.48689305423084],[83.16811327621633,27.48657627509343],[83.16781035597867,27.485667131561666],[83.16763266690812,27.485316214837155],[83.16739501688402,27.485364477946064],[83.16732892993576,27.485400175895887],[83.16693903454185,27.485501704710693],[83.16521083206749,27.48582316732836],[83.16460341997963,27.485993277735446],[83.16434476155551,27.486021097197415],[83.1641553789429,27.486083177049217],[83.16408403953639,27.486107559383328],[83.1639118507095,27.48612006218933],[83.16304521706749,27.486338372593224],[83.16175080023541,27.486540489706364],[83.16140273355411,27.4866625242682],[83.16079607135835,27.48681231606906],[83.16053691332377,27.48686045427234],[83.16027744171026,27.486908529613007],[83.15974105608291,27.486927845577345],[83.15930889582842,27.487008805560404],[83.15870223413775,27.487158597179814],[83.1579255717933,27.487284818778267],[83.15580290994107,27.48780240025635],[83.15502668432967,27.48790830279731],[83.15445247250821,27.487983822727475],[83.15433692949244,27.48799895179434],[83.15411966150168,27.488067596535558],[83.15290896334973,27.488310787748713],[83.15264824102839,27.48839718761768],[83.15152213594186,27.48866344900752],[83.14875773784327,27.489156707859166],[83.14789022811482,27.48939296134913],[83.14599052520789,27.48970860909095],[83.14512389090325,27.48992679498897],[83.14466784724685,27.490063896089715],[83.14410445090303,27.49021618807614],[83.14321580888063,27.490454505209446],[83.14161846687094,27.49074708431614],[83.14077246567395,27.490985651581884],[83.14044590688661,27.491110061344045],[83.14003638014523,27.491173015955376],[83.13849049616219,27.491255971238097],[83.13782174868635,27.4913669393701],[83.13709304207866,27.49138043974204],[83.13698687747538,27.491357308367085],[83.13552596267424,27.49146327064527],[83.13449852077277,27.49144794990803],[83.13415895758692,27.49137811554078],[83.13355986184271,27.49135866958114],[83.13330257869957,27.491368296470462],[83.13321529660222,27.491403868864374],[83.13291337238448,27.491451631757815],[83.13281877352091,27.491658692235134],[83.13278407144195,27.491965470216602],[83.1328859216456,27.492083442583574],[83.1330314117077,27.492183660358286],[83.13349702067569,27.492315200743377],[83.13363926006154,27.49249212829322],[83.13361462596427,27.492568713141626],[83.13350239580245,27.492678557370407],[83.13302440660522,27.492835914327937],[83.13287166184547,27.49290718432777],[83.13280407393592,27.49298126848878],[83.13283933580787,27.493155256794658],[83.13302509174726,27.49331442972327],[83.13331038329092,27.493650217133414],[83.13328224676007,27.49380351161776],[83.13312262378095,27.494028265269016],[83.13290191672796,27.494173556707906],[83.13275154864705,27.494188435899307],[83.13262575194682,27.494126729001227],[83.13248351308499,27.49394761382391],[83.132472072794,27.493717233648866],[83.13239742134425,27.493466221930117],[83.13231520412874,27.493386760968203],[83.13214482820047,27.493360877420727],[83.13145063403908,27.493568685816843],[83.13083840557223,27.49385376707923],[83.1305230379521,27.494208432542955],[83.13033878059981,27.494509707525967],[83.13002841491553,27.494747026657656],[83.12994100449713,27.49528143294874],[83.12990861350575,27.49602827680147],[83.12968934262481,27.496634079501572],[83.12952859448221,27.496879088185388],[83.12971259567426,27.497575418512298],[83.12984989583215,27.497867442722008],[83.1298775287634,27.49821291940044],[83.12973941418889,27.498437734342776],[83.1294043514686,27.49875388880417],[83.1294009119128,27.498830661006107],[83.12952433259738,27.49894875864208],[83.12982044144881,27.499036410662608],[83.1299650562659,27.499154633795758],[83.13012692783836,27.499372323080948],[83.13044035514227,27.4995548785505],[83.13054220450043,27.499672850773347],[83.13052063212683,27.500171560078854],[83.13043634814035,27.500629193878456],[83.13051362602057,27.50082375154035],[83.13063548205788,27.50098029758641],[83.13079310183396,27.50129270308527],[83.13089657678248,27.50137235155144],[83.13106613967551,27.501416302532995],[83.13142077194604,27.501140973235263],[83.13158464627918,27.500821442670947],[83.13171888407719,27.50069134261567],[83.13184887037319,27.50065601995195],[83.13199692494123,27.50069984586775],[83.13219261924061,27.501129910840163],[83.13237599910339,27.501345474326545],[83.13300522985782,27.50165406761058],[83.1331858574478,27.501928274435258],[83.13330665095764,27.502105076246167],[83.13334116350867,27.50229944613743],[83.13337655027101,27.50247343492139],[83.13378494857302,27.50292738220419],[83.13412369585976,27.50351405617613],[83.13436715966773,27.503829274713784],[83.13439741972837,27.504118359630475],[83.13421472581322,27.504379060963203],[83.13408467708871,27.504414383565333],[83.13384277487437,27.504559549798987],[83.13326580964188,27.505018682394418],[83.13315201674361,27.505169226060506],[83.13289585641903,27.505639363134602],[83.13286115498005,27.50594382745391],[83.13290298076171,27.50646316762007],[83.13284758333978,27.506749501965963],[83.13277599370733,27.506920614686614],[83.1325940502013,27.507163247527235],[83.13210755653094,27.507510034779138],[83.13204009317403,27.507586369756797],[83.13201445875303,27.50768095995981],[83.13223241148613,27.508090894043896],[83.1323441393836,27.50824956582973],[83.13245192831606,27.508462378425335],[83.13269113970101,27.50887237541655],[83.13278804975067,27.509105506609643],[83.13284957228944,27.50916452437456],[83.13302457188604,27.509574082733035],[83.13302869672555,27.50997595120132],[83.13297830173036,27.510147188445753],[83.13296823523098,27.510377318837634],[83.13287013438956,27.510661088951558],[83.13286513214435,27.5107761850227],[83.13292202707393,27.51095029935088],[83.13306164033,27.511185931185118],[83.13343158740334,27.511542600305006],[83.13376577287899,27.511745535927286],[83.13429115339667,27.511974480668773],[83.13456194030196,27.512156660533222],[83.13484529240709,27.51253089637415],[83.13503217383698,27.51267200118673],[83.13535297926629,27.512683005149267],[83.13550766193099,27.512571098451417],[83.13562727083081,27.51228745255095],[83.13580346358691,27.51168140013695],[83.13584966883731,27.51160500298049],[83.13591544279846,27.511569242764658],[83.13606618612009,27.511554427003425],[83.13672886622358,27.512075395010285],[83.13690380357832,27.512484953671255],[83.1371541450252,27.512646751850653],[83.13740992774974,27.512675449339465],[83.13749220771047,27.512754972769557],[83.13764913903299,27.51308544524521],[83.13772597621143,27.51377883684617],[83.137825574178,27.513953263835845],[83.13788790942961,27.51399427595868],[83.13799326119015,27.514035538603995],[83.1381660122755,27.514002717257267],[83.13849444775556,27.513842296389846],[83.13892404332965,27.51381785330914],[83.13934601157648,27.513967148699404],[83.1395745329995,27.51412657166371],[83.13970520361805,27.514572015222026],[83.13949862556716,27.514891233519194],[83.13942672303872,27.51506228352264],[83.13938789474335,27.51546383896641],[83.13931324088638,27.515709410274283],[83.13915243018356,27.515954419907533],[83.13899774756767,27.516064076256246],[83.13863161203851,27.516109213049138],[83.13827923019721,27.516328213427414],[83.13778073279985,27.516465064156694],[83.13758228400265,27.516592475712958],[83.13753607857524,27.516666684948834],[83.1374718028912,27.51716283012733],[83.13714980585026,27.517670915777547],[83.13706183565643,27.51772455664024],[83.1366797551929,27.51813298747324],[83.13648436715572,27.51868246027618],[83.13634619068269,27.51890958905143],[83.1362257698101,27.51921130275987],[83.13615843130972,27.51928532368656],[83.13603725968763,27.519607355838577],[83.13602481670154,27.519893939940637],[83.13605914069456,27.520088247191886],[83.1361175995262,27.52022403718342],[83.13705419691838,27.519870936720153],[83.13775270744017,27.519568288665784],[83.1387016836623,27.519429751760555],[83.13934485857084,27.519411123773462],[83.14045576906778,27.519487963372352],[83.14086379498706,27.519463395256743],[83.14242624776531,27.519495535814684],[83.14467907999571,27.519419146940454],[83.14544923980215,27.519444156978675],[83.14632725232597,27.519454039120436],[83.14697048951064,27.519437661252777],[83.14799730669004,27.519473301246865],[83.14832011391695,27.51944366829486],[83.14902593649092,27.519468303489393],[83.14947679073133,27.519443923575018],[83.1501129008545,27.519601284638043],[83.15036874552503,27.51962766851383],[83.15068529861729,27.51973570148352],[83.15100535497751,27.51976471065341],[83.15151460532222,27.51987843344736],[83.15222080284043,27.51990075528379],[83.15338091978174,27.51982430015751],[83.15389829875102,27.51974621653305],[83.15454178682958,27.519729777184804],[83.15512450297749,27.519634000741718],[83.15566070152235,27.51961468518159]]]}}]}