{"type":"FeatureCollection","features":[{"type":"Feature","properties":{"province":"Madhesh Province","district":"Dhanusha","municipality":"Ganeshman Charnath Municipality","ward":"9","wardNumber":9,"sourceMunicipality":"Ganeshman Charnath","sourceType":"Nagarpalika"},"geometry":{"type":"Polygon","coordinates":[[[86.11701787337711,26.871368401050564],[86.11707358157618,26.871368712669472],[86.11717649327579,26.871369399328284],[86.11739751036113,26.871264678833878],[86.11860225695355,26.8707010647633],[86.11924486167064,26.870273933362512],[86.1200870980223,26.869464311840844],[86.12061816141897,26.86905449903472],[86.12196783405783,26.868288636147103],[86.12248126841469,26.868052562009783],[86.12308361123314,26.867864438327864],[86.12334320394893,26.867660626659593],[86.12357415996003,26.867406987450142],[86.12373821815284,26.867225182274048],[86.12432505294768,26.86685181680096],[86.12496647194472,26.86657585418635],[86.12556168558893,26.866213867530252],[86.12726986602325,26.86566912902218],[86.12839383060101,26.864985292079268],[86.12867636721609,26.86465975629437],[86.12925532075329,26.863992929505354],[86.12970522876454,26.86337718238115],[86.12991830102943,26.86290897977587],[86.12997856785957,26.862514300978017],[86.13079009174338,26.860634491304292],[86.13125137570069,26.85984050334979],[86.13248375086332,26.858712661140764],[86.13252845366905,26.858672336265567],[86.13317281071382,26.858376055013807],[86.13478764482545,26.857873454199495],[86.1360018960939,26.857393364643862],[86.13798917294882,26.856439315357836],[86.13866685398206,26.85605294483519],[86.14073533421086,26.853927863491723],[86.14141663812472,26.85330673697781],[86.14279256780705,26.852432404795465],[86.14350682193505,26.851831846097195],[86.14476708629985,26.851105808424563],[86.145734493748,26.85042547442635],[86.1458726054646,26.850342760836476],[86.14569647008527,26.849578726032156],[86.14566019638322,26.84874785713803],[86.14543579605385,26.848263467393497],[86.14542354066378,26.848220517345005],[86.14514492741529,26.847234667804628],[86.14437857184059,26.846123974431364],[86.14358614873416,26.845446532693277],[86.14325046032013,26.845160077220243],[86.14278510000693,26.84492707518857],[86.1416473038892,26.844498085680534],[86.14040753460579,26.84422420492213],[86.13942842592472,26.844130248655066],[86.13773312096816,26.844271182186304],[86.13673845053518,26.844770775639958],[86.13542792242677,26.845816907627558],[86.1347192984612,26.846679417793606],[86.1343702420116,26.847370311524816],[86.13394327803942,26.847798754228375],[86.1333339355604,26.84821038092186],[86.13171953350675,26.848218586485995],[86.13031689398116,26.84812876082871],[86.12938255352084,26.848220047139925],[86.12821850399614,26.848235500297843],[86.12676284402107,26.84800750986421],[86.12591209207679,26.8476976141531],[86.12541621895527,26.847344703331324],[86.12543154050388,26.84764272806678],[86.12574704089037,26.848504728115977],[86.12596806954303,26.84930058423534],[86.12661202874921,26.852347347774344],[86.1266277851915,26.852421932378522],[86.12681592204089,26.852912887107106],[86.12685675086007,26.853007977237695],[86.12686756780374,26.8530328593426],[86.12690214394415,26.85311206961993],[86.12700987346001,26.853381335410447],[86.1274583599106,26.854180940710975],[86.12722796588673,26.854414261202933],[86.12692379328054,26.85455461860416],[86.12621360376643,26.855121291502854],[86.1260744297504,26.85528971700408],[86.12541644372608,26.855691966271454],[86.1247117552683,26.85626551735606],[86.1236236782512,26.85690884084258],[86.12357390957854,26.856913093213358],[86.12219834536194,26.857015135964545],[86.12096320146398,26.856535757586126],[86.12009062403304,26.85586219283541],[86.11987579249539,26.85561480951043],[86.11956836569807,26.85542556977761],[86.11892987524463,26.854834714785518],[86.11865501932532,26.854415406443774],[86.11772147752784,26.853292273013086],[86.11755829172033,26.853162611474215],[86.11651922437494,26.85316293455198],[86.11568110847334,26.853376755030578],[86.11515116499893,26.853400455012714],[86.11429129217082,26.853738187147716],[86.11486244510718,26.854319602093096],[86.11761991602623,26.856460892178635],[86.12226190458472,26.859961250866768],[86.12315093082672,26.861151841606304],[86.12249850616531,26.86121774204018],[86.12131182557987,26.861551226504638],[86.11980128365099,26.862338659788115],[86.11952011835332,26.862406932648728],[86.11774129198356,26.863350664767033],[86.11434051347938,26.865631866766517],[86.11408267258142,26.86586049897185],[86.11335497327781,26.866217110334638],[86.11299765900102,26.866612167699202],[86.11289106087291,26.86688912510096],[86.11277802720456,26.867509182602973],[86.1126027825329,26.868117487889602],[86.11313710652094,26.868425573945668],[86.11349667767422,26.86859261896566],[86.11400605350579,26.868713150146345],[86.11453775086622,26.868960280043677],[86.11494590347871,26.869312691402016],[86.11575289029454,26.869608896417922],[86.1165646993163,26.870697457875103],[86.11670857028913,26.871172346319213],[86.11679791849836,26.87145730430253],[86.11690658332468,26.871401536326044],[86.11701787337711,26.871368401050564]]]}},{"type":"Feature","properties":{"province":"Madhesh Province","district":"Dhanusha","municipality":"Ganeshman Charnath Municipality","ward":"10","wardNumber":10,"sourceMunicipality":"Ganeshman Charnath","sourceType":"Nagarpalika"},"geometry":{"type":"Polygon","coordinates":[[[86.11651922437494,26.85316293455198],[86.11755829172033,26.853162611474215],[86.11772147752784,26.853292273013086],[86.11865501932532,26.854415406443774],[86.11892987524463,26.854834714785518],[86.11956836569807,26.85542556977761],[86.11987579249539,26.85561480951043],[86.12009062403304,26.85586219283541],[86.12096320146398,26.856535757586126],[86.12219834536194,26.857015135964545],[86.12357390957854,26.856913093213358],[86.1236236782512,26.85690884084258],[86.1247117552683,26.85626551735606],[86.12541644372608,26.855691966271454],[86.1260744297504,26.85528971700408],[86.12621360376643,26.855121291502854],[86.12692379328054,26.85455461860416],[86.12722796588673,26.854414261202933],[86.1274583599106,26.854180940710975],[86.12700987346001,26.853381335410447],[86.12690214394415,26.85311206961993],[86.12686756780374,26.8530328593426],[86.12685675086007,26.853007977237695],[86.12681592204089,26.852912887107106],[86.1266277851915,26.852421932378522],[86.12661202874921,26.852347347774344],[86.12596806954303,26.84930058423534],[86.12574704089037,26.848504728115977],[86.12543154050388,26.84764272806678],[86.12541621895527,26.847344703331324],[86.12534738068348,26.84729462652474],[86.12516906016971,26.84688044432135],[86.12509928384362,26.846794231865783],[86.12460384611776,26.846174929928612],[86.12369744161359,26.845286802937718],[86.12357408380367,26.845254419752802],[86.1233113614325,26.845182901318086],[86.12302743989245,26.84475446556248],[86.12274558231944,26.844384797381856],[86.12265973693867,26.84425782305179],[86.12248854695319,26.844026506368465],[86.12213060020274,26.843692536749398],[86.12104931813472,26.84268812777913],[86.12038481611734,26.84193460038625],[86.11982510481775,26.84137806711969],[86.11952417853125,26.841080544807987],[86.1193933797298,26.840953321145545],[86.11922806692144,26.84077170684931],[86.11898822622678,26.840546768496182],[86.11796671457738,26.839427574278968],[86.11657387284117,26.837721461562943],[86.11621674060117,26.837538661775614],[86.11613070966133,26.837558480769815],[86.11612795867772,26.837630689776745],[86.11612552134342,26.837698397361986],[86.11640469508563,26.838492376998794],[86.11637962816819,26.838839792604706],[86.1158633216151,26.839470919601986],[86.11501314545313,26.84027372628681],[86.11470172278376,26.840567503241065],[86.11432733887372,26.840813453931442],[86.1137584488471,26.841286160562674],[86.11369073791806,26.841378313257536],[86.11355525379157,26.841564806479035],[86.11284475188435,26.84224657636048],[86.11213006037248,26.842819939018597],[86.11142068005533,26.843228565769316],[86.11117034248517,26.843506899682048],[86.11082891091503,26.84396753871469],[86.109329079919,26.846472663827598],[86.10927831141076,26.84652655512087],[86.10803637271343,26.847814382599793],[86.10671497472217,26.849656998123027],[86.10550485999903,26.850931509454334],[86.10544616005178,26.851680542031193],[86.10550449878399,26.852141364526837],[86.10570270523766,26.852894270899018],[86.10572809609492,26.85347906769887],[86.10552315761723,26.854378395821787],[86.10575626753321,26.856461068057133],[86.10605201827293,26.858027150248226],[86.10658322494263,26.85905532162762],[86.10667644838972,26.859236561712073],[86.10689521971976,26.859506451296717],[86.10712674712339,26.85999996919903],[86.10830106699196,26.861332349785897],[86.10913338341325,26.86227661864549],[86.11053616131042,26.863574299024272],[86.11068365480078,26.86379192403897],[86.11117966196625,26.864887553196017],[86.11135122783256,26.865161695114335],[86.11151716716756,26.86542683363787],[86.11178933716228,26.8661531689426],[86.11196121577326,26.866420558374372],[86.11205657631682,26.86755201470005],[86.11214911323034,26.867782831824876],[86.11243984751886,26.8680239627779],[86.1126027825329,26.868117487889602],[86.11277802720456,26.867509182602973],[86.11289106087291,26.86688912510096],[86.11299765900102,26.866612167699202],[86.11335497327781,26.866217110334638],[86.11408267258142,26.86586049897185],[86.11434051347938,26.865631866766517],[86.11774129198356,26.863350664767033],[86.11952011835332,26.862406932648728],[86.11980128365099,26.862338659788115],[86.12131182557987,26.861551226504638],[86.12249850616531,26.86121774204018],[86.12315093082672,26.861151841606304],[86.12226190458472,26.859961250866768],[86.11761991602623,26.856460892178635],[86.11486244510718,26.854319602093096],[86.11429129217082,26.853738187147716],[86.11515116499893,26.853400455012714],[86.11568110847334,26.853376755030578],[86.11651922437494,26.85316293455198]]]}},{"type":"Feature","properties":{"province":"Madhesh Province","district":"Dhanusha","municipality":"Ganeshman Charnath Municipality","ward":"3","wardNumber":3,"sourceMunicipality":"Ganeshman Charnath","sourceType":"Nagarpalika"},"geometry":{"type":"Polygon","coordinates":[[[86.09307696019383,26.894911354455825],[86.09541011804126,26.894199436124175],[86.0961794000855,26.894296894857316],[86.09697031731014,26.89452995570961],[86.09822177611078,26.8946642954463],[86.0992759716667,26.89443403092433],[86.0992437674922,26.893964267969793],[86.09918830432687,26.893530578452413],[86.0991836744184,26.893243869877686],[86.09919642187623,26.89262775114423],[86.09932501883033,26.89160601213948],[86.09962293149378,26.890860790947983],[86.09967107270694,26.89074144294083],[86.09990715389122,26.890336634087564],[86.10025258810562,26.88994832918027],[86.10085361702768,26.88960228417214],[86.10089488207241,26.889588967477266],[86.102853090022,26.88895582575056],[86.10692488702355,26.8885707359976],[86.10721330418852,26.888480018905256],[86.11016456483684,26.888010978503786],[86.11072164201597,26.88787905909902],[86.11137525184532,26.887515258995876],[86.11217603544766,26.886716703769707],[86.11353557218507,26.884754615181063],[86.11389181950129,26.884142869070235],[86.11426138095216,26.883156513191413],[86.1143433474782,26.883057734014987],[86.11439417734863,26.882994902169393],[86.11468765445545,26.88255420777582],[86.1147259762524,26.88213464689448],[86.11461454561265,26.88095123741436],[86.11436418943804,26.87964266840025],[86.11410396109771,26.87899998240834],[86.11383384057545,26.87719708014823],[86.11404302257817,26.87549414067679],[86.11466454533733,26.87410979063849],[86.11532952680332,26.87312074430967],[86.11471261058503,26.872866362227445],[86.11446214223358,26.87266393061344],[86.11379214276612,26.87235272084265],[86.11283453848968,26.872010441668134],[86.11253974131512,26.87185058540412],[86.11044559278982,26.87111513915244],[86.10985299769537,26.870849567115012],[86.10965917673566,26.870852882108107],[86.1096645545737,26.870884516120757],[86.10876073170522,26.871513147438556],[86.10818271113493,26.87180292540894],[86.10741837253195,26.87209389282978],[86.10704211101617,26.872163666685676],[86.10681903238608,26.87241055433812],[86.10670649571696,26.872798106325845],[86.10656101737676,26.873853605016457],[86.1065851142939,26.876045498735067],[86.10651241199359,26.877060797868566],[86.10639044015865,26.87791548751833],[86.10406667004443,26.87928910030143],[86.10281671909162,26.87986796998835],[86.10134774226735,26.87964429251929],[86.10057058454477,26.879756708164248],[86.10030654988093,26.879759586701972],[86.09994479372509,26.879793349898595],[86.09955002568597,26.8799330824014],[86.09938133975788,26.879977159289258],[86.09708925448591,26.880190556579624],[86.0948461239509,26.880415518811507],[86.09235159538721,26.881158010561713],[86.08969544388707,26.881721076189304],[86.08819295798305,26.881794924080488],[86.0877645516102,26.88181699736629],[86.08518266791397,26.881671729052474],[86.08314930073716,26.881789532692924],[86.08189284040382,26.881749782531802],[86.08161511451708,26.88174122084379],[86.08085708975378,26.881934909870587],[86.0806811544534,26.882281388075324],[86.08065227599621,26.88290194514316],[86.08072480323752,26.88300172419056],[86.08073443220913,26.883055990091904],[86.08089256352343,26.88397119449623],[86.08078566605666,26.885403804073462],[86.08067681601517,26.885558850542047],[86.08040284315089,26.8857376557022],[86.08037583302983,26.885769102531267],[86.08021415109472,26.885955346216004],[86.08009911302362,26.886293196131774],[86.08012731881443,26.88693444740956],[86.08018202796487,26.88709505652071],[86.08021366491522,26.88715175990041],[86.08039998403335,26.88726579205611],[86.0808716575725,26.887307174088352],[86.08125735916565,26.887158439886946],[86.08189290454433,26.88717387568108],[86.08190384593553,26.887173938074103],[86.0838949512291,26.887326777035476],[86.0853089052229,26.887349457543174],[86.08625031381077,26.887439037493515],[86.08766514649778,26.88771222903133],[86.08928849038034,26.88776104120542],[86.09158051935202,26.888008153915717],[86.0932496929001,26.88803702181123],[86.09555929062566,26.88828876109581],[86.09579099983772,26.888321831048554],[86.0958051955909,26.888554399513904],[86.09571128865142,26.888768338542985],[86.09534822327227,26.88915420502218],[86.09291816151772,26.890353017278464],[86.09179288439317,26.891174207172867],[86.09111345789913,26.89196669574935],[86.09097991394898,26.89241276539646],[86.0909649799244,26.893137228414858],[86.09111235076412,26.893560288692946],[86.09138126589694,26.89393889732546],[86.09207146375131,26.894557322811217],[86.09284325165021,26.895056587362333],[86.09284837798458,26.8950408323158],[86.09307696019383,26.894911354455825]]]}},{"type":"Feature","properties":{"province":"Madhesh Province","district":"Dhanusha","municipality":"Ganeshman Charnath Municipality","ward":"1","wardNumber":1,"sourceMunicipality":"Ganeshman Charnath","sourceType":"Nagarpalika"},"geometry":{"type":"Polygon","coordinates":[[[86.07450470904989,26.95187369496347],[86.07492617564932,26.95181779914632],[86.07562849798045,26.952111254334906],[86.07579062213907,26.952261296368015],[86.07638366237333,26.953206442990233],[86.0766488873586,26.95346095297509],[86.07704972281996,26.953497460049178],[86.07739559762005,26.9533755462907],[86.07768351264926,26.95311334167635],[86.07776184906675,26.95273241590406],[86.07771351643835,26.95251985391239],[86.0769492830732,26.95113576751036],[86.07637537694339,26.95043006549638],[86.07631910128443,26.949994001026454],[86.07665396595323,26.94931229704579],[86.07696551288362,26.948908050951147],[86.07725274051263,26.948699987180234],[86.07751864964222,26.94867685224448],[86.07776768057073,26.94887490835505],[86.07834102935406,26.950036493681385],[86.07905210903454,26.95056483015995],[86.07927212681854,26.950568516329987],[86.07959868305954,26.95052550051025],[86.08028461917111,26.95027266993744],[86.08115517858111,26.949495058344535],[86.08189350803036,26.9492583572321],[86.082292215363,26.949130002887337],[86.08260595465993,26.949107243443663],[86.08286079805059,26.949129184985768],[86.08440355097119,26.94920913165128],[86.08511862316338,26.948969991676286],[86.08613067965678,26.94883431737122],[86.086332689393,26.948734036127355],[86.08654257752131,26.948627065238057],[86.08670469724656,26.94844075891201],[86.08709664626998,26.947851895213176],[86.08711771364747,26.947624077593215],[86.08709851867884,26.947578814488537],[86.0870641299289,26.947513108031764],[86.08693533155915,26.947388135213618],[86.08675157179007,26.946989707590866],[86.08633347920832,26.946797404796474],[86.08597415472802,26.94633683572117],[86.0853661188562,26.94626744574921],[86.08502424171324,26.94610727747342],[86.08476983395906,26.945909221015565],[86.08464359754856,26.945633016447612],[86.08471117740781,26.94506015972928],[86.08490693051851,26.94452643897609],[86.08523835896419,26.944068113573003],[86.08558829595488,26.943736325971756],[86.08654376357842,26.943157896612693],[86.0872733982957,26.94254864843722],[86.0877127447378,26.942359588660846],[86.0880316079299,26.942065937315906],[86.08775450011517,26.941520153944182],[86.08717153089141,26.941037893688947],[86.08681796137597,26.94084377708298],[86.08654329747736,26.940778760445667],[86.08583153821453,26.94085091381065],[86.08559426353854,26.9408042772805],[86.0852642653948,26.940648609287628],[86.08512114648715,26.94028206585218],[86.08529289430138,26.940030365004315],[86.08589242482309,26.939973280474945],[86.0863695962974,26.939714512124258],[86.0868435766808,26.93922092491898],[86.08750324325314,26.93810790428231],[86.08757945266618,26.937600567811447],[86.08745202579966,26.93723633688766],[86.08668104590105,26.936330765845373],[86.08629990492302,26.9362018562376],[86.08610820987009,26.936198357179176],[86.08573463357095,26.936071823355558],[86.08525445864494,26.93612065502022],[86.08495809880377,26.936014813752692],[86.08461447075614,26.935764368825755],[86.08431147963518,26.93538544779843],[86.08400892374816,26.934726632307825],[86.08390037879252,26.93424743001545],[86.08387842676981,26.933732653922235],[86.08395613685703,26.93318918177142],[86.08415195322785,26.93272091723748],[86.08538419322673,26.93075382748642],[86.08552824124719,26.93033495370268],[86.08541269510125,26.93002498866088],[86.08484191829828,26.92956529634933],[86.08422569005755,26.929310789916748],[86.0839926668777,26.929279908274285],[86.08353537505117,26.92934243080663],[86.08303694466565,26.92948141401186],[86.08206940256139,26.929497677750827],[86.08189308755736,26.929462669408334],[86.08160110513282,26.929402091930086],[86.08119464257885,26.929259553617108],[86.08066331941203,26.928980726868904],[86.08010423490651,26.928516658105757],[86.07980405779728,26.9281038520201],[86.07961429447109,26.92759701724743],[86.07961153432483,26.926770837258495],[86.07991957089133,26.925655506863613],[86.08035797118382,26.92473742068704],[86.08042393092671,26.924597941896298],[86.08054984147356,26.923743252362343],[86.08066269221364,26.92344378838003],[86.08097704276345,26.922251810013435],[86.08083283881571,26.91999358615258],[86.08070277657622,26.918721963939266],[86.08011548284325,26.91730736640425],[86.07995209888074,26.916378594973835],[86.07957569886065,26.915322038080376],[86.07944701489657,26.9142603524919],[86.07927156572086,26.913387910795844],[86.07922853729683,26.912356108229236],[86.07924632069067,26.909308962981623],[86.07905143350472,26.909005250833143],[86.07799466046453,26.908020971910858],[86.07743257005583,26.907234121460636],[86.07749652922574,26.90707201012381],[86.07791017547427,26.906632252612077],[86.07857671969401,26.90559600434384],[86.07877097300182,26.905159374357495],[86.07858520233297,26.903842238688007],[86.0786577163555,26.902777301037133],[86.07583731234708,26.902966570399045],[86.07050268072794,26.90359080376781],[86.07017593330181,26.903324478594655],[86.07010427700591,26.90296974978536],[86.07043882772392,26.90212093520909],[86.07085778428717,26.901381089312626],[86.0714093969482,26.899075594073267],[86.07102535178588,26.896502092282375],[86.07090599242889,26.896239453357442],[86.07046989536711,26.896232080639937],[86.06887193815322,26.896449596867004],[86.06767919004452,26.89645304611539],[86.06668001233584,26.896529891367415],[86.06612687194723,26.89647900591526],[86.06586914944192,26.896204115080483],[86.0658735238497,26.895980674398253],[86.06580030777528,26.89585151255315],[86.06576667058468,26.895885147918033],[86.06539466122469,26.89596848850002],[86.06470678768957,26.896219005716087],[86.06427381930132,26.896487025980583],[86.06401885540949,26.896837443229522],[86.06393320171499,26.897040066905813],[86.06392801442293,26.897283763188014],[86.06402311603422,26.89758678872418],[86.06457157795602,26.898588140456543],[86.06499561518879,26.8992252608543],[86.06521070349655,26.9000121776431],[86.06527079314291,26.900518200427452],[86.06522378035002,26.90083841983235],[86.06519021024363,26.901244539105907],[86.06506848434094,26.90177413383431],[86.06492531020466,26.90204177636522],[86.06476544525592,26.902575684112016],[86.06468818232298,26.903900136095626],[86.06466742654496,26.904046742186978],[86.0645702110725,26.90473000619623],[86.0644101111967,26.90656404607642],[86.06427950751016,26.907134214927694],[86.06388330873254,26.90781785725315],[86.0634315874694,26.90844235741234],[86.06296811586436,26.909294799477323],[86.06249782636229,26.90995756107493],[86.06154298955909,26.91101663030218],[86.06060471714741,26.911710155722222],[86.06006464738161,26.912008998516832],[86.05899269450468,26.912157676839566],[86.0575525463284,26.91244152345813],[86.05697646384976,26.912724362720585],[86.05658726257816,26.91303770791358],[86.05655943988602,26.913060152671264],[86.05641101493167,26.91345870779859],[86.05640407965531,26.913803997067838],[86.05648686207826,26.914068636867075],[86.05687394479229,26.914346589992434],[86.05753706508285,26.91454514177643],[86.0577494575296,26.91474288529204],[86.05783155169262,26.91489918089511],[86.05773702048107,26.915212335862712],[86.05804038704999,26.91567709465785],[86.05806358770302,26.91606770858154],[86.05797474774424,26.916498273610586],[86.05792491815711,26.91658367437371],[86.0577521688411,26.916695458972715],[86.05740948178192,26.916765357707877],[86.05710036870518,26.916761046348473],[86.05617071790009,26.916935419053086],[86.0558679219818,26.91719749910583],[86.05515042133322,26.918208426890835],[86.05467668928371,26.91855071981446],[86.05421871085161,26.918658193456434],[86.0541204260296,26.918743281836615],[86.05415162742649,26.919007608521383],[86.05452127614056,26.920091298926803],[86.05469752995472,26.920282040235772],[86.05537015385228,26.92050772544828],[86.0554660654711,26.92064157610275],[86.05499045890443,26.92109658982012],[86.05481064688496,26.921404619360825],[86.05474631462832,26.921763099965247],[86.05481553200124,26.92210663722138],[86.055047306077,26.922322636702653],[86.05584960148636,26.922483738962022],[86.05619154665278,26.92311579652252],[86.05618254918163,26.923553612659806],[86.0560968986022,26.92408801996317],[86.05599505209064,26.924371729359386],[86.05599017775153,26.924610924871125],[86.05602819388096,26.92473983728639],[86.05607539983569,26.92489819579952],[86.0562367836527,26.92596919657343],[86.0561804572071,26.926539864199448],[86.0557321187571,26.927683517189692],[86.05543045234634,26.928225491094917],[86.05539394042684,26.928306578331707],[86.05507538987945,26.928638428617457],[86.05493377910179,26.92893995603315],[86.05497674037673,26.92960390034577],[86.05492435286078,26.930222019623454],[86.05513825557844,26.931193990553798],[86.05492707337798,26.932930627444065],[86.05481610058862,26.933444529525474],[86.05497886272035,26.934691581501948],[86.05502077418758,26.936506739710822],[86.05491080050237,26.936855780136213],[86.05478494392392,26.93703777251574],[86.05430852581519,26.93762144873161],[86.05419848855925,26.937823884156685],[86.05400129467644,26.938181428069566],[86.05365887018813,26.939298759711455],[86.05370082636668,26.939605974069007],[86.05395230300032,26.940397704617805],[86.05391035450391,26.940824017491988],[86.05393105136423,26.940946052893842],[86.05407291936064,26.941224633986337],[86.05422616486294,26.941460389256722],[86.05425036441633,26.94166144790783],[86.0543905498045,26.94247949951568],[86.05487811197575,26.943209584126816],[86.05511545227073,26.94355649652318],[86.05633485311014,26.94495733412357],[86.05662402619542,26.945356511256676],[86.05680903633338,26.945824959640785],[86.0568335482297,26.946093725266433],[86.0567615282864,26.946605626164462],[86.056779225245,26.94690821519527],[86.05683368648292,26.947253940735337],[86.0570580249658,26.947765589575862],[86.05721765408744,26.948437034571988],[86.05790160541554,26.949649134592526],[86.05887666124393,26.950601405262013],[86.0591243187472,26.950998081472918],[86.05951890630122,26.951447585431143],[86.05991812991931,26.95274364969285],[86.06018580052546,26.95361215223629],[86.06035955314509,26.953773635697793],[86.06118955043978,26.954225948168887],[86.06184942775826,26.955191975642816],[86.0621111512379,26.955374276215235],[86.06238256800118,26.95582753183373],[86.06436774718307,26.957131771424855],[86.06527752174877,26.957467299062422],[86.06555893951294,26.95766329147114],[86.0665063613697,26.958705588318495],[86.066565946159,26.95876916937625],[86.06666198252773,26.958846565889253],[86.0667220030387,26.958783796683903],[86.06673307046742,26.958779295480486],[86.06732372086087,26.958516900761808],[86.0682601248437,26.958446308077544],[86.06909761598311,26.958187724551493],[86.06935589423938,26.957866628174983],[86.06957377983301,26.957254134010117],[86.0699197791452,26.957066762561777],[86.07114766520543,26.956975537180927],[86.07226369330516,26.956517891942497],[86.0726839069593,26.956274566726876],[86.07325536026185,26.95577722780414],[86.07354702335337,26.955221624196653],[86.07363591982349,26.95432160906288],[86.07350667554333,26.953492367336455],[86.07362452385168,26.952858867681773],[86.07387492168252,26.9523074525853],[86.07410187726762,26.952083260069205],[86.07450470904989,26.95187369496347]]]}},{"type":"Feature","properties":{"province":"Madhesh Province","district":"Dhanusha","municipality":"Ganeshman Charnath Municipality","ward":"4","wardNumber":4,"sourceMunicipality":"Ganeshman Charnath","sourceType":"Nagarpalika"},"geometry":{"type":"Polygon","coordinates":[[[86.08893705580691,26.941392355291033],[86.08938109173074,26.941183040016007],[86.09005602650045,26.94122573361993],[86.09051882047243,26.94119034396733],[86.09077885224413,26.94111300644643],[86.09117361999112,26.94099590524618],[86.09205205980165,26.940396658905488],[86.09341036578135,26.940100621756756],[86.09383251963625,26.940069483458057],[86.09414419346989,26.939868296170477],[86.0942976232296,26.939668423350312],[86.09435751535068,26.93928956171143],[86.09497553698878,26.937864700225415],[86.0950554374589,26.93755598351922],[86.09496058286905,26.936932301297638],[86.09499840633596,26.936693355822452],[86.09513757826207,26.93637601090052],[86.0956101208643,26.93585760449345],[86.09568839639255,26.935596276880737],[86.09569070280139,26.935068121676654],[86.09585325755451,26.934653873813375],[86.09641220568543,26.93408401398496],[86.09650329496384,26.93350903122279],[86.0970489878308,26.932977557660195],[86.0971628365575,26.932481723393668],[86.09747219454285,26.93209091827808],[86.09757310291451,26.93175300574817],[86.09754114753208,26.931217786054287],[86.0972391562536,26.93071476660786],[86.09681880931132,26.93028776975504],[86.09663736423008,26.92994804712016],[86.09667468612095,26.929569060049385],[86.09684174220737,26.92918863476696],[86.09754374349889,26.928705548226993],[86.09773193551722,26.92851486591443],[86.09780939770937,26.928194896397812],[86.09746982642326,26.92743204977953],[86.09742442478652,26.926564983869053],[86.09736283757823,26.926435883956458],[86.09698050067601,26.925625399629364],[86.09695411556558,26.925582324296464],[86.096428789036,26.924737018653467],[86.09635113352276,26.9246124201026],[86.09630623986537,26.92443830730916],[86.09631386375294,26.924061383736237],[86.09639295160721,26.92377973810048],[86.09643864929562,26.92322469950947],[86.09631341039034,26.9227386825664],[86.0963209712485,26.922379827934385],[86.09644988974196,26.92204435257221],[86.09660431893201,26.921830851173368],[86.09700858651239,26.921449735259003],[86.09714463271116,26.921127826680348],[86.09716557648001,26.920987973579052],[86.09715500922191,26.920879566200117],[86.09702952202512,26.920598922804263],[86.09661867873025,26.92017417728402],[86.09583257134626,26.919550751652338],[86.09566800717278,26.919152385909086],[86.09571871030244,26.918906626260394],[86.09665109739822,26.917556032874344],[86.09665790875378,26.917213056771605],[86.09621261578768,26.916763178988848],[86.09584234651064,26.9160656033504],[86.0958337646514,26.914650312604948],[86.09525579034934,26.91362857999149],[86.0951882007315,26.91337763193767],[86.09499999231895,26.912189097966596],[86.0949665964006,26.911444004446608],[86.09511881945983,26.909754318558992],[86.09544242882869,26.90895739412137],[86.09579948381226,26.907828747344322],[86.09580673610722,26.90782205784781],[86.09659207763406,26.90714310107927],[86.09707705816614,26.906308788727088],[86.09781212958156,26.905491853866106],[86.09796105705583,26.905325741972224],[86.09798500354665,26.905287542717005],[86.09828391943654,26.904815400803553],[86.09838013883926,26.904547446148694],[86.09822112855758,26.903289140776224],[86.09821705158711,26.90221470061409],[86.09828257041816,26.901770444362832],[86.09835515802993,26.90161964949608],[86.09885626588016,26.90057771414365],[86.09911510183075,26.89984130773329],[86.09904336890604,26.898172818181436],[86.09903742754803,26.89803727843327],[86.09920198193008,26.897577829428926],[86.09932906651544,26.895513284963506],[86.09928704108644,26.894655220925564],[86.09927759792981,26.894458850608654],[86.0992759716667,26.89443403092433],[86.09822177611078,26.8946642954463],[86.09697031731014,26.89452995570961],[86.0961794000855,26.894296894857316],[86.09541011804126,26.894199436124175],[86.09307696019383,26.894911354455825],[86.09284837798458,26.8950408323158],[86.09284325165021,26.895056587362333],[86.09256397245203,26.895939661181274],[86.09243123901912,26.896169042806115],[86.09220990969376,26.896303083996816],[86.08977971876287,26.89721068607353],[86.08907283957004,26.897537913593773],[86.08839772192835,26.897939913358403],[86.0881409434571,26.898206868972814],[86.08696621272843,26.899145030912113],[86.08664653757297,26.899483820907054],[86.08605031590086,26.899233940571534],[86.08508645810616,26.898706294665164],[86.08399011313449,26.89818909095852],[86.08341652628228,26.897979972418998],[86.08321513940443,26.897976410318826],[86.08277035406994,26.898140587944223],[86.08235339468541,26.898647990850844],[86.08189316913722,26.899062616812667],[86.08154848355962,26.89937414913591],[86.08129183080082,26.89967036339327],[86.08022415666933,26.902141974362323],[86.07995781380482,26.902541969489363],[86.07974536272278,26.902664757455884],[86.07955516856971,26.902717649994546],[86.0786577163555,26.902777301037133],[86.07858520233297,26.903842238688007],[86.07877097300182,26.905159374357495],[86.07857671969401,26.90559600434384],[86.07791017547427,26.906632252612077],[86.07749652922574,26.90707201012381],[86.07743257005583,26.907234121460636],[86.07799466046453,26.908020971910858],[86.07905143350472,26.909005250833143],[86.07924632069067,26.909308962981623],[86.07922853729683,26.912356108229236],[86.07927156572086,26.913387910795844],[86.07944701489657,26.9142603524919],[86.07957569886065,26.915322038080376],[86.07995209888074,26.916378594973835],[86.08011548284325,26.91730736640425],[86.08070277657622,26.918721963939266],[86.08083283881571,26.91999358615258],[86.08097704276345,26.922251810013435],[86.08066269221364,26.92344378838003],[86.08054984147356,26.923743252362343],[86.08042393092671,26.924597941896298],[86.08035797118382,26.92473742068704],[86.07991957089133,26.925655506863613],[86.07961153432483,26.926770837258495],[86.07961429447109,26.92759701724743],[86.07980405779728,26.9281038520201],[86.08010423490651,26.928516658105757],[86.08066331941203,26.928980726868904],[86.08119464257885,26.929259553617108],[86.08160110513282,26.929402091930086],[86.08189308755736,26.929462669408334],[86.08206940256139,26.929497677750827],[86.08303694466565,26.92948141401186],[86.08353537505117,26.92934243080663],[86.0839926668777,26.929279908274285],[86.08422569005755,26.929310789916748],[86.08484191829828,26.92956529634933],[86.08541269510125,26.93002498866088],[86.08552824124719,26.93033495370268],[86.08538419322673,26.93075382748642],[86.08415195322785,26.93272091723748],[86.08395613685703,26.93318918177142],[86.08387842676981,26.933732653922235],[86.08390037879252,26.93424743001545],[86.08400892374816,26.934726632307825],[86.08431147963518,26.93538544779843],[86.08461447075614,26.935764368825755],[86.08495809880377,26.936014813752692],[86.08525445864494,26.93612065502022],[86.08573463357095,26.936071823355558],[86.08610820987009,26.936198357179176],[86.08629990492302,26.9362018562376],[86.08668104590105,26.936330765845373],[86.08745202579966,26.93723633688766],[86.08757945266618,26.937600567811447],[86.08750324325314,26.93810790428231],[86.0868435766808,26.93922092491898],[86.0863695962974,26.939714512124258],[86.08589242482309,26.939973280474945],[86.08529289430138,26.940030365004315],[86.08512114648715,26.94028206585218],[86.0852642653948,26.940648609287628],[86.08559426353854,26.9408042772805],[86.08583153821453,26.94085091381065],[86.08654329747736,26.940778760445667],[86.08681796137597,26.94084377708298],[86.08717153089141,26.941037893688947],[86.08775450011517,26.941520153944182],[86.0880316079299,26.942065937315906],[86.08833540324525,26.941785789389254],[86.08893705580691,26.941392355291033]]]}},{"type":"Feature","properties":{"province":"Madhesh Province","district":"Dhanusha","municipality":"Ganeshman Charnath Municipality","ward":"2","wardNumber":2,"sourceMunicipality":"Ganeshman Charnath","sourceType":"Nagarpalika"},"geometry":{"type":"Polygon","coordinates":[[[86.08277035406994,26.898140587944223],[86.08321513940443,26.897976410318826],[86.08341652628228,26.897979972418998],[86.08399011313449,26.89818909095852],[86.08508645810616,26.898706294665164],[86.08605031590086,26.899233940571534],[86.08664653757297,26.899483820907054],[86.08696621272843,26.899145030912113],[86.0881409434571,26.898206868972814],[86.08839772192835,26.897939913358403],[86.08907283957004,26.897537913593773],[86.08977971876287,26.89721068607353],[86.09220990969376,26.896303083996816],[86.09243123901912,26.896169042806115],[86.09256397245203,26.895939661181274],[86.09284325165021,26.895056587362333],[86.09207146375131,26.894557322811217],[86.09138126589694,26.89393889732546],[86.09111235076412,26.893560288692946],[86.0909649799244,26.893137228414858],[86.09097991394898,26.89241276539646],[86.09111345789913,26.89196669574935],[86.09179288439317,26.891174207172867],[86.09291816151772,26.890353017278464],[86.09534822327227,26.88915420502218],[86.09571128865142,26.888768338542985],[86.0958051955909,26.888554399513904],[86.09579099983772,26.888321831048554],[86.09555929062566,26.88828876109581],[86.0932496929001,26.88803702181123],[86.09158051935202,26.888008153915717],[86.08928849038034,26.88776104120542],[86.08766514649778,26.88771222903133],[86.08625031381077,26.887439037493515],[86.0853089052229,26.887349457543174],[86.0838949512291,26.887326777035476],[86.08190384593553,26.887173938074103],[86.08189290454433,26.88717387568108],[86.08125735916565,26.887158439886946],[86.0808716575725,26.887307174088352],[86.08039998403335,26.88726579205611],[86.08021366491522,26.88715175990041],[86.08018202796487,26.88709505652071],[86.08012731881443,26.88693444740956],[86.08009911302362,26.886293196131774],[86.08021415109472,26.885955346216004],[86.08037583302983,26.885769102531267],[86.08040284315089,26.8857376557022],[86.08067681601517,26.885558850542047],[86.08078566605666,26.885403804073462],[86.08089256352343,26.88397119449623],[86.08073443220913,26.883055990091904],[86.08072480323752,26.88300172419056],[86.08065227599621,26.88290194514316],[86.0806811544534,26.882281388075324],[86.08085708975378,26.881934909870587],[86.08161511451708,26.88174122084379],[86.08189284040382,26.881749782531802],[86.08314930073716,26.881789532692924],[86.08518266791397,26.881671729052474],[86.0877645516102,26.88181699736629],[86.08819295798305,26.881794924080488],[86.08969544388707,26.881721076189304],[86.09235159538721,26.881158010561713],[86.0948461239509,26.880415518811507],[86.09708925448591,26.880190556579624],[86.09938133975788,26.879977159289258],[86.09955002568597,26.8799330824014],[86.09994479372509,26.879793349898595],[86.10030654988093,26.879759586701972],[86.10057058454477,26.879756708164248],[86.10134774226735,26.87964429251929],[86.10281671909162,26.87986796998835],[86.10406667004443,26.87928910030143],[86.10639044015865,26.87791548751833],[86.10651241199359,26.877060797868566],[86.1065851142939,26.876045498735067],[86.10656101737676,26.873853605016457],[86.10670649571696,26.872798106325845],[86.10681903238608,26.87241055433812],[86.10704211101617,26.872163666685676],[86.10741837253195,26.87209389282978],[86.10818271113493,26.87180292540894],[86.10876073170522,26.871513147438556],[86.1096645545737,26.870884516120757],[86.10965917673566,26.870852882108107],[86.10985299769537,26.870849567115012],[86.11044559278982,26.87111513915244],[86.11253974131512,26.87185058540412],[86.11283453848968,26.872010441668134],[86.11379214276612,26.87235272084265],[86.11446214223358,26.87266393061344],[86.11471261058503,26.872866362227445],[86.11532952680332,26.87312074430967],[86.11537473018045,26.873053348240216],[86.11679791849836,26.87145730430253],[86.11670857028913,26.871172346319213],[86.1165646993163,26.870697457875103],[86.11575289029454,26.869608896417922],[86.11494590347871,26.869312691402016],[86.11453775086622,26.868960280043677],[86.11400605350579,26.868713150146345],[86.11349667767422,26.86859261896566],[86.11313710652094,26.868425573945668],[86.1126027825329,26.868117487889602],[86.11243984751886,26.8680239627779],[86.11214911323034,26.867782831824876],[86.11205657631682,26.86755201470005],[86.11196121577326,26.866420558374372],[86.11178933716228,26.8661531689426],[86.11151716716756,26.86542683363787],[86.11135122783256,26.865161695114335],[86.11114359033355,26.865241658035924],[86.11011052170802,26.86498246636782],[86.10953049815109,26.865041989908203],[86.10845035493985,26.865129963364087],[86.10568114930759,26.864643034213056],[86.10480114050486,26.86469168204204],[86.10371055889827,26.865104626097512],[86.10244223231358,26.866080736573505],[86.10220183274889,26.866160513011625],[86.10149707467787,26.86611994483568],[86.09930619895773,26.865106042981196],[86.09739899434061,26.864509323701828],[86.09540482571923,26.864250579195247],[86.0949541589703,26.86411004225021],[86.09397892853593,26.86416925568593],[86.0933555112864,26.864086237784345],[86.09301751219972,26.86398027215385],[86.09285145024363,26.863927320841796],[86.09188422359418,26.864027171536836],[86.08961870750909,26.864021691031787],[86.08881597798114,26.864120353103825],[86.08857839032326,26.864089533419303],[86.08821963466,26.864139114106248],[86.08698843468879,26.864151566778073],[86.0869105941039,26.86416682245617],[86.08658066196003,26.864232406577376],[86.08622759688066,26.86435882233895],[86.08541511666053,26.864771138856216],[86.08494682452397,26.865066105018393],[86.08392646039333,26.865817897712304],[86.08307021502976,26.866304423152897],[86.08189267116938,26.867271968846715],[86.08169472603512,26.867435456581134],[86.08102435643963,26.86746497086669],[86.08003943189914,26.86732775284815],[86.0794951718015,26.867443791653347],[86.07898592572631,26.86766392355173],[86.07793867987634,26.868657099888598],[86.07757511598093,26.869223519871372],[86.07744989148996,26.869996935677328],[86.07740694970106,26.870987602009667],[86.077202697039,26.871812408794806],[86.0772262145889,26.87253036898783],[86.07666821462858,26.874018748979694],[86.07596097104212,26.87525336851247],[86.07531367720553,26.875725388002],[86.07374530170644,26.876602222997548],[86.07328813594407,26.876754959719847],[86.07258738012416,26.876800104253757],[86.07170343533872,26.877044872199964],[86.07154250499123,26.877325956247837],[86.07146717064023,26.877819789539615],[86.07120563959181,26.87804829650825],[86.07049519693977,26.87843191561773],[86.06933415171686,26.8787764028237],[86.0690893757283,26.87884930125239],[86.06896472365445,26.88046921526823],[86.068847933214,26.880673776423787],[86.06857114695742,26.880886404623574],[86.06767019743903,26.881282278652552],[86.06724091883369,26.881559302156536],[86.0669436899962,26.882004310294707],[86.0669275089252,26.883058307155963],[86.06710395403113,26.883535758805706],[86.06742319966838,26.883898987174536],[86.06776614470515,26.884476840929043],[86.06816867102764,26.884851947270672],[86.06868173631841,26.88506750650835],[86.0690161711562,26.885110327989604],[86.06980370739791,26.884934894151137],[86.07032152407629,26.88517758567847],[86.07067984913563,26.885692296074147],[86.07075475643765,26.88611035526643],[86.07072043807544,26.886656391081615],[86.07045171978599,26.887117341259852],[86.07007308576118,26.8875098977806],[86.06951463671847,26.887964411185177],[86.06886690356443,26.888249126006524],[86.06817921918427,26.888644123520482],[86.06797952358473,26.8888504365426],[86.06772731197421,26.889343145606297],[86.06775357692733,26.889787963249173],[86.0680089252564,26.890268164554534],[86.06802519093361,26.891098908126033],[86.06783712481442,26.891262458495124],[86.06648682209976,26.891648584096192],[86.0652414975537,26.892159558461838],[86.06480471603247,26.892384628255606],[86.06460839923656,26.89284157715053],[86.06459526993865,26.892870835910827],[86.06469987382589,26.893162732941317],[86.0661190874134,26.893745391031846],[86.06630459467671,26.89387530259449],[86.06662909500488,26.89448460351713],[86.06662240933466,26.894802821757427],[86.06648173889596,26.895343606683756],[86.0662664742675,26.895529538461755],[86.06597255673586,26.89568339886512],[86.06580030777528,26.89585151255315],[86.0658735238497,26.895980674398253],[86.06586914944192,26.896204115080483],[86.06612687194723,26.89647900591526],[86.06668001233584,26.896529891367415],[86.06767919004452,26.89645304611539],[86.06887193815322,26.896449596867004],[86.07046989536711,26.896232080639937],[86.07090599242889,26.896239453357442],[86.07102535178588,26.896502092282375],[86.0714093969482,26.899075594073267],[86.07085778428717,26.901381089312626],[86.07043882772392,26.90212093520909],[86.07010427700591,26.90296974978536],[86.07017593330181,26.903324478594655],[86.07050268072794,26.90359080376781],[86.07583731234708,26.902966570399045],[86.0786577163555,26.902777301037133],[86.07955516856971,26.902717649994546],[86.07974536272278,26.902664757455884],[86.07995781380482,26.902541969489363],[86.08022415666933,26.902141974362323],[86.08129183080082,26.89967036339327],[86.08154848355962,26.89937414913591],[86.08189316913722,26.899062616812667],[86.08235339468541,26.898647990850844],[86.08277035406994,26.898140587944223]]]}},{"type":"Feature","properties":{"province":"Madhesh Province","district":"Dhanusha","municipality":"Ganeshman Charnath Municipality","ward":"7","wardNumber":7,"sourceMunicipality":"Ganeshman Charnath","sourceType":"Nagarpalika"},"geometry":{"type":"Polygon","coordinates":[[[86.13091009754669,26.899100785647043],[86.13133000001619,26.89908083832832],[86.13174746691556,26.89914885428547],[86.1319886799079,26.899170607950097],[86.1323732420806,26.89784571572845],[86.1327343679529,26.897290423870587],[86.13339541612933,26.896820404850484],[86.13426591791125,26.89648035907922],[86.13453776561062,26.896317245967182],[86.13504294465537,26.8958959917585],[86.13591312799257,26.89502322715494],[86.13607605793021,26.894660807197635],[86.1357614973816,26.894017870951718],[86.13534790522567,26.893697030608706],[86.13535640771875,26.893656456341976],[86.13494744631932,26.893672027796537],[86.1344825247993,26.89356537604745],[86.13303361287339,26.893032857942607],[86.13222556147626,26.892526779605603],[86.13188480906173,26.892229008485756],[86.13148435005583,26.89229203077008],[86.13080115509122,26.891630968256138],[86.12933429769852,26.89090414378371],[86.12831341403985,26.890078536646723],[86.12786230684443,26.88965135276285],[86.12658064679583,26.889318455098852],[86.12590739594843,26.88891928133151],[86.12357464442493,26.887002053492736],[86.12351387184519,26.88695197659596],[86.1233002301358,26.886835569499972],[86.123002430473,26.886567368766404],[86.12308714847121,26.88651822893276],[86.12301811323074,26.8857571311627],[86.12306725282926,26.885416593302125],[86.12319623629477,26.885304496273392],[86.12357443561423,26.88518495782027],[86.12373180479278,26.88513625406555],[86.12376512952359,26.885134253270767],[86.12446713374936,26.88491055557342],[86.12519958782718,26.884872224700384],[86.12850017303258,26.885127268099854],[86.12974062728307,26.885123630107955],[86.12930640030768,26.884669501240193],[86.12739024870477,26.88360358126904],[86.12669799311595,26.88332169288286],[86.12639356596186,26.8830556803968],[86.1260187375064,26.882730650944374],[86.1263648009192,26.8827033898209],[86.12780488990461,26.882716816923452],[86.12840123258717,26.882668547032452],[86.13019576396312,26.88271566855625],[86.13118993954168,26.882658579713087],[86.13154206893259,26.882737474595082],[86.13156645261003,26.882712779815638],[86.13158302110243,26.882685833810246],[86.13150729580805,26.881850151788797],[86.13144908520492,26.88164440438891],[86.13115065644628,26.88107599042057],[86.13066096564488,26.880143033372477],[86.12874179094413,26.87710428458068],[86.12835583120201,26.876591826072634],[86.12810573550917,26.876258417835153],[86.12808104069642,26.876395957940556],[86.12771610578221,26.877373373581776],[86.1271566649973,26.878448882748874],[86.12677278235257,26.879103391308128],[86.12633756759854,26.879680814503946],[86.12589422135167,26.880007664886456],[86.12522054108545,26.880294693263615],[86.12462538852338,26.880476064591885],[86.12402579418891,26.88045887806998],[86.12385197542442,26.8800221259812],[86.1235743695606,26.8797044107478],[86.12353635555819,26.879661273230482],[86.12338942531491,26.8795746245292],[86.12275462256115,26.878857420124213],[86.12223041919533,26.877912897895868],[86.12183564601361,26.87753122688402],[86.12211142010096,26.876365944710777],[86.12182304501307,26.874759225581112],[86.12143188518328,26.873336998476645],[86.12101816025745,26.8723525888129],[86.12052558387474,26.870577572524454],[86.1200870980223,26.869464311840844],[86.11924486167064,26.870273933362512],[86.11860225695355,26.8707010647633],[86.11739751036113,26.871264678833878],[86.11717649327579,26.871369399328284],[86.11707358157618,26.871368712669472],[86.11701787337711,26.871368401050564],[86.11690658332468,26.871401536326044],[86.11679791849836,26.87145730430253],[86.11537473018045,26.873053348240216],[86.11532952680332,26.87312074430967],[86.11466454533733,26.87410979063849],[86.11404302257817,26.87549414067679],[86.11383384057545,26.87719708014823],[86.11410396109771,26.87899998240834],[86.11436418943804,26.87964266840025],[86.11461454561265,26.88095123741436],[86.1147259762524,26.88213464689448],[86.11468765445545,26.88255420777582],[86.11439417734863,26.882994902169393],[86.1143433474782,26.883057734014987],[86.11426138095216,26.883156513191413],[86.11389181950129,26.884142869070235],[86.11353557218507,26.884754615181063],[86.11217603544766,26.886716703769707],[86.11137525184532,26.887515258995876],[86.11072164201597,26.88787905909902],[86.11016456483684,26.888010978503786],[86.10721330418852,26.888480018905256],[86.10692488702355,26.8885707359976],[86.102853090022,26.88895582575056],[86.10089488207241,26.889588967477266],[86.10085361702768,26.88960228417214],[86.10025258810562,26.88994832918027],[86.09990715389122,26.890336634087564],[86.09967107270694,26.89074144294083],[86.09962293149378,26.890860790947983],[86.09978255269863,26.89089336092552],[86.10328164644895,26.891001359837208],[86.10460156597709,26.890946455774557],[86.10716756367674,26.890705298150642],[86.10748024002454,26.890630585547676],[86.10866954892755,26.890586123335837],[86.10996721263605,26.89068232755235],[86.11138179497618,26.890910067989243],[86.11223779332259,26.890746199495336],[86.11476703462061,26.89102838299694],[86.11488982956536,26.891094588336387],[86.11526334428284,26.891295581794814],[86.11591564548678,26.891340276234754],[86.11618118210227,26.89151576206752],[86.11625946211387,26.89164486192359],[86.11626021335226,26.891712632301434],[86.11627054414772,26.89293611571019],[86.1163218790225,26.89325696017146],[86.11646680971012,26.89343844885529],[86.11703258122698,26.893645067463527],[86.11726635465561,26.893648815711927],[86.11739202467618,26.893595424207234],[86.11752400978737,26.89353978151872],[86.11762360920645,26.893560723816922],[86.1176821310248,26.893572414723927],[86.11779192265942,26.89372652143903],[86.11800825720692,26.89419965802248],[86.11872677123048,26.894274110059627],[86.11907652536833,26.894420775275716],[86.11995265863506,26.894383317899756],[86.12038056471202,26.894390503780777],[86.12094158492158,26.89456548688077],[86.1219438344923,26.895266933319217],[86.12272118881495,26.895912803342],[86.12315009673924,26.89600126312273],[86.12335604833208,26.896067968054655],[86.12357488023387,26.896218322585046],[86.12456906385697,26.896903889140894],[86.12556680955042,26.8973817693962],[86.1258613579727,26.89759126627713],[86.12626007095203,26.898004570727196],[86.12646265020992,26.89842337988554],[86.12677139182624,26.898750347630834],[86.12758175885794,26.899455047112962],[86.12784435779449,26.89968242314218],[86.12843545122227,26.89988466454278],[86.12888917939539,26.899808450530045],[86.13042129477729,26.899262587905604],[86.13091009754669,26.899100785647043]]]}},{"type":"Feature","properties":{"province":"Madhesh Province","district":"Dhanusha","municipality":"Ganeshman Charnath Municipality","ward":"8","wardNumber":8,"sourceMunicipality":"Ganeshman Charnath","sourceType":"Nagarpalika"},"geometry":{"type":"Polygon","coordinates":[[[86.13568426616582,26.89270598705787],[86.13564218174645,26.892121065652947],[86.13572838973222,26.891243494117326],[86.13570306318859,26.890841563676876],[86.1358070343834,26.890505839618637],[86.1361317082457,26.889850956206285],[86.13656128801591,26.888598521757725],[86.13726065384809,26.887417793886968],[86.13826705736028,26.88512379795416],[86.13851783345025,26.884910795270873],[86.13856628834338,26.884829896328824],[86.13962909309542,26.883057677610513],[86.13965585186284,26.883012664503266],[86.1400860021046,26.88238778947685],[86.14150612806682,26.880920156890177],[86.14177821913626,26.880222011724957],[86.14181291873402,26.880168120902052],[86.14201448890636,26.879853276722493],[86.14248108044033,26.878481431742156],[86.14255766216031,26.87775284171594],[86.14241847947874,26.877183175507493],[86.14204933802722,26.8766887845652],[86.14148148865188,26.875294943373458],[86.14097954293167,26.874258081102717],[86.14069298513128,26.872958452228982],[86.14068935105335,26.87230832373099],[86.14075936984418,26.871782794167316],[86.14093405545623,26.871526529076547],[86.1413538312171,26.871271762602124],[86.14175666161948,26.87087695574621],[86.14259896173041,26.870252263756758],[86.14309182324813,26.869769929961095],[86.14328439009014,26.869477654889288],[86.14357442798962,26.86897825537918],[86.14447553963174,26.866460132283326],[86.14451799113054,26.866340722176496],[86.14494325786133,26.865185316285235],[86.14505228971439,26.864524621233684],[86.14530868820445,26.863896371110798],[86.1458990199436,26.86316633898203],[86.14644928054544,26.86291457217283],[86.14804298462555,26.862635224395657],[86.14870184641025,26.862291554942985],[86.14972589827426,26.861482869626574],[86.15007696227615,26.861322444225937],[86.15043252608807,26.86102210290784],[86.1509947288207,26.860806533817737],[86.15193675839241,26.86058864776072],[86.15277624804116,26.86023253497588],[86.15327624217572,26.860088800504407],[86.15389321278356,26.85970424459158],[86.15421094919999,26.859281742462326],[86.15431054352534,26.85891444581802],[86.15426695955964,26.85847175356092],[86.15439768966496,26.858070697418974],[86.15442344323402,26.857526849432027],[86.15449463858216,26.856023970144786],[86.15456208842642,26.855031177782816],[86.1546137926006,26.854841871779698],[86.1552744567413,26.85360656532078],[86.15603772491949,26.852784941609425],[86.15609043067602,26.85264083633995],[86.15608848832416,26.852302236678607],[86.15600701640118,26.851920250337106],[86.15564555954344,26.85089782894064],[86.15550325196754,26.850495211746118],[86.1554455990239,26.849862839754],[86.15535112350575,26.849623019649062],[86.15494377900039,26.84898408600209],[86.15483554819637,26.84859966192866],[86.15451329761135,26.847979232700904],[86.15399366169746,26.847251586466005],[86.1533006511614,26.846662796030802],[86.15216603850214,26.84584794266495],[86.15195039444083,26.84557573925595],[86.15158675708035,26.84523501776802],[86.15112459821626,26.84601093795072],[86.15078086231433,26.847268498280744],[86.1505685400422,26.847727697268397],[86.15026180696003,26.848068987909002],[86.14779917131158,26.84919184152362],[86.1458726054646,26.850342760836476],[86.145734493748,26.85042547442635],[86.14476708629985,26.851105808424563],[86.14350682193505,26.851831846097195],[86.14279256780705,26.852432404795465],[86.14141663812472,26.85330673697781],[86.14073533421086,26.853927863491723],[86.13866685398206,26.85605294483519],[86.13798917294882,26.856439315357836],[86.1360018960939,26.857393364643862],[86.13478764482545,26.857873454199495],[86.13317281071382,26.858376055013807],[86.13252845366905,26.858672336265567],[86.13248375086332,26.858712661140764],[86.13125137570069,26.85984050334979],[86.13079009174338,26.860634491304292],[86.12997856785957,26.862514300978017],[86.12991830102943,26.86290897977587],[86.12970522876454,26.86337718238115],[86.12925532075329,26.863992929505354],[86.12867636721609,26.86465975629437],[86.12839383060101,26.864985292079268],[86.12726986602325,26.86566912902218],[86.12556168558893,26.866213867530252],[86.12496647194472,26.86657585418635],[86.12432505294768,26.86685181680096],[86.12373821815284,26.867225182274048],[86.12357415996003,26.867406987450142],[86.12334320394893,26.867660626659593],[86.12308361123314,26.867864438327864],[86.12248126841469,26.868052562009783],[86.12196783405783,26.868288636147103],[86.12061816141897,26.86905449903472],[86.1200870980223,26.869464311840844],[86.12052558387474,26.870577572524454],[86.12101816025745,26.8723525888129],[86.12143188518328,26.873336998476645],[86.12182304501307,26.874759225581112],[86.12211142010096,26.876365944710777],[86.12183564601361,26.87753122688402],[86.12223041919533,26.877912897895868],[86.12275462256115,26.878857420124213],[86.12338942531491,26.8795746245292],[86.12353635555819,26.879661273230482],[86.1235743695606,26.8797044107478],[86.12385197542442,26.8800221259812],[86.12402579418891,26.88045887806998],[86.12462538852338,26.880476064591885],[86.12522054108545,26.880294693263615],[86.12589422135167,26.880007664886456],[86.12633756759854,26.879680814503946],[86.12677278235257,26.879103391308128],[86.1271566649973,26.878448882748874],[86.12771610578221,26.877373373581776],[86.12808104069642,26.876395957940556],[86.12810573550917,26.876258417835153],[86.12835583120201,26.876591826072634],[86.12874179094413,26.87710428458068],[86.13066096564488,26.880143033372477],[86.13115065644628,26.88107599042057],[86.13144908520492,26.88164440438891],[86.13150729580805,26.881850151788797],[86.13158302110243,26.882685833810246],[86.13156645261003,26.882712779815638],[86.13154206893259,26.882737474595082],[86.13118993954168,26.882658579713087],[86.13019576396312,26.88271566855625],[86.12840123258717,26.882668547032452],[86.12780488990461,26.882716816923452],[86.1263648009192,26.8827033898209],[86.1260187375064,26.882730650944374],[86.12639356596186,26.8830556803968],[86.12669799311595,26.88332169288286],[86.12739024870477,26.88360358126904],[86.12930640030768,26.884669501240193],[86.12974062728307,26.885123630107955],[86.12850017303258,26.885127268099854],[86.12519958782718,26.884872224700384],[86.12446713374936,26.88491055557342],[86.12376512952359,26.885134253270767],[86.12373180479278,26.88513625406555],[86.12357443561423,26.88518495782027],[86.12319623629477,26.885304496273392],[86.12306725282926,26.885416593302125],[86.12301811323074,26.8857571311627],[86.12308714847121,26.88651822893276],[86.123002430473,26.886567368766404],[86.1233002301358,26.886835569499972],[86.12351387184519,26.88695197659596],[86.12357464442493,26.887002053492736],[86.12590739594843,26.88891928133151],[86.12658064679583,26.889318455098852],[86.12786230684443,26.88965135276285],[86.12831341403985,26.890078536646723],[86.12933429769852,26.89090414378371],[86.13080115509122,26.891630968256138],[86.13148435005583,26.89229203077008],[86.13188480906173,26.892229008485756],[86.13222556147626,26.892526779605603],[86.13303361287339,26.893032857942607],[86.1344825247993,26.89356537604745],[86.13494744631932,26.893672027796537],[86.13535640771875,26.893656456341976],[86.13543105626371,26.893309291190956],[86.13557104196764,26.893073158047013],[86.13568426616582,26.89270598705787]]]}},{"type":"Feature","properties":{"province":"Madhesh Province","district":"Dhanusha","municipality":"Ganeshman Charnath Municipality","ward":"5","wardNumber":5,"sourceMunicipality":"Ganeshman Charnath","sourceType":"Nagarpalika"},"geometry":{"type":"Polygon","coordinates":[[[86.04940595995963,27.027435494173226],[86.04949355111557,27.027129090282617],[86.04966579914176,27.026920339629285],[86.04994383755738,27.02678667304508],[86.0501142746344,27.02678792181513],[86.05079702293033,27.02663899689969],[86.05145701539145,27.026681815948322],[86.05196914021215,27.02659047214054],[86.05231032736307,27.026554395745908],[86.05316382482795,27.026368207919628],[86.05555157259163,27.026115611670402],[86.05614885236788,27.026004510963865],[86.05666060214553,27.025969557985857],[86.05742675827966,27.026051387424378],[86.0584491960679,27.02607625992799],[86.0589594475338,27.02621285827298],[86.05955497952336,27.026313881649127],[86.0619396049839,27.026480971686503],[86.06253594854527,27.026484904763716],[86.06355907262558,27.026396931186426],[86.06407013533932,27.026398052332187],[86.06492119829123,27.02649851144022],[86.06602673075942,27.026695371117466],[86.06653741843294,27.026737128763862],[86.06687766857144,27.02681383483614],[86.06747376215203,27.026817830880606],[86.06798432518971,27.02687753124322],[86.06841041848564,27.026860084427195],[86.06985776254051,27.026944158418452],[86.07045479263063,27.026871318594683],[86.07079647903407,27.026738151062027],[86.07105188454376,27.026739836883994],[86.07137175225347,27.026703572693933],[86.0716059627868,27.026684752487363],[86.0732256791155,27.026539694973824],[86.07441811652171,27.0265453101386],[86.0750147724794,27.026510794964835],[86.07544030346968,27.026531547160737],[86.07578042920028,27.026628634457328],[86.07603577277465,27.02665063839843],[86.07631249966204,27.026632130270546],[86.07716431173945,27.026655753982713],[86.07742059146187,27.02656034936562],[86.0776347937211,27.026408302432515],[86.07789026228431,27.02640992527715],[86.07814535645636,27.026468065015926],[86.07848467008102,27.02662373280923],[86.07871763268872,27.0267967810539],[86.07880272651572,27.02679740564571],[86.07940019317098,27.026665798499575],[86.07982772286813,27.026438352701007],[86.0803407209224,27.026231787751843],[86.08051115750744,27.02619452516995],[86.08085240693471,27.02615613515227],[86.08127800045735,27.026158882037475],[86.08170347014013,27.02621808345199],[86.08229906392828,27.02624227179698],[86.08289496840885,27.026149114294782],[86.08357546801292,27.026155734121975],[86.08399968668601,27.02625332134449],[86.08454970514968,27.026620299257253],[86.08518612773572,27.02677790175298],[86.08522839406533,27.02679847023744],[86.08548329996208,27.02683847897624],[86.0860781434923,27.02691912246219],[86.08667361197249,27.026884607057728],[86.08709845529263,27.026943745230536],[86.0876087053226,27.02696737172396],[86.08811939178457,27.02689390807041],[86.08863151416362,27.026687280391716],[86.08880176419167,27.02667033587026],[86.08939467263396,27.026940534491374],[86.09007548358406,27.026906455763953],[86.09126798088165,27.026686254329142],[86.09195054021902,27.02638590973847],[86.09254706970367,27.026256553924895],[86.09340012798367,27.02591669593932],[86.09408125145355,27.025846606656767],[86.09475994060179,27.02604053174291],[86.0951001271952,27.026044967775068],[86.09578175066869,27.02591392239621],[86.09782805482389,27.02524083020126],[86.09833936612677,27.02512898000401],[86.09876464692162,27.02509327849764],[86.09961483396853,27.025195799721306],[86.09995508394415,27.025200173511138],[86.1006360207877,27.025148089114563],[86.10097701967656,27.025055496057693],[86.1013193922493,27.02482967642312],[86.10149014113225,27.024754027227473],[86.10168302203272,27.024583725751484],[86.10183388766742,27.024356657176483],[86.10198331606038,27.02426056503842],[86.10302819573683,27.023964780624915],[86.10336869454521,27.023928517548804],[86.10413566114826,27.023764148602584],[86.10456244139321,27.023613350427976],[86.10516015709459,27.02333270038106],[86.10556511672111,27.023240544210196],[86.1058629757881,27.02322428666811],[86.10603335043453,27.023187023476297],[86.10679938055355,27.023173825170403],[86.10731106599094,27.02300777113881],[86.10816543621888,27.022575260988415],[86.1091044007691,27.022199704896742],[86.11017309768657,27.021560882122415],[86.11023761991441,27.021484546003457],[86.11072942204672,27.021164884774365],[86.11079394469702,27.021088549318403],[86.11113581766203,27.020880735336707],[86.11275883957087,27.020091925475054],[86.11288644885721,27.020092737434627],[86.1130998389743,27.019999269716468],[86.11412321047351,27.01970323599497],[86.11454880298608,27.019667533639407],[86.11476188045799,27.019612390597057],[86.11497483308916,27.019575377324568],[86.11591292433005,27.01931716783569],[86.11651070249611,27.019054585267234],[86.117109230205,27.018694910857295],[86.11753582127913,27.018528232921952],[86.11787756950454,27.018338548752688],[86.11839006740148,27.01811372767762],[86.11864559722005,27.018058897039925],[86.11949871980994,27.017779807198874],[86.12007548928447,27.017460644827036],[86.12050389197283,27.017099910285346],[86.12058911015295,27.017082404196167],[86.12073885158772,27.016950114196117],[86.12114480934548,27.016724668990697],[86.12216886759958,27.016331543675026],[86.12233930498881,27.01629421799295],[86.12276627182665,27.016125352109082],[86.12302180254036,27.016070458716182],[86.12361720518017,27.015828131427966],[86.12399390385275,27.01567470769264],[86.1240110972705,27.01565676482556],[86.12458693128436,27.01550008805424],[86.12484302447864,27.015458761232097],[86.12503540764294,27.01547807740406],[86.12567532747661,27.015301456725155],[86.12618657492848,27.01510595724856],[86.12669775909684,27.014835998455027],[86.12701724913637,27.014700267692305],[86.12739957395827,27.014391048513602],[86.12810101158976,27.013867262361998],[86.12867603058527,27.01353897337341],[86.12937890898624,27.013209306815803],[86.1304655526363,27.01278035836224],[86.13097673688384,27.012546472268607],[86.1319343311918,27.011985797713546],[86.13263714712726,27.011653818636464],[86.13430012525049,27.011165159471236],[86.13468376393472,27.011009484656363],[86.13538620375932,27.01060298388163],[86.13602512191224,27.01031120419942],[86.13651517423263,27.01011783011068],[86.13760131656704,27.00963011355347],[86.13881456517791,27.00895134038418],[86.1390697816701,27.0087790997747],[86.1393244966782,27.008545903362762],[86.13977128175787,27.008255189343814],[86.14002481163558,27.008180039340957],[86.14007732978027,27.008096764621552],[86.14130457925766,27.00706594944254],[86.14165551923266,27.006979983884673],[86.14315150392851,27.006943958695864],[86.14353257977254,27.006783720233273],[86.14374152886938,27.006604415518822],[86.14464072712231,27.00608169127832],[86.14569116830486,27.005557588808152],[86.14632427302435,27.005394410070366],[86.1470999319132,27.00534263778787],[86.14831706173223,27.005054290602267],[86.14955125730877,27.004553882099405],[86.14963472522162,27.004515994999185],[86.15118203261284,27.003796205772655],[86.15329416473486,27.002443287745315],[86.15484384968816,27.001741504038513],[86.15544694293996,27.001544253028253],[86.15649313556867,27.00133380605053],[86.1577016400222,27.001261960428128],[86.1589220820543,27.000815567809333],[86.15980771463329,27.000493526539582],[86.1605793077516,27.000303963621416],[86.16191785766051,27.000068131496096],[86.16355707909841,26.99976858982572],[86.16402324880397,26.99964948727379],[86.16448616503098,26.999403910699144],[86.16525787738718,26.998765153342433],[86.16532540191479,26.998709136516062],[86.16603465564859,26.99825512098625],[86.16737444575419,26.99716147373054],[86.16770706321697,26.996820370244652],[86.16812977753408,26.996563228127606],[86.16947120992468,26.996869117498456],[86.1702234236111,26.996900619228587],[86.17071285309704,26.996919244940205],[86.1710524764086,26.996864850512704],[86.17185701721388,26.99655581445791],[86.17310534069112,26.99585659735793],[86.17411870350702,26.995115369141782],[86.1742535646662,26.99506422766695],[86.17519452932615,26.994661162444068],[86.17630562224211,26.994511920216624],[86.17684506945794,26.994524043594563],[86.17733149693258,26.994425322117475],[86.17840037543303,26.99344514952286],[86.17925430146691,26.992481732348544],[86.17935508715883,26.99239433122087],[86.17982588209576,26.992196143004236],[86.17985858179715,26.992200831543695],[86.18048950157295,26.992285788319247],[86.18101825750158,26.99229784881018],[86.18196072693895,26.99219949768014],[86.18272625415807,26.99191947084087],[86.18324975453979,26.991608749396292],[86.18477836818181,26.990899775958088],[86.18550062493603,26.990280961756916],[86.18627953191123,26.990066516498654],[86.18679497100403,26.99004462986867],[86.18742257794236,26.990190416796526],[86.1878040311674,26.99028062662109],[86.18831040346403,26.990292563118665],[86.18852616902291,26.990201283721245],[86.18863264369676,26.9900212925385],[86.18903014458297,26.98847739791476],[86.18908165682824,26.98792017069905],[86.18890245889831,26.987350317740518],[86.1879625388784,26.986211805122],[86.18785174321519,26.9858500128358],[86.18794202209897,26.985511913027636],[86.18821074156313,26.985204257309086],[86.18845945694927,26.985083782058894],[86.18946645231323,26.98528820711841],[86.19040104834474,26.98558022059059],[86.19221841173437,26.98641219733408],[86.19247125387129,26.986332420821366],[86.19274141223408,26.986119480691933],[86.19289059101644,26.986003008004904],[86.19310910318697,26.985573128895286],[86.19329822637248,26.98488573776377],[86.19335655081797,26.984170527613507],[86.19330858877636,26.98360817542107],[86.19334284639895,26.983220123228456],[86.19338748566427,26.98301049878003],[86.19351340373883,26.982796747438357],[86.19391079709548,26.982584618551027],[86.19467451012461,26.982318033024654],[86.19526722275522,26.981964797941774],[86.19677094514164,26.980641582424646],[86.19712907227303,26.980334363178876],[86.19760167951341,26.980041273150572],[86.19801088582707,26.979574194407544],[86.19903450185863,26.978853159233214],[86.19956375133593,26.978298616730623],[86.20015608818193,26.97795207160755],[86.20079976054939,26.977822527318235],[86.20114157236104,26.977810957905],[86.2018016869898,26.97761826965086],[86.20246930629426,26.97763332955939],[86.20312279444927,26.97750159683673],[86.2032948550477,26.97730616288625],[86.20398410136508,26.976824764740254],[86.20438655846374,26.976653210073632],[86.20532951841268,26.9757985127595],[86.20619176588445,26.975299982320013],[86.20693941110741,26.97502426919402],[86.20727503180125,26.97490197938129],[86.20830103058134,26.974724917512344],[86.20884822795401,26.974522539782544],[86.20912501450142,26.974345797626846],[86.20936797783797,26.97424557836602],[86.21032526061833,26.97383782394547],[86.21116312287137,26.973309785818934],[86.21232522285518,26.972266655048934],[86.21242275754858,26.972192694873495],[86.21251129004096,26.972141304358583],[86.21287079471854,26.972016889057986],[86.21465836937476,26.970643155149624],[86.21531128740477,26.96994475615463],[86.21542025431602,26.96912145087324],[86.21562819901675,26.9685989205288],[86.21585946858279,26.968399297102057],[86.21600645810487,26.968273758437544],[86.21625198488555,26.968198359145035],[86.21696443315577,26.968181971385363],[86.2172434085907,26.968093255580325],[86.2175972211397,26.967704700702857],[86.21818623838847,26.966814057899434],[86.21853636179786,26.966416500215928],[86.21885115995565,26.966059329472714],[86.21942486272043,26.965513975740194],[86.21972878078324,26.965048398765116],[86.2198963392393,26.964803325112694],[86.21994003925576,26.964548437557657],[86.21997892529004,26.96429811333063],[86.2198397995806,26.96328606806563],[86.21964134606077,26.962835812636914],[86.2196189593212,26.962567109130923],[86.21973937297854,26.96212985473036],[86.21976425613347,26.962039702726035],[86.21996320160851,26.96186921334544],[86.22017571692852,26.961872649221224],[86.22023811537196,26.96190459563717],[86.2203887961921,26.961975427863887],[86.2214651384128,26.962802971905873],[86.22164933182152,26.96289199635223],[86.22206510885965,26.96287398733692],[86.2226553837579,26.962624407651425],[86.22333381202235,26.961955454722588],[86.22370831505299,26.96125324449976],[86.22392475929759,26.960446380676647],[86.22405505462673,26.96027776693775],[86.22450997138208,26.960287077520857],[86.22497633118638,26.960427364132528],[86.22506974049556,26.960441367779],[86.22519372243248,26.96040816911049],[86.22551108755347,26.960274501249533],[86.22567677025597,26.960083506134758],[86.22579130887628,26.959813300746564],[86.22583681995971,26.959375609553145],[86.22585669765198,26.958996497711535],[86.22589933438783,26.958701035635514],[86.22601349893016,26.958496286545472],[86.22619624983531,26.958244460605812],[86.22654749965858,26.957943868822408],[86.22760731781544,26.95730635875471],[86.2282337937519,26.957041149356936],[86.2287533570792,26.95690854277355],[86.22913036963239,26.95689028348148],[86.22921308778477,26.956902036703216],[86.22968276035238,26.95697230249383],[86.23049424864895,26.95724081007188],[86.23355494424528,26.95825739071556],[86.23428871325729,26.95833584389858],[86.23479639901217,26.958318270495493],[86.23515615440766,26.958207359618825],[86.23556104899234,26.95793414989664],[86.23559312250416,26.957889198879588],[86.23595137221551,26.957389986569613],[86.23612980775195,26.95698467839652],[86.23625263777937,26.95477546600678],[86.23629815164858,26.954604165406757],[86.2363508569759,26.954498383204385],[86.23645945801289,26.95436127985654],[86.23714732547083,26.953676509078125],[86.23814210676662,26.952009259385303],[86.23852211721986,26.95173367501127],[86.2391652811133,26.95104415274156],[86.24022515895183,26.950277855043108],[86.24075466251652,26.950016585373092],[86.24100037342994,26.949706367155695],[86.24119725275672,26.949316938129908],[86.24131466552093,26.948897751268017],[86.2414895380868,26.948553272731093],[86.24182421735479,26.94812395667271],[86.24217221704184,26.947927207538],[86.24238297844364,26.94762586667868],[86.24266345450351,26.947539276364925],[86.24405246139293,26.947415788330908],[86.24458840376488,26.947120696483438],[86.2446179137606,26.947082496663615],[86.24510533478256,26.94646206001686],[86.24550066188857,26.946053373493314],[86.24601034389343,26.94573327439865],[86.24709136107495,26.94541854557303],[86.24742260496569,26.945241927992257],[86.24853044210134,26.944812165772756],[86.2486210367359,26.944733641523158],[86.24864479252673,26.944471877393113],[86.24879772104046,26.944341836914916],[86.25015496146564,26.943820857683033],[86.25086265613264,26.94364629981844],[86.25124660874053,26.943618975377806],[86.25165481871291,26.9434946847618],[86.25185101399178,26.9433467013484],[86.25216118475797,26.942951082550962],[86.25266880026743,26.942369156100828],[86.2531524087043,26.94188188338573],[86.25359006383609,26.94149145138396],[86.25398195413688,26.941213615681633],[86.2547622955666,26.94075497346659],[86.25527973278244,26.940536466763348],[86.25622313777755,26.940311202761716],[86.25639751209748,26.940181163194275],[86.2564666600251,26.9400099870876],[86.25647740984887,26.939664698193535],[86.25656987822548,26.939437193357342],[86.25703254103755,26.938931727583842],[86.25738685245824,26.938479903704174],[86.25756785187508,26.938139989234287],[86.25786932667778,26.93734250249169],[86.25798092771969,26.937171513744214],[86.25868461360749,26.936441604568856],[86.25890812829668,26.936101939458297],[86.25891500323667,26.93587174673486],[86.2588160889531,26.935638679393126],[86.25875381606326,26.93557966281278],[86.25818879279474,26.93527876817306],[86.25796370624855,26.934984121410416],[86.25795138624076,26.934697411826935],[86.25813569777479,26.93424240154327],[86.258185399868,26.934012458385535],[86.25821597012175,26.933725936970525],[86.25819489160892,26.933035108910364],[86.25825728054534,26.932403360635167],[86.25816355439811,26.931998868056848],[86.25786068661607,26.931473591850743],[86.25780228797639,26.93129947846881],[86.25781141213176,26.93101283220222],[86.25795352104126,26.930555321394692],[86.25795908406076,26.930383833114536],[86.25808337152588,26.9298111015434],[86.25822710544688,26.92929719858032],[86.25843673706298,26.928727216626825],[86.25877022808513,26.928275268301824],[86.25921125829522,26.92778999606459],[86.25953950000249,26.92750953570111],[86.2599087569022,26.927269961487646],[86.2606665296956,26.926867585848637],[86.26071928640256,26.92587241781567],[86.26066287859021,26.924951148116776],[86.26062623701834,26.924736522355484],[86.26042771232211,26.923563992904757],[86.26038193745397,26.922947500016896],[86.26023431151201,26.92217702544085],[86.25995232665738,26.92163155546089],[86.2595635519828,26.92110359177706],[86.25898264557877,26.920590384600704],[86.25868941109181,26.920428590179814],[86.25831558349049,26.9201128765425],[86.2578152081451,26.919753589028897],[86.25750296590574,26.919514959464436],[86.2574402553176,26.919476261197378],[86.257145333144,26.91937317132151],[86.25631859168355,26.91925595817206],[86.2557041160858,26.91916243700243],[86.25517267119605,26.91913030747043],[86.25479040564093,26.919101178098465],[86.25447085185289,26.919110808710755],[86.25415010982739,26.919161014846118],[86.25337989223108,26.91929468703896],[86.2527327221969,26.919584716268044],[86.25215032412481,26.91983673367798],[86.25136710782353,26.92041266075244],[86.25081585179558,26.921050853010186],[86.25025033737457,26.92145866647483],[86.24989877572358,26.921833780322743],[86.24944011332275,26.92222408731493],[86.24911530926809,26.922407456188875],[86.24862069313004,26.922608020842976],[86.24857648969797,26.9226258389832],[86.24753179743672,26.922762514753682],[86.24748277955999,26.922791586351806],[86.24722212178813,26.92283985269115],[86.24692488654483,26.922668993189525],[86.24672831216975,26.92245349474149],[86.24644763946279,26.921862886649762],[86.24573280059604,26.920716869450327],[86.24527787168289,26.91972802190569],[86.24456658548974,26.917674675736627],[86.24429878242397,26.916291772092748],[86.24360119403521,26.914687683358522],[86.24332464823908,26.914051811903803],[86.24312688356694,26.91368970756684],[86.24293312061945,26.913381681716828],[86.24276937213128,26.91325214557741],[86.24173573703533,26.912725188983462],[86.2410522347707,26.912516134079095],[86.24039411819504,26.912420050533317],[86.23984147580374,26.912218434710397],[86.23923650006766,26.91188790554312],[86.23884347746964,26.911542683220002],[86.2385730005405,26.911371886270484],[86.23808069398476,26.911233850537744],[86.23708145132788,26.911079502548667],[86.23648560894793,26.911076257684144],[86.23590452244198,26.911138594277485],[86.23525359565402,26.911101215248742],[86.23423360014849,26.911319226947835],[86.23115966782578,26.911656981942876],[86.2296278589269,26.91177503224601],[86.22838040253697,26.91174566144379],[86.22799495030372,26.911822688253928],[86.22742780412987,26.91177211596749],[86.226857096351,26.91182313680969],[86.22684609264144,26.91182532507821],[86.22640868200129,26.911818452458068],[86.22626181537113,26.911795072314124],[86.22618797622125,26.911772128418356],[86.22548740613448,26.91171636941945],[86.22516553637482,26.911563390747983],[86.22490631220568,26.911216603518817],[86.22492156203239,26.910690761779897],[86.22486353494271,26.91024125481949],[86.22370691032906,26.90916945231287],[86.22334677068253,26.908533206555937],[86.2231227456269,26.90801280576383],[86.22307633933615,26.90687716044667],[86.22350234920148,26.905240738650093],[86.22361344001781,26.904221063167952],[86.22423865041071,26.902764003793],[86.22428235037354,26.902493361461826],[86.2242841625644,26.902412149554177],[86.22432430089118,26.902299491303687],[86.22441570648645,26.902105870940176],[86.2249218718059,26.900519525606303],[86.2250284023157,26.899840699991778],[86.22500669338268,26.898770636202922],[86.22458809117063,26.897806731963676],[86.22420381931946,26.89729677409905],[86.2238568758298,26.896990124974387],[86.22338488732697,26.896703107981452],[86.22287019625274,26.896542315910057],[86.22282436675053,26.89651943465003],[86.22239808398965,26.896316253753394],[86.22195973441032,26.89622129318983],[86.221570843857,26.896298069309587],[86.22098131864692,26.896579345422875],[86.21984578961272,26.89746924312507],[86.21906169678016,26.897990841578714],[86.21875146347413,26.898348011964462],[86.21820558671742,26.899241154651058],[86.21755610923883,26.90005246192939],[86.21728951897279,26.900561114313376],[86.21736886902423,26.901286138860602],[86.21735387918251,26.902507247126483],[86.2171540691133,26.903605383994947],[86.21685890403282,26.903962679588503],[86.21556925234515,26.904587501182398],[86.21461491065472,26.905194001728834],[86.21378185993514,26.90554380003464],[86.2127104716383,26.905829019324745],[86.21192619027845,26.906233270867286],[86.21046834865429,26.906588577163866],[86.20888777741857,26.907085363938283],[86.20843148512117,26.907073802432716],[86.20781244735146,26.90719897022745],[86.20693862885608,26.907264060588712],[86.20658875125264,26.907291447138817],[86.20578208446331,26.907510394967726],[86.20496866253997,26.907627750378015],[86.20464417119834,26.907799741501947],[86.20397093843943,26.90884105371336],[86.20347076977879,26.910018779575545],[86.20322081099084,26.91060651676349],[86.20234175748763,26.912095900423587],[86.20214593894062,26.912316029775653],[86.2017522975579,26.91256885827664],[86.2013786652571,26.912930154762236],[86.20091843875373,26.913257130398065],[86.20036736173984,26.91320212036376],[86.19923625603714,26.91286840811294],[86.19771757356163,26.912688307930086],[86.19658634668693,26.91268863201513],[86.19533557460407,26.9124603276344],[86.19443117635124,26.912116610535378],[86.19289348696017,26.91191825540254],[86.19222411875931,26.91203179506059],[86.19157344574931,26.912262869212437],[86.19069156618596,26.912698005836724],[86.18977104689688,26.913085503640723],[86.18780240278994,26.914207352996378],[86.18600363711761,26.915607843711847],[86.18513726846578,26.91645835262533],[86.18463108769642,26.91686397662218],[86.18413472700409,26.917524738067492],[86.18373496072506,26.91795811953314],[86.18341403413046,26.918161681795997],[86.1829470522316,26.91827859640696],[86.18258560957753,26.918461591193868],[86.18217390015414,26.918811384931672],[86.18101062283753,26.920635244775184],[86.18023953881494,26.921533703562915],[86.17947382966739,26.922210972959046],[86.17886092225308,26.92256633257194],[86.17830447160182,26.92277752547269],[86.17747129631685,26.923206097191528],[86.17645881252463,26.924091805006913],[86.17628487631949,26.924293928214695],[86.17575818823288,26.924735563016117],[86.175041121106,26.925338559988834],[86.17292786696645,26.92686796676843],[86.17201366781788,26.92769328097488],[86.16880101525777,26.929575052414677],[86.16726759169623,26.93065175871685],[86.16686263453956,26.930888644453187],[86.16588415628333,26.931329846559102],[86.16525699402217,26.931680518458315],[86.16412120984923,26.93223362868788],[86.16337887993055,26.93253391175575],[86.16304944778803,26.93259974742539],[86.16256320960385,26.932833883264884],[86.16118920907834,26.933026640576525],[86.16085346264909,26.933132925478187],[86.16032908698934,26.933418764635245],[86.15946139871788,26.933727363141546],[86.1592010568471,26.934026078820423],[86.15892127531787,26.934699341864196],[86.15840693530643,26.937666780420983],[86.15842044106466,26.937718795233433],[86.15871487496933,26.9388581895662],[86.15976223025646,26.941722082471298],[86.15970471375586,26.942048992201727],[86.15954415774547,26.942255742141],[86.15908693126096,26.94256902600741],[86.15804786982054,26.943052677731323],[86.15717354971075,26.94309488639977],[86.15581086176745,26.942890339567906],[86.15488458121852,26.942591385428425],[86.15316850739788,26.941906263691717],[86.1524182264396,26.941414251749954],[86.1515113229541,26.940596145813092],[86.15063643180447,26.93995890460481],[86.15003695496506,26.93928715042699],[86.14953238832067,26.938762689211746],[86.14939189682059,26.93849098504815],[86.14931467654787,26.938120377587023],[86.14910797074887,26.93772182477037],[86.14880873161648,26.93736791136965],[86.1480484459072,26.93672904334059],[86.1464841737303,26.935762587854775],[86.14446717590785,26.93488134824147],[86.14344172038756,26.933471194544826],[86.14236631224782,26.932266100862147],[86.1415813293647,26.931581907695477],[86.14108563660527,26.93064663759545],[86.14097627834255,26.930158432629522],[86.14072499458672,26.92975737975614],[86.140472328645,26.928902631683574],[86.1402651257867,26.92870726411019],[86.13980195385673,26.928510335603047],[86.13833072203334,26.928040899653812],[86.13804486556172,26.92783609220563],[86.1378230286026,26.927410281180386],[86.13753791236878,26.92636122629001],[86.13728768988166,26.925935353606526],[86.1368814119029,26.925508482435173],[86.13620022124765,26.9252154029995],[86.13536297515718,26.925041047374467],[86.1346782213077,26.924765972839563],[86.13464789728967,26.924736464688046],[86.13441224607509,26.92451377681925],[86.13408236941784,26.924010695013326],[86.1334289895116,26.92271782102572],[86.13337690215528,26.922243494667697],[86.13343640981472,26.921040703988652],[86.13333136342878,26.92036744457921],[86.13319412186401,26.920034785590694],[86.1330955767989,26.91929832001503],[86.13297133413424,26.918487208038073],[86.13277862323031,26.917224276854316],[86.13280768475516,26.916219982004066],[86.13296910498055,26.915114905472315],[86.13288992493807,26.912942955812568],[86.13332950565965,26.911433321467253],[86.1336514253564,26.910575315823266],[86.1336553639371,26.910550496655],[86.13382391287759,26.90949737294633],[86.13445731344505,26.907946035850358],[86.13492603613817,26.906985062376393],[86.13350989188767,26.90691999439803],[86.13184772102802,26.90692782532238],[86.13113296106592,26.90700923070204],[86.12990726120734,26.90690014824572],[86.1268710891048,26.906931124276134],[86.12554216651002,26.907067426645387],[86.12428108258425,26.90726730975499],[86.12357476201643,26.907231306174],[86.12349298180723,26.907226305346263],[86.12297216458606,26.907098898531437],[86.12240107733223,26.90683132497882],[86.12104263791274,26.90642784506774],[86.11660000310457,26.90556057006936],[86.11517998376463,26.905594593460282],[86.11376984216875,26.90553158885413],[86.1128061162667,26.9056203742224],[86.11236326707882,26.905662765270808],[86.11161092682954,26.90548196996655],[86.11113881682863,26.90544290076491],[86.11037284632276,26.905268794161447],[86.10984133959145,26.905258670881302],[86.10871536770972,26.905441173224812],[86.10748485893117,26.905796851876666],[86.10667537933644,26.906116828271337],[86.10551114441003,26.906402923187738],[86.10451621837277,26.906480142725353],[86.10360363380094,26.90638856285415],[86.10220512041707,26.90625109788712],[86.1006155353762,26.905961090347635],[86.09907077806629,26.905567552290563],[86.0982651070057,26.905440522159033],[86.09798500354665,26.905287542717005],[86.09796105705583,26.905325741972224],[86.09781212958156,26.905491853866106],[86.09707705816614,26.906308788727088],[86.09659207763406,26.90714310107927],[86.09580673610722,26.90782205784781],[86.09579948381226,26.907828747344322],[86.09544242882869,26.90895739412137],[86.09511881945983,26.909754318558992],[86.0949665964006,26.911444004446608],[86.09499999231895,26.912189097966596],[86.0951882007315,26.91337763193767],[86.09525579034934,26.91362857999149],[86.0958337646514,26.914650312604948],[86.09584234651064,26.9160656033504],[86.09621261578768,26.916763178988848],[86.09665790875378,26.917213056771605],[86.09665109739822,26.917556032874344],[86.09571871030244,26.918906626260394],[86.09566800717278,26.919152385909086],[86.09583257134626,26.919550751652338],[86.09661867873025,26.92017417728402],[86.09702952202512,26.920598922804263],[86.09715500922191,26.920879566200117],[86.09716557648001,26.920987973579052],[86.09714463271116,26.921127826680348],[86.09700858651239,26.921449735259003],[86.09660431893201,26.921830851173368],[86.09644988974196,26.92204435257221],[86.0963209712485,26.922379827934385],[86.09631341039034,26.9227386825664],[86.09643864929562,26.92322469950947],[86.09639295160721,26.92377973810048],[86.09631386375294,26.924061383736237],[86.09630623986537,26.92443830730916],[86.09635113352276,26.9246124201026],[86.096428789036,26.924737018653467],[86.09695411556558,26.925582324296464],[86.09698050067601,26.925625399629364],[86.09736283757823,26.926435883956458],[86.09742442478652,26.926564983869053],[86.09746982642326,26.92743204977953],[86.09780939770937,26.928194896397812],[86.09773193551722,26.92851486591443],[86.09754374349889,26.928705548226993],[86.09684174220737,26.92918863476696],[86.09667468612095,26.929569060049385],[86.09663736423008,26.92994804712016],[86.09681880931132,26.93028776975504],[86.0972391562536,26.93071476660786],[86.09754114753208,26.931217786054287],[86.09757310291451,26.93175300574817],[86.09747219454285,26.93209091827808],[86.0971628365575,26.932481723393668],[86.0970489878308,26.932977557660195],[86.09650329496384,26.93350903122279],[86.09641220568543,26.93408401398496],[86.09585325755451,26.934653873813375],[86.09569070280139,26.935068121676654],[86.09568839639255,26.935596276880737],[86.0956101208643,26.93585760449345],[86.09513757826207,26.93637601090052],[86.09499840633596,26.936693355822452],[86.09496058286905,26.936932301297638],[86.0950554374589,26.93755598351922],[86.09497553698878,26.937864700225415],[86.09435751535068,26.93928956171143],[86.0942976232296,26.939668423350312],[86.09414419346989,26.939868296170477],[86.09383251963625,26.940069483458057],[86.09341036578135,26.940100621756756],[86.09205205980165,26.940396658905488],[86.09117361999112,26.94099590524618],[86.09077885224413,26.94111300644643],[86.09051882047243,26.94119034396733],[86.09005602650045,26.94122573361993],[86.08938109173074,26.941183040016007],[86.08893705580691,26.941392355291033],[86.08833540324525,26.941785789389254],[86.0880316079299,26.942065937315906],[86.0877127447378,26.942359588660846],[86.0872733982957,26.94254864843722],[86.08654376357842,26.943157896612693],[86.08558829595488,26.943736325971756],[86.08523835896419,26.944068113573003],[86.08490693051851,26.94452643897609],[86.08471117740781,26.94506015972928],[86.08464359754856,26.945633016447612],[86.08476983395906,26.945909221015565],[86.08502424171324,26.94610727747342],[86.0853661188562,26.94626744574921],[86.08597415472802,26.94633683572117],[86.08633347920832,26.946797404796474],[86.08675157179007,26.946989707590866],[86.08693533155915,26.947388135213618],[86.0870641299289,26.947513108031764],[86.08709851867884,26.947578814488537],[86.08711771364747,26.947624077593215],[86.08709664626998,26.947851895213176],[86.08670469724656,26.94844075891201],[86.08654257752131,26.948627065238057],[86.086332689393,26.948734036127355],[86.08613067965678,26.94883431737122],[86.08511862316338,26.948969991676286],[86.08440355097119,26.94920913165128],[86.08286079805059,26.949129184985768],[86.08260595465993,26.949107243443663],[86.082292215363,26.949130002887337],[86.08189350803036,26.9492583572321],[86.08115517858111,26.949495058344535],[86.08028461917111,26.95027266993744],[86.07959868305954,26.95052550051025],[86.07927212681854,26.950568516329987],[86.07905210903454,26.95056483015995],[86.07834102935406,26.950036493681385],[86.07776768057073,26.94887490835505],[86.07751864964222,26.94867685224448],[86.07725274051263,26.948699987180234],[86.07696551288362,26.948908050951147],[86.07665396595323,26.94931229704579],[86.07631910128443,26.949994001026454],[86.07637537694339,26.95043006549638],[86.0769492830732,26.95113576751036],[86.07771351643835,26.95251985391239],[86.07776184906675,26.95273241590406],[86.07768351264926,26.95311334167635],[86.07739559762005,26.9533755462907],[86.07704972281996,26.953497460049178],[86.0766488873586,26.95346095297509],[86.07638366237333,26.953206442990233],[86.07579062213907,26.952261296368015],[86.07562849798045,26.952111254334906],[86.07492617564932,26.95181779914632],[86.07450470904989,26.95187369496347],[86.07410187726762,26.952083260069205],[86.07387492168252,26.9523074525853],[86.07362452385168,26.952858867681773],[86.07350667554333,26.953492367336455],[86.07363591982349,26.95432160906288],[86.07354702335337,26.955221624196653],[86.07325536026185,26.95577722780414],[86.0726839069593,26.956274566726876],[86.07226369330516,26.956517891942497],[86.07114766520543,26.956975537180927],[86.0699197791452,26.957066762561777],[86.06957377983301,26.957254134010117],[86.06935589423938,26.957866628174983],[86.06909761598311,26.958187724551493],[86.0682601248437,26.958446308077544],[86.06732372086087,26.958516900761808],[86.06673307046742,26.958779295480486],[86.0667220030387,26.958783796683903],[86.06666198252773,26.958846565889253],[86.06651624361596,26.959035122492065],[86.06576353631984,26.959549406268685],[86.06468627271163,26.960059190703728],[86.06421072993983,26.960523269257408],[86.064178412025,26.961157330769407],[86.06403279945494,26.96136626837525],[86.06375226286588,26.961671422620455],[86.06299317893651,26.962269042717438],[86.06177530365197,26.96297876282079],[86.06154916569511,26.96356187333206],[86.06139436052037,26.963696289120186],[86.06079764141204,26.963701358791926],[86.06054348505974,26.963620649916656],[86.06001235473339,26.963691613790324],[86.05979139955123,26.963834595504952],[86.0595698841065,26.964038532207105],[86.0595110503098,26.9640719801671],[86.05924683061816,26.964232779352134],[86.05918193208697,26.964306801972008],[86.05913047789709,26.964441904538372],[86.05894392443666,26.965706902441546],[86.05846794531472,26.96641705346208],[86.05825143214321,26.966740650446475],[86.057815339628,26.96707856656542],[86.05763833759868,26.967120267501322],[86.05755405713687,26.967140024089264],[86.05747784270253,26.96721623500373],[86.05746121421369,26.967439613270777],[86.05743670854808,26.967771273279247],[86.05734886570134,26.967921880247058],[86.05723013581915,26.967997841271302],[86.05713578857595,26.96802660103332],[86.056511937825,26.968216537719947],[86.05624884180283,26.96823735821355],[86.05596142322187,26.968147397138814],[86.05518938804117,26.967988733206212],[86.05440491275739,26.96791803159415],[86.05390573442818,26.968264575751373],[86.05347370825167,26.968945592288254],[86.05275551897408,26.969836923461514],[86.05233912067948,26.970224603807342],[86.05149900625115,26.97071100425622],[86.05087571898403,26.970979963955955],[86.05055510193156,26.97102297930679],[86.05006454710319,26.971015169046506],[86.04983664881101,26.97085337443495],[86.04949976992701,26.970356794143047],[86.04886208457806,26.969113309638107],[86.04860248662204,26.968833917256948],[86.04680431029817,26.967343371446983],[86.04653346027513,26.9672354669365],[86.04613231429023,26.967338876576278],[86.04569946863407,26.967324626450708],[86.04496369259896,26.96674408746502],[86.04429650968343,26.966662819495465],[86.04392699648834,26.966416563122678],[86.04389942318716,26.96639830835239],[86.04361062516426,26.965992317061527],[86.04359718255792,26.96594036418966],[86.04360931096882,26.965888473437566],[86.04366264280935,26.965796258329565],[86.04393611655185,26.96570785562218],[86.04460167156722,26.96560631949718],[86.04492960142079,26.965407632866953],[86.04523158682447,26.965330670250353],[86.04547173385923,26.96508165738177],[86.04555401098725,26.964806888306637],[86.04545215973717,26.96467978922883],[86.045086650151,26.964632216509152],[86.043755476102,26.96472481820503],[86.04359410409867,26.964667240009],[86.04343835894613,26.964612037756265],[86.04293623185588,26.96411208327445],[86.04252251533914,26.963890334262622],[86.04232000194072,26.963701593496825],[86.0420397072676,26.963334050539103],[86.0409916869998,26.962299943866185],[86.04046699042156,26.961973603402424],[86.04023452983846,26.961942658989685],[86.04021152147678,26.961951536409053],[86.0398813401497,26.962082453534812],[86.03958473190177,26.96211434071496],[86.03948050566584,26.962082019678316],[86.03923760394458,26.962021691555524],[86.03911774670372,26.961966613530574],[86.03888447016753,26.961664902148335],[86.03850438373492,26.96077526983756],[86.03850137919991,26.96050212675416],[86.03863379632976,26.9599228926688],[86.03884380536351,26.959511270278924],[86.03912327860496,26.959122716163897],[86.03927458189062,26.95891377782488],[86.03997192798002,26.95602254795697],[86.04003832027551,26.95539098637041],[86.03976227098926,26.954488536964735],[86.0397134318906,26.95366885925147],[86.0392913341538,26.953162589072033],[86.03905686437561,26.952456758913875],[86.03840799348133,26.95170748279195],[86.03828494596715,26.95151261406581],[86.03793707207146,26.951767504822516],[86.0376077652205,26.9519097370455],[86.0373738676653,26.95190586253793],[86.03722437570958,26.95197032096842],[86.0371589770377,26.951999204361172],[86.03704981403962,26.95214074696849],[86.03706050819662,26.952400323226694],[86.03727221489602,26.95271779007035],[86.0375345006653,26.952979051490917],[86.03762622290179,26.953079080267294],[86.03762985117571,26.95317385756916],[86.03758764893593,26.95328420354351],[86.03740714744504,26.953441000821044],[86.03740221077423,26.953689261427783],[86.03761141705832,26.95408343756441],[86.03766937819006,26.95434113749361],[86.03754284139846,26.955150626908008],[86.03738278615127,26.9554632822969],[86.0370661109572,26.95571392187832],[86.03618278985586,26.955915551354064],[86.03423288872665,26.95590900489109],[86.03365199003858,26.956013416143474],[86.03347855179904,26.956073185504575],[86.0346433648088,26.95706521563793],[86.03495223238293,26.957439760183508],[86.03496192805261,26.95789570624603],[86.03466807929976,26.95864542961734],[86.0340180983604,26.959245924410077],[86.03336974758805,26.960248162020743],[86.03308865834474,26.961422259199306],[86.0331106710691,26.961869266016148],[86.03333013347135,26.962457686662063],[86.03328061565789,26.962543149363373],[86.03310198993395,26.962666062395535],[86.03271128407408,26.962627242152905],[86.03198964505408,26.962721651331716],[86.03171148168826,26.962810054380455],[86.0315392332503,26.962960100696176],[86.03134154053967,26.963355968419826],[86.03129802937428,26.963768777834005],[86.03143220779486,26.96413982267632],[86.03159245603139,26.96428992795233],[86.03203999672729,26.964498359629456],[86.03210670906066,26.964505549243114],[86.03217392036075,26.964488043477484],[86.03269517031453,26.964139435886214],[86.03298390142304,26.964218206450422],[86.03316622019818,26.96440457209508],[86.0332776376429,26.964518166771377],[86.03347877944286,26.965013810466505],[86.03353193382165,26.96586512273002],[86.03351167853901,26.966032046594734],[86.03330448122216,26.966400781833542],[86.03328447504524,26.966416474641953],[86.03288245650445,26.96674551240334],[86.03246543233098,26.967083490317282],[86.03154578749883,26.96750606010307],[86.03052480064345,26.96851480365048],[86.02954619904631,26.969126555107955],[86.02906440598115,26.96986583832543],[86.02845681950181,26.970796179875858],[86.02837773134779,26.971061946253517],[86.02841205891743,26.97127888475708],[86.02843262944613,26.971378351036787],[86.02838067499987,26.9714953863043],[86.02781790987618,26.971787164381638],[86.02744852501613,26.971899763137902],[86.02683211289799,26.97194965883023],[86.026626037938,26.972038498861792],[86.02592672197483,26.97220755512621],[86.02560429380668,26.972424246565506],[86.02550807782444,26.97303305116336],[86.02559918135006,26.97368374223272],[86.02537993050233,26.975189999007238],[86.02521118502457,26.97548233592209],[86.02461553650264,26.976121467141727],[86.02458596367212,26.976152851081306],[86.02443766189585,26.976409177782713],[86.02438751959284,26.97652164919279],[86.02438239404052,26.97660967499674],[86.02453870574212,26.977035110483687],[86.02459841713802,26.977198032890577],[86.0250371467927,26.977742751502287],[86.02539590643947,26.97799350936397],[86.0255630944387,26.978211446762597],[86.02562574338899,26.978293032864723],[86.02553490026912,26.97852491432045],[86.02536090127462,26.978690714491265],[86.02431484204,26.979699269759973],[86.02421705715277,26.979793361391597],[86.02414603387682,26.980032119248424],[86.02416129206446,26.980237679414685],[86.02420874879041,26.980359840262576],[86.02425382799247,26.980425608660884],[86.02454706336204,26.980630791985902],[86.02517354758628,26.98107304055495],[86.02558188928705,26.98145052240009],[86.02577189828261,26.981697843776605],[86.0257987248306,26.981989178968593],[86.02567093276606,26.982419431497217],[86.0249916346213,26.98355239577821],[86.02492474132139,26.984152322131127],[86.02494557673816,26.98542550829714],[86.02512477675585,26.986307078056914],[86.02507839264213,26.98697933846623],[86.02488651444415,26.98735726407355],[86.02448305922724,26.987790081868464],[86.02427692556385,26.98821527112022],[86.02434307815915,26.98846853286222],[86.02460955597476,26.988906033209695],[86.02472141386185,26.98933790954547],[86.02462063223602,26.989781853293998],[86.02469435074973,26.9901435210499],[86.0250449228295,26.990651542310975],[86.02567628580537,26.9912924119429],[86.02581684004798,26.991503285647706],[86.02603086548615,26.992328588443165],[86.0261494734809,26.992552903417714],[86.02658864010797,26.99298933937099],[86.02663165720482,26.993156638119114],[86.02651893412225,26.993593767764093],[86.02656933055819,26.993919113233538],[86.02712360042422,26.994297593679043],[86.02784249235012,26.994616306148938],[86.02859420790327,26.99480885540946],[86.0291926148521,26.994851299573913],[86.02944214276839,26.994731137239864],[86.02965984150842,26.994211232586512],[86.02983627871717,26.994020612271214],[86.03011494247843,26.99392320653035],[86.03051996354239,26.993779222952295],[86.03079218608559,26.993582475119588],[86.03093899017122,26.993617358562798],[86.03107516748857,26.993787594728104],[86.0310716683191,26.993977213164175],[86.03086041194778,26.994743127559794],[86.03088498840908,26.995147308876973],[86.03169442547576,26.99647556658474],[86.03160589432164,26.996628487139155],[86.03117186131018,26.996704451154883],[86.03094615526425,26.99683611675038],[86.03085794435562,26.997573583785538],[86.03087632938849,26.997934877668694],[86.03066938253615,26.99822240116398],[86.03050163402558,26.998318306015676],[86.0303491429927,26.998495547196956],[86.03038666171246,26.998908855661686],[86.03050045613878,26.999121791479944],[86.03106260157527,26.999349165771267],[86.03167458026243,26.999687384523654],[86.0320035185463,27.000190717169275],[86.03206792137235,27.000543257684686],[86.0319830183974,27.000827091307233],[86.03165959162754,27.001222147990802],[86.03141957188423,27.001703541426544],[86.03141269877837,27.002060146005974],[86.03131447891845,27.00239130740211],[86.03080192130963,27.002836943002517],[86.03047587675486,27.003947459386826],[86.03034382993054,27.004025546073198],[86.03001220815226,27.004057183718462],[86.02963063388988,27.00424861822321],[86.02927994760073,27.004706693279072],[86.02923981344037,27.00516007665473],[86.02952723706619,27.005699295354123],[86.02958401123347,27.00597956444895],[86.0294844759991,27.006093974202198],[86.02905413319962,27.006318981208636],[86.0289454074879,27.00643114030695],[86.0288184886364,27.006651456419267],[86.0288029836013,27.006694218921854],[86.0288088614381,27.006743920925302],[86.02901744157961,27.00707714161748],[86.02906377413933,27.007357348506154],[86.02897192878196,27.007462817738176],[86.02872771510334,27.00754015531876],[86.0285700963085,27.007590984233346],[86.028327010043,27.007873694434075],[86.02832507392374,27.00809719739731],[86.0283110711136,27.008225735297614],[86.028352899556,27.008302757925705],[86.02852252543508,27.00839872177046],[86.02877761863346,27.008438856797362],[86.02884108065018,27.00849793573893],[86.02886177720853,27.008592900805144],[86.0288185117452,27.00866936082565],[86.02866877048217,27.00876539064524],[86.02841323897482,27.00876364233288],[86.02819997368364,27.00880053024722],[86.02800696832682,27.00897070673729],[86.02794200814323,27.009123753046115],[86.02821530100347,27.009547749943383],[86.0287234291436,27.009914664971873],[86.02916697118528,27.0103578538289],[86.02931427753984,27.010589107676186],[86.02931315375645,27.01072452265499],[86.02912014808707,27.010894699801575],[86.02894971077707,27.01093183670068],[86.02869324295243,27.011045247856305],[86.0284363382706,27.011215049664997],[86.027579094943,27.01195627571887],[86.02732312747266,27.012013169728014],[86.0268972214082,27.012048621469514],[86.02676817534764,27.01218091123168],[86.02674579432393,27.01233426862566],[86.02689241399818,27.012642232893665],[86.02729406535822,27.013008399874327],[86.02742005165247,27.013239466544047],[86.02756585972658,27.013644521280426],[86.02775593198659,27.01381738253568],[86.02820259566886,27.01385882832012],[86.02830807345428,27.013974673632003],[86.02839079435284,27.014282200976318],[86.02819778849636,27.01449082622779],[86.02817503216076,27.014644121461995],[86.02821623687103,27.01483630269883],[86.02847076899116,27.01495314723573],[86.02885328502097,27.015050546869297],[86.02898033251154,27.015148449838613],[86.02902222386435,27.015225534351778],[86.02906342812808,27.015379329329054],[86.02899840720957,27.015550380310927],[86.02886979793803,27.01566460279861],[86.02848559705046,27.015795144139947],[86.02822825444629,27.01600558386872],[86.0282665245726,27.01654074000909],[86.02813529468426,27.01700031430458],[86.02798336818944,27.017382989965654],[86.02806640203171,27.017652193645972],[86.02823571557761,27.017786481706842],[86.02836263735044,27.0178641279678],[86.0286816299998,27.01792501834644],[86.0288089275023,27.017982346571518],[86.02969838537763,27.018563946576162],[86.0297824177717,27.018718053578013],[86.02980223906685,27.01887172358634],[86.02971521011703,27.01909904040872],[86.02954246260705,27.019404819342714],[86.02951939494649,27.019634887369165],[86.0295399657748,27.01972985300959],[86.02975135735224,27.01988477082298],[86.02977211623832,27.019961668101224],[86.02966345372023,27.020209242003748],[86.02934271320358,27.020398863505083],[86.02927775437814,27.020551908588086],[86.02925387368163,27.020838430787833],[86.02921085879373,27.020896823583342],[86.0289757733135,27.02101029662174],[86.02882540857995,27.021201104057223],[86.0288452302436,27.021354773281445],[86.02901242086911,27.02173732192166],[86.02898966425961,27.02192906625776],[86.02877552496032,27.022099117931603],[86.02849767517274,27.022212340812384],[86.02834812103666,27.02230837089169],[86.02809034211396,27.022575201846237],[86.02793972693125,27.022804395266384],[86.0276363733443,27.02341401461751],[86.02744367939842,27.02358644220965],[86.02718702392436,27.023717857725487],[86.0271440714489,27.023776250862426],[86.02705697964832,27.024003630366966],[86.02701184186256,27.024310283582185],[86.02664552674167,27.024844944047917],[86.02659807853017,27.02545631150914],[86.02633499239532,27.026373145721173],[86.02628979176559,27.026679861017776],[86.02628354849469,27.027444960678558],[86.02621527947696,27.027981681268486],[86.02617114113808,27.02817323789036],[86.02636208694945,27.028251321988716],[86.02712705624809,27.028389730435244],[86.02738271159387,27.028371223052883],[86.02772408610612,27.028278755235718],[86.02815155245356,27.028069501543538],[86.02840739555425,27.02799453995241],[86.02900380164142,27.027960274312917],[86.02985380264656,27.02811731229468],[86.03070205425458,27.028468533499808],[86.03104199260356,27.02854530275243],[86.03121230539179,27.02856680705769],[86.03189424164749,27.02843607511549],[86.03223480378638,27.028438384977136],[86.03253303717928,27.0284201273692],[86.03347069191224,27.028273074846926],[86.03398187921043,27.028256253076098],[86.03491928402568,27.028129457112566],[86.03551500221843,27.02813126431843],[86.03602675119515,27.028058050611214],[86.03653906195093,27.027869678641125],[86.03679471789187,27.027814972617524],[86.03722087277276,27.02775920179168],[86.03773174805973,27.027742380044387],[86.03841387113256,27.02763190378992],[86.03918002719612,27.027637147965336],[86.03977643265677,27.0275644339458],[86.04113968175471,27.027571423399817],[86.04139564995734,27.027516779505575],[86.04199218134343,27.027500519075875],[86.04233386791421,27.027407989261267],[86.04301580488458,27.027353966477968],[86.04412177503059,27.02757133250217],[86.04522961808426,27.027560756621632],[86.04591043213924,27.027680473411124],[86.04633508988441,27.02783682792948],[86.04656817616076,27.027989682568844],[86.04724511908852,27.028569784048646],[86.04766784096832,27.028992404897995],[86.04790130322246,27.02910918662252],[86.04841211595992,27.029171325570896],[86.04892380310551,27.02909798652431],[86.04909486501906,27.02902240014076],[86.04922359800922,27.02892624576214],[86.0494599318989,27.028659290503636],[86.04950375896712,27.028508245749233],[86.04950569427639,27.028278052948373],[86.04940402474494,27.027663435929263],[86.04940595995963,27.027435494173226]]]}},{"type":"Feature","properties":{"province":"Madhesh Province","district":"Dhanusha","municipality":"Ganeshman Charnath Municipality","ward":"6","wardNumber":6,"sourceMunicipality":"Ganeshman Charnath","sourceType":"Nagarpalika"},"geometry":{"type":"Polygon","coordinates":[[[86.1268710891048,26.906931124276134],[86.12990726120734,26.90690014824572],[86.13113296106592,26.90700923070204],[86.13184772102802,26.90692782532238],[86.13350989188767,26.90691999439803],[86.13492603613817,26.906985062376393],[86.1351201644179,26.906616076609538],[86.13510997210334,26.906507670438863],[86.1350957156958,26.906356313357477],[86.13524270120975,26.905896738949988],[86.13505530800036,26.904922704941047],[86.13493432396442,26.90469176386183],[86.13422011971842,26.904287839412085],[86.13259349891037,26.90207032868532],[86.13209205224746,26.901044782174754],[86.13195074132435,26.900226793940085],[86.131980240163,26.899199929526162],[86.1319886799079,26.899170607950097],[86.13174746691556,26.89914885428547],[86.13133000001619,26.89908083832832],[86.13091009754669,26.899100785647043],[86.13042129477729,26.899262587905604],[86.12888917939539,26.899808450530045],[86.12843545122227,26.89988466454278],[86.12784435779449,26.89968242314218],[86.12758175885794,26.899455047112962],[86.12677139182624,26.898750347630834],[86.12646265020992,26.89842337988554],[86.12626007095203,26.898004570727196],[86.1258613579727,26.89759126627713],[86.12556680955042,26.8973817693962],[86.12456906385697,26.896903889140894],[86.12357488023387,26.896218322585046],[86.12335604833208,26.896067968054655],[86.12315009673924,26.89600126312273],[86.12272118881495,26.895912803342],[86.1219438344923,26.895266933319217],[86.12094158492158,26.89456548688077],[86.12038056471202,26.894390503780777],[86.11995265863506,26.894383317899756],[86.11907652536833,26.894420775275716],[86.11872677123048,26.894274110059627],[86.11800825720692,26.89419965802248],[86.11779192265942,26.89372652143903],[86.1176821310248,26.893572414723927],[86.11762360920645,26.893560723816922],[86.11752400978737,26.89353978151872],[86.11739202467618,26.893595424207234],[86.11726635465561,26.893648815711927],[86.11703258122698,26.893645067463527],[86.11646680971012,26.89343844885529],[86.1163218790225,26.89325696017146],[86.11627054414772,26.89293611571019],[86.11626021335226,26.891712632301434],[86.11625946211387,26.89164486192359],[86.11618118210227,26.89151576206752],[86.11591564548678,26.891340276234754],[86.11526334428284,26.891295581794814],[86.11488982956536,26.891094588336387],[86.11476703462061,26.89102838299694],[86.11223779332259,26.890746199495336],[86.11138179497618,26.890910067989243],[86.10996721263605,26.89068232755235],[86.10866954892755,26.890586123335837],[86.10748024002454,26.890630585547676],[86.10716756367674,26.890705298150642],[86.10460156597709,26.890946455774557],[86.10328164644895,26.891001359837208],[86.09978255269863,26.89089336092552],[86.09962293149378,26.890860790947983],[86.09932501883033,26.89160601213948],[86.09919642187623,26.89262775114423],[86.0991836744184,26.893243869877686],[86.09918830432687,26.893530578452413],[86.0992437674922,26.893964267969793],[86.0992759716667,26.89443403092433],[86.09927759792981,26.894458850608654],[86.09928704108644,26.894655220925564],[86.09932906651544,26.895513284963506],[86.09920198193008,26.897577829428926],[86.09903742754803,26.89803727843327],[86.09904336890604,26.898172818181436],[86.09911510183075,26.89984130773329],[86.09885626588016,26.90057771414365],[86.09835515802993,26.90161964949608],[86.09828257041816,26.901770444362832],[86.09821705158711,26.90221470061409],[86.09822112855758,26.903289140776224],[86.09838013883926,26.904547446148694],[86.09828391943654,26.904815400803553],[86.09798500354665,26.905287542717005],[86.0982651070057,26.905440522159033],[86.09907077806629,26.905567552290563],[86.1006155353762,26.905961090347635],[86.10220512041707,26.90625109788712],[86.10360363380094,26.90638856285415],[86.10451621837277,26.906480142725353],[86.10551114441003,26.906402923187738],[86.10667537933644,26.906116828271337],[86.10748485893117,26.905796851876666],[86.10871536770972,26.905441173224812],[86.10984133959145,26.905258670881302],[86.11037284632276,26.905268794161447],[86.11113881682863,26.90544290076491],[86.11161092682954,26.90548196996655],[86.11236326707882,26.905662765270808],[86.1128061162667,26.9056203742224],[86.11376984216875,26.90553158885413],[86.11517998376463,26.905594593460282],[86.11660000310457,26.90556057006936],[86.12104263791274,26.90642784506774],[86.12240107733223,26.90683132497882],[86.12297216458606,26.907098898531437],[86.12349298180723,26.907226305346263],[86.12357476201643,26.907231306174],[86.12428108258425,26.90726730975499],[86.12554216651002,26.907067426645387],[86.1268710891048,26.906931124276134]]]}},{"type":"Feature","properties":{"province":"Madhesh Province","district":"Dhanusha","municipality":"Ganeshman Charnath Municipality","ward":"11","wardNumber":11,"sourceMunicipality":"Ganeshman Charnath","sourceType":"Nagarpalika"},"geometry":{"type":"Polygon","coordinates":[[[86.10953049815109,26.865041989908203],[86.11011052170802,26.86498246636782],[86.11114359033355,26.865241658035924],[86.11135122783256,26.865161695114335],[86.11117966196625,26.864887553196017],[86.11068365480078,26.86379192403897],[86.11053616131042,26.863574299024272],[86.10913338341325,26.86227661864549],[86.10830106699196,26.861332349785897],[86.10712674712339,26.85999996919903],[86.10689521971976,26.859506451296717],[86.10667644838972,26.859236561712073],[86.10658322494263,26.85905532162762],[86.10605201827293,26.858027150248226],[86.10575626753321,26.856461068057133],[86.10552315761723,26.854378395821787],[86.10572809609492,26.85347906769887],[86.10570270523766,26.852894270899018],[86.10550449878399,26.852141364526837],[86.10544616005178,26.851680542031193],[86.10550485999903,26.850931509454334],[86.10671497472217,26.849656998123027],[86.10803637271343,26.847814382599793],[86.10927831141076,26.84652655512087],[86.109329079919,26.846472663827598],[86.11082891091503,26.84396753871469],[86.11117034248517,26.843506899682048],[86.11142068005533,26.843228565769316],[86.11213006037248,26.842819939018597],[86.11284475188435,26.84224657636048],[86.11355525379157,26.841564806479035],[86.11369073791806,26.841378313257536],[86.1137584488471,26.841286160562674],[86.11432733887372,26.840813453931442],[86.11470172278376,26.840567503241065],[86.11501314545313,26.84027372628681],[86.1158633216151,26.839470919601986],[86.11637962816819,26.838839792604706],[86.11640469508563,26.838492376998794],[86.11612552134342,26.837698397361986],[86.11612795867772,26.837630689776745],[86.11545620835422,26.837170498331723],[86.11501679479585,26.83696462961523],[86.11377378454759,26.837485044154565],[86.11103660762736,26.838375394061792],[86.10954587744921,26.838557899655374],[86.10858284170797,26.838824987666182],[86.10817588315075,26.839095570259314],[86.10723305651621,26.84060420985403],[86.1063421776458,26.841379633649986],[86.10497487980176,26.842571871577864],[86.10388418541682,26.84395541331706],[86.10352730822352,26.84425562989317],[86.10337437843609,26.84438335672748],[86.10289283123667,26.844696328114424],[86.10263967777632,26.84480755037742],[86.10154434057694,26.84481643842071],[86.10139997676914,26.845007433375635],[86.10078582132049,26.845549785904943],[86.10067572295715,26.84586956864004],[86.10042794907632,26.84625624693995],[86.10010933508703,26.84648675552718],[86.09986399692681,26.846566468100495],[86.09967367715223,26.84656521969991],[86.09932767198464,26.84628539111599],[86.09919880833472,26.84586701947203],[86.09912521707624,26.845789810078166],[86.0989549676251,26.845806753900753],[86.09820526851466,26.846801928627414],[86.09737679552357,26.848302252234383],[86.09672744179885,26.84903397292258],[86.09540346363804,26.84949730898793],[86.09470971182189,26.84963060444736],[86.09389804501909,26.85008136998169],[86.09374313599812,26.85199674584449],[86.09378986295403,26.853875047679534],[86.09402296389364,26.85522862989713],[86.09446883544204,26.857039532552097],[86.09458788693291,26.857733235437998],[86.09468937630147,26.858939275559827],[86.09461654766696,26.8598326635459],[86.09425461407704,26.860800951432456],[86.0939392586958,26.861645389894647],[86.09366473898856,26.863212415102048],[86.09301751219972,26.86398027215385],[86.0933555112864,26.864086237784345],[86.09397892853593,26.86416925568593],[86.0949541589703,26.86411004225021],[86.09540482571923,26.864250579195247],[86.09739899434061,26.864509323701828],[86.09930619895773,26.865106042981196],[86.10149707467787,26.86611994483568],[86.10220183274889,26.866160513011625],[86.10244223231358,26.866080736573505],[86.10371055889827,26.865104626097512],[86.10480114050486,26.86469168204204],[86.10568114930759,26.864643034213056],[86.10845035493985,26.865129963364087],[86.10953049815109,26.865041989908203]]]}}]}