{"type":"FeatureCollection","features":[{"type":"Feature","properties":{"province":"Madhesh Province","district":"Rautahat","municipality":"Chandrapur Municipality","ward":"4","wardNumber":4,"sourceMunicipality":"Chandrapur","sourceType":"Nagarpalika"},"geometry":{"type":"Polygon","coordinates":[[[85.37955277602367,27.180456923641547],[85.3797029548269,27.18025455076026],[85.38030930178834,27.18015383007905],[85.3813161686472,27.179737638246344],[85.38282490224141,27.178578476062736],[85.38313807708909,27.178239123995542],[85.38360711868754,27.177548356027614],[85.38436357820487,27.176829952641636],[85.38464030324788,27.17660832335697],[85.38523964637498,27.176297728014397],[85.38565911057044,27.175984383897266],[85.38602192900032,27.175630965002533],[85.38602311047693,27.174915504235564],[85.3860730037463,27.17481572534839],[85.3863187144999,27.174330268465763],[85.38635303883672,27.17414715153453],[85.38617077920185,27.17358923880178],[85.38624036635434,27.173401183164188],[85.3863657868545,27.17328939992989],[85.38709874113644,27.17297742825567],[85.38725417164711,27.17283819909183],[85.38742510678215,27.172531858172384],[85.38749106743695,27.172352929624886],[85.38759291052014,27.171458166591535],[85.38752312853912,27.170716324089945],[85.38756107664811,27.170212613105956],[85.38833629246597,27.169390241976433],[85.38855411891305,27.168947985162333],[85.38851172703664,27.16883326427295],[85.38831928101818,27.168729110028213],[85.38761314483575,27.168605202900128],[85.38735842511858,27.16847235334631],[85.38726213942093,27.168337877179056],[85.38729814796098,27.16772588431318],[85.38715396616723,27.167244368817684],[85.38725099679147,27.166724277731465],[85.38752590905747,27.166559102076036],[85.38848732346638,27.166303521400348],[85.38881050250829,27.166013684195242],[85.38900156734562,27.165397939807335],[85.38920332597893,27.165032580834108],[85.38912848558029,27.164897916634665],[85.38866918781618,27.164487174335118],[85.38860466388186,27.16437270348074],[85.38877072262012,27.164129568570143],[85.38921544570583,27.163768584632074],[85.3890418782294,27.163303136357417],[85.38908464266942,27.163092824095177],[85.38921243852354,27.162969661841466],[85.389725125956,27.162856250724186],[85.38993176336199,27.162732338085668],[85.39010438219337,27.161843638581686],[85.39030076476016,27.16160925576066],[85.39030007516762,27.161295538517052],[85.38993105902642,27.160635659831232],[85.38967189967308,27.1604441674433],[85.389335524837,27.16027593278077],[85.38884765504369,27.159901638435304],[85.38833114701143,27.159198060066906],[85.38825768005042,27.158869276257406],[85.38835596422558,27.158604322917217],[85.3885991755111,27.158224959199124],[85.38868507950471,27.157878794654334],[85.38865443860324,27.157294560764736],[85.3887986128526,27.156807917017915],[85.3890488276251,27.156539086313106],[85.38955419824423,27.156238432583255],[85.38992345836147,27.15615803178866],[85.39011609131896,27.156176473315075],[85.3902867171947,27.15625374497762],[85.3904952341921,27.15658784162331],[85.39066492231461,27.15668780767727],[85.39095946729893,27.156635290122384],[85.39106606855391,27.156539386306985],[85.3911192738122,27.156347016907358],[85.39108701093357,27.156193847426657],[85.39089281157433,27.155839181765515],[85.3903007775842,27.155350729561363],[85.39000654325163,27.15517542983375],[85.38986980388077,27.154991751217725],[85.38992638474365,27.154666155653043],[85.3902640067567,27.154371691978124],[85.39027457168858,27.154256470153634],[85.39013608169593,27.154075043471344],[85.38993294455257,27.154074794782556],[85.38935166993278,27.15424984958175],[85.38855650281995,27.154169705973477],[85.38826827013833,27.153969461804863],[85.38808695089287,27.15369363178284],[85.38801654844143,27.15340767321461],[85.38805324656208,27.153107147282572],[85.38851328178598,27.15195611801958],[85.38855010333366,27.151359880777637],[85.38833045602091,27.15089036855226],[85.38797813730935,27.15071331946721],[85.3877751262667,27.150771774912574],[85.38740205482145,27.15115464034754],[85.38680896754505,27.15190755269618],[85.38643164905076,27.152816259397706],[85.38607596076719,27.153433630765267],[85.38582593271506,27.15361443473951],[85.38552438252133,27.153409814373756],[85.38543015781475,27.153133108525285],[85.3855780856219,27.15295786857337],[85.38584705969905,27.152876218045435],[85.38589407595492,27.1527516190163],[85.38580529044239,27.152407205396916],[85.38559889951571,27.152091051328227],[85.38529978755261,27.151823161994052],[85.38504350521028,27.151708317094464],[85.38379917286319,27.15172064123437],[85.38360828947428,27.151584790337722],[85.38354907643264,27.15113178254884],[85.38374864713431,27.150845447369818],[85.38378353317397,27.15066001755927],[85.3837834063164,27.15039143842612],[85.38357807611432,27.149750251850996],[85.38364090184166,27.148560214098442],[85.3834505169674,27.14820779932954],[85.38250766460493,27.147499409464892],[85.3823300964008,27.147117485949426],[85.38233003245716,27.146957251636113],[85.38257287020052,27.146652409728038],[85.38351195977098,27.146081173635363],[85.38362925223099,27.145924252035606],[85.38376911227783,27.145453425567382],[85.38361167643679,27.145114201606642],[85.38368619976941,27.144612428830637],[85.38363492941181,27.14433984873964],[85.38348824891523,27.144208123333357],[85.38318807690374,27.14426301637381],[85.38255040968347,27.144774858981652],[85.3822118514638,27.1453492166511],[85.38208399272077,27.14541592481513],[85.38195594629596,27.14541492531494],[85.3816050664411,27.145296517842745],[85.38117784248517,27.14476811507266],[85.38084334244772,27.144543426456597],[85.38070916682628,27.144303294097764],[85.38078837997767,27.143875918537496],[85.38171446017672,27.142614229462378],[85.38196492305589,27.14210170202488],[85.38195404286466,27.141986668432462],[85.38181505322606,27.141814243384314],[85.38043547845893,27.14113273973286],[85.38012805047202,27.14080401984568],[85.38010722964711,27.14069811342115],[85.38010704007837,27.1404295352041],[85.38034324994514,27.140197027232684],[85.38077872142144,27.140066361652984],[85.38094334289605,27.139920255136886],[85.3809812302678,27.139714506416347],[85.38093396053577,27.139457681242913],[85.38056844753413,27.13896929025092],[85.38046865957732,27.13870171290589],[85.38048972839269,27.13851865852985],[85.38067854633005,27.138383679880192],[85.38135110542618,27.1383544800292],[85.38172755516531,27.138242444260378],[85.38190136859178,27.138118845087245],[85.38211175333508,27.137487095655754],[85.38212238139592,27.13737187427771],[85.38200646088818,27.137027710921522],[85.38097926531364,27.136324636057275],[85.38124517308597,27.135947335976844],[85.38165744362074,27.13526625804895],[85.38151275899729,27.13442582468447],[85.38075660053696,27.133711056970405],[85.3791862112347,27.133706252739284],[85.37842561657776,27.133345839264358],[85.37832526507042,27.133136903091508],[85.37829162798484,27.133067258311968],[85.37795225164673,27.132957791031497],[85.37800001666538,27.132591683233525],[85.37836758730137,27.13237367854256],[85.3791928884823,27.132094717168215],[85.3794289117838,27.131956987364532],[85.37971964106839,27.13169909718741],[85.37986075246397,27.131325299303953],[85.37964210567536,27.13072712453774],[85.37974270118309,27.13028824485396],[85.37909721174474,27.129953900887475],[85.37864360497834,27.129581356577575],[85.37847791763342,27.129393427546013],[85.37835399373644,27.129056079050816],[85.37820525100506,27.128910850214275],[85.37734055359675,27.128337062065818],[85.37724608000754,27.128195833563925],[85.37724695426836,27.12801071627668],[85.37838379828014,27.126604858784905],[85.37845532212766,27.12632196288065],[85.37845707038753,27.12605338394242],[85.37825505655256,27.12577555341231],[85.37776862788417,27.12570578634509],[85.37756974130555,27.125585877404845],[85.37714683523276,27.12555393301092],[85.37694844885115,27.125373068534675],[85.37679332454402,27.124805840468902],[85.37644319136474,27.12412320434708],[85.37548302237212,27.123683455886137],[85.37496714309283,27.123318414548077],[85.37448140043377,27.123099728428823],[85.37391894018435,27.122638033852258],[85.3733822403189,27.122376960485365],[85.37330177296006,27.122294249400387],[85.37324300095503,27.12223391947278],[85.3722416873195,27.121210062250377],[85.3715910655602,27.120139814220693],[85.37120022577933,27.119010672352392],[85.3711432007802,27.118526030706672],[85.37080551421649,27.118499962339754],[85.36994282165608,27.118442888841862],[85.36837849777741,27.11845371416205],[85.36713297606504,27.118292049196583],[85.36522702342542,27.1179517736249],[85.36509791387279,27.11796659115248],[85.36447962552303,27.118042554961868],[85.36403390033828,27.118155216350065],[85.36324736617088,27.1187632116724],[85.36271942609623,27.11927167763989],[85.3611591711802,27.119986459842284],[85.36069418830948,27.120124127784386],[85.35749501841033,27.120683249143777],[85.35554443303194,27.121446923710163],[85.35505781670439,27.12146968292528],[85.35499316811877,27.1215470807407],[85.35443866936829,27.1237258499455],[85.3544661189619,27.124018998008058],[85.354188899024,27.124872500438816],[85.35397113368353,27.12511844904568],[85.3529492631844,27.12577596160083],[85.35217817531388,27.126787763501444],[85.35195197103026,27.127275220127817],[85.35121727373982,27.128582296634878],[85.35021310280291,27.129984464749455],[85.34962945531507,27.13047986423301],[85.34942963341996,27.130750382143418],[85.34936861331637,27.131078228879595],[85.34950129238179,27.131733670308325],[85.34905756923034,27.132013318179713],[85.34889050725411,27.13201269334503],[85.34847522949937,27.13188803509302],[85.34783605268322,27.13139089236853],[85.34713322696157,27.130684439016495],[85.34545665912974,27.128820464533792],[85.34469968372764,27.127539029837372],[85.34427945747932,27.126310797171737],[85.34395120703289,27.12565035502026],[85.34387930385346,27.12538927816624],[85.34374394158847,27.12535445636306],[85.34291551741552,27.126003340093007],[85.34237801262879,27.126728493763313],[85.34070292035788,27.129673994611615],[85.34049209497894,27.129926569887242],[85.3397973428829,27.130413904678985],[85.3375231479653,27.132369868122826],[85.33732870196684,27.13245745765151],[85.33748369648292,27.13249659304508],[85.3370894284445,27.132703531343523],[85.33678475673908,27.13301337416962],[85.33667434095167,27.13301212506954],[85.33654341906795,27.13313753727261],[85.33650290424303,27.133176298935],[85.3358636100125,27.133563791323972],[85.3316194970417,27.134766546160925],[85.33145424938598,27.13481324780556],[85.33036022686397,27.13536529178873],[85.32979214648468,27.135749846049922],[85.32907738448714,27.13589658112584],[85.32828040691716,27.136181731570574],[85.32715105601183,27.136465509556526],[85.32576180057438,27.13701355385941],[85.32543042988243,27.137203924877237],[85.32485353192185,27.137432932506478],[85.32376894794034,27.13761017923799],[85.32204262600791,27.137606125555877],[85.31963786918122,27.137771000757944],[85.31843799374958,27.13817950350743],[85.31683740880557,27.13856925281137],[85.31591844677074,27.138620710727572],[85.3143125427344,27.138498122099858],[85.31403587904296,27.138521067866197],[85.31379347778592,27.138606782036323],[85.31264649873813,27.139226971055212],[85.31226823838907,27.139670603482585],[85.3114610706604,27.140170192875555],[85.31136616281447,27.1404103259846],[85.31135966253825,27.140717291822387],[85.31162682713023,27.14129258403082],[85.3119481991275,27.141804169663434],[85.31206349228403,27.141902385601455],[85.31253810983857,27.142737565746756],[85.31297579043168,27.145374087363244],[85.31355702134337,27.147659443011513],[85.31391204494798,27.150073337584615],[85.31429725520336,27.15091833342653],[85.3149181733185,27.15120816472744],[85.3157705475222,27.151064743178896],[85.3161746954311,27.150990968837505],[85.31630611988108,27.151113879242537],[85.31661755303979,27.151966314882987],[85.32039093383091,27.15111604250361],[85.32317282741116,27.150647450267627],[85.32949313579,27.148831691348207],[85.3316198507241,27.14833978358232],[85.33548964070295,27.147445309915035],[85.33853469165567,27.146741459529288],[85.34100065444444,27.14602948589423],[85.34251933580688,27.14585923823497],[85.34476090488496,27.145221600268954],[85.34735660476265,27.144709183453667],[85.34879019106891,27.14433875334648],[85.35004346198203,27.144080732669476],[85.35093266082285,27.143704240882336],[85.35465070702847,27.14285809494794],[85.35531119971402,27.142869781286546],[85.355875345793,27.14304939368007],[85.35600196106601,27.143815555315484],[85.35624042867289,27.144497066243847],[85.35653966719273,27.144983957907336],[85.35676656811721,27.145548247080285],[85.35684053296609,27.145615203710822],[85.35751022178312,27.146229379649814],[85.35811863552426,27.14662524253582],[85.35969740895031,27.147406649442306],[85.36046913107431,27.147534557473527],[85.3610291519889,27.147838331141568],[85.36121390829166,27.14799225019686],[85.36121028290425,27.14816380040703],[85.36090230170035,27.149031181993507],[85.35994296063164,27.150437538478094],[85.35856546321723,27.151590635974156],[85.35690924183851,27.153121096199797],[85.35661857502552,27.1534940821527],[85.35589519035689,27.15423230381165],[85.35545259500141,27.154875308304497],[85.35471464617306,27.15618919897018],[85.35450269982918,27.156972180183434],[85.35418278261349,27.15873338665076],[85.35384879312345,27.159759003047956],[85.35367479781493,27.160498720945125],[85.35369956793049,27.162028670699744],[85.3539106516543,27.16273981599253],[85.35420363624023,27.163073286983884],[85.35436294572327,27.16310335719595],[85.35602473705993,27.16228154328698],[85.35749065234036,27.162477216586872],[85.3581389554367,27.162721471741776],[85.35895669661173,27.163203295334082],[85.35955285374908,27.163258433484383],[85.36100200905891,27.16300966379249],[85.36185050955503,27.16306004784203],[85.36244460507159,27.1634628505058],[85.36436125030143,27.163841387219765],[85.365111840643,27.164089142236115],[85.36559439552241,27.164447807421155],[85.36632648525011,27.16551036512349],[85.36698154843587,27.166767855849688],[85.36713017080396,27.167470561100124],[85.36720102341387,27.16919644306934],[85.36752246143325,27.17020211116899],[85.36797288290609,27.17092219515609],[85.36824086280821,27.171686918136082],[85.36843456054929,27.171996507444632],[85.36882739539871,27.172392121142906],[85.36904285109986,27.17252547158801],[85.36936196880758,27.17256748253895],[85.36956629307782,27.17250902618246],[85.37005659884673,27.172517776070155],[85.37124353760272,27.172842426512748],[85.37215974887243,27.17285830043001],[85.3727859809176,27.17309367809914],[85.37330242548501,27.173641522682246],[85.37332605952375,27.173666154893397],[85.37371889830517,27.17462149541747],[85.37389221430779,27.174816114182402],[85.37397924673893,27.17491232926079],[85.3740108837511,27.175027113390165],[85.37451019598736,27.175408159024084],[85.3754831244577,27.176490909344036],[85.37617026238568,27.177784159752182],[85.37640823027787,27.17851080903253],[85.37698214030262,27.180030814542054],[85.37712077074686,27.182119365001633],[85.37768342443422,27.183339344727422],[85.37857131966562,27.18411375404916],[85.37919173494222,27.184137007489365],[85.37961520003793,27.183731072587964],[85.37975693308019,27.18289238755427],[85.37967339533421,27.18205364209812],[85.37942042249941,27.181342934878277],[85.3793930320748,27.180758637808143],[85.37942147785097,27.180453673695713],[85.37955277602367,27.180456923641547]]]}},{"type":"Feature","properties":{"province":"Madhesh Province","district":"Rautahat","municipality":"Chandrapur Municipality","ward":"3","wardNumber":3,"sourceMunicipality":"Chandrapur","sourceType":"Nagarpalika"},"geometry":{"type":"Polygon","coordinates":[[[85.31039166330731,27.238384367917863],[85.31106791187291,27.238341913880248],[85.31137364912848,27.23841580895915],[85.3117117126967,27.238656439951196],[85.31202739207788,27.238660189690062],[85.3128332490187,27.238422365046908],[85.31423494251919,27.237158922990574],[85.31581032648029,27.23606752975],[85.316331954171,27.235766938306984],[85.31793385087562,27.23510185883472],[85.31914717060891,27.2348918516447],[85.3200559401435,27.23465984121634],[85.32042920204913,27.234626953893258],[85.32119123312735,27.234685216650664],[85.32148471601651,27.234632761735618],[85.32241961857838,27.23410034961371],[85.32329799908382,27.233487163833654],[85.32372346669456,27.23327322332932],[85.32431530930714,27.233305980196413],[85.32474159054493,27.233218451948286],[85.32571175573486,27.2326269591782],[85.32615491744484,27.23246928576127],[85.32719604965418,27.232278847748123],[85.32764833973329,27.232143680260545],[85.32972341028925,27.231476222015605],[85.33091578267405,27.230995448579026],[85.33124796660546,27.23090198147478],[85.33162022800182,27.230839773070038],[85.33187725974835,27.23079669682838],[85.33334523818708,27.230879774729225],[85.33375044845383,27.230715661597486],[85.33464877482267,27.230142862635542],[85.33549570570462,27.229444152431746],[85.33741815480103,27.22831537151737],[85.3381402900498,27.22768774527774],[85.33935767355784,27.2274527306168],[85.33953849029552,27.227482613584854],[85.34168353790515,27.22860399271821],[85.34253766743491,27.22887112797514],[85.34465163389744,27.229090116838147],[85.34563049500102,27.22928829439335],[85.34596361905635,27.229382132036562],[85.34652176376046,27.22965664656958],[85.34724421798903,27.229737665931328],[85.34765480712028,27.229864638394],[85.34826534648194,27.230138590250167],[85.34892352620804,27.230123206707034],[85.34928678360998,27.230047494316363],[85.34939963746154,27.229983225298547],[85.34984098339811,27.22952083674187],[85.35037048477022,27.228784492058132],[85.35057092978035,27.228186689905545],[85.35090029456008,27.227443281895457],[85.35156222026892,27.2267033732768],[85.35187327000403,27.22642503967171],[85.35265636335807,27.225469566180546],[85.35340744552708,27.224737783861258],[85.35426344031308,27.22365070990023],[85.35470272480443,27.223492972844312],[85.35583432321044,27.222705672146365],[85.35677722307624,27.22150256279691],[85.35709352416583,27.22119703371418],[85.35731472998259,27.221068557055926],[85.35815391486744,27.221200340893784],[85.35901004143267,27.221169451204403],[85.3591926691659,27.220930692002383],[85.35988322020438,27.2189649232852],[85.36007604015208,27.218728414714253],[85.36019389453052,27.218664082430966],[85.360343075052,27.218682899597766],[85.36055928011528,27.21881399952257],[85.3609947567741,27.219331086391872],[85.36178724256322,27.220142631728407],[85.36214450105128,27.220403206683343],[85.36310223036467,27.220637643927542],[85.36426865831119,27.220477277569117],[85.36475752469454,27.220454454843615],[85.36588649983892,27.22013429138808],[85.36632603667054,27.22005088932332],[85.36690981389356,27.22014685178765],[85.36729295529892,27.22014984962223],[85.3679426929864,27.21996522903844],[85.3684675080937,27.21963056457984],[85.36894218321004,27.219637188817284],[85.36931544669147,27.219809612488167],[85.36992492039003,27.219846494048504],[85.37107627850217,27.2194448061818],[85.37184893533008,27.219094198908127],[85.37233336068819,27.21881405055726],[85.37294908243454,27.218171545339057],[85.37330289838795,27.217949165986248],[85.3733649203504,27.217910216778566],[85.37354523735169,27.217944537730013],[85.37388480020356,27.218047252971168],[85.37480883260527,27.218665617088785],[85.37644988106437,27.21959737978598],[85.37653566369222,27.21969359495388],[85.37714426492866,27.219960670083253],[85.37727224875185,27.219903027132723],[85.37792267152165,27.219363989995397],[85.37844154470744,27.218805884682556],[85.37952718891036,27.21809554464662],[85.38008589320262,27.2179546248266],[85.38057707016459,27.217462289463928],[85.38149984145343,27.21684610205982],[85.38226799706375,27.21649543245476],[85.38257298291407,27.216354763834353],[85.38316669732981,27.215879495788595],[85.38371383372683,27.215616790239174],[85.38439226917048,27.21541147525041],[85.38571925671113,27.215287743079593],[85.38615341600098,27.215335316869446],[85.38709732813972,27.215569691640084],[85.38773418993372,27.21587934144612],[85.38841400731536,27.216495518574785],[85.38847271685454,27.21654909590304],[85.38865822401189,27.21679779324082],[85.38940193900524,27.21732300542949],[85.38987273957488,27.21757557628055],[85.3911735909649,27.217328057885137],[85.39128031700092,27.217232153639937],[85.39142455449625,27.216851541062628],[85.39165332510878,27.21672512713572],[85.3918450205206,27.21671418599984],[85.39217795650264,27.216787642441457],[85.39246287455047,27.216913427735072],[85.39316101189158,27.217579056402005],[85.39336627679046,27.21789521015626],[85.39360442847298,27.218064384009118],[85.39372516199833,27.218282071582703],[85.3940457803233,27.218281069419877],[85.39451019588164,27.217612995493468],[85.39476672527424,27.217382488235046],[85.39500862391435,27.217046012837624],[85.39567580304238,27.216495472269564],[85.39581454071445,27.216381312941575],[85.39687892577058,27.215596512477465],[85.39707505809658,27.215384636837488],[85.39774810956632,27.21429462418961],[85.3978329513407,27.214065807064724],[85.39769657927546,27.21290040323436],[85.39712210333322,27.211017103603726],[85.39712328459674,27.210154974480343],[85.39701230095868,27.209553486219644],[85.39668855207789,27.208949623482205],[85.39668717460161,27.208635906592697],[85.39683691145443,27.207943826967696],[85.39686948136705,27.207367969753836],[85.39702328169555,27.206544915221606],[85.3973972271202,27.206017570170374],[85.3970776683261,27.205492668076168],[85.39676648107131,27.204274812458273],[85.3967100188462,27.203735966649706],[85.39663680285372,27.20353809616845],[85.39621608345989,27.20325339056634],[85.3952920538617,27.20293761630789],[85.39324698551944,27.20249306084167],[85.39312962850613,27.202397221528628],[85.39308717452764,27.20228024944774],[85.39342491601172,27.201227437942663],[85.39331781071637,27.200840262174808],[85.39311873417506,27.200406761429637],[85.39295554409281,27.199817026451406],[85.39291934008908,27.19934119949847],[85.39299511139647,27.19853477436588],[85.39310439888453,27.19824025007603],[85.39336036607244,27.197971419500302],[85.39372787502892,27.19778717572007],[85.39452191219547,27.197196997177134],[85.39457568074202,27.19705201636275],[85.39469303621942,27.197003439425924],[85.39492618261453,27.19677093216614],[85.39523579303854,27.196352556985197],[85.3951504417764,27.195423596831564],[85.39497399210443,27.194278824492276],[85.39447848748598,27.193006391127508],[85.39350736916894,27.19163480717714],[85.3923743200923,27.190684659591373],[85.39056189358718,27.18934852851176],[85.3899841143577,27.188751669610944],[85.38947673342626,27.187984884964695],[85.38815136431724,27.18704330445696],[85.38757101981416,27.18629302497211],[85.3873887600257,27.185635833301728],[85.38725139536662,27.185449841696066],[85.38560560018378,27.18512081822118],[85.38508878458077,27.184963525577285],[85.38482406013807,27.184679505645693],[85.38454082115864,27.18345902393002],[85.38441352184537,27.183114985958653],[85.38404344535519,27.182782328818377],[85.38256333282379,27.18206800262282],[85.38184531769313,27.18181555855505],[85.38117475662342,27.18167320856851],[85.38066863203828,27.18146146152252],[85.38002189099525,27.18099620416149],[85.37955277602367,27.180456923641547],[85.37942147785097,27.180453673695713],[85.3793930320748,27.180758637808143],[85.37942042249941,27.181342934878277],[85.37967339533421,27.18205364209812],[85.37975693308019,27.18289238755427],[85.37961520003793,27.183731072587964],[85.37919173494222,27.184137007489365],[85.37857131966562,27.18411375404916],[85.37768342443422,27.183339344727422],[85.37712077074686,27.182119365001633],[85.37698214030262,27.180030814542054],[85.37640823027787,27.17851080903253],[85.37617026238568,27.177784159752182],[85.3754831244577,27.176490909344036],[85.37451019598736,27.175408159024084],[85.3740108837511,27.175027113390165],[85.37397924673893,27.17491232926079],[85.37389221430779,27.174816114182402],[85.37371889830517,27.17462149541747],[85.37332605952375,27.173666154893397],[85.37330242548501,27.173641522682246],[85.3727859809176,27.17309367809914],[85.37215974887243,27.17285830043001],[85.37124353760272,27.172842426512748],[85.37005659884673,27.172517776070155],[85.36956629307782,27.17250902618246],[85.36936196880758,27.17256748253895],[85.36904285109986,27.17252547158801],[85.36882739539871,27.172392121142906],[85.36843456054929,27.171996507444632],[85.36824086280821,27.171686918136082],[85.36797288290609,27.17092219515609],[85.36752246143325,27.17020211116899],[85.36720102341387,27.16919644306934],[85.36713017080396,27.167470561100124],[85.36698154843587,27.166767855849688],[85.36632648525011,27.16551036512349],[85.36559439552241,27.164447807421155],[85.365111840643,27.164089142236115],[85.36436125030143,27.163841387219765],[85.36244460507159,27.1634628505058],[85.36185050955503,27.16306004784203],[85.36100200905891,27.16300966379249],[85.35955285374908,27.163258433484383],[85.35895669661173,27.163203295334082],[85.3581389554367,27.162721471741776],[85.35749065234036,27.162477216586872],[85.35602473705993,27.16228154328698],[85.35436294572327,27.16310335719595],[85.35420363624023,27.163073286983884],[85.3539106516543,27.16273981599253],[85.35369956793049,27.162028670699744],[85.35367479781493,27.160498720945125],[85.35384879312345,27.159759003047956],[85.35418278261349,27.15873338665076],[85.35450269982918,27.156972180183434],[85.35471464617306,27.15618919897018],[85.35545259500141,27.154875308304497],[85.35589519035689,27.15423230381165],[85.35661857502552,27.1534940821527],[85.35690924183851,27.153121096199797],[85.35856546321723,27.151590635974156],[85.35994296063164,27.150437538478094],[85.36090230170035,27.149031181993507],[85.36121028290425,27.14816380040703],[85.36121390829166,27.14799225019686],[85.3610291519889,27.147838331141568],[85.36046913107431,27.147534557473527],[85.35969740895031,27.147406649442306],[85.35811863552426,27.14662524253582],[85.35751022178312,27.146229379649814],[85.35684053296609,27.145615203710822],[85.35676656811721,27.145548247080285],[85.35653966719273,27.144983957907336],[85.35624042867289,27.144497066243847],[85.35600196106601,27.143815555315484],[85.355875345793,27.14304939368007],[85.35531119971402,27.142869781286546],[85.35465070702847,27.14285809494794],[85.35093266082285,27.143704240882336],[85.35004346198203,27.144080732669476],[85.34879019106891,27.14433875334648],[85.34735660476265,27.144709183453667],[85.34476090488496,27.145221600268954],[85.34251933580688,27.14585923823497],[85.34100065444444,27.14602948589423],[85.33853469165567,27.146741459529288],[85.33548964070295,27.147445309915035],[85.3316198507241,27.14833978358232],[85.32949313579,27.148831691348207],[85.32317282741116,27.150647450267627],[85.32039093383091,27.15111604250361],[85.31661755303979,27.151966314882987],[85.3115612668516,27.153153506885968],[85.30808311840565,27.15370062593788],[85.3062336314199,27.1545055605417],[85.30537719439981,27.15484979253139],[85.30344436278567,27.155335008487192],[85.30088167637436,27.15600659656516],[85.29840689794537,27.156760769958236],[85.29696455896512,27.157331633836776],[85.29606979499135,27.157637854434054],[85.29629100347238,27.157890801858194],[85.29725273677529,27.158577060833565],[85.2976871482013,27.15877617887676],[85.29910567659446,27.15973801530305],[85.29951157839047,27.160088678628426],[85.29958335563896,27.16024141104364],[85.29953277733046,27.16055787909973],[85.29917527317617,27.160845528288334],[85.29884715174313,27.160839528186877],[85.2979375008067,27.160240857902647],[85.29732883867906,27.16013814363324],[85.29694307333008,27.16033357859704],[85.29682865970331,27.16079965326577],[85.29690906924328,27.16137207129166],[85.29708301067966,27.161738365099858],[85.29745708853774,27.162172740816175],[85.29855968694366,27.16292314244862],[85.29861483482583,27.163218353349226],[85.29835742977357,27.16359759157229],[85.29752800180206,27.16382647646663],[85.29689445683098,27.16386842962703],[85.29618475997204,27.164091686730437],[85.2958612058054,27.164367770365086],[85.29563231106133,27.16464972954074],[85.29550095223964,27.16490824364549],[85.29548632358315,27.165113741633643],[85.29549307806906,27.165319114041672],[85.29563081821519,27.165608948946993],[85.29592386452241,27.165746174551963],[85.29643023770255,27.165784370211277],[85.29768294292981,27.165005384006623],[85.29789614508037,27.164947052986296],[85.2982381461677,27.164952865851625],[85.2985571394712,27.165044703509345],[85.29880260560307,27.165159798230306],[85.29912791535494,27.16552015227374],[85.29908646580637,27.166026113567533],[85.29857922078789,27.16657021386258],[85.29815738041422,27.16686073867018],[85.297510271723,27.16741521819463],[85.2972303593871,27.167763071908198],[85.29718509539335,27.168158501452663],[85.29745094734464,27.168720352347936],[85.29782383710337,27.169107275916655],[85.29795175936502,27.16914672458818],[85.29835934690229,27.16915422468578],[85.29934201965312,27.168973540044195],[85.29967701838828,27.16913070963607],[85.29996143806903,27.16944848897527],[85.30012162405234,27.16976751865465],[85.30040048392702,27.17080313394529],[85.30063176143737,27.171378802017752],[85.30065358562204,27.17190220590226],[85.30036423717753,27.17294982775684],[85.2998705603029,27.173523186116448],[85.29975345631335,27.17376125717165],[85.29972951037006,27.173874352523875],[85.29985149975272,27.174762425460738],[85.29981742527627,27.17481694212374],[85.29927785757789,27.175675072078057],[85.29893117363123,27.176463681327878],[85.29892461144738,27.176820348399083],[85.29903227835285,27.177128563209987],[85.2995532868233,27.17766090426785],[85.29963225411761,27.177885845081093],[85.29955872871332,27.17807377537282],[85.29910106346256,27.178436947194058],[85.29847940436387,27.17934327987339],[85.29833597936972,27.179707949985797],[85.29832772899002,27.18013907688326],[85.29843577260219,27.1806391612181],[85.29849485764083,27.180785328790915],[85.2991030236257,27.181377748742705],[85.29972651529143,27.183073680941394],[85.2997445233254,27.183317315233783],[85.30009515795017,27.18401145405014],[85.30008790772543,27.184415510484417],[85.30001557078289,27.184598939472544],[85.29987795869472,27.184755986849073],[85.29940222271127,27.18503125791237],[85.29887034203632,27.18524832517849],[85.29823929782914,27.185355734836534],[85.29789498570983,27.18553272666644],[85.29780782898992,27.185635069674312],[85.29795407204261,27.18589552029412],[85.29820804145,27.185974417242175],[85.2987873797825,27.18604130797371],[85.29912412927509,27.18618484884095],[85.2991859029597,27.186290317066724],[85.29914257691225,27.186579652430623],[85.2989940860128,27.186833852524934],[85.29832859557982,27.187341005294076],[85.29815640860012,27.1875638215892],[85.29767942342092,27.18794737466009],[85.2969390967495,27.18901956955966],[85.2963446959716,27.18973146981011],[85.2962256552216,27.19012752461898],[85.29627173665227,27.190404730117564],[85.29667001255497,27.190960766000966],[85.29685945848061,27.191135128851883],[85.29731393976334,27.191361067341035],[85.29748356546558,27.191519738516607],[85.29776035940425,27.192153609991784],[85.29775367265162,27.192498962082514],[85.29761649841346,27.192696583331884],[85.29735171610864,27.192990233544755],[85.29684309322796,27.193313144260838],[85.29568804392517,27.193238066631487],[85.29516197613505,27.19341674662236],[85.29488643956489,27.193656256412563],[85.29465266835446,27.193958596566073],[85.29428285123893,27.19482416584995],[85.29364393189914,27.195236352842397],[85.29277554732711,27.194896821096687],[85.29244473817926,27.194940461141517],[85.29186215131013,27.195200915777665],[85.29178499889709,27.195296382100743],[85.29183601849486,27.195449426417646],[85.29231901329022,27.19607692023225],[85.29234590017805,27.19632943171853],[85.29229213254057,27.19658944624259],[85.29209381083953,27.19684633487796],[85.29166671756205,27.196965372360957],[85.29075506955527,27.19692868023953],[85.29030259152591,27.197090792855754],[85.28993845948128,27.197360499323004],[85.28980266035785,27.197461029038884],[85.28947404410407,27.198021571211815],[85.28937088500847,27.19859574021788],[85.2890572109677,27.199088387322995],[85.28892753929101,27.199173099937237],[85.288308687639,27.199300641045593],[85.2879212338422,27.199466754470684],[85.28768139752673,27.199735272424647],[85.2875624822846,27.200203598667184],[85.28736097249745,27.200516941339288],[85.28703016600456,27.200777207761014],[85.28671311172178,27.20086592314954],[85.2863198450252,27.201131315937456],[85.28611783566978,27.20156200599679],[85.28621962839438,27.202292345232706],[85.28653543939079,27.20319448305404],[85.28710046614503,27.204148447479422],[85.28782286169778,27.204733115439243],[85.2878199236032,27.204861777958023],[85.28754057368705,27.205263835045834],[85.28743854005877,27.20577261002761],[85.28780505304942,27.20614615515273],[85.28798268057349,27.2061715998375],[85.28873865020917,27.206658925206874],[85.28886526170335,27.20701884313475],[85.2892792296715,27.207455155997856],[85.28993847562275,27.207979431852408],[85.29013336085409,27.20813341313586],[85.29063235882498,27.20844475200852],[85.29135375020793,27.208548715310354],[85.29248097697484,27.208508947353497],[85.29323556568345,27.208273998610135],[85.2937123665154,27.20835314429041],[85.29412133039055,27.208511813361262],[85.29456662153633,27.208823715019438],[85.2947532566212,27.209354619411886],[85.29557168932914,27.21021367938953],[85.29617497585363,27.210535332901443],[85.29638549174511,27.21072976363741],[85.29693782637548,27.211552940538837],[85.29727327552924,27.213323771254025],[85.29752493664873,27.21412494204625],[85.29757421251587,27.215271029107306],[85.29777585903705,27.216496888179112],[85.29780230704895,27.21665462164132],[85.29801538912606,27.217176273401485],[85.29846793514542,27.21782883716049],[85.29846343555278,27.218095228025955],[85.29818365181407,27.218944167114426],[85.29804236447572,27.220963197990965],[85.29812133315602,27.22124459277859],[85.2984680912945,27.221968054076964],[85.29863497516945,27.223298130854577],[85.29942615505293,27.225166300438207],[85.29955545847211,27.225925710349713],[85.29951601121047,27.226542203548203],[85.29915144512285,27.227272295950694],[85.29909455562216,27.228241080599588],[85.29912975815382,27.22850478299647],[85.29922510831413,27.22877248553991],[85.2996555207457,27.229422987245776],[85.29991368253043,27.22996226905561],[85.29998021205945,27.230580137505235],[85.29989430723064,27.230903607967925],[85.29994432997178,27.23145833351834],[85.30025626398539,27.232335651526935],[85.30028827894876,27.232755149652508],[85.3001405394746,27.233131136411995],[85.30013591493149,27.23343591295162],[85.30024827335649,27.233981009944056],[85.30050724669263,27.23443001578092],[85.30056352007547,27.23476123769434],[85.30056183266942,27.234887649989737],[85.30035782209877,27.23520324383809],[85.30037358123893,27.23563424534123],[85.30097532018979,27.23798030601847],[85.30122754093716,27.238330032431435],[85.30455438573304,27.237798043233106],[85.30500130030207,27.2378479933396],[85.30574982876071,27.23816601948451],[85.30616848725474,27.23881658292141],[85.30702036877537,27.239492526404252],[85.30753706070504,27.239731406187435],[85.30791238567214,27.23970758453625],[85.30928701055342,27.238927409765367],[85.3094094305609,27.238869829047943],[85.31039166330731,27.238384367917863]]]}},{"type":"Feature","properties":{"province":"Madhesh Province","district":"Rautahat","municipality":"Chandrapur Municipality","ward":"5","wardNumber":5,"sourceMunicipality":"Chandrapur","sourceType":"Nagarpalika"},"geometry":{"type":"Polygon","coordinates":[[[85.36509791387279,27.11796659115248],[85.36522702342542,27.1179517736249],[85.36713297606504,27.118292049196583],[85.36837849777741,27.11845371416205],[85.36994282165608,27.118442888841862],[85.37080551421649,27.118499962339754],[85.3711432007802,27.118526030706672],[85.37130112727658,27.117669090319033],[85.37189845829836,27.115981840792738],[85.37200924035488,27.11488389224414],[85.3718419862793,27.114251332503763],[85.37171875254744,27.114020015858465],[85.37110014363147,27.113240665235264],[85.3707286919236,27.112876435601112],[85.37040056739002,27.112394421754942],[85.37016679138628,27.111943039993392],[85.36966296138398,27.109456312626918],[85.36966213189768,27.107271608473507],[85.36944516720233,27.106021117046712],[85.3690647074811,27.105018200053784],[85.36889602163399,27.10514173731744],[85.36811873433386,27.1049484349797],[85.36646194130833,27.105278355233544],[85.36568015646272,27.105590638807474],[85.36474387939369,27.10606015753542],[85.36433929389781,27.106181446242633],[85.36401580019363,27.10622971228828],[85.36357320018972,27.10613024867105],[85.36302274747835,27.106131064955054],[85.36033376879297,27.107190830197972],[85.35958237151192,27.10761789810587],[85.35861395492334,27.107884606891183],[85.35806012751131,27.107966697475558],[85.35752505762257,27.10814794151199],[85.35730297492043,27.10803272155619],[85.35675852443876,27.107902561661835],[85.35619875395706,27.107650678110673],[85.35513792247637,27.107051571310315],[85.35473883711299,27.10689965384044],[85.35335213795643,27.106518112648754],[85.35306972151862,27.106471163677153],[85.35312130292291,27.10656544072851],[85.35316876445317,27.107366238007938],[85.35331327310286,27.109782009476568],[85.35322564128624,27.113080291985145],[85.35342116190846,27.114547659390038],[85.35346875541198,27.116194767888224],[85.35332614527707,27.11686871731007],[85.35316666162414,27.118441055232918],[85.35346483515202,27.118643612639357],[85.35386142522479,27.11957863458444],[85.35474088358772,27.12086788319185],[85.35499316811877,27.1215470807407],[85.35505781670439,27.12146968292528],[85.35554443303194,27.121446923710163],[85.35749501841033,27.120683249143777],[85.36069418830948,27.120124127784386],[85.3611591711802,27.119986459842284],[85.36271942609623,27.11927167763989],[85.36324736617088,27.1187632116724],[85.36403390033828,27.118155216350065],[85.36447962552303,27.118042554961868],[85.36509791387279,27.11796659115248]]]}},{"type":"Feature","properties":{"province":"Madhesh Province","district":"Rautahat","municipality":"Chandrapur Municipality","ward":"6","wardNumber":6,"sourceMunicipality":"Chandrapur","sourceType":"Nagarpalika"},"geometry":{"type":"Polygon","coordinates":[[[85.30344436278567,27.155335008487192],[85.30537719439981,27.15484979253139],[85.3062336314199,27.1545055605417],[85.30808311840565,27.15370062593788],[85.3115612668516,27.153153506885968],[85.31661755303979,27.151966314882987],[85.31630611988108,27.151113879242537],[85.3161746954311,27.150990968837505],[85.3157705475222,27.151064743178896],[85.3149181733185,27.15120816472744],[85.31429725520336,27.15091833342653],[85.31391204494798,27.150073337584615],[85.31355702134337,27.147659443011513],[85.31297579043168,27.145374087363244],[85.31253810983857,27.142737565746756],[85.31206349228403,27.141902385601455],[85.3119481991275,27.141804169663434],[85.31162682713023,27.14129258403082],[85.31135966253825,27.140717291822387],[85.31136616281447,27.1404103259846],[85.3114610706604,27.140170192875555],[85.31226823838907,27.139670603482585],[85.31264649873813,27.139226971055212],[85.31379347778592,27.138606782036323],[85.31403587904296,27.138521067866197],[85.3143125427344,27.138498122099858],[85.31591844677074,27.138620710727572],[85.31683740880557,27.13856925281137],[85.31843799374958,27.13817950350743],[85.31963786918122,27.137771000757944],[85.32204262600791,27.137606125555877],[85.32376894794034,27.13761017923799],[85.32485353192185,27.137432932506478],[85.32543042988243,27.137203924877237],[85.32576180057438,27.13701355385941],[85.32715105601183,27.136465509556526],[85.32828040691716,27.136181731570574],[85.32907738448714,27.13589658112584],[85.32979214648468,27.135749846049922],[85.33036022686397,27.13536529178873],[85.33145424938598,27.13481324780556],[85.3316194970417,27.134766546160925],[85.3358636100125,27.133563791323972],[85.33650290424303,27.133176298935],[85.33654341906795,27.13313753727261],[85.33667434095167,27.13301212506954],[85.33678475673908,27.13301337416962],[85.3370894284445,27.132703531343523],[85.33748369648292,27.13249659304508],[85.33732870196684,27.13245745765151],[85.3375231479653,27.132369868122826],[85.3397973428829,27.130413904678985],[85.34049209497894,27.129926569887242],[85.34070292035788,27.129673994611615],[85.34237801262879,27.126728493763313],[85.34291551741552,27.126003340093007],[85.34374394158847,27.12535445636306],[85.34387930385346,27.12538927816624],[85.34395120703289,27.12565035502026],[85.34427945747932,27.126310797171737],[85.34469968372764,27.127539029837372],[85.34545665912974,27.128820464533792],[85.34713322696157,27.130684439016495],[85.34783605268322,27.13139089236853],[85.34847522949937,27.13188803509302],[85.34889050725411,27.13201269334503],[85.34905756923034,27.132013318179713],[85.34950129238179,27.131733670308325],[85.34936861331637,27.131078228879595],[85.34942963341996,27.130750382143418],[85.34962945531507,27.13047986423301],[85.35021310280291,27.129984464749455],[85.35121727373982,27.128582296634878],[85.35195197103026,27.127275220127817],[85.35217817531388,27.126787763501444],[85.3529492631844,27.12577596160083],[85.35397113368353,27.12511844904568],[85.354188899024,27.124872500438816],[85.3544661189619,27.124018998008058],[85.35443866936829,27.1237258499455],[85.35499316811877,27.1215470807407],[85.35474088358772,27.12086788319185],[85.35386142522479,27.11957863458444],[85.35346483515202,27.118643612639357],[85.35316666162414,27.118441055232918],[85.35332614527707,27.11686871731007],[85.35346875541198,27.116194767888224],[85.35342116190846,27.114547659390038],[85.35322564128624,27.113080291985145],[85.35331327310286,27.109782009476568],[85.35316876445317,27.107366238007938],[85.35312130292291,27.10656544072851],[85.35306972151862,27.106471163677153],[85.3526685109931,27.106402833651696],[85.35185770955835,27.10598634144311],[85.34955597618705,27.104225525783686],[85.34885709191082,27.10383272713318],[85.347266064047,27.10307613898227],[85.34630833708658,27.103076332516306],[85.34593026014355,27.102991934982047],[85.34566991296673,27.10273261088203],[85.34327245616309,27.100916216541325],[85.34116417145962,27.09949418646705],[85.34020925554033,27.099094762540975],[85.3395012434149,27.098882642141906],[85.3388041121607,27.09879224483535],[85.33802226351251,27.098894467320505],[85.33769526648007,27.098647084105206],[85.33731437326061,27.09821964813472],[85.33702682833237,27.09789511716165],[85.33664743722743,27.097695623186098],[85.33494024857573,27.097815668508726],[85.33367278382492,27.097904452698685],[85.33306737545276,27.097995982917883],[85.33242908008961,27.098187105731373],[85.33171413090112,27.098295454807026],[85.33161940853186,27.098282826607914],[85.33084093405517,27.098186365401318],[85.33035000401594,27.09820912521447],[85.32906378377464,27.098417631512778],[85.32867301537998,27.09843038794124],[85.32782939137947,27.098262280698975],[85.32615121288009,27.09828048366948],[85.32486649250298,27.098452855017634],[85.3244484031146,27.098610278235387],[85.32421050470617,27.098750196208567],[85.32381079845005,27.09918051252845],[85.32325134591477,27.099643964709266],[85.3225243935364,27.099914860581006],[85.32164813864783,27.100408386439387],[85.32101753565449,27.100877027848767],[85.31969061946428,27.102029311816032],[85.31842490921967,27.102648251357962],[85.31706397138838,27.10246020395075],[85.31661124269914,27.102514097385306],[85.31525112131055,27.10298505692041],[85.31409951683631,27.10366388792369],[85.31270869535847,27.10393872753231],[85.31242315398036,27.104108403575932],[85.3120640853971,27.10418849165055],[85.3110663473644,27.104597368064315],[85.31049995389594,27.104907274496515],[85.30950090237306,27.10520324237431],[85.30910206848326,27.105231878699897],[85.3087359335989,27.105194619390293],[85.30790562643124,27.104823202770934],[85.3074080029908,27.10437419952745],[85.30625225610598,27.103071386192727],[85.30617610158576,27.102866700795417],[85.30621942777495,27.102579678797373],[85.30634747399701,27.102425007616713],[85.30654348244357,27.10231034781027],[85.3067606224055,27.102003631850927],[85.30663957556044,27.1016774738349],[85.30618809496053,27.10135213143862],[85.30602459491003,27.101060295843112],[85.3062952451431,27.09945082148399],[85.30663911446165,27.098547054407273],[85.30681223563462,27.09793155996523],[85.30688943680835,27.095895023710824],[85.30733915847105,27.095152740397975],[85.30746908002074,27.094941676994544],[85.30611646255244,27.09551629177504],[85.3054052652736,27.09567415461735],[85.30360510829838,27.09625733650765],[85.30156486949883,27.097612435052678],[85.30069636634322,27.09807863961384],[85.2989710512247,27.098753659937287],[85.29844842202597,27.098869134516445],[85.2970334050001,27.099177859218265],[85.29539861929926,27.099411874734926],[85.2942246886712,27.09946108346162],[85.2940414979296,27.099706531954624],[85.29395584356911,27.09993528711188],[85.29397747830674,27.100223996496116],[85.29429828621555,27.10059572912416],[85.29477439927723,27.10066124577073],[85.29523194100275,27.100535143097204],[85.2958110256987,27.100182223654443],[85.29616778180065,27.100111263432684],[85.29629958029771,27.100112325110075],[85.2964342561933,27.100314133782895],[85.29644476128573,27.100456238163478],[85.29627351405051,27.100918250034404],[85.2957246922311,27.101600391082147],[85.29549273510509,27.10204496025787],[85.29541189782586,27.10269115067788],[85.29523595936818,27.10284851060351],[85.2948186198732,27.102962984580294],[85.29451594569845,27.102963486050214],[85.294014761087,27.102857520277865],[85.29380067889272,27.102281727905893],[85.29364518211123,27.10203040458462],[85.29344141849191,27.10190811988709],[85.29318538691379,27.10190824609686],[85.2929252920214,27.10198508345925],[85.2921361942974,27.10255888133461],[85.29190204935038,27.102978568787343],[85.29190186358102,27.103240395691433],[85.29205811019813,27.10355717463404],[85.29237172721882,27.103743915145923],[85.29263970130421,27.103797867654556],[85.29340617040074,27.103831372608305],[85.29380325253244,27.103708146516706],[85.29399551085363,27.1037085830405],[85.29421284198418,27.103905202096318],[85.2931235844596,27.106287346259354],[85.29275351311044,27.106618008077938],[85.29242676920273,27.10671585132583],[85.29214635320336,27.106677778694834],[85.2918563709456,27.106578876807855],[85.29153962868708,27.106387697162408],[85.29071369416549,27.10557146245266],[85.29058583424249,27.105475622213156],[85.29025483679743,27.10536809253244],[85.28996579332876,27.10545424504365],[85.28993709656208,27.105538019095306],[85.28987119902524,27.105728200760517],[85.28993709831144,27.105865303088827],[85.29049706295,27.107022515377775],[85.29040259335486,27.107361928112223],[85.29019720662065,27.10748340242276],[85.28993736020865,27.1074203229395],[85.28898888563074,27.10719432424586],[85.2886039310368,27.10716400509717],[85.28832039104388,27.107290794466778],[85.28808330588546,27.107563750337366],[85.2880529217402,27.107884532572175],[85.28824599494308,27.108173928880028],[85.2886588349399,27.108267203532],[85.28917027173082,27.108217373637334],[85.2899373666925,27.10830058158945],[85.29011787044685,27.108321461310055],[85.29058354161839,27.10829463782697],[85.29209559745507,27.108456739290784],[85.29250049771917,27.108579398357424],[85.29270863898375,27.10891149489738],[85.29270864127301,27.10929523189549],[85.29239759376266,27.109880405568383],[85.29217007486791,27.11011041271561],[85.29182088468954,27.11023551375408],[85.29158823722159,27.11023538964512],[85.29136946828513,27.110126859212716],[85.29053922398441,27.10987041429746],[85.2899373757687,27.109559951456564],[85.28990874031985,27.1095444466671],[85.28965502176558,27.109467801053597],[85.28931389687156,27.109468677844635],[85.2889293189849,27.10963923036014],[85.28870117497064,27.10992569122627],[85.28858188313352,27.110245035224956],[85.28861852437876,27.1105809462789],[85.28874682233548,27.110771626957757],[85.28953455369485,27.11133316201764],[85.28955606222911,27.111448071128933],[85.28935424051527,27.111720652510655],[85.28910714957999,27.11178398441977],[85.28882935961077,27.111696210627734],[85.28866942558442,27.111609623842497],[85.28796641265404,27.11094805826802],[85.28769968898418,27.11084215355928],[85.28750768016276,27.110814583844828],[85.28737957103723,27.110860911290356],[85.287069710301,27.111224895043506],[85.28681824633485,27.111674090453437],[85.28674809794343,27.11204713877265],[85.28681662544652,27.11235791652161],[85.28701407485686,27.112536718112896],[85.28754126907229,27.11269438676369],[85.28800093701929,27.112586289426584],[85.2886466118542,27.112587161070188],[85.28918931161853,27.11267930981192],[85.2894143355429,27.113164638439134],[85.28934881683105,27.113937178442185],[85.2895211322845,27.114170308085114],[85.28993741070681,27.114344732024733],[85.29008627882662,27.11440656154962],[85.2907479635597,27.11497378750616],[85.29096266916532,27.115220046134517],[85.29090571215978,27.11547337101301],[85.2905655884278,27.11556002353121],[85.29011485970975,27.11552801615429],[85.2899374205313,27.11555683792583],[85.28973040680135,27.115592537221364],[85.28942642194096,27.115807477130968],[85.28933432933131,27.116300310126817],[85.28953565852166,27.117027522417168],[85.28953441186962,27.117526294507197],[85.2894487564545,27.11775504968037],[85.28913883195133,27.11794523227854],[85.28897902300729,27.117926414847787],[85.28881902587926,27.11783082558007],[85.28861313551917,27.117525737206627],[85.2885215365959,27.117075167858093],[85.28840486649457,27.116796398909592],[85.28811275601808,27.116401847084532],[85.2876624027654,27.11628187757119],[85.28735304016753,27.116467496491726],[85.28716691051054,27.116622668109116],[85.28710201456828,27.116959642280985],[85.28739587472707,27.117340565166877],[85.2879920958171,27.11759238534229],[85.2881073885899,27.117746992793446],[85.28806981502053,27.11804533050598],[85.2879378932996,27.118251892208566],[85.28736531057235,27.118634070551426],[85.2865079362567,27.119043695842056],[85.28599574921044,27.119195118034654],[85.28483544867836,27.119253142073234],[85.28483507553294,27.119492399838602],[85.2850697262879,27.11983106057087],[85.28560911585525,27.12034745910373],[85.28610186059487,27.120532510057394],[85.28628486520478,27.120487933290626],[85.28634945006362,27.120401595412883],[85.28637189151645,27.119825863438425],[85.28705520285435,27.119474256736467],[85.28718362484403,27.11945506261897],[85.2879690402011,27.119700629755513],[85.28820731690622,27.11991506640442],[85.2884595393545,27.120628149449246],[85.2883702605177,27.121087222155438],[85.28807146554777,27.121430763087087],[85.28780524402417,27.121588935637003],[85.28722534712213,27.122156293708432],[85.28698813763603,27.122535281141484],[85.28692461860294,27.12304374296508],[85.28718084056491,27.123438608024482],[85.28747513780043,27.12370449683842],[85.28791999150468,27.124005145183368],[85.28887715793788,27.124321294650937],[85.28921828314832,27.124365618664772],[85.28993729606475,27.12421675747032],[85.29036639025807,27.12412704176857],[85.29130692249231,27.123985244616712],[85.29184111829935,27.123987116699695],[85.29207858234061,27.124129344958195],[85.29222957663418,27.124373977961454],[85.29227528277671,27.1246218004089],[85.29223520937454,27.125195469346217],[85.2928009871174,27.1261878202328],[85.29279980578424,27.127013875432848],[85.29284276012656,27.127128596688035],[85.29292797935967,27.127245192312976],[85.29354577100506,27.12755546741618],[85.29369682786826,27.12780010065603],[85.29370771031626,27.12825135870232],[85.29378198911152,27.128356826725636],[85.29430143132461,27.12855056842274],[85.29494060437091,27.12868910523037],[85.29542928629407,27.129007320741664],[85.29568094264783,27.129284900869205],[85.29575428587337,27.129681454408022],[85.29590659425048,27.13009082329978],[85.29634507221913,27.130653236059715],[85.2963448230356,27.13079315249493],[85.29623778580776,27.13108080022128],[85.29570834465191,27.13149186158136],[85.29358607137036,27.132416583430366],[85.29377889284035,27.132455468051106],[85.29348997441377,27.132559750678713],[85.2930942074131,27.132913169849154],[85.29278978397717,27.133094286927207],[85.29188532619389,27.133032649314757],[85.29171176340583,27.133135805483658],[85.29142991115515,27.13330541957949],[85.29093404989251,27.134440756072557],[85.28993755514077,27.133948929778946],[85.28945931507606,27.1337117376394],[85.28887203826856,27.133868350234728],[85.28855285979644,27.13408122686756],[85.288462391152,27.13438450389117],[85.2885111611409,27.134679715484562],[85.28867003451224,27.134946793131146],[85.28899515629271,27.135248504717158],[85.2898142739413,27.13578715812913],[85.28993806943075,27.135853739706146],[85.29040955663238,27.1361044354871],[85.29089286328343,27.136673224897265],[85.291005719947,27.136940802899456],[85.29105586590934,27.137296907263416],[85.29091293987723,27.137539728829374],[85.29074637895356,27.13753679143849],[85.28993776566274,27.137092791441546],[85.28976263835541,27.136997389527224],[85.2895499356138,27.13703996511707],[85.28944133418541,27.13714480946084],[85.28920462620651,27.137781185538493],[85.28910146521024,27.137915287729196],[85.28830173820185,27.138574923873048],[85.28777648639274,27.139083013922214],[85.28773703634855,27.13927069433013],[85.28782444514053,27.13952045478904],[85.28816575981948,27.13975202037747],[85.28933675265519,27.13988567793777],[85.28951000498635,27.139933753451704],[85.28987276463427,27.140158379907362],[85.28993797681656,27.140234526608875],[85.29016106090452,27.14049428884538],[85.29037864369947,27.14092785289173],[85.2904724931275,27.141303900077403],[85.29049763074441,27.141678322989264],[85.29030218478654,27.141849436164563],[85.28993798777807,27.14177379155982],[85.28886002791059,27.141546730964386],[85.28844556312019,27.141539231336093],[85.2877814423197,27.141380563529083],[85.28747739194546,27.141214079010744],[85.28691912349348,27.14103865552486],[85.28668153677484,27.141169508118047],[85.28661357597905,27.14134843565504],[85.28671280092117,27.1415280508018],[85.28708332146986,27.142763724035518],[85.2872948383099,27.142998792006736],[85.28747584287895,27.14305580762159],[85.28781865546762,27.142973656236734],[85.28810694884481,27.14297778094458],[85.28824356247405,27.143066806627292],[85.28836754737839,27.143259737358555],[85.28838624214846,27.143404029677367],[85.28830358824828,27.143623719421747],[85.28785392577984,27.143955069477716],[85.28747447416819,27.14397889175664],[85.28625558689612,27.143678622727624],[85.28589958306995,27.14393019864916],[85.28566456122412,27.144279928055138],[85.28573021454264,27.144834465858395],[85.28603164053659,27.145269591930766],[85.28633769294396,27.14550378357119],[85.2866321757432,27.145552983816458],[85.28692803434066,27.145498341097785],[85.28750749482442,27.145149985288676],[85.28781135694997,27.145194559473595],[85.2880008665683,27.145549474937187],[85.28804738532652,27.14575440997258],[85.28799643264641,27.146204042566218],[85.28804863960679,27.146354773346843],[85.28845066414313,27.146542888813315],[85.28852200354676,27.146707062010037],[85.28844453941228,27.146838600988954],[85.28820782777537,27.14692431520817],[85.28740190450864,27.146669869768015],[85.28629287188099,27.146652996169383],[85.28603590325638,27.146689196020187],[85.28534933993913,27.146882819199714],[85.28511187863079,27.147018173164394],[85.28491511982085,27.147245678485586],[85.28491074507168,27.147464617775302],[85.2850581756619,27.14767092780738],[85.28546714047683,27.14791324663618],[85.28585903545458,27.148038218457078],[85.28626831078265,27.148084167429733],[85.28701270862028,27.147984758719062],[85.28743886547916,27.148019203860425],[85.28753283805078,27.148126672189125],[85.28756922960461,27.148442327109414],[85.28714752430037,27.150168274457513],[85.28727651254027,27.150634285658793],[85.2875288576881,27.150914115967264],[85.28798221341796,27.151174002474],[85.28896870332008,27.151550857844956],[85.28927800653503,27.151789488379094],[85.28942743827228,27.152056690491534],[85.28942243841458,27.15228244503441],[85.28922643329048,27.15289812702083],[85.28872250502477,27.153785265136676],[85.2886164683033,27.1541608764432],[85.2886344758421,27.154302917816562],[85.28871782027527,27.15441951434185],[85.28910771442318,27.154587436663153],[85.2893501784005,27.15455361221958],[85.28993789348105,27.15437218084261],[85.29003849222347,27.154341921136815],[85.29044245463243,27.154530036393197],[85.29080158959421,27.154930714734714],[85.29101354677923,27.15553589172905],[85.29148847415911,27.155858795680977],[85.29225338162048,27.1561112401845],[85.29237967939245,27.156227461592927],[85.29247496808556,27.156831450851932],[85.29284529451517,27.157112406487474],[85.29306825035381,27.1570832712966],[85.29334966553725,27.15692265957542],[85.29359675383017,27.156631510935263],[85.29397488430322,27.155400209140453],[85.29427261680858,27.155180830680273],[85.29436058649132,27.155207087013224],[85.29514612893368,27.155660215589545],[85.29542054533705,27.156043639745455],[85.2955498447232,27.156315531144685],[85.29606979499135,27.157637854434054],[85.29696455896512,27.157331633836776],[85.29840689794537,27.156760769958236],[85.30088167637436,27.15600659656516],[85.30344436278567,27.155335008487192]]]}},{"type":"Feature","properties":{"province":"Madhesh Province","district":"Rautahat","municipality":"Chandrapur Municipality","ward":"9","wardNumber":9,"sourceMunicipality":"Chandrapur","sourceType":"Nagarpalika"},"geometry":{"type":"Polygon","coordinates":[[[85.38224738852395,27.092823409057115],[85.38223618998232,27.091909453209094],[85.38219973558844,27.091458383599896],[85.38204373868368,27.091180052832115],[85.38186967370194,27.091021569775172],[85.38083972838095,27.090469726923036],[85.38009207776005,27.090319062163385],[85.37886750276763,27.090245360354455],[85.37825934372798,27.090364149400717],[85.37790533850118,27.09033608120428],[85.37568482987064,27.089549863431095],[85.37497719090325,27.089121179619],[85.37358167039416,27.08805156139021],[85.37330200338835,27.08775860210886],[85.3724711959025,27.087457518916707],[85.3716772729247,27.086612212748577],[85.37092955817259,27.086244860093025],[85.37053515943116,27.085745402970023],[85.37017352135045,27.08508990010488],[85.36990616528182,27.08404978349044],[85.36990728587466,27.083413346524377],[85.37033424385803,27.081935347147844],[85.37128114416353,27.08069841555848],[85.37325041955782,27.079458101004032],[85.37325035701247,27.079403835640925],[85.37330193748623,27.079342504526025],[85.37379967784044,27.078753077948512],[85.37467280179476,27.077625053751525],[85.37485430376037,27.077262195741056],[85.37527750243947,27.074809222918752],[85.37544562137704,27.074119206694842],[85.37602176024834,27.07293322986997],[85.37632974644305,27.072605193517376],[85.37701630818816,27.072255398989533],[85.37757763935892,27.072286029249508],[85.37829196541017,27.072556604933435],[85.37918017061024,27.073024111363083],[85.37961308283481,27.07342385133556],[85.3800751938245,27.073947439168926],[85.38028983985544,27.07453661159432],[85.38045452979964,27.075218873563202],[85.38061984388148,27.075542216695087],[85.38094202513773,27.075703825123053],[85.38144708926566,27.076123132603055],[85.38188337520047,27.076236225471117],[85.3821502231767,27.076201964111366],[85.38250316279121,27.07599315032452],[85.38271161310874,27.075769896304358],[85.38301496954915,27.07516659157521],[85.38322604163073,27.07449645576954],[85.383268426008,27.07368803084431],[85.38306046913898,27.0730197105701],[85.38266907056722,27.07241197194733],[85.38230624666055,27.071916766209302],[85.38096805873045,27.070787942799733],[85.38055490555818,27.070505362627955],[85.38025754535263,27.07041577607565],[85.38000495136278,27.070226409038753],[85.37926611473587,27.069906381861603],[85.37858617384458,27.06940755229501],[85.3779810102739,27.068833450179635],[85.37747232057275,27.068524675014814],[85.37678612627069,27.067820472120058],[85.37625479989477,27.066992920373206],[85.37584420382126,27.06599256598926],[85.3756518806929,27.065730428182157],[85.37522728069611,27.064870115138895],[85.37330120526128,27.065651857276517],[85.37322724154251,27.065681929125443],[85.37283372202843,27.065769269896197],[85.3719699078232,27.06610268574089],[85.37137425283487,27.066155954881346],[85.3693214403411,27.06657090197065],[85.36818408818527,27.066911508814012],[85.3670211626006,27.067166591456985],[85.36513859836846,27.067281949825777],[85.36402518933987,27.067206996874123],[85.36333631025535,27.067103158306058],[85.36296629806881,27.066953241683976],[85.36267769077683,27.066691978470875],[85.36263610491632,27.065654173998094],[85.36284292822836,27.065345207321034],[85.36315360242166,27.065028487500904],[85.36328927525918,27.064785665326106],[85.36335604460895,27.064157605336263],[85.36301178814907,27.06347709464122],[85.36310682026532,27.063094731393324],[85.36333915103073,27.062555321457538],[85.36338560092939,27.061968086492016],[85.36321659303547,27.060872827965355],[85.36306778722955,27.060756919775635],[85.36268533577247,27.060871206161682],[85.36015735472526,27.061965543212537],[85.35787627404056,27.062840751755967],[85.35724641942141,27.062975483282422],[85.35664351044481,27.063006120759578],[85.35636572073736,27.063020001567878],[85.35418173716803,27.063587368936705],[85.35330497702518,27.063584435857965],[85.35179473856518,27.063998567364415],[85.351209962391,27.0641102911621],[85.34926431261266,27.06427116242331],[85.34886866868273,27.064390075136643],[85.34811151666432,27.06448985959781],[85.34672538486835,27.06478526723509],[85.3462584653181,27.065008710067673],[85.34467013362806,27.06516607921847],[85.34359592941873,27.065413408029816],[85.3403502410707,27.06586643613604],[85.33758348235229,27.066628614437306],[85.33668521581332,27.06672746143369],[85.33557812259893,27.066753788616982],[85.33524368728497,27.066829187148308],[85.33499791186067,27.06709783043465],[85.3348871847891,27.06722299308056],[85.33485667416103,27.067254877123887],[85.33473700461995,27.06726281824304],[85.33409914624166,27.067262134176865],[85.33370912814216,27.067378670986916],[85.332509816784,27.06787075991671],[85.33231137212624,27.068199857888622],[85.33276391492947,27.068410042562768],[85.33318238412875,27.068884554272326],[85.33351044817103,27.069653340202827],[85.33385377028837,27.070805614350967],[85.33444361908595,27.071808905264607],[85.336293252615,27.07400310158783],[85.33667814880421,27.07466979488191],[85.33690673747583,27.075396570148612],[85.33716420802683,27.07547315307309],[85.33716989710175,27.07547534140033],[85.33752921649628,27.07542226123202],[85.33909340092886,27.073437043146235],[85.33947053757412,27.07323929553226],[85.34214483149141,27.07332661699519],[85.34293562125457,27.07325133985398],[85.34362643738481,27.07324477193783],[85.34625271510538,27.073431747592313],[85.34721663241238,27.073598541373464],[85.34788913072367,27.073801971384196],[85.34797453744594,27.073776338278183],[85.34877752230784,27.07419289319493],[85.3491855489548,27.074471097531177],[85.34923131594019,27.074450341403004],[85.3503339801141,27.075674319503406],[85.35065503858104,27.076111320344616],[85.35124401473495,27.077335802151957],[85.35172182111567,27.0781774838494],[85.35241395707178,27.079118755590915],[85.3531026518469,27.07966953834544],[85.35402574409424,27.08016392835532],[85.35495302643727,27.080735027903],[85.35593764523645,27.081675735484804],[85.35593714925243,27.08215643885269],[85.35565893058516,27.083287585982966],[85.35531706287064,27.084265937622884],[85.35505691213358,27.085279550224897],[85.35508724564754,27.08648896772287],[85.35520679489359,27.087252940893833],[85.35535116436726,27.087777406520857],[85.3557689461343,27.088233788079943],[85.3559433253138,27.08852324725945],[85.35686960915189,27.089329041314905],[85.35794650941887,27.090013798122484],[85.35848395970828,27.090455487373056],[85.35924493154253,27.091082291018928],[85.35961694633818,27.09145783709763],[85.36002228576623,27.091869205487153],[85.36032596094526,27.09196104275937],[85.36081432723645,27.091996925174],[85.36159961380541,27.091713962249557],[85.36194767733583,27.091457822471146],[85.36253901423049,27.090885587935585],[85.36299580374549,27.09039587920093],[85.36314629406935,27.09011685892649],[85.36326321102378,27.09004121045547],[85.36381103678714,27.08998625330726],[85.36418179935299,27.090097721128483],[85.36474969706154,27.090448884088087],[85.36537730723641,27.09104530457164],[85.36543464127415,27.091098944961175],[85.36577633187589,27.09145898686741],[85.36590275490991,27.091590899791935],[85.366122901738,27.092119116097393],[85.36594390145076,27.09243233426462],[85.36664008976463,27.091879354860552],[85.36706749395707,27.091459916398776],[85.36782689168463,27.09071225444359],[85.3682874932335,27.090125454220615],[85.36856947016165,27.08993314547815],[85.3686969545719,27.089893571044556],[85.36914411907826,27.089904946901807],[85.36961935626694,27.090004160212796],[85.37031611740952,27.090636091634234],[85.37055439616826,27.091098663105814],[85.37088977191284,27.091458767339194],[85.3719622990024,27.092606097681156],[85.37269132027484,27.09304140839201],[85.37328422718703,27.093270222010354],[85.37330185888547,27.09326778347481],[85.37449710880806,27.093109416835258],[85.37507294458317,27.092972873256997],[85.37625399905852,27.09253023586087],[85.37658437033643,27.092531483713778],[85.37709287060095,27.092716097703274],[85.37826730982626,27.09373595274482],[85.37881213622201,27.093899872025663],[85.37958773464142,27.094018652050547],[85.37988340721294,27.094169256893146],[85.38051620140098,27.094208139395786],[85.38077923586314,27.094169439279398],[85.3814687989005,27.093848903348015],[85.3821234708233,27.093151881753318],[85.38224738852395,27.092823409057115]]]}},{"type":"Feature","properties":{"province":"Madhesh Province","district":"Rautahat","municipality":"Chandrapur Municipality","ward":"10","wardNumber":10,"sourceMunicipality":"Chandrapur","sourceType":"Nagarpalika"},"geometry":{"type":"Polygon","coordinates":[[[85.32607109198283,27.069518408197595],[85.32684093546105,27.069269642879593],[85.32694778686901,27.06929796280329],[85.3271653036562,27.06925301159585],[85.32846390245955,27.068782490168353],[85.3292208020553,27.06839849747496],[85.32998895715237,27.068167800568396],[85.3313767152526,27.068050820338847],[85.3316192426284,27.06808914211559],[85.33231137212624,27.068199857888622],[85.332509816784,27.06787075991671],[85.33370912814216,27.067378670986916],[85.33409914624166,27.067262134176865],[85.33473700461995,27.06726281824304],[85.33485667416103,27.067254877123887],[85.3348871847891,27.06722299308056],[85.33499791186067,27.06709783043465],[85.33524368728497,27.066829187148308],[85.33557812259893,27.066753788616982],[85.33668521581332,27.06672746143369],[85.33758348235229,27.066628614437306],[85.3403502410707,27.06586643613604],[85.34359592941873,27.065413408029816],[85.34467013362806,27.06516607921847],[85.3462584653181,27.065008710067673],[85.34672538486835,27.06478526723509],[85.34811151666432,27.06448985959781],[85.34886866868273,27.064390075136643],[85.34926431261266,27.06427116242331],[85.351209962391,27.0641102911621],[85.35179473856518,27.063998567364415],[85.35330497702518,27.063584435857965],[85.35418173716803,27.063587368936705],[85.35636572073736,27.063020001567878],[85.35664351044481,27.063006120759578],[85.35724641942141,27.062975483282422],[85.35787627404056,27.062840751755967],[85.36015735472526,27.061965543212537],[85.36268533577247,27.060871206161682],[85.36306778722955,27.060756919775635],[85.36321659303547,27.060872827965355],[85.36338560092939,27.061968086492016],[85.36333915103073,27.062555321457538],[85.36310682026532,27.063094731393324],[85.36301178814907,27.06347709464122],[85.36335604460895,27.064157605336263],[85.36328927525918,27.064785665326106],[85.36315360242166,27.065028487500904],[85.36284292822836,27.065345207321034],[85.36263610491632,27.065654173998094],[85.36267769077683,27.066691978470875],[85.36296629806881,27.066953241683976],[85.36333631025535,27.067103158306058],[85.36402518933987,27.067206996874123],[85.36513859836846,27.067281949825777],[85.3670211626006,27.067166591456985],[85.36818408818527,27.066911508814012],[85.3693214403411,27.06657090197065],[85.37137425283487,27.066155954881346],[85.3719699078232,27.06610268574089],[85.37283372202843,27.065769269896197],[85.37322724154251,27.065681929125443],[85.37330120526128,27.065651857276517],[85.37522728069611,27.064870115138895],[85.37487489131657,27.063523972391092],[85.37430573564694,27.062333313225352],[85.37430673397266,27.062107622083023],[85.37433955668924,27.061854547815667],[85.37458326920775,27.06152938795395],[85.37498516322259,27.06120272679831],[85.3751535377323,27.061153648728585],[85.37563784131359,27.061227917428926],[85.37627801469635,27.061422533003864],[85.37651253869232,27.06152856329537],[85.37705899292422,27.06194074278927],[85.37757774713832,27.062098161238623],[85.37830845350994,27.06217224108862],[85.37875392855209,27.06210690594638],[85.38010529704506,27.061757357799948],[85.38058340717154,27.06147502216788],[85.38088763943728,27.06084464683746],[85.38085212096,27.060210773516197],[85.38116235255225,27.059298190574815],[85.38145464425376,27.058873252235095],[85.38235871939374,27.058076699995222],[85.38330312086937,27.057128477302786],[85.38361935832813,27.056705600951332],[85.38420249769416,27.05507936972466],[85.38431453481043,27.054556902903165],[85.3843706744728,27.053895083381427],[85.3841976078268,27.05345214181452],[85.38397308666039,27.05328284354131],[85.38380164854247,27.053232579591885],[85.38257982764816,27.053553869669457],[85.38201086821296,27.053512047962734],[85.37954182564803,27.051931599115676],[85.37659822893602,27.04977804703554],[85.37649331447982,27.049702338817273],[85.37568132302067,27.04890229555996],[85.37457734191781,27.047102961467893],[85.37391640582328,27.046339866426564],[85.37375590674696,27.045993891278624],[85.37375684311256,27.04586747913795],[85.3736636825502,27.045615593170258],[85.37330079718782,27.04541603683175],[85.37259153451518,27.045027989637404],[85.37046548894398,27.043024226101018],[85.37006327317332,27.042335276725506],[85.36965562071404,27.041933036120614],[85.36917350522947,27.041714287487995],[85.36893973164871,27.041714288685366],[85.36834332634974,27.04184651899867],[85.36812161915623,27.041706478910065],[85.36794511344897,27.041229715083688],[85.36764687571254,27.040903120580303],[85.36741872968419,27.040799216303974],[85.36705453324386,27.0408524216744],[85.36586985311207,27.04142140928988],[85.36466022836521,27.042173449635474],[85.36383968229573,27.04284496493539],[85.36326528474092,27.042972443744965],[85.36292490869462,27.042808710336026],[85.36247855320954,27.04227361786966],[85.36230698751338,27.041900571761015],[85.36172776938848,27.04115685746749],[85.36067143728083,27.040149317861037],[85.36036288148452,27.039592530929465],[85.35898323453752,27.037482106370135],[85.35755094683589,27.03586188960911],[85.357368563299,27.035367120728306],[85.3573694354542,27.03496769059473],[85.35745002412233,27.03443872229623],[85.35739137593167,27.034279050511405],[85.35723200392171,27.03412713151373],[85.35710433156625,27.03409674900124],[85.35640201304005,27.034223165572406],[85.35619318698792,27.03430419037773],[85.35582530507104,27.03473425677361],[85.35484495054611,27.035319246674465],[85.35394062462645,27.03604571620548],[85.35364420551494,27.036337427945362],[85.35325169227129,27.03717855306415],[85.35279209129118,27.037738220102746],[85.35197223410044,27.038520204595734],[85.35133962984943,27.038943833151393],[85.35076267001081,27.039229295850518],[85.34947945272283,27.039577906171743],[85.34867797316183,27.039849616022604],[85.34815765609937,27.03975534092174],[85.34786911209454,27.039604610978618],[85.34737605303745,27.039160233721596],[85.3466159538077,27.03809542598769],[85.34661570190993,27.037964450013888],[85.34683321653965,27.037549451291557],[85.34693536930088,27.03629583191183],[85.34701457881751,27.03532917246389],[85.34693617223698,27.035045465202032],[85.34648918866043,27.034022854481698],[85.34611554679833,27.03344637503248],[85.34559109961809,27.03284876522377],[85.34511842400178,27.032469594139226],[85.34481468652164,27.032309986433198],[85.34381681050743,27.031060188224657],[85.34337033143596,27.030658197766936],[85.34307272146678,27.030539164788035],[85.34238053049148,27.030561550197724],[85.34184227391236,27.03107901805696],[85.34169828553223,27.031312900253923],[85.34158105737295,27.031627743685696],[85.34149471892292,27.032314695942308],[85.34121743242372,27.032685181132436],[85.3400989654035,27.033481296922442],[85.33870139955724,27.03464339699771],[85.33792518042134,27.03502545180032],[85.33591801312053,27.035857082850878],[85.33465367636366,27.036205380553984],[85.3339028389739,27.036277969213778],[85.33263462172694,27.035980826659475],[85.33161918614472,27.03585048203128],[85.33098120128629,27.03576852437657],[85.33043925271683,27.035766902220217],[85.32846971323328,27.03515348374989],[85.32711215201496,27.035015139464637],[85.32644515667161,27.034989885773925],[85.32372816077572,27.035051670369754],[85.32358460776959,27.03500778275749],[85.32314657184352,27.034998407857415],[85.32307166929243,27.03500584800787],[85.32297213315626,27.035063240541255],[85.3232896303812,27.03570348980433],[85.32360624674963,27.035829149449135],[85.32423322684095,27.035830020950744],[85.32453515156124,27.03605289704366],[85.32541185612587,27.03702636542433],[85.32573747860498,27.03750181538454],[85.32594956110341,27.03806854312787],[85.32597919934226,27.038388762212175],[85.3258991107828,27.038813825377144],[85.32572442465539,27.039282651166957],[85.3254079366689,27.039644509169804],[85.32508313204877,27.039886832971167],[85.32422700776907,27.040285329608725],[85.32394615766775,27.04061980539246],[85.32394653625859,27.04108469160892],[85.32404413686719,27.041347892995752],[85.32454657510706,27.041902866006822],[85.32521332971785,27.04319661692819],[85.32517869417342,27.04356703809985],[85.32485439166508,27.044016985608124],[85.32478230409012,27.044209542289455],[85.3247452936886,27.04470418744484],[85.32505178758366,27.045527303202686],[85.32513538668884,27.046314220854146],[85.32498320968236,27.046823496883135],[85.32445520799226,27.04747619187107],[85.32437399690095,27.048232976641316],[85.3244799127646,27.048502930309542],[85.3251639215974,27.049595622817954],[85.32525814486786,27.049779800775564],[85.32554062806351,27.05033233685652],[85.32593465451059,27.051303620118453],[85.32613061131599,27.052640199064776],[85.3259139095779,27.05297173496698],[85.32513850422488,27.053486891349422],[85.32474329730205,27.05353346972258],[85.32430776136907,27.05347889390337],[85.32414689112231,27.053516468193273],[85.32337711331328,27.05418960842684],[85.32326982493394,27.054339589917994],[85.32326813726861,27.054357720336537],[85.32325882180757,27.054477381073358],[85.32353587173895,27.0559011721902],[85.32470763251122,27.058266735531497],[85.32472857747855,27.05833419310957],[85.32474808532127,27.058385957482813],[85.32502544400114,27.059245521376003],[85.32592460115204,27.0612073421252],[85.32608085237923,27.06216280990475],[85.32607923697397,27.063474132392255],[85.32630776976887,27.064954816322327],[85.32633704245193,27.066629245492244],[85.32625545705147,27.067566645967283],[85.32600862153843,27.068230279850347],[85.32564443052087,27.06888147332186],[85.32564412053142,27.069229013195837],[85.32581656057391,27.06942375688186],[85.32594310783992,27.06951734650726],[85.32607109198283,27.069518408197595]]]}},{"type":"Feature","properties":{"province":"Madhesh Province","district":"Rautahat","municipality":"Chandrapur Municipality","ward":"2","wardNumber":2,"sourceMunicipality":"Chandrapur","sourceType":"Nagarpalika"},"geometry":{"type":"Polygon","coordinates":[[[85.39989588302849,27.204471474836424],[85.40106900191971,27.204419139237487],[85.40190943708556,27.204507722754418],[85.40281645964133,27.204724343198734],[85.40325580813057,27.20463418868743],[85.40359318043282,27.204414121840387],[85.40407873238713,27.20423319053029],[85.4056875769372,27.204605227107027],[85.40634063221252,27.204948448481062],[85.40676191252534,27.20497814197969],[85.40715461782854,27.20478908428476],[85.40836481123492,27.20457607664285],[85.40923463160817,27.20464177754925],[85.40984692070212,27.204854523203757],[85.41061313735283,27.2045646830519],[85.41089398921949,27.204313607600383],[85.41134721330374,27.20376957003175],[85.4117137837383,27.203468041944454],[85.41254889962353,27.203089487848665],[85.41328823239861,27.202865354569035],[85.41372826758955,27.202632970629285],[85.41411672036185,27.202313124234088],[85.41490450170987,27.201282753706483],[85.4149842804818,27.201202980473603],[85.41574880494123,27.20043231102336],[85.41650795024046,27.19928496935391],[85.41745979423456,27.198656966413875],[85.41885148809183,27.19798388380918],[85.41957906874052,27.19798325458549],[85.42000979082951,27.198112039230324],[85.42120123280907,27.198711582797443],[85.42197608237632,27.198954211351246],[85.42258480794726,27.19908793441426],[85.42348520760548,27.199875472032062],[85.42486766099239,27.20080704920045],[85.42546281850257,27.20091388986851],[85.42644999256893,27.200831546771656],[85.42720702242812,27.200956953330195],[85.42789508386872,27.20048512243139],[85.42862028047846,27.19955459433834],[85.42919255089774,27.19929820274113],[85.43140629620632,27.198524023789926],[85.43388483095103,27.198363272631543],[85.43426815877991,27.198287122925315],[85.43454006948376,27.198090250290818],[85.43465229473657,27.19758803954546],[85.43479478196822,27.19733158908784],[85.43497522174928,27.197137905741585],[85.4352862730002,27.196983483054925],[85.4356691571888,27.19623250993445],[85.43609943675975,27.1957857510062],[85.43667733351899,27.195335239550108],[85.437148193066,27.195195007562546],[85.43749013074697,27.19514180247977],[85.43834638231728,27.195142046811252],[85.43875309563957,27.19526426772366],[85.43939733303392,27.195311777147094],[85.439933404775,27.195243128468753],[85.44026183665582,27.195124591874958],[85.44182784733513,27.194763162766968],[85.44235566548858,27.194737464177305],[85.44304060645126,27.194858995190426],[85.44387060192494,27.195274736918403],[85.44416746197429,27.195334878270224],[85.44447907680613,27.195333938461875],[85.44629655315627,27.19480733366138],[85.44679942479543,27.194759316472126],[85.44720169810952,27.19487922402329],[85.44792665172899,27.19482439081766],[85.44868961816282,27.194635892447877],[85.448912261383,27.194437270231223],[85.44920398924917,27.193964817213942],[85.44996557513939,27.193182831875],[85.45063893828419,27.19197290987703],[85.45075891645334,27.191542907816153],[85.45067925844755,27.191092338358956],[85.45017406005029,27.189603529582456],[85.4500705160696,27.188862124306894],[85.45007019856936,27.18830464870583],[85.45038212401832,27.188026064959715],[85.45079777536533,27.187870578493204],[85.45133240845163,27.187837940829613],[85.45211044210669,27.1875477876132],[85.45268033562358,27.187124346560932],[85.4534383586273,27.186459708841184],[85.45383506250985,27.185866532189806],[85.45394241160365,27.185578822389616],[85.45397104465377,27.185260290576032],[85.45389495173038,27.18498583515351],[85.45340614110657,27.184273129282175],[85.45309195675755,27.183445888542003],[85.45315728755543,27.182743306529957],[85.45305555829935,27.182198209304747],[85.4528633574832,27.181577278416174],[85.4528914920475,27.181516072689075],[85.45302010142706,27.18150800718689],[85.45285672870679,27.18145999455458],[85.45282002473084,27.181065440566716],[85.45301339490716,27.17948134913888],[85.45305490340752,27.178693305392038],[85.45288414663047,27.177932269866282],[85.45313616712224,27.17674029348995],[85.45351242680353,27.176269214600747],[85.45344471265507,27.17611191942004],[85.45390375068092,27.175412022963716],[85.45404423527859,27.174814846412833],[85.45418296844383,27.174224296922617],[85.45429006783306,27.173968158453185],[85.45524059497576,27.17274179175979],[85.45536082443638,27.172526165026255],[85.45569125610942,27.17217293402725],[85.45628634557093,27.17174467921153],[85.45645509400354,27.17153305358603],[85.4566662302161,27.171079482020765],[85.45738060466276,27.16954415044189],[85.45752271381829,27.16887914208682],[85.45730844178546,27.168215573536834],[85.45735457873171,27.167497425104123],[85.45766243414052,27.166672742526462],[85.45770594799639,27.166331454441533],[85.45760140396553,27.16566682255389],[85.45836930063838,27.16441751298044],[85.45830164613352,27.163824652296327],[85.45786854238598,27.162973842636735],[85.45782158150674,27.162319837834897],[85.45806484692682,27.16089773117728],[85.45821871265183,27.160553066171335],[85.4582935471092,27.15986392598014],[85.45822932774776,27.158799363568324],[85.45768073678003,27.157166575130137],[85.45719399059895,27.156505883681316],[85.45700479823091,27.156798971775302],[85.45728984560849,27.15737601442745],[85.457361124787,27.157765753513754],[85.45736081370332,27.15798237953177],[85.45710272243873,27.15841388261126],[85.45666612788253,27.158842698785964],[85.45631050059413,27.159191741932194],[85.45544668914063,27.159852941872934],[85.45449422304091,27.160928075965423],[85.45344221837442,27.161814655762893],[85.45256421695031,27.162846152225498],[85.45210080025537,27.163252649891856],[85.45152202730905,27.16357012251065],[85.45099145786578,27.16361170060613],[85.4506038755568,27.16335387676036],[85.45015733271329,27.162873301018163],[85.44957092611453,27.1624551203164],[85.4492571850619,27.162338712465765],[85.44887441904405,27.16229982928718],[85.44833009205973,27.162111402121297],[85.44727319953303,27.161551306736975],[85.44699897312739,27.161470598175335],[85.44606587861743,27.161310994795258],[85.44478797311893,27.161425724028263],[85.44405039100272,27.161699622235467],[85.44321608510869,27.16177139853127],[85.4430555270771,27.16184754682099],[85.44287346078347,27.16186524120319],[85.44263606026199,27.16179772301292],[85.4417466565941,27.16008485064533],[85.44045259627082,27.157410260086515],[85.44007438637375,27.156303749980488],[85.43981184959966,27.155949835435443],[85.43883854833236,27.155210562565813],[85.43869599441226,27.155017944352068],[85.43869617913231,27.154735798467414],[85.43895671050107,27.154543552724995],[85.43899634933206,27.154437083766766],[85.4389966584494,27.15392024496319],[85.43891112469696,27.153693178952498],[85.43860381987047,27.153143394146362],[85.4379910893257,27.152533594024124],[85.43744607370378,27.152187058112577],[85.43728051166352,27.15196536902454],[85.4371808409217,27.150932753591324],[85.43710481252413,27.15075745288401],[85.43670979671174,27.151285110552372],[85.4364651446319,27.15139370614893],[85.43631833974827,27.151307181675644],[85.43622361526157,27.151050857577378],[85.43637266093953,27.149835124359445],[85.4361213699297,27.148483603462758],[85.43590603667045,27.148023094830645],[85.43506584506794,27.14708382470881],[85.43498068754091,27.14693121747059],[85.43485263792753,27.146587242652416],[85.43478398257767,27.14590416766351],[85.43461954358652,27.145574008942386],[85.43408309084366,27.14480541165707],[85.43374089728785,27.14413859299685],[85.4336020918987,27.143641259964188],[85.4340639422817,27.142767625382213],[85.43441069212926,27.142459407366456],[85.4348216540154,27.142245279943523],[85.43512351229256,27.141975886072373],[85.43526293486678,27.14148924218691],[85.43526349498326,27.141184527314365],[85.43508648790109,27.14071013951041],[85.43460968457832,27.140272701757944],[85.4342069735958,27.14024294552545],[85.43403284648967,27.14013866598238],[85.43391530111103,27.13982388660375],[85.4340892354426,27.139269222647492],[85.43445999418796,27.138967443938327],[85.4347317772017,27.138513309036693],[85.43545509911802,27.137727323296502],[85.43617435491309,27.13671333305852],[85.43655630591984,27.136449878324413],[85.43731946097603,27.136448872475384],[85.4380836150208,27.136185977988657],[85.43855584839147,27.135880947803308],[85.4390607866402,27.136205289696854],[85.43955696954487,27.136389777988718],[85.44046811653746,27.136281052925703],[85.44097780495365,27.136433844209353],[85.44153407405824,27.136683163748895],[85.44238051179973,27.13693398204823],[85.44400948593872,27.137068448328357],[85.44495345485551,27.13671790162186],[85.44570516697539,27.13657022803789],[85.44643212446303,27.136894505854112],[85.4470841792193,27.137282741348717],[85.44756160680564,27.13747416867196],[85.44796606732227,27.13744290752707],[85.44819990232274,27.137286984785753],[85.44850682358607,27.136877612102257],[85.44904883314797,27.136556014546954],[85.44966199490756,27.136425535016834],[85.45030379079189,27.136206778749294],[85.45103105773677,27.136115747404975],[85.45187524105505,27.135899365607365],[85.45332208506642,27.135954309209435],[85.45433426810179,27.135855836102003],[85.45497194059641,27.135959800356172],[85.45559767108678,27.135964547740247],[85.45590797303585,27.13601324690692],[85.45666556331432,27.13598054501755],[85.45785431202096,27.135927584418138],[85.4602663863682,27.13605366719714],[85.46064952747,27.136119684495064],[85.46093500765873,27.136157318741667],[85.45814414540014,27.13318921481153],[85.45810756905995,27.133137700571012],[85.45759925123242,27.132407238545408],[85.45723267583536,27.13200931221261],[85.45666608952303,27.13159769486585],[85.45549271361804,27.13074326400119],[85.4548046453546,27.130303514366563],[85.450413763616,27.127981548725298],[85.4493603726348,27.12756812158959],[85.4476300431345,27.12669906515323],[85.44667856581854,27.12641780163059],[85.44600175280624,27.1261561668314],[85.44538489981443,27.125999999703957],[85.44443354775272,27.125632897898992],[85.44265789140077,27.125152456370525],[85.44255891783756,27.125106068253825],[85.44183558711663,27.12480879827826],[85.44151446786076,27.124697017567403],[85.4392061138808,27.12388792007389],[85.43694808993496,27.12301286475678],[85.43494134740494,27.12240607523521],[85.43433249662877,27.12213462420419],[85.43323146461796,27.121787091850717],[85.43037203110345,27.12072617400954],[85.42453549696033,27.11879945834144],[85.42354325591883,27.11857483643567],[85.42261141075302,27.118137463693433],[85.42149612267808,27.11770640650534],[85.41828862457463,27.116775153855222],[85.41662063413439,27.11636548192171],[85.41597945964044,27.116268144939465],[85.41498309159064,27.116018640855824],[85.41396534120379,27.115764822305234],[85.41159509192754,27.115317018463582],[85.4094022195172,27.114734236343374],[85.40853621316877,27.114562379209005],[85.407976383089,27.114572511005637],[85.40612363806736,27.114408286718252],[85.4045104820675,27.114191983708],[85.40351980518446,27.11418836376164],[85.40016213289229,27.113935311201466],[85.39470375544555,27.114163475227805],[85.39205384737328,27.114494464656534],[85.39067646945685,27.114833135197202],[85.3876665563317,27.115377563952073],[85.38401678540464,27.116291542955363],[85.38373568147871,27.11614987813562],[85.38329376605846,27.115750264105394],[85.3815596772249,27.113851154299045],[85.38069104055403,27.113254984205685],[85.37990756256225,27.11282029896225],[85.3774360843365,27.1118673475052],[85.37640664250146,27.111629095966787],[85.37496823736791,27.11146499492324],[85.37364168621029,27.11116197600262],[85.37338534134085,27.111083267500266],[85.37334451370717,27.111047569874913],[85.37330149713665,27.11103219073868],[85.37315325518666,27.110977175498213],[85.37173372778209,27.110137999715107],[85.37124379556094,27.109928378906226],[85.36981170487985,27.109554152608254],[85.36966296138398,27.109456312626918],[85.37016679138628,27.111943039993392],[85.37040056739002,27.112394421754942],[85.3707286919236,27.112876435601112],[85.37110014363147,27.113240665235264],[85.37171875254744,27.114020015858465],[85.3718419862793,27.114251332503763],[85.37200924035488,27.11488389224414],[85.37189845829836,27.115981840792738],[85.37130112727658,27.117669090319033],[85.3711432007802,27.118526030706672],[85.37120022577933,27.119010672352392],[85.3715910655602,27.120139814220693],[85.3722416873195,27.121210062250377],[85.37324300095503,27.12223391947278],[85.37330177296006,27.122294249400387],[85.3733822403189,27.122376960485365],[85.37391894018435,27.122638033852258],[85.37448140043377,27.123099728428823],[85.37496714309283,27.123318414548077],[85.37548302237212,27.123683455886137],[85.37644319136474,27.12412320434708],[85.37679332454402,27.124805840468902],[85.37694844885115,27.125373068534675],[85.37714683523276,27.12555393301092],[85.37756974130555,27.125585877404845],[85.37776862788417,27.12570578634509],[85.37825505655256,27.12577555341231],[85.37845707038753,27.12605338394242],[85.37845532212766,27.12632196288065],[85.37838379828014,27.126604858784905],[85.37724695426836,27.12801071627668],[85.37724608000754,27.128195833563925],[85.37734055359675,27.128337062065818],[85.37820525100506,27.128910850214275],[85.37835399373644,27.129056079050816],[85.37847791763342,27.129393427546013],[85.37864360497834,27.129581356577575],[85.37909721174474,27.129953900887475],[85.37974270118309,27.13028824485396],[85.37964210567536,27.13072712453774],[85.37986075246397,27.131325299303953],[85.37971964106839,27.13169909718741],[85.3794289117838,27.131956987364532],[85.3791928884823,27.132094717168215],[85.37836758730137,27.13237367854256],[85.37800001666538,27.132591683233525],[85.37795225164673,27.132957791031497],[85.37829162798484,27.133067258311968],[85.37832526507042,27.133136903091508],[85.37842561657776,27.133345839264358],[85.3791862112347,27.133706252739284],[85.38075660053696,27.133711056970405],[85.38151275899729,27.13442582468447],[85.38165744362074,27.13526625804895],[85.38124517308597,27.135947335976844],[85.38097926531364,27.136324636057275],[85.38200646088818,27.137027710921522],[85.38212238139592,27.13737187427771],[85.38211175333508,27.137487095655754],[85.38190136859178,27.138118845087245],[85.38172755516531,27.138242444260378],[85.38135110542618,27.1383544800292],[85.38067854633005,27.138383679880192],[85.38048972839269,27.13851865852985],[85.38046865957732,27.13870171290589],[85.38056844753413,27.13896929025092],[85.38093396053577,27.139457681242913],[85.3809812302678,27.139714506416347],[85.38094334289605,27.139920255136886],[85.38077872142144,27.140066361652984],[85.38034324994514,27.140197027232684],[85.38010704007837,27.1404295352041],[85.38010722964711,27.14069811342115],[85.38012805047202,27.14080401984568],[85.38043547845893,27.14113273973286],[85.38181505322606,27.141814243384314],[85.38195404286466,27.141986668432462],[85.38196492305589,27.14210170202488],[85.38171446017672,27.142614229462378],[85.38078837997767,27.143875918537496],[85.38070916682628,27.144303294097764],[85.38084334244772,27.144543426456597],[85.38117784248517,27.14476811507266],[85.3816050664411,27.145296517842745],[85.38195594629596,27.14541492531494],[85.38208399272077,27.14541592481513],[85.3822118514638,27.1453492166511],[85.38255040968347,27.144774858981652],[85.38318807690374,27.14426301637381],[85.38348824891523,27.144208123333357],[85.38363492941181,27.14433984873964],[85.38368619976941,27.144612428830637],[85.38361167643679,27.145114201606642],[85.38376911227783,27.145453425567382],[85.38362925223099,27.145924252035606],[85.38351195977098,27.146081173635363],[85.38257287020052,27.146652409728038],[85.38233003245716,27.146957251636113],[85.3823300964008,27.147117485949426],[85.38250766460493,27.147499409464892],[85.3834505169674,27.14820779932954],[85.38364090184166,27.148560214098442],[85.38357807611432,27.149750251850996],[85.3837834063164,27.15039143842612],[85.38378353317397,27.15066001755927],[85.38374864713431,27.150845447369818],[85.38354907643264,27.15113178254884],[85.38360828947428,27.151584790337722],[85.38379917286319,27.15172064123437],[85.38504350521028,27.151708317094464],[85.38529978755261,27.151823161994052],[85.38559889951571,27.152091051328227],[85.38580529044239,27.152407205396916],[85.38589407595492,27.1527516190163],[85.38584705969905,27.152876218045435],[85.3855780856219,27.15295786857337],[85.38543015781475,27.153133108525285],[85.38552438252133,27.153409814373756],[85.38582593271506,27.15361443473951],[85.38607596076719,27.153433630765267],[85.38643164905076,27.152816259397706],[85.38680896754505,27.15190755269618],[85.38740205482145,27.15115464034754],[85.3877751262667,27.150771774912574],[85.38797813730935,27.15071331946721],[85.38833045602091,27.15089036855226],[85.38855010333366,27.151359880777637],[85.38851328178598,27.15195611801958],[85.38805324656208,27.153107147282572],[85.38801654844143,27.15340767321461],[85.38808695089287,27.15369363178284],[85.38826827013833,27.153969461804863],[85.38855650281995,27.154169705973477],[85.38935166993278,27.15424984958175],[85.38993294455257,27.154074794782556],[85.39013608169593,27.154075043471344],[85.39027457168858,27.154256470153634],[85.3902640067567,27.154371691978124],[85.38992638474365,27.154666155653043],[85.38986980388077,27.154991751217725],[85.39000654325163,27.15517542983375],[85.3903007775842,27.155350729561363],[85.39089281157433,27.155839181765515],[85.39108701093357,27.156193847426657],[85.3911192738122,27.156347016907358],[85.39106606855391,27.156539386306985],[85.39095946729893,27.156635290122384],[85.39066492231461,27.15668780767727],[85.3904952341921,27.15658784162331],[85.3902867171947,27.15625374497762],[85.39011609131896,27.156176473315075],[85.38992345836147,27.15615803178866],[85.38955419824423,27.156238432583255],[85.3890488276251,27.156539086313106],[85.3887986128526,27.156807917017915],[85.38865443860324,27.157294560764736],[85.38868507950471,27.157878794654334],[85.3885991755111,27.158224959199124],[85.38835596422558,27.158604322917217],[85.38825768005042,27.158869276257406],[85.38833114701143,27.159198060066906],[85.38884765504369,27.159901638435304],[85.389335524837,27.16027593278077],[85.38967189967308,27.1604441674433],[85.38993105902642,27.160635659831232],[85.39030007516762,27.161295538517052],[85.39030076476016,27.16160925576066],[85.39010438219337,27.161843638581686],[85.38993176336199,27.162732338085668],[85.389725125956,27.162856250724186],[85.38921243852354,27.162969661841466],[85.38908464266942,27.163092824095177],[85.3890418782294,27.163303136357417],[85.38921544570583,27.163768584632074],[85.38877072262012,27.164129568570143],[85.38860466388186,27.16437270348074],[85.38866918781618,27.164487174335118],[85.38912848558029,27.164897916634665],[85.38920332597893,27.165032580834108],[85.38900156734562,27.165397939807335],[85.38881050250829,27.166013684195242],[85.38848732346638,27.166303521400348],[85.38752590905747,27.166559102076036],[85.38725099679147,27.166724277731465],[85.38715396616723,27.167244368817684],[85.38729814796098,27.16772588431318],[85.38726213942093,27.168337877179056],[85.38735842511858,27.16847235334631],[85.38761314483575,27.168605202900128],[85.38831928101818,27.168729110028213],[85.38851172703664,27.16883326427295],[85.38855411891305,27.168947985162333],[85.38833629246597,27.169390241976433],[85.38756107664811,27.170212613105956],[85.38752312853912,27.170716324089945],[85.38759291052014,27.171458166591535],[85.38749106743695,27.172352929624886],[85.38742510678215,27.172531858172384],[85.38725417164711,27.17283819909183],[85.38709874113644,27.17297742825567],[85.3863657868545,27.17328939992989],[85.38624036635434,27.173401183164188],[85.38617077920185,27.17358923880178],[85.38635303883672,27.17414715153453],[85.3863187144999,27.174330268465763],[85.3860730037463,27.17481572534839],[85.38602311047693,27.174915504235564],[85.38602192900032,27.175630965002533],[85.38565911057044,27.175984383897266],[85.38523964637498,27.176297728014397],[85.38464030324788,27.17660832335697],[85.38436357820487,27.176829952641636],[85.38360711868754,27.177548356027614],[85.38313807708909,27.178239123995542],[85.38282490224141,27.178578476062736],[85.3813161686472,27.179737638246344],[85.38030930178834,27.18015383007905],[85.3797029548269,27.18025455076026],[85.37955277602367,27.180456923641547],[85.38002189099525,27.18099620416149],[85.38066863203828,27.18146146152252],[85.38117475662342,27.18167320856851],[85.38184531769313,27.18181555855505],[85.38256333282379,27.18206800262282],[85.38404344535519,27.182782328818377],[85.38441352184537,27.183114985958653],[85.38454082115864,27.18345902393002],[85.38482406013807,27.184679505645693],[85.38508878458077,27.184963525577285],[85.38560560018378,27.18512081822118],[85.38725139536662,27.185449841696066],[85.3873887600257,27.185635833301728],[85.38757101981416,27.18629302497211],[85.38815136431724,27.18704330445696],[85.38947673342626,27.187984884964695],[85.3899841143577,27.188751669610944],[85.39056189358718,27.18934852851176],[85.3923743200923,27.190684659591373],[85.39350736916894,27.19163480717714],[85.39447848748598,27.193006391127508],[85.39497399210443,27.194278824492276],[85.3951504417764,27.195423596831564],[85.39523579303854,27.196352556985197],[85.39492618261453,27.19677093216614],[85.39469303621942,27.197003439425924],[85.39457568074202,27.19705201636275],[85.39452191219547,27.197196997177134],[85.39372787502892,27.19778717572007],[85.39336036607244,27.197971419500302],[85.39310439888453,27.19824025007603],[85.39299511139647,27.19853477436588],[85.39291934008908,27.19934119949847],[85.39295554409281,27.199817026451406],[85.39311873417506,27.200406761429637],[85.39331781071637,27.200840262174808],[85.39342491601172,27.201227437942663],[85.39308717452764,27.20228024944774],[85.39312962850613,27.202397221528628],[85.39324698551944,27.20249306084167],[85.3952920538617,27.20293761630789],[85.39621608345989,27.20325339056634],[85.39663680285372,27.20353809616845],[85.3967100188462,27.203735966649706],[85.39676648107131,27.204274812458273],[85.3970776683261,27.205492668076168],[85.3973972271202,27.206017570170374],[85.39784620067782,27.20552786080191],[85.39870326223704,27.20508603768449],[85.39938663502656,27.20462552356324],[85.39989588302849,27.204471474836424]]]}},{"type":"Feature","properties":{"province":"Madhesh Province","district":"Rautahat","municipality":"Chandrapur Municipality","ward":"1","wardNumber":1,"sourceMunicipality":"Chandrapur","sourceType":"Nagarpalika"},"geometry":{"type":"Polygon","coordinates":[[[85.5045243922307,27.172465940606646],[85.50457114919672,27.17129740963319],[85.50419187924678,27.170643344500654],[85.50329561039793,27.170394590741175],[85.50187127541903,27.170573527864413],[85.50146431377351,27.170506010832817],[85.50091436218769,27.170662622874993],[85.50016802571925,27.1707065786936],[85.49834829671062,27.170924092059757],[85.49691145669644,27.17097555428078],[85.49623458381654,27.17107533856829],[85.49548993453762,27.17096368627353],[85.49515168369079,27.17086122049428],[85.49375453834828,27.170023046779974],[85.49273646455833,27.16861432730911],[85.49230336027489,27.16773650917297],[85.49167486507984,27.16596930745858],[85.49131234912821,27.16513137593914],[85.49084460798619,27.1643487113577],[85.4904382637056,27.16339612241543],[85.4901260156518,27.16244709531578],[85.4897808782214,27.161204982859537],[85.48991810850198,27.160330099776825],[85.49054144626824,27.158443541403603],[85.49106000419505,27.157449495652642],[85.49135716948712,27.156742223485114],[85.49155954933977,27.155932109401174],[85.4916134398438,27.155430461932436],[85.49155159857223,27.154668363453453],[85.49137234094101,27.15418503456546],[85.49021333438394,27.152075922982203],[85.4898066766848,27.151141400895554],[85.48963129247522,27.15018630899921],[85.48953799832223,27.149094989599103],[85.48909288115112,27.147213001572997],[85.48885410200958,27.146709980931654],[85.48856636827736,27.14632261925491],[85.48768960139223,27.14546080931635],[85.486753500881,27.144644700462273],[85.48602003535741,27.14374300302203],[85.48521241884379,27.142862313084613],[85.48288967997647,27.14153956519961],[85.48156312522754,27.140996164360423],[85.48146471427927,27.14094990073832],[85.48035792757297,27.140428880330386],[85.4792203776149,27.139583264552954],[85.47879134156737,27.139091311132386],[85.4772909727446,27.13856998033938],[85.47631729939322,27.138189749582],[85.47584556207181,27.137953308374],[85.47523871090286,27.13756019760683],[85.47440095963603,27.136871625268032],[85.47312604042085,27.135214960435544],[85.47274670705539,27.134415540139535],[85.47255206638266,27.133715710699256],[85.47232072835472,27.133341227768657],[85.47227389779204,27.133138605704996],[85.47223850757298,27.132985560680282],[85.4715528725837,27.13197032981161],[85.4714749042107,27.13164842361407],[85.47150872596747,27.13129594416063],[85.47170917030665,27.13075903533267],[85.47175756029296,27.130410932868664],[85.47202046154132,27.129491911334203],[85.47230124745974,27.128926993507886],[85.4724242254621,27.128447226044464],[85.47239271283486,27.128350510564857],[85.47248974464668,27.12781460272611],[85.47249055450168,27.127491883062923],[85.4723331793611,27.126890894710847],[85.47206557756199,27.126437888383258],[85.47138169543425,27.125790577971973],[85.4699338991593,27.124013753493614],[85.46965322760116,27.12328997978925],[85.4692899009294,27.122652858040514],[85.46855825084191,27.121918021925033],[85.46680527894105,27.119993217545375],[85.4658556730555,27.119177109564937],[85.46477070220817,27.117938127767424],[85.46414915692684,27.11737133999895],[85.46324431989716,27.116794051627174],[85.46289856360228,27.11634173340802],[85.46185380055694,27.115716182260186],[85.46099385679739,27.115391154419292],[85.45898424078368,27.115041940556754],[85.45809440985863,27.114505038354135],[85.45763023541537,27.114060723278968],[85.45671995132149,27.11252196498231],[85.45666555523192,27.112457071197326],[85.45604694747283,27.111727736694426],[85.45544566039214,27.111305178752943],[85.45458540374149,27.11089881462506],[85.4536038537353,27.110572725717923],[85.45277254628569,27.11040530655727],[85.45140297602785,27.109769504407236],[85.45119321356026,27.110026706166384],[85.45103678567854,27.11050903683528],[85.45071794062635,27.113261222189124],[85.4504990554153,27.114130166187497],[85.45045292044622,27.115051437222398],[85.45054070647542,27.115452242094488],[85.4506440040366,27.116615707762133],[85.45066302633994,27.11847744247078],[85.45051710213572,27.11904317225955],[85.45034155162965,27.12068127988068],[85.44994466763177,27.12208238174445],[85.44979473833052,27.12218772537568],[85.44940109836801,27.122713132369828],[85.44897713234933,27.123089934114724],[85.44749253387913,27.124100553125484],[85.44728201904273,27.12416363513431],[85.44675532526112,27.124101370334206],[85.44626057972935,27.12387855832349],[85.4457310083637,27.12374408438214],[85.44524520337009,27.123525711034947],[85.44472432422864,27.123429436723892],[85.44365161804748,27.123521783103975],[85.44330736754493,27.123624628495115],[85.44310285682455,27.12380499541315],[85.44289259528844,27.12417954368229],[85.44265789140077,27.125152456370525],[85.44443354775272,27.125632897898992],[85.44538489981443,27.125999999703957],[85.44600175280624,27.1261561668314],[85.44667856581854,27.12641780163059],[85.4476300431345,27.12669906515323],[85.4493603726348,27.12756812158959],[85.450413763616,27.127981548725298],[85.4548046453546,27.130303514366563],[85.45549271361804,27.13074326400119],[85.45666608952303,27.13159769486585],[85.45723267583536,27.13200931221261],[85.45759925123242,27.132407238545408],[85.45810756905995,27.133137700571012],[85.45814414540014,27.13318921481153],[85.46093500765873,27.136157318741667],[85.46064952747,27.136119684495064],[85.4602663863682,27.13605366719714],[85.45785431202096,27.135927584418138],[85.45666556331432,27.13598054501755],[85.45590797303585,27.13601324690692],[85.45559767108678,27.135964547740247],[85.45497194059641,27.135959800356172],[85.45433426810179,27.135855836102003],[85.45332208506642,27.135954309209435],[85.45187524105505,27.135899365607365],[85.45103105773677,27.136115747404975],[85.45030379079189,27.136206778749294],[85.44966199490756,27.136425535016834],[85.44904883314797,27.136556014546954],[85.44850682358607,27.136877612102257],[85.44819990232274,27.137286984785753],[85.44796606732227,27.13744290752707],[85.44756160680564,27.13747416867196],[85.4470841792193,27.137282741348717],[85.44643212446303,27.136894505854112],[85.44570516697539,27.13657022803789],[85.44495345485551,27.13671790162186],[85.44400948593872,27.137068448328357],[85.44238051179973,27.13693398204823],[85.44153407405824,27.136683163748895],[85.44097780495365,27.136433844209353],[85.44046811653746,27.136281052925703],[85.43955696954487,27.136389777988718],[85.4390607866402,27.136205289696854],[85.43855584839147,27.135880947803308],[85.4380836150208,27.136185977988657],[85.43731946097603,27.136448872475384],[85.43655630591984,27.136449878324413],[85.43617435491309,27.13671333305852],[85.43545509911802,27.137727323296502],[85.4347317772017,27.138513309036693],[85.43445999418796,27.138967443938327],[85.4340892354426,27.139269222647492],[85.43391530111103,27.13982388660375],[85.43403284648967,27.14013866598238],[85.4342069735958,27.14024294552545],[85.43460968457832,27.140272701757944],[85.43508648790109,27.14071013951041],[85.43526349498326,27.141184527314365],[85.43526293486678,27.14148924218691],[85.43512351229256,27.141975886072373],[85.4348216540154,27.142245279943523],[85.43441069212926,27.142459407366456],[85.4340639422817,27.142767625382213],[85.4336020918987,27.143641259964188],[85.43374089728785,27.14413859299685],[85.43408309084366,27.14480541165707],[85.43461954358652,27.145574008942386],[85.43478398257767,27.14590416766351],[85.43485263792753,27.146587242652416],[85.43498068754091,27.14693121747059],[85.43506584506794,27.14708382470881],[85.43590603667045,27.148023094830645],[85.4361213699297,27.148483603462758],[85.43637266093953,27.149835124359445],[85.43622361526157,27.151050857577378],[85.43631833974827,27.151307181675644],[85.4364651446319,27.15139370614893],[85.43670979671174,27.151285110552372],[85.43710481252413,27.15075745288401],[85.4371808409217,27.150932753591324],[85.43728051166352,27.15196536902454],[85.43744607370378,27.152187058112577],[85.4379910893257,27.152533594024124],[85.43860381987047,27.153143394146362],[85.43891112469696,27.153693178952498],[85.4389966584494,27.15392024496319],[85.43899634933206,27.154437083766766],[85.43895671050107,27.154543552724995],[85.43869617913231,27.154735798467414],[85.43869599441226,27.155017944352068],[85.43883854833236,27.155210562565813],[85.43981184959966,27.155949835435443],[85.44007438637375,27.156303749980488],[85.44045259627082,27.157410260086515],[85.4417466565941,27.16008485064533],[85.44263606026199,27.16179772301292],[85.44287346078347,27.16186524120319],[85.4430555270771,27.16184754682099],[85.44321608510869,27.16177139853127],[85.44405039100272,27.161699622235467],[85.44478797311893,27.161425724028263],[85.44606587861743,27.161310994795258],[85.44699897312739,27.161470598175335],[85.44727319953303,27.161551306736975],[85.44833009205973,27.162111402121297],[85.44887441904405,27.16229982928718],[85.4492571850619,27.162338712465765],[85.44957092611453,27.1624551203164],[85.45015733271329,27.162873301018163],[85.4506038755568,27.16335387676036],[85.45099145786578,27.16361170060613],[85.45152202730905,27.16357012251065],[85.45210080025537,27.163252649891856],[85.45256421695031,27.162846152225498],[85.45344221837442,27.161814655762893],[85.45449422304091,27.160928075965423],[85.45544668914063,27.159852941872934],[85.45631050059413,27.159191741932194],[85.45666612788253,27.158842698785964],[85.45710272243873,27.15841388261126],[85.45736081370332,27.15798237953177],[85.457361124787,27.157765753513754],[85.45728984560849,27.15737601442745],[85.45700479823091,27.156798971775302],[85.45719399059895,27.156505883681316],[85.45768073678003,27.157166575130137],[85.45822932774776,27.158799363568324],[85.4582935471092,27.15986392598014],[85.45821871265183,27.160553066171335],[85.45806484692682,27.16089773117728],[85.45782158150674,27.162319837834897],[85.45786854238598,27.162973842636735],[85.45830164613352,27.163824652296327],[85.45836930063838,27.16441751298044],[85.45760140396553,27.16566682255389],[85.45770594799639,27.166331454441533],[85.45766243414052,27.166672742526462],[85.45735457873171,27.167497425104123],[85.45730844178546,27.168215573536834],[85.45752271381829,27.16887914208682],[85.45738060466276,27.16954415044189],[85.4566662302161,27.171079482020765],[85.45645509400354,27.17153305358603],[85.45628634557093,27.17174467921153],[85.45569125610942,27.17217293402725],[85.45536082443638,27.172526165026255],[85.45524059497576,27.17274179175979],[85.45429006783306,27.173968158453185],[85.45418296844383,27.174224296922617],[85.45404423527859,27.174814846412833],[85.45390375068092,27.175412022963716],[85.45344471265507,27.17611191942004],[85.45351242680353,27.176269214600747],[85.45388468685944,27.17612992166413],[85.45514283523671,27.17589790719486],[85.45563395306311,27.175917660059937],[85.45606048455613,27.175874831792914],[85.45640785955581,27.175564300647224],[85.45662205733605,27.174815016894016],[85.45666613457658,27.17466109678419],[85.45673309459141,27.174425713936937],[85.45780429764446,27.173985765496155],[85.46007919659834,27.17402976336262],[85.46168435232228,27.17443055760636],[85.46226512804007,27.1744605627386],[85.46378237319684,27.17446055211836],[85.46426554991858,27.174353893161907],[85.465144681899,27.173895627412886],[85.46557746500906,27.173798533152887],[85.46639082858562,27.17400221251896],[85.46731923184007,27.17403084017242],[85.46744677893898,27.173993390294523],[85.4680870100243,27.17350368001278],[85.46888779029246,27.171786857716082],[85.4693151914694,27.171134663106873],[85.47001062867648,27.170479653308377],[85.47019219552342,27.170423573745357],[85.47123357933621,27.17055029125742],[85.47170468890117,27.170443818923044],[85.47286617218974,27.169736479016013],[85.4731760358207,27.169690337922237],[85.4743774195344,27.170289318447427],[85.47467184245018,27.17050963147254],[85.47487072882963,27.170570710274852],[85.47534559055903,27.17060634218936],[85.47621134633025,27.170574640083704],[85.4767856190788,27.170489611209405],[85.47810535362882,27.170489226702177],[85.47829098465712,27.170453402875513],[85.47885106611992,27.170587438582015],[85.48049879755538,27.170725718032518],[85.48080728691508,27.170772167057223],[85.48136349296355,27.170994166031797],[85.48193420346846,27.17112357481837],[85.48266022159447,27.171210721011132],[85.4848007633381,27.171828950200602],[85.48515220782672,27.172213373443796],[85.48553960170774,27.172358226018716],[85.48599051749041,27.172394108028875],[85.48680687905234,27.172254499285373],[85.48761392884578,27.172645421362436],[85.48826786090524,27.17310336396216],[85.48873628532992,27.17336018610336],[85.48965693982208,27.173758859621614],[85.49100594382627,27.174816536211228],[85.4913760208425,27.17517370104372],[85.49230055405697,27.175858958067877],[85.49247912063845,27.17605113844426],[85.49318332157408,27.176488199394843],[85.49365331028821,27.17700453561592],[85.493958986858,27.17716826961296],[85.49466468920211,27.177763313766942],[85.49494542141251,27.17823651387007],[85.49556728665162,27.179685560260967],[85.49551120739342,27.18007430020226],[85.49575711790537,27.180949618036603],[85.49572510940456,27.181394561651715],[85.49579432358384,27.18152022261483],[85.49700739675825,27.181789418513464],[85.49834832832735,27.181874309523902],[85.49895968066896,27.182278048779573],[85.50008091091905,27.182885844802055],[85.50075266262128,27.183393989079768],[85.50133569092861,27.18365299921876],[85.50155502178839,27.183623738412802],[85.50237731753988,27.182944158663762],[85.50269055461192,27.182568358381165],[85.50289425378715,27.182410310281625],[85.50298309656685,27.18222844395895],[85.50375281072742,27.181494160057785],[85.50398939345038,27.180973068068166],[85.5040004559465,27.18042928325062],[85.50378530884201,27.17981310383262],[85.503243913296,27.178825629889452],[85.50276935900827,27.17819319712084],[85.50201757703434,27.177607405383593],[85.50173759833656,27.177455487874898],[85.50139478112598,27.177070439343918],[85.50027923992072,27.17627315068903],[85.50016582205991,27.176145551537733],[85.50010535974702,27.175876347748876],[85.50017381997331,27.1755453120117],[85.50072739173747,27.17477033120075],[85.50099961473467,27.174534009323587],[85.50139663392972,27.174398342055156],[85.50319779350649,27.17409255225443],[85.5039624464481,27.17370799640244],[85.50435408698843,27.17329237164451],[85.5045243922307,27.172465940606646]]]}},{"type":"Feature","properties":{"province":"Madhesh Province","district":"Rautahat","municipality":"Chandrapur Municipality","ward":"8","wardNumber":8,"sourceMunicipality":"Chandrapur","sourceType":"Nagarpalika"},"geometry":{"type":"Polygon","coordinates":[[[85.36033376879297,27.107190830197972],[85.36302274747835,27.106131064955054],[85.36357320018972,27.10613024867105],[85.36401580019363,27.10622971228828],[85.36433929389781,27.106181446242633],[85.36474387939369,27.10606015753542],[85.36568015646272,27.105590638807474],[85.36646194130833,27.105278355233544],[85.36811873433386,27.1049484349797],[85.36889602163399,27.10514173731744],[85.3690647074811,27.105018200053784],[85.36899142684229,27.104490795069385],[85.36883023762921,27.10388755703658],[85.3681870513025,27.102225947595755],[85.36754574543318,27.10123234713517],[85.36695120944003,27.100563404563996],[85.36623187428714,27.09952535374575],[85.3649838382063,27.097528837129143],[85.36484146999264,27.097017876068335],[85.36513536563201,27.09391402405217],[85.36552131322799,27.092989437763304],[85.36594390145076,27.09243233426462],[85.366122901738,27.092119116097393],[85.36590275490991,27.091590899791935],[85.36577633187589,27.09145898686741],[85.36543464127415,27.091098944961175],[85.36537730723641,27.09104530457164],[85.36474969706154,27.090448884088087],[85.36418179935299,27.090097721128483],[85.36381103678714,27.08998625330726],[85.36326321102378,27.09004121045547],[85.36314629406935,27.09011685892649],[85.36299580374549,27.09039587920093],[85.36253901423049,27.090885587935585],[85.36194767733583,27.091457822471146],[85.36159961380541,27.091713962249557],[85.36081432723645,27.091996925174],[85.36032596094526,27.09196104275937],[85.36002228576623,27.091869205487153],[85.35961694633818,27.09145783709763],[85.35924493154253,27.091082291018928],[85.35848395970828,27.090455487373056],[85.35794650941887,27.090013798122484],[85.35686960915189,27.089329041314905],[85.3559433253138,27.08852324725945],[85.3557689461343,27.088233788079943],[85.35535116436726,27.087777406520857],[85.35520679489359,27.087252940893833],[85.35508724564754,27.08648896772287],[85.35505691213358,27.085279550224897],[85.35531706287064,27.084265937622884],[85.35565893058516,27.083287585982966],[85.35593714925243,27.08215643885269],[85.35593764523645,27.081675735484804],[85.35495302643727,27.080735027903],[85.35402574409424,27.08016392835532],[85.3531026518469,27.07966953834544],[85.35241395707178,27.079118755590915],[85.35172182111567,27.0781774838494],[85.35124401473495,27.077335802151957],[85.35065503858104,27.076111320344616],[85.3503339801141,27.075674319503406],[85.34923131594019,27.074450341403004],[85.3491855489548,27.074471097531177],[85.34877752230784,27.07419289319493],[85.34797453744594,27.073776338278183],[85.34788913072367,27.073801971384196],[85.34721663241238,27.073598541373464],[85.34625271510538,27.073431747592313],[85.34362643738481,27.07324477193783],[85.34293562125457,27.07325133985398],[85.34214483149141,27.07332661699519],[85.33947053757412,27.07323929553226],[85.33909340092886,27.073437043146235],[85.33752921649628,27.07542226123202],[85.33716989710175,27.07547534140033],[85.33716420802683,27.07547315307309],[85.33690673747583,27.075396570148612],[85.33667814880421,27.07466979488191],[85.336293252615,27.07400310158783],[85.33444361908595,27.071808905264607],[85.33385377028837,27.070805614350967],[85.33351044817103,27.069653340202827],[85.33318238412875,27.068884554272326],[85.33276391492947,27.068410042562768],[85.33231137212624,27.068199857888622],[85.3316192426284,27.06808914211559],[85.3313767152526,27.068050820338847],[85.32998895715237,27.068167800568396],[85.3292208020553,27.06839849747496],[85.32846390245955,27.068782490168353],[85.3271653036562,27.06925301159585],[85.328199010298,27.071224897042562],[85.32887176519878,27.072254445007125],[85.32996060903874,27.07318527492442],[85.3305760906783,27.073897167847914],[85.33057509509734,27.074454644255137],[85.33071021074788,27.07500405494719],[85.33059285785075,27.075316647203913],[85.33023122760085,27.075708202083526],[85.32951565459943,27.076012983634875],[85.32894213573081,27.07650137997979],[85.32840431491589,27.07675927135509],[85.32750611689949,27.077564451472774],[85.3271978796929,27.07772537503567],[85.32697179915837,27.078011898059763],[85.3279590509265,27.079889319050547],[85.32856190366435,27.080759383688644],[85.32918325954236,27.081227454893344],[85.32960729392185,27.081686149358827],[85.33013899600168,27.082561341140043],[85.33022996721363,27.082684564269808],[85.33025291397048,27.08270694533294],[85.33023546999432,27.082779341748537],[85.32965839260926,27.083983261745864],[85.32950990349588,27.084381879400546],[85.32898116651573,27.08700496640309],[85.32876271681796,27.08767285102272],[85.32827380247774,27.089618425732734],[85.32824029872339,27.090835283660844],[85.32830382645767,27.091358311873417],[85.32835984756657,27.091459341370225],[85.32853241300262,27.091764616956343],[85.32861401064163,27.092422872768122],[85.3285205476429,27.093586152507104],[85.32883173817514,27.09542944218197],[85.32911341083637,27.096376906188176],[85.32907521760225,27.09741321156695],[85.32906378377464,27.098417631512778],[85.33035000401594,27.09820912521447],[85.33084093405517,27.098186365401318],[85.33161940853186,27.098282826607914],[85.33171413090112,27.098295454807026],[85.33242908008961,27.098187105731373],[85.33306737545276,27.097995982917883],[85.33367278382492,27.097904452698685],[85.33494024857573,27.097815668508726],[85.33664743722743,27.097695623186098],[85.33702682833237,27.09789511716165],[85.33731437326061,27.09821964813472],[85.33769526648007,27.098647084105206],[85.33802226351251,27.098894467320505],[85.3388041121607,27.09879224483535],[85.3395012434149,27.098882642141906],[85.34020925554033,27.099094762540975],[85.34116417145962,27.09949418646705],[85.34327245616309,27.100916216541325],[85.34566991296673,27.10273261088203],[85.34593026014355,27.102991934982047],[85.34630833708658,27.103076332516306],[85.347266064047,27.10307613898227],[85.34885709191082,27.10383272713318],[85.34955597618705,27.104225525783686],[85.35185770955835,27.10598634144311],[85.3526685109931,27.106402833651696],[85.35306972151862,27.106471163677153],[85.35335213795643,27.106518112648754],[85.35473883711299,27.10689965384044],[85.35513792247637,27.107051571310315],[85.35619875395706,27.107650678110673],[85.35675852443876,27.107902561661835],[85.35730297492043,27.10803272155619],[85.35752505762257,27.10814794151199],[85.35806012751131,27.107966697475558],[85.35861395492334,27.107884606891183],[85.35958237151192,27.10761789810587],[85.36033376879297,27.107190830197972]]]}},{"type":"Feature","properties":{"province":"Madhesh Province","district":"Rautahat","municipality":"Chandrapur Municipality","ward":"7","wardNumber":7,"sourceMunicipality":"Chandrapur","sourceType":"Nagarpalika"},"geometry":{"type":"Polygon","coordinates":[[[85.32906378377464,27.098417631512778],[85.32907521760225,27.09741321156695],[85.32911341083637,27.096376906188176],[85.32883173817514,27.09542944218197],[85.3285205476429,27.093586152507104],[85.32861401064163,27.092422872768122],[85.32853241300262,27.091764616956343],[85.32835984756657,27.091459341370225],[85.32830382645767,27.091358311873417],[85.32824029872339,27.090835283660844],[85.32827380247774,27.089618425732734],[85.32876271681796,27.08767285102272],[85.32898116651573,27.08700496640309],[85.32950990349588,27.084381879400546],[85.32965839260926,27.083983261745864],[85.33023546999432,27.082779341748537],[85.33025291397048,27.08270694533294],[85.33022996721363,27.082684564269808],[85.33013899600168,27.082561341140043],[85.32960729392185,27.081686149358827],[85.32918325954236,27.081227454893344],[85.32856190366435,27.080759383688644],[85.3279590509265,27.079889319050547],[85.32697179915837,27.078011898059763],[85.3271978796929,27.07772537503567],[85.32750611689949,27.077564451472774],[85.32840431491589,27.07675927135509],[85.32894213573081,27.07650137997979],[85.32951565459943,27.076012983634875],[85.33023122760085,27.075708202083526],[85.33059285785075,27.075316647203913],[85.33071021074788,27.07500405494719],[85.33057509509734,27.074454644255137],[85.3305760906783,27.073897167847914],[85.32996060903874,27.07318527492442],[85.32887176519878,27.072254445007125],[85.328199010298,27.071224897042562],[85.3271653036562,27.06925301159585],[85.32694778686901,27.06929796280329],[85.32684093546105,27.069269642879593],[85.32607109198283,27.069518408197595],[85.32594310783992,27.06951734650726],[85.32581656057391,27.06942375688186],[85.3253780258725,27.069594935331097],[85.32463268898432,27.0694665270006],[85.32417851979375,27.0692157679686],[85.3238707181265,27.0689388140874],[85.32361712244297,27.068595902487235],[85.32320471270305,27.06756378868493],[85.32260123371616,27.066465782134248],[85.32125797543152,27.064465265342253],[85.32095892520253,27.064127292643697],[85.32060735458776,27.063491857810853],[85.3203994644434,27.063288424285144],[85.31930499378913,27.062452373001097],[85.3191126097565,27.06233677781937],[85.3187602924714,27.062229497890296],[85.31841654146098,27.062264322738326],[85.31757317400913,27.062845561518493],[85.31629020819213,27.0635165785894],[85.31502355968749,27.064079189376542],[85.31393503950474,27.064563337903014],[85.31260886700301,27.064776596319767],[85.31131070498483,27.065066313646106],[85.30988824685221,27.065185669752996],[85.30974694483018,27.0652276208743],[85.30951179801654,27.065439747102133],[85.3089367170807,27.066128953092125],[85.30859228528792,27.067183952443155],[85.30820041804373,27.07066785342081],[85.3081979297774,27.072405801776796],[85.30795091074907,27.073660671711732],[85.30784806743362,27.074573440634648],[85.30763749611332,27.07543757027389],[85.30764525052385,27.07556391969159],[85.3079191652407,27.075805114413537],[85.30797900040977,27.075858691909588],[85.30859566880288,27.07652100781597],[85.30896924812765,27.077099863328826],[85.30960110912267,27.07766046228481],[85.3105108251247,27.078644996180984],[85.31078792725394,27.07878466055794],[85.31092885595677,27.078975153233564],[85.31087108586517,27.079156269147763],[85.3103799741192,27.079964321517746],[85.30986735212862,27.08049498089288],[85.30926500898558,27.08079400937465],[85.30910470107952,27.08093774046453],[85.30870743453767,27.0814717750463],[85.30837894033026,27.08173441661404],[85.30759790632021,27.082005750564516],[85.30718188044604,27.082278208485377],[85.30693066524604,27.08257848570239],[85.30684126202846,27.083184163508783],[85.30688265803269,27.083980522456333],[85.30703502903992,27.084288299642658],[85.30733589066587,27.084522491737836],[85.30811111608548,27.0848854058955],[85.30818408128467,27.08508333892689],[85.30790860900866,27.085575672710043],[85.30795231384504,27.085812241762213],[85.30896025123208,27.08645511199343],[85.30901789818529,27.086533572984813],[85.30895068731544,27.086714750898633],[85.30866614820576,27.087130437933833],[85.30791118962242,27.087911609075025],[85.30767097942892,27.08834273674101],[85.307513051838,27.08902125019905],[85.30769612205961,27.089416739713062],[85.30803681277402,27.089878498778656],[85.30810765515358,27.090331506050518],[85.30807558113196,27.090444664732335],[85.30784099744476,27.09070868150597],[85.3081157291533,27.09145996329795],[85.30813142233562,27.09150266252669],[85.3078702087203,27.092516212179316],[85.30815963705473,27.093714250423332],[85.30811756202482,27.094161506741614],[85.30802040309071,27.09442420911065],[85.30787266314921,27.094621955927487],[85.30746908002074,27.094941676994544],[85.30733915847105,27.095152740397975],[85.30688943680835,27.095895023710824],[85.30681223563462,27.09793155996523],[85.30663911446165,27.098547054407273],[85.3062952451431,27.09945082148399],[85.30602459491003,27.101060295843112],[85.30618809496053,27.10135213143862],[85.30663957556044,27.1016774738349],[85.3067606224055,27.102003631850927],[85.30654348244357,27.10231034781027],[85.30634747399701,27.102425007616713],[85.30621942777495,27.102579678797373],[85.30617610158576,27.102866700795417],[85.30625225610598,27.103071386192727],[85.3074080029908,27.10437419952745],[85.30790562643124,27.104823202770934],[85.3087359335989,27.105194619390293],[85.30910206848326,27.105231878699897],[85.30950090237306,27.10520324237431],[85.31049995389594,27.104907274496515],[85.3110663473644,27.104597368064315],[85.3120640853971,27.10418849165055],[85.31242315398036,27.104108403575932],[85.31270869535847,27.10393872753231],[85.31409951683631,27.10366388792369],[85.31525112131055,27.10298505692041],[85.31661124269914,27.102514097385306],[85.31706397138838,27.10246020395075],[85.31842490921967,27.102648251357962],[85.31969061946428,27.102029311816032],[85.32101753565449,27.100877027848767],[85.32164813864783,27.100408386439387],[85.3225243935364,27.099914860581006],[85.32325134591477,27.099643964709266],[85.32381079845005,27.09918051252845],[85.32421050470617,27.098750196208567],[85.3244484031146,27.098610278235387],[85.32486649250298,27.098452855017634],[85.32615121288009,27.09828048366948],[85.32782939137947,27.098262280698975],[85.32867301537998,27.09843038794124],[85.32906378377464,27.098417631512778]]]}}]}