{"type":"FeatureCollection","features":[{"type":"Feature","properties":{"province":"Sudurpashchim Province","district":"Darchula","municipality":"Lekam Rural Municipality","ward":"4","wardNumber":4,"sourceMunicipality":"Lekam","sourceType":"Gaunpalika"},"geometry":{"type":"Polygon","coordinates":[[[80.46349022965482,29.717623242612902],[80.46360159109182,29.71733934912458],[80.46364955560068,29.71693792005192],[80.46358904195137,29.716536050959967],[80.46350464016498,29.71630554476613],[80.46339760322381,29.71613136641682],[80.46331382794806,29.7158444688653],[80.46295170534275,29.715152572496724],[80.46278415425195,29.714576463179927],[80.4623565064168,29.713884253258275],[80.46227398421124,29.713482321205348],[80.46232044537696,29.71325231720637],[80.46230125575431,29.713024375149185],[80.46236997563331,29.712738043243625],[80.46224481378796,29.712277281153646],[80.4622693283812,29.71204721343919],[80.46233616804395,29.711934619678953],[80.46232737775286,29.710842486681543],[80.46228724408502,29.71055577694144],[80.46242562356998,29.709926783069022],[80.46229889509361,29.70958105492109],[80.46225938818446,29.70923564013224],[80.4623733160061,29.708834462314538],[80.46237456878292,29.70872167975768],[80.46248724335265,29.70843553497865],[80.46251702065638,29.707745208291477],[80.46247563364888,29.707573594906787],[80.46230520158385,29.707227678013084],[80.46208999989568,29.706996606616293],[80.4618974331481,29.706707018733088],[80.46183397490528,29.7065352795973],[80.46181578759654,29.7062486325408],[80.46204113799497,29.705620014894645],[80.46219739080419,29.705334059313696],[80.46286009873387,29.704594416586275],[80.46299346711017,29.7043647892514],[80.46310733277349,29.703963611194197],[80.46341865053417,29.703450341589875],[80.46351282431232,29.702877675021217],[80.46362512373406,29.702591531172835],[80.46369447065952,29.70224886947186],[80.46385078686771,29.701962976102347],[80.46383291359145,29.701617624452155],[80.46375070326637,29.701215630196987],[80.4636449191396,29.700928669036244],[80.46367225269665,29.7004684726259],[80.46380781382659,29.700069607885812],[80.46405316844537,29.699612540816986],[80.46423368604056,29.69909658034391],[80.46432898877669,29.698408755770714],[80.46439708253288,29.69818112764823],[80.46459666428295,29.6978953603886],[80.46490604054162,29.697553640457805],[80.46501833984698,29.69726749653184],[80.46511119810131,29.69680980093065],[80.46509269841441,29.696523217444696],[80.46496816232563,29.696003687514246],[80.46486244047254,29.69571672716409],[80.46484556823778,29.695314983964828],[80.46498256983972,29.694798835263924],[80.46483483531489,29.69439658963197],[80.46494776177566,29.694054179404763],[80.46517054330658,29.69365331561994],[80.46536943625584,29.69342625274347],[80.46585450721312,29.69297012772435],[80.46607628726804,29.692628031247253],[80.46614362931892,29.69247717566509],[80.46621046932972,29.692362330821826],[80.46625536453881,29.692247423212745],[80.46623968272452,29.691730646237144],[80.46609188529732,29.691328401095014],[80.46603068260298,29.6909829232256],[80.4660558234003,29.69069646477589],[80.4660156271184,29.69040975562723],[80.46606396756384,29.69000832625152],[80.4659999458068,29.689892978632926],[80.46585102107122,29.689585511688513],[80.46563801113699,29.689183077406145],[80.46537923016163,29.688949567204247],[80.46505461069046,29.688756442017716],[80.46488110786335,29.688697109431498],[80.46470710467806,29.68867610032017],[80.46400802215858,29.688804125488915],[80.46374729947084,29.68874441616244],[80.46313763021071,29.688701330560704],[80.46287703165639,29.68862136510064],[80.4618311329973,29.688594526316507],[80.46165619099133,29.688629908860737],[80.46130768298812,29.688626213669043],[80.46087070174576,29.68871923322357],[80.46025990462081,29.688770925895344],[80.45982599262082,29.68859536684285],[80.45950250003042,29.68832328100726],[80.45903033420784,29.687689587558257],[80.45875273916876,29.687228134858767],[80.45865334408197,29.686422209834344],[80.4585683788217,29.686250345474335],[80.45846033928558,29.68615287774588],[80.45830966104212,29.685998829899678],[80.45794315350874,29.685670165189432],[80.45732018290155,29.684918495874477],[80.45717119466282,29.684631347206068],[80.4568343381813,29.683652929765977],[80.45653392008873,29.68324780631],[80.45638537058792,29.68292227049927],[80.45623763602394,29.682520024875576],[80.45626628524624,29.681944731809413],[80.45629299239145,29.681543177776767],[80.45634246023745,29.681046970318913],[80.456502535639,29.680418101458304],[80.45670424758138,29.679960909302842],[80.45688213441396,29.67967501562897],[80.45697411708163,29.679273774777165],[80.45708641643377,29.67898769315758],[80.45735403030115,29.678474297384916],[80.45755367490004,29.678188530077257],[80.45764333980253,29.677961026744644],[80.45777545511581,29.677828428074168],[80.45784354963484,29.677600800272536],[80.45784925068487,29.67708408656227],[80.45765918983771,29.67656661932665],[80.45753916491108,29.675650036410524],[80.45768155651217,29.67456297038847],[80.45768406332792,29.67433290300009],[80.45777441602583,29.674048883388057],[80.45777817528177,29.67370372047285],[80.45769790949804,29.673073847132923],[80.4577248673801,29.672615900593538],[80.4578149084083,29.672329693957877],[80.45744551980225,29.672249226443082],[80.45703430497097,29.672017338186368],[80.45677671448922,29.671689112864435],[80.45664716790566,29.671573514734643],[80.45526040255508,29.670947306693787],[80.4548713858262,29.670674970585146],[80.45443622127536,29.67057618380126],[80.45373764241982,29.67056879427394],[80.45347692042098,29.670452630710848],[80.45261041608887,29.66985112708033],[80.45215675353838,29.66940698904525],[80.45179137550875,29.668888769009698],[80.45149597148956,29.667969181606736],[80.45149910363241,29.667682597593032],[80.4516145988262,29.667112182478007],[80.45159384280437,29.667015091840327],[80.4514642966688,29.66689949285158],[80.45129029414997,29.666822029698668],[80.45102894510393,29.666780325887935],[80.4501555487243,29.66679031328246],[80.4497189455992,29.666768174203554],[80.44954481785807,29.666726846637538],[80.44919568472406,29.66672540262921],[80.44876020798742,29.666624302340942],[80.44823663360619,29.666581531241572],[80.4478010317435,29.666500749785737],[80.4474754740226,29.666325629943582],[80.44685137920253,29.66551750816408],[80.44648474908989,29.665112007870082],[80.44622985348576,29.664479192527683],[80.44614457465701,29.66430726582251],[80.44610168552553,29.66423042999179],[80.44590849316901,29.663943092842878],[80.44566752484661,29.66401654729414],[80.44540561221038,29.664013167089433],[80.44496825626054,29.664085805756013],[80.44435627157026,29.66413743509106],[80.44400713788288,29.66413374070863],[80.44359310718602,29.664071027152126],[80.44306959621936,29.66401018784986],[80.44254545823173,29.664005740004267],[80.4414938007094,29.664263046974806],[80.44114372913033,29.66431799425415],[80.44037736956952,29.66448402998687],[80.44024563078284,29.664539855984266],[80.43991600143393,29.664689644347604],[80.43925454944437,29.665219412581674],[80.43890278567903,29.665407461885863],[80.43828842135036,29.6656507723749],[80.43789207662091,29.66589508707454],[80.43687741954815,29.66674819339477],[80.43667833903024,29.666936932906783],[80.43658936468061,29.667087725946327],[80.43645649845972,29.667220261793886],[80.43557677590125,29.667731021193777],[80.43417172577911,29.66832973497429],[80.43401747763465,29.66842388438937],[80.43370828961149,29.66872715536001],[80.43337822157635,29.66891532999304],[80.43328799496214,29.669142831723928],[80.43308803660955,29.669448855565346],[80.43292326346302,29.670440955683848],[80.43281046297996,29.670745105253932],[80.43276318809585,29.671051757046804],[80.43228816287485,29.672423900594374],[80.43213140872874,29.672727861682215],[80.43151090416859,29.673487823197146],[80.43120134156182,29.673791157007503],[80.43014749173614,29.67424014460388],[80.42992884491558,29.674239203109227],[80.42977553632838,29.674274648475354],[80.42925127334223,29.674290456550334],[80.42855357236454,29.674167908060976],[80.42785486908345,29.674124257609485],[80.42724419957942,29.67404266098544],[80.42680841062196,29.673943748813112],[80.4264606565867,29.673806890599078],[80.42619905819454,29.673747056008715],[80.42541620308798,29.67345258105468],[80.4248081656815,29.673140853843844],[80.4244192758518,29.67279393331232],[80.42370445230074,29.67228989785091],[80.42337901993648,29.672096711102707],[80.42329192427307,29.672076015164073],[80.42281374448537,29.671938529203977],[80.4225706491819,29.6720886940908],[80.42248161157661,29.67224173762259],[80.42254350290288,29.672548890785777],[80.42256313114525,29.67272044161319],[80.42247428186013,29.67285316611611],[80.42236029183421,29.67323402617965],[80.42235766099085,29.67346415538519],[80.42224373361415,29.6738450151519],[80.42219388992783,29.674379608124262],[80.42223270830219,29.674763346089307],[80.42233861642669,29.675050369777477],[80.4223576187061,29.675280562153446],[80.42226807970988,29.675471991990506],[80.42193882636343,29.675601398886737],[80.42167528547662,29.67571536537976],[80.42132496205778,29.675806323239332],[80.42079825720481,29.676011623672043],[80.42037996531994,29.676296387472355],[80.41987464228741,29.676540137261934],[80.41960909638475,29.67682559113483],[80.41945190224979,29.677206200252844],[80.41931815862452,29.677433514364566],[80.41924812312125,29.677816750178568],[80.4192427975556,29.678295078237905],[80.41924123181595,29.678407923496078],[80.41934626339203,29.6787919749953],[80.41951732156471,29.679099568652898],[80.41984200143473,29.67937177820671],[80.42075383762584,29.67987669234255],[80.42153656679464,29.68020730336326],[80.42199198427328,29.68049808378246],[80.42229603351981,29.680655072677524],[80.42257719831173,29.680906776409223],[80.4226629145503,29.681060572959865],[80.42266109830476,29.681211741548204],[80.42257018084246,29.68151820474386],[80.42232551686733,29.681878181550044],[80.42190653629777,29.682219336301777],[80.42139851826481,29.682713472083904],[80.4212640230624,29.683017621116328],[80.42126145425193,29.68324768849842],[80.42143163494596,29.68365012223391],[80.42188592451635,29.684035680364634],[80.42214620767483,29.684192480244224],[80.42299414830201,29.68454366126596],[80.42319078530117,29.684564858102018],[80.42345326164636,29.684529852642367],[80.4236730352526,29.6844157603593],[80.42371755444543,29.68433923899822],[80.4239157577116,29.684206953706784],[80.4241125829827,29.684189764821905],[80.42456987983793,29.684327125431892],[80.42509032061398,29.684658793747808],[80.4252214337265,29.684659358815832],[80.42533116333857,29.68462147462118],[80.42544164578672,29.68450913109909],[80.42555469688199,29.684164407541786],[80.4255576414584,29.68393427755357],[80.42549531145914,29.683647442866963],[80.42549737930756,29.683455636266284],[80.42556490906917,29.683284462793264],[80.42587321841499,29.683078219645157],[80.4260040806361,29.68307878516225],[80.42659192670168,29.68325503454321],[80.42672234909513,29.683332309610453],[80.42709054581117,29.683622712995014],[80.42713305987066,29.68369961113287],[80.42713168142934,29.683835025876576],[80.4270868498151,29.683929615409095],[80.42682199349684,29.684156364384542],[80.4266464868734,29.6842323214261],[80.42649123541237,29.68444150493805],[80.42644577690415,29.684592548322744],[80.42646590609327,29.684745968599128],[80.4265940124931,29.68499698214336],[80.42689680948527,29.685266816634133],[80.4277430578163,29.685791672286676],[80.42819947711085,29.68598548731327],[80.42885284803354,29.686164300478765],[80.42917896940918,29.686301033981092],[80.42930926665433,29.686396376924026],[80.42978424887781,29.68689928226738],[80.42969464785267,29.68708852347797],[80.42958316338724,29.687259509473193],[80.42856913241188,29.68807423005385],[80.4283035872217,29.688359683716936],[80.42816984312532,29.688587060964302],[80.42777218304339,29.68898467039287],[80.42768283272751,29.689137713782724],[80.42761467595534,29.689365279251067],[80.42760690694081,29.690055730949254],[80.42753875108079,29.690283358556],[80.42753612010776,29.690513489045877],[80.42739980685967,29.690970932417503],[80.42704447237723,29.691483889010023],[80.42690884886125,29.691866811171156],[80.42674977634864,29.692400965498138],[80.42665372219321,29.693165499706964],[80.42665040067314,29.693470089103236],[80.42658218164105,29.69369990529322],[80.42647119839388,29.69385063500484],[80.42640297950449,29.694080513277015],[80.42597980276605,29.694764581269396],[80.42579727931934,29.695452028856565],[80.42581371269792,29.695912414070897],[80.4260259050547,29.69648646111189],[80.42637365946915,29.69664363781516],[80.42676549432068,29.696760429309062],[80.42748576733374,29.696844778977354],[80.42846870436232,29.696871554044748],[80.42951660268464,29.696957285279044],[80.42997596690755,29.696905090572088],[80.43063447323773,29.69666196837506],[80.43089644868952,29.696663098567747],[80.43207370567377,29.696902876837672],[80.43220362719661,29.697000407749336],[80.43272519524056,29.697273308685595],[80.43285474217153,29.6973890331831],[80.43311490084486,29.6975435826542],[80.43376670583567,29.697799043449496],[80.43435574233969,29.697842192195235],[80.43533605067066,29.698002068338713],[80.43586000100147,29.69800876694991],[80.43605695188742,29.6979712597758],[80.43631867650336,29.69797238975514],[80.43644928802736,29.698013465866904],[80.43664567600001,29.69801447023013],[80.43743009741334,29.698137269705608],[80.43762585836123,29.698194539518095],[80.43784369076769,29.698236056152954],[80.43814824259263,29.69831408363845],[80.43808140206562,29.69842886617429],[80.4375965826812,29.69880815638262],[80.43627042109121,29.70013383383715],[80.43576077460267,29.700743128201793],[80.43554037412027,29.700931741911777],[80.43525444850097,29.701102037332184],[80.43516603766476,29.701196437799524],[80.4349902181949,29.701270144577407],[80.43446476440292,29.701400985839488],[80.43276104964454,29.701481792338644],[80.4326066134584,29.701593884511613],[80.4327791131441,29.70176837602591],[80.4328645169105,29.701922172619767],[80.43308046902749,29.702135238761215],[80.43320838735393,29.702365933762152],[80.43342133362799,29.70282488469094],[80.43348397697987,29.703055265151022],[80.43380183145273,29.70382380878097],[80.43396825361755,29.704512763474092],[80.43418157611629,29.704897254709643],[80.4350609454171,29.706187147844354],[80.43527176170677,29.706801768705105],[80.43561262524226,29.707493664594967],[80.43565445015426,29.707647272630417],[80.43562774384786,29.70802850953863],[80.43542289991613,29.7087158316161],[80.43545927497577,29.709327511428434],[80.43538786213134,29.709785269042623],[80.43518308086345,29.710472592032982],[80.4350928526085,29.710720412771128],[80.43511317096531,29.710835572374176],[80.43510740762001,29.71129583198108],[80.43529652783363,29.711908139248038],[80.43544539038481,29.712215607128783],[80.43576888154179,29.712562151620833],[80.43595950563429,29.71302335252967],[80.43600133040513,29.71317696053148],[80.4359713034454,29.713865036758847],[80.43603344606237,29.714133804274265],[80.43620544396049,29.714346682201956],[80.43646566489372,29.714501231933543],[80.4365965277513,29.71450173422794],[80.43699118109929,29.71437257841267],[80.43714517972097,29.71427617776142],[80.43745449256848,29.71397290698831],[80.43787278294172,29.713710650017685],[80.43818203393703,29.71340737924187],[80.43857837855784,29.713142745563832],[80.4387767077979,29.71297213706489],[80.43939213795507,29.712652053880856],[80.43976641145545,29.71240542619615],[80.43987695734617,29.712272826712603],[80.44029599942516,29.711933796762146],[80.44056210933306,29.711610019674435],[80.44102316548495,29.71138408598725],[80.44115546759332,29.71128987390223],[80.44161514545496,29.71119929228934],[80.44203193396567,29.711029562911566],[80.44218643305162,29.710897088780133],[80.44231911265108,29.710746422282636],[80.44251725332109,29.710614137125926],[80.44264855443588,29.71059438379588],[80.44280086126705,29.710635648241976],[80.44290890000083,29.710730865937805],[80.4430129307133,29.71115324104043],[80.44314241479604,29.711268839822427],[80.44359795770544,29.711521233731997],[80.44418705692439,29.711564319602978],[80.44457889274726,29.71164491242907],[80.44503725489551,29.71166717682247],[80.44523314044734,29.711708567736206],[80.44647799193964,29.71167995599121],[80.44667494301112,29.711644636206177],[80.44706771773703,29.711666586991164],[80.44746168200686,29.71159376037752],[80.44778899423653,29.71159514141954],[80.44831482348302,29.711448419946493],[80.44917203698155,29.710975859074235],[80.44998786345518,29.710333935665222],[80.45007383137168,29.710449345411575],[80.45009189313998,29.71075631130322],[80.45004180000916,29.711290841435826],[80.45012613934898,29.711521348236985],[80.45038247639135,29.711982737264506],[80.45042248517868,29.71228757767379],[80.45035439106549,29.712517393420217],[80.45013242432097,29.71280303574518],[80.45006508303766,29.712953953826435],[80.44979477606726,29.713641025628114],[80.44972555531271,29.713945363160317],[80.44991843419068,29.714253019754075],[80.45037159716198,29.71469709515358],[80.45062950074436,29.715043451193743],[80.45145004707977,29.715798186338485],[80.45188138938518,29.71622200511893],[80.45198942873851,29.716319410881542],[80.4524210834358,29.716743167068806],[80.4529412125146,29.717072459984585],[80.453330917239,29.71736292679733],[80.45365647578467,29.71751766539749],[80.45391776100554,29.717597693584537],[80.4540485609453,29.71759825822692],[80.45505319425237,29.717606903323013],[80.45538138465275,29.717513506823853],[80.45577340779853,29.717555713790052],[80.45609959287795,29.71765406100061],[80.45668606157129,29.717906957118586],[80.45740176197363,29.718331782032426],[80.45855532379255,29.718514792618752],[80.4588824494458,29.718498043354757],[80.45944985424572,29.718446226084588],[80.45958059209461,29.71846704671968],[80.46075766619825,29.71849438759873],[80.46115012895493,29.718459884441625],[80.46141285641582,29.718348106321876],[80.46213275824842,29.718278848696812],[80.46233014912812,29.718166819543992],[80.46246126228802,29.71812899775126],[80.4627900807543,29.717902437236948],[80.46318360806188,29.717791223861468],[80.46349022965482,29.717623242612902]]]}},{"type":"Feature","properties":{"province":"Sudurpashchim Province","district":"Darchula","municipality":"Lekam Rural Municipality","ward":"3","wardNumber":3,"sourceMunicipality":"Lekam","sourceType":"Gaunpalika"},"geometry":{"type":"Polygon","coordinates":[[[80.42969464785267,29.68708852347797],[80.42978424887781,29.68689928226738],[80.42930926665433,29.686396376924026],[80.42917896940918,29.686301033981092],[80.42885284803354,29.686164300478765],[80.42819947711085,29.68598548731327],[80.4277430578163,29.685791672286676],[80.42689680948527,29.685266816634133],[80.4265940124931,29.68499698214336],[80.42646590609327,29.684745968599128],[80.42644577690415,29.684592548322744],[80.42649123541237,29.68444150493805],[80.4266464868734,29.6842323214261],[80.42682199349684,29.684156364384542],[80.4270868498151,29.683929615409095],[80.42713168142934,29.683835025876576],[80.42713305987066,29.68369961113287],[80.42709054581117,29.683622712995014],[80.42672234909513,29.683332309610453],[80.42659192670168,29.68325503454321],[80.4260040806361,29.68307878516225],[80.42587321841499,29.683078219645157],[80.42556490906917,29.683284462793264],[80.42549737930756,29.683455636266284],[80.42549531145914,29.683647442866963],[80.4255576414584,29.68393427755357],[80.42555469688199,29.684164407541786],[80.42544164578672,29.68450913109909],[80.42533116333857,29.68462147462118],[80.4252214337265,29.684659358815832],[80.42509032061398,29.684658793747808],[80.42456987983793,29.684327125431892],[80.4241125829827,29.684189764821905],[80.4239157577116,29.684206953706784],[80.42371755444543,29.68433923899822],[80.4236730352526,29.6844157603593],[80.42345326164636,29.684529852642367],[80.42319078530117,29.684564858102018],[80.42299414830201,29.68454366126596],[80.42214620767483,29.684192480244224],[80.42188592451635,29.684035680364634],[80.42143163494596,29.68365012223391],[80.42126145425193,29.68324768849842],[80.4212640230624,29.683017621116328],[80.42139851826481,29.682713472083904],[80.42190653629777,29.682219336301777],[80.42232551686733,29.681878181550044],[80.42257018084246,29.68151820474386],[80.42266109830476,29.681211741548204],[80.4226629145503,29.681060572959865],[80.42257719831173,29.680906776409223],[80.42229603351981,29.680655072677524],[80.42199198427328,29.68049808378246],[80.42153656679464,29.68020730336326],[80.42075383762584,29.67987669234255],[80.41984200143473,29.67937177820671],[80.41951732156471,29.679099568652898],[80.41934626339203,29.6787919749953],[80.41924123181595,29.678407923496078],[80.4192427975556,29.678295078237905],[80.41924812312125,29.677816750178568],[80.41931815862452,29.677433514364566],[80.41945190224979,29.677206200252844],[80.41960909638475,29.67682559113483],[80.41987464228741,29.676540137261934],[80.42037996531994,29.676296387472355],[80.42079825720481,29.676011623672043],[80.42132496205778,29.675806323239332],[80.42167528547662,29.67571536537976],[80.42193882636343,29.675601398886737],[80.42226807970988,29.675471991990506],[80.4223576187061,29.675280562153446],[80.42233861642669,29.675050369777477],[80.42223270830219,29.674763346089307],[80.42219388992783,29.674379608124262],[80.42224373361415,29.6738450151519],[80.42235766099085,29.67346415538519],[80.42236029183421,29.67323402617965],[80.42247428186013,29.67285316611611],[80.42256313114525,29.67272044161319],[80.42254350290288,29.672548890785777],[80.42248161157661,29.67224173762259],[80.4225706491819,29.6720886940908],[80.42281374448537,29.671938529203977],[80.42329192427307,29.672076015164073],[80.42337901993648,29.672096711102707],[80.42370445230074,29.67228989785091],[80.4244192758518,29.67279393331232],[80.4248081656815,29.673140853843844],[80.42541620308798,29.67345258105468],[80.42619905819454,29.673747056008715],[80.4264606565867,29.673806890599078],[80.42680841062196,29.673943748813112],[80.42724419957942,29.67404266098544],[80.42785486908345,29.674124257609485],[80.42855357236454,29.674167908060976],[80.42925127334223,29.674290456550334],[80.42977553632838,29.674274648475354],[80.42992884491558,29.674239203109227],[80.43014749173614,29.67424014460388],[80.43120134156182,29.673791157007503],[80.43151090416859,29.673487823197146],[80.43213140872874,29.672727861682215],[80.43228816287485,29.672423900594374],[80.43276318809585,29.671051757046804],[80.43281046297996,29.670745105253932],[80.43292326346302,29.670440955683848],[80.43308803660955,29.669448855565346],[80.43328799496214,29.669142831723928],[80.43337822157635,29.66891532999304],[80.43370828961149,29.66872715536001],[80.43401747763465,29.66842388438937],[80.43417172577911,29.66832973497429],[80.43557677590125,29.667731021193777],[80.43645649845972,29.667220261793886],[80.43658936468061,29.667087725946327],[80.43667833903024,29.666936932906783],[80.43687741954815,29.66674819339477],[80.43789207662091,29.66589508707454],[80.43828842135036,29.6656507723749],[80.43890278567903,29.665407461885863],[80.43925454944437,29.665219412581674],[80.43991600143393,29.664689644347604],[80.44024563078284,29.664539855984266],[80.44037736956952,29.66448402998687],[80.44018605675853,29.664040959298376],[80.43992984627882,29.663523178016682],[80.43982681905663,29.663006024497367],[80.43954784713814,29.66258289631715],[80.43802872356409,29.661748374868086],[80.43761813817699,29.661381073063207],[80.43718397741118,29.661149059776896],[80.43674831423178,29.66102989182945],[80.43596251515821,29.66098367700894],[80.43570129211584,29.660923905324665],[80.43544013170161,29.660846065728755],[80.43474499850535,29.660515956827417],[80.43450710011565,29.660320895229955],[80.43442207242057,29.66011070728279],[80.43451568278455,29.659594369979317],[80.43451887800033,29.65930778602786],[80.43428166750964,29.6590585841295],[80.43352263881857,29.658610814402095],[80.43324122309718,29.658399810519814],[80.43315726008893,29.658110599873435],[80.43316114502618,29.657767623720677],[80.43320760549497,29.657537682468018],[80.43347252507434,29.65729286512243],[80.43369298753835,29.657140387019226],[80.43393639878263,29.65685712112455],[80.434137296737,29.656512711635873],[80.4344750077262,29.655656716426307],[80.43494126300828,29.654972774405238],[80.43498615855482,29.654860117038705],[80.43505230984904,29.654801726702722],[80.43509720401768,29.65468913146535],[80.43531873287344,29.654403489182986],[80.4353207382098,29.654213934295036],[80.4351059750913,29.653924219959084],[80.43495423231118,29.653808496316273],[80.43469338469941,29.653730656558842],[80.43416974834884,29.653705890222504],[80.43364542250073,29.653737515178072],[80.43294521386456,29.653883420660193],[80.4325939515899,29.654033083198986],[80.43230752455658,29.654262020124076],[80.43186822804645,29.654447379672725],[80.43169290988716,29.654503079928244],[80.43116814527195,29.654557273996915],[80.4309937049524,29.654518135037176],[80.43012563418358,29.654049544885822],[80.42960394000738,29.653855603494662],[80.42923392613935,29.65373668781578],[80.42923743483605,29.653450103202356],[80.42943732990261,29.65316439889639],[80.42964010589249,29.652650814524122],[80.42992772334226,29.65232709964577],[80.43016969411626,29.65219731521229],[80.43056328245034,29.652142556480428],[80.43080525300851,29.652010521974198],[80.4311994059043,29.651919627532624],[80.43176925339002,29.651714515270136],[80.43196620440513,29.65165893908752],[80.43242544298144,29.651606744921462],[80.43308251196541,29.65138387806499],[80.43347747938606,29.65119826897137],[80.43437933707668,29.650577102147164],[80.43503740735525,29.650295593743596],[80.43556317482091,29.650110549219043],[80.43563126842507,29.649882921426276],[80.43565396608153,29.649806336742717],[80.43578658296775,29.64965566943606],[80.43598835840908,29.64919847695535],[80.436192388883,29.648513404484515],[80.43615469907438,29.647978497333476],[80.4360726158597,29.647520049569355],[80.4360576241128,29.646908495358733],[80.43610302014561,29.646755263487396],[80.43634806183888,29.64630050940133],[80.4363942096316,29.6460705684915],[80.43661686624117,29.645692398935555],[80.43674879304996,29.64559818593695],[80.43688015681805,29.64556042742201],[80.43749201619671,29.6455088602014],[80.43784227714265,29.645399771630206],[80.43839362367311,29.64490795006391],[80.43916155040979,29.64453435397668],[80.44004058594689,29.64400777791475],[80.44021596711325,29.643934071679254],[80.44047850553747,29.64387881054525],[80.44082795225037,29.643864436945723],[80.44117645834427,29.643904330362236],[80.44146031785382,29.643889642845725],[80.44161481730055,29.64375716917258],[80.44179201455394,29.643530043591273],[80.44183816269027,29.643300039544553],[80.44194983573553,29.643072599871402],[80.44204037739743,29.642768387286143],[80.44250707226423,29.6420279911809],[80.44257485288226,29.641800363571107],[80.4427532406642,29.641496464950087],[80.44308587823176,29.641003701026104],[80.44317811220166,29.640546069346534],[80.44305426605803,29.639934075170565],[80.44294766773224,29.63970344349442],[80.44273265537234,29.639413667386826],[80.44212706051812,29.63891250951325],[80.44187034889777,29.638451120013283],[80.44161244610792,29.638086759096314],[80.44055331313352,29.637159406335595],[80.44040169518173,29.637061750666962],[80.4399697267216,29.636656061716497],[80.43975327282715,29.636501699878973],[80.43925314809525,29.636325889903667],[80.43912316328597,29.63624630162611],[80.43892802815247,29.63615070791262],[80.43834287637257,29.635762396044132],[80.43817000158393,29.63560822358272],[80.43795473794648,29.63535683297314],[80.43789059189325,29.635223480802217],[80.43784882922654,29.635069809802893],[80.43785396707808,29.634611800496426],[80.43772542268216,29.634381105899237],[80.43744013361045,29.63406850989928],[80.43744752627276,29.633429948103604],[80.43704845673615,29.63256406189787],[80.43668783191632,29.631984886476538],[80.4365828598661,29.631754317035703],[80.43620091448189,29.63117726621137],[80.43570169304509,29.629794290231537],[80.43544892143187,29.62927419603823],[80.43530024491936,29.62906138094018],[80.43495148610737,29.62907800467491],[80.4344317292746,29.628897504868565],[80.43382462598922,29.628757329024996],[80.4329401131704,29.6282684198587],[80.43242141990326,29.628033779798834],[80.43190160123683,29.62785559347363],[80.43134189646717,29.627485350244278],[80.43108179914118,29.627405322690525],[80.42951845833232,29.627136841608102],[80.42934364116464,29.627174474159595],[80.42908291686904,29.62715077560152],[80.42847155704118,29.627240728398437],[80.42768869781915,29.62717188161374],[80.42732024694527,29.62707322133672],[80.42719132477939,29.626975691106182],[80.42697831290516,29.626685914500403],[80.42685371071262,29.6263401240172],[80.42670522177275,29.62610936627275],[80.42655961268518,29.625704807682098],[80.42657025687271,29.625075311164707],[80.42671457949014,29.624272641192146],[80.42669366499626,29.622952566570742],[80.42661427004464,29.62249193004995],[80.42646866084043,29.622089622169018],[80.42627853426735,29.621743580191048],[80.42610841171845,29.62151044645089],[80.42598005422573,29.621376717703484],[80.4257649758336,29.62122010505969],[80.42533168836079,29.621062551355994],[80.4241135399635,29.620912861856894],[80.42358971423332,29.620944423850624],[80.4233271759065,29.62101550248759],[80.42209800665114,29.621556264465454],[80.42148057382619,29.62198906794783],[80.42108285204151,29.622328035093474],[80.42097168105948,29.622460697346757],[80.42053144468728,29.622722766482287],[80.42000448804082,29.622964140262052],[80.41904117728174,29.62323976617499],[80.41790774461734,29.6232438104253],[80.41764720966327,29.62318178766846],[80.4169500689623,29.62315389145111],[80.41634090077085,29.6230903623708],[80.41597232573571,29.622969070318074],[80.4158430911412,29.622871477245734],[80.4154363842202,29.62240714658636],[80.41524600745514,29.622061041676712],[80.41516435879566,29.62171550226408],[80.41523708503385,29.621255493407624],[80.4153507593418,29.620969412085838],[80.41549001150041,29.62045557632573],[80.4155284878721,29.619422274625045],[80.41569488352131,29.61856333801615],[80.4157088463938,29.6177013986156],[80.41580545926297,29.617128732786398],[80.41585911911572,29.616497111040417],[80.41595278882733,29.61609593270141],[80.41593766694928,29.615694189711924],[80.41544593081503,29.615094130928583],[80.41527336808554,29.61499628628571],[80.41492548624142,29.61493388720406],[80.41449270097579,29.6147559519109],[80.41371034276774,29.614612583746844],[80.41301620807342,29.61441094997655],[80.41258141831919,29.614348111879032],[80.41110010407922,29.614350586548063],[80.4107523466174,29.614308442825138],[80.41022946018866,29.614301619315942],[80.4100545801702,29.61433918942706],[80.40883505355549,29.614324788625215],[80.40744603099914,29.614000419572513],[80.40699473699743,29.613840364410198],[80.40679358043235,29.61462027676059],[80.40636096082338,29.615351670962763],[80.40601549261662,29.616410662527134],[80.40594183054434,29.616800713260158],[80.40593944520617,29.617206831632938],[80.4061506374891,29.617753807835722],[80.40618357738873,29.618189498670027],[80.40610966404186,29.618626813430232],[80.40580272093429,29.61923248493995],[80.40485221694804,29.619961619326684],[80.40454652987658,29.620289647588777],[80.40406108151183,29.620878686481287],[80.40389832391308,29.621220908225318],[80.40384204165169,29.621674227917836],[80.40408887303198,29.6222529644619],[80.40465701446813,29.622801509497783],[80.40531500489631,29.623240025091125],[80.40576054625065,29.623397704082965],[80.40613380766816,29.623665600932593],[80.40631061827433,29.623962004011933],[80.4063977674519,29.624352807608116],[80.40632197168,29.62505413660348],[80.40617289009172,29.62614564036075],[80.40609546112255,29.6271900074912],[80.4060911300862,29.627923285006695],[80.40617476515875,29.628860122967474],[80.4066489132664,29.63026573001972],[80.40740867169498,29.63162745463781],[80.40799212204996,29.63261162817699],[80.4087950244794,29.633844940839243],[80.40891688219872,29.633928968380584],[80.40917366060609,29.634191861951866],[80.40961669873151,29.634455571593147],[80.4099878369695,29.634601620971676],[80.41020466833838,29.63467483419005],[80.41076187787927,29.63478556396355],[80.41123686890909,29.63489597966608],[80.41148465029397,29.63493318232464],[80.41182534138524,29.634979826465266],[80.41200115824233,29.635007713230987],[80.41241425281672,29.635036604011535],[80.41279677289276,29.635047239150985],[80.41306518757884,29.63507556384932],[80.41340619248457,29.635077070382767],[80.41378890158258,29.635060697718355],[80.41400592259139,29.63504363394463],[80.41444058976242,29.634982373299266],[80.41509152563799,29.6349671930326],[80.41530885878,29.63496819725406],[80.41547392085718,29.63500496146173],[80.41598967613093,29.635151637666386],[80.41621694936228,29.635215723542967],[80.41639213925843,29.635297812464373],[80.41668049531144,29.635452488036755],[80.41685530830546,29.63559765919312],[80.41705087867658,29.63578809340235],[80.4172146859611,29.63605048561187],[80.41733728891171,29.63628799448301],[80.41763376497748,29.63683984837336],[80.41776693626053,29.637039034036576],[80.41785946913203,29.637111619620743],[80.41790060834934,29.637202146607052],[80.41816782970585,29.637446911243302],[80.41831156795025,29.637610024080498],[80.41860929887729,29.637945252097055],[80.41875803913724,29.638133184345737],[80.4188249996451,29.63821702305614],[80.4190809629427,29.63862427213246],[80.41926464891374,29.639031206499745],[80.41928377537346,29.63930209862876],[80.41930283799427,29.639572928616214],[80.41929007400333,29.64000611726878],[80.41922648062607,29.640285635357014],[80.41922560140938,29.640430053324998],[80.41912099348384,29.640664244312095],[80.41895398553596,29.640952325689618],[80.41869419468239,29.64115881962368],[80.41853850773043,29.641275475880697],[80.41835180821705,29.641419077577545],[80.41821687960613,29.64150872615059],[80.41792620053859,29.641742101525278],[80.41770729855985,29.64202999474519],[80.41761231647929,29.642374781380468],[80.41754746759142,29.642870925744592],[80.41754577266418,29.643159760325805],[80.41757771752631,29.643390015329462],[80.41759271670632,29.64364734171763],[80.41764098240282,29.643791947344187],[80.4177532016169,29.644264024954552],[80.41776838911126,29.64449427960836],[80.41791374945436,29.644867204275954],[80.41804360508661,29.645140786346666],[80.41820433902835,29.645773287089618],[80.418316495228,29.64626118193895],[80.41839601522021,29.646706063232724],[80.41839450890009,29.646963263588674],[80.41841001092857,29.647134814138983],[80.41844145638667,29.647335811054393],[80.41847346442783,29.647493857688012],[80.41840630679822,29.64778012859376],[80.41837222723468,29.647980811606338],[80.41823973465974,29.648167550827008],[80.41805841201642,29.648308839507308],[80.41795862267375,29.648367104322194],[80.41771240018912,29.648508204325687],[80.41723490018538,29.64876558398103],[80.41679022497287,29.64899376726943],[80.41631316327131,29.649190254267324],[80.41600054114257,29.649303969642194],[80.41534215968362,29.6495740999924],[80.41516102536771,29.649688380253423],[80.41473266847801,29.64994382184617],[80.41435326717806,29.650215082193856],[80.41403982931388,29.65047096469777],[80.41369300071244,29.650857508584764],[80.41349498296137,29.651043934924026],[80.41339550513726,29.651158591345386],[80.41313045554605,29.65160190445777],[80.41299808993115,29.651757009825587],[80.41271709902652,29.65211454758343],[80.41256784977566,29.65233048290771],[80.41241872422661,29.65260062169164],[80.41231899292217,29.652816808168012],[80.41216892767966,29.65318841484309],[80.41215185618007,29.653287631186007],[80.41211802561888,29.653504131271333],[80.41219842499777,29.653777462306515],[80.41226269395314,29.654005655475924],[80.41242380582241,29.65455244310074],[80.41253715494756,29.65483952963281],[80.41261667489046,29.655270844444754],[80.41261498081752,29.655557365929656],[80.41259583686542,29.656028878982692],[80.4125600620058,29.656516145869826],[80.41255849259831,29.65678916344136],[80.41268759500656,29.657191345638434],[80.41296431704546,29.657594218140535],[80.41333907259937,29.658126130762902],[80.413599915356,29.658413844512683],[80.41394285058236,29.658760577126603],[80.41433518105322,29.65904891819855],[80.41459452420352,29.6593208155666],[80.41466073097808,29.659551321831422],[80.41467566874938,29.659810835521778],[80.41462520770986,29.659995638297733],[80.41454173225479,29.66023895781841],[80.41440792232935,29.660655765362158],[80.41417513437219,29.661142153820037],[80.4140594610443,29.661326642811915],[80.41381135916662,29.661614410976455],[80.41349748243367,29.661942438942667],[80.41316691043114,29.66231329127732],[80.41265495244737,29.662827745521064],[80.41237484210613,29.663011544174353],[80.41212805898948,29.663069119020665],[80.41189822119509,29.663052360351635],[80.41175104195574,29.6629817122447],[80.411456245703,29.662806655474313],[80.41096474982079,29.6626329713104],[80.41030850220513,29.66251498776064],[80.4091931434276,29.662325036995203],[80.40884819920569,29.662337034700993],[80.40856890419185,29.662378667007896],[80.40819038028846,29.6625484595612],[80.40804169565408,29.66267868319003],[80.40779415857284,29.662921249201386],[80.407446389469,29.66340707353732],[80.4073622861808,29.663765488925],[80.40739373043799,29.66397998987869],[80.4074571832576,29.664381921449475],[80.4075046949196,29.664639372453394],[80.4074534794756,29.665011417801637],[80.40740352057819,29.665112759039836],[80.40727065177968,29.665355828537773],[80.40703980914273,29.665555632290467],[80.40699147684427,29.66559826927552],[80.40670973893745,29.66584071014634],[80.40657743532324,29.66598456225769],[80.4063464683037,29.666154983569577],[80.40614826319234,29.666368542487756],[80.40599945079965,29.66656866086332],[80.40593454868896,29.666674315352342],[80.40585007627983,29.66681166666896],[80.40560009196595,29.667413025691825],[80.40545090344771,29.667685353198497],[80.40523575242186,29.667970995284577],[80.40493856935618,29.66825619851751],[80.40460849989444,29.668527772069353],[80.40418039417138,29.668726635347735],[80.40380174653049,29.668853541503555],[80.40337489610845,29.66888097898081],[80.40298055832443,29.668879221585932],[80.40211217095234,29.66858874632223],[80.40181718498019,29.668501653277847],[80.40144060926418,29.668283332589723],[80.40106415749769,29.668096646066754],[80.40047393700151,29.667893138202658],[80.39981913099382,29.66760135369605],[80.39914713044168,29.667354645153356],[80.39852376995648,29.667252541422876],[80.39829399551499,29.667222153130478],[80.39768638838706,29.66723520956908],[80.39745611188674,29.667290596216855],[80.39681486199558,29.667474951093357],[80.3962386368089,29.66770025691054],[80.39604018093556,29.66794301209873],[80.39592400725508,29.668143318782363],[80.39587436055254,29.668244597548355],[80.3958571640596,29.668359630701964],[80.3958390883477,29.66863033500329],[80.39600076573545,29.669032705171663],[80.39626072865565,29.66952122836022],[80.39645661175891,29.669709411417323],[80.39675128269664,29.669855147433474],[80.39706183363579,29.670100287316732],[80.39727466130104,29.670216324535055],[80.39742146372308,29.670402006316486],[80.39748592161827,29.67058956261707],[80.39745177863851,29.670790246108268],[80.39723656431086,29.671075825685165],[80.39708794163963,29.671246623277852],[80.39684521989055,29.671444113846857],[80.39677444112542,29.671502442817346],[80.3963296411742,29.671730563840395],[80.39609905109678,29.671831089448037],[80.39588509289607,29.671900043305847],[80.39519463755524,29.672054888267255],[80.39484900338391,29.67216835356129],[80.39402724906192,29.67229325046862],[80.39323888484307,29.672332497922593],[80.39297584607583,29.67236062597279],[80.39264715759353,29.67238850365685],[80.39180870944975,29.67254259683243],[80.39161175897931,29.67254165557928],[80.39059318087482,29.67262278563294],[80.38983751718628,29.672648655455813],[80.3894429261088,29.672746114015194],[80.38899781235152,29.673017060528686],[80.388634792123,29.6733312709133],[80.3884524662723,29.673574151555368],[80.38827007740832,29.67387342341813],[80.38793843833,29.67440213478329],[80.38770452156962,29.675046381795887],[80.38757108677113,29.675433868163456],[80.3875198103549,29.675733767373735],[80.38745102134975,29.67626592182847],[80.38746664985781,29.676408151242253],[80.38748164996515,29.676651910599638],[80.38754722733427,29.67708322574239],[80.38764294365733,29.677386002965243],[80.38772953065413,29.67775192400204],[80.38789564548455,29.6782243159527],[80.38799999082049,29.678527156155944],[80.38807038985279,29.678651568340513],[80.38818436462309,29.678925151276033],[80.38826257583669,29.679180477298296],[80.38830527268567,29.679492006943622],[80.38825005683722,29.67981672558883],[80.38820478718763,29.679924819392262],[80.3880350298928,29.680118059958723],[80.38766888199024,29.680466093284043],[80.3870539528247,29.680772421600956],[80.3867603382653,29.680879384938137],[80.38646647308805,29.68101785772198],[80.38589668779746,29.681231910786323],[80.38538736393538,29.681430334792175],[80.38528251069364,29.681470469568495],[80.38507742980195,29.681562054849394],[80.38447219287443,29.681816494035836],[80.38418708093884,29.68195271629204],[80.38349205761884,29.682308307831146],[80.38323339179264,29.682507924221742],[80.38310852927502,29.682593135028938],[80.38291151022632,29.682856207858862],[80.38280434199275,29.682948233197138],[80.3826247664952,29.683256507457656],[80.3824258063284,29.68367525161843],[80.3823553375454,29.68384867637364],[80.38224803693551,29.684281426048674],[80.38226491561515,29.68437176545134],[80.38215855503395,29.684707486965813],[80.38206094763771,29.68502514096356],[80.38196371805059,29.685245828128025],[80.38181352610579,29.68566257275457],[80.38172417135914,29.686011923673863],[80.38164407126776,29.686322888255074],[80.38158922795253,29.686740009195653],[80.38147266988135,29.68730817319783],[80.38143395340813,29.687930792725105],[80.38145763987657,29.688341538068695],[80.38151696814943,29.68862387191716],[80.38159317786742,29.68894234157705],[80.38168689399306,29.689263187663773],[80.38180693267847,29.689543583860832],[80.382056015466,29.690070429994016],[80.38214260836367,29.69017690009465],[80.38228828323686,29.690439354546502],[80.38264492251254,29.690287628874398],[80.38282036713808,29.690173285985537],[80.38308303345474,29.690061696300514],[80.3843948555111,29.689652599792037],[80.38514102634194,29.68917997415086],[80.38522837281111,29.68916228331656],[80.38529471272862,29.689085887407714],[80.38564484947526,29.688936349625514],[80.3858863827277,29.688786309655235],[80.38595247213573,29.688709851529996],[80.38647673790874,29.68859945323366],[80.38673821323152,29.688582703263737],[80.38734807050525,29.688587714773554],[80.38752163636889,29.68862685474879],[80.38813161908091,29.688613861516938],[80.38830681292967,29.68853796739829],[80.38891804862325,29.688427883908748],[80.389179899287,29.688393065286817],[80.38968115445017,29.68835925181196],[80.39055236169088,29.688365519320634],[80.39133421803673,29.6885631538362],[80.39194044254522,29.688854749798548],[80.39315840474279,29.688998001053175],[80.39333171909733,29.689077714591544],[80.39363401580073,29.689309288187147],[80.39415402162874,29.689541802647522],[80.39510468197115,29.690198261820168],[80.39566519725987,29.69068141293485],[80.39648706198479,29.69116575714903],[80.396660814844,29.69122521525678],[80.39700694247716,29.691418590572162],[80.39754688873113,29.691824906572204],[80.3978713833742,29.6920181564269],[80.39892004040306,29.69174315628219],[80.39955403699648,29.69155648840398],[80.39964144569689,29.691520792228065],[80.40007723694076,29.691524988423517],[80.40042455460149,29.6916235861931],[80.40143973797667,29.69235925637398],[80.40193760934861,29.692632282911894],[80.40245880548828,29.692769957797708],[80.40298150483338,29.69277684354471],[80.40350539409914,29.692684450558527],[80.4039432533171,29.692499091890348],[80.40420635699175,29.692367183235557],[80.40455818495289,29.6920821684376],[80.40464553139508,29.692064539517304],[80.4050836415765,29.691838606248943],[80.40526058922265,29.691631798632468],[80.40550180919618,29.691479446107596],[80.40576303320717,29.691500894702855],[80.40593647339519,29.691580608482766],[80.40641083270208,29.691986610087078],[80.40722655673503,29.69302599192657],[80.40787285147047,29.693665190109957],[80.40832651782034,29.693974101197917],[80.40893656350833,29.69396104565289],[80.40972142586531,29.693930675962864],[80.41033272437663,29.693820591844652],[80.41190658713627,29.693319847461503],[80.41234250425252,29.693305976911386],[80.4129542411718,29.69315750659699],[80.41321772015688,29.693007529744758],[80.41348263899052,29.692780780572924],[80.41381527607447,29.692362538912363],[80.41394908161827,29.692132973669334],[80.41408163531847,29.692000500051165],[80.4144150876599,29.691487480158614],[80.41463586401524,29.691298866895366],[80.41459334996769,29.691201650203887],[80.41479355819088,29.69089793963615],[80.4151457608603,29.690653561607732],[80.41567321797875,29.6904076867012],[80.4161121388488,29.6902403328157],[80.41681322384338,29.690056166443767],[80.4173386130177,29.689984029168663],[80.41803963475212,29.689817868195814],[80.41891334305748,29.689844265730176],[80.419263603355,29.689771313214877],[80.42038441933175,29.689225611043025],[80.42067109673661,29.688980918896792],[80.42084704065917,29.68888695766932],[80.42139970188101,29.688336618795827],[80.42172970781566,29.688128063458038],[80.42208109534357,29.687978462960405],[80.42374736866536,29.68745771446702],[80.42470998859936,29.687351326109415],[80.42505949675082,29.687355082595808],[80.42540963172944,29.6873001983881],[80.42567191948604,29.68730357861868],[80.42584736249091,29.687247940192634],[80.42672088268854,29.68729234418227],[80.42777022283084,29.6872246549049],[80.42811948011102,29.687266735469645],[80.42881981197608,29.687159216328332],[80.42899531836183,29.687083260205934],[80.42934589187172,29.687010307293814],[80.42969464785267,29.68708852347797]]]}},{"type":"Feature","properties":{"province":"Sudurpashchim Province","district":"Darchula","municipality":"Lekam Rural Municipality","ward":"6","wardNumber":6,"sourceMunicipality":"Lekam","sourceType":"Gaunpalika"},"geometry":{"type":"Polygon","coordinates":[[[80.49425071230766,29.688026921630684],[80.4950389602049,29.687635007669748],[80.49543286373664,29.687485345136388],[80.49589053932216,29.687432900369863],[80.49626055520275,29.687474919304925],[80.49645700421468,29.687525312629717],[80.49655991730339,29.687552822174595],[80.49681295461204,29.687404845799037],[80.49707618184598,29.687351647351342],[80.49721048553573,29.687239366388592],[80.4974390181359,29.686881452779456],[80.49761621323363,29.686789617209598],[80.49842977955326,29.686555750246185],[80.49878097689464,29.686484860621654],[80.49895535663043,29.686490051962032],[80.49921470309363,29.68657001794458],[80.49964993154988,29.68661678923036],[80.50129411083728,29.6870877676936],[80.50172777426235,29.687172862137672],[80.50207590614673,29.687217068498796],[80.5027778650428,29.687077539591126],[80.50302258727523,29.686911558049417],[80.50346294644902,29.68676646096693],[80.50379607776209,29.686562344565917],[80.50413183756496,29.68626126163223],[80.50439694133227,29.686151672045906],[80.50527115207572,29.68609179389369],[80.50578404453184,29.68570106376227],[80.50623291227811,29.685269507140234],[80.5064972652584,29.685177985546456],[80.506847650348,29.685127413468066],[80.50737754551896,29.684908171504976],[80.50775619614632,29.68462978352346],[80.50789594392948,29.684325697408],[80.50794809609951,29.684021296748316],[80.50808352535236,29.683870629630952],[80.50821707886129,29.6837786047408],[80.50879055304769,29.68355955065496],[80.50927567912358,29.68337631738999],[80.50962994369576,29.683192644989862],[80.51015708602422,29.683068180541795],[80.51050402889965,29.683132642449106],[80.51094007002867,29.68314102773823],[80.5112001056996,29.683202924861245],[80.51232296245996,29.68360643767374],[80.51355736469185,29.683915548671237],[80.513885428639,29.6838851709637],[80.5140605584955,29.683867793267776],[80.51432647583594,29.68371981735106],[80.51461634122154,29.683497507306555],[80.51494941040187,29.68329339073565],[80.51609629555759,29.682855281756545],[80.51651727339724,29.68263341176643],[80.51677931172168,29.682620850230283],[80.5170386591657,29.68270075255827],[80.51729988291132,29.682724326350456],[80.51782508485164,29.6826585041631],[80.51815884254557,29.68243631996362],[80.51877783593338,29.682140743810198],[80.51948016950492,29.68200109011203],[80.5201628724236,29.681766720418164],[80.52040828274943,29.681580232137694],[80.5209848233212,29.6812461444015],[80.52118596638752,29.681077536308656],[80.52127769212689,29.68092674326995],[80.52141237197007,29.68079414468545],[80.52199047645495,29.680403602008248],[80.52219230748133,29.680216989017122],[80.52227990318102,29.680199297728755],[80.52252456355198,29.680033190793786],[80.52276765825493,29.679921224091647],[80.52294285057431,29.679906098224468],[80.52301807465568,29.679563373756885],[80.52309411253064,29.67918238907064],[80.52310731501389,29.678724317095206],[80.52308993731904,29.67857077184865],[80.52296758416026,29.67826349263149],[80.52299622525281,29.67803342565303],[80.523286779368,29.677790797285837],[80.52368574959516,29.6775688015747],[80.52395435758356,29.67732610952567],[80.5243174445145,29.676835472433297],[80.52447419501182,29.676684868088994],[80.52477288368368,29.676155655730174],[80.52533661329382,29.675514602391022],[80.52567988226971,29.67491111920017],[80.52580312900457,29.67437902856664],[80.52606549753811,29.6735427874392],[80.52607369544319,29.673238198873083],[80.52619925717902,29.672629459916127],[80.52620945738937,29.6722458483703],[80.52595475873184,29.67117315444575],[80.52589542919897,29.670942773652442],[80.52562633798848,29.670402548390456],[80.52544872377652,29.66971146778464],[80.52530417474682,29.669401812218133],[80.52518357546447,29.66901782219787],[80.52478793996967,29.668323612513635],[80.5244670101436,29.668087787543644],[80.52415788833166,29.668235638290422],[80.52398238302695,29.66826883226673],[80.52354127306086,29.668452316566267],[80.52327810970098,29.66850551541477],[80.52266537363442,29.668589028594578],[80.5217070091181,29.668533683948958],[80.52118656293696,29.668428019282434],[80.52058327570585,29.668148364083862],[80.52041002346051,29.66810709910662],[80.51981067897164,29.66767621271261],[80.51948780958398,29.66751709844206],[80.51861654074781,29.667482322827958],[80.51817943508611,29.6675123246686],[80.51791939956347,29.667450489203226],[80.51713466290848,29.667434096007117],[80.51687419020305,29.66739251716319],[80.51670106229369,29.667330995931028],[80.51635812362598,29.667115365020553],[80.51614523411598,29.66691830354625],[80.51590952280463,29.666761753495887],[80.51571907976313,29.666548937799543],[80.5156358639035,29.666392953497486],[80.51560953741755,29.666564252729884],[80.51535111170732,29.667249323632323],[80.51478969637657,29.667849739964964],[80.51438872366398,29.66816638907233],[80.51430037684975,29.668202210500166],[80.51407534705326,29.66846540819929],[80.51378548169694,29.66869003172194],[80.51314923541506,29.668829811537318],[80.51273244916592,29.668918580883435],[80.51255882058562,29.66889538367044],[80.51249166900604,29.66895152331909],[80.51240407256512,29.668969340195602],[80.51187930906427,29.66901696995916],[80.51073548890686,29.669376055488204],[80.51003008887866,29.66965099843497],[80.50932187215307,29.67003872489644],[80.50885606344494,29.67031679871394],[80.5087680289334,29.67035261993707],[80.5083676822897,29.67063094466696],[80.50801498131248,29.67077629413432],[80.50745919832725,29.671169086771897],[80.50648744287373,29.671607760603564],[80.50561185498213,29.671726343620566],[80.50534756528813,29.67181561459596],[80.50482355141396,29.671842988488468],[80.50462716418998,29.67183998483384],[80.50412753763783,29.67177270649136],[80.50369149629562,29.671764321217513],[80.50334154964908,29.671796824745375],[80.50281597220855,29.671882903317297],[80.50193763203076,29.6720962011419],[80.5016733416762,29.672185472611723],[80.501143446458,29.672424908934104],[80.50089909978509,29.672591015220224],[80.50063468390245,29.67268253728815],[80.50023246030672,29.673037509414723],[80.49983255115427,29.673315897175677],[80.49868704190824,29.673733436955093],[80.49824317891171,29.67401157282426],[80.4974484923631,29.674358286190838],[80.4970972934099,29.674447243364167],[80.49648518056958,29.674645729032555],[80.49505858801479,29.67398369774109],[80.49444917009991,29.67390022537551],[80.49366668796284,29.673739227499702],[80.49340702863972,29.673602870281645],[80.49308366240058,29.67329483731421],[80.49275916865193,29.673081393503402],[80.49256491092632,29.67290690222214],[80.49252233334623,29.672830065998628],[80.49208835918819,29.672672700558362],[80.49191510738095,29.672574981125205],[80.49112942928419,29.672738952839087],[80.49036344127708,29.67309479425989],[80.4902101933903,29.673189006870146],[80.48963658286539,29.673888513717223],[80.48935084365169,29.674115325063703],[80.4888693417765,29.674357200810885],[80.48880319099028,29.674413340438303],[80.48865000499022,29.674489485772554],[80.48830068227149,29.67458063111733],[80.48769032355179,29.674632448341185],[80.48742778350868,29.674744226402943],[80.48705476033543,29.67498885382955],[80.48687831280405,29.675195661553282],[80.48639098469603,29.67595418794701],[80.48634489984609,29.676184191766644],[80.48614575454388,29.67646770873871],[80.48620614253093,29.67692603140362],[80.4862487196304,29.677002867651947],[80.48626646794989,29.67738429197634],[80.48635087000257,29.677614798125024],[80.48634742335253,29.67792163790119],[80.48627857773461,29.678244043890523],[80.48618697026137,29.6786634147388],[80.48547552652279,29.677988205510772],[80.48512933705811,29.677792829316424],[80.48478145478549,29.677732805974713],[80.48434616458867,29.677708541104295],[80.48365071408705,29.67758624351274],[80.48334678738269,29.67750834010413],[80.48314964819711,29.677600114072884],[80.48240328792028,29.678145510720366],[80.48163322783783,29.678844264847747],[80.48097496699222,29.679277254709106],[80.48079808214132,29.679504380624163],[80.48064138781645,29.679885114758257],[80.48053121837053,29.680017838659232],[80.4803559612394,29.68010967556119],[80.480157631725,29.680300664974276],[80.4799757346213,29.680985925181037],[80.47966554208958,29.681458558200934],[80.47963864724221,29.68191650421554],[80.47980782576579,29.682377455018457],[80.48017364399118,29.682782767465568],[80.48053845968677,29.683262601863483],[80.48062398931113,29.683416335508653],[80.48072858288769,29.683800325177817],[80.48126376846336,29.684626013560354],[80.48139005746691,29.685010128511813],[80.48156099074336,29.68531765919285],[80.48181927039012,29.68560524791801],[80.48190467456553,29.685758981190286],[80.4819883871286,29.68606619772123],[80.4819838771611,29.68644755944556],[80.48211160628203,29.686734583667818],[80.48212973172524,29.687041548203663],[80.48234017199418,29.687710247607686],[80.48250935146953,29.688171198645886],[80.48278738472209,29.688632650624108],[80.48304578985267,29.688902109109453],[80.48315094666984,29.68924777500689],[80.48325823548767,29.689363248305852],[80.48338916049462,29.68934574533502],[80.4835206496776,29.6892695373327],[80.48378256348296,29.68923446929172],[80.48417590287566,29.689125381511534],[80.4848302179558,29.689035428590632],[80.484960517027,29.689074318029718],[80.48560994343303,29.68944468706103],[80.4861919663309,29.689965849747967],[80.48658248773286,29.690104960381788],[80.48684383733033,29.690106027600553],[80.48723661325896,29.690053394067135],[80.48762832555023,29.690077407086463],[80.48795595212121,29.69000426660981],[80.48821780304395,29.68996913580571],[80.48880922265909,29.68966905871994],[80.4890713248205,29.68957753558967],[80.48959565341185,29.68944869523615],[80.48992271663036,29.68941387772768],[80.49031568031464,29.689322857976833],[80.49083819213163,29.689365442070187],[80.4916857623501,29.689508623794467],[80.49194711155569,29.68951187919503],[80.49231825507717,29.689456868981814],[80.49262268270745,29.68949863703084],[80.49271172063284,29.68932752574557],[80.49273579737789,29.68909977157637],[80.49297971181713,29.688701221569374],[80.49335398804932,29.68834162334998],[80.49377065303747,29.68809730902542],[80.49425071230766,29.688026921630684]]]}},{"type":"Feature","properties":{"province":"Sudurpashchim Province","district":"Darchula","municipality":"Lekam Rural Municipality","ward":"5","wardNumber":5,"sourceMunicipality":"Lekam","sourceType":"Gaunpalika"},"geometry":{"type":"Polygon","coordinates":[[[80.49670467003419,29.69267995142095],[80.49695333347104,29.692378554931366],[80.49713484581608,29.6921332359762],[80.49722863718985,29.691905733356425],[80.49722026896096,29.69144534835238],[80.49712205316656,29.69106142145225],[80.49701983226718,29.690830852159447],[80.49672791695423,29.69041460068192],[80.49645706776151,29.6902466088865],[80.49545257295328,29.68962453439018],[80.49501884807813,29.6894671685816],[80.4947162381724,29.689253913846777],[80.49460851161118,29.68915650811179],[80.49430784256462,29.688753697620445],[80.49418036360079,29.68846442290835],[80.49416048515894,29.68829280989956],[80.49425071230766,29.688026921630684],[80.49377065303747,29.68809730902542],[80.49335398804932,29.68834162334998],[80.49297971181713,29.688701221569374],[80.49273579737789,29.68909977157637],[80.49271172063284,29.68932752574557],[80.49262268270745,29.68949863703084],[80.49231825507717,29.689456868981814],[80.49194711155569,29.68951187919503],[80.4916857623501,29.689508623794467],[80.49083819213163,29.689365442070187],[80.49031568031464,29.689322857976833],[80.48992271663036,29.68941387772768],[80.48959565341185,29.68944869523615],[80.4890713248205,29.68957753558967],[80.48880922265909,29.68966905871994],[80.48821780304395,29.68996913580571],[80.48795595212121,29.69000426660981],[80.48762832555023,29.690077407086463],[80.48723661325896,29.690053394067135],[80.48684383733033,29.690106027600553],[80.48658248773286,29.690104960381788],[80.4861919663309,29.689965849747967],[80.48560994343303,29.68944468706103],[80.484960517027,29.689074318029718],[80.4848302179558,29.689035428590632],[80.48417590287566,29.689125381511534],[80.48378256348296,29.68923446929172],[80.4835206496776,29.6892695373327],[80.48338916049462,29.68934574533502],[80.48325823548767,29.689363248305852],[80.48315094666984,29.68924777500689],[80.48304578985267,29.688902109109453],[80.48278738472209,29.688632650624108],[80.48250935146953,29.688171198645886],[80.48234017199418,29.687710247607686],[80.48212973172524,29.687041548203663],[80.48211160628203,29.686734583667818],[80.4819838771611,29.68644755944556],[80.4819883871286,29.68606619772123],[80.48190467456553,29.685758981190286],[80.48181927039012,29.68560524791801],[80.48156099074336,29.68531765919285],[80.48139005746691,29.685010128511813],[80.48126376846336,29.684626013560354],[80.48072858288769,29.683800325177817],[80.48062398931113,29.683416335508653],[80.48053845968677,29.683262601863483],[80.48017364399118,29.682782767465568],[80.47980782576579,29.682377455018457],[80.47963864724221,29.68191650421554],[80.47966554208958,29.681458558200934],[80.4799757346213,29.680985925181037],[80.480157631725,29.680300664974276],[80.4803559612394,29.68010967556119],[80.48053121837053,29.680017838659232],[80.48064138781645,29.679885114758257],[80.48079808214132,29.679504380624163],[80.48097496699222,29.679277254709106],[80.48163322783783,29.678844264847747],[80.48240328792028,29.678145510720366],[80.48314964819711,29.677600114072884],[80.48334678738269,29.67750834010413],[80.48315127648628,29.677467012204005],[80.48265390645125,29.677137845338727],[80.48248165746824,29.676963477945126],[80.48228871460768,29.676676140763973],[80.4821832436675,29.676386929228684],[80.48210065903358,29.675984935331805],[80.48206202982469,29.675526675777235],[80.48206447295567,29.675298858362048],[80.48210993157876,29.67512755891778],[80.48211851529156,29.674324261839505],[80.48206314021633,29.673407929829],[80.48202137817168,29.67323631642528],[80.48202507472116,29.67289334129579],[80.4818794087219,29.672260966241353],[80.48188185244229,29.672030835886076],[80.481820963131,29.67162896729779],[80.48173556010444,29.67145710271009],[80.48165209816742,29.67111381340492],[80.48161277925169,29.670712070465523],[80.48152900406521,29.670425109473985],[80.48153514401888,29.669852004894636],[80.48140804134792,29.669506275853838],[80.4813041374409,29.669047827757456],[80.48130658057588,29.66881769739702],[80.48124381201465,29.66858725407573],[80.481248135336,29.668187887689346],[80.48118505419072,29.667957506386383],[80.4811886874698,29.667614530480186],[80.48110685495557,29.667153894916385],[80.48076812069614,29.666234244345375],[80.48016584462628,29.665541343523646],[80.47973299712889,29.665289199445432],[80.47903829937651,29.665108260108738],[80.47825462555133,29.665082613589885],[80.47790561595231,29.665117367505186],[80.47720953905964,29.665071780324347],[80.47703566148861,29.665030451980137],[80.47668903309565,29.66485533280194],[80.47626000772252,29.66425796272983],[80.47608675644355,29.664162494598834],[80.47582609547106,29.664102784966357],[80.47530358446633,29.664096211197858],[80.47425668111632,29.664256802249295],[80.47356010253694,29.664249601340313],[80.47295281358278,29.66401470870127],[80.47243155525213,29.663893039524865],[80.47208248273625,29.663948111932267],[80.47190766446812,29.664021880187736],[80.4714681763396,29.664381165444407],[80.47138076669607,29.66441692470962],[80.4712057614291,29.66447262564357],[80.47094441150517,29.664489625781478],[80.4704236540109,29.66433188354332],[80.46960185157056,29.663807340544817],[80.46899481332395,29.663534125017183],[80.46873471725632,29.66343377833933],[80.46843097816563,29.663335557193793],[80.46819063488987,29.663409074096155],[80.4680798378809,29.663600441078152],[80.4680972114706,29.663981865210026],[80.46807062837816,29.66443981165173],[80.46780934036707,29.66443649342256],[80.46711420371061,29.664275747011104],[80.46691925692355,29.664198282923234],[80.46659532562946,29.66394651653932],[80.4663594316186,29.66360028639609],[80.46586394049791,29.66311769820658],[80.46534456192549,29.662826791648232],[80.46517068379205,29.662785464343795],[80.46499617894351,29.6628028413258],[80.46466773728339,29.66299101593824],[80.46427044922397,29.66348359029352],[80.46400628001476,29.663728470164994],[80.46393925186634,29.663879388426896],[80.4638267002964,29.664221924055887],[80.46367219955317,29.664431169726523],[80.46340915797602,29.664581271553466],[80.46288533098527,29.66468973192674],[80.46271026193061,29.664763438454944],[80.46198603641245,29.665272762215285],[80.46181140645575,29.66530814481179],[80.46163790348706,29.665269067974663],[80.46146452696865,29.66518941648058],[80.46105406442541,29.66488088137207],[80.46077245984492,29.66476240460432],[80.46061896191826,29.66483848618625],[80.46024437203523,29.665254413816555],[80.46002165181523,29.665709293007765],[80.45955865096013,29.666239940675414],[80.45948980500616,29.66654427830348],[80.45943720343455,29.667383460808153],[80.45918927924143,29.66814511696723],[80.45879073741125,29.668750475407137],[80.45874358818608,29.669057126376476],[80.45865041391372,29.6696276668207],[80.45857949993436,29.670141816174837],[80.45846638593643,29.67052267568583],[80.45844187176753,29.67075274276192],[80.45832982176701,29.67105689253681],[80.45821520342959,29.671588983636926],[80.45788256448807,29.67212013330471],[80.4578149084083,29.672329693957877],[80.4577248673801,29.672615900593538],[80.45769790949804,29.673073847132923],[80.45777817528177,29.67370372047285],[80.45777441602583,29.674048883388057],[80.45768406332792,29.67433290300009],[80.45768155651217,29.67456297038847],[80.45753916491108,29.675650036410524],[80.45765918983771,29.67656661932665],[80.45784925068487,29.67708408656227],[80.45784354963484,29.677600800272536],[80.45777545511581,29.677828428074168],[80.45764333980253,29.677961026744644],[80.45755367490004,29.678188530077257],[80.45735403030115,29.678474297384916],[80.45708641643377,29.67898769315758],[80.45697411708163,29.679273774777165],[80.45688213441396,29.67967501562897],[80.45670424758138,29.679960909302842],[80.456502535639,29.680418101458304],[80.45634246023745,29.681046970318913],[80.45629299239145,29.681543177776767],[80.45626628524624,29.681944731809413],[80.45623763602394,29.682520024875576],[80.45638537058792,29.68292227049927],[80.45653392008873,29.68324780631],[80.4568343381813,29.683652929765977],[80.45717119466282,29.684631347206068],[80.45732018290155,29.684918495874477],[80.45794315350874,29.685670165189432],[80.45830966104212,29.685998829899678],[80.45846033928558,29.68615287774588],[80.4585683788217,29.686250345474335],[80.45865334408197,29.686422209834344],[80.45875273916876,29.687228134858767],[80.45903033420784,29.687689587558257],[80.45950250003042,29.68832328100726],[80.45982599262082,29.68859536684285],[80.46025990462081,29.688770925895344],[80.46087070174576,29.68871923322357],[80.46130768298812,29.688626213669043],[80.46165619099133,29.688629908860737],[80.4618311329973,29.688594526316507],[80.46287703165639,29.68862136510064],[80.46313763021071,29.688701330560704],[80.46374729947084,29.68874441616244],[80.46400802215858,29.688804125488915],[80.46470710467806,29.68867610032017],[80.46488110786335,29.688697109431498],[80.46505461069046,29.688756442017716],[80.46537923016163,29.688949567204247],[80.46563801113699,29.689183077406145],[80.46585102107122,29.689585511688513],[80.4659999458068,29.689892978632926],[80.46606396756384,29.69000832625152],[80.4660156271184,29.69040975562723],[80.4660558234003,29.69069646477589],[80.46603068260298,29.6909829232256],[80.46609188529732,29.691328401095014],[80.46623968272452,29.691730646237144],[80.46625536453881,29.692247423212745],[80.46621046932972,29.692362330821826],[80.46614362931892,29.69247717566509],[80.46607628726804,29.692628031247253],[80.46585450721312,29.69297012772435],[80.46536943625584,29.69342625274347],[80.46517054330658,29.69365331561994],[80.46494776177566,29.694054179404763],[80.46483483531489,29.69439658963197],[80.46498256983972,29.694798835263924],[80.46484556823778,29.695314983964828],[80.46486244047254,29.69571672716409],[80.46496816232563,29.696003687514246],[80.46509269841441,29.696523217444696],[80.46511119810131,29.69680980093065],[80.46501833984698,29.69726749653184],[80.46490604054162,29.697553640457805],[80.46459666428295,29.6978953603886],[80.46439708253288,29.69818112764823],[80.46432898877669,29.698408755770714],[80.46423368604056,29.69909658034391],[80.46405316844537,29.699612540816986],[80.46380781382659,29.700069607885812],[80.46367225269665,29.7004684726259],[80.4636449191396,29.700928669036244],[80.46375070326637,29.701215630196987],[80.46383291359145,29.701617624452155],[80.46385078686771,29.701962976102347],[80.46369447065952,29.70224886947186],[80.46362512373406,29.702591531172835],[80.46351282431232,29.702877675021217],[80.46341865053417,29.703450341589875],[80.46310733277349,29.703963611194197],[80.46299346711017,29.7043647892514],[80.46286009873387,29.704594416586275],[80.46219739080419,29.705334059313696],[80.46204113799497,29.705620014894645],[80.46181578759654,29.7062486325408],[80.46183397490528,29.7065352795973],[80.4618974331481,29.706707018733088],[80.46208999989568,29.706996606616293],[80.46230520158385,29.707227678013084],[80.46247563364888,29.707573594906787],[80.46251702065638,29.707745208291477],[80.46248724335265,29.70843553497865],[80.46237456878292,29.70872167975768],[80.4623733160061,29.708834462314538],[80.46225938818446,29.70923564013224],[80.46229889509361,29.70958105492109],[80.46242562356998,29.709926783069022],[80.46228724408502,29.71055577694144],[80.46232737775286,29.710842486681543],[80.46233616804395,29.711934619678953],[80.4622693283812,29.71204721343919],[80.46224481378796,29.712277281153646],[80.46236997563331,29.712738043243625],[80.46230125575431,29.713024375149185],[80.46232044537696,29.71325231720637],[80.46227398421124,29.713482321205348],[80.4623565064168,29.713884253258275],[80.46278415425195,29.714576463179927],[80.46295170534275,29.715152572496724],[80.46331382794806,29.7158444688653],[80.46339760322381,29.71613136641682],[80.46350464016498,29.71630554476613],[80.46358904195137,29.716536050959967],[80.46364955560068,29.71693792005192],[80.46360159109182,29.71733934912458],[80.46349022965482,29.717623242612902],[80.46370843769604,29.71760605445204],[80.46452007242517,29.71707903903754],[80.46539679194527,29.716685501346717],[80.4655725491051,29.716571095602564],[80.46565989520252,29.71655340518787],[80.4658582250418,29.716382733042877],[80.46612132795802,29.716250636773385],[80.4662533818047,29.716138355980153],[80.46647453390764,29.715872970032898],[80.46660821577008,29.715643342607606],[80.46682886774735,29.71541634180729],[80.46801358474016,29.714775800268374],[80.46814601269631,29.714663456988927],[80.46840917925212,29.71451110413511],[80.46907126000524,29.713830041263282],[80.4692056933738,29.713523704313143],[80.46938295381891,29.71329645346097],[80.46993392604735,29.712804569145067],[80.47017708758577,29.71251898943954],[80.47059726000874,29.712006221890427],[80.47081772396903,29.711797289462737],[80.47095090368403,29.711608236483865],[80.47174059070313,29.71117587359541],[80.47261730922278,29.7107799603659],[80.47384272391899,29.710389991678767],[80.47454136754614,29.710300227829492],[80.47497722158458,29.71030423663743],[80.475846986645,29.710503934738313],[80.47610702062543,29.710638103770513],[80.47654162174742,29.71075714620956],[80.4770672023885,29.710533590174354],[80.47750462185896,29.710422502489216],[80.47759146751746,29.710440884202324],[80.4777431483361,29.710538478296673],[80.47795684703779,29.71088458296622],[80.4782587676796,29.71117461112753],[80.47881746590936,29.711867260867212],[80.47903341974525,29.712023747673356],[80.47918478817577,29.712119153449578],[80.47970617049575,29.71227689592835],[80.47988061265447,29.712279900163946],[80.48014296378027,29.71222445134888],[80.48120189287017,29.71114321509288],[80.48177481100362,29.710631012203702],[80.48219197587807,29.710386698129224],[80.48225819018685,29.710310239631927],[80.48269642534474,29.71010437394074],[80.48348360520092,29.70989982800095],[80.48365911110824,29.709826059691565],[80.48407590165614,29.709579431675095],[80.48431881226465,29.70933442707586],[80.4844765699063,29.70887473281998],[80.4844786369716,29.708723563482643],[80.48441862406456,29.708263052339493],[80.48431396867267,29.70787906355268],[80.48433942197681,29.70757453730971],[80.48445284966297,29.70719136452805],[80.48458722002387,29.70688727745962],[80.48472083833929,29.706659900953966],[80.48491973264885,29.706430524697115],[80.48507573632911,29.706126500205762],[80.48507749097946,29.705973080801773],[80.48492837774641,29.705685931214603],[80.48490812383865,29.705532448546585],[80.4847381925248,29.705148145865838],[80.48485061722354,29.70484399574612],[80.48527292038906,29.70408521875201],[80.48569265537698,29.703554320711472],[80.48599990191329,29.70336820867253],[80.4863494130542,29.70325674474784],[80.48652498257786,29.703162657791818],[80.48766023340913,29.702925608085838],[80.48783542756588,29.702851777260594],[80.48796716779162,29.70273949638337],[80.48805620589864,29.702568385033445],[80.4881016017414,29.702415090642678],[80.48813087815518,29.701729265818155],[80.48833183986778,29.70127201055819],[80.48833710302203,29.70081393871635],[80.48795259663305,29.700122041846477],[80.48726529113787,29.69925740162618],[80.48711943700042,29.698643094548178],[80.48697044925082,29.698337939748427],[80.4869296261294,29.698107622318663],[80.48702173399985,29.69764992740492],[80.48726458396592,29.697348467686044],[80.48757195583681,29.697139849781433],[80.48783449613902,29.69702800906002],[80.48853351742666,29.696863722772232],[80.48923316464541,29.69662272727551],[80.49010875830577,29.696231190293418],[80.49043770083313,29.696006817694776],[80.49056994202478,29.695874218370534],[80.49074551088175,29.695780131091386],[80.4914709901502,29.695157836659313],[80.49151532144873,29.69508131463469],[80.49208755205576,29.694553232781598],[80.49252647631768,29.694252589979882],[80.49366323088593,29.693882313069558],[80.49470975735137,29.693798306640524],[80.4951469283188,29.69364883339333],[80.49540890360834,29.693595634066476],[80.49558447346736,29.69350154709033],[80.49611199785438,29.693047736087035],[80.4964568859184,29.692755718652055],[80.49670467003419,29.69267995142095]]]}},{"type":"Feature","properties":{"province":"Sudurpashchim Province","district":"Darchula","municipality":"Lekam Rural Municipality","ward":"2","wardNumber":2,"sourceMunicipality":"Lekam","sourceType":"Gaunpalika"},"geometry":{"type":"Polygon","coordinates":[[[80.46843097816563,29.663335557193793],[80.4685410855214,29.66322321381908],[80.46871684301418,29.663090802461813],[80.4694387512958,29.662755216603703],[80.46976644050983,29.662664008633786],[80.4700289182039,29.662552229946847],[80.47033547537298,29.6624203221379],[80.4704885351766,29.662364495580555],[80.47066329144762,29.66229072744237],[80.47099279834549,29.662025780034348],[80.47132155324664,29.66183979373121],[80.47167344504234,29.661500513588713],[80.47209267915885,29.6609876826999],[80.47222423037255,29.66091378882395],[80.4725522964756,29.66080226152353],[80.47346833640903,29.66064116725147],[80.47394914892877,29.660473814665743],[80.47412434315875,29.66037972768213],[80.47438794894177,29.660173109191053],[80.47456389465427,29.660002437176956],[80.47465293204321,29.65983126392417],[80.47476291363606,29.659736924956075],[80.47509054136826,29.659645716604672],[80.4756132415265,29.659611653699457],[80.47587553018066,29.65953826162608],[80.47613688044845,29.65952351155699],[80.47661706602432,29.659412549743525],[80.47674855537926,29.65933859349148],[80.47696864458652,29.659111592932593],[80.47714553013053,29.65888434219702],[80.47734536463875,29.65852411458573],[80.47760746650933,29.658430404476686],[80.47806407753296,29.65849311864779],[80.47819493968544,29.658475552923836],[80.47834812545715,29.658399471011503],[80.47870026672523,29.658060127058242],[80.47883288368341,29.65788914204424],[80.47885551959324,29.65781474589691],[80.47907779790769,29.65754935925242],[80.47960757172478,29.65713399655048],[80.48000422895375,29.656871489204736],[80.48066354988383,29.656589855537383],[80.48158885313649,29.656006701397217],[80.48191817005859,29.655877168827214],[80.48213863208716,29.655726878638873],[80.48269147948527,29.655216801177325],[80.48278057909596,29.65510208154024],[80.48296084431286,29.65470340603761],[80.48325027656345,29.6543051064182],[80.4835153204298,29.654078232413262],[80.48373753536545,29.653812845821506],[80.48409055189283,29.6535502126842],[80.48451128404787,29.653114092101095],[80.4850394292607,29.652834081352722],[80.4860897086736,29.65267117718044],[80.48622169828239,29.65261528803323],[80.48674740108784,29.652506765228587],[80.48694522876521,29.652412741302722],[80.48707627922637,29.65241549425344],[80.48733963201033,29.652321721679492],[80.48773322011287,29.652269150352367],[80.48825979985381,29.652101922526057],[80.4888105813824,29.651745265727563],[80.48998167558592,29.650743366999155],[80.49027316523144,29.65057751106054],[80.49040178212022,29.650365888612374],[80.49071716756698,29.649681068893827],[80.4907910224932,29.64905188569055],[80.49053844190745,29.648360428742183],[80.490447123918,29.64706267249217],[80.4902314208503,29.646867798813787],[80.49012626188596,29.646580775618737],[80.489913252375,29.646178341672908],[80.48978464482161,29.64600410083869],[80.48961947280219,29.6453152716566],[80.48957965075208,29.645028561260503],[80.48914417440686,29.64494790579499],[80.48896904509006,29.64496528280729],[80.48870525376614,29.645095128925988],[80.48835067241352,29.645475108393235],[80.48812995927068,29.645643466647236],[80.48764583054157,29.645925916105018],[80.48694355742731,29.646166911655204],[80.48676886567286,29.6461662212586],[80.48659511318894,29.64610688851649],[80.48646650550832,29.645932647469074],[80.48638210329666,29.645702203481733],[80.48638705086326,29.645359228081936],[80.48632922882916,29.64478587182471],[80.4861390417009,29.6443247964243],[80.48603720252336,29.643807705601443],[80.48554277626504,29.643230402728435],[80.48539316196512,29.642999645631726],[80.48518171833508,29.642482114926747],[80.48503147737904,29.642307811281388],[80.48479695987483,29.64188493337566],[80.48471086621575,29.64178984193752],[80.48439269785129,29.64111845186608],[80.4839834887014,29.64069263333124],[80.48368125453881,29.64044324233957],[80.48359465981129,29.640402290823342],[80.48330986217016,29.640457677551293],[80.48317712092862,29.640590213609272],[80.48315411061205,29.64066686078957],[80.4831920530784,29.64108660921116],[80.48271450066402,29.64089079363773],[80.48230272428584,29.640638713536756],[80.48197904382451,29.640366689973195],[80.48174076865375,29.64023264724622],[80.48128960842566,29.639691543358055],[80.4810512707846,29.639575567445597],[80.48070094827652,29.63962832704418],[80.4802618390329,29.639816187139242],[80.47982034991841,29.640155153187433],[80.47955605852209,29.640305317846334],[80.47935729091724,29.64047605215887],[80.47856735848242,29.640752744514153],[80.47801814410529,29.640996556178123],[80.47797988853836,29.64059475057197],[80.47798389596191,29.64030816708986],[80.47799329008357,29.63962009005562],[80.47803924875527,29.63946898471061],[80.47806845955908,29.63893432793011],[80.47798649909619,29.638550464802304],[80.4778804639144,29.63831983224565],[80.47790660650134,29.63801530656573],[80.47821961255666,29.637484030799076],[80.47850860594578,29.637103862078522],[80.478707811801,29.63691506085701],[80.47912578837781,29.63669106483234],[80.47976473005313,29.63625807384136],[80.47983125662103,29.636201933896007],[80.47996543781943,29.635972305950993],[80.48005572780079,29.635744741373447],[80.48015459713889,29.634905747363355],[80.48022350343965,29.634678118818954],[80.48022563236005,29.63452469972221],[80.48016323848692,29.634294255602963],[80.48003575862046,29.63402523705599],[80.47995729383005,29.63390538871283],[80.47992609823426,29.63376084583913],[80.47964918872239,29.63335584690966],[80.47936990049017,29.633104268924967],[80.47898482682594,29.632640188236373],[80.4788611018778,29.632217750614213],[80.47892956945438,29.632026257468386],[80.47882127938404,29.63198743219636],[80.47871217543545,29.631984804628566],[80.47766508772071,29.63198966231688],[80.47731745691347,29.631909382989754],[80.47714420585741,29.63182966933879],[80.47644894410276,29.63166898542174],[80.47610212717406,29.631548068821527],[80.47577794471748,29.63137301243024],[80.475517597427,29.631272727793146],[80.47510763506737,29.631000329127264],[80.47478533087491,29.63070792477029],[80.47435423617478,29.630417457877215],[80.47366003853483,29.63017775002634],[80.47322387219904,29.630171553876675],[80.47287386295498,29.630244630977018],[80.47234590511549,29.63050426052079],[80.47199501927192,29.63061341120985],[80.47112218543184,29.63064159181871],[80.47086121183803,29.63059988785038],[80.47025035304868,29.630611005887925],[80.46981512667085,29.630546104543534],[80.4689461122325,29.630344092284826],[80.46842654438527,29.63010732633004],[80.4679045968856,29.6300239805259],[80.46753502045402,29.629943575717043],[80.46731724977157,29.629920127959238],[80.46718701436868,29.6298812389076],[80.46649168924525,29.629738560151253],[80.46582137892175,29.629383819492215],[80.46547387357006,29.62928322112379],[80.46519039135438,29.629279778124804],[80.46475184576596,29.629426939002542],[80.46437838683111,29.629594669228666],[80.46404619096084,29.629895688310217],[80.46342262283251,29.630653587229578],[80.46291460746268,29.63104869415025],[80.46238815282675,29.63121354596852],[80.46168913526579,29.63128067804566],[80.46021561930945,29.632005740101796],[80.45951221804091,29.632341389022457],[80.45929156735713,29.632491679112142],[80.4591154360856,29.632583453019425],[80.45851938677248,29.63301650624671],[80.45831980603398,29.633205245509714],[80.45811834706008,29.63350901860075],[80.45809395906751,29.63366012476805],[80.45757287573205,29.634091241997925],[80.45742755613979,29.634693103505988],[80.45709611189926,29.634958050042403],[80.45694236354691,29.63503188158725],[80.45676717140392,29.63506951500044],[80.45659291754448,29.635048505348614],[80.4560717236929,29.634831995587113],[80.45598556760078,29.63475497198563],[80.45537809179817,29.63448163092371],[80.45505372355173,29.63426825073817],[80.45451127100759,29.634053865490248],[80.45416664294082,29.6338945001504],[80.45400358119733,29.63389612281458],[80.45299057206351,29.63380620422932],[80.45266438567404,29.633764248499727],[80.45224597626772,29.633757989387227],[80.45214199907873,29.6337576122268],[80.45187996112222,29.633792681169528],[80.45129054645908,29.633889448573253],[80.45119594810797,29.633886821312974],[80.45093278215064,29.63401660494531],[80.45075790189286,29.63405423780066],[80.45049479916621,29.634165953804228],[80.44988187463093,29.634312360682816],[80.44916178725174,29.634325101584096],[80.44855180689915,29.634223373988533],[80.44828995676077,29.634219993786953],[80.44794126278815,29.634159906810023],[80.44776769764056,29.634080193234436],[80.44768122905364,29.634003106625133],[80.44757913137316,29.633844746143584],[80.44731272691604,29.63343293298576],[80.4470817754134,29.632913027405053],[80.44639978510578,29.632043761067017],[80.44618858909385,29.63163895082946],[80.4457846351454,29.63106190004078],[80.44559444614539,29.630715858196034],[80.44546978103138,29.630367816593246],[80.44508840043248,29.629732186051037],[80.44455558793818,29.62903722341023],[80.4440002660201,29.628400839409924],[80.44368347035474,29.627821914850365],[80.44304480954408,29.62695502477259],[80.44265873326565,29.62658559680206],[80.44233624017943,29.62635408625147],[80.4418399324038,29.62607899715327],[80.44039202038105,29.62543203212984],[80.44008777941595,29.625390139456126],[80.4398045462488,29.62540482664397],[80.43936712763909,29.625513475638858],[80.43901799308922,29.62554810503711],[80.43840600662573,29.625694449829105],[80.43798834219899,29.625918320201286],[80.4376567713281,29.626201209584234],[80.43754553796028,29.626354127345603],[80.43745449873074,29.626581817429035],[80.4370074991055,29.62726582257298],[80.43687425776055,29.62741642679656],[80.43624655610824,29.628481040398523],[80.43613494782892,29.628631832112692],[80.43580293928736,29.62895298314315],[80.43547468624494,29.629044191808962],[80.43530024491936,29.62906138094018],[80.43544892143187,29.62927419603823],[80.43570169304509,29.629794290231537],[80.43620091448189,29.63117726621137],[80.4365828598661,29.631754317035703],[80.43668783191632,29.631984886476538],[80.43704845673615,29.63256406189787],[80.43744752627276,29.633429948103604],[80.43744013361045,29.63406850989928],[80.43772542268216,29.634381105899237],[80.43785396707808,29.634611800496426],[80.43784882922654,29.635069809802893],[80.43789059189325,29.635223480802217],[80.43795473794648,29.63535683297314],[80.43817000158393,29.63560822358272],[80.43834287637257,29.635762396044132],[80.43892802815247,29.63615070791262],[80.43912316328597,29.63624630162611],[80.43925314809525,29.636325889903667],[80.43975327282715,29.636501699878973],[80.4399697267216,29.636656061716497],[80.44040169518173,29.637061750666962],[80.44055331313352,29.637159406335595],[80.44161244610792,29.638086759096314],[80.44187034889777,29.638451120013283],[80.44212706051812,29.63891250951325],[80.44273265537234,29.639413667386826],[80.44294766773224,29.63970344349442],[80.44305426605803,29.639934075170565],[80.44317811220166,29.640546069346534],[80.44308587823176,29.641003701026104],[80.4427532406642,29.641496464950087],[80.44257485288226,29.641800363571107],[80.44250707226423,29.6420279911809],[80.44204037739743,29.642768387286143],[80.44194983573553,29.643072599871402],[80.44183816269027,29.643300039544553],[80.44179201455394,29.643530043591273],[80.44161481730055,29.64375716917258],[80.44146031785382,29.643889642845725],[80.44117645834427,29.643904330362236],[80.44082795225037,29.643864436945723],[80.44047850553747,29.64387881054525],[80.44021596711325,29.643934071679254],[80.44004058594689,29.64400777791475],[80.43916155040979,29.64453435397668],[80.43839362367311,29.64490795006391],[80.43784227714265,29.645399771630206],[80.43749201619671,29.6455088602014],[80.43688015681805,29.64556042742201],[80.43674879304996,29.64559818593695],[80.43661686624117,29.645692398935555],[80.4363942096316,29.6460705684915],[80.43634806183888,29.64630050940133],[80.43610302014561,29.646755263487396],[80.4360576241128,29.646908495358733],[80.4360726158597,29.647520049569355],[80.43615469907438,29.647978497333476],[80.436192388883,29.648513404484515],[80.43598835840908,29.64919847695535],[80.43578658296775,29.64965566943606],[80.43565396608153,29.649806336742717],[80.43563126842507,29.649882921426276],[80.43556317482091,29.650110549219043],[80.43503740735525,29.650295593743596],[80.43437933707668,29.650577102147164],[80.43347747938606,29.65119826897137],[80.43308251196541,29.65138387806499],[80.43242544298144,29.651606744921462],[80.43196620440513,29.65165893908752],[80.43176925339002,29.651714515270136],[80.4311994059043,29.651919627532624],[80.43080525300851,29.652010521974198],[80.43056328245034,29.652142556480428],[80.43016969411626,29.65219731521229],[80.42992772334226,29.65232709964577],[80.42964010589249,29.652650814524122],[80.42943732990261,29.65316439889639],[80.42923743483605,29.653450103202356],[80.42923392613935,29.65373668781578],[80.42960394000738,29.653855603494662],[80.43012563418358,29.654049544885822],[80.4309937049524,29.654518135037176],[80.43116814527195,29.654557273996915],[80.43169290988716,29.654503079928244],[80.43186822804645,29.654447379672725],[80.43230752455658,29.654262020124076],[80.4325939515899,29.654033083198986],[80.43294521386456,29.653883420660193],[80.43364542250073,29.653737515178072],[80.43416974834884,29.653705890222504],[80.43469338469941,29.653730656558842],[80.43495423231118,29.653808496316273],[80.4351059750913,29.653924219959084],[80.4353207382098,29.654213934295036],[80.43531873287344,29.654403489182986],[80.43509720401768,29.65468913146535],[80.43505230984904,29.654801726702722],[80.43498615855482,29.654860117038705],[80.43494126300828,29.654972774405238],[80.4344750077262,29.655656716426307],[80.434137296737,29.656512711635873],[80.43393639878263,29.65685712112455],[80.43369298753835,29.657140387019226],[80.43347252507434,29.65729286512243],[80.43320760549497,29.657537682468018],[80.43316114502618,29.657767623720677],[80.43315726008893,29.658110599873435],[80.43324122309718,29.658399810519814],[80.43352263881857,29.658610814402095],[80.43428166750964,29.6590585841295],[80.43451887800033,29.65930778602786],[80.43451568278455,29.659594369979317],[80.43442207242057,29.66011070728279],[80.43450710011565,29.660320895229955],[80.43474499850535,29.660515956827417],[80.43544013170161,29.660846065728755],[80.43570129211584,29.660923905324665],[80.43596251515821,29.66098367700894],[80.43674831423178,29.66102989182945],[80.43718397741118,29.661149059776896],[80.43761813817699,29.661381073063207],[80.43802872356409,29.661748374868086],[80.43954784713814,29.66258289631715],[80.43982681905663,29.663006024497367],[80.43992984627882,29.663523178016682],[80.44018605675853,29.664040959298376],[80.44037736956952,29.66448402998687],[80.44114372913033,29.66431799425415],[80.4414938007094,29.664263046974806],[80.44254545823173,29.664005740004267],[80.44306959621936,29.66401018784986],[80.44359310718602,29.664071027152126],[80.44400713788288,29.66413374070863],[80.44435627157026,29.66413743509106],[80.44496825626054,29.664085805756013],[80.44540561221038,29.664013167089433],[80.44566752484661,29.66401654729414],[80.44590849316901,29.663943092842878],[80.44610168552553,29.66423042999179],[80.44614457465701,29.66430726582251],[80.44622985348576,29.664479192527683],[80.44648474908989,29.665112007870082],[80.44685137920253,29.66551750816408],[80.4474754740226,29.666325629943582],[80.4478010317435,29.666500749785737],[80.44823663360619,29.666581531241572],[80.44876020798742,29.666624302340942],[80.44919568472406,29.66672540262921],[80.44954481785807,29.666726846637538],[80.4497189455992,29.666768174203554],[80.4501555487243,29.66679031328246],[80.45102894510393,29.666780325887935],[80.45129029414997,29.666822029698668],[80.4514642966688,29.66689949285158],[80.45159384280437,29.667015091840327],[80.4516145988262,29.667112182478007],[80.45149910363241,29.667682597593032],[80.45149597148956,29.667969181606736],[80.45179137550875,29.668888769009698],[80.45215675353838,29.66940698904525],[80.45261041608887,29.66985112708033],[80.45347692042098,29.670452630710848],[80.45373764241982,29.67056879427394],[80.45443622127536,29.67057618380126],[80.4548713858262,29.670674970585146],[80.45526040255508,29.670947306693787],[80.45664716790566,29.671573514734643],[80.45677671448922,29.671689112864435],[80.45703430497097,29.672017338186368],[80.45744551980225,29.672249226443082],[80.4578149084083,29.672329693957877],[80.45788256448807,29.67212013330471],[80.45821520342959,29.671588983636926],[80.45832982176701,29.67105689253681],[80.45844187176753,29.67075274276192],[80.45846638593643,29.67052267568583],[80.45857949993436,29.670141816174837],[80.45865041391372,29.6696276668207],[80.45874358818608,29.669057126376476],[80.45879073741125,29.668750475407137],[80.45918927924143,29.66814511696723],[80.45943720343455,29.667383460808153],[80.45948980500616,29.66654427830348],[80.45955865096013,29.666239940675414],[80.46002165181523,29.665709293007765],[80.46024437203523,29.665254413816555],[80.46061896191826,29.66483848618625],[80.46077245984492,29.66476240460432],[80.46105406442541,29.66488088137207],[80.46146452696865,29.66518941648058],[80.46163790348706,29.665269067974663],[80.46181140645575,29.66530814481179],[80.46198603641245,29.665272762215285],[80.46271026193061,29.664763438454944],[80.46288533098527,29.66468973192674],[80.46340915797602,29.664581271553466],[80.46367219955317,29.664431169726523],[80.4638267002964,29.664221924055887],[80.46393925186634,29.663879388426896],[80.46400628001476,29.663728470164994],[80.46427044922397,29.66348359029352],[80.46466773728339,29.66299101593824],[80.46499617894351,29.6628028413258],[80.46517068379205,29.662785464343795],[80.46534456192549,29.662826791648232],[80.46586394049791,29.66311769820658],[80.4663594316186,29.66360028639609],[80.46659532562946,29.66394651653932],[80.46691925692355,29.664198282923234],[80.46711420371061,29.664275747011104],[80.46780934036707,29.66443649342256],[80.46807062837816,29.66443981165173],[80.4680972114706,29.663981865210026],[80.4680798378809,29.663600441078152],[80.46819063488987,29.663409074096155],[80.46843097816563,29.663335557193793]]]}},{"type":"Feature","properties":{"province":"Sudurpashchim Province","district":"Darchula","municipality":"Lekam Rural Municipality","ward":"1","wardNumber":1,"sourceMunicipality":"Lekam","sourceType":"Gaunpalika"},"geometry":{"type":"Polygon","coordinates":[[[80.5156358639035,29.666392953497486],[80.51566250335242,29.666221528125003],[80.51562330442302,29.666049914835607],[80.51565307236788,29.66576345703793],[80.51575086871499,29.665364404133822],[80.51576025504788,29.665021490854915],[80.51560433638613,29.664330411476353],[80.51560746489174,29.664215377239238],[80.51542647100938,29.66363933094662],[80.51541704012294,29.663181258904505],[80.5155431026367,29.662552139244323],[80.51563495458863,29.662383153888584],[80.5156380826511,29.66226818273441],[80.5157084264909,29.662078878202543],[80.51582222349099,29.661907830424898],[80.51593270429765,29.661854066226752],[80.51608738987962,29.66178017255977],[80.5153014826473,29.66100111842693],[80.5144480479245,29.66029846061403],[80.51406165593006,29.66006013412016],[80.51367714073339,29.65976766708422],[80.51309630091573,29.65946994489912],[80.51205859975337,29.659143456055563],[80.5118626504825,29.65912019604415],[80.51160342800405,29.659037979954547],[80.51134495689122,29.658917440514724],[80.51102058596402,29.658814717574913],[80.51069852867539,29.658635283869224],[80.51031482717308,29.658302117767846],[80.5099413256775,29.65760353204313],[80.50973162741312,29.65729362447878],[80.50924858321119,29.656612666912466],[80.50888845464164,29.656223234265806],[80.50867481449431,29.65606449713797],[80.50824359105187,29.655884624404216],[80.50792115982237,29.655705191027934],[80.50695036057465,29.65532024915213],[80.50624266317699,29.65488442166997],[80.50534527335573,29.654213147686836],[80.50508767835908,29.654056534624026],[80.5046612112622,29.65370292347981],[80.50453316465835,29.653603142536134],[80.50432309092665,29.65331130374794],[80.50380516605827,29.65230525003099],[80.50341493002054,29.650611434962187],[80.50327402837144,29.649383447462178],[80.50336134786929,29.647777166534514],[80.50338529606107,29.647700519124857],[80.50333116017875,29.647278394277908],[80.50325226222355,29.64697124057097],[80.50283011256981,29.646464210434843],[80.50217125009631,29.64583670231161],[80.50155164946862,29.645365053986843],[80.50138359071649,29.645131982854974],[80.50111500033371,29.644589443685533],[80.50092418161054,29.64439463398774],[80.5006505236033,29.644025833740216],[80.499585637481,29.643103482489533],[80.49930603387892,29.642962499071103],[80.49898172502817,29.642859775850166],[80.49878502455755,29.642874839811938],[80.49820387166324,29.642595060398403],[80.49746104305558,29.641852142415598],[80.49680693621536,29.64105314734699],[80.49664088023366,29.640743366166205],[80.49646244423974,29.640395198320885],[80.49605669042289,29.63926773662335],[80.49586506272803,29.638921756911078],[80.49584599681266,29.63871182012528],[80.49571901799783,29.638404477860046],[80.4955954835077,29.637867005397236],[80.4955995538373,29.63756235406076],[80.49564519967852,29.63740912272154],[80.49562456905642,29.637332286556614],[80.49572337538541,29.63649329298027],[80.4956735073301,29.635346831620684],[80.49569820898346,29.635119015457807],[80.49559618195023,29.634601924408646],[80.49553403812281,29.634371543622187],[80.49516415568684,29.63402262263498],[80.49532572380414,29.63373666667962],[80.4952619508822,29.63363938657132],[80.49502405064527,29.633503092595564],[80.49450254266802,29.633381547971812],[80.49380822024283,29.633160034118927],[80.49328758703071,29.63300010342302],[80.4927652021359,29.632937200781438],[80.49215440723296,29.632928062110764],[80.49119748272884,29.632761997019173],[80.48997582894259,29.632766289912723],[80.48893143473566,29.632617853197775],[80.48840804699921,29.63261134237306],[80.4875380936644,29.632465847451414],[80.48692729793397,29.632458959787012],[80.48596724362517,29.632482325037316],[80.48579255204281,29.632499640289915],[80.4855297625262,29.632555151295694],[80.48509347081256,29.63256696001307],[80.48431023771559,29.632442097115096],[80.48369981828478,29.63241489139117],[80.48317881017805,29.632275216929614],[80.482482045304,29.63220712211099],[80.48204594198292,29.63220086251227],[80.4817845928131,29.632159221119956],[80.48152224196957,29.63219435138678],[80.4812612062214,29.63217302857158],[80.48064940896046,29.632222532232426],[80.48021368051549,29.632196017559213],[80.47995277009461,29.632136307426183],[80.47960413734968,29.632130424618627],[80.47892956945438,29.632026257468386],[80.4788611018778,29.632217750614213],[80.47898482682594,29.632640188236373],[80.47936990049017,29.633104268924967],[80.47964918872239,29.63335584690966],[80.47992609823426,29.63376084583913],[80.47995729383005,29.63390538871283],[80.48003575862046,29.63402523705599],[80.48016323848692,29.634294255602963],[80.48022563236005,29.63452469972221],[80.48022350343965,29.634678118818954],[80.48015459713889,29.634905747363355],[80.48005572780079,29.635744741373447],[80.47996543781943,29.635972305950993],[80.47983125662103,29.636201933896007],[80.47976473005313,29.63625807384136],[80.47912578837781,29.63669106483234],[80.478707811801,29.63691506085701],[80.47850860594578,29.637103862078522],[80.47821961255666,29.637484030799076],[80.47790660650134,29.63801530656573],[80.4778804639144,29.63831983224565],[80.47798649909619,29.638550464802304],[80.47806845955908,29.63893432793011],[80.47803924875527,29.63946898471061],[80.47799329008357,29.63962009005562],[80.47798389596191,29.64030816708986],[80.47797988853836,29.64059475057197],[80.47801814410529,29.640996556178123],[80.47856735848242,29.640752744514153],[80.47935729091724,29.64047605215887],[80.47955605852209,29.640305317846334],[80.47982034991841,29.640155153187433],[80.4802618390329,29.639816187139242],[80.48070094827652,29.63962832704418],[80.4810512707846,29.639575567445597],[80.48128960842566,29.639691543358055],[80.48174076865375,29.64023264724622],[80.48197904382451,29.640366689973195],[80.48230272428584,29.640638713536756],[80.48271450066402,29.64089079363773],[80.4831920530784,29.64108660921116],[80.48315411061205,29.64066686078957],[80.48317712092862,29.640590213609272],[80.48330986217016,29.640457677551293],[80.48359465981129,29.640402290823342],[80.48368125453881,29.64044324233957],[80.4839834887014,29.64069263333124],[80.48439269785129,29.64111845186608],[80.48471086621575,29.64178984193752],[80.48479695987483,29.64188493337566],[80.48503147737904,29.642307811281388],[80.48518171833508,29.642482114926747],[80.48539316196512,29.642999645631726],[80.48554277626504,29.643230402728435],[80.48603720252336,29.643807705601443],[80.4861390417009,29.6443247964243],[80.48632922882916,29.64478587182471],[80.48638705086326,29.645359228081936],[80.48638210329666,29.645702203481733],[80.48646650550832,29.645932647469074],[80.48659511318894,29.64610688851649],[80.48676886567286,29.6461662212586],[80.48694355742731,29.646166911655204],[80.48764583054157,29.645925916105018],[80.48812995927068,29.645643466647236],[80.48835067241352,29.645475108393235],[80.48870525376614,29.645095128925988],[80.48896904509006,29.64496528280729],[80.48914417440686,29.64494790579499],[80.48957965075208,29.645028561260503],[80.48961947280219,29.6453152716566],[80.48978464482161,29.64600410083869],[80.489913252375,29.646178341672908],[80.49012626188596,29.646580775618737],[80.4902314208503,29.646867798813787],[80.490447123918,29.64706267249217],[80.49053844190745,29.648360428742183],[80.4907910224932,29.64905188569055],[80.49071716756698,29.649681068893827],[80.49040178212022,29.650365888612374],[80.49027316523144,29.65057751106054],[80.48998167558592,29.650743366999155],[80.4888105813824,29.651745265727563],[80.48825979985381,29.652101922526057],[80.48773322011287,29.652269150352367],[80.48733963201033,29.652321721679492],[80.48707627922637,29.65241549425344],[80.48694522876521,29.652412741302722],[80.48674740108784,29.652506765228587],[80.48622169828239,29.65261528803323],[80.4860897086736,29.65267117718044],[80.4850394292607,29.652834081352722],[80.48451128404787,29.653114092101095],[80.48409055189283,29.6535502126842],[80.48373753536545,29.653812845821506],[80.4835153204298,29.654078232413262],[80.48325027656345,29.6543051064182],[80.48296084431286,29.65470340603761],[80.48278057909596,29.65510208154024],[80.48269147948527,29.655216801177325],[80.48213863208716,29.655726878638873],[80.48191817005859,29.655877168827214],[80.48158885313649,29.656006701397217],[80.48066354988383,29.656589855537383],[80.48000422895375,29.656871489204736],[80.47960757172478,29.65713399655048],[80.47907779790769,29.65754935925242],[80.47885551959324,29.65781474589691],[80.47883288368341,29.65788914204424],[80.47870026672523,29.658060127058242],[80.47834812545715,29.658399471011503],[80.47819493968544,29.658475552923836],[80.47806407753296,29.65849311864779],[80.47760746650933,29.658430404476686],[80.47734536463875,29.65852411458573],[80.47714553013053,29.65888434219702],[80.47696864458652,29.659111592932593],[80.47674855537926,29.65933859349148],[80.47661706602432,29.659412549743525],[80.47613688044845,29.65952351155699],[80.47587553018066,29.65953826162608],[80.4756132415265,29.659611653699457],[80.47509054136826,29.659645716604672],[80.47476291363606,29.659736924956075],[80.47465293204321,29.65983126392417],[80.47456389465427,29.660002437176956],[80.47438794894177,29.660173109191053],[80.47412434315875,29.66037972768213],[80.47394914892877,29.660473814665743],[80.47346833640903,29.66064116725147],[80.4725522964756,29.66080226152353],[80.47222423037255,29.66091378882395],[80.47209267915885,29.6609876826999],[80.47167344504234,29.661500513588713],[80.47132155324664,29.66183979373121],[80.47099279834549,29.662025780034348],[80.47066329144762,29.66229072744237],[80.4704885351766,29.662364495580555],[80.47033547537298,29.6624203221379],[80.4700289182039,29.662552229946847],[80.46976644050983,29.662664008633786],[80.4694387512958,29.662755216603703],[80.46871684301418,29.663090802461813],[80.4685410855214,29.66322321381908],[80.46843097816563,29.663335557193793],[80.46873471725632,29.66343377833933],[80.46899481332395,29.663534125017183],[80.46960185157056,29.663807340544817],[80.4704236540109,29.66433188354332],[80.47094441150517,29.664489625781478],[80.4712057614291,29.66447262564357],[80.47138076669607,29.66441692470962],[80.4714681763396,29.664381165444407],[80.47190766446812,29.664021880187736],[80.47208248273625,29.663948111932267],[80.47243155525213,29.663893039524865],[80.47295281358278,29.66401470870127],[80.47356010253694,29.664249601340313],[80.47425668111632,29.664256802249295],[80.47530358446633,29.664096211197858],[80.47582609547106,29.664102784966357],[80.47608675644355,29.664162494598834],[80.47626000772252,29.66425796272983],[80.47668903309565,29.66485533280194],[80.47703566148861,29.665030451980137],[80.47720953905964,29.665071780324347],[80.47790561595231,29.665117367505186],[80.47825462555133,29.665082613589885],[80.47903829937651,29.665108260108738],[80.47973299712889,29.665289199445432],[80.48016584462628,29.665541343523646],[80.48076812069614,29.666234244345375],[80.48110685495557,29.667153894916385],[80.4811886874698,29.667614530480186],[80.48118505419072,29.667957506386383],[80.481248135336,29.668187887689346],[80.48124381201465,29.66858725407573],[80.48130658057588,29.66881769739702],[80.4813041374409,29.669047827757456],[80.48140804134792,29.669506275853838],[80.48153514401888,29.669852004894636],[80.48152900406521,29.670425109473985],[80.48161277925169,29.670712070465523],[80.48165209816742,29.67111381340492],[80.48173556010444,29.67145710271009],[80.481820963131,29.67162896729779],[80.48188185244229,29.672030835886076],[80.4818794087219,29.672260966241353],[80.48202507472116,29.67289334129579],[80.48202137817168,29.67323631642528],[80.48206314021633,29.673407929829],[80.48211851529156,29.674324261839505],[80.48210993157876,29.67512755891778],[80.48206447295567,29.675298858362048],[80.48206202982469,29.675526675777235],[80.48210065903358,29.675984935331805],[80.4821832436675,29.676386929228684],[80.48228871460768,29.676676140763973],[80.48248165746824,29.676963477945126],[80.48265390645125,29.677137845338727],[80.48315127648628,29.677467012204005],[80.48334678738269,29.67750834010413],[80.48365071408705,29.67758624351274],[80.48434616458867,29.677708541104295],[80.48478145478549,29.677732805974713],[80.48512933705811,29.677792829316424],[80.48547552652279,29.677988205510772],[80.48618697026137,29.6786634147388],[80.48627857773461,29.678244043890523],[80.48634742335253,29.67792163790119],[80.48635087000257,29.677614798125024],[80.48626646794989,29.67738429197634],[80.4862487196304,29.677002867651947],[80.48620614253093,29.67692603140362],[80.48614575454388,29.67646770873871],[80.48634489984609,29.676184191766644],[80.48639098469603,29.67595418794701],[80.48687831280405,29.675195661553282],[80.48705476033543,29.67498885382955],[80.48742778350868,29.674744226402943],[80.48769032355179,29.674632448341185],[80.48830068227149,29.67458063111733],[80.48865000499022,29.674489485772554],[80.48880319099028,29.674413340438303],[80.4888693417765,29.674357200810885],[80.48935084365169,29.674115325063703],[80.48963658286539,29.673888513717223],[80.4902101933903,29.673189006870146],[80.49036344127708,29.67309479425989],[80.49112942928419,29.672738952839087],[80.49191510738095,29.672574981125205],[80.49208835918819,29.672672700558362],[80.49252233334623,29.672830065998628],[80.49256491092632,29.67290690222214],[80.49275916865193,29.673081393503402],[80.49308366240058,29.67329483731421],[80.49340702863972,29.673602870281645],[80.49366668796284,29.673739227499702],[80.49444917009991,29.67390022537551],[80.49505858801479,29.67398369774109],[80.49648518056958,29.674645729032555],[80.4970972934099,29.674447243364167],[80.4974484923631,29.674358286190838],[80.49824317891171,29.67401157282426],[80.49868704190824,29.673733436955093],[80.49983255115427,29.673315897175677],[80.50023246030672,29.673037509414723],[80.50063468390245,29.67268253728815],[80.50089909978509,29.672591015220224],[80.501143446458,29.672424908934104],[80.5016733416762,29.672185472611723],[80.50193763203076,29.6720962011419],[80.50281597220855,29.671882903317297],[80.50334154964908,29.671796824745375],[80.50369149629562,29.671764321217513],[80.50412753763783,29.67177270649136],[80.50462716418998,29.67183998483384],[80.50482355141396,29.671842988488468],[80.50534756528813,29.67181561459596],[80.50561185498213,29.671726343620566],[80.50648744287373,29.671607760603564],[80.50745919832725,29.671169086771897],[80.50801498131248,29.67077629413432],[80.5083676822897,29.67063094466696],[80.5087680289334,29.67035261993707],[80.50885606344494,29.67031679871394],[80.50932187215307,29.67003872489644],[80.51003008887866,29.66965099843497],[80.51073548890686,29.669376055488204],[80.51187930906427,29.66901696995916],[80.51240407256512,29.668969340195602],[80.51249166900604,29.66895152331909],[80.51255882058562,29.66889538367044],[80.51273244916592,29.668918580883435],[80.51314923541506,29.668829811537318],[80.51378548169694,29.66869003172194],[80.51407534705326,29.66846540819929],[80.51430037684975,29.668202210500166],[80.51438872366398,29.66816638907233],[80.51478969637657,29.667849739964964],[80.51535111170732,29.667249323632323],[80.51560953741755,29.666564252729884],[80.5156358639035,29.666392953497486]]]}}]}