{"type":"FeatureCollection","features":[{"type":"Feature","properties":{"province":"Sudurpashchim Province","district":"Kailali","municipality":"Gauriganga Municipality","ward":"4","wardNumber":4,"sourceMunicipality":"Gauriganga","sourceType":"Nagarpalika"},"geometry":{"type":"Polygon","coordinates":[[[80.8058626661087,28.782684893396787],[80.80602710712249,28.782427883124072],[80.80602954807998,28.782312724394206],[80.80596840329846,28.782138859720632],[80.80584117138353,28.782003317961227],[80.8052002499074,28.781591625306245],[80.80424939457355,28.78147970302403],[80.80377609396483,28.781339091428148],[80.8035638310261,28.781124400035296],[80.80344504715106,28.780605184271845],[80.80344974015907,28.780375053911513],[80.80385159102981,28.779809144227208],[80.80385897466213,28.77946385568458],[80.80375556547973,28.779233536953],[80.80373737453375,28.779059735711385],[80.80361508534011,28.77871425785977],[80.80371138048667,28.778256249756367],[80.80380097993933,28.778105207076155],[80.80417437494548,28.777862016662553],[80.8042633485362,28.77774929722822],[80.804334630621,28.777462776588315],[80.80404478466156,28.77682596086537],[80.80389792149931,28.7765932655239],[80.80349596628803,28.776148128614597],[80.80306937421412,28.775833842749943],[80.80290106550103,28.77560114663008],[80.80281922711588,28.775370827556312],[80.80282304468561,28.77519934034863],[80.80296498371015,28.774626299354495],[80.80295198696649,28.774224556779654],[80.80289297079533,28.773937908981598],[80.80294005475236,28.773766422231244],[80.8029459998622,28.773477587133364],[80.8030155300624,28.77324977164716],[80.80321523569671,28.773004077777877],[80.80343419603383,28.77285541231884],[80.80372212359413,28.772515067457675],[80.80398566433314,28.772292005781228],[80.80432130164638,28.771723782314794],[80.804371264631,28.771378556443437],[80.80431012012463,28.771186687431037],[80.80416288220624,28.770974310214427],[80.80384245320934,28.770757241138487],[80.80358560934494,28.77063951557774],[80.80324160610782,28.770537417603613],[80.80263650449808,28.77050721214466],[80.80219895927819,28.77078866335006],[80.8021324947166,28.770863121644023],[80.80108565518566,28.77132417774618],[80.80073846137599,28.77135524411887],[80.80047704839039,28.77142707420688],[80.8003470623315,28.7714268838442],[80.80019738271577,28.771347671290197],[80.79992297325525,28.77099750194326],[80.79981968889034,28.770767119843455],[80.8000491628652,28.7701378765851],[80.80009806225638,28.769853544720096],[80.79995338931961,28.769505815056817],[80.79978614517236,28.769216727566658],[80.79940601057754,28.76875127334821],[80.79924095653932,28.768347027298436],[80.79922727229916,28.76794528398108],[80.79936370483288,28.76760249839248],[80.79947475000894,28.767451455932342],[80.79989160069591,28.767133868685395],[80.79997875881955,28.767095609057545],[80.80019947162751,28.76687029685931],[80.80049153042908,28.76630200927593],[80.80049616144437,28.76607181710978],[80.80045433536007,28.76599504435181],[80.80021931183174,28.765857000310426],[80.79970174306885,28.765790785221878],[80.79952780200544,28.765826668397906],[80.79926595077072,28.765954889168192],[80.79891775575655,28.766064978748684],[80.79874274995295,28.766175320613264],[80.79839449126999,28.7663034156213],[80.79813445560573,28.76631885377456],[80.79796226687866,28.766277963501445],[80.7974482031052,28.766040198633682],[80.7971896068645,28.765996932263107],[80.79693245005926,28.765876955245],[80.79644195960543,28.765524157148786],[80.79618411410401,28.765444816992108],[80.79584223957691,28.765247941539666],[80.79543465208468,28.765066820216916],[80.7950084983628,28.76475478473863],[80.79481736667096,28.764578417478575],[80.79466981517959,28.76438635922252],[80.79452019858246,28.764286764826565],[80.79439409224955,28.764112899726275],[80.79431194059147,28.763882581025808],[80.7943393943664,28.763595997578435],[80.79442868090695,28.763444891314094],[80.79478157046715,28.763086605004812],[80.79534941470537,28.76278958874783],[80.79592013853313,28.762359409261265],[80.7962522715698,28.761964985675185],[80.79634193280809,28.76179356220962],[80.7963451256635,28.761622074223066],[80.79630436203593,28.761506915117074],[80.79595036797303,28.76081120612495],[80.79523342900482,28.75988042172145],[80.79517409940264,28.759593711983733],[80.79517979485308,28.759307127809446],[80.79520587211414,28.7590769985698],[80.79522138602658,28.758645934700535],[80.79522307557777,28.758596295332854],[80.79522476495411,28.75854890632777],[80.79612419230624,28.7571691406989],[80.79646295151981,28.756819856495255],[80.79697502545798,28.756543032839232],[80.79762989822457,28.75646051883105],[80.79831384135933,28.756538302669934],[80.8016150198784,28.756585991915752],[80.80209763978951,28.756505413119775],[80.8023057830332,28.756417703436863],[80.80277052877815,28.755994086270004],[80.80290946166959,28.755687372999663],[80.80292941156746,28.755427922478134],[80.80269926960675,28.755075503634387],[80.80210017868262,28.75462104810881],[80.80182977099803,28.754275318143062],[80.80180439293059,28.75395034762744],[80.80201235559666,28.753472210243906],[80.80220012470838,28.752890230506274],[80.80241285280655,28.75175083678329],[80.80248238239052,28.751570409937003],[80.80280363323875,28.751300085871662],[80.80326362287018,28.751108912123208],[80.80437447406196,28.75129779690834],[80.80484989690311,28.75162121110845],[80.80578923005135,28.75262683247778],[80.80640895274709,28.753171626902784],[80.80686118136602,28.75338213339293],[80.80728459285248,28.75326766884317],[80.80785049822181,28.752990846458374],[80.80820469919013,28.752722772962855],[80.80860998706301,28.752188497152794],[80.8089880815943,28.751471356028354],[80.8094236334107,28.750819859064112],[80.80947310459854,28.750034504248173],[80.80959303728515,28.749371187378784],[80.80980587394725,28.749044219374845],[80.80988284196592,28.748958570797242],[80.80994380437731,28.74887517172949],[80.81016551512374,28.748760391755397],[80.81061449834743,28.74867074749132],[80.81115982668801,28.74875046680703],[80.81141567070598,28.748879445519353],[80.81156997482967,28.749057937544233],[80.81195842497341,28.749507575321157],[80.81228628400359,28.750191843662527],[80.81282648496557,28.75032126452965],[80.8141896240433,28.750239573649946],[80.8146089133776,28.749926488685254],[80.81500751597397,28.74915520648241],[80.81510493222845,28.74892514021113],[80.81540806413057,28.748004812919316],[80.81535505598283,28.74740669896561],[80.81499768497996,28.746738185395373],[80.81428734328351,28.74417579867331],[80.81315885924923,28.740831926685463],[80.81288132697952,28.740314833005],[80.81259435053761,28.740018741855984],[80.81240078507338,28.739603179630116],[80.81238047409245,28.739151796971875],[80.81265183992326,28.738484167563385],[80.81291038058187,28.73817083010771],[80.81462151184297,28.735620796200465],[80.8161316748634,28.733921196422305],[80.81738793367992,28.73207686191833],[80.81739345069651,28.7312937581026],[80.81763692775047,28.730777297978573],[80.8172078260479,28.730912081160778],[80.81608258725251,28.73105954395538],[80.81530204545771,28.73097944685103],[80.81500162076713,28.730933928389447],[80.8145960335775,28.730791192828907],[80.81312693352278,28.73008058766513],[80.81268320612642,28.729973924364792],[80.81144430273714,28.729949648412294],[80.81065982356577,28.729788338679242],[80.81001534342873,28.729193905492057],[80.80960563669177,28.728690063243306],[80.80912841533323,28.72761968012678],[80.80864499995756,28.726817812749303],[80.8076283228307,28.725882085059453],[80.80755592404131,28.72574654459024],[80.80751034920421,28.72546664928758],[80.80749956173386,28.724008784493705],[80.80730493563614,28.723491692641137],[80.80709286088636,28.723240865525394],[80.80676543883912,28.722567913680813],[80.8066405887749,28.722080268285342],[80.80629216159608,28.72128077878306],[80.80605677467778,28.720533556621664],[80.80595113401066,28.71933501625126],[80.80597146968678,28.718533906305986],[80.80607946672151,28.717574877217178],[80.80623622572327,28.716916124525824],[80.80630263170063,28.716638668904505],[80.80633348069134,28.715332036383685],[80.80575018882162,28.71267718731492],[80.80486437575549,28.711673941711442],[80.80471326915848,28.71102156063868],[80.80423147119748,28.710607807339557],[80.80407823080283,28.710393179213764],[80.80406761504594,28.709727421265793],[80.80373725579288,28.708943874459262],[80.80376696711889,28.70829168341544],[80.80364843165002,28.70782435779609],[80.80334839317189,28.70725974965182],[80.80264814615973,28.706434997767737],[80.80218736025154,28.70577310942246],[80.80204194232967,28.70519962620312],[80.80197144237103,28.703868047207877],[80.80165752138109,28.703364332945792],[80.80106011965982,28.702862426194304],[80.80083241665581,28.702453615817376],[80.80067267902258,28.701932084875306],[80.80059140112833,28.701819113409968],[80.79977821634532,28.702054857664592],[80.79938662848035,28.702198768848255],[80.79828676669048,28.702761292171232],[80.79635703200074,28.703234650796833],[80.79602133917102,28.703414698197925],[80.79517076583657,28.703645816178188],[80.79477655187864,28.70380998291414],[80.79438489784019,28.704138885380424],[80.79405282634812,28.704585261452333],[80.79281064625603,28.705923884942084],[80.79072032345114,28.707789336531693],[80.79025639318013,28.708081978151434],[80.78976283159521,28.708144426378237],[80.78931297503303,28.70813460408278],[80.78875770047574,28.708325651402173],[80.78825506509088,28.70879203058474],[80.78810306668497,28.708933944629866],[80.78777924903373,28.709407391292203],[80.78749194705324,28.709711600819453],[80.7868967769356,28.710168787835148],[80.78649893611993,28.710378092861244],[80.78575521230829,28.71071768111807],[80.78525964758667,28.710863591286873],[80.78277283458124,28.71103791694647],[80.78205381117168,28.71118344799635],[80.78098521212607,28.71170083329088],[80.78046226165378,28.7118918192066],[80.77916407188853,28.712636704302167],[80.77880086656201,28.712943038765438],[80.7778105300778,28.714270663011867],[80.77753973677324,28.714471092619352],[80.77718360063022,28.71459012190681],[80.77609087583072,28.71467631736084],[80.7754009915787,28.714663928296606],[80.77466965089,28.714863475388213],[80.7736886553354,28.714945484530006],[80.77262969063172,28.71511751839311],[80.77188903338849,28.715346386941967],[80.77082381826811,28.71544839970628],[80.7698959629158,28.715796675574904],[80.76971559488629,28.715153171276636],[80.76902060486957,28.71409353748862],[80.76897365894293,28.7136082694838],[80.76902869681825,28.71273951588679],[80.76895311815629,28.71217066083192],[80.76872379094473,28.71168726584166],[80.76825212587626,28.711099773477926],[80.76772681229711,28.7106113719452],[80.76762465727485,28.710209502728116],[80.76760546809088,28.709916104186085],[80.76771232980109,28.70947391330965],[80.76759868467268,28.708334077416854],[80.76731609862928,28.707318025961534],[80.76724546540818,28.70640844558212],[80.76702195701083,28.705760314441395],[80.76675661835753,28.705216025758233],[80.76677288583384,28.704645109245867],[80.7669423374917,28.70397966701938],[80.76704107822914,28.7031741195913],[80.76688209242428,28.702580255430988],[80.76646300655429,28.702107923024062],[80.76612000579944,28.701949309044906],[80.76521598325013,28.70170853678397],[80.76340887072925,28.701540710050452],[80.76255461224855,28.701527942818174],[80.76228132199186,28.701525188077238],[80.76119986437315,28.70096131850515],[80.76064278042567,28.70094911897812],[80.76019304728686,28.701040825702616],[80.75973586966086,28.701288266223102],[80.7595053417336,28.70150226315697],[80.75742872056077,28.702913581612183],[80.75709903344298,28.70296490447787],[80.7568603816821,28.702935141504703],[80.75656521226355,28.702729202217203],[80.75652269965282,28.702562152407822],[80.75689885033954,28.702070827153268],[80.75709124209187,28.70172366516439],[80.75705867399368,28.70143245505289],[80.75672287009682,28.700944368518613],[80.75639318756937,28.7007203611071],[80.75577664097214,28.700843449350256],[80.7551654110138,28.700880638203916],[80.75400109887076,28.70085823885253],[80.75376538317104,28.70095720143829],[80.75361332250482,28.70112837438653],[80.75350952720822,28.701462158371605],[80.75350464591664,28.701644961930025],[80.75333719961256,28.702082462197637],[80.75284738028306,28.702607421124466],[80.75210384076598,28.703116121094418],[80.75140951052263,28.70342401284403],[80.75111089847158,28.70344832812552],[80.7513864345174,28.70368127574446],[80.75163227560637,28.70376749189128],[80.75169485938692,28.703844328073984],[80.75182627037657,28.70454641122007],[80.7521203748231,28.704819995502596],[80.75226373568454,28.70508882685713],[80.75224903285991,28.705605602715337],[80.75177365105345,28.70639914106083],[80.75165457833664,28.707780043662606],[80.75167270739114,28.707940340642622],[80.7518261980908,28.708141464108255],[80.75210698754981,28.70832477285537],[80.75268995329466,28.708510898365507],[80.75289002092464,28.70888813701637],[80.75274800573617,28.710090737668025],[80.752903751328,28.710113621627926],[80.75311195818904,28.70990862745052],[80.75382023167734,28.709557910830963],[80.75401961934838,28.709560476842775],[80.75426439225497,28.709865507218513],[80.75425838606405,28.710077694920518],[80.75371342591245,28.71036108198344],[80.75357086776731,28.710561638004613],[80.75340178967843,28.71129478836866],[80.75292890897772,28.712083824739743],[80.75272038235542,28.712595720927165],[80.75271018400132,28.712952263283487],[80.7528547925612,28.713399334093314],[80.75314958048203,28.71392124095076],[80.75320634476104,28.714277909256012],[80.75330944357437,28.714399946843603],[80.75310961645484,28.71446958931767],[80.75286864820589,28.71459774781258],[80.75236595116213,28.714996294087797],[80.75206914344574,28.715462926196846],[80.7519680260533,28.716275162883335],[80.75216296186274,28.716916478719668],[80.75222498103109,28.717119664195753],[80.75243491084949,28.718350027631377],[80.7524622838406,28.71896389544674],[80.75238498908207,28.719713052151146],[80.7516617505893,28.721192161305616],[80.75140495918512,28.721536945586298],[80.75076350558102,28.722792804267737],[80.75042424468225,28.723220986600275],[80.74873652287391,28.724490707975352],[80.74829922317655,28.724966090213652],[80.74813915738375,28.725243355966516],[80.74819866351979,28.726049155618778],[80.74850845207098,28.726862149375524],[80.74884976027741,28.72720131611817],[80.74946341153662,28.728084834492385],[80.74980568279467,28.73031068013225],[80.75001893123465,28.73126790058824],[80.7510182565746,28.733788342456123],[80.750978674445,28.734025224133543],[80.75088250940098,28.73422590586387],[80.75005743638387,28.734867581278856],[80.74981527610339,28.73522368186222],[80.74969152929485,28.73585086372828],[80.74972502698739,28.73656857447524],[80.74983768903851,28.736835029912292],[80.75132060829964,28.737510312920463],[80.75190870248875,28.737610663661417],[80.75288300655642,28.737603426690566],[80.75436256693644,28.737398452991947],[80.75578897966736,28.7373491478465],[80.75678491773773,28.737267451908618],[80.75722233088906,28.737338166544607],[80.75790820818311,28.737637265187875],[80.75838394152234,28.738017258814686],[80.75880827683815,28.738598060860884],[80.75908578504819,28.740291060995144],[80.75907070479131,28.740880108521335],[80.75890025896423,28.74122958317076],[80.75875838209308,28.741807062742872],[80.75884637034073,28.744059473970744],[80.76005208994691,28.74636573084993],[80.76066072652634,28.74786080371589],[80.76065196562931,28.748208342912694],[80.75961840824876,28.750418161672332],[80.75913384014736,28.75094543416932],[80.75721571149039,28.752591699317968],[80.75613673526703,28.752950850485355],[80.7557772199894,28.753211983842423],[80.7553995704992,28.753590463970053],[80.75519110842794,28.754005332337872],[80.75498051041178,28.754988866593834],[80.75430279080952,28.756350755640092],[80.7541510893115,28.757305095546283],[80.75365570092433,28.758046680175145],[80.75353652468222,28.758342076764812],[80.7537370327595,28.758595217277986],[80.75376441698201,28.758629102433424],[80.75377672742243,28.75899020847392],[80.75372882983925,28.759220337841278],[80.7537162497842,28.759831891860156],[80.75375294483153,28.76013885737436],[80.75391468269662,28.760676266575842],[80.75412281624854,28.761062570674547],[80.75434594859466,28.761755777751645],[80.75478553786544,28.76243135694703],[80.75507657413915,28.762971269720055],[80.75524150333561,28.763357448291902],[80.75532146481804,28.76366453922268],[80.7553658992083,28.764659832318653],[80.75533944643922,28.764889961390747],[80.75515718133278,28.76534553003629],[80.75517249389496,28.765652494874665],[80.75538787783115,28.766111007234613],[80.75563715866545,28.766156587064067],[80.75842251825699,28.766199893017415],[80.7588751248791,28.766245851078278],[80.75951986467997,28.76640722140992],[80.76020643060134,28.766629609332035],[80.76041932018285,28.766785658497763],[80.76092800253785,28.76725148981117],[80.7613069479798,28.767717070501998],[80.76149801658083,28.767893374583643],[80.7617911803118,28.76833625929387],[80.76195266774864,28.768875919248988],[80.76201397917951,28.770101404472484],[80.76187347721539,28.77063374586287],[80.76178381552377,28.770787102156746],[80.76141640674655,28.771851658364383],[80.76103330961415,28.77261150020444],[80.76098728892713,28.77276485705429],[80.76100397825225,28.772995112255852],[80.76125506505957,28.773381416829974],[80.76161406723371,28.773788291503966],[80.76193199343236,28.774079944314344],[80.76220596498395,28.77440992018177],[80.76296998901739,28.77507250116093],[80.76380066500923,28.77564036790683],[80.76469736717067,28.776149718619454],[80.76508244607086,28.776328652447653],[80.76648926945568,28.777249568752747],[80.7670027081958,28.777487459361065],[80.76732276252709,28.777682083603487],[80.76764469387933,28.77778418098932],[80.76855140971016,28.777817329582064],[80.76913556749416,28.7777686367729],[80.76945893889797,28.777773768303085],[80.77049051040595,28.77797859442467],[80.7714563692476,28.778223931619948],[80.77210167209142,28.77832884655764],[80.77320252460858,28.778326176026287],[80.77398113149054,28.77824397629707],[80.77430625485381,28.778172273070677],[80.77488941274366,28.778161966577194],[80.77514700765056,28.778223300831772],[80.77598212852304,28.778522588544035],[80.77636307779044,28.778873009596044],[80.77659246859442,28.77925931426522],[80.77673369983259,28.779719888782896],[80.77680840532678,28.780257234928683],[80.77679707770429,28.78079195384234],[80.77660135841141,28.781861389390446],[80.7764142115137,28.78254708772397],[80.7764214933905,28.78423064330776],[80.77624759383859,28.785300078831536],[80.77621444602458,28.785834859798197],[80.77607194253405,28.786446224300906],[80.77606055215553,28.78698106915246],[80.77611988261863,28.78723164292141],[80.77620322315396,28.787367183944376],[80.77690397602741,28.78791223001058],[80.77719989419515,28.78820381991293],[80.77744904113271,28.788666897040496],[80.77765317021134,28.789206620369907],[80.77780796168103,28.79005087025272],[80.77787315366895,28.791046225603502],[80.7780213117396,28.79219737780647],[80.77808462672515,28.79326944237205],[80.77815939388906,28.793806726294324],[80.77839859108467,28.79472787462415],[80.77876752361155,28.795653714150063],[80.77918429150569,28.796347237158738],[80.77952103552818,28.796754048915105],[80.77988022535276,28.797124663009438],[80.78045211847174,28.79763113286082],[80.78164336293058,28.79845226625128],[80.782173491406,28.798899905824612],[80.78263565264662,28.799500964429544],[80.78305098138689,28.800273446871014],[80.78313401016594,28.800427055569084],[80.78353471416541,28.80087225530398],[80.78391610122628,28.80122267590902],[80.7841705671313,28.80143743026063],[80.78455376898783,28.801693074076745],[80.78519425368513,28.802028119033576],[80.78590157767003,28.80226845066438],[80.78654306259168,28.802583115089885],[80.78741763153727,28.803132914450583],[80.78782115117289,28.80346526824551],[80.78825274335006,28.803869893378124],[80.7894777439394,28.805020499762456],[80.78983687086088,28.805467885868577],[80.79010915138694,28.805930963997795],[80.7908155756859,28.80739665437462],[80.79177627740043,28.809153871555193],[80.79198353414823,28.809616822306573],[80.79222804789558,28.810384489314803],[80.7922912582795,28.81046363846957],[80.79241498556313,28.810770729629624],[80.79248756218405,28.8114613708871],[80.79251331282218,28.811906001283468],[80.79265305406307,28.811847549494296],[80.79278172652889,28.811906505794006],[80.79301787600322,28.812024106436496],[80.79316692950502,28.812141705970568],[80.79354962936736,28.812492064624045],[80.79365510303069,28.81264798630188],[80.79371518388926,28.812878242774747],[80.7937181036199,28.81379676189347],[80.79365962918345,28.814561672985253],[80.79380772337147,28.815789597535545],[80.79369198507791,28.816170832287412],[80.79366559473891,28.81640096142598],[80.79362063940853,28.81647542018145],[80.79359280979911,28.816782259752447],[80.79375936645133,28.817109733552122],[80.79386584215244,28.81720695074713],[80.7946352464515,28.817715862350074],[80.79495504985964,28.817971378939294],[80.79540427574327,28.818245091775747],[80.79636481068553,28.81894837441538],[80.79700704529729,28.819321743731035],[80.7977823949248,28.819544008884154],[80.79836454942857,28.819668991380272],[80.79933716344456,28.819778788437034],[80.80030664864213,28.820023938101],[80.80082621867297,28.820051766293616],[80.80153835983978,28.820176939446814],[80.80205830577755,28.820166444449853],[80.80256780902103,28.82023259648444],[80.80247277717713,28.820018094136437],[80.80222219241266,28.819555142335627],[80.80212097289835,28.819209664610884],[80.80203139574377,28.818288767992154],[80.80201990079561,28.817771928854913],[80.80191868219283,28.817426514204907],[80.80188111109456,28.817137616165216],[80.80165685326209,28.8164444718628],[80.80125696373243,28.8158638587917],[80.8005125090284,28.8152015282804],[80.80014937802338,28.814948260341904],[80.80004327790577,28.81483078734246],[80.79980781637113,28.81469499346682],[80.79940360864907,28.8143423839762],[80.79927706463383,28.81416839383331],[80.79904692394257,28.813764084402724],[80.79890919820744,28.813071066396702],[80.79855745662363,28.812262636664997],[80.79845486114121,28.811973612396358],[80.79843798391674,28.81174342012703],[80.79806905340712,28.810704734798044],[80.7976558547383,28.809722440585233],[80.79729704141619,28.80925704864268],[80.79708759428065,28.808909193588253],[80.79649156799695,28.808382468083458],[80.79638822075505,28.808152086518547],[80.79630988702338,28.80775027940587],[80.79631345487466,28.807576540916678],[80.79652373584094,28.806834389521924],[80.79663797233492,28.806550245868287],[80.79677258913219,28.806322430759213],[80.79684825321509,28.80580803141255],[80.79683813588314,28.80523486357692],[80.79675980156705,28.804830743125084],[80.7966945479057,28.80379700228994],[80.79651042602052,28.80327772222256],[80.79652100295934,28.802763196758825],[80.79668063377626,28.802363956585975],[80.79668770495314,28.80202091896575],[80.79664800587487,28.80184711763589],[80.79652183711,28.801673126549883],[80.79605517161751,28.80118722775348],[80.79590549209165,28.80109000923745],[80.79546164748292,28.800545467320667],[80.79536511678563,28.800274511637223],[80.79533904569504,28.80019998981843],[80.79534117433597,28.800084893291235],[80.79541001618786,28.799913469346862],[80.79543890906825,28.79957049452193],[80.79571102243952,28.79899995634111],[80.79580024530155,28.798887236627063],[80.79591441944062,28.798603030179386],[80.7958111971004,28.79837046067959],[80.7955162817219,28.797963774387842],[80.79533003244065,28.797559528544845],[80.79492701365535,28.79715046496261],[80.79467467600087,28.796802546073355],[80.79453382044927,28.796283266910258],[80.79453763746393,28.796111779271207],[80.7944786835858,28.795822818788984],[80.79422991277602,28.795301099432287],[80.79408686705595,28.794896979033386],[80.79377169553175,28.794433776079316],[80.79373199597198,28.79426003640329],[80.79373831708688,28.793973390001824],[80.7938492984942,28.79384041545163],[80.79411365261035,28.79363542154902],[80.7943755024958,28.793543336482145],[80.79463597611914,28.793527898151396],[80.79478909766667,28.793455942483973],[80.79498873948049,28.793228316386642],[80.79512367045561,28.793000564356085],[80.7951420067718,28.792140812225174],[80.79506022982747,28.791910493203765],[80.79495475529399,28.79177488968795],[80.79457205597113,28.791442598827125],[80.79451197545724,28.791212280588386],[80.79453836523231,28.790982151136642],[80.7947840263549,28.790641742304757],[80.79496078367322,28.79047275838851],[80.79509327371241,28.790360102566034],[80.79555370190398,28.79009903232021],[80.79584006362664,28.78987603418837],[80.79597361760261,28.789704798559715],[80.7959796258889,28.789418152261568],[80.79602564505343,28.789303119432248],[80.79618202153961,28.789077680477224],[80.79635877894408,28.788908696231985],[80.796490892139,28.78881410763574],[80.79662162976446,28.788778161625846],[80.79681876880204,28.788665632525984],[80.79721098086479,28.788557919345607],[80.79749346334704,28.78852447623959],[80.79802411058395,28.788017460951103],[80.79822512872214,28.78773344285816],[80.7984907968655,28.78744948903399],[80.79860396944414,28.787221673896347],[80.7986534939679,28.786937465856166],[80.7987923039716,28.78651784540688],[80.79901476764122,28.786254146509222],[80.79914688223923,28.78614149073731],[80.7995390949159,28.786033777313804],[80.8001867740506,28.78613850604759],[80.8005092680866,28.786258608160182],[80.80122122082966,28.786386032001996],[80.8016126190441,28.78631658009674],[80.8018962283963,28.786224556938073],[80.8022908179829,28.786001623136332],[80.80242330790195,28.78588902964154],[80.8026471488875,28.785548620500915],[80.8026749151798,28.785262037021372],[80.80257369660984,28.784916621537352],[80.80255681970047,28.78468636667216],[80.80272402162329,28.783962218979187],[80.80287977197256,28.783772853977883],[80.80307828756044,28.783603869805493],[80.80340541212325,28.783493717562223],[80.80384045255256,28.78340632357586],[80.80403859316965,28.78325546995411],[80.80482220368954,28.78307830454486],[80.8052119125576,28.783083374845035],[80.80560437569368,28.78295765647675],[80.80573611450139,28.78288326178575],[80.8058626661087,28.782684893396787]]]}},{"type":"Feature","properties":{"province":"Sudurpashchim Province","district":"Kailali","municipality":"Gauriganga Municipality","ward":"2","wardNumber":2,"sourceMunicipality":"Gauriganga","sourceType":"Nagarpalika"},"geometry":{"type":"Polygon","coordinates":[[[80.72622500274268,28.795402323363792],[80.72641933353074,28.79505509945808],[80.7268172509,28.794141900023092],[80.72688490811132,28.793857693124604],[80.727039974476,28.793458578474056],[80.72713083011621,28.79300063336727],[80.72721986805341,28.792754812358865],[80.72735173541344,28.792524872414198],[80.72761127183276,28.792471235539587],[80.7278049059261,28.792530318463815],[80.72825588337854,28.79274332537811],[80.72877270067256,28.79287987370155],[80.72911801859468,28.792862436629093],[80.72924850648128,28.792788229282305],[80.72944508442984,28.792560665734257],[80.72951148784392,28.792389304147083],[80.7295598914416,28.79187477917697],[80.72960535108574,28.79164702556488],[80.72975822480397,28.79145772252774],[80.73026574992346,28.790373225243513],[80.73044082037073,28.790145661092264],[80.73072437126743,28.78986189533383],[80.73087937466732,28.789462718397502],[80.73090382750998,28.789176196947988],[80.73078223549005,28.788374772689615],[80.73061512029341,28.78785993136162],[80.73029694959241,28.787304076009764],[80.73025543714272,28.787132525341114],[80.73025719140331,28.78696103764572],[80.73032484753834,28.786674517290077],[80.7305680754351,28.7861040410176],[80.73055051480786,28.785704611189267],[80.73038133287514,28.785340939640594],[80.73006059311766,28.785071730496288],[80.72991116536238,28.78489992821487],[80.729848645417,28.784689928621404],[80.72995825315826,28.78451862969759],[80.73013250915974,28.784367776181707],[80.73052316058937,28.78414059056252],[80.73082696679349,28.78391552914695],[80.73097996670765,28.783687902587683],[80.73100498400962,28.78328847353522],[80.73066511773384,28.78271461232768],[80.73066724765889,28.782486670859075],[80.73081987209399,28.782297429896605],[80.73134013693792,28.781977969182957],[80.73146987337262,28.781942148736647],[80.73198731897655,28.781927340069952],[80.73315050495421,28.782015383471414],[80.73340960282177,28.781979814693194],[80.73373303719792,28.78198269564422],[80.73427343184642,28.781796462536445],[80.73468515347312,28.781553522534015],[80.73492475007374,28.78126963068787],[80.73558365022419,28.77990555382539],[80.73560891795174,28.77950618650603],[80.73565362557137,28.779334762426604],[80.73565669560158,28.778991724511194],[80.73555103587606,28.778743275168452],[80.73525124050025,28.778512515205023],[80.73490730078377,28.778394475289492],[80.73456298556562,28.778335139536427],[80.7339588811163,28.77840615153416],[80.73335308591494,28.778648712711767],[80.73249069839966,28.778678645499493],[80.73223147527636,28.778732282575117],[80.73162793559466,28.778726583972368],[80.73119739926385,28.778666997126898],[80.7308538981404,28.778510633385256],[80.72982521338841,28.77779772078693],[80.72931008653283,28.7775642688525],[80.72903029506355,28.777523065605873],[80.72877113337648,28.777578952356333],[80.72835972398697,28.77780382473212],[80.72801453142323,28.777836953646393],[80.72767096798198,28.777682840871368],[80.72749971906681,28.777529043091025],[80.72739449782208,28.77724220721968],[80.72739763098495,28.776899106630406],[80.72748504174945,28.776766194534023],[80.72800480431904,28.776505501409943],[80.72815742843315,28.77629813009158],[80.72828804292082,28.776185599439014],[80.72850400040006,28.776111518623214],[80.72859103498664,28.776016929851483],[80.72872265210722,28.77576892167494],[80.72898225213278,28.77567696146392],[80.72930737751997,28.775490286404764],[80.72950145101518,28.775472596564455],[80.72976073772467,28.77539864208552],[80.73008536205936,28.775268421060805],[80.73023704593113,28.775173895691506],[80.73034590254582,28.77506130229766],[80.73036878915948,28.77488981463739],[80.7303268384687,28.77475658766638],[80.73022017573385,28.7746413023515],[80.72996239282531,28.774543769306526],[80.72944394511953,28.774673611911318],[80.72866464506255,28.77504670872424],[80.72831895053093,28.775118224104173],[80.72788929254158,28.77496386009957],[80.72763282570938,28.774733163089028],[80.72699278720536,28.773964616042207],[80.72690838445779,28.77379287662962],[80.72690932479395,28.77367778059484],[80.72693171022472,28.77356499732085],[80.7270847100008,28.773337370977487],[80.72734562550468,28.77311218370999],[80.72775972871699,28.772600790937016],[80.72795731135676,28.772203989606574],[80.72791623751284,28.77197598461281],[80.72787384814221,28.771899149646313],[80.72772360611272,28.771801805655436],[80.72703528833352,28.77164474926513],[80.72677700398903,28.771621612952995],[80.72641168181826,28.771485442914464],[80.72619754136966,28.77133158117744],[80.72606962176096,28.7711598417518],[80.72602767124313,28.771044619644904],[80.72602936288047,28.770873132392907],[80.72611652269693,28.770740157115874],[80.72629040464312,28.770589302838847],[80.72661521754927,28.770420695904765],[80.72698185508034,28.770405634803197],[80.7270683888202,28.77036968809891],[80.72722138803506,28.770142061234868],[80.72739533191967,28.769973201903486],[80.72765499476888,28.76984060549191],[80.72784950686741,28.769786780133764],[80.72819294508281,28.769961211002013],[80.72827772365302,28.770112632206203],[80.72829822943498,28.770245796508053],[80.72849004645879,28.77047636707568],[80.72861890602063,28.770535323409927],[80.72900655134977,28.770576717022045],[80.72939463461617,28.770561656461787],[80.72991302045529,28.770431814059673],[80.73012985492366,28.770283336507944],[80.73019575704035,28.770168366290513],[80.73021864404167,28.769996878536016],[80.73013467963884,28.76976874830091],[80.7300494625676,28.769653525026456],[80.72972884823683,28.769345930309346],[80.72932339191922,28.76888703910679],[80.72897901395075,28.768825390423373],[80.7287211058381,28.76876618158511],[80.72846244584957,28.768763426734168],[80.72794544037205,28.768701463125097],[80.72775230555801,28.768642380406455],[80.72757967814101,28.76864206536976],[80.72740799092814,28.768544658952315],[80.72680620518484,28.768387728527347],[80.72663445461185,28.768308390455275],[80.72620410691984,28.768210479474234],[80.7256893569526,28.767920573836534],[80.72553949025259,28.76780522563079],[80.72537349387952,28.767622106751517],[80.7251581742404,28.767077756744722],[80.72511847912155,28.76669633172405],[80.72524915633592,28.766545351742497],[80.72570420797156,28.76628447029927],[80.72583394499101,28.766246398571166],[80.72622121490433,28.7663081103625],[80.7264352291629,28.76648003840909],[80.726583341178,28.76678725566511],[80.7266868705418,28.767243328849926],[80.72681385055512,28.767512159593988],[80.72700704715666,28.767589247283667],[80.72728846744036,28.767476969250055],[80.72744065262401,28.767307984592957],[80.7278563859555,28.7666273538961],[80.72796787318826,28.76622811417806],[80.7280366583092,28.765772293483497],[80.72812494600839,28.76554460361758],[80.7282771319685,28.765375681802198],[80.72840693216664,28.765319479547692],[80.72886004064883,28.76528428882277],[80.72957105709243,28.765328625833817],[80.7301518357683,28.76544935742962],[80.73041049500152,28.76545211216212],[80.73124868072004,28.765706574963662],[80.73144262835622,28.765727271127037],[80.73176693985384,28.765615055994576],[80.73215546213082,28.76554360358331],[80.73239367960532,28.765431199781183],[80.73280590353265,28.76511148714227],[80.73284960836497,28.765034903376673],[80.73326264728487,28.76464079412162],[80.7334579739347,28.764490003313856],[80.73358783606952,28.764433800939916],[80.73384643321,28.764454623720603],[80.73416804972672,28.76464712247773],[80.73442589519931,28.764726587849907],[80.73468424165281,28.764747472455994],[80.7348786913929,28.764691396991285],[80.73513866716023,28.764560987626954],[80.7354639182881,28.764335926604076],[80.73565792949552,28.764318236855072],[80.73578722781919,28.764338807363686],[80.7359799859541,28.764454281773094],[80.73623645174875,28.76470529741776],[80.73642958470296,28.764820771281556],[80.73658032883107,28.76484134242194],[80.73668868291537,28.76476713449143],[80.73677653202877,28.764595773002455],[80.73660572232897,28.764403589333472],[80.73624171571818,28.764134317734904],[80.73607090439013,28.763960263869212],[80.7357083400833,28.76350143647167],[80.73558161106118,28.763214537349366],[80.7355843050847,28.762927953696746],[80.73584597216738,28.76258767022328],[80.73602142029121,28.762247260943987],[80.73628189754679,28.762022074428813],[80.73660696070766,28.76185346760245],[80.73673770162505,28.761684482395452],[80.73676046223446,28.761551380853078],[80.73665392568182,28.761397709062944],[80.73628985566818,28.761146504771254],[80.73590490530546,28.760818465392987],[80.73573503514139,28.760531565796803],[80.73569346024571,28.76035995270815],[80.73569703246046,28.75996052364802],[80.73580864587942,28.759504953997652],[80.73581127711394,28.75922049541045],[80.73574875804533,28.758990240172903],[80.73564228397638,28.7588185001744],[80.73542164299907,28.75859455610868],[80.73539700966103,28.75856979834397],[80.73534430579564,28.758407188011255],[80.73499780260018,28.758313967561],[80.7342407050352,28.758317018880025],[80.7341323528045,28.75824005686247],[80.73402331602787,28.75806831784543],[80.73402070236665,28.757438695465062],[80.73418847565748,28.75629486306046],[80.73418735494353,28.75606692127087],[80.73403480302076,28.75578002203431],[80.73392526879248,28.755438983049206],[80.73409590589944,28.75492252154769],[80.73437508413076,28.7544063121267],[80.73448175546355,28.754119918228586],[80.73448069711019,28.75389197606127],[80.73435027652069,28.753702106081402],[80.7339812055432,28.75341707868631],[80.73354854434007,28.753362118373715],[80.733353472741,28.75328490565624],[80.73322311302628,28.753189875947598],[80.73307118430938,28.753020323747116],[80.73300535025028,28.752848709781972],[80.7330041054826,28.752562063498427],[80.73326189869856,28.752142819715612],[80.733369441632,28.7520279752059],[80.73356395301863,28.751949330280073],[80.73395341116743,28.752006540617757],[80.73427877979243,28.75221479429153],[80.73440863972759,28.75225336950907],[80.73466830060613,28.75225162341312],[80.73496967023752,28.75194528816438],[80.73524915822912,28.751544237440783],[80.73533475572346,28.75137281365596],[80.7353341344028,28.75121933109516],[80.73531200258844,28.751124490411733],[80.73507354144301,28.75097287948776],[80.73429356605676,28.750671217041624],[80.73351396498992,28.750464269275227],[80.73284190590243,28.75012228343682],[80.73247252571898,28.74972428592562],[80.73236317784108,28.74943744977437],[80.73236211897382,28.749209508636717],[80.73242608589814,28.748979442110034],[80.73285638253,28.748463484631355],[80.73300607091483,28.74812076137723],[80.73319952427293,28.74783455603879],[80.73337090827931,28.747489644672086],[80.73326230784815,28.747317843048766],[80.73326143685729,28.747146354896056],[80.73321785942117,28.747033383700632],[80.73304367414161,28.746805127058305],[80.73282572534643,28.746405255988066],[80.73288863332,28.745947247751747],[80.7328661281835,28.74575537893777],[80.73219270112959,28.745072542995235],[80.7315856670589,28.744750877145414],[80.73149838675414,28.744599456650846],[80.73158448436993,28.744464230541507],[80.73205891849037,28.74419659668837],[80.73244613366596,28.74385212700319],[80.7325314190453,28.74368076577585],[80.73250885282486,28.74347082904767],[80.73242157315826,28.743319470464062],[80.73218286102082,28.743147478659424],[80.73183629703033,28.742995616624178],[80.7313175402585,28.742940404856498],[80.73114497502323,28.742960345519023],[80.73097259592792,28.74303673990701],[80.7306277105931,28.743343012024017],[80.73036879810421,28.743439598537293],[80.73004542080625,28.743727740341185],[80.7297211737144,28.743727110337886],[80.72963451692677,28.74369084849723],[80.72956911899905,28.74359588188572],[80.72988894795698,28.742565209589447],[80.72997000156029,28.741421188427346],[80.7301189405495,28.74101976107765],[80.73031170685621,28.740733554499045],[80.73043932334986,28.740390768688275],[80.73071818649613,28.73998959289411],[80.73095390632098,28.739685445074077],[80.73078109233606,28.739664748897795],[80.73060846359121,28.73970500792947],[80.73034986436751,28.739819600363635],[80.73022093849829,28.73993444438719],[80.72996265148696,28.740067104540856],[80.72970305426358,28.74005078292472],[80.72920518361683,28.73984215110163],[80.72877370608572,28.739976746793214],[80.72830039572928,28.74032102772841],[80.7277822592798,28.740532143416342],[80.7274366906043,28.74059015544933],[80.72709068565514,28.740591712977476],[80.7266577739785,28.740536689673903],[80.72613783264275,28.740328057815976],[80.72503261528303,28.739818016724673],[80.72477252072329,28.7396459618938],[80.72459914303533,28.739609511122065],[80.72449122736711,28.739629578042038],[80.72392833233017,28.739459206286348],[80.72375632346544,28.739745474983245],[80.72347826831923,28.740433172134026],[80.72339341631827,28.740814407451357],[80.7233076301437,28.740967700902125],[80.7233081278166,28.741121184188],[80.72294621485992,28.742417995692442],[80.72236747274896,28.743640032356016],[80.72230394295163,28.74394468327394],[80.72208997712345,28.744481273948683],[80.72202613434831,28.74478573756242],[80.72200618107712,28.745167224301525],[80.72179227771917,28.745701502310233],[80.72160118854939,28.746540682314905],[80.72115249360903,28.747839680843693],[80.72089731522509,28.748832155701695],[80.7208038981063,28.749190821803907],[80.72089912071739,28.749231584982475],[80.72107199798026,28.74923196245784],[80.72120235756434,28.749326993157325],[80.72139848631748,28.74970654435566],[80.72148638778373,28.75001138549893],[80.72161705758619,28.750239579576235],[80.72168357466897,28.750621129241146],[80.72183699832239,28.751077265424346],[80.72203306540533,28.751382357663488],[80.72235899437007,28.751723776084386],[80.72275087904228,28.75231364187002],[80.72283884213074,28.752695192787886],[80.72292618450277,28.752846551415136],[80.72305741333167,28.753228227177647],[80.72312548598258,28.753991139932076],[80.72319150684037,28.754219207913913],[80.72323807105256,28.75498211936392],[80.72315284564613,28.755286582109836],[80.723176718899,28.75582148976496],[80.72328594316096,28.75604968295409],[80.72337378200729,28.7563545235695],[80.72354815438767,28.75665730227931],[80.72363611732686,28.757038852879017],[80.72378941704697,28.75742053044435],[80.723617285006,28.757630088499873],[80.72361821801135,28.757896354136093],[80.72370531106858,28.758011639707046],[80.72426939121122,28.758371628408945],[80.72442119549606,28.75848472709575],[80.72448009007938,28.758595447558147],[80.72432389410075,28.75921125082212],[80.72432113728506,28.75951590280347],[80.72442548065173,28.759897515660754],[80.72444504654595,28.76012545795624],[80.72463279029681,28.760811912343616],[80.7246292186629,28.761193273322984],[80.7247476762055,28.762412195083762],[80.72508134025463,28.763631494864065],[80.7254006383324,28.764072254112317],[80.7256356591619,28.764323206951676],[80.72591394710366,28.764533647868774],[80.72627701415178,28.764900010990157],[80.72625431561484,28.76501279304079],[80.72610256926794,28.7651253244045],[80.72575643557867,28.765275799805867],[80.72543124629524,28.765482855974216],[80.72465200849955,28.765835509628825],[80.72447931796397,28.76587351806941],[80.7239614977301,28.765924399576146],[80.72353146266735,28.76582648919498],[80.72335977475977,28.76572908254613],[80.72297256820691,28.765649303406928],[80.72284138988094,28.765856674690518],[80.72270933419372,28.766161074206995],[80.72259822167803,28.76653993334988],[80.72259107914032,28.767302719753804],[80.72252585970777,28.767632001981344],[80.72232734301554,28.767888949210267],[80.72206454767249,28.7683442662202],[80.72180319288964,28.768625844759292],[80.72158416519534,28.76900451484405],[80.72114867990655,28.76949558980613],[80.72064484602859,28.770406285686892],[80.72031470718117,28.77116387738787],[80.72018484431318,28.771220017310593],[80.71997083013964,28.7710277701421],[80.71988511133029,28.77098919507199],[80.71971298455621,28.770948242564494],[80.71945432476761,28.770945487232602],[80.71910894381354,28.771019316623494],[80.71850176979666,28.771412922352532],[80.7183050018522,28.771714882552093],[80.71826041966774,28.771868239117776],[80.71812886554812,28.772095929193533],[80.71804158135775,28.772170199157394],[80.71786601003062,28.77245646809019],[80.7178214276322,28.7726075741687],[80.71764547947174,28.772911847458275],[80.71731866248443,28.7732339368293],[80.71631350990458,28.774445964005192],[80.7159974461781,28.774806377149602],[80.71589853186428,28.77491897077302],[80.71574434317941,28.775223370593366],[80.71556958480564,28.775432866874866],[80.71528653582195,28.77567818364433],[80.71500217248285,28.776038659781488],[80.71493526724103,28.776266538675863],[80.71480252369247,28.77657093749566],[80.71473699781757,28.776645270690743],[80.71455967162925,28.777102964533626],[80.71442473490168,28.77763530604578],[80.7144337310429,28.777978344582248],[80.7145509636676,28.77796052880496],[80.71500400873886,28.777963724139184],[80.71545793053853,28.777890210129364],[80.71591141485328,28.777875400110076],[80.71604077550822,28.777875651929634],[80.71664400016027,28.77799425876625],[80.71780925080539,28.777985399300825],[80.71806740857933,28.778080744063473],[80.71815300192699,28.7781576433514],[80.7182377187924,28.77831125144812],[80.71825446548999,28.778769449100214],[80.71812115773884,28.77915055890434],[80.7179027574442,28.77941413208162],[80.71748903220349,28.779774355877652],[80.7171388288659,28.780229483964707],[80.71704621882024,28.780838599132164],[80.71701863401582,28.781447901736925],[80.71703619483658,28.781829326608218],[80.71711784142866,28.782287586760635],[80.71769034922302,28.783284013306766],[80.71781664025842,28.78358897926473],[80.71810641225103,28.78481271778265],[80.71823351767063,28.785043162103683],[80.71831710638726,28.785291611393742],[80.71850886062123,28.785558317107053],[80.7186377212473,28.785617211525125],[80.71967361018913,28.78562391754821],[80.72012715668144,28.785590977267354],[80.72051555278944,28.785612114449506],[80.72064447532975,28.785650690230604],[80.72122731961672,28.78563613267466],[80.7215515678727,28.78558037134066],[80.7226520436394,28.78562777749281],[80.72327809249022,28.78561322078056],[80.72344946620485,28.785728695002877],[80.72385241661989,28.786417777956533],[80.72395726235361,28.786724931833728],[80.72412682021857,28.787029961629614],[80.7242741178723,28.78741163875999],[80.72422865910632,28.787641705349074],[80.7240304518707,28.788020500642197],[80.72380647582916,28.78882116898647],[80.72356569166651,28.789143384829813],[80.72334816811674,28.789312243270135],[80.72300260084701,28.789329555451424],[80.72265653182052,28.78940332153215],[80.7224175635948,28.789554049695067],[80.7221575256643,28.78966632865262],[80.7219400031311,28.789817119328564],[80.72187447709402,28.789893703287433],[80.7218298944177,28.790044809435134],[80.7218714071312,28.790198354363692],[80.72204184138302,28.790428862150918],[80.72268300817765,28.7910417391535],[80.72276772408655,28.791195410979114],[80.72283018102253,28.791425729015977],[80.72282773787805,28.791653671505955],[80.72273851084056,28.791958134105002],[80.72271192865796,28.792434273276097],[80.72270892068292,28.79273892503145],[80.72266396406175,28.792892281626052],[80.72251096481523,28.793099590187612],[80.72246606904379,28.793252884127085],[80.72248394325972,28.793634308566595],[80.72256790775636,28.793864752082307],[80.72284368999992,28.79432345390022],[80.72283980508726,28.79470481545664],[80.7230308715752,28.7950120962924],[80.72345814800056,28.79547111249551],[80.72356700338597,28.795358580501222],[80.72408695324835,28.795172221935914],[80.72512246617336,28.79523525629027],[80.72525145176076,28.795276146022346],[80.72583385754409,28.79531797917949],[80.72622500274268,28.795402323363792]]]}},{"type":"Feature","properties":{"province":"Sudurpashchim Province","district":"Kailali","municipality":"Gauriganga Municipality","ward":"1","wardNumber":1,"sourceMunicipality":"Gauriganga","sourceType":"Nagarpalika"},"geometry":{"type":"Polygon","coordinates":[[[80.79251331282218,28.811906001283468],[80.79248756218405,28.8114613708871],[80.79241498556313,28.810770729629624],[80.7922912582795,28.81046363846957],[80.79222804789558,28.810384489314803],[80.79198353414823,28.809616822306573],[80.79177627740043,28.809153871555193],[80.7908155756859,28.80739665437462],[80.79010915138694,28.805930963997795],[80.78983687086088,28.805467885868577],[80.7894777439394,28.805020499762456],[80.78825274335006,28.803869893378124],[80.78782115117289,28.80346526824551],[80.78741763153727,28.803132914450583],[80.78654306259168,28.802583115089885],[80.78590157767003,28.80226845066438],[80.78519425368513,28.802028119033576],[80.78455376898783,28.801693074076745],[80.7841705671313,28.80143743026063],[80.78391610122628,28.80122267590902],[80.78353471416541,28.80087225530398],[80.78313401016594,28.800427055569084],[80.78305098138689,28.800273446871014],[80.78263565264662,28.799500964429544],[80.782173491406,28.798899905824612],[80.78164336293058,28.79845226625128],[80.78045211847174,28.79763113286082],[80.77988022535276,28.797124663009438],[80.77952103552818,28.796754048915105],[80.77918429150569,28.796347237158738],[80.77876752361155,28.795653714150063],[80.77839859108467,28.79472787462415],[80.77815939388906,28.793806726294324],[80.77808462672515,28.79326944237205],[80.7780213117396,28.79219737780647],[80.77787315366895,28.791046225603502],[80.77780796168103,28.79005087025272],[80.77765317021134,28.789206620369907],[80.77744904113271,28.788666897040496],[80.77719989419515,28.78820381991293],[80.77690397602741,28.78791223001058],[80.77620322315396,28.787367183944376],[80.77611988261863,28.78723164292141],[80.77606055215553,28.78698106915246],[80.77607194253405,28.786446224300906],[80.77621444602458,28.785834859798197],[80.77624759383859,28.785300078831536],[80.7764214933905,28.78423064330776],[80.7764142115137,28.78254708772397],[80.77660135841141,28.781861389390446],[80.77679707770429,28.78079195384234],[80.77680840532678,28.780257234928683],[80.77673369983259,28.779719888782896],[80.77659246859442,28.77925931426522],[80.77636307779044,28.778873009596044],[80.77598212852304,28.778522588544035],[80.77514700765056,28.778223300831772],[80.77488941274366,28.778161966577194],[80.77430625485381,28.778172273070677],[80.77398113149054,28.77824397629707],[80.77320252460858,28.778326176026287],[80.77210167209142,28.77832884655764],[80.7714563692476,28.778223931619948],[80.77049051040595,28.77797859442467],[80.76945893889797,28.777773768303085],[80.76913556749416,28.7777686367729],[80.76855140971016,28.777817329582064],[80.76764469387933,28.77778418098932],[80.76732276252709,28.777682083603487],[80.7670027081958,28.777487459361065],[80.76648926945568,28.777249568752747],[80.76508244607086,28.776328652447653],[80.76469736717067,28.776149718619454],[80.76380066500923,28.77564036790683],[80.76296998901739,28.77507250116093],[80.76220596498395,28.77440992018177],[80.76193199343236,28.774079944314344],[80.76161406723371,28.773788291503966],[80.76125506505957,28.773381416829974],[80.76100397825225,28.772995112255852],[80.76098728892713,28.77276485705429],[80.76103330961415,28.77261150020444],[80.76141640674655,28.771851658364383],[80.76178381552377,28.770787102156746],[80.76187347721539,28.77063374586287],[80.76201397917951,28.770101404472484],[80.76195266774864,28.768875919248988],[80.7617911803118,28.76833625929387],[80.76149801658083,28.767893374583643],[80.7613069479798,28.767717070501998],[80.76092800253785,28.76725148981117],[80.76041932018285,28.766785658497763],[80.76020643060134,28.766629609332035],[80.75951986467997,28.76640722140992],[80.7588751248791,28.766245851078278],[80.75842251825699,28.766199893017415],[80.75563715866545,28.766156587064067],[80.75538787783115,28.766111007234613],[80.75517249389496,28.765652494874665],[80.75515718133278,28.76534553003629],[80.75533944643922,28.764889961390747],[80.7553658992083,28.764659832318653],[80.75532146481804,28.76366453922268],[80.75524150333561,28.763357448291902],[80.75507657413915,28.762971269720055],[80.75478553786544,28.76243135694703],[80.75434594859466,28.761755777751645],[80.75412281624854,28.761062570674547],[80.75391468269662,28.760676266575842],[80.75375294483153,28.76013885737436],[80.7537162497842,28.759831891860156],[80.75372882983925,28.759220337841278],[80.75377672742243,28.75899020847392],[80.75376441698201,28.758629102433424],[80.7537370327595,28.758595217277986],[80.75353652468222,28.758342076764812],[80.75365570092433,28.758046680175145],[80.7541510893115,28.757305095546283],[80.75430279080952,28.756350755640092],[80.75498051041178,28.754988866593834],[80.75519110842794,28.754005332337872],[80.7553995704992,28.753590463970053],[80.7557772199894,28.753211983842423],[80.75613673526703,28.752950850485355],[80.75721571149039,28.752591699317968],[80.75913384014736,28.75094543416932],[80.75961840824876,28.750418161672332],[80.76065196562931,28.748208342912694],[80.76066072652634,28.74786080371589],[80.76005208994691,28.74636573084993],[80.75884637034073,28.744059473970744],[80.75875838209308,28.741807062742872],[80.75890025896423,28.74122958317076],[80.75907070479131,28.740880108521335],[80.75908578504819,28.740291060995144],[80.75880827683815,28.738598060860884],[80.75838394152234,28.738017258814686],[80.75790820818311,28.737637265187875],[80.75722233088906,28.737338166544607],[80.75678491773773,28.737267451908618],[80.75578897966736,28.7373491478465],[80.75436256693644,28.737398452991947],[80.75288300655642,28.737603426690566],[80.75190870248875,28.737610663661417],[80.75132060829964,28.737510312920463],[80.74983768903851,28.736835029912292],[80.74972502698739,28.73656857447524],[80.74969152929485,28.73585086372828],[80.74981527610339,28.73522368186222],[80.75005743638387,28.734867581278856],[80.75088250940098,28.73422590586387],[80.750978674445,28.734025224133543],[80.7510182565746,28.733788342456123],[80.75001893123465,28.73126790058824],[80.74980568279467,28.73031068013225],[80.74946341153662,28.728084834492385],[80.74884976027741,28.72720131611817],[80.74850845207098,28.726862149375524],[80.74819866351979,28.726049155618778],[80.74813915738375,28.725243355966516],[80.74829922317655,28.724966090213652],[80.74873652287391,28.724490707975352],[80.75042424468225,28.723220986600275],[80.75076350558102,28.722792804267737],[80.75140495918512,28.721536945586298],[80.7516617505893,28.721192161305616],[80.75238498908207,28.719713052151146],[80.7524622838406,28.71896389544674],[80.75243491084949,28.718350027631377],[80.75222498103109,28.717119664195753],[80.75216296186274,28.716916478719668],[80.7519680260533,28.716275162883335],[80.75206914344574,28.715462926196846],[80.75236595116213,28.714996294087797],[80.75286864820589,28.71459774781258],[80.75310961645484,28.71446958931767],[80.75330944357437,28.714399946843603],[80.75320634476104,28.714277909256012],[80.75314958048203,28.71392124095076],[80.7528547925612,28.713399334093314],[80.75271018400132,28.712952263283487],[80.75272038235542,28.712595720927165],[80.75292890897772,28.712083824739743],[80.75340178967843,28.71129478836866],[80.75357086776731,28.710561638004613],[80.75371342591245,28.71036108198344],[80.75425838606405,28.710077694920518],[80.75426439225497,28.709865507218513],[80.75401961934838,28.709560476842775],[80.75382023167734,28.709557910830963],[80.75311195818904,28.70990862745052],[80.752903751328,28.710113621627926],[80.75274800573617,28.710090737668025],[80.75289002092464,28.70888813701637],[80.75268995329466,28.708510898365507],[80.75210698754981,28.70832477285537],[80.7518261980908,28.708141464108255],[80.75167270739114,28.707940340642622],[80.75165457833664,28.707780043662606],[80.75177365105345,28.70639914106083],[80.75224903285991,28.705605602715337],[80.75226373568454,28.70508882685713],[80.7521203748231,28.704819995502596],[80.75182627037657,28.70454641122007],[80.75169485938692,28.703844328073984],[80.75163227560637,28.70376749189128],[80.7513864345174,28.70368127574446],[80.75111089847158,28.70344832812552],[80.75066948145535,28.703485832193827],[80.75024951204082,28.70343768652476],[80.7491798027792,28.70318747144055],[80.74822613616108,28.702962328293818],[80.74788100714338,28.702911996170698],[80.7475234289492,28.703254402716247],[80.74694826625576,28.703720467826972],[80.74682239990472,28.7040294316834],[80.74678781321502,28.70459128295668],[80.74707316137327,28.705029666446244],[80.74715712637231,28.70524416755969],[80.74708277671903,28.705681857747702],[80.7469817342741,28.705927678152474],[80.74681891833656,28.70615530434873],[80.7468109098527,28.706439637963946],[80.74657244270435,28.706585864853214],[80.74646383788445,28.706651131750753],[80.74633659832953,28.706863004856988],[80.74564652220545,28.707076118738545],[80.74495688173901,28.707381760412066],[80.74478450226573,28.70749654115862],[80.74435333640749,28.707669522803773],[80.74400820539576,28.70774785300651],[80.74383539052667,28.707747537414093],[80.74331669792852,28.707615678059067],[80.74292799071623,28.70757653591033],[80.74258217408173,28.707539769551193],[80.74146055961901,28.707808455779457],[80.74128780707768,28.70781039143295],[80.74053264554495,28.707944355753014],[80.74042516452796,28.708059200148302],[80.74042622311408,28.708289455652885],[80.74086031277312,28.70886131742561],[80.74131528768685,28.709261567008493],[80.7417699533001,28.709549033226434],[80.7418355985006,28.709777100953875],[80.74170723144138,28.710083751632524],[80.74153516273157,28.7102753047408],[80.74112619075623,28.710561132438322],[80.74060936584705,28.710849020580365],[80.74035113830243,28.711099027444927],[80.74022190023847,28.71121387195135],[80.74007158948926,28.71144374899806],[80.73985762477693,28.711903756133374],[80.73985837017572,28.71213394801714],[80.73992463762784,28.712515435955492],[80.74020804256932,28.71320432948947],[80.74049032932582,28.71356593990553],[80.74062068647075,28.713794133835805],[80.74092473084887,28.714158058238787],[80.74092535240909,28.714311477753515],[80.7408612627968,28.7144829022922],[80.74075340744625,28.714597809650158],[80.74014955271097,28.714734277453587],[80.73997692412162,28.71479266635151],[80.73973976977209,28.714925327120785],[80.73939600648563,28.715348945673327],[80.73907462187842,28.716036642481875],[80.73890286562082,28.716266519019147],[80.73864382920577,28.716324719761477],[80.73847089097754,28.71624988259318],[80.73803885394624,28.716251314294443],[80.73769390885147,28.716365779196856],[80.73739229241433,28.71655926920315],[80.73722022273122,28.71678920881881],[80.73722084509357,28.71691549536702],[80.73722109516116,28.716942566414904],[80.73733031899825,28.71717069709569],[80.73752563867764,28.71736069352437],[80.73774259168191,28.717512303414576],[80.7377859192699,28.71758682600573],[80.73780948440482,28.717891603627372],[80.73772438548743,28.71813967465603],[80.73761690524428,28.718254519556947],[80.73686348794338,28.718675067971656],[80.7367560083489,28.71878997524531],[80.73662776817257,28.719019915395158],[80.73613444576192,28.719592200804833],[80.73600583065107,28.719822141082133],[80.73596356156314,28.719973247604155],[80.73600788628114,28.720165179540547],[80.73620308201545,28.720296470472082],[80.73665718756199,28.7204282037625],[80.73704627123217,28.720465095539037],[80.73719751477779,28.72050373471656],[80.73728442146906,28.720560314560256],[80.7378918263673,28.721073787363697],[80.73793596481882,28.721225082583207],[80.73791539145954,28.7213785017875],[80.73787262425135,28.721473216658563],[80.73767923553369,28.721644326124263],[80.7375071063996,28.721741039683078],[80.73724831923528,28.721837563956203],[80.73681696821777,28.72193377235243],[80.73604067164737,28.722164765432094],[80.73576037629536,28.722261227450915],[80.73558831035871,28.722355689614737],[80.73518033493418,28.72283332278861],[80.73475191120689,28.723426052230355],[80.73455958183163,28.723807035804825],[80.73456089037754,28.72403497837069],[80.73464773348488,28.724129882129954],[80.73482142057316,28.724281492108513],[80.73525451625228,28.724510253194236],[80.73551405083533,28.724528825223143],[80.7357084979613,28.724583344426517],[80.73616335208267,28.724812168135685],[80.73635811195537,28.724848681643838],[80.73679077154331,28.725000733217907],[80.73692106791867,28.725113831003593],[80.7371612116732,28.72557015604953],[80.73711894275759,28.725723513120844],[80.73694718663782,28.725933071737145],[80.73671034456895,28.72606798232534],[80.7361930216906,28.726240774741004],[80.7358706439695,28.726547047171312],[80.73554789403578,28.726738285436422],[80.73541934234899,28.726927588829465],[80.7356159087767,28.727309391471653],[80.73600667228011,28.72768925906832],[80.73639880765673,28.728297130313905],[80.73672679235406,28.728981523629283],[80.73668489716944,28.729211653182205],[80.73651314092947,28.729421211700245],[80.73636251928261,28.729515675057996],[80.73575922529997,28.729765050511055],[80.73528385880032,28.729786611935847],[80.73508897577467,28.729653132934725],[80.73500138381365,28.72948145557268],[80.73497794377977,28.7291383547661],[80.73504134877017,28.72885414746468],[80.73512663401839,28.728680535812003],[80.73514565038684,28.72822471504562],[80.73510132499818,28.728035034062447],[80.73484148005379,28.727901428127833],[80.73449585047362,28.727902985473232],[80.73397784156514,28.72796061964413],[80.73328658208497,28.727943478085468],[80.7325957587122,28.728003047603607],[80.73216372148374,28.72800447844496],[80.73129858906314,28.727759018261555],[80.73052067187373,28.727703302516108],[80.73026163673508,28.727761503271083],[80.73006774944281,28.72785815354334],[80.72991737741447,28.727972934038895],[80.72981052066825,28.728200687418756],[80.73007210952314,28.728657075207913],[80.73037627958045,28.728980362248397],[80.73050744843277,28.729246942049066],[80.73074634689468,28.729455068832753],[80.73126541423333,28.729607309122486],[80.73171852362367,28.729511101057852],[80.7321720702436,28.729489476594463],[80.73243042014784,28.729336497936302],[80.73268895613027,28.7292399737135],[80.732948179504,28.72924047826898],[80.73307822583095,28.729335508220746],[80.73305771563318,28.729486677296133],[80.73290809084992,28.729793327350464],[80.73258590043578,28.730117667008223],[80.73247866916024,28.730270960758073],[80.73239357003683,28.730498650583264],[80.73228808361397,28.730956595471127],[80.73228895651722,28.731107765332588],[80.73220385686994,28.73133783151159],[80.73212118688748,28.732023718691455],[80.73195098890169,28.732481474957353],[80.73173677693678,28.732785748106373],[80.73154438503157,28.733169045468337],[80.73150205311086,28.73332015090982],[80.73124550997494,28.733777781491092],[80.73120286571805,28.73393113765105],[80.73120510889726,28.7343124993359],[80.73114195490919,28.73459676950053],[80.73097088405729,28.73490335693521],[80.73060611290634,28.73536073488673],[80.7304992550693,28.735590738575183],[80.73052275758171,28.735913458181276],[80.73056646026488,28.735990293878658],[80.73076159312974,28.73615997173303],[80.73080523254372,28.736236744505597],[80.73126058586988,28.73652208532028],[80.73152086675307,28.736748218793572],[80.73169685909727,28.737281189499274],[80.73180608307374,28.737509321118875],[80.73211087574458,28.73796577154737],[80.73222034990353,28.738193902642074],[80.73241579434773,28.738404217579117],[80.73250307473691,28.73855557602602],[80.7327851763838,28.73876595438507],[80.73287226836679,28.738917374821852],[80.7329176523159,28.739298863158698],[80.73279022208928,28.739680034996326],[80.73261890182658,28.739984309226127],[80.73251192098618,28.740137602027673],[80.7322319998003,28.740308522661724],[80.73203748996401,28.740272071780353],[80.73175520052267,28.74004356307872],[80.73155956903088,28.73979717474081],[80.73138631832566,28.739702081865058],[80.73121319167745,28.739683698418308],[80.73095390632098,28.739685445074077],[80.73071818649613,28.73998959289411],[80.73043932334986,28.740390768688275],[80.73031170685621,28.740733554499045],[80.7301189405495,28.74101976107765],[80.72997000156029,28.741421188427346],[80.72988894795698,28.742565209589447],[80.72956911899905,28.74359588188572],[80.72963451692677,28.74369084849723],[80.7297211737144,28.743727110337886],[80.73004542080625,28.743727740341185],[80.73036879810421,28.743439598537293],[80.7306277105931,28.743343012024017],[80.73097259592792,28.74303673990701],[80.73114497502323,28.742960345519023],[80.7313175402585,28.742940404856498],[80.73183629703033,28.742995616624178],[80.73218286102082,28.743147478659424],[80.73242157315826,28.743319470464062],[80.73250885282486,28.74347082904767],[80.7325314190453,28.74368076577585],[80.73244613366596,28.74385212700319],[80.73205891849037,28.74419659668837],[80.73158448436993,28.744464230541507],[80.73149838675414,28.744599456650846],[80.7315856670589,28.744750877145414],[80.73219270112959,28.745072542995235],[80.7328661281835,28.74575537893777],[80.73288863332,28.745947247751747],[80.73282572534643,28.746405255988066],[80.73304367414161,28.746805127058305],[80.73321785942117,28.747033383700632],[80.73326143685729,28.747146354896056],[80.73326230784815,28.747317843048766],[80.73337090827931,28.747489644672086],[80.73319952427293,28.74783455603879],[80.73300607091483,28.74812076137723],[80.73285638253,28.748463484631355],[80.73242608589814,28.748979442110034],[80.73236211897382,28.749209508636717],[80.73236317784108,28.74943744977437],[80.73247252571898,28.74972428592562],[80.73284190590243,28.75012228343682],[80.73351396498992,28.750464269275227],[80.73429356605676,28.750671217041624],[80.73507354144301,28.75097287948776],[80.73531200258844,28.751124490411733],[80.7353341344028,28.75121933109516],[80.73533475572346,28.75137281365596],[80.73524915822912,28.751544237440783],[80.73496967023752,28.75194528816438],[80.73466830060613,28.75225162341312],[80.73440863972759,28.75225336950907],[80.73427877979243,28.75221479429153],[80.73395341116743,28.752006540617757],[80.73356395301863,28.751949330280073],[80.733369441632,28.7520279752059],[80.73326189869856,28.752142819715612],[80.7330041054826,28.752562063498427],[80.73300535025028,28.752848709781972],[80.73307118430938,28.753020323747116],[80.73322311302628,28.753189875947598],[80.733353472741,28.75328490565624],[80.73354854434007,28.753362118373715],[80.7339812055432,28.75341707868631],[80.73435027652069,28.753702106081402],[80.73448069711019,28.75389197606127],[80.73448175546355,28.754119918228586],[80.73437508413076,28.7544063121267],[80.73409590589944,28.75492252154769],[80.73392526879248,28.755438983049206],[80.73403480302076,28.75578002203431],[80.73418735494353,28.75606692127087],[80.73418847565748,28.75629486306046],[80.73402070236665,28.757438695465062],[80.73402331602787,28.75806831784543],[80.7341323528045,28.75824005686247],[80.7342407050352,28.758317018880025],[80.73499780260018,28.758313967561],[80.73534430579564,28.758407188011255],[80.73539700966103,28.75856979834397],[80.73542164299907,28.75859455610868],[80.73564228397638,28.7588185001744],[80.73574875804533,28.758990240172903],[80.73581127711394,28.75922049541045],[80.73580864587942,28.759504953997652],[80.73569703246046,28.75996052364802],[80.73569346024571,28.76035995270815],[80.73573503514139,28.760531565796803],[80.73590490530546,28.760818465392987],[80.73628985566818,28.761146504771254],[80.73665392568182,28.761397709062944],[80.73676046223446,28.761551380853078],[80.73673770162505,28.761684482395452],[80.73660696070766,28.76185346760245],[80.73628189754679,28.762022074428813],[80.73602142029121,28.762247260943987],[80.73584597216738,28.76258767022328],[80.7355843050847,28.762927953696746],[80.73558161106118,28.763214537349366],[80.7357083400833,28.76350143647167],[80.73607090439013,28.763960263869212],[80.73624171571818,28.764134317734904],[80.73660572232897,28.764403589333472],[80.73677653202877,28.764595773002455],[80.73668868291537,28.76476713449143],[80.73658032883107,28.76484134242194],[80.73642958470296,28.764820771281556],[80.73623645174875,28.76470529741776],[80.7359799859541,28.764454281773094],[80.73578722781919,28.764338807363686],[80.73565792949552,28.764318236855072],[80.7354639182881,28.764335926604076],[80.73513866716023,28.764560987626954],[80.7348786913929,28.764691396991285],[80.73468424165281,28.764747472455994],[80.73442589519931,28.764726587849907],[80.73416804972672,28.76464712247773],[80.73384643321,28.764454623720603],[80.73358783606952,28.764433800939916],[80.7334579739347,28.764490003313856],[80.73326264728487,28.76464079412162],[80.73284960836497,28.765034903376673],[80.73280590353265,28.76511148714227],[80.73239367960532,28.765431199781183],[80.73215546213082,28.76554360358331],[80.73176693985384,28.765615055994576],[80.73144262835622,28.765727271127037],[80.73124868072004,28.765706574963662],[80.73041049500152,28.76545211216212],[80.7301518357683,28.76544935742962],[80.72957105709243,28.765328625833817],[80.72886004064883,28.76528428882277],[80.72840693216664,28.765319479547692],[80.7282771319685,28.765375681802198],[80.72812494600839,28.76554460361758],[80.7280366583092,28.765772293483497],[80.72796787318826,28.76622811417806],[80.7278563859555,28.7666273538961],[80.72744065262401,28.767307984592957],[80.72728846744036,28.767476969250055],[80.72700704715666,28.767589247283667],[80.72681385055512,28.767512159593988],[80.7266868705418,28.767243328849926],[80.726583341178,28.76678725566511],[80.7264352291629,28.76648003840909],[80.72622121490433,28.7663081103625],[80.72583394499101,28.766246398571166],[80.72570420797156,28.76628447029927],[80.72524915633592,28.766545351742497],[80.72511847912155,28.76669633172405],[80.7251581742404,28.767077756744722],[80.72537349387952,28.767622106751517],[80.72553949025259,28.76780522563079],[80.7256893569526,28.767920573836534],[80.72620410691984,28.768210479474234],[80.72663445461185,28.768308390455275],[80.72680620518484,28.768387728527347],[80.72740799092814,28.768544658952315],[80.72757967814101,28.76864206536976],[80.72775230555801,28.768642380406455],[80.72794544037205,28.768701463125097],[80.72846244584957,28.768763426734168],[80.7287211058381,28.76876618158511],[80.72897901395075,28.768825390423373],[80.72932339191922,28.76888703910679],[80.72972884823683,28.769345930309346],[80.7300494625676,28.769653525026456],[80.73013467963884,28.76976874830091],[80.73021864404167,28.769996878536016],[80.73019575704035,28.770168366290513],[80.73012985492366,28.770283336507944],[80.72991302045529,28.770431814059673],[80.72939463461617,28.770561656461787],[80.72900655134977,28.770576717022045],[80.72861890602063,28.770535323409927],[80.72849004645879,28.77047636707568],[80.72829822943498,28.770245796508053],[80.72827772365302,28.770112632206203],[80.72819294508281,28.769961211002013],[80.72784950686741,28.769786780133764],[80.72765499476888,28.76984060549191],[80.72739533191967,28.769973201903486],[80.72722138803506,28.770142061234868],[80.7270683888202,28.77036968809891],[80.72698185508034,28.770405634803197],[80.72661521754927,28.770420695904765],[80.72629040464312,28.770589302838847],[80.72611652269693,28.770740157115874],[80.72602936288047,28.770873132392907],[80.72602767124313,28.771044619644904],[80.72606962176096,28.7711598417518],[80.72619754136966,28.77133158117744],[80.72641168181826,28.771485442914464],[80.72677700398903,28.771621612952995],[80.72703528833352,28.77164474926513],[80.72772360611272,28.771801805655436],[80.72787384814221,28.771899149646313],[80.72791623751284,28.77197598461281],[80.72795731135676,28.772203989606574],[80.72775972871699,28.772600790937016],[80.72734562550468,28.77311218370999],[80.7270847100008,28.773337370977487],[80.72693171022472,28.77356499732085],[80.72690932479395,28.77367778059484],[80.72690838445779,28.77379287662962],[80.72699278720536,28.773964616042207],[80.72763282570938,28.774733163089028],[80.72788929254158,28.77496386009957],[80.72831895053093,28.775118224104173],[80.72866464506255,28.77504670872424],[80.72944394511953,28.774673611911318],[80.72996239282531,28.774543769306526],[80.73022017573385,28.7746413023515],[80.7303268384687,28.77475658766638],[80.73036878915948,28.77488981463739],[80.73034590254582,28.77506130229766],[80.73023704593113,28.775173895691506],[80.73008536205936,28.775268421060805],[80.72976073772467,28.77539864208552],[80.72950145101518,28.775472596564455],[80.72930737751997,28.775490286404764],[80.72898225213278,28.77567696146392],[80.72872265210722,28.77576892167494],[80.72859103498664,28.776016929851483],[80.72850400040006,28.776111518623214],[80.72828804292082,28.776185599439014],[80.72815742843315,28.77629813009158],[80.72800480431904,28.776505501409943],[80.72748504174945,28.776766194534023],[80.72739763098495,28.776899106630406],[80.72739449782208,28.77724220721968],[80.72749971906681,28.777529043091025],[80.72767096798198,28.777682840871368],[80.72801453142323,28.777836953646393],[80.72835972398697,28.77780382473212],[80.72877113337648,28.777578952356333],[80.72903029506355,28.777523065605873],[80.72931008653283,28.7775642688525],[80.72982521338841,28.77779772078693],[80.7308538981404,28.778510633385256],[80.73119739926385,28.778666997126898],[80.73162793559466,28.778726583972368],[80.73223147527636,28.778732282575117],[80.73249069839966,28.778678645499493],[80.73335308591494,28.778648712711767],[80.7339588811163,28.77840615153416],[80.73456298556562,28.778335139536427],[80.73490730078377,28.778394475289492],[80.73525124050025,28.778512515205023],[80.73555103587606,28.778743275168452],[80.73565669560158,28.778991724511194],[80.73565362557137,28.779334762426604],[80.73560891795174,28.77950618650603],[80.73558365022419,28.77990555382539],[80.73492475007374,28.78126963068787],[80.73468515347312,28.781553522534015],[80.73427343184642,28.781796462536445],[80.73373303719792,28.78198269564422],[80.73340960282177,28.781979814693194],[80.73315050495421,28.782015383471414],[80.73198731897655,28.781927340069952],[80.73146987337262,28.781942148736647],[80.73134013693792,28.781977969182957],[80.73081987209399,28.782297429896605],[80.73066724765889,28.782486670859075],[80.73066511773384,28.78271461232768],[80.73100498400962,28.78328847353522],[80.73097996670765,28.783687902587683],[80.73082696679349,28.78391552914695],[80.73052316058937,28.78414059056252],[80.73013250915974,28.784367776181707],[80.72995825315826,28.78451862969759],[80.729848645417,28.784689928621404],[80.72991116536238,28.78489992821487],[80.73006059311766,28.785071730496288],[80.73038133287514,28.785340939640594],[80.73055051480786,28.785704611189267],[80.7305680754351,28.7861040410176],[80.73032484753834,28.786674517290077],[80.73025719140331,28.78696103764572],[80.73025543714272,28.787132525341114],[80.73029694959241,28.787304076009764],[80.73061512029341,28.78785993136162],[80.73078223549005,28.788374772689615],[80.73090382750998,28.789176196947988],[80.73087937466732,28.789462718397502],[80.73072437126743,28.78986189533383],[80.73044082037073,28.790145661092264],[80.73026574992346,28.790373225243513],[80.72975822480397,28.79145772252774],[80.72960535108574,28.79164702556488],[80.7295598914416,28.79187477917697],[80.72951148784392,28.792389304147083],[80.72944508442984,28.792560665734257],[80.72924850648128,28.792788229282305],[80.72911801859468,28.792862436629093],[80.72877270067256,28.79287987370155],[80.72825588337854,28.79274332537811],[80.7278049059261,28.792530318463815],[80.72761127183276,28.792471235539587],[80.72735173541344,28.792524872414198],[80.72721986805341,28.792754812358865],[80.72713083011621,28.79300063336727],[80.727039974476,28.793458578474056],[80.72688490811132,28.793857693124604],[80.7268172509,28.794141900023092],[80.72641933353074,28.79505509945808],[80.72622500274268,28.795402323363792],[80.72645564541578,28.79574123840952],[80.72649640597228,28.795971493555104],[80.72649083124777,28.796504087599647],[80.72661198455147,28.797343835402792],[80.72656095001491,28.79810649565527],[80.72640375314704,28.798715546459544],[80.72616171588497,28.799170926459684],[80.7257908185346,28.799531213623773],[80.72533470379985,28.799814664341238],[80.72515900604316,28.800116687579166],[80.7252022066948,28.800272421139557],[80.7256054719073,28.800882669420474],[80.72569919119113,28.801052095632667],[80.72601518703635,28.80096244850398],[80.7263390586992,28.800926943217085],[80.7271177309282,28.800761594835677],[80.72770076389666,28.800708588806557],[80.7283493224595,28.800599253930375],[80.72867400925857,28.800487101691086],[80.7292577930891,28.800395771061602],[80.72973403789553,28.800272492916154],[80.72990679144172,28.800227794761277],[80.73055560047159,28.800118522644265],[80.73107511161085,28.799970612792627],[80.73243625137658,28.799846910219586],[80.73321536117481,28.799643050366274],[80.73379908185258,28.799569725509333],[80.734448017185,28.799422066892962],[80.73516109970231,28.799333114873935],[80.73561464521252,28.799315991954515],[80.73632566018978,28.799437038745687],[80.7374255725065,28.79953846009597],[80.73820117382562,28.79969789455288],[80.73878238891977,28.799854761918105],[80.73910582286753,28.79987564798135],[80.73936529631207,28.799840079223056],[80.74001573423436,28.799559194353723],[80.74066811465754,28.799086503631607],[80.74079828984281,28.799030364662766],[80.74203677280043,28.798218020329074],[80.74255860150627,28.797821850290493],[80.74301459139534,28.797558655234496],[80.743341282618,28.797274951694686],[80.74366690937471,28.797049891637883],[80.74457575853555,28.796677046055766],[80.74548373084244,28.79641917256692],[80.74567780472458,28.79640148218015],[80.7463260519279,28.796235693707118],[80.74657089467382,28.796175180283342],[80.74662153959106,28.796161739266026],[80.7467658454888,28.79606496388927],[80.7470939099113,28.79588047708835],[80.74748305659605,28.79586547895701],[80.74774396893142,28.795793712076463],[80.74813311600053,28.795780901921837],[80.7493717136606,28.795435694473884],[80.74982588520442,28.795404880617927],[80.75002277401998,28.795292413185845],[80.75073860898948,28.79515156993135],[80.7511280688052,28.795118441683627],[80.75171379144034,28.795013420192415],[80.75258324919946,28.794739727983046],[80.75286310402826,28.794762802204385],[80.75311606796798,28.795052077768936],[80.75361054497452,28.796131714828476],[80.75381310877773,28.796748211387076],[80.75384486007754,28.797283118073626],[80.75424846672286,28.799585736521834],[80.75419199492345,28.800197227357256],[80.75421837905431,28.800271749535526],[80.75431415952376,28.800544956635886],[80.75473687262281,28.800972275217102],[80.754928754418,28.801089938177103],[80.75505742696633,28.801130827074065],[80.75563238584519,28.801504195429903],[80.75595369234271,28.801622109880466],[80.75623317179077,28.801665502181514],[80.75640435990452,28.801744840774468],[80.75653115511547,28.80186231465714],[80.75661443354795,28.80201598601911],[80.75686026326147,28.802632544891576],[80.75689883592123,28.802862863736806],[80.75669149537855,28.80347397681925],[80.75663383474667,28.804162239738652],[80.7565659311335,28.804313283552972],[80.75656267658464,28.804466828050067],[80.75649295820409,28.8046968316798],[80.756526462161,28.80515502895974],[80.75673228042747,28.805617980710682],[80.75758851276258,28.806991646088935],[80.75771142789976,28.80730105107169],[80.75791937357694,28.80768729301959],[80.75811874508251,28.80845495814895],[80.75840746660997,28.809091900023517],[80.758830241669,28.80951915648978],[80.75908608533952,28.809677581998343],[80.75972907214711,28.809897593941262],[80.7600511301729,28.809979435647396],[80.76018055326772,28.809981937797232],[80.76050148422269,28.810120170695726],[80.76122343146572,28.81068559746115],[80.76139211699414,28.810879970373225],[80.76164658287061,28.811094849798362],[80.7619024892241,28.81125333771445],[80.76241574037546,28.811470784436956],[80.76283851583388,28.811898040463888],[80.76334137760432,28.81263463940767],[80.76356726463435,28.813174363951504],[80.76362728247153,28.81340468192801],[80.76395789342394,28.81410032804407],[80.7640779295199,28.814560902421366],[80.7642112118884,28.815405215107585],[80.76431092989134,28.815789015884096],[80.76441776085551,28.81686339537242],[80.76440806027016,28.81732377967801],[80.7644631971767,28.817784227949787],[80.76459923447482,28.818495375949055],[80.76472396380203,28.8187280093424],[80.76480367504064,28.81903503762786],[80.76481904969731,28.81934200322724],[80.76489732176235,28.819725804489835],[80.7650802548049,28.820265527403077],[80.76524649879669,28.82057268307862],[80.76560468793969,28.820981745277304],[80.76568790333053,28.82113535397475],[80.76589972501039,28.821541977080344],[80.76599925925636,28.82173397247723],[80.76618938913366,28.82192834419642],[80.76650431204202,28.82235541245914],[80.7669710416355,28.822782732391214],[80.76754687534778,28.823156100530884],[80.76801473208741,28.823506710583985],[80.76824737759445,28.823759850821784],[80.76869529085008,28.82403368745025],[80.76918352831979,28.82446107105796],[80.76952446488252,28.82469633255545],[80.76969565213973,28.824775607955175],[80.76997557010304,28.824818938013017],[80.77061786761115,28.825115659963274],[80.77241039657882,28.82619512868513],[80.77298986104358,28.826394696527867],[80.77382917319781,28.826558694655525],[80.77421550373296,28.826681111946876],[80.77460158425951,28.82681940797413],[80.77582084379138,28.82741272590098],[80.77614290039763,28.827512509907294],[80.77736967064949,28.827740221250817],[80.77801885367272,28.82769384251699],[80.77840774958862,28.827699037026523],[80.77879771022364,28.827647778367247],[80.77931922187315,28.8275019310244],[80.77958057255012,28.827389527195017],[80.78003987634484,28.827128457483784],[80.78030297854538,28.826941594828313],[80.78069469191479,28.826793307558788],[80.78121407560629,28.826744425845455],[80.78172882808191,28.82694392999461],[80.78241589501793,28.827143623591912],[80.78292489035387,28.827611581584303],[80.78307181670661,28.827823958309548],[80.78319911204593,28.827941495107485],[80.78332809752223,28.82798007038232],[80.7835232962478,28.827946501710525],[80.78378496004117,28.827816029339207],[80.78391507212521,28.827798213723995],[80.78417673505238,28.827687998074186],[80.7844358953413,28.82769069012906],[80.7845663198562,28.827654807351763],[80.78478221364857,28.827657373842783],[80.78489094285443,28.827621427304145],[80.78517611733517,28.827414308201433],[80.78552863144269,28.827074027047598],[80.7856411790153,28.826846336323968],[80.78569013987394,28.826559815671068],[80.78567545346382,28.826216714977082],[80.78547019969805,28.825695121600887],[80.78539405640026,28.82517821914535],[80.78525244954224,28.824715331511104],[80.78496498089515,28.823965669246615],[80.78481843076135,28.823732973838727],[80.78484945169761,28.82327490262966],[80.78501459015068,28.822586828275046],[80.78529008443189,28.821788411567635],[80.78553674863059,28.82133065638217],[80.78567468372319,28.820931416651383],[80.78600919488501,28.820419709367478],[80.78662887989921,28.819682689720906],[80.78685297248309,28.81928363874748],[80.78711914176029,28.81894323054882],[80.78729896682303,28.818600508686554],[80.78749911061546,28.818316490631638],[80.78763097480746,28.81820383447622],[80.78818957756742,28.81729295099875],[80.78825247792291,28.817211803334867],[80.78841179219371,28.817008996662956],[80.78848000899423,28.816837635077352],[80.78865933249786,28.81655349181973],[80.7887961400468,28.816210705900335],[80.7890880107183,28.81569887255715],[80.7896889397871,28.814903149116812],[80.79002432605651,28.814391378946397],[80.79062168896724,28.813769455794738],[80.79153161472216,28.812692092281114],[80.79171025042567,28.812426079257243],[80.79188700804188,28.812236776747344],[80.79208502265931,28.81208817355393],[80.79251331282218,28.811906001283468]]]}},{"type":"Feature","properties":{"province":"Sudurpashchim Province","district":"Kailali","municipality":"Gauriganga Municipality","ward":"3","wardNumber":3,"sourceMunicipality":"Gauriganga","sourceType":"Nagarpalika"},"geometry":{"type":"Polygon","coordinates":[[[80.72569919119113,28.801052095632667],[80.7256054719073,28.800882669420474],[80.7252022066948,28.800272421139557],[80.72515900604316,28.800116687579166],[80.72533470379985,28.799814664341238],[80.7257908185346,28.799531213623773],[80.72616171588497,28.799170926459684],[80.72640375314704,28.798715546459544],[80.72656095001491,28.79810649565527],[80.72661198455147,28.797343835402792],[80.72649083124777,28.796504087599647],[80.72649640597228,28.795971493555104],[80.72645564541578,28.79574123840952],[80.72622500274268,28.795402323363792],[80.72583385754409,28.79531797917949],[80.72525145176076,28.795276146022346],[80.72512246617336,28.79523525629027],[80.72408695324835,28.795172221935914],[80.72356700338597,28.795358580501222],[80.72345814800056,28.79547111249551],[80.7230308715752,28.7950120962924],[80.72283980508726,28.79470481545664],[80.72284368999992,28.79432345390022],[80.72256790775636,28.793864752082307],[80.72248394325972,28.793634308566595],[80.72246606904379,28.793252884127085],[80.72251096481523,28.793099590187612],[80.72266396406175,28.792892281626052],[80.72270892068292,28.79273892503145],[80.72271192865796,28.792434273276097],[80.72273851084056,28.791958134105002],[80.72282773787805,28.791653671505955],[80.72283018102253,28.791425729015977],[80.72276772408655,28.791195410979114],[80.72268300817765,28.7910417391535],[80.72204184138302,28.790428862150918],[80.7218714071312,28.790198354363692],[80.7218298944177,28.790044809435134],[80.72187447709402,28.789893703287433],[80.7219400031311,28.789817119328564],[80.7221575256643,28.78966632865262],[80.7224175635948,28.789554049695067],[80.72265653182052,28.78940332153215],[80.72300260084701,28.789329555451424],[80.72334816811674,28.789312243270135],[80.72356569166651,28.789143384829813],[80.72380647582916,28.78882116898647],[80.7240304518707,28.788020500642197],[80.72422865910632,28.787641705349074],[80.7242741178723,28.78741163875999],[80.72412682021857,28.787029961629614],[80.72395726235361,28.786724931833728],[80.72385241661989,28.786417777956533],[80.72344946620485,28.785728695002877],[80.72327809249022,28.78561322078056],[80.7226520436394,28.78562777749281],[80.7215515678727,28.78558037134066],[80.72122731961672,28.78563613267466],[80.72064447532975,28.785650690230604],[80.72051555278944,28.785612114449506],[80.72012715668144,28.785590977267354],[80.71967361018913,28.78562391754821],[80.7186377212473,28.785617211525125],[80.71850886062123,28.785558317107053],[80.71831710638726,28.785291611393742],[80.71823351767063,28.785043162103683],[80.71810641225103,28.78481271778265],[80.71781664025842,28.78358897926473],[80.71769034922302,28.783284013306766],[80.71711784142866,28.782287586760635],[80.71703619483658,28.781829326608218],[80.71701863401582,28.781447901736925],[80.71704621882024,28.780838599132164],[80.7171388288659,28.780229483964707],[80.71748903220349,28.779774355877652],[80.7179027574442,28.77941413208162],[80.71812115773884,28.77915055890434],[80.71825446548999,28.778769449100214],[80.7182377187924,28.77831125144812],[80.71815300192699,28.7781576433514],[80.71806740857933,28.778080744063473],[80.71780925080539,28.777985399300825],[80.71664400016027,28.77799425876625],[80.71604077550822,28.777875651929634],[80.71591141485328,28.777875400110076],[80.71545793053853,28.777890210129364],[80.71500400873886,28.777963724139184],[80.7145509636676,28.77796052880496],[80.7144337310429,28.777978344582248],[80.71444010358334,28.77822660518504],[80.71456106921123,28.779066352349947],[80.71455718505436,28.77944777662282],[80.71437810610703,28.780056702685417],[80.71409229994887,28.78058872911017],[80.71385201626143,28.780872558609225],[80.71343841693553,28.78119439649541],[80.71311254009626,28.78140132677792],[80.7128525024149,28.78151360554218],[80.71198836309908,28.781602055066614],[80.71147023044695,28.781598671339307],[80.71051868035242,28.781799777179412],[80.71034523904972,28.781876109981702],[80.70930627992989,28.782174055306346],[80.70776662326135,28.782886177864853],[80.70724717467728,28.78301589472733],[80.70698682463073,28.783146241648907],[80.7067272877423,28.783202128473317],[80.70551394745374,28.783650865843153],[80.70512298244749,28.783895994539296],[80.70488895363178,28.784098550115367],[80.70470913210141,28.78425390490363],[80.70455719803715,28.78434836797396],[80.7036894257213,28.784777479894945],[80.70342976383606,28.784871690592897],[80.70308375724534,28.784943206330247],[80.70230608818703,28.784993396064767],[80.70196177263229,28.784913617071183],[80.7014443910429,28.784869596721922],[80.70092801304096,28.784712792518043],[80.70075619930243,28.784635641845778],[80.70045709302214,28.784325796293956],[80.69998655004323,28.783920795020563],[80.69938583006743,28.783592251590605],[80.69912235936336,28.78344045358324],[80.69897818184174,28.7833589276254],[80.69874140620999,28.7832997187862],[80.69841985153343,28.783104906269667],[80.69812055707261,28.78283569751508],[80.69750634815009,28.781742055409094],[80.69740112716764,28.781455219529366],[80.69736180668434,28.781112117811375],[80.69723520211319,28.780825219673154],[80.69715355612429,28.780366896466944],[80.6970487097715,28.780080060550937],[80.69692824475237,28.779219932168957],[80.69674131391432,28.778531227406344],[80.69668067345283,28.778131671704237],[80.69649192625457,28.777614454916794],[80.69643128613352,28.7772125857819],[80.69636839146563,28.777040971912676],[80.69616759470593,28.775609737437296],[80.69604180490185,28.77526413391663],[80.6958085998753,28.774861949463403],[80.69562116687489,28.77422963632865],[80.69560116365359,28.774058085958675],[80.69549631687796,28.773771187916143],[80.69532682148373,28.77348422571574],[80.69517745630252,28.773310110306337],[80.69483458262508,28.773079162373705],[80.69440511261926,28.77288409830923],[80.69337241753624,28.77258843225352],[80.69319985262203,28.77258574192148],[80.69294037838917,28.772639315760532],[80.69130069947765,28.77264235298766],[80.68992199786445,28.772420328282287],[80.68949171355155,28.772299724228258],[80.68871761458871,28.772045199979022],[80.68667899422076,28.770975353623133],[80.68633524343521,28.770821053145944],[80.68607739796919,28.770741525662768],[80.68513261394878,28.77029244191371],[80.68470232995472,28.77017408798556],[80.6843580768454,28.77009430853011],[80.68392647782844,28.77009105054565],[80.68366656538103,28.77016494348769],[80.68332143578496,28.77015962384976],[80.68297580461794,28.770215260040068],[80.68228523271466,28.77020687149062],[80.68159710293078,28.7700088646292],[80.6811895794008,28.76977772782486],[80.68101883099312,28.76960354899046],[80.68093417820188,28.76943187276724],[80.68067777307672,28.769198800680826],[80.68055022956823,28.769026998161376],[80.68048783575176,28.768796679282822],[80.68048965185214,28.768625129508123],[80.68053511097682,28.76841538121437],[80.68068817244347,28.76820813495991],[80.68086242854636,28.76805734396],[80.68125308015298,28.76785060183562],[80.6820310624619,28.767744145664523],[80.68222557405419,28.767690445128125],[80.68254925793768,28.76769345189063],[80.6830013635166,28.767793800462783],[80.68332373323061,28.76790965257697],[80.68368704943967,28.76825800983598],[80.68389968591293,28.768545097728612],[80.6840923806253,28.76868095282582],[80.68441518887997,28.7687607311415],[80.68473887245342,28.768763737325582],[80.68495520525201,28.768707787068802],[80.68528164629812,28.768426460030373],[80.68563116075731,28.76803009948641],[80.6857193853817,28.767858799946875],[80.68572301851175,28.767515762396442],[80.68592059977595,28.76717316477564],[80.68596868948207,28.766717532048048],[80.68594899804695,28.76654585707182],[80.68582327007393,28.766200316285705],[80.68539881155732,28.76552904983576],[80.68516391670683,28.765278035096713],[80.68475770796293,28.764931802127055],[80.68372695438897,28.76446452424178],[80.68321239223758,28.764154112393296],[80.68286901626394,28.76399762392014],[80.6826104824187,28.763956357610066],[80.68218063727984,28.763799680108797],[80.68174997620962,28.763719649581734],[80.68140578740041,28.76360148438301],[80.68071653005416,28.763498318082025],[80.68028524279066,28.76349506033081],[80.68002583170956,28.763530566643123],[80.67983094489954,28.763604585676774],[80.67970033049542,28.763717116025326],[80.67956833857731,28.763944743681183],[80.6795228170371,28.764172559656007],[80.67955800190171,28.764935407979962],[80.67948978230726,28.765239996100785],[80.6795281006341,28.765698131698503],[80.67952496746416,28.766002845270144],[80.67948032323933,28.76615614025268],[80.67923622571031,28.766410648318097],[80.6791530058282,28.7664961093475],[80.6782202705426,28.766943037470714],[80.67778691604151,28.76711126734421],[80.67746091373715,28.767336141125288],[80.67711434286865,28.767486616811762],[80.67631084396133,28.767972058977154],[80.675963584907,28.76814047752237],[80.67529063565217,28.768533832126142],[80.67476849388449,28.768929752602897],[80.67452990119124,28.769060099624664],[80.6741374961469,28.76943820404219],[80.67374127317919,28.769999237429808],[80.6738291800397,28.77004687763862],[80.67395760109737,28.770141970178145],[80.67421168785869,28.77060292135256],[80.67503258038171,28.772595393107103],[80.67515962370577,28.772825838211993],[80.67539364223195,28.773133368905587],[80.67600835203123,28.774188750917833],[80.67641011226591,28.774956981769964],[80.67683444529419,28.77564856616425],[80.67751524517445,28.776570910356536],[80.67817597788225,28.777357838544393],[80.67830308367589,28.77757027835504],[80.67868790832445,28.777916510162765],[80.67873023559171,28.77799328410542],[80.67902940503393,28.77828287346234],[80.68012017210283,28.779170087802555],[80.68050449612888,28.779574962771687],[80.68133015011212,28.781109238539884],[80.68149864294185,28.781493290832252],[80.6816048668876,28.78164702468446],[80.68173134634108,28.78195199158821],[80.68198549487941,28.782412942570488],[80.68213085122575,28.782950415055137],[80.68212941014838,28.7831015848539],[80.6817332447454,28.783863426931322],[80.68160018742769,28.784242285312864],[80.6814244905296,28.784528428767874],[80.68131375553314,28.784832828561633],[80.68120176732512,28.785214000834454],[80.68117487117044,28.78574653169605],[80.68144990182938,28.786284255932465],[80.6819605794646,28.786957961680994],[80.68223648698896,28.787419038944215],[80.68231719381814,28.78795407210372],[80.68240957225818,28.789482083669977],[80.68240731673554,28.78971002509301],[80.68229307381482,28.790321327431634],[80.6822051623829,28.790472308284816],[80.68203071815533,28.79066148584127],[80.681767359206,28.79111674019569],[80.68170007890762,28.791346743857257],[80.68150652671918,28.793406719549083],[80.68158291013897,28.794399886513066],[80.68155789384986,28.794724793389385],[80.68149149109207,28.794875836848966],[80.68151099338267,28.79510602924259],[80.68196831830447,28.796790655301105],[80.68196374559852,28.797248789988576],[80.68167950550468,28.79760920337053],[80.68128872856815,28.797854268984658],[80.6810059298889,28.79807926819416],[80.68089745047797,28.798135407527813],[80.68072438516946,28.79817341593084],[80.68022512746853,28.79849268932369],[80.68011671116358,28.798530761033867],[80.67992088416246,28.79869955722176],[80.67966034556416,28.79885016001037],[80.67931371247663,28.79898250558803],[80.67903128912123,28.79918943644198],[80.6788567822158,28.79937861423361],[80.67857392123062,28.799605863655838],[80.67805046240863,28.80017333436122],[80.6779889999628,28.800272487814944],[80.67776503335124,28.800630776605214],[80.67756425745279,28.801241826830257],[80.6774540233842,28.801469517067808],[80.6773626047235,28.80192739980269],[80.67666923499631,28.804218622239013],[80.67666691632762,28.804448814774037],[80.67662195892365,28.80460217149734],[80.6764019932298,28.804983029773897],[80.67605348011438,28.80530493138943],[80.67594512585475,28.805343002550142],[80.67559755353678,28.80557012667482],[80.67533745350883,28.80568234246733],[80.67455859347909,28.805865509026894],[80.67421377743393,28.805826304760036],[80.67399825856344,28.805823549895454],[80.6739112872521,28.805861684597357],[80.67378061116172,28.805974215557402],[80.67360391148274,28.80635519964019],[80.67370950946454,28.806585643786008],[80.67442290593563,28.80645874343143],[80.67539370891902,28.806447505347123],[80.67617206688246,28.806320793525583],[80.6767551617304,28.806267911474798],[80.67759660461878,28.80625642165339],[80.67824478753572,28.80618572417867],[80.67895674209282,28.80619192426593],[80.67953990096892,28.80612110109276],[80.68012255801935,28.806106668152403],[80.6805762302478,28.806053597580615],[80.68141798396049,28.806042045345055],[80.68310343641632,28.805788747669002],[80.68349195766721,28.805791879720466],[80.68414014139351,28.80570086353654],[80.68426956442478,28.80570342850642],[80.68459205819421,28.805821530844753],[80.68491637010565,28.805747827287213],[80.68517653336798,28.80561529230242],[80.68550121929512,28.805521207351276],[80.6856957304824,28.8055058931789],[80.68588892714135,28.805583043758222],[80.68608162088756,28.805736967160737],[80.68627343872171,28.80596985126334],[80.68646356487179,28.806353966465313],[80.68659242465355,28.806392604704083],[80.6871763353007,28.806265326960492],[80.68769396749887,28.806268773712397],[80.68793255946753,28.806156494268503],[80.6880855579813,28.805985321415275],[80.68821535698139,28.805947250650476],[80.68860356571126,28.805950381933595],[80.6888614111437,28.80605029037007],[80.68907555111026,28.80620427692149],[80.68920171665107,28.806531749812237],[80.68920002545205,28.80668523253883],[80.68904483446252,28.807066278919752],[80.6891286101593,28.80731466542142],[80.68945254599438,28.807279348086404],[80.68958153056762,28.807320236871966],[80.68997092973346,28.807226340714585],[80.69018600913707,28.807285486461364],[80.69024934259791,28.807421089516918],[80.69024533349693,28.807804701803146],[80.6901110858074,28.808262521157523],[80.690086132604,28.808567109637362],[80.69018922476377,28.809027746260824],[80.69016201649346,28.809564779057812],[80.69028699227867,28.809966835876487],[80.69023890207218,28.810427032648455],[80.69030129618294,28.81065735051241],[80.69029816385815,28.81096200250192],[80.69025088790914,28.8113455517645],[80.69011576354083,28.81188008155028],[80.69006761149522,28.812340340599835],[80.69008774050884,28.8124938859978],[80.6902345381927,28.812877812625707],[80.690340700223,28.813031547340838],[80.69053082529872,28.813433668019616],[80.69063705067234,28.813569334629186],[80.69082936971486,28.813743513242166],[80.69110859671973,28.813879557861558],[80.6913011660196,28.814053799729226],[80.6915379392813,28.814187467631942],[80.69179509438459,28.814418227043543],[80.69218054362152,28.81480278322834],[80.69241581412406,28.81508993364419],[80.69256448868119,28.815397150265262],[80.69258255056747,28.81577857560599],[80.69240622620404,28.816159559242017],[80.69207734087134,28.81669139695381],[80.69189957620353,28.817223613029707],[80.69187393168018,28.81768168382241],[80.69195563977722,28.81821671755198],[80.69201878415433,28.818408649701343],[80.69218997003433,28.81858057709356],[80.69240623908752,28.818563012883907],[80.69249321039483,28.81852481596232],[80.69275506400152,28.81825911716499],[80.69288962683198,28.817688514991655],[80.69298324044371,28.816887531371517],[80.69307121533004,28.8167162323764],[80.6931619460024,28.816240282544555],[80.69327130276642,28.816087051119254],[80.69361912582106,28.8158983145444],[80.69372804381548,28.81578340704915],[80.69390392922875,28.81544080975599],[80.69386291834238,28.81521280460579],[80.69360726803964,28.814810495324423],[80.69343764962169,28.814408437070064],[80.69333117600037,28.81423669769909],[80.69326790593635,28.814065021415953],[80.6932711636164,28.813719732574068],[80.69299613677559,28.813033090022785],[80.6930193368246,28.812861602033365],[80.69315013895968,28.812728690905576],[80.69325930636636,28.81263197645692],[80.693518905183,28.812576151637565],[80.69377794022132,28.812617355698727],[80.69416520598014,28.812828111032307],[80.69435927893198,28.812866875493754],[80.69468183343798,28.81305943649897],[80.69524316824142,28.813121651715598],[80.69532920058317,28.81316016398067],[80.69554402799128,28.81331415019824],[80.69567182134182,28.813524276285758],[80.69590615204045,28.813906204592936],[80.69594659852773,28.81421323247083],[80.69570556285159,28.814591839359807],[80.69566091791266,28.814745195964225],[80.69565897475695,28.81497307505871],[80.69584953735703,28.815433901123043],[80.696233106624,28.816046336404536],[80.69642567425919,28.816256651082004],[80.69648894546424,28.81641025941744],[80.69642285495861,28.81656130269572],[80.6959864938568,28.81703649744396],[80.69589858186019,28.817189791047852],[80.69589720320707,28.817340960416892],[80.69608826797355,28.817725013777896],[80.69615103681417,28.81795314369534],[80.6961700378838,28.818260046776796],[80.69625506626028,28.818431785876648],[80.69642625229604,28.818603651449013],[80.69662013571535,28.818680802425664],[80.69677037755493,28.818796275885905],[80.69700458224212,28.819218778084117],[80.69707123684012,28.81900903034633],[80.69720335458157,28.818722760991307],[80.69729176808383,28.81849500816424],[80.69729352203177,28.81832352089072],[80.69740519674102,28.817922029317987],[80.69760252816185,28.81757949539549],[80.69795555248027,28.81678139152284],[80.69810911488327,28.81655151388534],[80.69839567390842,28.815886448770147],[80.69854917341205,28.815656571646556],[80.69942885219105,28.813945646349527],[80.69956003035837,28.813774410676988],[80.7000647374407,28.812917980520336],[80.70026376117573,28.81240383324324],[80.70024375678297,28.81223234465954],[80.7002907196756,28.81183072796315],[80.70031360732844,28.811659303414984],[80.7005620997579,28.810459267614903],[80.70056385390333,28.810287717626274],[80.70083843034429,28.808570969377733],[80.70090552403607,28.8082845110433],[80.70128174815997,28.80731267019674],[80.70135260127836,28.806626782808188],[80.70170750514636,28.805598486571903],[80.70173120619864,28.80537060788496],[80.70186476578745,28.804912788442195],[80.7020292718638,28.804615266053812],[80.70210655351909,28.80447547669816],[80.70219396305387,28.804378637121225],[80.7026487621582,28.804266799228177],[80.70349176658823,28.804252870876446],[80.70368571468887,28.804291635274975],[80.70413856956479,28.804409989690438],[80.70471934376039,28.80473621895597],[80.7048882189589,28.8048088059217],[80.70517101029932,28.80493128398857],[80.70575291416051,28.805067957485726],[80.70620608475141,28.805071153376577],[80.70711004358637,28.805382321534097],[80.70762635784514,28.805613584764078],[80.70814361371073,28.805693741459265],[80.70872476623627,28.805889057624533],[80.70930529158343,28.806158833622174],[80.71033948721097,28.80643411783453],[80.71111596551647,28.806514778545942],[80.71156813311268,28.806651138397115],[80.7119552759351,28.806807690784357],[80.71311557469345,28.807426202702477],[80.71320160597269,28.807485095736947],[80.71343656414271,28.807751865356103],[80.71409534971477,28.80895835474228],[80.71422176538049,28.80934003110428],[80.71439169758891,28.80964731070169],[80.71462289517764,28.810374464887282],[80.7147940808761,28.81054633068172],[80.71522530463314,28.810626298139447],[80.71541162537409,28.810556656248167],[80.71603617849694,28.810325535609692],[80.71613490364106,28.81028958911352],[80.71646021745458,28.810100726387688],[80.71669843345525,28.810008702774493],[80.71691570606032,28.809855724153323],[80.71717543042166,28.80976370163449],[80.717435906944,28.80961303673783],[80.71782580659996,28.80944461850163],[80.71834550633761,28.809256133404237],[80.71854095760257,28.80912566051489],[80.71901739034845,28.80895736948292],[80.71973297973065,28.808581957640104],[80.72077319374536,28.80811246155728],[80.72103285576404,28.808038506609186],[80.72155299296087,28.807811698595],[80.72181303055109,28.807699356833922],[80.72213828255465,28.80751268204658],[80.72291745510002,28.807288629191447],[80.72350098901991,28.807197299243505],[80.72363122713092,28.807123091720175],[80.7238042929492,28.8070850830545],[80.72404301134493,28.806934355074862],[80.72449756013418,28.806786319381857],[80.72508046719035,28.806789767164783],[80.72579091707546,28.807005591416896],[80.72624277118253,28.80718027456805],[80.72643615424504,28.80729574871172],[80.72662985108236,28.807354831760318],[80.72678103254627,28.807355146419386],[80.72686756628889,28.807316949619985],[80.72693353053654,28.807204230207024],[80.72693409570485,28.807109451894114],[80.72682755815929,28.80695578020586],[80.7253041946911,28.80585812241533],[80.72498276708401,28.8055687199419],[80.72455605571142,28.804994607150018],[80.7244927228002,28.804822931395698],[80.72453743085389,28.804651506771272],[80.72471231393679,28.80438555618015],[80.72510365588695,28.804045588093096],[80.7254729249803,28.80380033420505],[80.72590884946247,28.803288941625784],[80.72595349492065,28.803117516622173],[80.7259358102281,28.802659382738504],[80.725872539626,28.802487768585188],[80.72563802074329,28.80214197650535],[80.72563896088108,28.802026879987395],[80.72547009407499,28.8015684305908],[80.72549423408243,28.80128184704894],[80.72569919119113,28.801052095632667]]]}},{"type":"Feature","properties":{"province":"Sudurpashchim Province","district":"Kailali","municipality":"Gauriganga Municipality","ward":"6","wardNumber":6,"sourceMunicipality":"Gauriganga","sourceType":"Nagarpalika"},"geometry":{"type":"Polygon","coordinates":[[[80.69700458224212,28.819218778084117],[80.69677037755493,28.818796275885905],[80.69662013571535,28.818680802425664],[80.69642625229604,28.818603651449013],[80.69625506626028,28.818431785876648],[80.6961700378838,28.818260046776796],[80.69615103681417,28.81795314369534],[80.69608826797355,28.817725013777896],[80.69589720320707,28.817340960416892],[80.69589858186019,28.817189791047852],[80.6959864938568,28.81703649744396],[80.69642285495861,28.81656130269572],[80.69648894546424,28.81641025941744],[80.69642567425919,28.816256651082004],[80.696233106624,28.816046336404536],[80.69584953735703,28.815433901123043],[80.69565897475695,28.81497307505871],[80.69566091791266,28.814745195964225],[80.69570556285159,28.814591839359807],[80.69594659852773,28.81421323247083],[80.69590615204045,28.813906204592936],[80.69567182134182,28.813524276285758],[80.69554402799128,28.81331415019824],[80.69532920058317,28.81316016398067],[80.69524316824142,28.813121651715598],[80.69468183343798,28.81305943649897],[80.69435927893198,28.812866875493754],[80.69416520598014,28.812828111032307],[80.69377794022132,28.812617355698727],[80.693518905183,28.812576151637565],[80.69325930636636,28.81263197645692],[80.69315013895968,28.812728690905576],[80.6930193368246,28.812861602033365],[80.69299613677559,28.813033090022785],[80.6932711636164,28.813719732574068],[80.69326790593635,28.814065021415953],[80.69333117600037,28.81423669769909],[80.69343764962169,28.814408437070064],[80.69360726803964,28.814810495324423],[80.69386291834238,28.81521280460579],[80.69390392922875,28.81544080975599],[80.69372804381548,28.81578340704915],[80.69361912582106,28.8158983145444],[80.69327130276642,28.816087051119254],[80.6931619460024,28.816240282544555],[80.69307121533004,28.8167162323764],[80.69298324044371,28.816887531371517],[80.69288962683198,28.817688514991655],[80.69275506400152,28.81825911716499],[80.69249321039483,28.81852481596232],[80.69240623908752,28.818563012883907],[80.69218997003433,28.81858057709356],[80.69201878415433,28.818408649701343],[80.69195563977722,28.81821671755198],[80.69187393168018,28.81768168382241],[80.69189957620353,28.817223613029707],[80.69207734087134,28.81669139695381],[80.69240622620404,28.816159559242017],[80.69258255056747,28.81577857560599],[80.69256448868119,28.815397150265262],[80.69241581412406,28.81508993364419],[80.69218054362152,28.81480278322834],[80.69179509438459,28.814418227043543],[80.6915379392813,28.814187467631942],[80.6913011660196,28.814053799729226],[80.69110859671973,28.813879557861558],[80.69082936971486,28.813743513242166],[80.69063705067234,28.813569334629186],[80.69053082529872,28.813433668019616],[80.690340700223,28.813031547340838],[80.6902345381927,28.812877812625707],[80.69008774050884,28.8124938859978],[80.69006761149522,28.812340340599835],[80.69011576354083,28.81188008155028],[80.69025088790914,28.8113455517645],[80.69029816385815,28.81096200250192],[80.69030129618294,28.81065735051241],[80.69023890207218,28.810427032648455],[80.69028699227867,28.809966835876487],[80.69016201649346,28.809564779057812],[80.69018922476377,28.809027746260824],[80.690086132604,28.808567109637362],[80.6901110858074,28.808262521157523],[80.69024533349693,28.807804701803146],[80.69024934259791,28.807421089516918],[80.69018600913707,28.807285486461364],[80.68997092973346,28.807226340714585],[80.68958153056762,28.807320236871966],[80.68945254599438,28.807279348086404],[80.6891286101593,28.80731466542142],[80.68904483446252,28.807066278919752],[80.68920002545205,28.80668523253883],[80.68920171665107,28.806531749812237],[80.68907555111026,28.80620427692149],[80.6888614111437,28.80605029037007],[80.68860356571126,28.805950381933595],[80.68821535698139,28.805947250650476],[80.6880855579813,28.805985321415275],[80.68793255946753,28.806156494268503],[80.68769396749887,28.806268773712397],[80.6871763353007,28.806265326960492],[80.68659242465355,28.806392604704083],[80.68646356487179,28.806353966465313],[80.68627343872171,28.80596985126334],[80.68608162088756,28.805736967160737],[80.68588892714135,28.805583043758222],[80.6856957304824,28.8055058931789],[80.68550121929512,28.805521207351276],[80.68517653336798,28.80561529230242],[80.68491637010565,28.805747827287213],[80.68459205819421,28.805821530844753],[80.68426956442478,28.80570342850642],[80.68414014139351,28.80570086353654],[80.68349195766721,28.805791879720466],[80.68310343641632,28.805788747669002],[80.68141798396049,28.806042045345055],[80.6805762302478,28.806053597580615],[80.68012255801935,28.806106668152403],[80.67953990096892,28.80612110109276],[80.67895674209282,28.80619192426593],[80.67824478753572,28.80618572417867],[80.67759660461878,28.80625642165339],[80.6767551617304,28.806267911474798],[80.67617206688246,28.806320793525583],[80.67539370891902,28.806447505347123],[80.67442290593563,28.80645874343143],[80.67370950946454,28.806585643786008],[80.67360391148274,28.80635519964019],[80.67378061116172,28.805974215557402],[80.6739112872521,28.805861684597357],[80.67399825856344,28.805823549895454],[80.67421377743393,28.805826304760036],[80.67455859347909,28.805865509026894],[80.67533745350883,28.80568234246733],[80.67559755353678,28.80557012667482],[80.67594512585475,28.805343002550142],[80.67605348011438,28.80530493138943],[80.6764019932298,28.804983029773897],[80.67662195892365,28.80460217149734],[80.67666691632762,28.804448814774037],[80.67666923499631,28.804218622239013],[80.6773626047235,28.80192739980269],[80.6774540233842,28.801469517067808],[80.67756425745279,28.801241826830257],[80.67776503335124,28.800630776605214],[80.6779889999628,28.800272487814944],[80.67805046240863,28.80017333436122],[80.67857392123062,28.799605863655838],[80.6788567822158,28.79937861423361],[80.67903128912123,28.79918943644198],[80.67931371247663,28.79898250558803],[80.67966034556416,28.79885016001037],[80.67992088416246,28.79869955722176],[80.68011671116358,28.798530761033867],[80.68022512746853,28.79849268932369],[80.68072438516946,28.79817341593084],[80.68089745047797,28.798135407527813],[80.6810059298889,28.79807926819416],[80.68128872856815,28.797854268984658],[80.68167950550468,28.79760920337053],[80.68196374559852,28.797248789988576],[80.68196831830447,28.796790655301105],[80.68151099338267,28.79510602924259],[80.68149149109207,28.794875836848966],[80.68155789384986,28.794724793389385],[80.68158291013897,28.794399886513066],[80.68150652671918,28.793406719549083],[80.68170007890762,28.791346743857257],[80.681767359206,28.79111674019569],[80.68203071815533,28.79066148584127],[80.6822051623829,28.790472308284816],[80.68229307381482,28.790321327431634],[80.68240731673554,28.78971002509301],[80.68240957225818,28.789482083669977],[80.68231719381814,28.78795407210372],[80.68223648698896,28.787419038944215],[80.6819605794646,28.786957961680994],[80.68144990182938,28.786284255932465],[80.68117487117044,28.78574653169605],[80.68120176732512,28.785214000834454],[80.68131375553314,28.784832828561633],[80.6814244905296,28.784528428767874],[80.68160018742769,28.784242285312864],[80.6817332447454,28.783863426931322],[80.68212941014838,28.7831015848539],[80.68213085122575,28.782950415055137],[80.68198549487941,28.782412942570488],[80.68173134634108,28.78195199158821],[80.6816048668876,28.78164702468446],[80.68149864294185,28.781493290832252],[80.68133015011212,28.781109238539884],[80.68050449612888,28.779574962771687],[80.68012017210283,28.779170087802555],[80.67902940503393,28.77828287346234],[80.67873023559171,28.77799328410542],[80.67868790832445,28.777916510162765],[80.67830308367589,28.77757027835504],[80.67817597788225,28.777357838544393],[80.67751524517445,28.776570910356536],[80.67683444529419,28.77564856616425],[80.67641011226591,28.774956981769964],[80.67600835203123,28.774188750917833],[80.67539364223195,28.773133368905587],[80.67515962370577,28.772825838211993],[80.67503258038171,28.772595393107103],[80.67421168785869,28.77060292135256],[80.67395760109737,28.770141970178145],[80.6738291800397,28.77004687763862],[80.67374127317919,28.769999237429808],[80.67339338217488,28.770481372923076],[80.67281907743428,28.771775367590337],[80.6726628200852,28.772307520998734],[80.67267962905336,28.772765718344097],[80.67290675703622,28.773761513969276],[80.67288268024437,28.773989392084324],[80.67292124832937,28.774449840893972],[80.67285252681125,28.774831075798247],[80.6728238148119,28.77551708903928],[80.67271213925392,28.77589819885796],[80.67255870255471,28.776125763598223],[80.6725126162237,28.776430289201766],[80.67263502248612,28.777118930180098],[80.67271973918724,28.777272601916316],[80.67273974382617,28.777426084208248],[80.67299213823574,28.77803826763814],[80.6730120798715,28.77819181329308],[80.67322383938766,28.77857592910045],[80.6732647874813,28.778803996864198],[80.67337001002532,28.779034440931994],[80.67334217451521,28.779645931826444],[80.67322962279636,28.780103752069135],[80.67309712915177,28.78040815185772],[80.67289992412442,28.780710049592685],[80.67263888334074,28.780937424515585],[80.67237884574348,28.78104957837588],[80.6721847728149,28.78104907466819],[80.67186378230471,28.780777490180157],[80.67171479217498,28.780605625241066],[80.67154554811414,28.780259958416686],[80.67135460735481,28.779972870858092],[80.67116441913109,28.7795684370446],[80.6709289598146,28.779396383138938],[80.6707572713149,28.779316919844973],[80.67041295597363,28.77923714087711],[80.67006726208739,28.779292714014822],[80.66980853961289,28.77928983434646],[80.66946441330941,28.779171668795883],[80.66929128390481,28.779227620005372],[80.66916060797547,28.779342401299907],[80.66890088257186,28.779454617490686],[80.66844652166681,28.779584398572318],[80.66831571924722,28.77971499765146],[80.66814221574742,28.779791266598888],[80.66788393182067,28.779750000644356],[80.66762627472124,28.779614019070713],[80.66719674153543,28.779457216218375],[80.66668224213737,28.779128737313542],[80.66653381586508,28.778898104296886],[80.66647098296487,28.778726490649966],[80.66634569450297,28.7783244957662],[80.66626473736422,28.777807530644438],[80.66627407229912,28.776891262203446],[80.66636699520987,28.77626182889687],[80.66632842780844,28.775803694158913],[80.66613986685768,28.77528641465744],[80.66569559321822,28.774423217661514],[80.66556992793774,28.774077614324405],[80.66560102032663,28.77316147099627],[80.66566905304884,28.77281862200577],[80.66565174248503,28.772419129589405],[80.66570321576535,28.77161583275562],[80.66588047978458,28.77116038947759],[80.66620986509156,28.77059028970396],[80.6667627874672,28.76927816419614],[80.66726787084421,28.768403791152053],[80.66787779965078,28.767798248808667],[80.66892008096363,28.76711925360414],[80.66957315067012,28.766552160633015],[80.6697917388632,28.76626833086327],[80.66996762456989,28.765925733222844],[80.67008017585758,28.76547016432826],[80.67010425255981,28.76523997161174],[80.67006549632875,28.76484047926636],[80.67000366641182,28.764553707098745],[80.66983598757022,28.76411320011416],[80.6697289482363,28.764036238092974],[80.66929872669567,28.763917821657383],[80.66903931600172,28.7639330094902],[80.668178308461,28.763772886175516],[80.66792052572747,28.763675228941853],[80.66757740099236,28.763480353488845],[80.66732093339039,28.763267537548323],[80.66687390219468,28.76269098620808],[80.6666408229207,28.762288739216753],[80.66630032977145,28.761827473858926],[80.66583448338552,28.76102066783055],[80.66557864329384,28.760733454313073],[80.66543027958214,28.76048481666166],[80.66489677787354,28.759926082230653],[80.66382820790594,28.758998168402208],[80.66352953968737,28.758690510450855],[80.6634555760608,28.75859329373869],[80.66320692713002,28.758263192491146],[80.66296621727825,28.757944345012934],[80.6627917830019,28.75763931534322],[80.6624422940647,28.756798938935603],[80.66233400551025,28.756724165803902],[80.66218282322673,28.756741793460286],[80.6618815783933,28.75704800342631],[80.66141630939336,28.75857244249271],[80.66137079225943,28.75859263451499],[80.66128613437104,28.75863070764581],[80.66069834039956,28.759139347021534],[80.66052477253565,28.759254002297876],[80.66026479759344,28.759366218922896],[80.65870595066552,28.759865528070502],[80.65810084660102,28.75997461239546],[80.65758102227561,28.760158345326595],[80.6569754787956,28.76028768608112],[80.65662934642472,28.760397400432804],[80.65628240008246,28.760565818915296],[80.65608719966319,28.76063977529856],[80.65664202176839,28.761239209987078],[80.65710792925276,28.762082151345993],[80.65719170575987,28.762312595069115],[80.65723353066299,28.76246614133407],[80.6572278924325,28.763000985470622],[80.65715766844514,28.76353564080062],[80.65686741482409,28.764448903508512],[80.65669171742029,28.764750864690242],[80.65581642753985,28.765908689220584],[80.65515684189043,28.767103028934002],[80.65506748900471,28.767407429689666],[80.65497130960301,28.768323446452968],[80.65511910800778,28.76865104402718],[80.65537582527905,28.768861610499453],[80.65563304435922,28.76901797232641],[80.65608427217384,28.769195156747063],[80.65640563892369,28.769408099571773],[80.6567711488626,28.76954439491318],[80.65709257750557,28.769757337762506],[80.65726432839038,28.769836801499505],[80.65745677231838,28.770008791787376],[80.65790474332051,28.77049056581966],[80.65830925938411,28.77103098059963],[80.65862598951503,28.771702057135844],[80.6586459935353,28.771855539444623],[80.65873071077434,28.77198889292442],[80.65889863886336,28.772449718126868],[80.65910651429614,28.773215257836743],[80.65925349839527,28.77359699701913],[80.65943961540398,28.77436478764276],[80.65971126262097,28.77520722602154],[80.65972663154167,28.77581665531458],[80.65978808551768,28.77612368397926],[80.6597563651132,28.77711659895284],[80.65971165836297,28.77726770477664],[80.65970902756429,28.777497835487868],[80.6593535605581,28.77850574969264],[80.65904844004622,28.778789328177396],[80.65859213626632,28.77909053384515],[80.65815997290434,28.77914360514975],[80.6578994967455,28.779294207346414],[80.6575529897621,28.77940385873424],[80.656689602044,28.77941522311322],[80.6558249614615,28.779559751540233],[80.65530670326868,28.779592252941672],[80.65470347749205,28.779509469289064],[80.65418572035776,28.779503647056153],[80.6537531817321,28.779577098797372],[80.65340661099408,28.77970706868679],[80.65280188193873,28.779757386489088],[80.6518502076225,28.779958054866682],[80.65159016956345,28.780070208844954],[80.65109047442117,28.780409737883417],[80.65083012435284,28.780521953783932],[80.6507645359087,28.78059616218848],[80.6503305550086,28.78084103905762],[80.65000386338394,28.781124491975866],[80.64956988328792,28.781349113596317],[80.64907025096214,28.781668261591864],[80.64872374361985,28.781777975773387],[80.64776968842213,28.78220877403328],[80.64725048996026,28.782336052443355],[80.64673035244154,28.78256042310948],[80.64569064101,28.782932389900452],[80.6449111560355,28.783137875269926],[80.64387012926558,28.783627126682696],[80.64363241407389,28.78366263306956],[80.64343690078735,28.783774913261077],[80.64326208046802,28.783966278953784],[80.64315096995948,28.78427067853916],[80.64314946662687,28.784424098709096],[80.64321085832572,28.78473118926469],[80.64331639306997,28.784961696210484],[80.64374254326674,28.785461537432735],[80.64389128133293,28.78569210708193],[80.64397693827478,28.785751000458802],[80.64425372201156,28.786097044348708],[80.64433962827374,28.786155937407205],[80.64510251345078,28.787462333012172],[80.64520717154797,28.787769487240055],[80.64522711329175,28.78792303193634],[80.64518152879528,28.788153099316208],[80.64522291618081,28.788306644858856],[80.64569352172242,28.78872990098104],[80.64620344877959,28.789462436038633],[80.64628666142005,28.789769527638086],[80.64624101396373,28.789997405910313],[80.64625863751507,28.790381081329006],[80.64632096961613,28.790611399680117],[80.64670103400586,28.791379693308542],[80.64682657311968,28.791763683002863],[80.64682513227186,28.791917103156347],[80.64673628122547,28.792144856188084],[80.6467320837701,28.792528468400658],[80.64677353389911,28.792682014288733],[80.647132528417,28.79345024459548],[80.6474954075888,28.793816795830814],[80.64798846073813,28.79414527489396],[80.64871465723667,28.794858057759363],[80.6488840271039,28.79516540071224],[80.64896717686828,28.79547255457109],[80.64898630393013,28.795702809513077],[80.64907008117072,28.795933191351747],[80.64915467204368,28.796107180982826],[80.64936780964794,28.7963560068557],[80.64958213615888,28.796512243736995],[80.64962446388228,28.796589079139707],[80.65032984031969,28.797225027383224],[80.65058705878533,28.797399457582927],[80.65123135709864,28.797710308573905],[80.65153284383938,28.79779008675681],[80.65168296211442,28.797867174269566],[80.6517249119717,28.798000464495985],[80.65157047311276,28.798306988925354],[80.65150338031374,28.798534742135566],[80.65152250767441,28.798764934779676],[80.65164911308901,28.799015760224584],[80.65209984006293,28.79926746617157],[80.65248735868575,28.79936556349549],[80.65287400061891,28.79954024622168],[80.6533918196092,28.79958445474607],[80.65362752936568,28.79973850413607],[80.65379834000994,28.79991261981122],[80.65424819075248,28.800241098597642],[80.65431665258664,28.800272859020662],[80.6545059729832,28.800356824617257],[80.65482884280247,28.80043666516505],[80.65545232269409,28.800670681717175],[80.6561367556345,28.80125011226176],[80.65645561686603,28.801675241723157],[80.65656121425239,28.80190568618567],[80.65660172459947,28.80213594128518],[80.65662185369715,28.80228948713266],[80.65657620682809,28.802517302898025],[80.65648785741296,28.802688601387946],[80.65635718174907,28.80278531547117],[80.65609670581098,28.80291553685179],[80.65563990247823,28.803237061076473],[80.6554663980428,28.80331333053116],[80.65492256053518,28.80369112055407],[80.65457599027765,28.80380533555106],[80.65414338822603,28.80387641181089],[80.65388516781277,28.803817078153767],[80.6531946580319,28.803792747132448],[80.65276117938414,28.803942846716332],[80.65249888681187,28.804228801414677],[80.65223333794707,28.804819408218453],[80.65170718642139,28.80556274225631],[80.65068328358632,28.806415413096925],[80.65033577347235,28.80660408797653],[80.65013944619992,28.806795390416518],[80.65000557529986,28.80717643752261],[80.65000426020175,28.807291533840928],[80.65008928869723,28.807427199939372],[80.6502178360692,28.807504224116997],[80.65066912632683,28.807699413733474],[80.65118512922575,28.807874598999923],[80.65144378911869,28.807915864790242],[80.65157258594645,28.80799288944039],[80.65176621947444,28.808052097292762],[80.65228403927122,28.808075987767193],[80.65252087729915,28.80813525904711],[80.65256282881214,28.808230162625172],[80.65251862224237,28.80832481463713],[80.65223663834921,28.808457286033555],[80.65208357707469,28.808648715039002],[80.65212552830407,28.808743555599577],[80.65221155979066,28.808782193577215],[80.65231815967877,28.808897541380816],[80.65233829015436,28.809032956185018],[80.65225075477848,28.80912754499145],[80.65190600176244,28.809067960195122],[80.6515845093456,28.808873084959963],[80.65115403776129,28.80875460615341],[80.65091632276757,28.808772044997838],[80.6507847066631,28.808963536550774],[80.65082615660788,28.809117081657444],[80.65093225596902,28.80927081634576],[80.6512105433282,28.80948375777775],[80.65129569857461,28.809598980885376],[80.6513770946341,28.81005961677698],[80.6511529311336,28.8108240248096],[80.65102081457091,28.811051652106027],[80.65084599529384,28.811243017250266],[80.65071525573696,28.81135548625128],[80.65054131345074,28.81144982365184],[80.65002205355238,28.811561347870285],[80.64920224510527,28.81151632101917],[80.64898816786119,28.81136233478345],[80.64890432874684,28.811131953704546],[80.64892953291402,28.81078672774217],[80.6490444646693,28.81015510757127],[80.64902477246486,28.809983557150236],[80.64891823516237,28.809847890099107],[80.64857442113436,28.809711594837825],[80.64831557421921,28.809710903059802],[80.648120687107,28.80976685369357],[80.64799001144804,28.809861254327092],[80.64770527136174,28.81024198641099],[80.64754989154648,28.810622907944282],[80.6476714854889,28.811313799470568],[80.64766829078945,28.81161845172024],[80.64759944462324,28.81200187485788],[80.64742312157182,28.812326405431108],[80.647292445001,28.8124208682509],[80.64677688158473,28.81218704097815],[80.64649633796982,28.81218409796787],[80.64640936667281,28.8122222328975],[80.6460604163334,28.812544009152223],[80.64601483248953,28.812774075773813],[80.64590459894637,28.81298369777685],[80.64590190592706,28.813213890819394],[80.64578979280765,28.813594938213935],[80.64567987273189,28.81378649239103],[80.64552781402077,28.81386282433524],[80.64535606357664,28.813783361235917],[80.64522851862073,28.813611558564876],[80.64533937931157,28.81332522689156],[80.64534338741912,28.812979938024803],[80.64547738412949,28.812578635221154],[80.6454354952782,28.812463412995957],[80.6454843372145,28.811946762718552],[80.64539968375824,28.81177502378228],[80.64535998709596,28.811486063280068],[80.64529715428924,28.811314387029697],[80.64504325647384,28.810832991653626],[80.6444000229575,28.810445429972845],[80.64425065730178,28.81029157056105],[80.64386495461471,28.810019796704854],[80.6436063590066,28.80996040008029],[80.6433253772232,28.809995781192708],[80.64306477575634,28.810148509002893],[80.64293359935836,28.81028135861396],[80.64278147762776,28.81037563333745],[80.64241258528413,28.810543989517328],[80.64215336236683,28.810561428360074],[80.64133856502485,28.81007627274875],[80.64095292551441,28.809804436660727],[80.63992185984421,28.809336846133327],[80.63914726130618,28.809102326969303],[80.63828919742079,28.808635114149205],[80.6373424100011,28.808341512822178],[80.63665340358371,28.80818176757591],[80.6363094639684,28.808065665212798],[80.635707931119,28.8077932635996],[80.63538643861915,28.807598263139962],[80.63485099618494,28.807192885816768],[80.63453156573763,28.807054340467026],[80.63459139714695,28.807248648531115],[80.63461183978059,28.80736143105742],[80.63454117764478,28.807878081452696],[80.63430943571704,28.809312748591193],[80.6342197079223,28.809599143288988],[80.63421676372364,28.809885726733327],[80.63452679321009,28.81109614960095],[80.63460762442567,28.811613177426548],[80.6348161901618,28.812245616032715],[80.63487795725244,28.81253463872411],[80.63535961085158,28.813858472257756],[80.63540012179679,28.814088790606643],[80.63563144531022,28.814721229533276],[80.6357771759693,28.815297088064494],[80.6360723968687,28.816047124415913],[80.63617536228797,28.816564152581744],[80.63619348528307,28.816965896129588],[80.63644086482996,28.818230332641722],[80.63671438972007,28.81898030696041],[80.63696803538637,28.819556479583035],[80.63760613143765,28.820478947597802],[80.63784077740794,28.820712020077778],[80.63837183494329,28.82157546942157],[80.63877597478637,28.822154270496302],[80.63907207326614,28.822786960146317],[80.63924181895979,28.82307629821068],[80.63947295357345,28.823767441242616],[80.63959999699603,28.82399801080696],[80.64036601262902,28.825094532252496],[80.64057958802103,28.825307223116127],[80.64089763367984,28.825883584407133],[80.64131851806282,28.827035616317087],[80.64155090772746,28.827555272236324],[80.64169663753695,28.828128879961593],[80.64197022564963,28.82887885440809],[80.6427728642672,28.830722407763577],[80.64285519773942,28.831183043852683],[80.6429185947495,28.83129826571196],[80.64293828474271,28.83152627065045],[80.64302243643678,28.831756652145362],[80.64310426892968,28.83227367954617],[80.64309273690819,28.83359612949803],[80.64302420216278,28.83405401292746],[80.6429582987279,28.834225374526156],[80.64310196118997,28.83503142566284],[80.64309663301968,28.835661047225194],[80.6429178008445,28.83640751304038],[80.64291372662335,28.836865647161712],[80.64284469014748,28.837382234826972],[80.64281634988626,28.838185594787014],[80.64285804951064,28.838357208071027],[80.64283553890621,28.838472241171914],[80.64291912735644,28.838761327792042],[80.64291762311433,28.838932815124366],[80.64304334905736,28.839334810544514],[80.64310122953468,28.840140672318665],[80.64324338771593,28.84111589740642],[80.64323699482631,28.841862866843037],[80.64324693419081,28.841951017706158],[80.64327650282169,28.84220828069127],[80.64327243137448,28.842553569196994],[80.64320101741036,28.843126548171124],[80.64319287469202,28.843814812682524],[80.6432320701543,28.84416022684866],[80.64321854098446,28.84530887597908],[80.64327924422685,28.84565429080003],[80.64342522893389,28.846056410847588],[80.64378284723344,28.84680657371761],[80.64384399013507,28.847095596424573],[80.64382726634125,28.84853082978082],[80.64384470258075,28.84887611880351],[80.64392547374865,28.849334441116675],[80.64402994422596,28.849623590012637],[80.64419918997363,28.84989267215828],[80.6443246688172,28.85019982657627],[80.6445778798234,28.850660965434194],[80.64481058512857,28.85100900868268],[80.64518914839621,28.8518156891787],[80.64529192877359,28.85221762100281],[80.64530836270592,28.852678068263167],[80.64543340265863,28.853023672151696],[80.64549410591471,28.853369086391723],[80.64549141275845,28.85359927841586],[80.64563420222973,28.854287982945408],[80.6457177287041,28.854518364314398],[80.64579580623541,28.8552091299597],[80.64608789989066,28.85601555920275],[80.6462111225477,28.856532649430605],[80.64639824362683,28.857108634211645],[80.64643931777968,28.857282498579675],[80.64645625383551,28.857684241171516],[80.64678709937024,28.859063962842285],[80.64684855229292,28.859465831682787],[80.64695427327248,28.859752668018533],[80.64706024584778,28.859983174353385],[80.64727394583736,28.86027026158485],[80.64742299562973,28.86055728621933],[80.64778643492483,28.861018551718782],[80.64791516893112,28.861134025540878],[80.64830212289289,28.861365224063757],[80.64855965256504,28.861596109118437],[80.64896679610142,28.862037181713625],[80.64918162436538,28.86219123063605],[80.6494814805574,28.86249888843788],[80.64958764255526,28.862657248233802],[80.64971562622505,28.862725208461622],[80.65001855052567,28.862883946984642],[80.6502760794451,28.863114768697436],[80.65111413344844,28.863692451661464],[80.65169390518437,28.864154283684783],[80.65182313981944,28.864213303137724],[80.65212519022812,28.86427276278481],[80.65225436239677,28.864349787069248],[80.65251308241848,28.864427189101797],[80.65289997334168,28.86467870671302],[80.65322328047273,28.8647946206458],[80.65354602357861,28.86496917672711],[80.65445129510276,28.865278406867386],[80.65580603805049,28.86612817810682],[80.6565778136803,28.866877096937902],[80.65724117174439,28.867664026015447],[80.6576274980955,28.86801038360348],[80.65790553243788,28.868356364243553],[80.65829198438621,28.868664210528486],[80.65945434796332,28.86926296797197],[80.65997109994147,28.86951473707644],[80.66022982088123,28.869592201022062],[80.66068192424386,28.869805396513094],[80.66100529389408,28.869900991548057],[80.66274805448704,28.87090506404837],[80.66300564682692,28.87113588618923],[80.6632044665145,28.871395902812473],[80.66324085417796,28.87144335424374],[80.66358184522424,28.87205578916727],[80.66386025566574,28.8723813895641],[80.66413923129502,28.872612336122852],[80.66437594278578,28.872748254903456],[80.66456938720223,28.872920308342312],[80.66471843688743,28.873209520434497],[80.66475712848919,28.873744490578275],[80.66483921145196,28.87421863078666],[80.66551046520007,28.874186382219207],[80.66570547746683,28.87413049367742],[80.66609612842417,28.873941882180308],[80.66674719104925,28.873697509173216],[80.667028798949,28.873641746871836],[80.66729002639528,28.873432564552374],[80.66753093762577,28.873051769351726],[80.66777115884783,28.87278607056585],[80.66820664332934,28.872407966975597],[80.6684673689252,28.872255175858367],[80.66885783171311,28.87212301852667],[80.66983226453827,28.87197649099166],[80.67022272673346,28.871844208658477],[80.67074217458502,28.87175294050987],[80.67184784714493,28.87145324524804],[80.67223730670861,28.871418053811983],[80.67269103980517,28.87145750972302],[80.67314408208091,28.871614313436126],[80.67340211322039,28.87178649288972],[80.67424323783995,28.8720390173441],[80.67469690759138,28.872098792626776],[80.67482676937648,28.872081039312466],[80.67534540061006,28.87214093997523],[80.67579957210141,28.87214201048662],[80.67625418154695,28.87208675142562],[80.67655754692838,28.872030989364557],[80.6767311772424,28.871954657695735],[80.67690568382596,28.871783610847697],[80.67695114433586,28.871499339917122],[80.6770167958824,28.871384432842667],[80.67701786193884,28.871269336394874],[80.67693277048262,28.87111791585444],[80.67680359829738,28.87102057279338],[80.6765038052715,28.87063845559238],[80.67631079873023,28.870466527557756],[80.67609559529042,28.870330609601538],[80.67585938658858,28.870099850626335],[80.67510943313292,28.869274346655107],[80.67470022115221,28.86906346606418],[80.67435653423348,28.868794131505002],[80.673864299609,28.868161063191906],[80.67373700754975,28.86787191371888],[80.6738037248532,28.867644098140005],[80.67395753947673,28.86735789149325],[80.67415769073874,28.86667231923968],[80.67418584289965,28.8658689585481],[80.67425356341658,28.865526109637567],[80.67430297178066,28.864781516905328],[80.6744384123693,28.864093567587933],[80.67442129267755,28.86352252558658],[80.67431575891922,28.863233439259183],[80.67406036062387,28.862718283720785],[80.67365522216492,28.862026762327204],[80.67359163967068,28.861855086283587],[80.67359784433546,28.861110368104484],[80.67343292764954,28.860135017002367],[80.67356542176861,28.859792356259494],[80.67354541868833,28.859620805163885],[80.67365609215483,28.859275706369434],[80.67363928529996,28.858702538153675],[80.67366430319171,28.858282852779457],[80.67360272541059,28.857880984542184],[80.67363702066699,28.85633521934668],[80.67359826630988,28.85581831722463],[80.67355763321942,28.85547521575203],[80.67332706419904,28.854614835375415],[80.67333226656638,28.85398296273089],[80.67342042916587,28.853755272663296],[80.67361794808562,28.853412737619394],[80.6743376728292,28.852671969515292],[80.6745775814154,28.85238595245596],[80.67473133210348,28.852099682900533],[80.67492979131563,28.851644365462086],[80.67495374347617,28.85135784496764],[80.67504341056329,28.850956291006195],[80.67539712549164,28.85004090287263],[80.6758359946793,28.849240863629564],[80.67620670505019,28.848842314605037],[80.67636039386093,28.84855604641984],[80.6766881509528,28.848157372134402],[80.67695132177842,28.847699929958406],[80.67719173134546,28.84735745772073],[80.67743540063954,28.846672011313082],[80.67813844287487,28.845301558191082],[80.67829313454372,28.84490025543233],[80.67836035305713,28.84461379744041],[80.67833997388436,28.844460252444005],[80.67842813701064,28.844232562320553],[80.67847441167359,28.843889649637518],[80.67858552366538,28.84348822152498],[80.67902370305835,28.842803215060954],[80.67935008209437,28.84251738683644],[80.67954647265202,28.84228988620788],[80.6796787791213,28.84200361673244],[80.67968178062786,28.841951726591155],[80.67970448524915,28.8415456074562],[80.67964227965847,28.841261085939323],[80.67958627877324,28.84028604899333],[80.67933601860392,28.839254118246618],[80.6793622268791,28.838739655044176],[80.67947452797206,28.838281773150996],[80.67947628224593,28.838110285420573],[80.67958764381456,28.837767498968333],[80.68005027561388,28.836795972126804],[80.68033551712543,28.836340779985694],[80.68071073833377,28.835484097558712],[80.68077921079231,28.83508254395584],[80.6807839724212,28.83456795599989],[80.68087251073258,28.834320008872414],[80.68102563574773,28.83411045002299],[80.68122177452217,28.833959721771436],[80.68174341509507,28.833656329058062],[80.68200351473976,28.833562055026633],[80.68241655017998,28.833317114829562],[80.68280870476909,28.832995339937344],[80.68317922726479,28.832635114489417],[80.68350522841087,28.832446314735826],[80.68363540283704,28.832408243455514],[80.6840266806811,28.832163177657094],[80.68435330945397,28.83189760502688],[80.68450536761254,28.83182127239699],[80.68494122772769,28.831443168598145],[80.68565819317865,28.831025057678204],[80.68585314302226,28.830969106737097],[80.68657029613125,28.830573564989837],[80.68722067014251,28.830347134136947],[80.68776388076753,28.83006405938278],[80.68828783996983,28.82947620822974],[80.688854438309,28.82898326053616],[80.68907171121688,28.82885066226842],[80.68924609224189,28.8286795524613],[80.68976760778472,28.828376096368242],[80.69033420658303,28.827865081227277],[80.69155537835371,28.826669562930576],[80.69214523872543,28.82598487159218],[80.69273278170246,28.82555062810251],[80.69321090502424,28.825265115054172],[80.69412495149771,28.824565299191196],[80.69432215667506,28.82427915599026],[80.69456601202651,28.82359364682044],[80.69467868959642,28.823079373093194],[80.69470615124906,28.822449813300963],[80.69483971054103,28.821991993756452],[80.69584298364079,28.82100578326884],[80.6963687600321,28.820205807700013],[80.69676411076446,28.819522925852084],[80.69700458224212,28.819218778084117]]]}},{"type":"Feature","properties":{"province":"Sudurpashchim Province","district":"Kailali","municipality":"Gauriganga Municipality","ward":"5","wardNumber":5,"sourceMunicipality":"Gauriganga","sourceType":"Nagarpalika"},"geometry":{"type":"Polygon","coordinates":[[[80.82295677087163,28.77392483656288],[80.823009483577,28.773608869857547],[80.82286406046705,28.773319907528382],[80.82260884304621,28.77308483491011],[80.82175428240285,28.772553416683493],[80.821111797327,28.772236626259975],[80.82040722899346,28.771766289933762],[80.82015213688163,28.77153346827204],[80.82000771427441,28.771185738902012],[80.82002523938577,28.770267282873213],[80.82011765489484,28.769962757438016],[80.82031936312111,28.76960415528622],[80.82054708503054,28.7689951680625],[80.82066545304124,28.768462701225534],[80.8207437460714,28.767774500754488],[80.82076590123427,28.766628102611264],[80.82064223604884,28.766318759387467],[80.82051500318994,28.766183155522082],[80.82043141249935,28.766027358355533],[80.82039415469166,28.765722643749296],[80.82041872922161,28.76556922389882],[80.82059755227628,28.765267012930245],[80.82084077483687,28.764982996373107],[80.82093031123806,28.764831890809283],[80.82097952278511,28.764527302631613],[80.82083547704386,28.76414118661379],[80.82064641092842,28.763852037086146],[80.82049741980632,28.763734562999755],[80.820325919549,28.763655349641308],[80.82019837359444,28.763537812688643],[80.81966361611217,28.76324146789962],[80.81932343091303,28.762949877419416],[80.81892429330705,28.762349070231043],[80.81880338094574,28.761888558677633],[80.81877213211379,28.76127687822159],[80.8188241602853,28.76081655694571],[80.819079586661,28.759902918365903],[80.81919200823532,28.759675165409323],[80.81931043833276,28.759142698720527],[80.81949189203164,28.7585968538701],[80.81942538316189,28.75781137293225],[80.8192566980854,28.757623815468776],[80.81883698114879,28.75744269344389],[80.81822437786721,28.757353908472847],[80.81736386711366,28.757332451013482],[80.81702248748647,28.757388399452314],[80.81648590598819,28.757611082303917],[80.8161509639724,28.75780694707611],[80.81586560849725,28.757707287782303],[80.81587211562453,28.757445524405654],[80.81649092506004,28.756739951396916],[80.8169349957774,28.755266901599036],[80.81742301204328,28.754251986983675],[80.81746528588307,28.75385487125198],[80.81728122773308,28.753290452851292],[80.81710347671343,28.753127714511205],[80.81678454654075,28.753014426554152],[80.81584119166838,28.75296802404143],[80.81504545278817,28.75311136654717],[80.81478660339351,28.75319907596904],[80.81300585082128,28.754209844160446],[80.81262320569476,28.754286111019063],[80.81233672738348,28.754080358841986],[80.8122393847883,28.753737194771258],[80.81232011071525,28.753333327629583],[80.81248461682715,28.75299273036906],[80.8127697927122,28.75267270275935],[80.8132121537504,28.752328046610252],[80.81392636692148,28.751947633399876],[80.81418516002147,28.751514697937893],[80.81440550498361,28.750901146109587],[80.81444508896963,28.750569424514655],[80.81459927698567,28.750312352114157],[80.81462554064835,28.750131862033474],[80.8146089133776,28.749926488685254],[80.8141896240433,28.750239573649946],[80.81282648496557,28.75032126452965],[80.81228628400359,28.750191843662527],[80.81195842497341,28.749507575321157],[80.81156997482967,28.749057937544233],[80.81141567070598,28.748879445519353],[80.81115982668801,28.74875046680703],[80.81061449834743,28.74867074749132],[80.81016551512374,28.748760391755397],[80.80994380437731,28.74887517172949],[80.80988284196592,28.748958570797242],[80.80980587394725,28.749044219374845],[80.80959303728515,28.749371187378784],[80.80947310459854,28.750034504248173],[80.8094236334107,28.750819859064112],[80.8089880815943,28.751471356028354],[80.80860998706301,28.752188497152794],[80.80820469919013,28.752722772962855],[80.80785049822181,28.752990846458374],[80.80728459285248,28.75326766884317],[80.80686118136602,28.75338213339293],[80.80640895274709,28.753171626902784],[80.80578923005135,28.75262683247778],[80.80484989690311,28.75162121110845],[80.80437447406196,28.75129779690834],[80.80326362287018,28.751108912123208],[80.80280363323875,28.751300085871662],[80.80248238239052,28.751570409937003],[80.80241285280655,28.75175083678329],[80.80220012470838,28.752890230506274],[80.80201235559666,28.753472210243906],[80.80180439293059,28.75395034762744],[80.80182977099803,28.754275318143062],[80.80210017868262,28.75462104810881],[80.80269926960675,28.755075503634387],[80.80292941156746,28.755427922478134],[80.80290946166959,28.755687372999663],[80.80277052877815,28.755994086270004],[80.8023057830332,28.756417703436863],[80.80209763978951,28.756505413119775],[80.8016150198784,28.756585991915752],[80.79831384135933,28.756538302669934],[80.79762989822457,28.75646051883105],[80.79697502545798,28.756543032839232],[80.79646295151981,28.756819856495255],[80.79612419230624,28.7571691406989],[80.79522476495411,28.75854890632777],[80.79522307557777,28.758596295332854],[80.79522138602658,28.758645934700535],[80.79520587211414,28.7590769985698],[80.79517979485308,28.759307127809446],[80.79517409940264,28.759593711983733],[80.79523342900482,28.75988042172145],[80.79595036797303,28.76081120612495],[80.79630436203593,28.761506915117074],[80.7963451256635,28.761622074223066],[80.79634193280809,28.76179356220962],[80.7962522715698,28.761964985675185],[80.79592013853313,28.762359409261265],[80.79534941470537,28.76278958874783],[80.79478157046715,28.763086605004812],[80.79442868090695,28.763444891314094],[80.7943393943664,28.763595997578435],[80.79431194059147,28.763882581025808],[80.79439409224955,28.764112899726275],[80.79452019858246,28.764286764826565],[80.79466981517959,28.76438635922252],[80.79481736667096,28.764578417478575],[80.7950084983628,28.76475478473863],[80.79543465208468,28.765066820216916],[80.79584223957691,28.765247941539666],[80.79618411410401,28.765444816992108],[80.79644195960543,28.765524157148786],[80.79693245005926,28.765876955245],[80.7971896068645,28.765996932263107],[80.7974482031052,28.766040198633682],[80.79796226687866,28.766277963501445],[80.79813445560573,28.76631885377456],[80.79839449126999,28.7663034156213],[80.79874274995295,28.766175320613264],[80.79891775575655,28.766064978748684],[80.79926595077072,28.765954889168192],[80.79952780200544,28.765826668397906],[80.79970174306885,28.765790785221878],[80.80021931183174,28.765857000310426],[80.80045433536007,28.76599504435181],[80.80049616144437,28.76607181710978],[80.80049153042908,28.76630200927593],[80.80019947162751,28.76687029685931],[80.79997875881955,28.767095609057545],[80.79989160069591,28.767133868685395],[80.79947475000894,28.767451455932342],[80.79936370483288,28.76760249839248],[80.79922727229916,28.76794528398108],[80.79924095653932,28.768347027298436],[80.79940601057754,28.76875127334821],[80.79978614517236,28.769216727566658],[80.79995338931961,28.769505815056817],[80.80009806225638,28.769853544720096],[80.8000491628652,28.7701378765851],[80.79981968889034,28.770767119843455],[80.79992297325525,28.77099750194326],[80.80019738271577,28.771347671290197],[80.8003470623315,28.7714268838442],[80.80047704839039,28.77142707420688],[80.80073846137599,28.77135524411887],[80.80108565518566,28.77132417774618],[80.8021324947166,28.770863121644023],[80.80219895927819,28.77078866335006],[80.80263650449808,28.77050721214466],[80.80324160610782,28.770537417603613],[80.80358560934494,28.77063951557774],[80.80384245320934,28.770757241138487],[80.80416288220624,28.770974310214427],[80.80431012012463,28.771186687431037],[80.804371264631,28.771378556443437],[80.80432130164638,28.771723782314794],[80.80398566433314,28.772292005781228],[80.80372212359413,28.772515067457675],[80.80343419603383,28.77285541231884],[80.80321523569671,28.773004077777877],[80.8030155300624,28.77324977164716],[80.8029459998622,28.773477587133364],[80.80294005475236,28.773766422231244],[80.80289297079533,28.773937908981598],[80.80295198696649,28.774224556779654],[80.80296498371015,28.774626299354495],[80.80282304468561,28.77519934034863],[80.80281922711588,28.775370827556312],[80.80290106550103,28.77560114663008],[80.80306937421412,28.775833842749943],[80.80349596628803,28.776148128614597],[80.80389792149931,28.7765932655239],[80.80404478466156,28.77682596086537],[80.804334630621,28.777462776588315],[80.8042633485362,28.77774929722822],[80.80417437494548,28.777862016662553],[80.80380097993933,28.778105207076155],[80.80371138048667,28.778256249756367],[80.80361508534011,28.77871425785977],[80.80373737453375,28.779059735711385],[80.80375556547973,28.779233536953],[80.80385897466213,28.77946385568458],[80.80385159102981,28.779809144227208],[80.80344974015907,28.780375053911513],[80.80344504715106,28.780605184271845],[80.8035638310261,28.781124400035296],[80.80377609396483,28.781339091428148],[80.80424939457355,28.78147970302403],[80.8052002499074,28.781591625306245],[80.80584117138353,28.782003317961227],[80.80596840329846,28.782138859720632],[80.80602954807998,28.782312724394206],[80.80602710712249,28.782427883124072],[80.8058626661087,28.782684893396787],[80.80608155530412,28.78292671753147],[80.80624711095334,28.783292514374704],[80.80658723310117,28.783604423318838],[80.80719339826707,28.783614311185172],[80.80745236940776,28.78365751470501],[80.80780025136663,28.783606130205687],[80.80805984954144,28.783608759437215],[80.80849526437576,28.783521366266775],[80.80884558798806,28.783334504460576],[80.80900158831479,28.783127132776176],[80.80922161116175,28.78297846762913],[80.80929145496948,28.78273033416977],[80.80926439769215,28.781965234542028],[80.80940101693587,28.78166077235728],[80.80999762835137,28.781097428648287],[80.81015362857215,28.780887744458745],[80.81030718812345,28.780795469523284],[80.81055072263712,28.78051370351661],[80.81083539610604,28.78032677784862],[80.8111172526973,28.78029333494162],[80.8116334443375,28.780436197335078],[80.81197894893748,28.780461522433168],[80.81224042349636,28.780369374670627],[80.81250046016513,28.780335868340057],[80.81285015792002,28.780149006445008],[80.81328526203697,28.780005221563545],[80.81345813942717,28.780007662238695],[80.81388973831416,28.780053431906],[80.8141480221131,28.780114703776317],[80.8143195224362,28.780193917084976],[80.81463932590451,28.780429053107873],[80.81506873376647,28.780589857286852],[80.81585278498048,28.780297533272638],[80.81618103747306,28.78009260369004],[80.81635572953242,28.78001833395791],[80.81713727630354,28.779859237194717],[80.8173094651552,28.779900001674367],[80.8174363853262,28.780035730680698],[80.8175864410055,28.780114818783616],[80.81814909048872,28.780086256178304],[80.81857950019453,28.78019060668079],[80.8188410383916,28.780080390885683],[80.81893101303517,28.77990902922711],[80.81895984433886,28.77952766787676],[80.81886075310753,28.779064905586992],[80.81886525931638,28.77883696376053],[80.81899781248163,28.778685921341378],[80.81943604601304,28.778386340617963],[80.81969645680464,28.77833482925363],[80.81987321462873,28.778145464408773],[80.82004784525695,28.77805318947079],[80.82031144785635,28.777848133645808],[80.82037997733485,28.777656391103626],[80.82044919551079,28.777428637697156],[80.82045658131688,28.777047213544027],[80.82039925478738,28.776663475689105],[80.82021056394076,28.776354006987265],[80.82015010901242,28.776123750654303],[80.8201546778415,28.775893558736023],[80.82022245548798,28.775742452568338],[80.82042028322323,28.775573468281696],[80.8205074421134,28.77553520890137],[80.82097025060723,28.775084458294163],[80.82130451093947,28.774574876926838],[80.8219204411281,28.774029538772076],[80.82224769210886,28.773883313749558],[80.82259413569969,28.773849871595974],[80.82285279472438,28.773893138195408],[80.82295677087163,28.77392483656288]]]}},{"type":"Feature","properties":{"province":"Sudurpashchim Province","district":"Kailali","municipality":"Gauriganga Municipality","ward":"7","wardNumber":7,"sourceMunicipality":"Gauriganga","sourceType":"Nagarpalika"},"geometry":{"type":"Polygon","coordinates":[[[80.88339022673287,28.814711014650502],[80.88335966076585,28.814273135516185],[80.88334335451788,28.81365933024268],[80.88321806710093,28.813124359054427],[80.88313930572197,28.81220352620831],[80.88305584374741,28.811822037906797],[80.88303809539663,28.811361590260073],[80.88297632975416,28.810977976448974],[80.88295971034154,28.810366359271512],[80.88275127468692,28.80944546169047],[80.88280525813049,28.80814333083474],[80.88289661649604,28.807531840576015],[80.88288137561801,28.806766741324495],[80.88281854403617,28.806536484866715],[80.88280186183918,28.80592267960905],[80.88283114051454,28.805004161130956],[80.88291986728295,28.80469732278447],[80.88296752009828,28.804162541598256],[80.88307988523401,28.8036277610171],[80.88315048844257,28.8029372474279],[80.88313198884498,28.802555823280457],[80.88322403655873,28.801865371737772],[80.8835605061211,28.800276911806026],[80.8840501729155,28.797964115894235],[80.88409613592009,28.79750379422337],[80.88427378072348,28.79673888484673],[80.88440935030806,28.795743783327314],[80.88454140788532,28.795362486132188],[80.88480282535164,28.794979064922565],[80.88508763409887,28.794290991925767],[80.8852637102931,28.793756276082078],[80.88535099611923,28.79360285715292],[80.88546236084616,28.793068139858153],[80.88579275546847,28.791996517684115],[80.88594895569926,28.791154773521576],[80.88599491975084,28.790694452099054],[80.88615074249735,28.789929541963847],[80.88674594210755,28.787941843629334],[80.88683705451288,28.787174620038694],[80.88723435564336,28.785798284960485],[80.88736603671413,28.785416988227315],[80.88765040533427,28.784805625501086],[80.88822528938228,28.782585482952058],[80.88825093586146,28.78197386661985],[80.88816647294236,28.7816669008666],[80.88814929394114,28.780899613221983],[80.88817337211206,28.78051593830408],[80.88821739160257,28.780364769387937],[80.88817688568197,28.779904384613314],[80.88818077368865,28.779290516879048],[80.8882247937628,28.779137097455568],[80.88822629826092,28.778909155342454],[80.88818579223282,28.77844877052692],[80.88827652658462,28.777758256272136],[80.88823677371312,28.777146639056998],[80.88819469858473,28.77699315620334],[80.88841861968527,28.77569115283272],[80.88859312912723,28.775386628421906],[80.88902774034771,28.774872484400095],[80.88915866803416,28.774662674747542],[80.88929003643804,28.774358150450972],[80.88935656741678,28.77405349926686],[80.88933819584523,28.773516404506488],[80.88938265410444,28.77328852590164],[80.88938999246348,28.772065354434506],[80.88930584293637,28.771720002289833],[80.88904724707638,28.771604651964516],[80.88872437927759,28.771448726552162],[80.88805863889368,28.770888489944433],[80.88780042040456,28.770714497603386],[80.88715462061967,28.770425090552447],[80.8856032342859,28.76991604284892],[80.8854096631311,28.76980075642276],[80.88502289929703,28.769491285282623],[80.8845711087779,28.76922007410053],[80.88424817772753,28.769084404044246],[80.8839899581971,28.768930730383477],[80.88366790566704,28.768641578409394],[80.88308637874948,28.76840862660027],[80.88276388596415,28.76821425182965],[80.88218235869934,28.767981362174357],[80.88160045527745,28.767822870250676],[80.8811486655818,28.767571977462598],[80.88050255265229,28.767300575679307],[80.87998529799017,28.767144397125957],[80.87959734122475,28.767065055632305],[80.8784339741152,28.766675924224362],[80.8770774750806,28.76607435249385],[80.87662537182295,28.76584384027934],[80.87617314266254,28.765649276980596],[80.87572103819352,28.765475156883404],[80.8753335220182,28.765262588382722],[80.87520422439688,28.765221887339848],[80.87468816051425,28.7649144770583],[80.87352529470284,28.76442825415503],[80.87281378032097,28.764271822488784],[80.87268410641525,28.764271696216458],[80.87177582309215,28.764514565583323],[80.87161844893286,28.76461371794687],[80.87155917561525,28.764670108501235],[80.87118166240606,28.764459853792523],[80.87023080540288,28.764422827997105],[80.87005723992097,28.76445877375288],[80.86850027907634,28.76446856565224],[80.86737760796125,28.764390838764346],[80.86685791139105,28.76443990775243],[80.86642568597017,28.764430460760675],[80.86452810281958,28.764166855289506],[80.86409625272174,28.764141528387576],[80.86349252790706,28.764052931438318],[80.86314677263397,28.764048049545504],[80.86288848933083,28.76398465251753],[80.86228407505551,28.763936628829114],[80.8602184329152,28.763422260106392],[80.85832159990508,28.763120143025116],[80.85780334309452,28.763092501758898],[80.85763109195145,28.763049424168944],[80.8571117706581,28.763078237460714],[80.85624976170679,28.76293068139263],[80.85418418199744,28.76241618619692],[80.85323576543729,28.76226394020801],[80.8512559669616,28.761790146670265],[80.84970870684784,28.761303230038248],[80.84891478858849,28.761027012217713],[80.84886495957198,28.760943486971858],[80.84844568226545,28.760651895449023],[80.84825448874419,28.7604756531173],[80.8480044669242,28.75999469649453],[80.84754943116373,28.7594254601213],[80.84756689202078,28.758597279582713],[80.84758203639281,28.7578863847045],[80.84793262323343,28.75697731091473],[80.84933398589767,28.755794047433593],[80.85008428400326,28.754966628605874],[80.85057448300604,28.754213415945586],[80.8507051033538,28.75376891190425],[80.85060375553914,28.753644749436585],[80.84851628761353,28.75337388801853],[80.84779720891383,28.753176694481805],[80.8472767048382,28.75293242750134],[80.84690013745403,28.7523520020718],[80.84680055784887,28.751284437885346],[80.84693662208498,28.75060080154605],[80.8471302664222,28.750154173958965],[80.84735291876275,28.749827143782174],[80.84743338847396,28.74973699338411],[80.84754918522688,28.749601705955484],[80.84766298077189,28.749461916865126],[80.84763697779331,28.749087243566027],[80.84742140832162,28.748498005592573],[80.84728749884042,28.747680888605217],[80.84756298871136,28.74711022536676],[80.84756943376217,28.746843960717943],[80.84724451997191,28.74575813689734],[80.84732106238187,28.745058558191673],[80.84752315267635,28.744293712151862],[80.8471900510264,28.74310854760445],[80.84712428238485,28.74278126268728],[80.84708120606317,28.74266835406321],[80.8469067142543,28.74206336129341],[80.84657112584398,28.740158235882912],[80.84623545534849,28.739178443129127],[80.84607956874626,28.736779300192143],[80.845802990002,28.735490355749874],[80.84560073138636,28.73524184263149],[80.84472458363486,28.73551165860927],[80.84421245235069,28.735558477112463],[80.84371295486355,28.735427056068527],[80.84307203690803,28.734882386307095],[80.84280431852513,28.73453684399027],[80.84270322227239,28.734297459881503],[80.84250790185875,28.734148287669413],[80.84219497250486,28.73407344890091],[80.84191905636953,28.734091199587407],[80.84175949841598,28.733980414672246],[80.84092230603142,28.73410587654046],[80.84079525885214,28.73410343691017],[80.8402609015909,28.73570064687819],[80.8400955829292,28.736029928318327],[80.83980215278072,28.736399657099966],[80.83937298830007,28.736577452671977],[80.83854867673936,28.736639707939073],[80.83723936124247,28.737163966879397],[80.83610710945003,28.73787121984261],[80.83574746700491,28.738234196141978],[80.83559534284215,28.738488955901882],[80.83558608129017,28.73887263083078],[80.83575199618099,28.740053103684097],[80.83533195810233,28.74031667510674],[80.83487309629182,28.740408632489224],[80.83444224208266,28.74062475200837],[80.83430850118236,28.74080511474708],[80.83421083178996,28.74119091445179],[80.83430742022328,28.741737200478138],[80.8342615858451,28.741951513010942],[80.83479953710848,28.742017602849042],[80.83535912329626,28.741986727439052],[80.83591558486799,28.7418767656358],[80.83734656142103,28.741788261932452],[80.83768243591261,28.741917242335447],[80.83774870103545,28.742398071093646],[80.83765209260467,28.74289440289266],[80.83755008170542,28.744683926031357],[80.83719386508457,28.74572841395647],[80.83644218648028,28.746815284092985],[80.83623998176043,28.746984267409378],[80.83561556151021,28.74690229664704],[80.83521697358034,28.74692435961848],[80.83429599764992,28.74715791452031],[80.83387927471074,28.74733120858739],[80.8328682015712,28.74762790536333],[80.83212497703377,28.747994813969754],[80.83162640931012,28.748280827689623],[80.83134110904369,28.748555778930935],[80.8309209370197,28.749257166094704],[80.8308455313926,28.74936763413509],[80.83059712212786,28.749552372421594],[80.82993649106578,28.749901339891142],[80.82973016191616,28.750009430299816],[80.82878478648719,28.751030528110796],[80.82833123736793,28.751185691913708],[80.82802292992885,28.75141325326033],[80.82790938000862,28.751760666305053],[80.82719454946233,28.751737148629278],[80.82675750840414,28.75179303347795],[80.82588867364946,28.7522162067481],[80.82516833591278,28.752413878496956],[80.82447501366516,28.752399488734845],[80.82387060233084,28.752209111313384],[80.823536038071,28.752237989260756],[80.82287603376444,28.75253731742428],[80.82257466928269,28.752618149175674],[80.82201420979904,28.75257225172919],[80.82147262740237,28.752738542832702],[80.82056884235928,28.753143584443574],[80.8192434607854,28.75355030933942],[80.81890163829048,28.75387483653009],[80.81868418419701,28.753741418976734],[80.81842265561899,28.753352863417916],[80.81818000547592,28.7531674932334],[80.81776909841899,28.753286584197124],[80.81739783469297,28.75323193732172],[80.81728122773308,28.753290452851292],[80.81746528588307,28.75385487125198],[80.81742301204328,28.754251986983675],[80.8169349957774,28.755266901599036],[80.81649092506004,28.756739951396916],[80.81587211562453,28.757445524405654],[80.81586560849725,28.757707287782303],[80.8161509639724,28.75780694707611],[80.81648590598819,28.757611082303917],[80.81702248748647,28.757388399452314],[80.81736386711366,28.757332451013482],[80.81822437786721,28.757353908472847],[80.81883698114879,28.75744269344389],[80.8192566980854,28.757623815468776],[80.81942538316189,28.75781137293225],[80.81949189203164,28.7585968538701],[80.81931043833276,28.759142698720527],[80.81919200823532,28.759675165409323],[80.819079586661,28.759902918365903],[80.8188241602853,28.76081655694571],[80.81877213211379,28.76127687822159],[80.81880338094574,28.761888558677633],[80.81892429330705,28.762349070231043],[80.81932343091303,28.762949877419416],[80.81966361611217,28.76324146789962],[80.82019837359444,28.763537812688643],[80.820325919549,28.763655349641308],[80.82049741980632,28.763734562999755],[80.82064641092842,28.763852037086146],[80.82083547704386,28.76414118661379],[80.82097952278511,28.764527302631613],[80.82093031123806,28.764831890809283],[80.82084077483687,28.764982996373107],[80.82059755227628,28.765267012930245],[80.82041872922161,28.76556922389882],[80.82039415469166,28.765722643749296],[80.82043141249935,28.766027358355533],[80.82051500318994,28.766183155522082],[80.82064223604884,28.766318759387467],[80.82076590123427,28.766628102611264],[80.8207437460714,28.767774500754488],[80.82066545304124,28.768462701225534],[80.82054708503054,28.7689951680625],[80.82031936312111,28.76960415528622],[80.82011765489484,28.769962757438016],[80.82002523938577,28.770267282873213],[80.82000771427441,28.771185738902012],[80.82015213688163,28.77153346827204],[80.82040722899346,28.771766289933762],[80.821111797327,28.772236626259975],[80.82175428240285,28.772553416683493],[80.82260884304621,28.77308483491011],[80.82286406046705,28.773319907528382],[80.823009483577,28.773608869857547],[80.82295677087163,28.77392483656288],[80.82339011872655,28.774054005813497],[80.82360338329195,28.774212305760052],[80.82370848188326,28.774365852674585],[80.82376856213214,28.774616488780158],[80.82376336808589,28.7748760029234],[80.82375667064545,28.775228042919768],[80.82372295888071,28.775857602022874],[80.82361266423686,28.775970258954537],[80.82328510081368,28.776136927154397],[80.82319437409532,28.776364742923437],[80.82321137692557,28.776594935827266],[80.82329465438646,28.776768800646458],[80.82412683167026,28.77733860447745],[80.82433803088804,28.7776096879004],[80.82450252161819,28.77805225701708],[80.82471553581176,28.77820818123051],[80.82491023410054,28.778210685352125],[80.82525911789882,28.778064459765414],[80.82551852840555,28.778069340230658],[80.8261205013407,28.778250715089374],[80.82639710110747,28.77848566307863],[80.82654433961146,28.77869797736013],[80.82672401710028,28.779465517945226],[80.82693139835028,28.779928469466714],[80.82714197196547,28.780219807837472],[80.82760763683703,28.780743968400795],[80.82769091536244,28.780917895969147],[80.8279858303026,28.78132445704554],[80.8281510093705,28.781728640441827],[80.82851370416137,28.781984095476318],[80.82885745559997,28.78210413569469],[80.82902964462706,28.782144963178425],[80.82946230794921,28.782134216835072],[80.82993598312562,28.78229051972473],[80.83006396777014,28.782333596736095],[80.83023515539153,28.782412810299203],[80.83048999689743,28.782647820081266],[80.8305950961706,28.782801491491817],[80.8306357962991,28.782936844106818],[80.83063028852256,28.78322342883511],[80.83068761453623,28.783625234275064],[80.83082796859887,28.784200905695197],[80.83103603959995,28.784607340384813],[80.83124661239806,28.784896490548938],[80.8313914731353,28.785241969410144],[80.83153733484865,28.785533244580353],[80.83191978459968,28.7858632217713],[80.83219888809745,28.78596288004547],[80.83306346257103,28.785975209420744],[80.83323709111667,28.7859415768215],[80.83358572573587,28.785793039085412],[80.83410761315565,28.785628873690246],[80.8345427167005,28.78548277472905],[80.83484983678598,28.78525746347838],[80.83502415355201,28.78518319475191],[80.83528387670498,28.785167755992017],[80.83562869300276,28.785211023933233],[80.83616263782325,28.78556369866304],[80.83650707816798,28.785627347318073],[80.83676473551208,28.785726943035115],[80.83702170568098,28.785844605742728],[80.83719251702169,28.785962205296673],[80.8373194375388,28.78609768455627],[80.83742453636087,28.786253544884094],[80.83756801960202,28.78667573265635],[80.83765204904293,28.78679320587934],[80.83792902379244,28.787007898486646],[80.8382897156144,28.787355818044635],[80.83903773818231,28.787808149607923],[80.8392711342071,28.78804084651505],[80.83948414818582,28.788196832451895],[80.83971698101507,28.788467915921537],[80.84050676771317,28.78899689551724],[80.84120914660683,28.78956194675289],[80.84138070912442,28.789641097309925],[80.84214880072977,28.790170076498313],[80.84274745694515,28.79052281410369],[80.84317592658002,28.790721941260387],[80.8438589873727,28.791171770527395],[80.84402842265831,28.79136608054767],[80.84425875102708,28.7917522594691],[80.84450495513482,28.792443090818608],[80.8446519438945,28.792675723443722],[80.84483662851488,28.793195003880502],[80.84484486751259,28.793883267664352],[80.84498215463454,28.794630426302717],[80.84531902250795,28.795095692722114],[80.84585096393224,28.795543144817195],[80.8460829829751,28.795852613880022],[80.84641571999117,28.796545822379237],[80.84671420287773,28.796762764853483],[80.84703306700185,28.79705429326475],[80.84713854169873,28.79718977142507],[80.84764077634131,28.798056971358047],[80.8478514129229,28.798348309494017],[80.84808036543636,28.79880894763043],[80.84869289345225,28.7995656168636],[80.84937288702159,28.800186933628105],[80.84948999203205,28.80027514864935],[80.84973508119919,28.80046045697881],[80.85049985516063,28.80114060583521],[80.85126675827611,28.80170790863433],[80.8518648518856,28.802060582899013],[80.85287046985988,28.80259200446215],[80.85389884751159,28.803067034047288],[80.85470970516451,28.803596013677573],[80.85509165414099,28.803964252323475],[80.85519644050797,28.804117861209278],[80.85523250978096,28.804483469228185],[80.8551777071615,28.80614439274161],[80.85523547206763,28.806489744595833],[80.85524352437004,28.807178071155956],[80.85517161533711,28.807520983215234],[80.85518755257351,28.807807630444486],[80.85499740276667,28.80866500349531],[80.8549598102785,28.809468363744955],[80.85479348255427,28.810210641051857],[80.85480259944141,28.810842576279708],[80.85491956832263,28.811474576199615],[80.85486015531677,28.812277873129926],[80.85486338832743,28.81319414192961],[80.85501811701019,28.814115101445104],[80.85536591567887,28.815094893385595],[80.85567770858206,28.81573170982457],[80.85590985291877,28.816020735775634],[80.85620702117703,28.816312200879143],[80.85631186993137,28.816486065641897],[80.85649761885595,28.816948891793565],[80.85651499547723,28.817179146693867],[80.85639775511379,28.817634840983292],[80.85630784284238,28.81780632750388],[80.85615321892656,28.81797537446245],[80.85606117907147,28.8182618327161],[80.85592699850466,28.8184896466476],[80.85583151638338,28.818947654724965],[80.8556506282141,28.81934464362208],[80.85560291785121,28.81957477253105],[80.8555130060782,28.819746133864644],[80.8552380117379,28.820544801785715],[80.85510383211486,28.820772616413098],[80.85486029731727,28.82105444538801],[80.85452134216862,28.82179653226789],[80.85420965348865,28.822249848600393],[80.85409479194425,28.82259275939574],[80.85410972834521,28.822935797712912],[80.85416893179695,28.823224695451284],[80.85460864519187,28.82397667310845],[80.85477745441287,28.824209305650996],[80.85535178578294,28.824715400208795],[80.85605203556314,28.82543380932228],[80.85652051742272,28.82582474285302],[80.85692122057512,28.826366782801873],[80.85708865250602,28.826655808246873],[80.85759764613071,28.8271799071326],[80.85780834498443,28.827471244827375],[80.85799209119469,28.828046916908068],[80.85803683761644,28.82908053244077],[80.85802482106016,28.82971240537976],[80.85799749243894,28.829998988842643],[80.85790651616169,28.830226866746425],[80.85789894277842,28.830628546642007],[80.85797890336391,28.830973899646768],[80.85810657535889,28.831071117037833],[80.8583681127122,28.83097884462721],[80.85902543041867,28.83056879621373],[80.85933367754127,28.830287031277432],[80.85958234397752,28.82973662346348],[80.8598061234226,28.82935770358446],[80.85993798776484,28.8292449848128],[80.86052884142883,28.828909332648585],[80.86059524304612,28.828832686668925],[80.8609896473241,28.82857130285797],[80.86107711811464,28.828535293785805],[80.8615099687493,28.828522171468972],[80.86185766394149,28.82845034339278],[80.86211776226105,28.82843703099988],[80.86237867405737,28.82836282568737],[80.86257687686765,28.82819377895107],[80.86292488487591,28.828085814906313],[80.86309995331291,28.82799347819313],[80.86356038241938,28.82767345342004],[80.86424252607684,28.8270919184596],[80.86459191046924,28.826925249552254],[80.86502645136126,28.826835417285377],[80.86528623672069,28.82684017318494],[80.86563324358194,28.826788600755602],[80.86624278833034,28.826606431463155],[80.86648363236836,28.826457703723346],[80.86665757348206,28.82642175819262],[80.86700695840126,28.82625515212964],[80.86726749483735,28.826201202777426],[80.867790821094,28.825998589350604],[80.86831252012637,28.825872747616625],[80.86909437925429,28.82573359333803],[80.86995995555982,28.825727604855167],[80.87030996652315,28.825522612438263],[80.87048678692065,28.825333184546096],[80.87064003421216,28.825240847122362],[80.87079565922491,28.825031100694492],[80.87103775426914,28.824805662684255],[80.87132555669632,28.82446738116718],[80.87142122655573,28.824022876783758],[80.87155002452995,28.8240478239752],[80.87161723801005,28.824032132149448],[80.8717662322352,28.82399612436593],[80.87226686743645,28.823520430031692],[80.8724188006143,28.82344384724321],[80.8726798411521,28.823216158935313],[80.87298521245133,28.822891506273468],[80.87311495027646,28.822835179017822],[80.87383222967189,28.822321289471347],[80.87454800681135,28.821963132299537],[80.87480898385797,28.821771580330953],[80.87493909627759,28.82171525354288],[80.87533024965637,28.821410982173248],[80.87578605113043,28.82116535522412],[80.8760470914635,28.820935416385943],[80.87705080471129,28.81971544911711],[80.87731215788213,28.81946969298984],[80.87752917999241,28.819336720006167],[80.87779021990596,28.819106781788218],[80.87807408369335,28.818763998000765],[80.87888002766672,28.817945520106598],[80.87909811586064,28.817677132355215],[80.87988035809715,28.817106851439807],[80.88014064594,28.8169942596523],[80.8807268741082,28.816633725767918],[80.88116054124664,28.81642423362648],[80.88161740859321,28.81602512307336],[80.88203113515769,28.815605756548695],[80.88250938369443,28.815265413932863],[80.88268351520301,28.815091803068007],[80.8830092041292,28.814902502114315],[80.88339022673287,28.814711014650502]]]}},{"type":"Feature","properties":{"province":"Sudurpashchim Province","district":"Kailali","municipality":"Gauriganga Municipality","ward":"8","wardNumber":8,"sourceMunicipality":"Gauriganga","sourceType":"Nagarpalika"},"geometry":{"type":"Polygon","coordinates":[[[80.81728122773308,28.753290452851292],[80.81739783469297,28.75323193732172],[80.81776909841899,28.753286584197124],[80.81818000547592,28.7531674932334],[80.81842265561899,28.753352863417916],[80.81868418419701,28.753741418976734],[80.81890163829048,28.75387483653009],[80.8192434607854,28.75355030933942],[80.82056884235928,28.753143584443574],[80.82147262740237,28.752738542832702],[80.82201420979904,28.75257225172919],[80.82257466928269,28.752618149175674],[80.82287603376444,28.75253731742428],[80.823536038071,28.752237989260756],[80.82387060233084,28.752209111313384],[80.82447501366516,28.752399488734845],[80.82516833591278,28.752413878496956],[80.82588867364946,28.7522162067481],[80.82675750840414,28.75179303347795],[80.82719454946233,28.751737148629278],[80.82790938000862,28.751760666305053],[80.82802292992885,28.75141325326033],[80.82833123736793,28.751185691913708],[80.82878478648719,28.751030528110796],[80.82973016191616,28.750009430299816],[80.82993649106578,28.749901339891142],[80.83059712212786,28.749552372421594],[80.8308455313926,28.74936763413509],[80.8309209370197,28.749257166094704],[80.83134110904369,28.748555778930935],[80.83162640931012,28.748280827689623],[80.83212497703377,28.747994813969754],[80.8328682015712,28.74762790536333],[80.83387927471074,28.74733120858739],[80.83429599764992,28.74715791452031],[80.83521697358034,28.74692435961848],[80.83561556151021,28.74690229664704],[80.83623998176043,28.746984267409378],[80.83644218648028,28.746815284092985],[80.83719386508457,28.74572841395647],[80.83755008170542,28.744683926031357],[80.83765209260467,28.74289440289266],[80.83774870103545,28.742398071093646],[80.83768243591261,28.741917242335447],[80.83734656142103,28.741788261932452],[80.83591558486799,28.7418767656358],[80.83535912329626,28.741986727439052],[80.83479953710848,28.742017602849042],[80.8342615858451,28.741951513010942],[80.83430742022328,28.741737200478138],[80.83421083178996,28.74119091445179],[80.83430850118236,28.74080511474708],[80.83444224208266,28.74062475200837],[80.83487309629182,28.740408632489224],[80.83533195810233,28.74031667510674],[80.83575199618099,28.740053103684097],[80.83558608129017,28.73887263083078],[80.83559534284215,28.738488955901882],[80.83574746700491,28.738234196141978],[80.83610710945003,28.73787121984261],[80.83723936124247,28.737163966879397],[80.83854867673936,28.736639707939073],[80.83937298830007,28.736577452671977],[80.83980215278072,28.736399657099966],[80.8400955829292,28.736029928318327],[80.8402609015909,28.73570064687819],[80.84079525885214,28.73410343691017],[80.84102673436911,28.733410862342872],[80.84097547203382,28.733018058585454],[80.84067006913698,28.73178556818348],[80.84058481415761,28.73041335172759],[80.84045315445894,28.729612052397265],[80.8403687703361,28.728465465263746],[80.84023823465647,28.727788265007316],[80.83986636532705,28.726729448487585],[80.83973177103664,28.725779168590545],[80.83984275663335,28.725420501960688],[80.84003783669267,28.725093471983037],[80.84026161380335,28.724798076189288],[80.84074580281157,28.724421785651593],[80.84093606898216,28.724103757870402],[80.84089930969418,28.723864499678964],[80.84045589552429,28.723728578487844],[80.83916016233937,28.723490113847042],[80.83848065692398,28.723525426063347],[80.83695395176052,28.723814675669846],[80.83618647524771,28.72382510454882],[80.83572199107788,28.723686869333882],[80.83555355147709,28.723756637426774],[80.83549252212785,28.72410411296344],[80.83572709811367,28.724706918302715],[80.83583325375628,28.725185497365104],[80.83627483586797,28.726271572700256],[80.83632364412645,28.727424849191305],[80.83620402977601,28.727810584908973],[80.83564486548455,28.72863819392039],[80.83548198439179,28.729014865021533],[80.835443465151,28.729292383338077],[80.83550029641214,28.729398539948125],[80.83604624242338,28.729873124358857],[80.83656961991943,28.73022354799011],[80.83667546681416,28.73049000244727],[80.83666758253385,28.730819473714487],[80.8364361119464,28.73129761024528],[80.83613518138888,28.731525172602208],[80.83511679051276,28.73193021336268],[80.83476246966117,28.731922955906292],[80.83459165708625,28.73184380499433],[80.83444829501846,28.731635992709226],[80.83292612517145,28.73021011363969],[80.83150205024008,28.729055128917192],[80.83100430327923,28.728894261192668],[80.8301481092463,28.728748768247232],[80.82993671880968,28.72865373736517],[80.82966130986256,28.728326199657815],[80.82961642417342,28.72799666501692],[80.82986477897002,28.72738536452765],[80.82993668351605,28.727277084148763],[80.83002646991417,28.72714185812406],[80.82993675159885,28.727006254811982],[80.8297490612109,28.726724043490368],[80.82938168126806,28.726305978359633],[80.82906037747837,28.726084408359494],[80.8282120050774,28.725632013344086],[80.8275984646538,28.725468706284094],[80.82686807633154,28.72490815566557],[80.82663755858248,28.72456705164762],[80.82651689530317,28.7241809992346],[80.8264109338043,28.723381951141786],[80.82631717837585,28.72183818492844],[80.826933071836,28.71997933693843],[80.82845150390995,28.717494319590134],[80.8286137607637,28.717072510429112],[80.82861820296526,28.7169167775843],[80.82862395898094,28.716700151959053],[80.82850255934454,28.715607704841727],[80.82848825512987,28.714932881299916],[80.8281134292905,28.71481284053532],[80.82783776903732,28.714471736632103],[80.82753623234508,28.713760461022236],[80.82708813747861,28.7132069791085],[80.82683323097456,28.71311638645663],[80.8255923242685,28.71326597422667],[80.82526814267908,28.71309404379676],[80.82489825475668,28.713057465095893],[80.82491907106917,28.713258337031373],[80.82494082502076,28.713468273215582],[80.82496274600277,28.714716264934708],[80.82515948827938,28.715711747176652],[80.8251879281735,28.716138372332153],[80.82507018124178,28.71691678591075],[80.82501709146811,28.717268763895675],[80.82498606591653,28.718024796998332],[80.8245980827705,28.719274532423942],[80.82375917339647,28.7208983702189],[80.8233877031725,28.721791564464116],[80.8230902704445,28.722253820463873],[80.8229190693754,28.722804228966606],[80.82278983056506,28.72295752199024],[80.82224943392039,28.723268354433447],[80.82189229959934,28.723260972464608],[80.82124123778972,28.723497156619125],[80.82073953943096,28.723995232233897],[80.82061898818216,28.72429294250616],[80.82067349860516,28.724834665134097],[80.82106162878449,28.72562277706544],[80.82120441788788,28.726365496592926],[80.82119409317346,28.72678068041903],[80.8211079912676,28.727180046110657],[80.82092566669972,28.727484445068686],[80.81983492863739,28.72826390750665],[80.8191285265567,28.72883618907906],[80.81832377122258,28.72962722146341],[80.81796775286257,28.730116483743718],[80.81763692775047,28.730777297978573],[80.81739345069651,28.7312937581026],[80.81738793367992,28.73207686191833],[80.8161316748634,28.733921196422305],[80.81462151184297,28.735620796200465],[80.81291038058187,28.73817083010771],[80.81265183992326,28.738484167563385],[80.81238047409245,28.739151796971875],[80.81240078507338,28.739603179630116],[80.81259435053761,28.740018741855984],[80.81288132697952,28.740314833005],[80.81315885924923,28.740831926685463],[80.81428734328351,28.74417579867331],[80.81499768497996,28.746738185395373],[80.81535505598283,28.74740669896561],[80.81540806413057,28.748004812919316],[80.81510493222845,28.74892514021113],[80.81500751597397,28.74915520648241],[80.8146089133776,28.749926488685254],[80.81462554064835,28.750131862033474],[80.81459927698567,28.750312352114157],[80.81444508896963,28.750569424514655],[80.81440550498361,28.750901146109587],[80.81418516002147,28.751514697937893],[80.81392636692148,28.751947633399876],[80.8132121537504,28.752328046610252],[80.8127697927122,28.75267270275935],[80.81248461682715,28.75299273036906],[80.81232011071525,28.753333327629583],[80.8122393847883,28.753737194771258],[80.81233672738348,28.754080358841986],[80.81262320569476,28.754286111019063],[80.81300585082128,28.754209844160446],[80.81478660339351,28.75319907596904],[80.81504545278817,28.75311136654717],[80.81584119166838,28.75296802404143],[80.81678454654075,28.753014426554152],[80.81710347671343,28.753127714511205],[80.81728122773308,28.753290452851292]]]}},{"type":"Feature","properties":{"province":"Sudurpashchim Province","district":"Kailali","municipality":"Gauriganga Municipality","ward":"9","wardNumber":9,"sourceMunicipality":"Gauriganga","sourceType":"Nagarpalika"},"geometry":{"type":"Polygon","coordinates":[[[80.89544754402499,28.74808504138006],[80.89531855908905,28.748010455057223],[80.89458428420507,28.74793767232917],[80.89236882705704,28.747881810527673],[80.88937400913633,28.748091577929827],[80.88852456728323,28.747941958412934],[80.88780598526907,28.747887182089997],[80.88675921648205,28.747904359233797],[80.88384931461886,28.747651429042982],[80.88278591364042,28.747686610558247],[80.88234818516034,28.747763001704225],[80.88050773955155,28.747905828614872],[80.87927539828631,28.748087550806016],[80.87726189020599,28.748101525186314],[80.87681409786666,28.748058255521876],[80.8764408375455,28.747796173264035],[80.87594997937666,28.74706901535351],[80.87578487012293,28.746260962898535],[80.87578325090311,28.745944995449666],[80.87616433964507,28.745541383167353],[80.87672644190164,28.74470008229721],[80.87696268252346,28.743310116212076],[80.87733265494501,28.742242996451342],[80.87703449238522,28.741590550956815],[80.87703368323051,28.741430316158297],[80.87736331104358,28.74121844688323],[80.87794365489466,28.741189634627062],[80.87811991117354,28.74102952712459],[80.87794948572595,28.74032763167061],[80.87803033764101,28.73988756671651],[80.878798522875,28.73874630579889],[80.87896666043575,28.738139380874955],[80.8790925222128,28.738026661432993],[80.8793682527004,28.737932075459128],[80.87951881200134,28.737796850984797],[80.87971020731632,28.73726213487954],[80.87934858301072,28.73662763018812],[80.87898669913531,28.73652353248584],[80.87854553166846,28.736611175957293],[80.87821697374845,28.736468692121214],[80.87821597708772,28.736263318956233],[80.87839780136659,28.735954293990417],[80.87888230014792,28.73573579992828],[80.8790431767439,28.735573442176204],[80.87865772806379,28.735087919159934],[80.87856907579608,28.734780890589956],[80.87865254903828,28.73455307430665],[80.87895179088638,28.734318635552395],[80.87901913154542,28.73419678779343],[80.87890058921246,28.734040990987587],[80.87844673744783,28.733711074913092],[80.8775035303797,28.732568288634756],[80.87662627362081,28.731976226763056],[80.8756689872181,28.73142473803594],[80.87514061180188,28.730860064787358],[80.87496287203423,28.730121908169938],[80.874856274169,28.729871333517842],[80.87444418406508,28.72975360527845],[80.87428587619048,28.72964963495778],[80.87432414890091,28.72922088455293],[80.87465778219797,28.728833025823118],[80.87473319312754,28.728420093181054],[80.87487556356196,28.728165208143842],[80.87515492313261,28.7279645914362],[80.87633693704939,28.727606879507704],[80.8766198605901,28.727354371792934],[80.87729731760659,28.726587657424822],[80.87733089711723,28.72633945965218],[80.87726481348139,28.726165595157205],[80.87706574383238,28.72590589138842],[80.87666309733902,28.72565274896518],[80.87620842717922,28.725571092569204],[80.87576788963062,28.725410477070728],[80.87164355860364,28.723763744801825],[80.87161892452713,28.72375467991733],[80.87126641924347,28.723641515884317],[80.87062487256742,28.723243702008748],[80.87044324462322,28.723130603891846],[80.8701686456355,28.72287765050144],[80.86991980445008,28.722760112291677],[80.86856517171223,28.72268657068579],[80.86786166096,28.722473747735112],[80.86749177317009,28.722439544758664],[80.86643344231241,28.722183516033358],[80.86547377606908,28.721812393570556],[80.86286407165078,28.720462520589592],[80.86230549370823,28.720085089750388],[80.86214162443318,28.71983670120688],[80.8617190404692,28.719193069280355],[80.86116065230247,28.71867797220642],[80.86107193475465,28.718510859505834],[80.86112040214411,28.717908371331564],[80.86142378605717,28.716917960178193],[80.86190843538859,28.715334128007893],[80.8619498963285,28.714948266092996],[80.86198353921093,28.71467299836232],[80.86172431732872,28.714668243392506],[80.86069092237746,28.714976318091836],[80.86014402441417,28.715217255594858],[80.85776410264617,28.716643325193843],[80.85754708263191,28.71667695680112],[80.85582118766881,28.716487812448467],[80.85500388561175,28.716209406555144],[80.85444968244424,28.715947008753204],[80.85399376259922,28.715869791085343],[80.85371334286624,28.71595531193407],[80.85284569007689,28.716692327673567],[80.85234287539656,28.71673689621943],[80.85208383859262,28.716844923125326],[80.85197460858173,28.71691706810893],[80.85085892455956,28.71766508339052],[80.85041900612815,28.717815808309926],[80.84894827102418,28.71754114305812],[80.84847340559885,28.717513502414235],[80.847779893431,28.717553379269816],[80.84727657667453,28.71772654717678],[80.84678107158098,28.718039693853086],[80.84660718859101,28.71827876122634],[80.84645868635145,28.71875927465436],[80.84635289367662,28.71887874595022],[80.84564392912917,28.719426333376227],[80.8451400460874,28.719734978093538],[80.84463491718088,28.719835937496047],[80.84344809307896,28.719965458254812],[80.84220317912025,28.720392814564836],[80.84246322167391,28.720065909788637],[80.84295648869085,28.719057684514144],[80.8430274598347,28.718726025774032],[80.84329406859325,28.7182817121747],[80.84319715782141,28.718227444589836],[80.8400959270222,28.718377317119433],[80.8368308240096,28.718353135274928],[80.83672378686549,28.718219844316618],[80.83706799291843,28.717482321073636],[80.83691425880475,28.71691796604648],[80.83673764232809,28.71626777234455],[80.83640058465097,28.715926605580258],[80.83566298455996,28.713244620853157],[80.83550462156364,28.712788546635384],[80.8352549728654,28.71241137044551],[80.83510391607518,28.71242018270965],[80.8346954517807,28.71230458021944],[80.83378805080451,28.71217265257629],[80.83301388332666,28.712257478382433],[80.83226153744266,28.712274597311836],[80.83129798301682,28.712523905641415],[80.83038788375978,28.7129019397832],[80.82993690007447,28.712960013123197],[80.82941745385806,28.713029337513014],[80.82921268569774,28.713200634904034],[80.8296545776934,28.714433378283037],[80.82963581517996,28.71473121484524],[80.82954803135003,28.714785291953277],[80.82902646039614,28.71479366163239],[80.82848825512987,28.714932881299916],[80.82850255934454,28.715607704841727],[80.82862395898094,28.716700151959053],[80.82861820296526,28.7169167775843],[80.8286137607637,28.717072510429112],[80.82845150390995,28.717494319590134],[80.826933071836,28.71997933693843],[80.82631717837585,28.72183818492844],[80.8264109338043,28.723381951141786],[80.82651689530317,28.7241809992346],[80.82663755858248,28.72456705164762],[80.82686807633154,28.72490815566557],[80.8275984646538,28.725468706284094],[80.8282120050774,28.725632013344086],[80.82906037747837,28.726084408359494],[80.82938168126806,28.726305978359633],[80.8297490612109,28.726724043490368],[80.82993675159885,28.727006254811982],[80.83002646991417,28.72714185812406],[80.82993668351605,28.727277084148763],[80.82986477897002,28.72738536452765],[80.82961642417342,28.72799666501692],[80.82966130986256,28.728326199657815],[80.82993671880968,28.72865373736517],[80.8301481092463,28.728748768247232],[80.83100430327923,28.728894261192668],[80.83150205024008,28.729055128917192],[80.83292612517145,28.73021011363969],[80.83444829501846,28.731635992709226],[80.83459165708625,28.73184380499433],[80.83476246966117,28.731922955906292],[80.83511679051276,28.73193021336268],[80.83613518138888,28.731525172602208],[80.8364361119464,28.73129761024528],[80.83666758253385,28.730819473714487],[80.83667546681416,28.73049000244727],[80.83656961991943,28.73022354799011],[80.83604624242338,28.729873124358857],[80.83550029641214,28.729398539948125],[80.835443465151,28.729292383338077],[80.83548198439179,28.729014865021533],[80.83564486548455,28.72863819392039],[80.83620402977601,28.727810584908973],[80.83632364412645,28.727424849191305],[80.83627483586797,28.726271572700256],[80.83583325375628,28.725185497365104],[80.83572709811367,28.724706918302715],[80.83549252212785,28.72410411296344],[80.83555355147709,28.723756637426774],[80.83572199107788,28.723686869333882],[80.83618647524771,28.72382510454882],[80.83695395176052,28.723814675669846],[80.83848065692398,28.723525426063347],[80.83916016233937,28.723490113847042],[80.84045589552429,28.723728578487844],[80.84089930969418,28.723864499678964],[80.84093606898216,28.724103757870402],[80.84074580281157,28.724421785651593],[80.84026161380335,28.724798076189288],[80.84003783669267,28.725093471983037],[80.83984275663335,28.725420501960688],[80.83973177103664,28.725779168590545],[80.83986636532705,28.726729448487585],[80.84023823465647,28.727788265007316],[80.8403687703361,28.728465465263746],[80.84045315445894,28.729612052397265],[80.84058481415761,28.73041335172759],[80.84067006913698,28.73178556818348],[80.84097547203382,28.733018058585454],[80.84102673436911,28.733410862342872],[80.84079525885214,28.73410343691017],[80.84092230603142,28.73410587654046],[80.84175949841598,28.733980414672246],[80.84191905636953,28.734091199587407],[80.84219497250486,28.73407344890091],[80.84250790185875,28.734148287669413],[80.84270322227239,28.734297459881503],[80.84280431852513,28.73453684399027],[80.84307203690803,28.734882386307095],[80.84371295486355,28.735427056068527],[80.84421245235069,28.735558477112463],[80.84472458363486,28.73551165860927],[80.84560073138636,28.73524184263149],[80.845802990002,28.735490355749874],[80.84607956874626,28.736779300192143],[80.84623545534849,28.739178443129127],[80.84657112584398,28.740158235882912],[80.8469067142543,28.74206336129341],[80.84708120606317,28.74266835406321],[80.84712428238485,28.74278126268728],[80.8471900510264,28.74310854760445],[80.84752315267635,28.744293712151862],[80.84732106238187,28.745058558191673],[80.84724451997191,28.74575813689734],[80.84756943376217,28.746843960717943],[80.84756298871136,28.74711022536676],[80.84728749884042,28.747680888605217],[80.84742140832162,28.748498005592573],[80.84763697779331,28.749087243566027],[80.84766298077189,28.749461916865126],[80.84754918522688,28.749601705955484],[80.84743338847396,28.74973699338411],[80.84735291876275,28.749827143782174],[80.8471302664222,28.750154173958965],[80.84693662208498,28.75060080154605],[80.84680055784887,28.751284437885346],[80.84690013745403,28.7523520020718],[80.8472767048382,28.75293242750134],[80.84779720891383,28.753176694481805],[80.84851628761353,28.75337388801853],[80.85060375553914,28.753644749436585],[80.8507051033538,28.75376891190425],[80.85057448300604,28.754213415945586],[80.85008428400326,28.754966628605874],[80.84933398589767,28.755794047433593],[80.84793262323343,28.75697731091473],[80.84758203639281,28.7578863847045],[80.84756689202078,28.758597279582713],[80.84754943116373,28.7594254601213],[80.8480044669242,28.75999469649453],[80.84825448874419,28.7604756531173],[80.84844568226545,28.760651895449023],[80.84886495957198,28.760943486971858],[80.84891478858849,28.761027012217713],[80.84970870684784,28.761303230038248],[80.8512559669616,28.761790146670265],[80.85323576543729,28.76226394020801],[80.85418418199744,28.76241618619692],[80.85624976170679,28.76293068139263],[80.8571117706581,28.763078237460714],[80.85763109195145,28.763049424168944],[80.85780334309452,28.763092501758898],[80.85832159990508,28.763120143025116],[80.8602184329152,28.763422260106392],[80.86228407505551,28.763936628829114],[80.86288848933083,28.76398465251753],[80.86314677263397,28.764048049545504],[80.86349252790706,28.764052931438318],[80.86409625272174,28.764141528387576],[80.86452810281958,28.764166855289506],[80.86642568597017,28.764430460760675],[80.86685791139105,28.76443990775243],[80.86737760796125,28.764390838764346],[80.86850027907634,28.76446856565224],[80.87005723992097,28.76445877375288],[80.87023080540288,28.764422827997105],[80.87118166240606,28.764459853792523],[80.87155917561525,28.764670108501235],[80.87161844893286,28.76461371794687],[80.87177582309215,28.764514565583323],[80.87268410641525,28.764271696216458],[80.87281378032097,28.764271822488784],[80.87352529470284,28.76442825415503],[80.87468816051425,28.7649144770583],[80.87520422439688,28.765221887339848],[80.8753335220182,28.765262588382722],[80.87572103819352,28.765475156883404],[80.87617314266254,28.765649276980596],[80.87662537182295,28.76584384027934],[80.8770774750806,28.76607435249385],[80.8784339741152,28.766675924224362],[80.87959734122475,28.767065055632305],[80.87998529799017,28.767144397125957],[80.88050255265229,28.767300575679307],[80.8811486655818,28.767571977462598],[80.88160045527745,28.767822870250676],[80.88218235869934,28.767981362174357],[80.88276388596415,28.76821425182965],[80.88308637874948,28.76840862660027],[80.88366790566704,28.768641578409394],[80.8839899581971,28.768930730383477],[80.88424817772753,28.769084404044246],[80.8845711087779,28.76922007410053],[80.88502289929703,28.769491285282623],[80.8854096631311,28.76980075642276],[80.8856032342859,28.76991604284892],[80.88715462061967,28.770425090552447],[80.88780042040456,28.770714497603386],[80.88805863889368,28.770888489944433],[80.88872437927759,28.771448726552162],[80.88904724707638,28.771604651964516],[80.88930584293637,28.771720002289833],[80.8893303609767,28.77122348185215],[80.88928947833267,28.770839868637136],[80.88931518864898,28.770151542285664],[80.88927424321234,28.769770117643766],[80.88928202137345,28.76847017459341],[80.88932641737674,28.768240044773734],[80.8893077318666,28.76778191028806],[80.88935601760447,28.766863454615773],[80.88944443095853,28.766558866592874],[80.88957529728965,28.766331051437845],[80.88975250432254,28.76556614256181],[80.88999316685192,28.765033677752204],[80.89014736054847,28.764498960300543],[80.89010503501787,28.764345477614004],[80.89012942772133,28.76388740640811],[80.89004571732256,28.763426895374973],[80.89000865981642,28.762433915742584],[80.88992451063865,28.762050176860956],[80.88990469656741,28.76174327432001],[80.88984117741505,28.761515268872632],[80.88969162578606,28.761284949088356],[80.88958534155947,28.760977982485166],[80.88945717254497,28.76074766318301],[80.88932862733242,28.760594116514067],[80.88917945172373,28.760287024440757],[80.8890310302584,28.759826574447693],[80.88901121634991,28.759519609633607],[80.88912333408042,28.75883365985923],[80.88908676206614,28.758596652133864],[80.88908169850338,28.758565018047282],[80.88913173106977,28.757842932576864],[80.88902615950265,28.756247275010132],[80.88915340326041,28.755787017554486],[80.88920505630111,28.755356016715385],[80.88954538993563,28.754397178670253],[80.88975191340131,28.753997877346006],[80.88991666503523,28.75387840720802],[80.89100857444593,28.753944692435574],[80.89149256912654,28.75391125251191],[80.89179812346504,28.753818979600123],[80.89231507251664,28.75358466867054],[80.8928854814127,28.75324439066336],[80.89312250928887,28.75319037827591],[80.89384585363459,28.752667360461146],[80.89419789471157,28.75088484328747],[80.89434358272952,28.75048991708121],[80.89437960545193,28.75001377835012],[80.8945049105734,28.7495625226742],[80.89502156203696,28.748583493194978],[80.89544754402499,28.74808504138006]]]}},{"type":"Feature","properties":{"province":"Sudurpashchim Province","district":"Kailali","municipality":"Gauriganga Municipality","ward":"11","wardNumber":11,"sourceMunicipality":"Gauriganga","sourceType":"Nagarpalika"},"geometry":{"type":"Polygon","coordinates":[[[80.86198353921093,28.71467299836232],[80.86199610908045,28.714571468407765],[80.86251224305457,28.714393674409973],[80.86281111527718,28.71389747050994],[80.86282456753352,28.713396449333608],[80.86306711536812,28.712417290587197],[80.86287287890849,28.71115104185573],[80.86243766718678,28.71043520045435],[80.86199357334638,28.709897599082826],[80.86160868402642,28.70959931786785],[80.86127125169868,28.709240145228325],[80.86050729584261,28.70828022731514],[80.85975522539646,28.706957015518974],[80.85956928492736,28.706758204335486],[80.85921265325732,28.706622409301826],[80.8576464999824,28.70671566343431],[80.85687896246506,28.706669638815182],[80.85667582463562,28.70661980830387],[80.8561283118066,28.70633259109284],[80.85542455884439,28.70574959703719],[80.85508956723932,28.70526182368999],[80.85340414684575,28.70394203650739],[80.85362223174879,28.703802311194234],[80.85539778231684,28.703339327738025],[80.85580756498068,28.703168220734035],[80.85678155996251,28.70295261014165],[80.85903672538878,28.702720200647068],[80.85973517854369,28.702540408264944],[80.86003710734379,28.702389556555843],[80.86033660068101,28.70210547739339],[80.8608520035536,28.700955023538043],[80.8611785713142,28.700562725772805],[80.8623513302077,28.70027503356322],[80.86236509573783,28.699744690892167],[80.8619646002233,28.698209610226755],[80.8614531635797,28.69464793356419],[80.86118920980311,28.693625317132582],[80.86066960453171,28.692173634032834],[80.86035505771532,28.691730999567156],[80.86007133157892,28.69144409887419],[80.85909973121395,28.69065997963528],[80.85837378453868,28.689964139142894],[80.85657333886203,28.687700949595722],[80.85642868119751,28.686583682307198],[80.85647151917058,28.686141427856196],[80.85672850558983,28.685369830843634],[80.85907828905604,28.680788710478165],[80.85952028923973,28.67965175923133],[80.85987632076154,28.67847629531027],[80.8603846710711,28.676727790147975],[80.86070782076207,28.67523860843639],[80.86100971140172,28.67384876804968],[80.86104443332316,28.672697806486745],[80.86122584745497,28.67097605470782],[80.86129850605072,28.67068503281905],[80.86124311817522,28.670238151141128],[80.86136373150605,28.66997420029327],[80.86137242716812,28.66968530326261],[80.86157363776499,28.669168717890308],[80.86181729954644,28.668807865215783],[80.8618847032868,28.668593553409753],[80.86185708599045,28.667659216922782],[80.8622618064284,28.66734819439165],[80.86300027461891,28.667179593158856],[80.86328963667485,28.6670354929162],[80.8636709140232,28.666541666232295],[80.8638619340392,28.665993446445146],[80.8638666261533,28.66583321169795],[80.86372332781846,28.665562255114683],[80.86392861077904,28.664625858689135],[80.86378906619275,28.66419241689256],[80.8634360701114,28.66360980364189],[80.86349515846904,28.663422562421413],[80.86372818665534,28.663260330710973],[80.86358326590593,28.662808820931627],[80.86364435650934,28.66253130322075],[80.86385750533033,28.662213275930785],[80.86381836820408,28.66205754160419],[80.86363273883758,28.66191287205494],[80.86326078739332,28.661849347878295],[80.86297880969722,28.661733934828238],[80.86275773039795,28.661528433344134],[80.86266144842048,28.661316119619038],[80.86266714149885,28.661131065469352],[80.86278762773513,28.660932571428173],[80.8635417950989,28.660445877400672],[80.86364571371078,28.66022031324451],[80.86365309656323,28.65997205309921],[80.86353406066407,28.65950028797653],[80.8632850998516,28.659120860910548],[80.86278448291696,28.658653216187883],[80.86272396360889,28.658479414553124],[80.86289859650229,28.65821777787846],[80.86294674742824,28.657831915430005],[80.86216408707301,28.657352700472753],[80.86152178741813,28.65714437970851],[80.860521289832,28.65697862871637],[80.86023750006862,28.65677975354061],[80.85979972494233,28.65601877376459],[80.8593508133662,28.655668476909575],[80.85916725003865,28.655392955851173],[80.85910010469692,28.655126565113445],[80.85914875699487,28.654648112464287],[80.85907417543633,28.654178724079596],[80.8590529199572,28.654043246416354],[80.85895469901425,28.653858128508887],[80.858267764329,28.65333834030844],[80.85782873499546,28.652775919269107],[80.85714248800956,28.652226810122063],[80.85695780004637,28.651879080587417],[80.85691960980776,28.651283218432546],[80.85678444972956,28.650477417204453],[80.85685242031334,28.65008255216062],[80.85657839873822,28.64912082929838],[80.85699757338699,28.64823207444615],[80.85766284219777,28.647205971880524],[80.85777776624695,28.646896883153012],[80.85780746931763,28.64669157294518],[80.85771106963446,28.646079829971715],[80.85755233149224,28.645653139857025],[80.85631008654619,28.643884790621655],[80.85543939959295,28.64310073480621],[80.85534836756274,28.642994577877474],[80.8549795930923,28.643540294095683],[80.8542001608088,28.644302256482188],[80.85373085343893,28.644644849229135],[80.85330363012285,28.644633089369535],[80.85226274532673,28.644329547631198],[80.85128251011781,28.64394029408194],[80.85044713639158,28.643772481975578],[80.8492269273541,28.643850048734556],[80.84888729835122,28.643917375631634],[80.84846957296108,28.644208079945898],[80.84814973992391,28.64554596751015],[80.84787012501295,28.646071491570495],[80.84758932693681,28.646305931866834],[80.84697821859046,28.64649028923464],[80.84656305880074,28.646733541586087],[80.84590448435816,28.647468559017614],[80.84558991662412,28.64808879887692],[80.8454837398667,28.64873411142329],[80.84547160164837,28.649140354931884],[80.84558563463759,28.649679827899003],[80.84560450799879,28.65014252641252],[80.84556092352148,28.650395224157073],[80.845384415949,28.650600406619983],[80.84496794184446,28.65087754406898],[80.84397888023251,28.651007317519326],[80.84273779069711,28.650949469534194],[80.84231113474601,28.65072552233858],[80.84201183938076,28.650485947567233],[80.84175988303801,28.64979055246967],[80.84139734878202,28.647768078926127],[80.841321009292,28.647697995039852],[80.84088103216011,28.64765235034904],[80.83998319254682,28.6477528662378],[80.83941078622023,28.64795529186039],[80.8387137092892,28.648130520073337],[80.83792546928387,28.64845454015806],[80.83687925875442,28.648733169142137],[80.83628915748513,28.648946847342042],[80.83420930449984,28.64945446493513],[80.83343469605272,28.64968814703411],[80.83241880508717,28.65019015369344],[80.8316252484993,28.650651839138487],[80.83049480496193,28.65158253256074],[80.8299382161239,28.65186616980716],[80.82978965828133,28.651942752629992],[80.82967380176703,28.651989952250574],[80.82878140229383,28.652058833605334],[80.82843677085111,28.65220280822324],[80.82820180069751,28.65253877795052],[80.82786704401403,28.652847551357276],[80.82727006374252,28.65316726035582],[80.8266482668032,28.653216140560822],[80.82519234767663,28.65307663999699],[80.82270228889362,28.653001205697752],[80.82243931327625,28.65307984977645],[80.82176673767734,28.65364769267134],[80.82096155033342,28.654125008520325],[80.81918355465388,28.654921652197864],[80.81826375403872,28.65582540270645],[80.81786560106251,28.656018954213874],[80.8158132314707,28.65785539872654],[80.81530678659784,28.658139161079884],[80.81380459124073,28.658441790021506],[80.8126695330045,28.6587900621734],[80.8119273116248,28.659068882206924],[80.81074779291585,28.659751064032026],[80.81043717481202,28.65979125927068],[80.81003690253557,28.659639458643085],[80.8090673850812,28.65791618883867],[80.80800479744147,28.657977877824944],[80.80773995080465,28.65783526952955],[80.80716009865033,28.658312963467512],[80.80566170929852,28.659008143972606],[80.80502927619528,28.65942932034368],[80.80494880262775,28.65970227430995],[80.8051593133605,28.660027559862638],[80.80555483161953,28.660262822299714],[80.80667674532529,28.660672897334475],[80.80739657720991,28.660743867016684],[80.80879572178443,28.661032472902402],[80.80946709544841,28.66120709628009],[80.8100623757954,28.66149462767006],[80.81038374086704,28.661774902099367],[80.81046088512258,28.662266985282123],[80.81063344471758,28.662529001980218],[80.81076372048732,28.66373660774546],[80.8110044171786,28.66470739547944],[80.8113362793865,28.665328395362366],[80.81219732783323,28.666622788125878],[80.81245940875283,28.667498736087357],[80.8127190052569,28.66752393476681],[80.81481740502252,28.668212856301636],[80.81542706413919,28.668610919357413],[80.81574216865391,28.669313192920544],[80.81586388912646,28.669972325687414],[80.81591256359972,28.671595051284434],[80.81607674053625,28.6720985142762],[80.81660561695563,28.672588916295904],[80.81730512175423,28.672989356906424],[80.81845892196404,28.673383614162994],[80.81972726309357,28.673931419436006],[80.8202613928082,28.674385748458263],[80.82083853257957,28.67509965368732],[80.82085428614839,28.67523957026098],[80.82086091182079,28.67529602417365],[80.82077024409585,28.675738215123193],[80.82029755684933,28.676261173512156],[80.81964986685566,28.676743305090746],[80.81841351279621,28.677479626958842],[80.8178552319692,28.677909931889335],[80.81713119439074,28.678710155268913],[80.81747024797005,28.679283828609428],[80.81751569937572,28.67946213149179],[80.81747661440724,28.679859309736052],[80.81753600727696,28.68009406724246],[80.81752305484233,28.6805680185746],[80.81800489545304,28.682008510241246],[80.81834213609497,28.682559614558915],[80.81937341695422,28.68483354630653],[80.81939078784059,28.685384271057067],[80.81908749003222,28.685187521186393],[80.81889142386859,28.684819409938125],[80.8187383052371,28.684746948768144],[80.81859037385757,28.684807714685768],[80.81848151610474,28.68503321638494],[80.8184750713803,28.68525890784527],[80.8187552279161,28.68581895109469],[80.81887745281608,28.686247890886143],[80.81932229073571,28.68709933492841],[80.81965646299774,28.687928020584227],[80.81964864211389,28.688216854611635],[80.81951258679662,28.688442356350652],[80.81924666981406,28.688667668223843],[80.81835732605036,28.689165238175864],[80.81772433527442,28.689277261580898],[80.81694935154883,28.689547016001352],[80.81667755311358,28.6899912672786],[80.8168208458627,28.69057819128337],[80.81716215368198,28.690980377313775],[80.81855103618877,28.691715739120415],[80.81910861674277,28.691935373985917],[80.8192717358912,28.69216125523478],[80.81932950587954,28.692240342205693],[80.82004744777022,28.69302439498152],[80.82072819201042,28.693627832368616],[80.82125581994731,28.693996385613346],[80.82201728976848,28.69420051962905],[80.82242750743981,28.694169454106092],[80.82296615300768,28.69387450123319],[80.8239826758564,28.69304983765581],[80.82437807715911,28.69290817656868],[80.82517857369898,28.692518761978377],[80.82662262195505,28.692236263628278],[80.82696787721886,28.69220957347403],[80.82768289044381,28.69244746698798],[80.82792134942822,28.692752434904826],[80.82808183821838,28.693215260675995],[80.82807032575892,28.69363725900659],[80.82788249350429,28.69423736970859],[80.82662136563194,28.695736539308566],[80.8262612244119,28.696038497657273],[80.82588970108247,28.69647580732807],[80.82559570423034,28.697026089237948],[80.82558888466917,28.697269848264618],[80.8256655964623,28.69753173868946],[80.82627950600059,28.697968063120182],[80.82660637679994,28.698047466451627],[80.8269525696639,28.698054661202733],[80.82721373146192,28.698000837703997],[80.82735691169205,28.697908499980365],[80.82784272865023,28.697426178062766],[80.82815948756466,28.696681840121354],[80.8283438822602,28.696009520743647],[80.82864638076298,28.695504377295357],[80.82895650254349,28.695242992936564],[80.8293192681434,28.695040314298343],[80.82974836651964,28.695049886183625],[80.82993737343203,28.695126786597555],[80.83027312171762,28.69526270612221],[80.83063769052166,28.695536229461027],[80.83077805108776,28.69580043396098],[80.83083519244587,28.696089332389732],[80.83078260332587,28.6963917326624],[80.83073833199315,28.69664443058066],[80.83068160646359,28.697490615541373],[80.83052854311983,28.697795140100467],[80.83019741170041,28.698158053186035],[80.82993724313347,28.69859336447505],[80.82992636349722,28.69861130773733],[80.82991610264962,28.698990481176587],[80.82993723472772,28.699010799914223],[80.83045860828753,28.69951920669948],[80.83083067367264,28.700149334011673],[80.83091326093218,28.700476681630807],[80.83086892410653,28.70084447592922],[80.83035165311003,28.701568305253684],[80.83030825193123,28.7020827683165],[80.83073815789182,28.70236992160592],[80.83123971974395,28.702460768247892],[80.83137808227106,28.70258968299822],[80.83133674898507,28.702837817177503],[80.83090895931238,28.70301555044453],[80.83060596370866,28.703387529953435],[80.83087324331974,28.703796341545456],[80.83176281786574,28.704309755396125],[80.83246400877603,28.704854487847744],[80.8325986155444,28.70514132400909],[80.83252702424198,28.705260795230803],[80.83227173687871,28.705450034631742],[80.83150963579928,28.70556424374058],[80.83123753194256,28.70565414162085],[80.83115893773905,28.705766923080926],[80.83119706942333,28.70614159653005],[80.83142071193387,28.706381044562896],[80.83172119617922,28.706534906369924],[80.83217705348657,28.706612185924893],[80.8327128187691,28.706558616088923],[80.83326733940436,28.706570628226693],[80.83391471257895,28.7063367570165],[80.83412110217483,28.706341511164194],[80.83445141101018,28.706497624663438],[80.8346559224286,28.706658112203854],[80.83481266399964,28.70691331458147],[80.83484704579955,28.707215778988665],[80.83479564906732,28.70734206489699],[80.83469185795761,28.707429964230457],[80.83408356244159,28.707636828444763],[80.83392231066536,28.707839760223184],[80.83400846127512,28.7081806735649],[80.83477980442456,28.708689334464747],[80.83497556025965,28.708933346199014],[80.8352377814547,28.709055511120493],[80.8360888382067,28.709758417904688],[80.83628815789865,28.709997928416147],[80.83639481659067,28.710343280959258],[80.83631465566027,28.7106591228412],[80.83556254701486,28.711348750394418],[80.83531388265777,28.71177280925057],[80.83524866302105,28.712133788251077],[80.8352549728654,28.71241137044551],[80.83550462156364,28.712788546635384],[80.83566298455996,28.713244620853157],[80.83640058465097,28.715926605580258],[80.83673764232809,28.71626777234455],[80.83691425880475,28.71691796604648],[80.83706799291843,28.717482321073636],[80.83672378686549,28.718219844316618],[80.8368308240096,28.718353135274928],[80.8400959270222,28.718377317119433],[80.84319715782141,28.718227444589836],[80.84329406859325,28.7182817121747],[80.8430274598347,28.718726025774032],[80.84295648869085,28.719057684514144],[80.84246322167391,28.720065909788637],[80.84220317912025,28.720392814564836],[80.84344809307896,28.719965458254812],[80.84463491718088,28.719835937496047],[80.8451400460874,28.719734978093538],[80.84564392912917,28.719426333376227],[80.84635289367662,28.71887874595022],[80.84645868635145,28.71875927465436],[80.84660718859101,28.71827876122634],[80.84678107158098,28.718039693853086],[80.84727657667453,28.71772654717678],[80.847779893431,28.717553379269816],[80.84847340559885,28.717513502414235],[80.84894827102418,28.71754114305812],[80.85041900612815,28.717815808309926],[80.85085892455956,28.71766508339052],[80.85197460858173,28.71691706810893],[80.85208383859262,28.716844923125326],[80.85234287539656,28.71673689621943],[80.85284569007689,28.716692327673567],[80.85371334286624,28.71595531193407],[80.85399376259922,28.715869791085343],[80.85444968244424,28.715947008753204],[80.85500388561175,28.716209406555144],[80.85582118766881,28.716487812448467],[80.85754708263191,28.71667695680112],[80.85776410264617,28.716643325193843],[80.86014402441417,28.715217255594858],[80.86069092237746,28.714976318091836],[80.86172431732872,28.714668243392506],[80.86198353921093,28.71467299836232]]]}},{"type":"Feature","properties":{"province":"Sudurpashchim Province","district":"Kailali","municipality":"Gauriganga Municipality","ward":"10","wardNumber":10,"sourceMunicipality":"Gauriganga","sourceType":"Nagarpalika"},"geometry":{"type":"Polygon","coordinates":[[[80.81763692775047,28.730777297978573],[80.81796775286257,28.730116483743718],[80.81832377122258,28.72962722146341],[80.8191285265567,28.72883618907906],[80.81983492863739,28.72826390750665],[80.82092566669972,28.727484445068686],[80.8211079912676,28.727180046110657],[80.82119409317346,28.72678068041903],[80.82120441788788,28.726365496592926],[80.82106162878449,28.72562277706544],[80.82067349860516,28.724834665134097],[80.82061898818216,28.72429294250616],[80.82073953943096,28.723995232233897],[80.82124123778972,28.723497156619125],[80.82189229959934,28.723260972464608],[80.82224943392039,28.723268354433447],[80.82278983056506,28.72295752199024],[80.8229190693754,28.722804228966606],[80.8230902704445,28.722253820463873],[80.8233877031725,28.721791564464116],[80.82375917339647,28.7208983702189],[80.8245980827705,28.719274532423942],[80.82498606591653,28.718024796998332],[80.82501709146811,28.717268763895675],[80.82507018124178,28.71691678591075],[80.8251879281735,28.716138372332153],[80.82515948827938,28.715711747176652],[80.82496274600277,28.714716264934708],[80.82494082502076,28.713468273215582],[80.82491907106917,28.713258337031373],[80.82489825475668,28.713057465095893],[80.82526814267908,28.71309404379676],[80.8255923242685,28.71326597422667],[80.82683323097456,28.71311638645663],[80.82708813747861,28.7132069791085],[80.82753623234508,28.713760461022236],[80.82783776903732,28.714471736632103],[80.8281134292905,28.71481284053532],[80.82848825512987,28.714932881299916],[80.82902646039614,28.71479366163239],[80.82954803135003,28.714785291953277],[80.82963581517996,28.71473121484524],[80.8296545776934,28.714433378283037],[80.82921268569774,28.713200634904034],[80.82941745385806,28.713029337513014],[80.82993690007447,28.712960013123197],[80.83038788375978,28.7129019397832],[80.83129798301682,28.712523905641415],[80.83226153744266,28.712274597311836],[80.83301388332666,28.712257478382433],[80.83378805080451,28.71217265257629],[80.8346954517807,28.71230458021944],[80.83510391607518,28.71242018270965],[80.8352549728654,28.71241137044551],[80.83524866302105,28.712133788251077],[80.83531388265777,28.71177280925057],[80.83556254701486,28.711348750394418],[80.83631465566027,28.7106591228412],[80.83639481659067,28.710343280959258],[80.83628815789865,28.709997928416147],[80.8360888382067,28.709758417904688],[80.8352377814547,28.709055511120493],[80.83497556025965,28.708933346199014],[80.83477980442456,28.708689334464747],[80.83400846127512,28.7081806735649],[80.83392231066536,28.707839760223184],[80.83408356244159,28.707636828444763],[80.83469185795761,28.707429964230457],[80.83479564906732,28.70734206489699],[80.83484704579955,28.707215778988665],[80.83481266399964,28.70691331458147],[80.8346559224286,28.706658112203854],[80.83445141101018,28.706497624663438],[80.83412110217483,28.706341511164194],[80.83391471257895,28.7063367570165],[80.83326733940436,28.706570628226693],[80.8327128187691,28.706558616088923],[80.83217705348657,28.706612185924893],[80.83172119617922,28.706534906369924],[80.83142071193387,28.706381044562896],[80.83119706942333,28.70614159653005],[80.83115893773905,28.705766923080926],[80.83123753194256,28.70565414162085],[80.83150963579928,28.70556424374058],[80.83227173687871,28.705450034631742],[80.83252702424198,28.705260795230803],[80.8325986155444,28.70514132400909],[80.83246400877603,28.704854487847744],[80.83176281786574,28.704309755396125],[80.83087324331974,28.703796341545456],[80.83060596370866,28.703387529953435],[80.83090895931238,28.70301555044453],[80.83133674898507,28.702837817177503],[80.83137808227106,28.70258968299822],[80.83123971974395,28.702460768247892],[80.83073815789182,28.70236992160592],[80.83030825193123,28.7020827683165],[80.83035165311003,28.701568305253684],[80.83086892410653,28.70084447592922],[80.83091326093218,28.700476681630807],[80.83083067367264,28.700149334011673],[80.83045860828753,28.69951920669948],[80.82993723472772,28.699010799914223],[80.82991610264962,28.698990481176587],[80.82992636349722,28.69861130773733],[80.82993724313347,28.69859336447505],[80.83019741170041,28.698158053186035],[80.83052854311983,28.697795140100467],[80.83068160646359,28.697490615541373],[80.83073833199315,28.69664443058066],[80.83078260332587,28.6963917326624],[80.83083519244587,28.696089332389732],[80.83077805108776,28.69580043396098],[80.83063769052166,28.695536229461027],[80.83027312171762,28.69526270612221],[80.82993737343203,28.695126786597555],[80.82974836651964,28.695049886183625],[80.8293192681434,28.695040314298343],[80.82895650254349,28.695242992936564],[80.82864638076298,28.695504377295357],[80.8283438822602,28.696009520743647],[80.82815948756466,28.696681840121354],[80.82784272865023,28.697426178062766],[80.82735691169205,28.697908499980365],[80.82721373146192,28.698000837703997],[80.8269525696639,28.698054661202733],[80.82660637679994,28.698047466451627],[80.82627950600059,28.697968063120182],[80.8256655964623,28.69753173868946],[80.82558888466917,28.697269848264618],[80.82559570423034,28.697026089237948],[80.82588970108247,28.69647580732807],[80.8262612244119,28.696038497657273],[80.82662136563194,28.695736539308566],[80.82788249350429,28.69423736970859],[80.82807032575892,28.69363725900659],[80.82808183821838,28.693215260675995],[80.82792134942822,28.692752434904826],[80.82768289044381,28.69244746698798],[80.82696787721886,28.69220957347403],[80.82662262195505,28.692236263628278],[80.82517857369898,28.692518761978377],[80.82437807715911,28.69290817656868],[80.8239826758564,28.69304983765581],[80.82296615300768,28.69387450123319],[80.82242750743981,28.694169454106092],[80.82201728976848,28.69420051962905],[80.82125581994731,28.693996385613346],[80.82072819201042,28.693627832368616],[80.82004744777022,28.69302439498152],[80.81932950587954,28.692240342205693],[80.8192717358912,28.69216125523478],[80.81883712501784,28.69264138978975],[80.8186698729043,28.692747230404127],[80.81831055008033,28.692762603949067],[80.81757084172946,28.692416241677236],[80.81667793765685,28.69273325880557],[80.81657583548488,28.69275570121194],[80.81655013402394,28.69302202906662],[80.81668848850188,28.69349379386401],[80.81691487830246,28.69392067246838],[80.81724099393895,28.694268654828445],[80.81747413663592,28.694652645154232],[80.81785064376916,28.695106722107685],[80.81819544941831,28.695718781735003],[80.8177417084179,28.69611088960462],[80.81647084081627,28.69685615067962],[80.8148561589692,28.69751294383862],[80.81338184189809,28.698190244964238],[80.81272614893159,28.698622674407837],[80.81113053511906,28.69938099740788],[80.81046615594212,28.69957191779047],[80.80962245699894,28.69992275769129],[80.80954392608638,28.700010657230536],[80.80950584624688,28.700186645771318],[80.80953122117134,28.700669662650384],[80.80975310536851,28.70128378364984],[80.81011666941332,28.701762804947414],[80.81011022516549,28.70199518534906],[80.80983599346514,28.702184361290637],[80.80880909924387,28.702582399701733],[80.80818454973316,28.702721430855004],[80.8073698714153,28.702560058877655],[80.80675989075132,28.70262913282479],[80.80620906029883,28.70254716281712],[80.80543277531604,28.702216553500488],[80.8046326667464,28.70197615862169],[80.8038521260996,28.70186448925937],[80.80332167349121,28.702008148172688],[80.80269843981597,28.70195756133505],[80.80239657902042,28.701869092883616],[80.80196892324382,28.701613511341986],[80.80163235943259,28.70157687088243],[80.80074327261387,28.701697454879177],[80.80059140112833,28.701819113409968],[80.80067267902258,28.701932084875306],[80.80083241665581,28.702453615817376],[80.80106011965982,28.702862426194304],[80.80165752138109,28.703364332945792],[80.80197144237103,28.703868047207877],[80.80204194232967,28.70519962620312],[80.80218736025154,28.70577310942246],[80.80264814615973,28.706434997767737],[80.80334839317189,28.70725974965182],[80.80364843165002,28.70782435779609],[80.80376696711889,28.70829168341544],[80.80373725579288,28.708943874459262],[80.80406761504594,28.709727421265793],[80.80407823080283,28.710393179213764],[80.80423147119748,28.710607807339557],[80.80471326915848,28.71102156063868],[80.80486437575549,28.711673941711442],[80.80575018882162,28.71267718731492],[80.80633348069134,28.715332036383685],[80.80630263170063,28.716638668904505],[80.80623622572327,28.716916124525824],[80.80607946672151,28.717574877217178],[80.80597146968678,28.718533906305986],[80.80595113401066,28.71933501625126],[80.80605677467778,28.720533556621664],[80.80629216159608,28.72128077878306],[80.8066405887749,28.722080268285342],[80.80676543883912,28.722567913680813],[80.80709286088636,28.723240865525394],[80.80730493563614,28.723491692641137],[80.80749956173386,28.724008784493705],[80.80751034920421,28.72546664928758],[80.80755592404131,28.72574654459024],[80.8076283228307,28.725882085059453],[80.80864499995756,28.726817812749303],[80.80912841533323,28.72761968012678],[80.80960563669177,28.728690063243306],[80.81001534342873,28.729193905492057],[80.81065982356577,28.729788338679242],[80.81144430273714,28.729949648412294],[80.81268320612642,28.729973924364792],[80.81312693352278,28.73008058766513],[80.8145960335775,28.730791192828907],[80.81500162076713,28.730933928389447],[80.81530204545771,28.73097944685103],[80.81608258725251,28.73105954395538],[80.8172078260479,28.730912081160778],[80.81763692775047,28.730777297978573]]]}}]}