{"type":"FeatureCollection","features":[{"type":"Feature","properties":{"province":"Sudurpashchim Province","district":"Kailali","municipality":"Tikapur Municipality","ward":"8","wardNumber":8,"sourceMunicipality":"Tikapur","sourceType":"Nagarpalika"},"geometry":{"type":"Polygon","coordinates":[[[81.07595048819483,28.442170391050766],[81.07561936582309,28.442066793081974],[81.07527486543044,28.441870731153745],[81.07475699494792,28.441216406503656],[81.07476000072334,28.440995279447968],[81.07467434685171,28.440810223729965],[81.07257552630851,28.43921353903295],[81.07112144419918,28.437869187801507],[81.0702649470269,28.43724449224824],[81.06879654635455,28.4359069543106],[81.0682064568718,28.43552133358849],[81.06699058679543,28.434228750330107],[81.06675819651254,28.43373003816299],[81.06626464868212,28.433057834426766],[81.06399539996585,28.43089904428764],[81.0638004595589,28.430488359316723],[81.06294403661903,28.429220412517328],[81.06252545784398,28.42833595988282],[81.06196315004469,28.426815006245373],[81.06180204400938,28.42588523132169],[81.06154058355719,28.42518571034058],[81.06153189334175,28.425167704410008],[81.06127224253683,28.424657738901505],[81.05976090010357,28.422629498529748],[81.05935032502217,28.421731416981306],[81.05902741118628,28.420673101851317],[81.05843840407113,28.419204100739766],[81.05795380117365,28.418315145410105],[81.05758762731449,28.41688891014645],[81.05759563909048,28.416374321335084],[81.05780954067696,28.415866425561692],[81.05828591712536,28.415286200131007],[81.0588058067208,28.414870710308737],[81.05996950591593,28.414087059000536],[81.06094945417757,28.412985249551156],[81.06196028210555,28.412348327136332],[81.06294491349318,28.411605372607248],[81.06384032770421,28.410654856871233],[81.0647295566021,28.409492028030915],[81.06516961385387,28.40849430376198],[81.06550524866792,28.407990848845788],[81.0656385685625,28.406866833178086],[81.06582772117564,28.405754072056375],[81.06597084988009,28.405063433960503],[81.06598436980651,28.40418323939589],[81.06591717224796,28.40337074949361],[81.0657767535121,28.40286985108471],[81.0657394895506,28.402896920818673],[81.06559080652579,28.403005325848998],[81.06267899248627,28.40507851808763],[81.06193139070587,28.405618291016523],[81.05903952148212,28.40770723797933],[81.05561613348166,28.410180040380503],[81.05189719318265,28.412914602934414],[81.04912293097436,28.41496716566466],[81.04802112942191,28.41575075473657],[81.04438065694974,28.418433240764752],[81.04085738138842,28.419495064643687],[81.03835418047113,28.420283510562868],[81.03698022100818,28.420714930697738],[81.03523956091013,28.42122099177731],[81.03325987251155,28.421794757407962],[81.0331217730102,28.42097776607089],[81.03278668376498,28.418939914055752],[81.03258938361068,28.417635465853937],[81.0323921395655,28.41666055207614],[81.03197803043615,28.414137431578016],[81.03170189637879,28.41238160095146],[81.03138643104609,28.410797381819002],[81.03116968744114,28.409438730070978],[81.0310315265591,28.408536088529736],[81.03075544821455,28.407177436428917],[81.02955541473675,28.408378396486835],[81.02713477744201,28.410832144979633],[81.02560011110668,28.41245066022686],[81.02420275159392,28.413809601176144],[81.02241204798965,28.415671934055474],[81.02066054835937,28.417446055106804],[81.01944050465822,28.41876880083011],[81.01778722398802,28.420804749203395],[81.01625223867637,28.42278880914429],[81.01516968356825,28.424199457477027],[81.01651654450932,28.425167510046982],[81.0170795603277,28.425573700067936],[81.01871377635858,28.426756069232844],[81.01977665980975,28.42752324645931],[81.02156862061105,28.428775514035433],[81.02292717396593,28.42976607396102],[81.02515203962012,28.431401897725458],[81.02639242582238,28.4322547279753],[81.02755447082603,28.43308955079952],[81.0302915232443,28.435020781237725],[81.0322014633892,28.436360950563042],[81.03202951775849,28.436744685943964],[81.03262842504037,28.436983764214954],[81.03350887050091,28.43746879379079],[81.03418131008733,28.43745048602407],[81.03467568455538,28.43731951682158],[81.0348719476414,28.437204360281136],[81.0353950956134,28.436421075805296],[81.03609555318675,28.435987583382456],[81.03645937716408,28.435960331121738],[81.03701764613416,28.436077560131782],[81.03783094977858,28.43616534805552],[81.03814062386807,28.43637966512142],[81.03835388667575,28.436650371808295],[81.03842672489861,28.43674296257533],[81.03883943977591,28.436812801988182],[81.03974152150302,28.437182672573066],[81.040125345936,28.437563977216044],[81.0403183462514,28.43810101220023],[81.04078989162801,28.43839654374371],[81.04091987370269,28.438635740100448],[81.04141101721048,28.440863150478847],[81.04170305127931,28.44158524094505],[81.04199877964265,28.442009432401978],[81.04213017858471,28.443397403378317],[81.04230299032587,28.443555327243534],[81.04275053169151,28.44365905157324],[81.04320920221693,28.443699444775],[81.04391451857634,28.44425442957291],[81.04399616433874,28.444814094595035],[81.04430064123541,28.44547529342394],[81.04453752955474,28.446231268301126],[81.04473303327505,28.446590000591954],[81.04552056133039,28.447557920672214],[81.04585968374545,28.447806060705272],[81.04631491450324,28.44793685529674],[81.04710801577075,28.448372119522507],[81.047500036503,28.448435205677743],[81.0481112675173,28.448306238722985],[81.04835892500903,28.4482114648226],[81.04843426440016,28.44824753927192],[81.04920460060197,28.449084544706903],[81.04938885428935,28.449210834823827],[81.05001933779258,28.449393459745924],[81.05041828895375,28.449959756004148],[81.05109945974172,28.451164681668796],[81.05152073689187,28.451521104403035],[81.0516887327963,28.451726354540128],[81.05179564790001,28.45177599525975],[81.05216516566163,28.45148472785093],[81.05238987550763,28.451466600667857],[81.05270742422559,28.45187272373053],[81.05287773180636,28.452238271300896],[81.05324798538405,28.452818134221634],[81.05378355228417,28.453267022759494],[81.05425128754253,28.453427076420937],[81.0545408334989,28.453399885262755],[81.05547562704909,28.453051920985615],[81.05589747930206,28.452686131993598],[81.05631495247506,28.452464760417616],[81.05651796481403,28.452498523013954],[81.05733538831188,28.452956356073802],[81.05804001166746,28.453793361873505],[81.05872924882809,28.455011728594876],[81.06023791907447,28.45611238511397],[81.0604285511968,28.45618228264977],[81.0605594740762,28.456231924113236],[81.06188958123904,28.457122766854],[81.0624287743277,28.45766187014822],[81.06345651120948,28.458902684949322],[81.06413343951434,28.459635847639518],[81.06454765164197,28.45995613414524],[81.06475235182677,28.460050852393998],[81.06503264379661,28.460052919782125],[81.06543448442322,28.459890252331302],[81.06591935582657,28.45977266185944],[81.06619358268188,28.459806363560958],[81.06688464740549,28.460169416723073],[81.06770150989541,28.460500713362546],[81.06805457945009,28.460525412813524],[81.0695571377458,28.46079319983126],[81.07036418945661,28.460826595865463],[81.07064773080418,28.460923503199172],[81.07067173875635,28.460997963019597],[81.07121370326225,28.460349967796976],[81.07147136951231,28.459941414191647],[81.07232626806451,28.459038098145246],[81.07254023026903,28.45866780526543],[81.07304413406428,28.457092288100636],[81.0732051996577,28.45681458370823],[81.07396243528244,28.455976911225306],[81.0748622214374,28.455360242436228],[81.07549471399163,28.455019089190056],[81.07584428884647,28.45466005114467],[81.07649980446222,28.45353122911699],[81.0767335833889,28.453296413931923],[81.07727049642811,28.45190582606065],[81.07757525369823,28.450914914591117],[81.07779979457976,28.449824723467323],[81.0778930306121,28.449045996084138],[81.07815251937411,28.448122853640697],[81.07816190951363,28.447457034036617],[81.0780613257698,28.446547578401105],[81.07774154758066,28.444891213278083],[81.07673263587567,28.4432780387888],[81.07609841438098,28.442400460526798],[81.07595048819483,28.442170391050766]]]}},{"type":"Feature","properties":{"province":"Sudurpashchim Province","district":"Kailali","municipality":"Tikapur Municipality","ward":"9","wardNumber":9,"sourceMunicipality":"Tikapur","sourceType":"Nagarpalika"},"geometry":{"type":"Polygon","coordinates":[[[81.07067173875635,28.460997963019597],[81.07064773080418,28.460923503199172],[81.07036418945661,28.460826595865463],[81.0695571377458,28.46079319983126],[81.06805457945009,28.460525412813524],[81.06770150989541,28.460500713362546],[81.06688464740549,28.460169416723073],[81.06619358268188,28.459806363560958],[81.06591935582657,28.45977266185944],[81.06543448442322,28.459890252331302],[81.06503264379661,28.460052919782125],[81.06475235182677,28.460050852393998],[81.06454765164197,28.45995613414524],[81.06413343951434,28.459635847639518],[81.06345651120948,28.458902684949322],[81.0624287743277,28.45766187014822],[81.06188958123904,28.457122766854],[81.0605594740762,28.456231924113236],[81.0604285511968,28.45618228264977],[81.06023791907447,28.45611238511397],[81.05872924882809,28.455011728594876],[81.05804001166746,28.453793361873505],[81.05733538831188,28.452956356073802],[81.05651796481403,28.452498523013954],[81.05631495247506,28.452464760417616],[81.05589747930206,28.452686131993598],[81.05547562704909,28.453051920985615],[81.0545408334989,28.453399885262755],[81.05425128754253,28.453427076420937],[81.05378355228417,28.453267022759494],[81.05324798538405,28.452818134221634],[81.05287773180636,28.452238271300896],[81.05270742422559,28.45187272373053],[81.05238987550763,28.451466600667857],[81.05216516566163,28.45148472785093],[81.05179564790001,28.45177599525975],[81.0516887327963,28.451726354540128],[81.05152073689187,28.451521104403035],[81.05109945974172,28.451164681668796],[81.05041828895375,28.449959756004148],[81.05001933779258,28.449393459745924],[81.04938885428935,28.449210834823827],[81.04920460060197,28.449084544706903],[81.04843426440016,28.44824753927192],[81.04835892500903,28.4482114648226],[81.0481112675173,28.448306238722985],[81.047500036503,28.448435205677743],[81.04710801577075,28.448372119522507],[81.04631491450324,28.44793685529674],[81.04585968374545,28.447806060705272],[81.04552056133039,28.447557920672214],[81.04473303327505,28.446590000591954],[81.04453752955474,28.446231268301126],[81.04430064123541,28.44547529342394],[81.04399616433874,28.444814094595035],[81.04391451857634,28.44425442957291],[81.04320920221693,28.443699444775],[81.04275053169151,28.44365905157324],[81.04230299032587,28.443555327243534],[81.04213017858471,28.443397403378317],[81.04199877964265,28.442009432401978],[81.04170305127931,28.44158524094505],[81.04141101721048,28.440863150478847],[81.04091987370269,28.438635740100448],[81.04078989162801,28.43839654374371],[81.0403183462514,28.43810101220023],[81.040125345936,28.437563977216044],[81.03974152150302,28.437182672573066],[81.03883943977591,28.436812801988182],[81.03842672489861,28.43674296257533],[81.03835388667575,28.436650371808295],[81.03814062386807,28.43637966512142],[81.03783094977858,28.43616534805552],[81.03701764613416,28.436077560131782],[81.03645937716408,28.435960331121738],[81.03609555318675,28.435987583382456],[81.0353950956134,28.436421075805296],[81.0348719476414,28.437204360281136],[81.03467568455538,28.43731951682158],[81.03418131008733,28.43745048602407],[81.03350887050091,28.43746879379079],[81.03262842504037,28.436983764214954],[81.03202951775849,28.436744685943964],[81.03178847944262,28.437281902343738],[81.03177566221792,28.437313473815752],[81.03092286609478,28.439475783619983],[81.030116277504,28.441511681277195],[81.02976200052396,28.442572487988777],[81.0293096883941,28.44359947009276],[81.02929818299907,28.44362885343603],[81.02842419066711,28.44587912588926],[81.02801120294454,28.446994134745342],[81.0278665256871,28.446899354281125],[81.02786371132947,28.44692192347528],[81.02776892359087,28.447084469588003],[81.02663236616198,28.44743899563324],[81.02577572549542,28.44783191064276],[81.02467637471392,28.447972061820657],[81.02388331828419,28.448475448264894],[81.02367042171883,28.44869669722178],[81.02330309468822,28.448854738479913],[81.02325582256906,28.449089431781736],[81.02328114020769,28.44929030356633],[81.02390348289983,28.45014556266657],[81.024232664525,28.450373446744965],[81.02513130766717,28.450732127493062],[81.02555596057725,28.451070544709136],[81.02604544648854,28.45160083256454],[81.02707282232086,28.452097117420653],[81.02804005736058,28.452216540717238],[81.02846402638505,28.452347335526778],[81.02875838274203,28.45255039919],[81.02931988818055,28.453477865853042],[81.03043191549655,28.45426973921924],[81.03102493805592,28.454957949560683],[81.03130153459428,28.455357320118843],[81.03160338576423,28.455984695546757],[81.03195732262039,28.456456339056043],[81.03266801738998,28.456943617271214],[81.03286246029253,28.457182815328572],[81.03292379429739,28.457295661099774],[81.03271213613715,28.458175853682803],[81.03248347922013,28.45866568225406],[81.03223374236583,28.459679100470606],[81.03222842211207,28.460028890830678],[81.0322751813088,28.460478023170598],[81.03264860372948,28.46211638324713],[81.0326420313926,28.462552010628066],[81.03289479821157,28.46338019530745],[81.03314750952327,28.46384502187465],[81.03360773506212,28.46436399310889],[81.03423965165615,28.46480844503866],[81.03539938850106,28.465340742303734],[81.03557757730611,28.465537052323718],[81.0360128591319,28.46583483338135],[81.03712988509407,28.46682982857212],[81.03714945451895,28.466845708558665],[81.03750583256137,28.467132172740392],[81.0383534027731,28.46696713589588],[81.03838310161329,28.466960321384963],[81.03895394268916,28.466845108604268],[81.03937210072445,28.46676146466115],[81.04072954930102,28.466616629389662],[81.04113276315192,28.46658712573452],[81.04140198425509,28.466846580747358],[81.04171978618028,28.46715117443106],[81.04226973374283,28.46756392858464],[81.04302037601798,28.468387555658108],[81.04352974697667,28.468786804591595],[81.04372243663869,28.469159166655874],[81.04324912684274,28.469619732101048],[81.04315502568328,28.46977321330276],[81.04318634925212,28.469849924409136],[81.04343512674284,28.470003347066637],[81.04372148505236,28.469978406316514],[81.04434966282729,28.469671262519196],[81.04503379736893,28.469476903112298],[81.04515984722828,28.469366309948335],[81.04573769116776,28.469181013838487],[81.04634229365514,28.469119879462077],[81.04733335258165,28.469126332559167],[81.04782628642222,28.46919160878069],[81.04819417182823,28.469322339712665],[81.04846276886313,28.46948476613382],[81.04888036260073,28.46954103803672],[81.04926744019411,28.46979818179438],[81.0493554060787,28.470041879585747],[81.04919684156965,28.47031501984911],[81.0489188599308,28.470495630840773],[81.0487915581211,28.470716882029336],[81.04878573465768,28.47121340192002],[81.04884012495592,28.471468477528223],[81.04912572531217,28.471822648530516],[81.04955206873704,28.472048157619774],[81.05007907057734,28.472494796284554],[81.0504868346743,28.473234893933387],[81.05073366407149,28.473995369968613],[81.05113167356731,28.47477610502061],[81.05148717322112,28.47525218652523],[81.05209132488513,28.475926768306532],[81.05233021286669,28.476712064344255],[81.05229075588068,28.47697157723434],[81.05165943711484,28.478082206134914],[81.05155420425405,28.478441122338932],[81.0516399792451,28.478847305611428],[81.05191026279262,28.479138332419527],[81.05215016248432,28.479284941296743],[81.05292257522703,28.47937491538255],[81.05322681601666,28.47926419952904],[81.05375026836394,28.478923232337607],[81.05483956729333,28.478044865119248],[81.05562249325547,28.47761568790731],[81.05583513891472,28.47740350373876],[81.05591823899282,28.477033333147016],[81.0559216207997,28.47672186717112],[81.05564796604054,28.476160011559887],[81.05565316408106,28.475692811723253],[81.0557835324864,28.47525043407929],[81.05594972433963,28.47503368490388],[81.05616455760082,28.47487114091439],[81.05654914268183,28.47467683912245],[81.05707984978851,28.474182388737358],[81.05746899898475,28.474015220548626],[81.0579711265933,28.473893129385655],[81.05927450807557,28.47288822800124],[81.05989061635539,28.47271193485995],[81.060580501832,28.47261910434671],[81.06100997474726,28.47264599326723],[81.06109900855384,28.472607545623468],[81.06110982622273,28.47253533717538],[81.06113371355984,28.472372852068084],[81.0608516134759,28.472070509880034],[81.06036512445006,28.471750283891645],[81.05947805586047,28.470960790446906],[81.05873159893413,28.470408180227878],[81.0574516397781,28.469248697689828],[81.05664960129097,28.46860355969723],[81.05530637118406,28.46730190934187],[81.05467626827253,28.466862083913604],[81.05467626911812,28.46684858043595],[81.05467489507862,28.466742486580348],[81.0558675340872,28.46647342376168],[81.05690624049338,28.466179539631405],[81.05785053438161,28.46605051503084],[81.05846214192877,28.465842650206508],[81.05900834766317,28.465808522741042],[81.05946227004642,28.465641355466545],[81.06027914226387,28.46546268931261],[81.06172268594074,28.46526340124893],[81.06386205739646,28.46482680315965],[81.0641876198447,28.464686703711997],[81.06449304859308,28.464555732119706],[81.06579766832097,28.464218777048284],[81.06620138471104,28.4640695511588],[81.06694373298346,28.46365400201435],[81.06754490373541,28.46321356879067],[81.06791942462745,28.462865846955555],[81.06851909397658,28.46245923613724],[81.06969416995717,28.461851574323266],[81.07008632148575,28.46156924661366],[81.07067173875635,28.460997963019597]]]}},{"type":"Feature","properties":{"province":"Sudurpashchim Province","district":"Kailali","municipality":"Tikapur Municipality","ward":"3","wardNumber":3,"sourceMunicipality":"Tikapur","sourceType":"Nagarpalika"},"geometry":{"type":"Polygon","coordinates":[[[81.08789528517474,28.533135227966035],[81.08790597984834,28.532956926061694],[81.08802584319899,28.53261607701997],[81.08803360052967,28.532388135981467],[81.08795332337776,28.532214395881642],[81.08781089942327,28.53196175748393],[81.0875816296113,28.53172718516688],[81.08737130378567,28.531567073498678],[81.08643666000155,28.53051143850077],[81.08610573001515,28.530103188540167],[81.08573753998888,28.529518887410806],[81.08521061007202,28.528532966570793],[81.085034178735,28.528011748418223],[81.0850401212534,28.527840260417427],[81.0846878828505,28.52680007604703],[81.08448593868776,28.526393954229622],[81.08442929701367,28.526163760856242],[81.08369291643223,28.52499972145941],[81.08343839709563,28.524248310478658],[81.08323714203033,28.523821932591915],[81.08307214561242,28.523607617617454],[81.082888520088,28.52329852427815],[81.08254121268139,28.522734541535744],[81.08199526559267,28.522299219232195],[81.08123248690373,28.52189802781554],[81.08089467672313,28.521679272188944],[81.08063995798022,28.521557607729623],[81.08003454612931,28.521417995279663],[81.07961251466621,28.52131902358494],[81.07927257715491,28.521174788972264],[81.07897759568613,28.5209763511721],[81.07808215067072,28.52005156801428],[81.07785457073489,28.519778609779],[81.0773291304214,28.519381735880035],[81.07701589384823,28.519086270110357],[81.07686859031153,28.51898705128478],[81.07651402644129,28.51863288045398],[81.07584315933765,28.51807808294917],[81.07555355714652,28.517726226389694],[81.07514328907028,28.517123856115386],[81.07447780268934,28.51641557667544],[81.07371602483893,28.515993942470285],[81.0730209599889,28.5155159177069],[81.07283364323415,28.51531966987035],[81.07258117620307,28.51513923831133],[81.07133522299696,28.514379373535537],[81.07091256880764,28.51413804688286],[81.07031860153499,28.513851766855716],[81.06955150684827,28.513581364944322],[81.06878259654069,28.51336960396712],[81.06861165872961,28.513324588371614],[81.06818737857954,28.513121648054547],[81.06744673291465,28.512718081947824],[81.0666806384141,28.512429549436455],[81.06608197884457,28.512278684473603],[81.06565300668424,28.51220890767764],[81.06539459817435,28.51220002711745],[81.06504590323752,28.512303989642515],[81.064582973772,28.512597631968397],[81.06427078966864,28.51289340202804],[81.06378353775115,28.51326150264908],[81.06362466168179,28.513485003479833],[81.06353587730568,28.513559524805792],[81.0631871816573,28.513663549842043],[81.06275564502018,28.513668295390406],[81.06240757542452,28.51375419073589],[81.06214509985817,28.513860280933216],[81.06176651408244,28.51421256581938],[81.06123931258755,28.514483700401435],[81.0608934319128,28.51451089181901],[81.06046377131004,28.514461433777186],[81.05995076925619,28.514330825445782],[81.0596048265622,28.514360266572517],[81.05934109978021,28.514504867830286],[81.05920704729999,28.514633528857726],[81.0590528002839,28.51472386554158],[81.05887842202286,28.514778129013887],[81.05861338151344,28.514961053753034],[81.05795375341293,28.51532246361228],[81.05752033974399,28.51538585071269],[81.0572638072266,28.515320515698107],[81.0568839192004,28.515081440553022],[81.05603536912956,28.514063942579202],[81.05580372263651,28.513903829930488],[81.05554844081365,28.51380235858895],[81.05494477726313,28.513802600218344],[81.05416579660037,28.513875110795443],[81.0539045728216,28.51394519024922],[81.05338493907999,28.514006325790923],[81.05320993500496,28.514076406334503],[81.05268836258169,28.51419393377604],[81.0523427949437,28.51420311874785],[81.05208688802291,28.514119716196138],[81.05175107884023,28.513862573108185],[81.05164723003885,28.513745225425712],[81.0515241875036,28.51356923386555],[81.05130323736577,28.51310440755715],[81.05122483777885,28.512872025116728],[81.05112762973039,28.51195350513558],[81.05100491103144,28.511150080460382],[81.05096364690519,28.51109143751404],[81.05078652631079,28.51060854306873],[81.05039750546123,28.5106358579741],[81.0501403465136,28.5105885285529],[81.04937806800447,28.510184774495375],[81.04897873660165,28.509887056525464],[81.0488090498383,28.509805842903482],[81.04844491410466,28.509738255226942],[81.04826997274094,28.509808335484422],[81.04818118736742,28.509882794022623],[81.04808958839727,28.510031773493452],[81.04808708600606,28.51010854655389],[81.0482944608596,28.510954797319364],[81.04842442546745,28.512180220743694],[81.04827642298616,28.51271062447603],[81.04806771177303,28.513123617249825],[81.04778097660481,28.513306604404622],[81.04708702646074,28.51341969078009],[81.04648392620155,28.513401864336448],[81.04622645535066,28.51335684784345],[81.04613992266103,28.51337266383853],[81.04541259059204,28.513199102350857],[81.04557370734318,28.513528576491165],[81.04566523394922,28.51398896218967],[81.04564940674521,28.51444484585528],[81.04557393582836,28.514749559536575],[81.04534540541503,28.515124228571786],[81.04499383359908,28.515304901673048],[81.04475048821237,28.515490077574807],[81.04448738759625,28.515616548356057],[81.0442248494988,28.5157249511806],[81.04370265195851,28.515865047474133],[81.04335264280897,28.516009585332498],[81.04291197221225,28.516285096841763],[81.04247418018588,28.516483836881168],[81.04194472541977,28.516836057101738],[81.04165611245247,28.517075373276246],[81.04158808573843,28.51717021319919],[81.0414939832382,28.51739815374877],[81.0414860385863,28.517628407952607],[81.04158044263369,28.518011959755263],[81.04156968237164,28.51831892472439],[81.0416238225884,28.518628140997475],[81.04161306348851,28.518932792126392],[81.0417105831629,28.51985581436626],[81.0416868737987,28.520544203473143],[81.04129707991312,28.52183745208891],[81.04109337340769,28.522119656686286],[81.04067651498121,28.52295033243021],[81.04045048673703,28.523250542300012],[81.04028898380581,28.52355300377333],[81.0400040499169,28.524311346925096],[81.0399719078938,28.524618311740113],[81.0400237951913,28.52498391914362],[81.04006999085598,28.52552107744976],[81.04020215509,28.526060424746447],[81.04057946720084,28.526990140497073],[81.04123438203811,28.528003259377225],[81.04174962575364,28.52868690403909],[81.04193275166195,28.528998310569502],[81.04236871825144,28.529487897469004],[81.04259498478243,28.52979924224721],[81.04273253004088,28.53018742061633],[81.04300512758486,28.53040398739419],[81.04317350149091,28.530523525096886],[81.0437675320326,28.530807679096057],[81.04444746888026,28.531091834575413],[81.0447026875034,28.531195555970584],[81.04521575302613,28.531324038969153],[81.04538800467039,28.531328479999264],[81.04564897884944,28.531258400683612],[81.04606951667586,28.530942313647405],[81.04650587101835,28.530802216386196],[81.04702025006736,28.530890062222973],[81.04727453019993,28.53101185074471],[81.04761671936383,28.531097506032086],[81.04804068757223,28.53130044673619],[81.04854724605536,28.53162073491175],[81.04880221548203,28.531722205345336],[81.04914027622051,28.531922956753334],[81.04954035859555,28.532200293471426],[81.05030182388849,28.532622115954553],[81.05037347426423,28.53270551592714],[81.05079607023546,28.532673825031836],[81.0510375388668,28.532547354242595],[81.05145870194484,28.53221319915648],[81.0517219286035,28.532084477800925],[81.05215665540722,28.531980453754773],[81.05284416208013,28.532056922834283],[81.05362070389008,28.532038553663398],[81.05517172219653,28.532078524194386],[81.05577613612192,28.532055713958254],[81.05672805711258,28.531965012859903],[81.05715934434198,28.53195807940762],[81.05811251601646,28.531828992573146],[81.05992507236155,28.531778565370622],[81.06122168443297,28.531698998391946],[81.06260645640641,28.53156516567643],[81.06303805545137,28.531558231848567],[81.06434092378034,28.531311615321993],[81.06477784049194,28.53115113687217],[81.06529822403608,28.53107193329204],[81.06573389012777,28.53095209199554],[81.06677453247364,28.530791309071997],[81.06737644524004,28.530847459461373],[81.06746329023154,28.530829330572935],[81.06814954574865,28.53094637422008],[81.06892521071909,28.530968516452674],[81.06958914516332,28.53110131439729],[81.07018980582299,28.53119578804171],[81.07104574829832,28.531391670130297],[81.07138637357298,28.531517961471806],[81.07181071725871,28.531720776875556],[81.07255023630343,28.532162729331734],[81.07306280054677,28.532311405049548],[81.07366815334159,28.532270464121428],[81.07444969960719,28.532121055817505],[81.07505411413425,28.532100433455636],[81.07531477449646,28.532050609947927],[81.07557731240259,28.531944395466436],[81.07653611426859,28.531668515361186],[81.0773135942607,28.531631952817683],[81.07757425572728,28.531582129374005],[81.0780052287416,28.531595451407433],[81.07826482681033,28.531565946123795],[81.07964403087958,28.531605727088913],[81.07998465637046,28.531729643763146],[81.08003448791149,28.53172964429371],[81.08117272742746,28.531704152716397],[81.08185866927579,28.531839138850586],[81.08245495155494,28.53206446367668],[81.08365133181353,28.53242027199736],[81.08450977543576,28.532559637317203],[81.08528393959922,28.532638171170518],[81.08571522628706,28.532649179787754],[81.0863130717585,28.53283611827866],[81.08742629719842,28.533097147479914],[81.08783551237501,28.533126224315],[81.08789528517474,28.533135227966035]]]}},{"type":"Feature","properties":{"province":"Sudurpashchim Province","district":"Kailali","municipality":"Tikapur Municipality","ward":"4","wardNumber":4,"sourceMunicipality":"Tikapur","sourceType":"Nagarpalika"},"geometry":{"type":"Polygon","coordinates":[[[81.1085750262469,28.51967375382647],[81.10844654142753,28.519651244928802],[81.10829948840625,28.519531771005454],[81.10825884898654,28.51945506063002],[81.10750839433328,28.518690575837816],[81.10677494247946,28.51805925525565],[81.10667171881634,28.51792390216332],[81.10612821174459,28.517412119326707],[81.10552543478096,28.51674672815312],[81.10521113445901,28.516471643044223],[81.1050042491178,28.51621906691702],[81.10433663536155,28.51555154896156],[81.10364488642674,28.51496080406549],[81.1036045606082,28.514881843013423],[81.10291806578594,28.514139865437436],[81.10237455923239,28.513627958288534],[81.10187544369664,28.513079915523427],[81.1017287029939,28.512962691753593],[81.1016880646874,28.512883730777112],[81.10093585749252,28.51217788776293],[81.10066601214979,28.51186441768547],[81.10001615340623,28.51131199678974],[81.09984771761503,28.511192458852104],[81.09950802997588,28.51103021929392],[81.09884603568743,28.510841155106064],[81.09860782099928,28.51087066054718],[81.09852285169639,28.510830084319792],[81.09817697143198,28.51085965088115],[81.09757455894189,28.510823944563814],[81.09706118153949,28.510693461959765],[81.09672055616726,28.5105696084827],[81.0961218964031,28.51041880612928],[81.09586380039234,28.510391919416527],[81.0956509721582,28.510310830229628],[81.09550554568264,28.510152969264084],[81.09552880488737,28.510096516129042],[81.09584336724559,28.509726161181547],[81.09613004073373,28.50954311202838],[81.09639620706493,28.509321800296938],[81.0966232971794,28.50898533028427],[81.0966487462811,28.50887248487334],[81.09663856190045,28.508529508996137],[81.09590954015015,28.508390083275128],[81.09561224666128,28.5081216879693],[81.09485297081096,28.507630220738776],[81.094510094915,28.50747248231611],[81.09391125224317,28.507057664567434],[81.09238939463731,28.50567073693887],[81.09193367327123,28.50497371434365],[81.09173498207359,28.5045405218955],[81.09177269570104,28.50383862934907],[81.091663479599,28.503152613616475],[81.09173194687153,28.502920109237387],[81.09061786465942,28.5016299030413],[81.0903512688942,28.501388640703894],[81.09031513215916,28.501284859680993],[81.09210837310259,28.500931531545653],[81.09338353893469,28.500917107376907],[81.09441680420451,28.500710998452927],[81.09458336963338,28.500566520794923],[81.09486922698956,28.500573027111013],[81.09493600143477,28.500582030284058],[81.0950091533587,28.500581905945147],[81.09507361526472,28.50057515475826],[81.09524217967537,28.500527643672523],[81.09536529245315,28.500315395233454],[81.09531365152995,28.500073949131767],[81.09529470929893,28.499985923077343],[81.09518885906175,28.499832564378472],[81.0949044453443,28.49957548480268],[81.09430197633279,28.49917648473419],[81.09374746635356,28.498596807055357],[81.09362330008096,28.49829671694612],[81.09273929417493,28.497566115703695],[81.09263088166361,28.497369869139998],[81.09290487238762,28.496636157699093],[81.09295214624464,28.496326942543742],[81.09319936879325,28.496015354710146],[81.09414373610517,28.49525864637237],[81.0944472327581,28.494798014788415],[81.09460005058067,28.494235914706202],[81.09510682141587,28.493195179462713],[81.09576826198933,28.492910354608693],[81.09650179755393,28.492257548831223],[81.09718474986957,28.49175822394039],[81.09758590413306,28.491554919598645],[81.09872889958908,28.49126291268928],[81.0993206274674,28.490948765731194],[81.09962586791173,28.490885376966435],[81.10035014442144,28.490573357496974],[81.10117227374988,28.4900784741274],[81.10110081276349,28.489882227813744],[81.100122267422,28.489395446795392],[81.09935511260933,28.488944679412228],[81.0990109269766,28.488649274990703],[81.09847736333032,28.48797938390791],[81.09822864978327,28.487715490921985],[81.09803451466638,28.487731430175618],[81.0978748304227,28.487706733570818],[81.09733119843183,28.487181258673345],[81.09717126891273,28.486890233908344],[81.09714582597577,28.48664203598295],[81.09663533212586,28.486066860588377],[81.09645796176619,28.48556821193152],[81.09608363582291,28.485475991714736],[81.0955973897954,28.485589143740086],[81.09521024112408,28.48575643695675],[81.09460425606692,28.486233068491114],[81.09389660355741,28.486901629729214],[81.09327366933738,28.487655842174984],[81.09235924887534,28.48854340224535],[81.09183873542001,28.488864238925004],[81.09112883191936,28.489575687781628],[81.0906609029771,28.48977911620002],[81.08962782828175,28.48976847382488],[81.08899959551577,28.489622234522646],[81.08862345442873,28.48964729914402],[81.08808718667616,28.4899162455836],[81.08792593874841,28.48988467203285],[81.08761589180425,28.48952837536064],[81.0873524185193,28.48949686287853],[81.08605480433525,28.489660267186444],[81.08574656513814,28.489608560911233],[81.08568973775488,28.489222633882708],[81.0857261406165,28.48841921204079],[81.08602252134976,28.487310890787956],[81.08697628648396,28.485441606281462],[81.08769257503117,28.484312597102875],[81.08914921198358,28.48272740232834],[81.08978989950394,28.48216049510114],[81.09011958946219,28.481945811973002],[81.09042927472045,28.48155520129005],[81.0905797742277,28.48123235865916],[81.09033062532016,28.480812794927388],[81.09028917205228,28.48086243427387],[81.09023965336445,28.48085117987416],[81.0898178160945,28.480384287456367],[81.08947281500139,28.480228799243413],[81.08894905054186,28.48051581370326],[81.08875053678037,28.480626531477544],[81.08832756321564,28.480764440660423],[81.08791153366991,28.48073536402759],[81.08694760882923,28.48079249265557],[81.08654601886207,28.480898767968036],[81.08565511572928,28.48125592294737],[81.08532511407228,28.481470543983956],[81.0849637887078,28.481581383329992],[81.08385198851987,28.482078576679125],[81.08253398671754,28.482555573589494],[81.08222211608144,28.482722805300952],[81.08182139802663,28.483072839619485],[81.08146413636062,28.483185930433557],[81.08138529499382,28.483185991801705],[81.08094845183444,28.48274160620052],[81.08064015195531,28.482531914699194],[81.08003530314376,28.48241274626115],[81.07938956284632,28.48228670056174],[81.07899060427862,28.482090575330577],[81.07843877481957,28.48196453095377],[81.07796834941419,28.48193320214025],[81.07744252593729,28.48201471893329],[81.0762919637106,28.482349426248927],[81.07589006159759,28.48246701717865],[81.0754818427633,28.482665820134038],[81.07534241192157,28.482846495999095],[81.07532752847182,28.483006730699405],[81.07531039394128,28.48319403514882],[81.07490779639552,28.48368398598119],[81.07467039119054,28.483918863491485],[81.0744000380329,28.484036394886623],[81.07414093481694,28.48435698520794],[81.07407414571567,28.485174036141117],[81.07422319603042,28.485444742815876],[81.0749343903642,28.486017608120267],[81.07550253000625,28.48657696735346],[81.07686588890891,28.488133442658988],[81.07826132636153,28.489396457614756],[81.0787378712032,28.489910740065703],[81.07941248599283,28.490639337201543],[81.0800349600277,28.491137742335905],[81.08041997413781,28.491446775623622],[81.08128984627326,28.492346676617455],[81.0811677968558,28.492581431032463],[81.08079277503886,28.492922463673285],[81.08072118085613,28.49316622156462],[81.08077855848948,28.494267545338815],[81.08081631943845,28.49440971270069],[81.08103089465519,28.49472105652315],[81.08211384622506,28.49567503937094],[81.08214729171635,28.495927801414716],[81.08193252023213,28.49608815742625],[81.0801037616848,28.49673926056287],[81.08003479738736,28.496784398120777],[81.07976863220156,28.49695606928155],[81.07908405282139,28.497531979258515],[81.07866357940947,28.497715089530427],[81.0782746824172,28.497796545103153],[81.07662023930799,28.49837975611567],[81.07567493830742,28.498890267058524],[81.07541358617699,28.499118455495612],[81.07525058360524,28.49935327204276],[81.07528365388879,28.49961053553462],[81.07544921229555,28.499797717499142],[81.07580665643151,28.499960020624197],[81.07667741649392,28.500137834267687],[81.07708838422067,28.500103830104962],[81.07751622774148,28.500331465806568],[81.0777696369836,28.500220686380562],[81.07822893333069,28.500258828919794],[81.0786272679969,28.500389498364857],[81.07932289530712,28.500849454970716],[81.07972110607173,28.500941737744878],[81.08003484723241,28.500968687439368],[81.08065664260872,28.50102014861937],[81.08083014309452,28.50111486606252],[81.08104766245145,28.50110799263476],[81.08253001853919,28.501756953057473],[81.08285057029595,28.502084053411995],[81.0829824274151,28.502384142897025],[81.08300962360929,28.502445099173656],[81.0824967963154,28.503002818121224],[81.0824423964648,28.50327596005429],[81.08252535923684,28.503580550077867],[81.08242844560513,28.503749911274316],[81.08213177015769,28.50384487200524],[81.08164665088722,28.50384067665066],[81.08090761705543,28.50423834553628],[81.08049752647615,28.504202454477316],[81.08023692812868,28.504236461167423],[81.08003485117726,28.504308791310294],[81.07915489079787,28.504620746074856],[81.07910074185847,28.50480586236086],[81.0791267484016,28.50500448286299],[81.07939246579615,28.505417295302138],[81.07931349222966,28.505751392053977],[81.07909684487457,28.5059771431919],[81.0787984083714,28.506652149173387],[81.07851711332967,28.50677418116823],[81.07857987529209,28.50738804913568],[81.07919808751505,28.508525141454967],[81.07979680013815,28.509167963537582],[81.08003488644967,28.509332577193074],[81.0801968823192,28.50944530020445],[81.08053994735573,28.509512824375594],[81.0808861407281,28.509483258210818],[81.08193535328088,28.50907640353417],[81.08211154657597,28.50896568632189],[81.08254489711956,28.508902235896574],[81.08280330628813,28.508911116767386],[81.08314355612589,28.509053100480003],[81.08373502218457,28.509413840088772],[81.08425420639873,28.510000268749753],[81.0844650950613,28.510140062691214],[81.08491363628944,28.51026616838481],[81.0856866735735,28.51036495866934],[81.08611408256544,28.51047305859733],[81.0866240197895,28.51069613117842],[81.0868774242531,28.51085618151501],[81.0874683263792,28.5112349882969],[81.08769972250518,28.511413105602603],[81.08792799110651,28.51166799615755],[81.08807373034286,28.511825857033955],[81.08836971271573,28.512003976236393],[81.0884936942049,28.512161836879912],[81.08865499879799,28.512488997343183],[81.08871764671902,28.512547640610236],[81.08873590131971,28.512644669136517],[81.08906251460438,28.513186082589517],[81.08910127639159,28.513321497586222],[81.0893900028438,28.51371174077572],[81.08946877817283,28.513921553578772],[81.08963471210993,28.514117800896333],[81.08959831599893,28.51455567863078],[81.08965914860218,28.51467071313004],[81.08988460258445,28.51502038105514],[81.08994787531238,28.515060956274844],[81.09017520511765,28.515351920477958],[81.09037308283763,28.515873138368438],[81.09066124566381,28.5162814491286],[81.09111903389675,28.51677084885861],[81.09120406488748,28.516811424812772],[81.09220692458962,28.51775409002888],[81.0926817167177,28.51837665391241],[81.09282288957057,28.51866774171295],[81.09279962935736,28.518724132794997],[81.09290472942652,28.518803094374952],[81.09298506945471,28.518976709440704],[81.09323384471554,28.519269986458564],[81.0934587349206,28.51963772188857],[81.09381517651971,28.519933126325416],[81.09428015830424,28.520214903029004],[81.09504981860492,28.520408470042014],[81.09634599236531,28.520351095811826],[81.0977209431923,28.520503597458],[81.09866804724642,28.520550248913423],[81.09901086193285,28.520617711563514],[81.0994362053227,28.520800145928604],[81.09981990976436,28.520926313097025],[81.10025082134595,28.520939447229306],[81.10111921219101,28.52077416073071],[81.10190376040204,28.520529787876768],[81.10216623568057,28.520423510282427],[81.10258539725399,28.52014787239591],[81.10293503151853,28.520007648930175],[81.10327534374122,28.520149570169778],[81.10361409294417,28.520329877397085],[81.10401467557445,28.520609402917],[81.10503279767191,28.521114189440077],[81.1055453002106,28.521262678320753],[81.10588936621679,28.521291753838746],[81.1063234051776,28.521207922846727],[81.10684829375691,28.520995367335594],[81.10726582915933,28.52076030388694],[81.10784224071706,28.52029948938416],[81.10801724497973,28.5202293468337],[81.10819594073408,28.52004416994506],[81.1084375952146,28.519917572931035],[81.10850706182265,28.5197663421262],[81.1085750262469,28.51967375382647]]]}},{"type":"Feature","properties":{"province":"Sudurpashchim Province","district":"Kailali","municipality":"Tikapur Municipality","ward":"5","wardNumber":5,"sourceMunicipality":"Tikapur","sourceType":"Nagarpalika"},"geometry":{"type":"Polygon","coordinates":[[[81.14108026265227,28.5024327050203],[81.1408830649261,28.502347177469947],[81.13910923530193,28.50108965957618],[81.13789241725111,28.500298785728923],[81.13712763827185,28.499877526770238],[81.13639105926445,28.499314038982284],[81.1357653361111,28.49871435536449],[81.13345932674807,28.496240910960804],[81.13290025424594,28.495584710770405],[81.13200700458064,28.494308198856743],[81.1310775512204,28.493151347559554],[81.12837570777184,28.490619505194957],[81.1269696381037,28.489512661651204],[81.12608537945182,28.48891772557231],[81.1258638616974,28.488768991293924],[81.12547328329366,28.488435325205234],[81.12367537966836,28.487308533409344],[81.12306197215855,28.486751673607507],[81.12181814610561,28.485870335615843],[81.12171748438277,28.485798251248237],[81.12125950691424,28.48546914826821],[81.12046947591318,28.484591943002158],[81.11949331242914,28.48374424327197],[81.11919326565376,28.483541366960516],[81.11854415299915,28.483277905880424],[81.11789228496866,28.48315661134498],[81.1157356182973,28.482257943234977],[81.11490675007782,28.481999168568077],[81.1132525857482,28.480969156219697],[81.11291121316896,28.480639930664157],[81.11256840633165,28.48015728435951],[81.11238909170918,28.479994921621753],[81.11200752174572,28.47939042686104],[81.11153310419407,28.478813001063507],[81.11124406509246,28.47846120637808],[81.11073719569815,28.47800350209844],[81.11037869533908,28.47748472057097],[81.11029473666478,28.47690029816483],[81.11026780128564,28.476175772881035],[81.11010063286383,28.475094890678672],[81.10980722575917,28.47419912376269],[81.10966274799581,28.473409390365187],[81.10953365020882,28.472703056433712],[81.10932596122638,28.471938141766948],[81.10890362981966,28.47109445149924],[81.10875082568155,28.470907206764647],[81.10836449998453,28.470530653482435],[81.10741997039173,28.469861131938995],[81.10699000089912,28.469631246452025],[81.10621965536133,28.469356529804177],[81.10420634446264,28.46902184154178],[81.10191856054782,28.468443577929694],[81.09732660163436,28.467797012390964],[81.0961539119917,28.467809125468023],[81.09560326691862,28.467868197333495],[81.09391050215608,28.468205648241184],[81.09341281504848,28.468255655830685],[81.09311350625492,28.468781743184092],[81.09277993573664,28.469215303663084],[81.09213437483635,28.469601657751383],[81.0915387741837,28.46974650489525],[81.09092604616853,28.4696814771604],[81.09052120608807,28.469729172669567],[81.09012130406414,28.469835510693375],[81.08953577142691,28.469887830662977],[81.08902395471621,28.46986781754704],[81.08893360865825,28.469863377816452],[81.08797880969044,28.470058109534314],[81.08791753662024,28.470085178983226],[81.08790290507349,28.47014163289595],[81.0879387916634,28.470252227949775],[81.08841527988842,28.47043466298055],[81.08912184872206,28.470860798211433],[81.08947566892817,28.470892124730202],[81.0902416418288,28.47095934188189],[81.09108577126361,28.47091359035959],[81.09147247652443,28.471003621821698],[81.09218730261054,28.471292029498677],[81.09304336972104,28.47146071541204],[81.09332934894924,28.471616202274603],[81.09342300643068,28.47178544045798],[81.09337948503916,28.472074337924777],[81.09324117837335,28.47236104449143],[81.09288097504492,28.472647936161945],[81.09252645802478,28.47321691111717],[81.09225847176498,28.473799328076183],[81.09200436318298,28.47457142527713],[81.09142257100663,28.475244302552067],[81.09132696216778,28.475801840019617],[81.091183901607,28.47619464065507],[81.0911798308161,28.476607636344],[81.09153382717514,28.477248329447384],[81.0918071114593,28.477546107673813],[81.09183605523458,28.477823626551018],[81.09169999903717,28.47813746753104],[81.09017965016032,28.479765610751794],[81.0901763933879,28.480086142571164],[81.09041766000777,28.48070889098738],[81.09033062532016,28.480812794927388],[81.0905797742277,28.48123235865916],[81.09042927472045,28.48155520129005],[81.09011958946219,28.481945811973002],[81.08978989950394,28.48216049510114],[81.08914921198358,28.48272740232834],[81.08769257503117,28.484312597102875],[81.08697628648396,28.485441606281462],[81.08602252134976,28.487310890787956],[81.0857261406165,28.48841921204079],[81.08568973775488,28.489222633882708],[81.08574656513814,28.489608560911233],[81.08605480433525,28.489660267186444],[81.0873524185193,28.48949686287853],[81.08761589180425,28.48952837536064],[81.08792593874841,28.48988467203285],[81.08808718667616,28.4899162455836],[81.08862345442873,28.48964729914402],[81.08899959551577,28.489622234522646],[81.08962782828175,28.48976847382488],[81.0906609029771,28.48977911620002],[81.09112883191936,28.489575687781628],[81.09183873542001,28.488864238925004],[81.09235924887534,28.48854340224535],[81.09327366933738,28.487655842174984],[81.09389660355741,28.486901629729214],[81.09460425606692,28.486233068491114],[81.09521024112408,28.48575643695675],[81.0955973897954,28.485589143740086],[81.09608363582291,28.485475991714736],[81.09645796176619,28.48556821193152],[81.09663533212586,28.486066860588377],[81.09714582597577,28.48664203598295],[81.09717126891273,28.486890233908344],[81.09733119843183,28.487181258673345],[81.0978748304227,28.487706733570818],[81.09803451466638,28.487731430175618],[81.09822864978327,28.487715490921985],[81.09847736333032,28.48797938390791],[81.0990109269766,28.488649274990703],[81.09935511260933,28.488944679412228],[81.100122267422,28.489395446795392],[81.10110081276349,28.489882227813744],[81.10117227374988,28.4900784741274],[81.10035014442144,28.490573357496974],[81.09962586791173,28.490885376966435],[81.0993206274674,28.490948765731194],[81.09872889958908,28.49126291268928],[81.09758590413306,28.491554919598645],[81.09718474986957,28.49175822394039],[81.09650179755393,28.492257548831223],[81.09576826198933,28.492910354608693],[81.09510682141587,28.493195179462713],[81.09460005058067,28.494235914706202],[81.0944472327581,28.494798014788415],[81.09414373610517,28.49525864637237],[81.09319936879325,28.496015354710146],[81.09295214624464,28.496326942543742],[81.09290487238762,28.496636157699093],[81.09263088166361,28.497369869139998],[81.09273929417493,28.497566115703695],[81.09362330008096,28.49829671694612],[81.09374746635356,28.498596807055357],[81.09430197633279,28.49917648473419],[81.0949044453443,28.49957548480268],[81.09518885906175,28.499832564378472],[81.09529470929893,28.499985923077343],[81.09531365152995,28.500073949131767],[81.09571755482251,28.500005934980216],[81.09609957144905,28.500050827678418],[81.09750740475152,28.500456028804376],[81.09794156376796,28.50064527735743],[81.09891366712806,28.501305860226644],[81.09936914301389,28.501677912759828],[81.10018968685375,28.50247396984357],[81.10035931256816,28.502476097665163],[81.1006194755518,28.5023359357227],[81.10066330841939,28.50211474591439],[81.10088058102919,28.501897935948133],[81.10184331944693,28.501736964594254],[81.10241322319835,28.501585302407605],[81.1033096238802,28.501494350920133],[81.10411486577037,28.501324499797995],[81.1049462453153,28.501037176631137],[81.10517995786232,28.50101442348834],[81.10575785956547,28.50114940857659],[81.10669157472485,28.501721901466304],[81.1068578220582,28.501870759685424],[81.1068563807685,28.50203099458888],[81.1065954035207,28.50229069204521],[81.10659220872343,28.502613474483166],[81.10669880709739,28.502854858864904],[81.10709526053226,28.50326298363712],[81.10797275796205,28.50437944873007],[81.1081958998529,28.50458013494631],[81.10907178330969,28.50503084190941],[81.1091335545421,28.50514137525055],[81.1090497691928,28.505358062425255],[81.10884243752541,28.50559975587105],[81.10863303832987,28.506033192392128],[81.10843913217242,28.507229540299562],[81.1084629507063,28.50741003118301],[81.10824942066928,28.508139179407664],[81.10812887085463,28.508346926460458],[81.10805284004743,28.508528541044402],[81.10805258907473,28.508529729204074],[81.10805252672756,28.50853066698089],[81.10803520302777,28.50883900719134],[81.10809597287542,28.50895404111711],[81.10812360041652,28.509412176361668],[81.10807489137729,28.509581474761834],[81.10793996324945,28.509750835375435],[81.10793777433975,28.509807227011443],[81.10803987204713,28.509980967101427],[81.1085402376938,28.51049062341884],[81.10897207647784,28.511113123827773],[81.10909799670503,28.511212341908553],[81.10936446426413,28.51161834038548],[81.10969764582728,28.511972385513943],[81.110523196518,28.512434407943722],[81.1111826893636,28.51270018232075],[81.11203731823016,28.51293413728321],[81.11375314397628,28.513212555639853],[81.11409527033092,28.513298022507822],[81.1148566729504,28.513739724727866],[81.11582452315193,28.51445207214459],[81.11641673991495,28.514794617942048],[81.1166736473898,28.51485757726378],[81.1173617170304,28.514915666857835],[81.11789779046993,28.515007700914417],[81.11867383198897,28.515011525352314],[81.11945193738383,28.514956707020584],[81.1200540995441,28.515012544102046],[81.12048094485137,28.515138587637125],[81.12082006809945,28.515318832535193],[81.12113680826637,28.515519395401174],[81.12171714228225,28.51602892801318],[81.12172895871592,28.516040181509624],[81.12249073994715,28.516317084974233],[81.12286349993039,28.51655597266023],[81.12370825005385,28.516814748207388],[81.12386756108017,28.51672203551169],[81.12383918034323,28.516464834914988],[81.12390829017805,28.515230223368672],[81.12401771319611,28.514844236841338],[81.1246580311974,28.51396798882808],[81.12587824219156,28.51376369577312],[81.1263442913458,28.513799399531088],[81.12702329593137,28.51375814714187],[81.12773631150534,28.513872565526707],[81.1284463896158,28.51390345895196],[81.12913364355339,28.51409915115888],[81.12954404424433,28.514313156983334],[81.12975224741206,28.5142745859807],[81.13060589977827,28.513154331691457],[81.13121545268473,28.512483455175353],[81.13189215333193,28.51192086229776],[81.1325891107368,28.511455235121428],[81.13320459582283,28.51120642023128],[81.13369240198871,28.5112736346476],[81.13398457498326,28.511230438121007],[81.1343532166388,28.511020256663585],[81.13533177677739,28.510700988696577],[81.13581046121944,28.510395843509784],[81.13720486862073,28.50984826403481],[81.13843996824613,28.50914963902084],[81.13905520977188,28.508528340195348],[81.13932063430691,28.507799129869966],[81.1396022124809,28.505794733517146],[81.14010779769838,28.504618395562066],[81.14032520110253,28.504071988069818],[81.1409385783249,28.502773677730957],[81.14108026265227,28.5024327050203]]]}},{"type":"Feature","properties":{"province":"Sudurpashchim Province","district":"Kailali","municipality":"Tikapur Municipality","ward":"2","wardNumber":2,"sourceMunicipality":"Tikapur","sourceType":"Nagarpalika"},"geometry":{"type":"Polygon","coordinates":[[[81.16589280635452,28.53173231990067],[81.16592788620022,28.531495250588442],[81.16604136982437,28.531294256250423],[81.16627602493098,28.5310457489357],[81.16642496209535,28.53067770576185],[81.16642597172624,28.530102161643565],[81.16610436780682,28.529136624104584],[81.16569585335034,28.528383335052645],[81.1644061489404,28.52666293800165],[81.16339897996896,28.52545675841545],[81.16333370698109,28.525377859327694],[81.16272823834836,28.52489339664211],[81.16230364889027,28.52444025845464],[81.16182948788504,28.52352454582841],[81.16122472765214,28.521834917248285],[81.16122975564578,28.520329538108],[81.16111585062669,28.519575878778554],[81.1606507648636,28.518080183873675],[81.16065209285347,28.517229309101605],[81.16052380652629,28.51653897941414],[81.16029848464247,28.515823704708488],[81.16038490827101,28.51486673767799],[81.16034796647152,28.51433189321277],[81.16006343949243,28.5133121523079],[81.1594043414501,28.511947492922364],[81.15919847216205,28.510747138519005],[81.15905204768052,28.510453863115906],[81.15861164212609,28.509865309385418],[81.15779177768992,28.50958196544505],[81.156961529651,28.509540066908173],[81.1564420866248,28.509463912093242],[81.15580816094456,28.509496288878463],[81.15506662694374,28.509799554517453],[81.15457262462674,28.51007994256811],[81.15373336811761,28.510360764213644],[81.15317653247389,28.510467474987667],[81.15249308838825,28.510490784856955],[81.15165677595479,28.5104037486995],[81.15120660942705,28.510289146011043],[81.1502107436115,28.50987276073816],[81.14970443345615,28.509582168332024],[81.14900605671195,28.508989422861113],[81.14817787981407,28.508527651168688],[81.14738171734467,28.50789207857568],[81.14573993621566,28.506636813226894],[81.1450788865632,28.506014621794776],[81.14431311458056,28.505153296364863],[81.1439439216613,28.50468427893142],[81.1440013199382,28.50460525663295],[81.1447360920643,28.50476243814088],[81.14627021980398,28.505334001539758],[81.14656826839732,28.505390146555392],[81.14629686095827,28.505006780586573],[81.14578824358908,28.504384404036657],[81.14559260996243,28.50422435450483],[81.14492711761216,28.503836919302888],[81.14290793615191,28.503096549814714],[81.14216772487912,28.502903295648263],[81.14108026265227,28.5024327050203],[81.1409385783249,28.502773677730957],[81.14032520110253,28.504071988069818],[81.14010779769838,28.504618395562066],[81.1396022124809,28.505794733517146],[81.13932063430691,28.507799129869966],[81.13905520977188,28.508528340195348],[81.13843996824613,28.50914963902084],[81.13720486862073,28.50984826403481],[81.13581046121944,28.510395843509784],[81.13533177677739,28.510700988696577],[81.1343532166388,28.511020256663585],[81.13398457498326,28.511230438121007],[81.13369240198871,28.5112736346476],[81.13320459582283,28.51120642023128],[81.1325891107368,28.511455235121428],[81.13189215333193,28.51192086229776],[81.13121545268473,28.512483455175353],[81.13060589977827,28.513154331691457],[81.12975224741206,28.5142745859807],[81.12954404424433,28.514313156983334],[81.12913364355339,28.51409915115888],[81.1284463896158,28.51390345895196],[81.12773631150534,28.513872565526707],[81.12702329593137,28.51375814714187],[81.1263442913458,28.513799399531088],[81.12587824219156,28.51376369577312],[81.1246580311974,28.51396798882808],[81.12401771319611,28.514844236841338],[81.12390829017805,28.515230223368672],[81.12383918034323,28.516464834914988],[81.12386756108017,28.51672203551169],[81.12370825005385,28.516814748207388],[81.12286349993039,28.51655597266023],[81.12249073994715,28.516317084974233],[81.12172895871592,28.516040181509624],[81.12171714228225,28.51602892801318],[81.12113680826637,28.515519395401174],[81.12082006809945,28.515318832535193],[81.12048094485137,28.515138587637125],[81.1200540995441,28.515012544102046],[81.11945193738383,28.514956707020584],[81.11867383198897,28.515011525352314],[81.11789779046993,28.515007700914417],[81.1173617170304,28.514915666857835],[81.1166736473898,28.51485757726378],[81.11641673991495,28.514794617942048],[81.11582452315193,28.51445207214459],[81.1148566729504,28.513739724727866],[81.11409527033092,28.513298022507822],[81.11375314397628,28.513212555639853],[81.11203731823016,28.51293413728321],[81.1111826893636,28.51270018232075],[81.110523196518,28.512434407943722],[81.10969764582728,28.511972385513943],[81.10936446426413,28.51161834038548],[81.10909799670503,28.511212341908553],[81.10897207647784,28.511113123827773],[81.1085402376938,28.51049062341884],[81.10803987204713,28.509980967101427],[81.10793777433975,28.509807227011443],[81.10793996324945,28.509750835375435],[81.10807489137729,28.509581474761834],[81.10812360041652,28.509412176361668],[81.10809597287542,28.50895404111711],[81.10803520302777,28.50883900719134],[81.10805252672756,28.50853066698089],[81.10805258907473,28.508529729204074],[81.10805284004743,28.508528541044402],[81.10812887085463,28.508346926460458],[81.10824942066928,28.508139179407664],[81.1084629507063,28.50741003118301],[81.10843913217242,28.507229540299562],[81.10863303832987,28.506033192392128],[81.10884243752541,28.50559975587105],[81.1090497691928,28.505358062425255],[81.1091335545421,28.50514137525055],[81.10907178330969,28.50503084190941],[81.1081958998529,28.50458013494631],[81.10797275796205,28.50437944873007],[81.10709526053226,28.50326298363712],[81.10669880709739,28.502854858864904],[81.10659220872343,28.502613474483166],[81.1065954035207,28.50229069204521],[81.1068563807685,28.50203099458888],[81.1068578220582,28.501870759685424],[81.10669157472485,28.501721901466304],[81.10575785956547,28.50114940857659],[81.10517995786232,28.50101442348834],[81.1049462453153,28.501037176631137],[81.10411486577037,28.501324499797995],[81.1033096238802,28.501494350920133],[81.10241322319835,28.501585302407605],[81.10184331944693,28.501736964594254],[81.10088058102919,28.501897935948133],[81.10066330841939,28.50211474591439],[81.1006194755518,28.5023359357227],[81.10035931256816,28.502476097665163],[81.10018968685375,28.50247396984357],[81.09936914301389,28.501677912759828],[81.09891366712806,28.501305860226644],[81.09794156376796,28.50064527735743],[81.09750740475152,28.500456028804376],[81.09609957144905,28.500050827678418],[81.09571755482251,28.500005934980216],[81.09531365152995,28.500073949131767],[81.09536529245315,28.500315395233454],[81.09524217967537,28.500527643672523],[81.09507361526472,28.50057515475826],[81.0950091533587,28.500581905945147],[81.09493600143477,28.500582030284058],[81.09486922698956,28.500573027111013],[81.09458336963338,28.500566520794923],[81.09441680420451,28.500710998452927],[81.09338353893469,28.500917107376907],[81.09210837310259,28.500931531545653],[81.09031513215916,28.501284859680993],[81.0903512688942,28.501388640703894],[81.09061786465942,28.5016299030413],[81.09173194687153,28.502920109237387],[81.091663479599,28.503152613616475],[81.09177269570104,28.50383862934907],[81.09173498207359,28.5045405218955],[81.09193367327123,28.50497371434365],[81.09238939463731,28.50567073693887],[81.09391125224317,28.507057664567434],[81.094510094915,28.50747248231611],[81.09485297081096,28.507630220738776],[81.09561224666128,28.5081216879693],[81.09590954015015,28.508390083275128],[81.09663856190045,28.508529508996137],[81.0966487462811,28.50887248487334],[81.0966232971794,28.50898533028427],[81.09639620706493,28.509321800296938],[81.09613004073373,28.50954311202838],[81.09584336724559,28.509726161181547],[81.09552880488737,28.510096516129042],[81.09550554568264,28.510152969264084],[81.0956509721582,28.510310830229628],[81.09586380039234,28.510391919416527],[81.0961218964031,28.51041880612928],[81.09672055616726,28.5105696084827],[81.09706118153949,28.510693461959765],[81.09757455894189,28.510823944563814],[81.09817697143198,28.51085965088115],[81.09852285169639,28.510830084319792],[81.09860782099928,28.51087066054718],[81.09884603568743,28.510841155106064],[81.09950802997588,28.51103021929392],[81.09984771761503,28.511192458852104],[81.10001615340623,28.51131199678974],[81.10066601214979,28.51186441768547],[81.10093585749252,28.51217788776293],[81.1016880646874,28.512883730777112],[81.1017287029939,28.512962691753593],[81.10187544369664,28.513079915523427],[81.10237455923239,28.513627958288534],[81.10291806578594,28.514139865437436],[81.1036045606082,28.514881843013423],[81.10364488642674,28.51496080406549],[81.10433663536155,28.51555154896156],[81.1050042491178,28.51621906691702],[81.10521113445901,28.516471643044223],[81.10552543478096,28.51674672815312],[81.10612821174459,28.517412119326707],[81.10667171881634,28.51792390216332],[81.10677494247946,28.51805925525565],[81.10750839433328,28.518690575837816],[81.10825884898654,28.51945506063002],[81.10829948840625,28.519531771005454],[81.10844654142753,28.519651244928802],[81.1085750262469,28.51967375382647],[81.10894791949184,28.519492893589575],[81.10929811573457,28.519332351238017],[81.10952026496305,28.51914936260201],[81.10978299095738,28.519022766540772],[81.11013631500472,28.51878551466595],[81.11039785178879,28.51869730506443],[81.11100433124903,28.518620040472033],[81.11213569766706,28.51832790801632],[81.1127375467275,28.518383870083962],[81.11325161292407,28.518494034640725],[81.11410411520191,28.518784443438598],[81.11435883347258,28.51890610790965],[81.11461636678446,28.5189510000739],[81.11535751269548,28.519354378577084],[81.115610353805,28.519532433929086],[81.11615486211402,28.520005892417235],[81.11619550145507,28.52008260342405],[81.1165092390319,28.52037800659024],[81.11671556144553,28.520650902186127],[81.11742450192676,28.521374686370812],[81.11771954662844,28.521575311569226],[81.11829225597359,28.521856902409684],[81.1188023808817,28.522082162330662],[81.12008366665631,28.52246016635129],[81.12042710769731,28.52250949789494],[81.12085808143401,28.52252038234541],[81.12111711621236,28.52250888219067],[81.12156997389692,28.52246562542559],[81.12171690480211,28.522451936475168],[81.1217312848711,28.522449685430548],[81.12311387351131,28.522008325549912],[81.1244832760753,28.521210359550174],[81.12520517606126,28.520945666867693],[81.1263788651129,28.521023518731518],[81.12734578484164,28.52131830578662],[81.12781145579153,28.521541252078134],[81.12800583801861,28.52169229941369],[81.12807017259256,28.521807334290802],[81.12780025020302,28.52228603342511],[81.12763786925039,28.522726284708657],[81.12724377336617,28.523320204089153],[81.12680565159509,28.52451673583695],[81.12648927084827,28.525160233034992],[81.1264613825663,28.52535666500886],[81.12651302370357,28.525541657877817],[81.1266343162093,28.525722087005274],[81.12722609219216,28.526157098002404],[81.1274059674771,28.52641417571591],[81.12744472638242,28.526766217244056],[81.12653449376872,28.527712731933512],[81.1254967144992,28.528580347268516],[81.12535659235476,28.528975398339846],[81.12539903730158,28.529435784467125],[81.12563167120524,28.53035405670772],[81.12585668302525,28.53092485208982],[81.12678956145957,28.532840051257],[81.12732068179682,28.533760328555818],[81.12765336283077,28.534143695946593],[81.12827301086037,28.535384380130306],[81.12867040148396,28.53588046899611],[81.12881738050582,28.5366499461081],[81.12893990548159,28.537832419471105],[81.12877570559439,28.538613459376243],[81.12890030525543,28.53913467626089],[81.12918415077178,28.53976855357194],[81.1296604415814,28.540524156688576],[81.13044084672624,28.541200427430056],[81.1316070858976,28.541822188523398],[81.13298390364552,28.54243469930351],[81.13375793282572,28.543124537444665],[81.13447857121925,28.54351653699555],[81.13479937455006,28.54377117873321],[81.13558303502322,28.544208254741417],[81.13636744924605,28.544532423360973],[81.13714616893118,28.545077781616435],[81.13803436376313,28.545812696659084],[81.13837379780266,28.546148611571518],[81.13897638579628,28.546894964114152],[81.13936558976263,28.547192431323122],[81.13988740513138,28.547471770648762],[81.14142859724214,28.548077218801296],[81.1424349634605,28.548741927180043],[81.14514983613806,28.549928375099864],[81.145705226806,28.550207651460646],[81.14839615039949,28.551554270379373],[81.1507425135482,28.55254471809427],[81.15082217110442,28.552409179315827],[81.15195648972534,28.551322376228043],[81.15243136624805,28.550701200173275],[81.15287891839975,28.55020643595839],[81.15542510960707,28.54739602205144],[81.15750505838612,28.544868183432676],[81.15844517756634,28.54391698037694],[81.16000717166153,28.54199906383399],[81.16182882228358,28.540277145479447],[81.1629281957282,28.53889906872489],[81.1633986419499,28.537770182298374],[81.16361285567386,28.53725534601357],[81.16410636846142,28.53638359713433],[81.16445019046452,28.5360581944336],[81.16463764109504,28.53579161877526],[81.16504943427303,28.53498545009043],[81.16523645149478,28.53443679169544],[81.16519270212542,28.533434810229288],[81.16523584976032,28.53305788773299],[81.1656468978495,28.531971824597058],[81.16589280635452,28.53173231990067]]]}},{"type":"Feature","properties":{"province":"Sudurpashchim Province","district":"Kailali","municipality":"Tikapur Municipality","ward":"1","wardNumber":1,"sourceMunicipality":"Tikapur","sourceType":"Nagarpalika"},"geometry":{"type":"Polygon","coordinates":[[[81.14641042884294,28.560999137900097],[81.14649202436694,28.56085234668709],[81.14631277284798,28.560640406846804],[81.14595432984015,28.560435403925727],[81.14535855399436,28.55984928683511],[81.1452889095349,28.559449856616254],[81.14546160275343,28.5592962509945],[81.14589595540255,28.559167156575228],[81.14604145056298,28.558972851619373],[81.14647150349286,28.55804033386946],[81.14696763998892,28.55727699189625],[81.14871357989905,28.555268739012234],[81.15025162711545,28.55338708372903],[81.1507425135482,28.55254471809427],[81.14839615039949,28.551554270379373],[81.145705226806,28.550207651460646],[81.14514983613806,28.549928375099864],[81.1424349634605,28.548741927180043],[81.14142859724214,28.548077218801296],[81.13988740513138,28.547471770648762],[81.13936558976263,28.547192431323122],[81.13897638579628,28.546894964114152],[81.13837379780266,28.546148611571518],[81.13803436376313,28.545812696659084],[81.13714616893118,28.545077781616435],[81.13636744924605,28.544532423360973],[81.13558303502322,28.544208254741417],[81.13479937455006,28.54377117873321],[81.13447857121925,28.54351653699555],[81.13375793282572,28.543124537444665],[81.13298390364552,28.54243469930351],[81.1316070858976,28.541822188523398],[81.13044084672624,28.541200427430056],[81.1296604415814,28.540524156688576],[81.12918415077178,28.53976855357194],[81.12890030525543,28.53913467626089],[81.12877570559439,28.538613459376243],[81.12893990548159,28.537832419471105],[81.12881738050582,28.5366499461081],[81.12867040148396,28.53588046899611],[81.12827301086037,28.535384380130306],[81.12765336283077,28.534143695946593],[81.12732068179682,28.533760328555818],[81.12678956145957,28.532840051257],[81.12585668302525,28.53092485208982],[81.12563167120524,28.53035405670772],[81.12539903730158,28.529435784467125],[81.12535659235476,28.528975398339846],[81.1254967144992,28.528580347268516],[81.12653449376872,28.527712731933512],[81.12744472638242,28.526766217244056],[81.1274059674771,28.52641417571591],[81.12722609219216,28.526157098002404],[81.1266343162093,28.525722087005274],[81.12651302370357,28.525541657877817],[81.1264613825663,28.52535666500886],[81.12648927084827,28.525160233034992],[81.12680565159509,28.52451673583695],[81.12724377336617,28.523320204089153],[81.12763786925039,28.522726284708657],[81.12780025020302,28.52228603342511],[81.12807017259256,28.521807334290802],[81.12800583801861,28.52169229941369],[81.12781145579153,28.521541252078134],[81.12734578484164,28.52131830578662],[81.1263788651129,28.521023518731518],[81.12520517606126,28.520945666867693],[81.1244832760753,28.521210359550174],[81.12311387351131,28.522008325549912],[81.1217312848711,28.522449685430548],[81.12171690480211,28.522451936475168],[81.12156997389692,28.52246562542559],[81.12111711621236,28.52250888219067],[81.12085808143401,28.52252038234541],[81.12042710769731,28.52250949789494],[81.12008366665631,28.52246016635129],[81.1188023808817,28.522082162330662],[81.11829225597359,28.521856902409684],[81.11771954662844,28.521575311569226],[81.11742450192676,28.521374686370812],[81.11671556144553,28.520650902186127],[81.1165092390319,28.52037800659024],[81.11619550145507,28.52008260342405],[81.11615486211402,28.520005892417235],[81.115610353805,28.519532433929086],[81.11535751269548,28.519354378577084],[81.11461636678446,28.5189510000739],[81.11435883347258,28.51890610790965],[81.11410411520191,28.518784443438598],[81.11325161292407,28.518494034640725],[81.1127375467275,28.518383870083962],[81.11213569766706,28.51832790801632],[81.11100433124903,28.518620040472033],[81.11039785178879,28.51869730506443],[81.11013631500472,28.51878551466595],[81.10978299095738,28.519022766540772],[81.10952026496305,28.51914936260201],[81.10929811573457,28.519332351238017],[81.10894791949184,28.519492893589575],[81.1085750262469,28.51967375382647],[81.10850706182265,28.5197663421262],[81.1084375952146,28.519917572931035],[81.10819594073408,28.52004416994506],[81.10801724497973,28.5202293468337],[81.10784224071706,28.52029948938416],[81.10726582915933,28.52076030388694],[81.10684829375691,28.520995367335594],[81.1063234051776,28.521207922846727],[81.10588936621679,28.521291753838746],[81.1055453002106,28.521262678320753],[81.10503279767191,28.521114189440077],[81.10401467557445,28.520609402917],[81.10361409294417,28.520329877397085],[81.10327534374122,28.520149570169778],[81.10293503151853,28.520007648930175],[81.10258539725399,28.52014787239591],[81.10216623568057,28.520423510282427],[81.10190376040204,28.520529787876768],[81.10111921219101,28.52077416073071],[81.10025082134595,28.520939447229306],[81.09981990976436,28.520926313097025],[81.0994362053227,28.520800145928604],[81.09901086193285,28.520617711563514],[81.09866804724642,28.520550248913423],[81.0977209431923,28.520503597458],[81.09634599236531,28.520351095811826],[81.09504981860492,28.520408470042014],[81.09428015830424,28.520214903029004],[81.09381517651971,28.519933126325416],[81.0934587349206,28.51963772188857],[81.09323384471554,28.519269986458564],[81.09298506945471,28.518976709440704],[81.09290472942652,28.518803094374952],[81.09279962935736,28.518724132794997],[81.09282288957057,28.51866774171295],[81.0926817167177,28.51837665391241],[81.09220692458962,28.51775409002888],[81.09120406488748,28.516811424812772],[81.09111903389675,28.51677084885861],[81.09066124566381,28.5162814491286],[81.09037308283763,28.515873138368438],[81.09017520511765,28.515351920477958],[81.08994787531238,28.515060956274844],[81.08988460258445,28.51502038105514],[81.08965914860218,28.51467071313004],[81.08959831599893,28.51455567863078],[81.08963471210993,28.514117800896333],[81.08946877817283,28.513921553578772],[81.0893900028438,28.51371174077572],[81.08910127639159,28.513321497586222],[81.08906251460438,28.513186082589517],[81.08873590131971,28.512644669136517],[81.08871764671902,28.512547640610236],[81.08865499879799,28.512488997343183],[81.0884936942049,28.512161836879912],[81.08836971271573,28.512003976236393],[81.08807373034286,28.511825857033955],[81.08792799110651,28.51166799615755],[81.08769972250518,28.511413105602603],[81.0874683263792,28.5112349882969],[81.0868774242531,28.51085618151501],[81.0866240197895,28.51069613117842],[81.08611408256544,28.51047305859733],[81.0856866735735,28.51036495866934],[81.08491363628944,28.51026616838481],[81.0844650950613,28.510140062691214],[81.08425420639873,28.510000268749753],[81.08373502218457,28.509413840088772],[81.08314355612589,28.509053100480003],[81.08280330628813,28.508911116767386],[81.08254489711956,28.508902235896574],[81.08211154657597,28.50896568632189],[81.08193535328088,28.50907640353417],[81.0808861407281,28.509483258210818],[81.08053994735573,28.509512824375594],[81.0801968823192,28.50944530020445],[81.08003488644967,28.509332577193074],[81.07979680013815,28.509167963537582],[81.07919808751505,28.508525141454967],[81.07857987529209,28.50738804913568],[81.07851711332967,28.50677418116823],[81.07804612909247,28.506481088662134],[81.07751682270515,28.505517735816092],[81.07704021726764,28.504953752030097],[81.0768590270823,28.50478913883491],[81.07615320601151,28.504432961273857],[81.07528994694779,28.50433635883311],[81.07326350028225,28.50431720037814],[81.07271066700697,28.504380711256456],[81.07251790455135,28.504527501457822],[81.07230050132202,28.50506478093827],[81.07135833522607,28.505110406221863],[81.07112224029498,28.50546256821884],[81.0706100459952,28.505571218368367],[81.0698074946031,28.505630287415894],[81.06922108776226,28.50559226802643],[81.06807916293904,28.50542582836235],[81.06728466609682,28.506042372199314],[81.06701481395591,28.506119204147844],[81.06673432710336,28.506482681566396],[81.06635092771589,28.506810147679147],[81.0663878736564,28.507094481186478],[81.06665096544413,28.507491600936472],[81.06664914888478,28.507660838752106],[81.06640311474999,28.507936290533255],[81.06595162910583,28.508130591542184],[81.0643704698994,28.508386394494593],[81.06348895308605,28.508348496176737],[81.063069234644,28.508258401061774],[81.06280563794888,28.508138925018603],[81.06261363119235,28.50796524639389],[81.06257324572701,28.50772373726433],[81.06283772818911,28.50723841103308],[81.06283948206722,28.50706686104878],[81.06257038735873,28.506717192335426],[81.06222438656908,28.50653907227022],[81.06110403633728,28.506097239565992],[81.06007622491306,28.5054747932187],[81.05934983282705,28.505195263639987],[81.05703253261147,28.50485100543409],[81.05686046661565,28.504959409531565],[81.05654670825946,28.505844227246577],[81.05603463271791,28.506298103203477],[81.055668308595,28.506293721999644],[81.05522251431923,28.506388680225072],[81.05407651512574,28.506804411853384],[81.05374276382602,28.506849670019182],[81.05359289748411,28.50677302012723],[81.053326739743,28.506477555481073],[81.0532193880226,28.506430227667394],[81.05290520505471,28.506565699746144],[81.05245322509806,28.506493610246526],[81.05152606532354,28.50648496977886],[81.05131492466406,28.506390251486486],[81.05116724780989,28.506198505315687],[81.05108765814477,28.506094723676767],[81.05097374862942,28.50560051514803],[81.05067689248342,28.505329806883317],[81.05068027355748,28.50505441296221],[81.05075461742882,28.504894180256407],[81.05118741408364,28.504368156842947],[81.05122886887953,28.50422824153986],[81.05104055603164,28.503826558274973],[81.05068498679728,28.503707081178522],[81.05032992541243,28.50323106147098],[81.04988864522554,28.50264669644708],[81.04869078058894,28.501430697966654],[81.04848990453563,28.500814639325622],[81.04744447011154,28.49966853843402],[81.04725690243187,28.49952636977018],[81.04699311789658,28.49946553549584],[81.04684137161487,28.49952204976624],[81.04676709044652,28.49973873720826],[81.04690505483954,28.501126646214125],[81.04754752558915,28.50222547792094],[81.04764699361185,28.502597837876348],[81.04768229955772,28.503708289269586],[81.04795730295815,28.505782151015158],[81.04820082488465,28.506140946691474],[81.04862865392394,28.50718563452309],[81.04896652009168,28.507799444200547],[81.04907661617916,28.508205627184797],[81.04932795473168,28.50852603740863],[81.04944249367372,28.508737975572092],[81.04946944099521,28.50876210886984],[81.04959654932576,28.508875705956857],[81.0498241295351,28.509148726891627],[81.05032449581967,28.509640503199673],[81.05065298567636,28.5101075818851],[81.05081485263983,28.510418925723517],[81.05078652631079,28.51060854306873],[81.05096364690519,28.51109143751404],[81.05100491103144,28.511150080460382],[81.05112762973039,28.51195350513558],[81.05122483777885,28.512872025116728],[81.05130323736577,28.51310440755715],[81.0515241875036,28.51356923386555],[81.05164723003885,28.513745225425712],[81.05175107884023,28.513862573108185],[81.05208688802291,28.514119716196138],[81.0523427949437,28.51420311874785],[81.05268836258169,28.51419393377604],[81.05320993500496,28.514076406334503],[81.05338493907999,28.514006325790923],[81.0539045728216,28.51394519024922],[81.05416579660037,28.513875110795443],[81.05494477726313,28.513802600218344],[81.05554844081365,28.51380235858895],[81.05580372263651,28.513903829930488],[81.05603536912956,28.514063942579202],[81.0568839192004,28.515081440553022],[81.0572638072266,28.515320515698107],[81.05752033974399,28.51538585071269],[81.05795375341293,28.51532246361228],[81.05861338151344,28.514961053753034],[81.05887842202286,28.514778129013887],[81.0590528002839,28.51472386554158],[81.05920704729999,28.514633528857726],[81.05934109978021,28.514504867830286],[81.0596048265622,28.514360266572517],[81.05995076925619,28.514330825445782],[81.06046377131004,28.514461433777186],[81.0608934319128,28.51451089181901],[81.06123931258755,28.514483700401435],[81.06176651408244,28.51421256581938],[81.06214509985817,28.513860280933216],[81.06240757542452,28.51375419073589],[81.06275564502018,28.513668295390406],[81.0631871816573,28.513663549842043],[81.06353587730568,28.513559524805792],[81.06362466168179,28.513485003479833],[81.06378353775115,28.51326150264908],[81.06427078966864,28.51289340202804],[81.064582973772,28.512597631968397],[81.06504590323752,28.512303989642515],[81.06539459817435,28.51220002711745],[81.06565300668424,28.51220890767764],[81.06608197884457,28.512278684473603],[81.0666806384141,28.512429549436455],[81.06744673291465,28.512718081947824],[81.06818737857954,28.513121648054547],[81.06861165872961,28.513324588371614],[81.06878259654069,28.51336960396712],[81.06955150684827,28.513581364944322],[81.07031860153499,28.513851766855716],[81.07091256880764,28.51413804688286],[81.07133522299696,28.514379373535537],[81.07258117620307,28.51513923831133],[81.07283364323415,28.51531966987035],[81.0730209599889,28.5155159177069],[81.07371602483893,28.515993942470285],[81.07447780268934,28.51641557667544],[81.07514328907028,28.517123856115386],[81.07555355714652,28.517726226389694],[81.07584315933765,28.51807808294917],[81.07651402644129,28.51863288045398],[81.07686859031153,28.51898705128478],[81.07701589384823,28.519086270110357],[81.0773291304214,28.519381735880035],[81.07785457073489,28.519778609779],[81.07808215067072,28.52005156801428],[81.07897759568613,28.5209763511721],[81.07927257715491,28.521174788972264],[81.07961251466621,28.52131902358494],[81.08003454612931,28.521417995279663],[81.08063995798022,28.521557607729623],[81.08089467672313,28.521679272188944],[81.08123248690373,28.52189802781554],[81.08199526559267,28.522299219232195],[81.08254121268139,28.522734541535744],[81.082888520088,28.52329852427815],[81.08307214561242,28.523607617617454],[81.08323714203033,28.523821932591915],[81.08343839709563,28.524248310478658],[81.08369291643223,28.52499972145941],[81.08442929701367,28.526163760856242],[81.08448593868776,28.526393954229622],[81.0846878828505,28.52680007604703],[81.0850401212534,28.527840260417427],[81.085034178735,28.528011748418223],[81.08521061007202,28.528532966570793],[81.08573753998888,28.529518887410806],[81.08610573001515,28.530103188540167],[81.08643666000155,28.53051143850077],[81.08737130378567,28.531567073498678],[81.0875816296113,28.53172718516688],[81.08781089942327,28.53196175748393],[81.08795332337776,28.532214395881642],[81.08803360052967,28.532388135981467],[81.08802584319899,28.53261607701997],[81.08790597984834,28.532956926061694],[81.08789528517474,28.533135227966035],[81.08858666747318,28.533243081902565],[81.08875854346044,28.533265590437157],[81.08901326177104,28.533387254909357],[81.08964492865024,28.533842709674126],[81.09057783169023,28.534327302299214],[81.09091914571879,28.534451280334572],[81.09160452436977,28.534601959097696],[81.09245902776685,28.5348541700439],[81.09280278103677,28.534901313622484],[81.09306219117188,28.534889813780058],[81.09393908988396,28.53449427262584],[81.0942853449472,28.534464706454784],[81.09462509405482,28.534627008572798],[81.09498191039062,28.534922349862473],[81.09523662924,28.53504401400335],[81.09582515400078,28.535499467980905],[81.09633684246612,28.535684154280595],[81.09676812929038,28.535697414300834],[81.09711907611872,28.535534683542465],[81.09755561719172,28.53539446105485],[81.0979031235587,28.535326446507646],[81.09824756472622,28.535355521889354],[81.09845795332798,28.53551338372471],[81.09849765380332,28.53561041306799],[81.09848239037251,28.53604822825396],[81.09862168698302,28.536395707386205],[81.09872559874393,28.536512993235064],[81.0993383839884,28.536891674758174],[81.09954814679185,28.537069792163546],[81.09988695900797,28.53725010045277],[81.10037257289662,28.537567949715633],[81.10071238447438,28.5377301900984],[81.10087831838379,28.537926436926913],[81.10095646908015,28.53815656843374],[81.10097228366352,28.538330307068584],[81.10085073183187,28.538727608867262],[81.10083665653438,28.539127101285974],[81.10117952267827,28.53982418536043],[81.10144817956316,28.540173791127227],[81.1016579429382,28.540351909332106],[81.10182769204417,28.540433122798692],[81.10208460064563,28.54049601948083],[81.10251375999817,28.54056567093729],[81.1029450462756,28.540576617330544],[81.10346849536961,28.540420516696763],[81.1042365402154,28.540058796483816],[81.10467032917934,28.539993032623034],[81.10518789766728,28.540008419353132],[81.10553014957235,28.54009388640132],[81.10595492990029,28.540296701859152],[81.10601638902968,28.54039366897077],[81.10609391335974,28.54064411838539],[81.1061469901852,28.540987157453866],[81.10613522958194,28.541332445793113],[81.10634867215254,28.54202515206165],[81.10628388684894,28.542652584670993],[81.10634245752313,28.54345600855229],[81.10627174069131,28.543625307543536],[81.10618176700173,28.54373821459492],[81.10537369859274,28.544630339904643],[81.10492871183978,28.545021073116736],[81.1046364091439,28.54535535429935],[81.10414884459612,28.545723581042736],[81.10392262927832,28.546023916162035],[81.10379014025357,28.546114315279304],[81.1035710568308,28.54620471367252],[81.10331039516112,28.54625453719509],[81.10291436828977,28.546473784194287],[81.10252340844335,28.546539547418277],[81.10149627682719,28.546283083206614],[81.1006665351507,28.54593615730285],[81.1004502654395,28.54594759570937],[81.10012414289537,28.546015548502787],[81.09986010294102,28.546162400750458],[81.09952734938986,28.546419970931673],[81.09933058593853,28.546490051727673],[81.09907117630384,28.546503802104635],[81.09887503976141,28.54655587688112],[81.09848683096637,28.54654486889101],[81.0980319103769,28.546590313268545],[81.097773375714,28.54658149464474],[81.0969923929664,28.546694891937918],[81.09673110614408,28.546765033534502],[81.09621347490686,28.546749584426166],[81.0960824875568,28.546785843359608],[81.09388303909552,28.54672423279615],[81.09329331504644,28.546918656198002],[81.09376317610528,28.547065081250786],[81.09446568381607,28.547351174409908],[81.0948905277816,28.547553990137967],[81.09541371511595,28.548025322483735],[81.0954542912178,28.548104284164136],[81.09564235889601,28.54828015069869],[81.09572332414402,28.548435822786548],[81.09619899177636,28.54904031905459],[81.09667121880565,28.54973959243928],[81.09705604241384,28.550206485371174],[81.09725179944469,28.550443307427635],[81.09752489712474,28.550677817043493],[81.09764869115345,28.55085380814344],[81.09798443600805,28.551149211564095],[81.09825565845877,28.5514423637301],[81.09896847597125,28.55209181408503],[81.09925707750683,28.552520381516523],[81.09933591500378,28.552750512402845],[81.09933034743074,28.55292206292033],[81.09923474400001,28.553206519944776],[81.09903648002444,28.553333053970444],[81.09892656244382,28.55338725558062],[81.09823017388494,28.553559297077374],[81.09776993441528,28.55377629192656],[81.09685352325327,28.554077116926702],[81.09639265846776,28.55431217979252],[81.09579686543861,28.55471660277279],[81.09513792421994,28.555060069427782],[81.09500481031078,28.555170787117973],[81.09489214051631,28.555322079600586],[81.09416066745874,28.55591161791824],[81.09393626681664,28.556173566025524],[81.09358556989413,28.55633629697673],[81.09325531743026,28.55653735137522],[81.09270135166967,28.556980098707346],[81.09269822358706,28.557074938609887],[81.09312963547617,28.557085885375354],[81.09347657823591,28.55703825084555],[81.09382170751573,28.557047070964067],[81.0942694975574,28.557213813845475],[81.09460874678896,28.55741212613206],[81.09488084380507,28.557669205245237],[81.09511330314223,28.557827005000153],[81.09540534512915,28.558140538014907],[81.09578298059382,28.55847426689507],[81.09611322100051,28.55894115755228],[81.09669699142799,28.559588481081672],[81.09697096526615,28.55978685502032],[81.0972847649592,28.560100326584003],[81.09776919027006,28.560474630448706],[81.09801746490166,28.56080623097685],[81.09866519600024,28.561473748684687],[81.09887658540353,28.5616112918751],[81.09919094866383,28.561906695128553],[81.09967818841838,28.562186158462257],[81.1005316910724,28.562496949285666],[81.1006859375489,28.56240429871549],[81.10081974025545,28.56227557528841],[81.10091096485165,28.56212428265528],[81.10096367729852,28.561821819267614],[81.10107609696118,28.56169078317129],[81.10127310963942,28.56160044619908],[81.10179518320916,28.56148041822281],[81.10292423492274,28.56128325122972],[81.10327305486257,28.561176912012595],[81.10440242005025,28.56095936399558],[81.10466126742429,28.560965932169044],[81.10509449310679,28.56092042444564],[81.10569846954253,28.56093800097669],[81.10682320517343,28.560871684429262],[81.10725774390046,28.56078791569775],[81.10846995129816,28.560687590520104],[81.10898764475913,28.56070291459022],[81.10950346241468,28.560772504804113],[81.11010681330943,28.560808086057904],[81.11070828678226,28.56090012129679],[81.11113657067322,28.561008096167928],[81.11164500605847,28.561307816305884],[81.111892655319,28.561657421696502],[81.11235175624013,28.562146821708566],[81.11250043594713,28.562227910220386],[81.1126292331697,28.562250355924043],[81.11278316794419,28.5621599567863],[81.11289552527349,28.562028981885778],[81.11335377411713,28.561200370485583],[81.11350989794738,28.561053517554164],[81.11364639014475,28.560827702591396],[81.11374749895425,28.560371758111664],[81.11381483815923,28.560297237365425],[81.11391069148425,28.559994711762638],[81.11413878337439,28.559619855041507],[81.1149995036263,28.558364311221524],[81.11535326554707,28.558106741085506],[81.11563781233876,28.557980145087445],[81.11633363839857,28.557828297914032],[81.11693636393183,28.557881946463496],[81.11736464758494,28.557987671309956],[81.11779167977416,28.558133969812626],[81.1181318670728,28.558296147192234],[81.11907165204794,28.558606813742077],[81.12000837118546,28.559014446104644],[81.1208653765941,28.55922808262401],[81.1213805054181,28.55931786640413],[81.1217128177345,28.559326623677915],[81.12297866095284,28.559702313642326],[81.12387367899093,28.559979094492185],[81.12440200108941,28.560073441604303],[81.12529971072222,28.560169607470893],[81.12591463165045,28.560006567758098],[81.12732459752341,28.560070667976344],[81.12804436887565,28.560000032214976],[81.12867585501503,28.560049055179938],[81.12985611188716,28.559948604296682],[81.1305643132895,28.560020197737526],[81.13127063840285,28.560159373618976],[81.13153254650486,28.5602990432612],[81.13193907317074,28.560386699058615],[81.13283040540917,28.56047379926136],[81.13497445323503,28.56087338302769],[81.13674993059261,28.560941552177425],[81.13796920130352,28.560868109893676],[81.13997565007693,28.5604101282008],[81.14050697448872,28.560366747138016],[81.14063027169475,28.560355308285956],[81.14076607279503,28.560332616165095],[81.14142325778081,28.56026648047394],[81.14183334843524,28.56031343745285],[81.14335534856033,28.560799225518203],[81.14555392170796,28.56090297325509],[81.1462532446086,28.561026331617324],[81.14641042884294,28.560999137900097]]]}},{"type":"Feature","properties":{"province":"Sudurpashchim Province","district":"Kailali","municipality":"Tikapur Municipality","ward":"6","wardNumber":6,"sourceMunicipality":"Tikapur","sourceType":"Nagarpalika"},"geometry":{"type":"Polygon","coordinates":[[[81.05078652631079,28.51060854306873],[81.05081485263983,28.510418925723517],[81.05065298567636,28.5101075818851],[81.05032449581967,28.509640503199673],[81.0498241295351,28.509148726891627],[81.04959654932576,28.508875705956857],[81.04946944099521,28.50876210886984],[81.04944249367372,28.508737975572092],[81.04932795473168,28.50852603740863],[81.04907661617916,28.508205627184797],[81.04896652009168,28.507799444200547],[81.04862865392394,28.50718563452309],[81.04820082488465,28.506140946691474],[81.04795730295815,28.505782151015158],[81.04768229955772,28.503708289269586],[81.04764699361185,28.502597837876348],[81.04754752558915,28.50222547792094],[81.04690505483954,28.501126646214125],[81.04676709044652,28.49973873720826],[81.04684137161487,28.49952204976624],[81.04699311789658,28.49946553549584],[81.04725690243187,28.49952636977018],[81.04744447011154,28.49966853843402],[81.04848990453563,28.500814639325622],[81.04869078058894,28.501430697966654],[81.04988864522554,28.50264669644708],[81.05032992541243,28.50323106147098],[81.05068498679728,28.503707081178522],[81.05104055603164,28.503826558274973],[81.05122886887953,28.50422824153986],[81.05118741408364,28.504368156842947],[81.05075461742882,28.504894180256407],[81.05068027355748,28.50505441296221],[81.05067689248342,28.505329806883317],[81.05097374862942,28.50560051514803],[81.05108765814477,28.506094723676767],[81.05116724780989,28.506198505315687],[81.05131492466406,28.506390251486486],[81.05152606532354,28.50648496977886],[81.05245322509806,28.506493610246526],[81.05290520505471,28.506565699746144],[81.0532193880226,28.506430227667394],[81.053326739743,28.506477555481073],[81.05359289748411,28.50677302012723],[81.05374276382602,28.506849670019182],[81.05407651512574,28.506804411853384],[81.05522251431923,28.506388680225072],[81.055668308595,28.506293721999644],[81.05603463271791,28.506298103203477],[81.05654670825946,28.505844227246577],[81.05686046661565,28.504959409531565],[81.05703253261147,28.50485100543409],[81.05934983282705,28.505195263639987],[81.06007622491306,28.5054747932187],[81.06110403633728,28.506097239565992],[81.06222438656908,28.50653907227022],[81.06257038735873,28.506717192335426],[81.06283948206722,28.50706686104878],[81.06283772818911,28.50723841103308],[81.06257324572701,28.50772373726433],[81.06261363119235,28.50796524639389],[81.06280563794888,28.508138925018603],[81.063069234644,28.508258401061774],[81.06348895308605,28.508348496176737],[81.0643704698994,28.508386394494593],[81.06595162910583,28.508130591542184],[81.06640311474999,28.507936290533255],[81.06664914888478,28.507660838752106],[81.06665096544413,28.507491600936472],[81.0663878736564,28.507094481186478],[81.06635092771589,28.506810147679147],[81.06673432710336,28.506482681566396],[81.06701481395591,28.506119204147844],[81.06728466609682,28.506042372199314],[81.06807916293904,28.50542582836235],[81.06922108776226,28.50559226802643],[81.0698074946031,28.505630287415894],[81.0706100459952,28.505571218368367],[81.07112224029498,28.50546256821884],[81.07135833522607,28.505110406221863],[81.07230050132202,28.50506478093827],[81.07251790455135,28.504527501457822],[81.07271066700697,28.504380711256456],[81.07326350028225,28.50431720037814],[81.07528994694779,28.50433635883311],[81.07615320601151,28.504432961273857],[81.0768590270823,28.50478913883491],[81.07704021726764,28.504953752030097],[81.07751682270515,28.505517735816092],[81.07804612909247,28.506481088662134],[81.07851711332967,28.50677418116823],[81.0787984083714,28.506652149173387],[81.07909684487457,28.5059771431919],[81.07931349222966,28.505751392053977],[81.07939246579615,28.505417295302138],[81.0791267484016,28.50500448286299],[81.07910074185847,28.50480586236086],[81.07915489079787,28.504620746074856],[81.08003485117726,28.504308791310294],[81.08023692812868,28.504236461167423],[81.08049752647615,28.504202454477316],[81.08090761705543,28.50423834553628],[81.08164665088722,28.50384067665066],[81.08213177015769,28.50384487200524],[81.08242844560513,28.503749911274316],[81.08252535923684,28.503580550077867],[81.0824423964648,28.50327596005429],[81.0824967963154,28.503002818121224],[81.08300962360929,28.502445099173656],[81.0829824274151,28.502384142897025],[81.08285057029595,28.502084053411995],[81.08253001853919,28.501756953057473],[81.08104766245145,28.50110799263476],[81.08083014309452,28.50111486606252],[81.08065664260872,28.50102014861937],[81.08003484723241,28.500968687439368],[81.07972110607173,28.500941737744878],[81.07932289530712,28.500849454970716],[81.0786272679969,28.500389498364857],[81.07822893333069,28.500258828919794],[81.0777696369836,28.500220686380562],[81.07751622774148,28.500331465806568],[81.07708838422067,28.500103830104962],[81.07667741649392,28.500137834267687],[81.07580665643151,28.499960020624197],[81.07544921229555,28.499797717499142],[81.07528365388879,28.49961053553462],[81.07525058360524,28.49935327204276],[81.07541358617699,28.499118455495612],[81.07567493830742,28.498890267058524],[81.07662023930799,28.49837975611567],[81.0782746824172,28.497796545103153],[81.07866357940947,28.497715089530427],[81.07908405282139,28.497531979258515],[81.07976863220156,28.49695606928155],[81.08003479738736,28.496784398120777],[81.0801037616848,28.49673926056287],[81.08193252023213,28.49608815742625],[81.08214729171635,28.495927801414716],[81.08211384622506,28.49567503937094],[81.08103089465519,28.49472105652315],[81.08081631943845,28.49440971270069],[81.08077855848948,28.494267545338815],[81.08072118085613,28.49316622156462],[81.08079277503886,28.492922463673285],[81.0811677968558,28.492581431032463],[81.08128984627326,28.492346676617455],[81.08041997413781,28.491446775623622],[81.0800349600277,28.491137742335905],[81.07941248599283,28.490639337201543],[81.0787378712032,28.489910740065703],[81.07826132636153,28.489396457614756],[81.07686588890891,28.488133442658988],[81.07550253000625,28.48657696735346],[81.0749343903642,28.486017608120267],[81.07422319603042,28.485444742815876],[81.07407414571567,28.485174036141117],[81.07414093481694,28.48435698520794],[81.0744000380329,28.484036394886623],[81.07467039119054,28.483918863491485],[81.07490779639552,28.48368398598119],[81.07531039394128,28.48319403514882],[81.07532752847182,28.483006730699405],[81.07534241192157,28.482846495999095],[81.0754818427633,28.482665820134038],[81.07589006159759,28.48246701717865],[81.0762919637106,28.482349426248927],[81.07744252593729,28.48201471893329],[81.07796834941419,28.48193320214025],[81.07843877481957,28.48196453095377],[81.07899060427862,28.482090575330577],[81.07938956284632,28.48228670056174],[81.08003530314376,28.48241274626115],[81.08064015195531,28.482531914699194],[81.08094845183444,28.48274160620052],[81.08138529499382,28.483185991801705],[81.08146413636062,28.483185930433557],[81.08182139802663,28.483072839619485],[81.08222211608144,28.482722805300952],[81.08253398671754,28.482555573589494],[81.08385198851987,28.482078576679125],[81.0849637887078,28.481581383329992],[81.08532511407228,28.481470543983956],[81.08565511572928,28.48125592294737],[81.08654601886207,28.480898767968036],[81.08694760882923,28.48079249265557],[81.08791153366991,28.48073536402759],[81.08832756321564,28.480764440660423],[81.08875053678037,28.480626531477544],[81.08894905054186,28.48051581370326],[81.08947281500139,28.480228799243413],[81.0898178160945,28.480384287456367],[81.09023965336445,28.48085117987416],[81.09028917205228,28.48086243427387],[81.09033062532016,28.480812794927388],[81.09041766000777,28.48070889098738],[81.0901763933879,28.480086142571164],[81.09017965016032,28.479765610751794],[81.09169999903717,28.47813746753104],[81.09183605523458,28.477823626551018],[81.0918071114593,28.477546107673813],[81.09153382717514,28.477248329447384],[81.0911798308161,28.476607636344],[81.091183901607,28.47619464065507],[81.09132696216778,28.475801840019617],[81.09142257100663,28.475244302552067],[81.09200436318298,28.47457142527713],[81.09225847176498,28.473799328076183],[81.09252645802478,28.47321691111717],[81.09288097504492,28.472647936161945],[81.09324117837335,28.47236104449143],[81.09337948503916,28.472074337924777],[81.09342300643068,28.47178544045798],[81.09332934894924,28.471616202274603],[81.09304336972104,28.47146071541204],[81.09218730261054,28.471292029498677],[81.09147247652443,28.471003621821698],[81.09108577126361,28.47091359035959],[81.0902416418288,28.47095934188189],[81.08947566892817,28.470892124730202],[81.08912184872206,28.470860798211433],[81.08841527988842,28.47043466298055],[81.0879387916634,28.470252227949775],[81.08790290507349,28.47014163289595],[81.08737733553063,28.47004040776676],[81.08486433835594,28.469656135323973],[81.08459873820182,28.469687891744172],[81.08434789257268,28.469796357327724],[81.08369575585459,28.470746939801945],[81.08286649477581,28.471467389222067],[81.08226931642025,28.472449481068438],[81.08191474219592,28.472673104081615],[81.08112119794795,28.472488539271627],[81.08003535320124,28.472541102292034],[81.07984478195895,28.472550351856242],[81.07920917406315,28.472259507784884],[81.07862714350902,28.472253060882387],[81.07727801678186,28.472048482130802],[81.07693145276495,28.471838790663814],[81.0766125286097,28.471416974844193],[81.07632792383639,28.47128168169599],[81.07614897907543,28.47143528669914],[81.07527144315941,28.47259580207277],[81.07249586553976,28.474673685317505],[81.0722205075194,28.47495363888706],[81.07149621692635,28.47607795777256],[81.07090598198647,28.47682754517652],[81.07087171402245,28.477105188107537],[81.07096949767443,28.477281178395316],[81.0713432577948,28.477572081202677],[81.0719036376501,28.47853324595479],[81.072400762337,28.478474298134866],[81.07263928935443,28.478492181765514],[81.07308826965352,28.478530324070523],[81.07379753199804,28.478708199206057],[81.07396290622036,28.47871032706286],[81.07413065485977,28.478811859125322],[81.07425925808622,28.479195473205852],[81.07426456683332,28.479561080621107],[81.0745797321896,28.48038688964356],[81.0747575271488,28.48159874676666],[81.07478666064574,28.481749979027327],[81.07436456335066,28.48182236947194],[81.07394027905863,28.48184518326589],[81.07326471140331,28.48199002835957],[81.07279759822165,28.482010590553113],[81.07136355254926,28.48246726696977],[81.07067730559362,28.48191240785087],[81.06995223646065,28.48109128153093],[81.06947275016867,28.480728168600102],[81.06902682999484,28.480954103587347],[81.06821688805753,28.48167674153076],[81.06782592525103,28.481922933004377],[81.06737068812004,28.482142054157],[81.06661440154981,28.482302715500293],[81.06614766052873,28.482503767640434],[81.06557769764086,28.482492756386055],[81.06398792311317,28.482001590460243],[81.06187132387386,28.48163245241455],[81.06154082506035,28.48165958120289],[81.06069006262133,28.48197603650896],[81.05968136280087,28.48252943495439],[81.05880383968847,28.482908971784415],[81.0576356461052,28.483261558244887],[81.05630351174489,28.483837646216994],[81.05593549382591,28.484101843997088],[81.05569745947142,28.484514961763022],[81.05560129031589,28.484995663834546],[81.05528003601789,28.485490054191065],[81.0545346865209,28.48594398887183],[81.05410620004271,28.48668451325684],[81.05245222977366,28.48879979723058],[81.05161740911235,28.489217658556456],[81.05044451996274,28.48989740329885],[81.04990081222282,28.490154909183367],[81.04976875787274,28.49041667149473],[81.04974612136071,28.49055214819266],[81.04961138285968,28.490590532643303],[81.04920085046693,28.49081640530767],[81.04831382741678,28.4909928203265],[81.04799670829122,28.490988314082138],[81.04754541697899,28.490850954908616],[81.04712920471492,28.49050347247357],[81.0469955962719,28.490275529027855],[81.04688787449354,28.489946117633732],[81.04673607050397,28.48975887350744],[81.04653062402785,28.48945196779616],[81.04593279013409,28.488619403062724],[81.0454366140618,28.488104995678125],[81.04488572353192,28.487895300983485],[81.04415795045993,28.48791810986724],[81.04339848003131,28.48779875155401],[81.04275468109229,28.487552983036867],[81.04237967140463,28.487241636388035],[81.04218029093421,28.486882903711056],[81.04203355476685,28.48652635991165],[81.0420241819137,28.486221645621793],[81.0417131887236,28.486305290032583],[81.04122600360903,28.48645889118432],[81.04083366231667,28.48682236742012],[81.03987910761329,28.487353008824716],[81.03949858484798,28.487628459679225],[81.0393779725167,28.487903851419375],[81.03947261291138,28.489002925144767],[81.03972945422998,28.489264630154345],[81.04009189957891,28.4894293086985],[81.04093089860915,28.48959380573275],[81.04246791008173,28.489681290607233],[81.04371249518881,28.49004879131357],[81.04439755953177,28.490310315240272],[81.04454073291797,28.49061271817968],[81.04449008480208,28.49086547886575],[81.04402077820811,28.49117031182245],[81.04329118835503,28.491360169474607],[81.04211161846797,28.49153207871497],[81.04205065632105,28.491638171229337],[81.04197373832653,28.49241902391322],[81.04203837959585,28.492852339142523],[81.04229303254013,28.493161433261122],[81.04332709260059,28.493955555682042],[81.04386828668208,28.49448115484788],[81.0441128062458,28.494986682117542],[81.04410785948761,28.495424497726194],[81.04401825661147,28.49576534604158],[81.04281110534333,28.496438276550705],[81.04199591921208,28.496700342359773],[81.03936428682667,28.497935667582617],[81.03902202692191,28.49830589607453],[81.03888465529461,28.49870088443239],[81.039033638845,28.49925598749051],[81.03978615193519,28.500311994607863],[81.04067653081496,28.501261848492703],[81.04114588662111,28.501685978957113],[81.04204446170858,28.502297358524107],[81.04259647644096,28.502588264276174],[81.04317161907721,28.503138808750833],[81.04361333209667,28.504000755239034],[81.04374474865739,28.504425006815033],[81.04373735964965,28.505063693696002],[81.04349544862313,28.505454242313654],[81.04329542720696,28.505968827867743],[81.04320431927194,28.506612140141925],[81.04277596154773,28.50712678535794],[81.04273362935982,28.507338971640333],[81.04252229384161,28.507673004498393],[81.0423619690649,28.50852618924727],[81.04190553427927,28.509277840573652],[81.04171657956566,28.5097496016704],[81.04168894167974,28.509921151635712],[81.0416958118836,28.510340899968266],[81.04177133403284,28.510647803336],[81.04199159551759,28.511132948310244],[81.04222067721307,28.51136764539118],[81.04278688104088,28.511823286792158],[81.0436148725434,28.512190906172513],[81.0439960112073,28.512393908797446],[81.04469751904361,28.512680252424218],[81.0451406800661,28.512962216723036],[81.04541259059204,28.513199102350857],[81.04613992266103,28.51337266383853],[81.04622645535066,28.51335684784345],[81.04648392620155,28.513401864336448],[81.04708702646074,28.51341969078009],[81.04778097660481,28.513306604404622],[81.04806771177303,28.513123617249825],[81.04827642298616,28.51271062447603],[81.04842442546745,28.512180220743694],[81.0482944608596,28.510954797319364],[81.04808708600606,28.51010854655389],[81.04808958839727,28.510031773493452],[81.04818118736742,28.509882794022623],[81.04826997274094,28.509808335484422],[81.04844491410466,28.509738255226942],[81.0488090498383,28.509805842903482],[81.04897873660165,28.509887056525464],[81.04937806800447,28.510184774495375],[81.0501403465136,28.5105885285529],[81.05039750546123,28.5106358579741],[81.05078652631079,28.51060854306873]]]}},{"type":"Feature","properties":{"province":"Sudurpashchim Province","district":"Kailali","municipality":"Tikapur Municipality","ward":"7","wardNumber":7,"sourceMunicipality":"Tikapur","sourceType":"Nagarpalika"},"geometry":{"type":"Polygon","coordinates":[[[81.08790290507349,28.47014163289595],[81.08791753662024,28.470085178983226],[81.08797880969044,28.470058109534314],[81.08893360865825,28.469863377816452],[81.08902395471621,28.46986781754704],[81.08953577142691,28.469887830662977],[81.09012130406414,28.469835510693375],[81.09052120608807,28.469729172669567],[81.09092604616853,28.4696814771604],[81.0915387741837,28.46974650489525],[81.09213437483635,28.469601657751383],[81.09277993573664,28.469215303663084],[81.09311350625492,28.468781743184092],[81.09341281504848,28.468255655830685],[81.0930372999064,28.46821757684982],[81.09225588677296,28.46797880888637],[81.09099924109593,28.467255266407484],[81.09054363970893,28.466849329052177],[81.08984007506044,28.46622013492549],[81.08963356616863,28.465913354481266],[81.08959967867408,28.46586371414839],[81.08904216693395,28.465356307923933],[81.08840808166202,28.463795028464087],[81.08779767866257,28.463061867909985],[81.08761730615255,28.46264674324002],[81.08748664606264,28.461838880028456],[81.08758214434171,28.460435031917143],[81.08752837869807,28.46018001917469],[81.08771915336152,28.459283946404067],[81.08773117444876,28.458390184720475],[81.08752622972621,28.457959243330535],[81.08728403928443,28.456562392498473],[81.08625700186157,28.45459961511838],[81.08605856459288,28.453915912257578],[81.08600336209386,28.453597693378523],[81.08604838540012,28.4531937002022],[81.08607359030502,28.452787456670688],[81.08596317958363,28.452433163511966],[81.08548534058212,28.450896518566083],[81.0853856236611,28.450424941330446],[81.08486389078362,28.44902371068988],[81.084631389557,28.4477103851195],[81.08459206382713,28.44761110588416],[81.08426764477981,28.446798800504503],[81.08377303523986,28.44606789145164],[81.08339289896055,28.4457205974776],[81.08255778162975,28.445240382175406],[81.081680084381,28.444891079961383],[81.0808957380279,28.444352160946377],[81.08003573760067,28.44386075523857],[81.07824752305777,28.442837117729738],[81.07698875136106,28.44218109525362],[81.07595048819483,28.442170391050766],[81.07609841438098,28.442400460526798],[81.07673263587567,28.4432780387888],[81.07774154758066,28.444891213278083],[81.0780613257698,28.446547578401105],[81.07816190951363,28.447457034036617],[81.07815251937411,28.448122853640697],[81.0778930306121,28.449045996084138],[81.07779979457976,28.449824723467323],[81.07757525369823,28.450914914591117],[81.07727049642811,28.45190582606065],[81.0767335833889,28.453296413931923],[81.07649980446222,28.45353122911699],[81.07584428884647,28.45466005114467],[81.07549471399163,28.455019089190056],[81.0748622214374,28.455360242436228],[81.07396243528244,28.455976911225306],[81.0732051996577,28.45681458370823],[81.07304413406428,28.457092288100636],[81.07254023026903,28.45866780526543],[81.07232626806451,28.459038098145246],[81.07147136951231,28.459941414191647],[81.07121370326225,28.460349967796976],[81.07067173875635,28.460997963019597],[81.07008632148575,28.46156924661366],[81.06969416995717,28.461851574323266],[81.06851909397658,28.46245923613724],[81.06791942462745,28.462865846955555],[81.06754490373541,28.46321356879067],[81.06694373298346,28.46365400201435],[81.06620138471104,28.4640695511588],[81.06579766832097,28.464218777048284],[81.06449304859308,28.464555732119706],[81.0641876198447,28.464686703711997],[81.06386205739646,28.46482680315965],[81.06172268594074,28.46526340124893],[81.06027914226387,28.46546268931261],[81.05946227004642,28.465641355466545],[81.05900834766317,28.465808522741042],[81.05846214192877,28.465842650206508],[81.05785053438161,28.46605051503084],[81.05690624049338,28.466179539631405],[81.0558675340872,28.46647342376168],[81.05467489507862,28.466742486580348],[81.05467626911812,28.46684858043595],[81.05467626827253,28.466862083913604],[81.05530637118406,28.46730190934187],[81.05664960129097,28.46860355969723],[81.0574516397781,28.469248697689828],[81.05873159893413,28.470408180227878],[81.05947805586047,28.470960790446906],[81.06036512445006,28.471750283891645],[81.0608516134759,28.472070509880034],[81.06113371355984,28.472372852068084],[81.06110982622273,28.47253533717538],[81.06109900855384,28.472607545623468],[81.06100997474726,28.47264599326723],[81.060580501832,28.47261910434671],[81.05989061635539,28.47271193485995],[81.05927450807557,28.47288822800124],[81.0579711265933,28.473893129385655],[81.05746899898475,28.474015220548626],[81.05707984978851,28.474182388737358],[81.05654914268183,28.47467683912245],[81.05616455760082,28.47487114091439],[81.05594972433963,28.47503368490388],[81.0557835324864,28.47525043407929],[81.05565316408106,28.475692811723253],[81.05564796604054,28.476160011559887],[81.0559216207997,28.47672186717112],[81.05591823899282,28.477033333147016],[81.05583513891472,28.47740350373876],[81.05562249325547,28.47761568790731],[81.05483956729333,28.478044865119248],[81.05375026836394,28.478923232337607],[81.05322681601666,28.47926419952904],[81.05292257522703,28.47937491538255],[81.05215016248432,28.479284941296743],[81.05191026279262,28.479138332419527],[81.0516399792451,28.478847305611428],[81.05155420425405,28.478441122338932],[81.05165943711484,28.478082206134914],[81.05229075588068,28.47697157723434],[81.05233021286669,28.476712064344255],[81.05209132488513,28.475926768306532],[81.05148717322112,28.47525218652523],[81.05113167356731,28.47477610502061],[81.05073366407149,28.473995369968613],[81.0504868346743,28.473234893933387],[81.05007907057734,28.472494796284554],[81.04955206873704,28.472048157619774],[81.04912572531217,28.471822648530516],[81.04884012495592,28.471468477528223],[81.04878573465768,28.47121340192002],[81.0487915581211,28.470716882029336],[81.0489188599308,28.470495630840773],[81.04919684156965,28.47031501984911],[81.0493554060787,28.470041879585747],[81.04926744019411,28.46979818179438],[81.04888036260073,28.46954103803672],[81.04846276886313,28.46948476613382],[81.04819417182823,28.469322339712665],[81.04782628642222,28.46919160878069],[81.04733335258165,28.469126332559167],[81.04634229365514,28.469119879462077],[81.04573769116776,28.469181013838487],[81.04515984722828,28.469366309948335],[81.04503379736893,28.469476903112298],[81.04434966282729,28.469671262519196],[81.04372148505236,28.469978406316514],[81.04343512674284,28.470003347066637],[81.04318634925212,28.469849924409136],[81.04315502568328,28.46977321330276],[81.04324912684274,28.469619732101048],[81.04372243663869,28.469159166655874],[81.04352974697667,28.468786804591595],[81.04302037601798,28.468387555658108],[81.04226973374283,28.46756392858464],[81.04171978618028,28.46715117443106],[81.04140198425509,28.466846580747358],[81.04113276315192,28.46658712573452],[81.04072954930102,28.466616629389662],[81.03937210072445,28.46676146466115],[81.03895394268916,28.466845108604268],[81.03838310161329,28.466960321384963],[81.0383534027731,28.46696713589588],[81.03750583256137,28.467132172740392],[81.03714945451895,28.466845708558665],[81.03712988509407,28.46682982857212],[81.0360128591319,28.46583483338135],[81.03557757730611,28.465537052323718],[81.03539938850106,28.465340742303734],[81.03423965165615,28.46480844503866],[81.03360773506212,28.46436399310889],[81.03314750952327,28.46384502187465],[81.03289479821157,28.46338019530745],[81.0326420313926,28.462552010628066],[81.03264860372948,28.46211638324713],[81.0322751813088,28.460478023170598],[81.03222842211207,28.460028890830678],[81.03223374236583,28.459679100470606],[81.03248347922013,28.45866568225406],[81.03271213613715,28.458175853682803],[81.03292379429739,28.457295661099774],[81.03286246029253,28.457182815328572],[81.03266801738998,28.456943617271214],[81.03195732262039,28.456456339056043],[81.03160338576423,28.455984695546757],[81.03130153459428,28.455357320118843],[81.03102493805592,28.454957949560683],[81.03043191549655,28.45426973921924],[81.02931988818055,28.453477865853042],[81.02875838274203,28.45255039919],[81.02846402638505,28.452347335526778],[81.02804005736058,28.452216540717238],[81.02707282232086,28.452097117420653],[81.02604544648854,28.45160083256454],[81.02555596057725,28.451070544709136],[81.02513130766717,28.450732127493062],[81.024232664525,28.450373446744965],[81.02390348289983,28.45014556266657],[81.02328114020769,28.44929030356633],[81.02325582256906,28.449089431781736],[81.02330309468822,28.448854738479913],[81.02367042171883,28.44869669722178],[81.02388331828419,28.448475448264894],[81.02467637471392,28.447972061820657],[81.02577572549542,28.44783191064276],[81.02663236616198,28.44743899563324],[81.02776892359087,28.447084469588003],[81.02786371132947,28.44692192347528],[81.0278665256871,28.446899354281125],[81.02592357086418,28.44562013911859],[81.02442690366466,28.444645457585224],[81.02291054118697,28.44363695284585],[81.02125656800065,28.442522290588915],[81.01991739375755,28.441669396559398],[81.0176333174657,28.440121473133573],[81.01729856065778,28.44048707521441],[81.01523155991444,28.44261116893921],[81.01373540980615,28.44415953919448],[81.01292834240958,28.445012777789685],[81.01233786105546,28.44557030766634],[81.0114126822071,28.44666492819496],[81.01153084046346,28.447258478570895],[81.01202324798666,28.448736668913217],[81.01243681806395,28.449971161983473],[81.0130473261379,28.45176532177129],[81.01357937225728,28.45336542295954],[81.01389459779978,28.454304202713413],[81.01415067986085,28.455053488298134],[81.01442633107754,28.455836597101708],[81.01493861932273,28.457454703870802],[81.01552974717444,28.45912470182992],[81.01588430081527,28.46008161226827],[81.01448477293718,28.460278150519308],[81.01504490047715,28.461352348013065],[81.01517131583041,28.46176984703771],[81.01513660984604,28.4620407388149],[81.01525483069648,28.462645480470716],[81.01585522006589,28.463929552859113],[81.01608229372725,28.464552426109638],[81.01624678360739,28.465062515680437],[81.0167062359152,28.466845420068243],[81.01678544696726,28.467154573853588],[81.01748711931756,28.468684594517494],[81.0178431828755,28.469117852396955],[81.01819218505238,28.469275840746892],[81.01865766982061,28.4693998835133],[81.01916561155036,28.469341123878625],[81.01956301731256,28.468930321221126],[81.01961697770244,28.468794907808483],[81.01977249786295,28.467479086218773],[81.0199582625552,28.467054839950325],[81.0199521388595,28.46684490318477],[81.01990615119804,28.465224489806687],[81.01997893124462,28.465039311893396],[81.01998775791094,28.464463893003373],[81.02007704539824,28.464235889456898],[81.02082945958168,28.463836346084957],[81.02173267183198,28.46387680837502],[81.02228243668515,28.464045990273572],[81.02290760209532,28.464397914504307],[81.02337420375115,28.465000473186304],[81.0241214100465,28.465614163122677],[81.02468917409374,28.466221162003993],[81.0254166225064,28.466846168422936],[81.02595981749529,28.46731325054],[81.02768956771277,28.468597026181556],[81.02889512404624,28.469671045743542],[81.02933715337853,28.470334496231178],[81.02952133324173,28.471085969349513],[81.02951225541823,28.47174947614242],[81.02945622487971,28.472306950934474],[81.02917035280898,28.473090176399044],[81.02916377952381,28.47355962688723],[81.02967074739361,28.475507142048222],[81.02995765346276,28.476233796922315],[81.03023425387155,28.476423356369494],[81.03085629850497,28.476479631953666],[81.0315593128374,28.476409495736974],[81.03199610501936,28.476253644102226],[81.03244165134747,28.476012016783123],[81.03297260279355,28.475838161405722],[81.0334661646722,28.475745453645132],[81.03602393840289,28.47553267646695],[81.0363841343614,28.475616081225596],[81.03741958531577,28.47562703695848],[81.03756388729829,28.475710500799778],[81.03773926407888,28.47581203279225],[81.03794783800387,28.47602634879013],[81.03806037284826,28.47644384756451],[81.03765833313687,28.477195500368303],[81.03729956797527,28.47755672604556],[81.03629886573802,28.47836269812405],[81.03553238280897,28.47883457535648],[81.03477821345314,28.47946906324346],[81.03449310153724,28.479766958913174],[81.03415065184177,28.48027485307269],[81.03409980777424,28.480940609985556],[81.03421465286662,28.481543163388988],[81.03434438181199,28.4819020205518],[81.03476503281138,28.48231489782972],[81.03523582718235,28.482682637191672],[81.0355817044419,28.482808928589478],[81.0362889087234,28.482727477817452],[81.03691721198228,28.48238426073859],[81.0378675176137,28.481713702235698],[81.03826917068785,28.481571416924087],[81.0383531399841,28.481553349481885],[81.03987740456542,28.481241404501795],[81.04024110296615,28.481243598106673],[81.04267113249912,28.481581356342105],[81.04335100847838,28.48177748563469],[81.04415686196222,28.482375235248114],[81.04466666973521,28.482864823471665],[81.04485610982881,28.483151347032198],[81.04499521905203,28.483474068967123],[81.04451983653843,28.484406335935365],[81.0441939591362,28.484681786629466],[81.04358103571941,28.485034068495754],[81.04351107149124,28.48507470451397],[81.04312098364501,28.48533890161561],[81.04271957255993,28.485912251906193],[81.04219180788049,28.486176447089534],[81.0420241819137,28.486221645621793],[81.04203355476685,28.48652635991165],[81.04218029093421,28.486882903711056],[81.04237967140463,28.487241636388035],[81.04275468109229,28.487552983036867],[81.04339848003131,28.48779875155401],[81.04415795045993,28.48791810986724],[81.04488572353192,28.487895300983485],[81.0454366140618,28.488104995678125],[81.04593279013409,28.488619403062724],[81.04653062402785,28.48945196779616],[81.04673607050397,28.48975887350744],[81.04688787449354,28.489946117633732],[81.0469955962719,28.490275529027855],[81.04712920471492,28.49050347247357],[81.04754541697899,28.490850954908616],[81.04799670829122,28.490988314082138],[81.04831382741678,28.4909928203265],[81.04920085046693,28.49081640530767],[81.04961138285968,28.490590532643303],[81.04974612136071,28.49055214819266],[81.04976875787274,28.49041667149473],[81.04990081222282,28.490154909183367],[81.05044451996274,28.48989740329885],[81.05161740911235,28.489217658556456],[81.05245222977366,28.48879979723058],[81.05410620004271,28.48668451325684],[81.0545346865209,28.48594398887183],[81.05528003601789,28.485490054191065],[81.05560129031589,28.484995663834546],[81.05569745947142,28.484514961763022],[81.05593549382591,28.484101843997088],[81.05630351174489,28.483837646216994],[81.0576356461052,28.483261558244887],[81.05880383968847,28.482908971784415],[81.05968136280087,28.48252943495439],[81.06069006262133,28.48197603650896],[81.06154082506035,28.48165958120289],[81.06187132387386,28.48163245241455],[81.06398792311317,28.482001590460243],[81.06557769764086,28.482492756386055],[81.06614766052873,28.482503767640434],[81.06661440154981,28.482302715500293],[81.06737068812004,28.482142054157],[81.06782592525103,28.481922933004377],[81.06821688805753,28.48167674153076],[81.06902682999484,28.480954103587347],[81.06947275016867,28.480728168600102],[81.06995223646065,28.48109128153093],[81.07067730559362,28.48191240785087],[81.07136355254926,28.48246726696977],[81.07279759822165,28.482010590553113],[81.07326471140331,28.48199002835957],[81.07394027905863,28.48184518326589],[81.07436456335066,28.48182236947194],[81.07478666064574,28.481749979027327],[81.0747575271488,28.48159874676666],[81.0745797321896,28.48038688964356],[81.07426456683332,28.479561080621107],[81.07425925808622,28.479195473205852],[81.07413065485977,28.478811859125322],[81.07396290622036,28.47871032706286],[81.07379753199804,28.478708199206057],[81.07308826965352,28.478530324070523],[81.07263928935443,28.478492181765514],[81.072400762337,28.478474298134866],[81.0719036376501,28.47853324595479],[81.0713432577948,28.477572081202677],[81.07096949767443,28.477281178395316],[81.07087171402245,28.477105188107537],[81.07090598198647,28.47682754517652],[81.07149621692635,28.47607795777256],[81.0722205075194,28.47495363888706],[81.07249586553976,28.474673685317505],[81.07527144315941,28.47259580207277],[81.07614897907543,28.47143528669914],[81.07632792383639,28.47128168169599],[81.0766125286097,28.471416974844193],[81.07693145276495,28.471838790663814],[81.07727801678186,28.472048482130802],[81.07862714350902,28.472253060882387],[81.07920917406315,28.472259507784884],[81.07984478195895,28.472550351856242],[81.08003535320124,28.472541102292034],[81.08112119794795,28.472488539271627],[81.08191474219592,28.472673104081615],[81.08226931642025,28.472449481068438],[81.08286649477581,28.471467389222067],[81.08369575585459,28.470746939801945],[81.08434789257268,28.469796357327724],[81.08459873820182,28.469687891744172],[81.08486433835594,28.469656135323973],[81.08737733553063,28.47004040776676],[81.08790290507349,28.47014163289595]]]}}]}