{"type":"FeatureCollection","features":[{"type":"Feature","properties":{"province":"Sudurpashchim Province","district":"Bajura","municipality":"Budhinanda Municipality","ward":"1","wardNumber":1,"sourceMunicipality":"Budhinanda","sourceType":"Nagarpalika"},"geometry":{"type":"Polygon","coordinates":[[[81.69518262886339,29.545020063951167],[81.69539815047723,29.544842951678397],[81.69547480556724,29.54481769534851],[81.69544073627657,29.544371126634548],[81.69534614241442,29.544033151415412],[81.69529737924454,29.543697114671744],[81.69513045168164,29.542967023582314],[81.69498902676754,29.54265861887414],[81.69484722766597,29.54230732631525],[81.69472218444602,29.542037246154273],[81.69462846307718,29.541915896829334],[81.694504042679,29.54174278192219],[81.69440944827983,29.541499584572094],[81.6946546076995,29.541214003971945],[81.69483843057938,29.541023449739154],[81.69497642421807,29.540819704037727],[81.69508340504274,29.540618271583572],[81.69490340346265,29.540334936002235],[81.69460898035992,29.54020108101032],[81.69451569711798,29.540052661482804],[81.6945429637751,29.53960796894181],[81.69458810881704,29.539418226677792],[81.69450708767025,29.538798105941673],[81.6944900222732,29.538568038805234],[81.69462614238907,29.538188240905566],[81.69456937614207,29.537809441865228],[81.694288213294,29.537352867140534],[81.69414479366715,29.536665414165743],[81.69375515200123,29.53619358343205],[81.69355220382344,29.535856232297228],[81.69331036750714,29.5354941861793],[81.69341416581698,29.534911453697237],[81.6935504116209,29.53446626243828],[81.69359493237374,29.534181678706503],[81.69359337257995,29.533951549248425],[81.69356549726399,29.533277038375765],[81.69371793430084,29.533019026663606],[81.69382491594808,29.532815343763733],[81.69396272045843,29.53268149298918],[81.69411609445902,29.53247762276659],[81.69425470969271,29.53246337022738],[81.69440983126998,29.532503195699924],[81.69456370239351,29.532461747915736],[81.69505751804135,29.532323775839277],[81.69519507277207,29.53216060403336],[81.6950852215024,29.531944539891533],[81.69485232281694,29.531744978363683],[81.69466606718922,29.531583429503662],[81.69457103584338,29.531272587086896],[81.69475367434072,29.530811328354563],[81.69488366359806,29.530677478106437],[81.69501978510309,29.53020290310817],[81.69504823757472,29.52993201107845],[81.69506168410923,29.529636424684046],[81.69509144830268,29.529460186003497],[81.69572300582068,29.52918611258212],[81.69601630575912,29.5291574823506],[81.69620143888959,29.529156484313003],[81.69646341587664,29.5289791854614],[81.69674052339148,29.528842273116346],[81.69709391209088,29.528639655107604],[81.69740221782884,29.528543192741438],[81.69771027526488,29.528406218664713],[81.69811099349506,29.528241674890566],[81.69826486497821,29.52820022701327],[81.69854265895927,29.52817165922153],[81.6987740596791,29.528143404139332],[81.69903678624759,29.52807426186557],[81.69929088422634,29.527978173435528],[81.69941343256897,29.52788277185508],[81.69968979149512,29.527639891665647],[81.69990500210372,29.527422142459212],[81.70011989887489,29.52724496813353],[81.70050354954849,29.526945134725924],[81.70071919712005,29.526781526594892],[81.70091852529525,29.526593161051906],[81.70107133687874,29.52640285700283],[81.70125528622147,29.52614465824064],[81.70139184241464,29.52583250566674],[81.70152971045536,29.525617444338664],[81.70166689148742,29.525400069366192],[81.70188178949822,29.52514168350841],[81.70214183139407,29.52477476599894],[81.70252623116852,29.524585464673983],[81.7028191565875,29.524502693555768],[81.70311339239325,29.524609415692474],[81.7032532566548,29.5246876910101],[81.70342369542584,29.524808603279578],[81.70356399662134,29.52494326924985],[81.70371899140264,29.525064306071354],[81.70381277535414,29.525199159311192],[81.70400722079398,29.52542829170107],[81.70417915837038,29.525657547771274],[81.70442662639279,29.52572169443229],[81.70456505524271,29.525682560065402],[81.70476563317673,29.525586721619998],[81.70505837116339,29.525476879796653],[81.70525857313635,29.525421678022365],[81.70548966277701,29.525352723709794],[81.70582910552561,29.52528320653574],[81.70599829628718,29.52521462624875],[81.7063835705261,29.525063648428794],[81.70672251417088,29.52491292079514],[81.70704589035245,29.52476231724635],[81.70723008687332,29.52462815508295],[81.70741403445587,29.52446473421828],[81.70764468817065,29.524233356785462],[81.70773516444574,29.523989161175148],[81.70787259604866,29.52371758248626],[81.70804103724993,29.523543033173926],[81.70839436418056,29.52324551297476],[81.70858662651396,29.523161053028417],[81.70889430869732,29.52297437617251],[81.70926001349979,29.5227851376481],[81.70943276792566,29.522682671906225],[81.70960564970851,29.522496681632045],[81.70981642089458,29.52229249936021],[81.70998830238436,29.522056932264565],[81.7100448263623,29.521835492883213],[81.71015899950032,29.52156635213775],[81.7103113737268,29.5213105290816],[81.7104453026905,29.52109096596146],[81.71067414540366,29.52070160467494],[81.71092311949121,29.52042952761004],[81.71119103969369,29.520091931547928],[81.71148747062634,29.51968412775463],[81.71160614485102,29.519408173405225],[81.7116046483219,29.519198361752498],[81.71148272921567,29.519009554888797],[81.71140808022743,29.518671392562958],[81.7113816991851,29.51839624839388],[81.71150137244683,29.518269275423577],[81.71164549190811,29.51812185860487],[81.71193285618229,29.517802142782134],[81.7120282700653,29.517612088765453],[81.7119533082094,29.51731687599005],[81.71185602391857,29.51714820082476],[81.7120472248251,29.516917010176318],[81.71231145352058,29.516703449879707],[81.71252685153642,29.51651277191921],[81.71257374773204,29.516300460305544],[81.71262527278452,29.515921036921856],[81.71244114736986,29.51542113819853],[81.71189569365204,29.515081094701127],[81.7114395893392,29.514607388349177],[81.71152681856643,29.514078921573788],[81.71158372178778,29.513631853663323],[81.7117908097229,29.512996669781337],[81.71186134544101,29.51238930417529],[81.71167578541221,29.51167728131588],[81.71158194394151,29.511176883683802],[81.71148716564835,29.510624595587345],[81.71145316050408,29.5100966901758],[81.71169369311288,29.509910388098174],[81.71214505359431,29.509801924051093],[81.71232425165955,29.509512215866042],[81.71262380754324,29.509192375740103],[81.71280362770885,29.50908759710766],[81.71319665135599,29.50921638922237],[81.7137097214514,29.509265533553393],[81.71397845411175,29.508869171054357],[81.71399627451703,29.50883297257778],[81.71436673910024,29.508050247240234],[81.71494340963193,29.507153615625377],[81.71435151525195,29.50588192333889],[81.71317776961904,29.50486830110221],[81.71316791193027,29.503464888533895],[81.71402958089101,29.501549023804557],[81.71519003472021,29.50077556049781],[81.71576558271602,29.49962622950585],[81.71575834542487,29.498606304930764],[81.7142977309391,29.498230553477086],[81.71341640818252,29.497341782829707],[81.7125330276804,29.496071650610617],[81.71179813513089,29.495182068571626],[81.7112038682389,29.493655364460725],[81.71221296488163,29.49199145044962],[81.71336356057733,29.489819075862254],[81.713498261672,29.48815990307159],[81.71363414602666,29.486755617471164],[81.71318562186248,29.4852281648578],[81.71274654282371,29.483486335978974],[81.71249556994725,29.483641066373774],[81.71151537750764,29.484088624026143],[81.71130335302466,29.48446885873888],[81.71107169610625,29.484901044925806],[81.71037304632425,29.48549596164416],[81.71033496111087,29.486048998249053],[81.71042236363732,29.486465996906738],[81.71019921220687,29.486737949395867],[81.7098647662203,29.487132373344494],[81.7091363585795,29.487431828621038],[81.70863441036614,29.48795128780993],[81.70816221925433,29.488666804539736],[81.70687340749282,29.48923777039538],[81.70602701606664,29.48964844396345],[81.70553669535347,29.490262556171686],[81.7052111266533,29.49073581625711],[81.70504424926372,29.490845033207574],[81.70431816783875,29.49028711189912],[81.70276484384384,29.48907911498706],[81.70136913589805,29.48827417553546],[81.69950981405573,29.487473919932693],[81.69780099443255,29.48613125720022],[81.69686977437594,29.485461487117643],[81.69562912357802,29.484791027173603],[81.6954734412652,29.48465648526329],[81.69423254245822,29.48385292319047],[81.69328978008583,29.48156074044039],[81.69234851485899,29.47940172191338],[81.69156330662479,29.477514909128743],[81.69155226310974,29.47589255822153],[81.68954218906718,29.4756322715812],[81.68722330873996,29.475375733145913],[81.68709307170852,29.47537641916769],[81.68567928266731,29.47538371748939],[81.68351539774136,29.475259531470368],[81.68150420158673,29.474728290207146],[81.6785677104782,29.47447255728474],[81.67516866744448,29.474354484439782],[81.67269847346762,29.474502436878844],[81.67106771842106,29.475047702980923],[81.67113199241828,29.475115098863466],[81.67151168806164,29.47589389362311],[81.67178816028495,29.47646112627169],[81.67219649707651,29.47688775622453],[81.67251429224618,29.477750387697473],[81.67280107403894,29.47880495017257],[81.67296149555376,29.47976091981781],[81.67286438556515,29.48048569388946],[81.67290881793825,29.48193862067234],[81.67286198456462,29.48216681148848],[81.67259487726528,29.482526914245028],[81.67245144417087,29.482775860625004],[81.67501698760952,29.482582333326143],[81.67506731846133,29.48258658493891],[81.67544796369586,29.482622974681252],[81.67633393001441,29.482340964838826],[81.67732549333964,29.48252765586098],[81.67776509931302,29.48240587522574],[81.67778029354984,29.482362925181786],[81.67936702086169,29.48255787580739],[81.67978874224956,29.48266403605789],[81.68086502466191,29.482877360760778],[81.68116151102068,29.48295707558046],[81.68174147418908,29.483486675049264],[81.68281994001347,29.48402715783533],[81.68545943429147,29.48905897605904],[81.68594472923036,29.49007190390401],[81.68625006519439,29.4921281983147],[81.68696150240359,29.493591198078022],[81.68880646476967,29.497212281058598],[81.68900928699965,29.497554196251638],[81.68923468482525,29.497600336720055],[81.68944845025295,29.4978339702283],[81.6897506253356,29.497990394914623],[81.68998571327643,29.498133564453333],[81.69013789486105,29.49822753115553],[81.69078513616775,29.498580704920748],[81.69126150315539,29.498740694840503],[81.69177925949468,29.49901553103786],[81.69203622856816,29.499248852643838],[81.69213301264934,29.499442410427196],[81.69224611461355,29.499671978743155],[81.69263300827308,29.499947501609537],[81.692760429871,29.500100235386824],[81.69292892673957,29.500408514664745],[81.69283207079062,29.50086708618228],[81.69304720439453,29.501581298196335],[81.69274721150177,29.501846809665924],[81.69261008767843,29.502449984809573],[81.69216966414598,29.502840407231037],[81.69119741331859,29.50315461370007],[81.6910060209185,29.503652007215855],[81.69081550181133,29.50427356199476],[81.69032168254083,29.504682301903884],[81.69004607734165,29.504645287833657],[81.68887106574223,29.504739427259],[81.6880205518244,29.504852200835682],[81.68667097133628,29.50507806442897],[81.68607255174449,29.505367705004865],[81.68542504826884,29.505849401416352],[81.6847032648255,29.50640142999861],[81.68380441726835,29.506712948902578],[81.68320506099263,29.506869487649077],[81.68303068001411,29.50702384339264],[81.68300891408762,29.507527115850205],[81.68291162074675,29.507922480645455],[81.68273855139785,29.508182867255265],[81.68233970846772,29.508426371920326],[81.68176604832155,29.508670749466802],[81.68119032798344,29.508694062862286],[81.68074009242811,29.50878433422407],[81.68045961054847,29.508797084821154],[81.68021201612551,29.50880058298565],[81.68011516664949,29.508787577564377],[81.67998880719547,29.508700175679753],[81.6796880702411,29.50857088437699],[81.67948755706718,29.50848391922615],[81.67906176997631,29.508465784369047],[81.67856114158018,29.50844583522705],[81.67793534104165,29.508408316559958],[81.67783799178117,29.50841331739138],[81.67750986618265,29.508428567528078],[81.67711058787373,29.508518652307085],[81.6767857741998,29.508651124598636],[81.67641162881395,29.508829047686397],[81.67641413016996,29.508829048065934],[81.67571986167265,29.509064983953632],[81.67512488472725,29.509101863065407],[81.67393536742024,29.50917787192598],[81.67278917860264,29.50925131771492],[81.67274541189329,29.509253818178088],[81.67151719976934,29.508826804429194],[81.6675803663694,29.510157274092453],[81.66713111974909,29.511013770481053],[81.66688794637642,29.512249692998264],[81.66652191769283,29.513220410599388],[81.6659025445696,29.513998757451436],[81.66521758118105,29.51494421370197],[81.66457593388432,29.516827008690687],[81.66383800550847,29.51830193359767],[81.66384717543637,29.51969184067931],[81.66376805006851,29.521899049773307],[81.66368306070362,29.52320599480003],[81.66425001185613,29.524184663267295],[81.66519154304706,29.525240483420347],[81.66632176604175,29.526624778093893],[81.6679169227688,29.527598331779977],[81.6693266297896,29.528816454631915],[81.67082226011969,29.528971392247357],[81.67222504260542,29.529129016851915],[81.67362614162613,29.529038381575212],[81.67546859028161,29.529259217226418],[81.67529135589325,29.532087420099668],[81.67501173666703,29.532921536257255],[81.67496665127094,29.53331652628381],[81.67466208733128,29.533981530569687],[81.67466570644567,29.534523064315852],[81.67473854233539,29.534813775472163],[81.67481325143191,29.535271411153413],[81.6748178056816,29.53595736231559],[81.67493990641174,29.53647570280858],[81.675275965712,29.536952346356028],[81.67551642721182,29.537305390298453],[81.67573113103037,29.537491572665825],[81.67623450121941,29.538091504499626],[81.6763790530838,29.538298379396014],[81.67659400709483,29.538504879358456],[81.67665609217978,29.538626415853198],[81.67689068045988,29.53868612354136],[81.67710807314451,29.538883559177243],[81.67712213942187,29.53896245733554],[81.67752628914238,29.539292120916905],[81.67825086300533,29.540276730860395],[81.67859535806903,29.54104664817491],[81.67830680284635,29.54159874380884],[81.6771814841107,29.542527315655324],[81.67704435623475,29.54344639642641],[81.67659204401086,29.544405422925863],[81.67622064202952,29.5451068114733],[81.67623250523043,29.546207947385756],[81.67594950584264,29.5473127685023],[81.67575400530474,29.55069613302963],[81.67572840926475,29.552275846233037],[81.67562240361714,29.554187530778623],[81.67569376457571,29.55694902936321],[81.67554305663232,29.55863989845371],[81.67618765745335,29.55999492807297],[81.67669209567896,29.56026088730138],[81.67707611450136,29.56046426393907],[81.67792786134682,29.561522708975975],[81.6787366564752,29.562434672602446],[81.67932899802706,29.563106314245015],[81.68040554072023,29.562656257057125],[81.68160925787662,29.562122114357862],[81.68263290332375,29.561773835537025],[81.68305300727206,29.56140385719907],[81.68341177608234,29.56092590812009],[81.68373972142827,29.56037137484818],[81.68408467094892,29.56005147191502],[81.68465651772988,29.559784525459385],[81.68528782679317,29.559438243587884],[81.6859784109287,29.558881900361026],[81.68621420019025,29.558061599873195],[81.6863026761008,29.55779708620743],[81.6866314339134,29.55726968509284],[81.68717071065697,29.556684706959246],[81.68746989210382,29.556367242179842],[81.68810063945595,29.55594206224571],[81.68861271134625,29.55580852917222],[81.68903512301101,29.555779212329035],[81.6893671879475,29.55575045819555],[81.68996829739054,29.55543137083385],[81.690129992496,29.55482356934596],[81.69036852922456,29.55432148788574],[81.6906972857293,29.55389774216947],[81.69033302655124,29.553556637716866],[81.68997088899312,29.553531501518894],[81.68972548952782,29.55303185191416],[81.68990356515361,29.55255477657767],[81.69029197165811,29.55197286017304],[81.69040933624062,29.551498410088293],[81.69022533397053,29.551102229266753],[81.6898301895575,29.550682351239296],[81.68937471002387,29.550210832726474],[81.68919176895913,29.54997263661907],[81.689053596775,29.54957845643497],[81.68902590013508,29.549490617590504],[81.68928031118574,29.549428352941774],[81.6893881031021,29.549333013334987],[81.68960275081486,29.549115264242428],[81.68989430401831,29.548818180291672],[81.69015521968234,29.548573111777568],[81.69042332703212,29.5482468317162],[81.69082179918608,29.547746064462533],[81.69108209140954,29.547406217441416],[81.69111179244541,29.547216537083447],[81.69131205714221,29.547161336006198],[81.6916203643141,29.54705143195626],[81.69192860828113,29.54694146561633],[81.692237102271,29.546858632014725],[81.69262218862744,29.54675060514886],[81.69300752486357,29.54658612353401],[81.69328475795008,29.546462840191754],[81.69340836838198,29.54642157959665],[81.69360850796575,29.546352812251826],[81.69399440655613,29.546269603983884],[81.6942098026505,29.54616013728632],[81.69433228848374,29.54605129367809],[81.69458451571654,29.545673060907045],[81.69486050146766,29.545279011106622],[81.69518262886339,29.545020063951167]]]}},{"type":"Feature","properties":{"province":"Sudurpashchim Province","district":"Bajura","municipality":"Budhinanda Municipality","ward":"2","wardNumber":2,"sourceMunicipality":"Budhinanda","sourceType":"Nagarpalika"},"geometry":{"type":"Polygon","coordinates":[[[81.67466208733128,29.533981530569687],[81.67496665127094,29.53331652628381],[81.67501173666703,29.532921536257255],[81.67529135589325,29.532087420099668],[81.67546859028161,29.529259217226418],[81.67362614162613,29.529038381575212],[81.67222504260542,29.529129016851915],[81.67082226011969,29.528971392247357],[81.6693266297896,29.528816454631915],[81.6679169227688,29.527598331779977],[81.66632176604175,29.526624778093893],[81.66519154304706,29.525240483420347],[81.66425001185613,29.524184663267295],[81.66368306070362,29.52320599480003],[81.66376805006851,29.521899049773307],[81.66384717543637,29.51969184067931],[81.66383800550847,29.51830193359767],[81.66457593388432,29.516827008690687],[81.66521758118105,29.51494421370197],[81.6659025445696,29.513998757451436],[81.66652191769283,29.513220410599388],[81.66688794637642,29.512249692998264],[81.66713111974909,29.511013770481053],[81.6675803663694,29.510157274092453],[81.67151719976934,29.508826804429194],[81.67092541697126,29.50848007029507],[81.67073872597489,29.50813796789928],[81.67048238346779,29.507796365377825],[81.67031944848027,29.50763469069889],[81.67004159438488,29.50755710194001],[81.66962524808939,29.507496079660733],[81.66907166185418,29.507562030088955],[81.66861073401425,29.50768393577324],[81.6678955832526,29.507890613047383],[81.6670425026229,29.50821757405445],[81.66616960383224,29.508458885326416],[81.66549828238429,29.508669876498914],[81.66515252468011,29.508752835082344],[81.66485184729443,29.508734013679575],[81.66475875028974,29.50869612639539],[81.6645278509622,29.508593468208346],[81.66438848652159,29.508492625028808],[81.66427194357672,29.508414225530643],[81.66408731066768,29.50839484220778],[81.66367165149131,29.50843528740664],[81.66337122460504,29.508459353424225],[81.66311762776058,29.50843809437372],[81.66263175606319,29.508402140494947],[81.66200789316703,29.50836462246393],[81.66159267242895,29.50838699908943],[81.66101420271686,29.508288338407144],[81.6605290810881,29.508270452580877],[81.66018238603345,29.508312836616508],[81.6597450915258,29.508497760736073],[81.65892358557335,29.50882678549704],[81.65892940006064,29.50882678496023],[81.65879190718377,29.509001146983866],[81.65844977530156,29.50915406308097],[81.65776244968043,29.509184564228995],[81.65699840686077,29.509310154655225],[81.65643669092576,29.509409989920382],[81.65568678099535,29.50934371246339],[81.65524936395407,29.50931882462792],[81.65518752816341,29.509339518011856],[81.65471972218981,29.509499622014662],[81.65429849785642,29.50958301687473],[81.65393973632516,29.50955769264568],[81.65376754618129,29.50955856534146],[81.65367413454356,29.50957256873174],[81.65348768609235,29.50976524806889],[81.65314492986731,29.509821072734148],[81.65222975241927,29.510822981680157],[81.65179682819095,29.511495235817296],[81.65175305494422,29.51191748438701],[81.65180325243168,29.51250384453254],[81.65208410158164,29.513046194716093],[81.65210423336866,29.51307326477603],[81.6522045834439,29.513126907236966],[81.65245392634817,29.51329264629199],[81.65255164834251,29.51344337876104],[81.6526599373481,29.51363012208782],[81.65253313425437,29.513969220530264],[81.65238369997,29.514100819307114],[81.65212722525831,29.51423298090777],[81.65184967944899,29.514403464441084],[81.65152868015264,29.51453599972979],[81.65129358831406,29.514688354389097],[81.65095133046032,29.514820889085982],[81.6506297070241,29.514860835247482],[81.65009325244735,29.514881522534864],[81.64975074501731,29.514975733295817],[81.64951552847837,29.515110020029127],[81.64932357781895,29.51525987450914],[81.64921734693766,29.5154860023454],[81.64898406373705,29.51591812658544],[81.64868544696975,29.516106865996875],[81.64827910083355,29.51631648472518],[81.64798029511623,29.516600001650808],[81.64770287491487,29.516788616366657],[81.64723206671493,29.516996234595247],[81.6467177434767,29.517149961339676],[81.64632084293368,29.517113446239904],[81.64595532910545,29.51704085810853],[81.64548333786274,29.51696876882471],[81.64496814143436,29.516989206723192],[81.64447501518498,29.517029962522056],[81.64396056800122,29.517068593034878],[81.6436595163185,29.51699556875915],[81.643579737229,29.516926047114335],[81.6435080837178,29.517014384990173],[81.6426712554658,29.51758929359915],[81.64155382009521,29.518249099193746],[81.6405310440649,29.518989617083484],[81.64016257730572,29.519889501786185],[81.6400738458466,29.520544317930966],[81.63961340279285,29.52169052338795],[81.63970955812133,29.522098456620316],[81.6398072111132,29.52275239984799],[81.63953277896712,29.523732996997555],[81.63935256982639,29.52471540831612],[81.64001124762636,29.525447880340586],[81.64038938127366,29.52618166226109],[81.64067304459259,29.52666999607577],[81.64198840417667,29.527807595211975],[81.64302159702727,29.528700618890134],[81.64284026448681,29.529601818718554],[81.64293997521806,29.530580732007515],[81.64425234110932,29.531228686988467],[81.64556202455631,29.531465959284464],[81.6464972550051,29.531544931262957],[81.64780650188463,29.53170099165444],[81.64939629400787,29.53185799384895],[81.65155029021588,29.532664192874766],[81.65304972835011,29.533308961768512],[81.65492112385039,29.533708162434426],[81.65502291210723,29.53368734524002],[81.65500071666128,29.53364908318127],[81.65519668217111,29.53262822374481],[81.65486057022848,29.53152420854024],[81.65475647534161,29.5310824525568],[81.65470183891168,29.53041706964021],[81.6544440635665,29.529754934504854],[81.6541368291988,29.52922621364655],[81.65413283648424,29.52860571969473],[81.65423237841048,29.528338954452018],[81.65438088176917,29.527762787647255],[81.65452732446383,29.526965554928992],[81.65467613898795,29.52643458882614],[81.6550782981025,29.526078301555778],[81.65563901564977,29.525809291040684],[81.65580564001009,29.525941582135786],[81.65796213187389,29.527156150386226],[81.65936223161373,29.526905530514494],[81.66085206263614,29.526081243623988],[81.66188063981072,29.526238614146706],[81.66244715624973,29.527052608742384],[81.66254536949491,29.52786897465824],[81.66339504907381,29.52917342899323],[81.66396362237553,29.53039585658997],[81.6655572192197,29.531123463604324],[81.66733614021906,29.53168539904568],[81.66958280113654,29.532247214297243],[81.67108074107414,29.532648098829995],[81.67229701392996,29.53288787053593],[81.67466208733128,29.533981530569687]]]}},{"type":"Feature","properties":{"province":"Sudurpashchim Province","district":"Bajura","municipality":"Budhinanda Municipality","ward":"3","wardNumber":3,"sourceMunicipality":"Budhinanda","sourceType":"Nagarpalika"},"geometry":{"type":"Polygon","coordinates":[[[81.67116556912364,29.579845443835435],[81.67195807056888,29.57906972480429],[81.672070928247,29.578958630967133],[81.67211156870569,29.578956131218344],[81.67243606800794,29.578931940050012],[81.67294307649348,29.57879846906938],[81.67325288900055,29.578314018255103],[81.6735155722109,29.5769656252976],[81.67350527009056,29.57599540312742],[81.6735941316938,29.574997612269733],[81.67398928953348,29.574539794626215],[81.67502386714276,29.574848209034744],[81.67677096595013,29.575249972004308],[81.67730492050754,29.575186272241286],[81.67820691273118,29.573624761406055],[81.67842200316011,29.57307085201448],[81.67857225816539,29.57237958824314],[81.6791684961581,29.57169508195045],[81.67931211440913,29.571649195266904],[81.67970176762121,29.571347110955482],[81.68013593466478,29.571227580662878],[81.6803452164817,29.570301373739404],[81.68009706944393,29.5695692812739],[81.68004856253968,29.56879105191433],[81.68025147115118,29.567585075790294],[81.68024116866316,29.566626169946492],[81.68057236975666,29.56578280114826],[81.68052492828002,29.564878222869915],[81.6799285288246,29.563784707625008],[81.67932899802706,29.563106314245015],[81.6787366564752,29.562434672602446],[81.67792786134682,29.561522708975975],[81.67707611450136,29.56046426393907],[81.67669209567896,29.56026088730138],[81.67618765745335,29.55999492807297],[81.67554305663232,29.55863989845371],[81.67569376457571,29.55694902936321],[81.67562240361714,29.554187530778623],[81.67572840926475,29.552275846233037],[81.67575400530474,29.55069613302963],[81.67594950584264,29.5473127685023],[81.67623250523043,29.546207947385756],[81.67622064202952,29.5451068114733],[81.67659204401086,29.544405422925863],[81.67704435623475,29.54344639642641],[81.6771814841107,29.542527315655324],[81.67830680284635,29.54159874380884],[81.67859535806903,29.54104664817491],[81.67825086300533,29.540276730860395],[81.67752628914238,29.539292120916905],[81.67712213942187,29.53896245733554],[81.67710807314451,29.538883559177243],[81.67689068045988,29.53868612354136],[81.67665609217978,29.538626415853198],[81.67659400709483,29.538504879358456],[81.6763790530838,29.538298379396014],[81.67623450121941,29.538091504499626],[81.67573113103037,29.537491572665825],[81.67551642721182,29.537305390298453],[81.675275965712,29.536952346356028],[81.67493990641174,29.53647570280858],[81.6748178056816,29.53595736231559],[81.67481325143191,29.535271411153413],[81.67473854233539,29.534813775472163],[81.67466570644567,29.534523064315852],[81.67466208733128,29.533981530569687],[81.67229701392996,29.53288787053593],[81.67108074107414,29.532648098829995],[81.66958280113654,29.532247214297243],[81.66733614021906,29.53168539904568],[81.6655572192197,29.531123463604324],[81.66396362237553,29.53039585658997],[81.66339504907381,29.52917342899323],[81.66254536949491,29.52786897465824],[81.66244715624973,29.527052608742384],[81.66188063981072,29.526238614146706],[81.66085206263614,29.526081243623988],[81.65936223161373,29.526905530514494],[81.65796213187389,29.527156150386226],[81.65580564001009,29.525941582135786],[81.65563901564977,29.525809291040684],[81.6550782981025,29.526078301555778],[81.65467613898795,29.52643458882614],[81.65452732446383,29.526965554928992],[81.65438088176917,29.527762787647255],[81.65423237841048,29.528338954452018],[81.65413283648424,29.52860571969473],[81.6541368291988,29.52922621364655],[81.6544440635665,29.529754934504854],[81.65470183891168,29.53041706964021],[81.65475647534161,29.5310824525568],[81.65486057022848,29.53152420854024],[81.65519668217111,29.53262822374481],[81.65500071666128,29.53364908318127],[81.65502291210723,29.53368734524002],[81.65492112385039,29.533708162434426],[81.65304972835011,29.533308961768512],[81.65155029021588,29.532664192874766],[81.64939629400787,29.53185799384895],[81.64780650188463,29.53170099165444],[81.6464972550051,29.531544931262957],[81.64556202455631,29.531465959284464],[81.64425234110932,29.531228686988467],[81.64293997521806,29.530580732007515],[81.64284026448681,29.529601818718554],[81.64302159702727,29.528700618890134],[81.64198840417667,29.527807595211975],[81.64067304459259,29.52666999607577],[81.64038938127366,29.52618166226109],[81.64001124762636,29.525447880340586],[81.63935256982639,29.52471540831612],[81.63953277896712,29.523732996997555],[81.6398072111132,29.52275239984799],[81.63970955812133,29.522098456620316],[81.63961340279285,29.52169052338795],[81.6400738458466,29.520544317930966],[81.64016257730572,29.519889501786185],[81.6405310440649,29.518989617083484],[81.64155382009521,29.518249099193746],[81.6426712554658,29.51758929359915],[81.6435080837178,29.517014384990173],[81.643579737229,29.516926047114335],[81.6436595163185,29.51699556875915],[81.64396056800122,29.517068593034878],[81.64447501518498,29.517029962522056],[81.64496814143436,29.516989206723192],[81.64548333786274,29.51696876882471],[81.64595532910545,29.51704085810853],[81.64632084293368,29.517113446239904],[81.6467177434767,29.517149961339676],[81.64723206671493,29.516996234595247],[81.64770287491487,29.516788616366657],[81.64798029511623,29.516600001650808],[81.64827910083355,29.51631648472518],[81.64868544696975,29.516106865996875],[81.64898406373705,29.51591812658544],[81.64921734693766,29.5154860023454],[81.64932357781895,29.51525987450914],[81.64951552847837,29.515110020029127],[81.64975074501731,29.514975733295817],[81.65009325244735,29.514881522534864],[81.6506297070241,29.514860835247482],[81.65095133046032,29.514820889085982],[81.65129358831406,29.514688354389097],[81.65152868015264,29.51453599972979],[81.65184967944899,29.514403464441084],[81.65212722525831,29.51423298090777],[81.65238369997,29.514100819307114],[81.65253313425437,29.513969220530264],[81.6526599373481,29.51363012208782],[81.65255164834251,29.51344337876104],[81.65245392634817,29.51329264629199],[81.6522045834439,29.513126907236966],[81.65210423336866,29.51307326477603],[81.65208410158164,29.513046194716093],[81.65198506338099,29.513094144550706],[81.64986974105852,29.514126673100616],[81.64930939872579,29.514346043340915],[81.64837297774699,29.514461191822463],[81.64767077020204,29.51458640767373],[81.64735846373638,29.514561022222324],[81.64667951739384,29.51459133563418],[81.64599256764507,29.514581136891817],[81.6450051986051,29.514094045288708],[81.64438027453825,29.51400226080077],[81.64370727193945,29.51374605341882],[81.64259728838262,29.51354610725276],[81.6423446936909,29.51348189757007],[81.64147743554575,29.512802376180563],[81.64072053632009,29.511819954179025],[81.63923360864645,29.510854591102515],[81.63859674364797,29.51069522427952],[81.63788553142678,29.510933285704528],[81.63746386707805,29.511169975300433],[81.63645998495724,29.511100381311834],[81.63574590030181,29.51108799455999],[81.63501018193548,29.51111180507513],[81.63441094901167,29.511408010004356],[81.63355986257166,29.512172537349272],[81.63297776988583,29.51190676441744],[81.63191993371193,29.511584657708486],[81.6299736306848,29.511501361171884],[81.62892504510843,29.51141157305888],[81.62835670523167,29.511294656931884],[81.62827667495236,29.51127927651132],[81.62767263394096,29.511110657602494],[81.62722371758305,29.510801373826077],[81.62720152236577,29.51075636085317],[81.62414772827582,29.511070854658186],[81.62241931871766,29.51108346298538],[81.62167353684835,29.510944788637968],[81.62048190549233,29.510239631125543],[81.61954286302993,29.510036310227353],[81.61812038445417,29.50997083679692],[81.61723867908096,29.50953494910621],[81.6162605672577,29.508830917978695],[81.61611951583697,29.508653364780322],[81.61590274988545,29.508426421029156],[81.61570036253521,29.508240113889222],[81.61529696268094,29.507966653532808],[81.61492695087833,29.507677314477473],[81.61468710798557,29.507795784167328],[81.61179274939444,29.50813403701523],[81.61025722665782,29.50814114566161],[81.60780028742064,29.50829003616583],[81.60594657439331,29.50867762753522],[81.60588849144864,29.50858691301893],[81.60555643180099,29.50826168886411],[81.60512845713087,29.508234300912097],[81.60474868967172,29.508069560897567],[81.60347164063873,29.50802822103613],[81.60337335315789,29.508025031257414],[81.60197319368474,29.508078780741855],[81.60130588304689,29.50767209141975],[81.59961436280916,29.507641499717117],[81.59835319619401,29.507539767612265],[81.59690789497999,29.507592640729015],[81.59587167758534,29.508204245740025],[81.5967241177238,29.508827750940064],[81.59702954080352,29.509223495764758],[81.59707986256458,29.50987987694974],[81.59708609791477,29.51094718963801],[81.59699505759043,29.51135824643398],[81.5962458938887,29.511524098620125],[81.59530996836723,29.511938959426942],[81.5943770372247,29.51276450317598],[81.59400594721319,29.51350402870839],[81.59438477059238,29.51407551333408],[81.59429647278273,29.514978464343354],[81.59374348537911,29.51670490193409],[81.59346805281523,29.51768993697482],[81.59319106100853,29.51842902585972],[81.59319841950837,29.51966101229024],[81.59320658883124,29.521055420814637],[81.59284023733979,29.52261406181235],[81.59228238572523,29.52351919552405],[81.59200358494155,29.523931062698953],[81.59135026446255,29.524509412790852],[81.59134732524232,29.524554550667155],[81.59156209304086,29.524664147297283],[81.59180073990639,29.52509640247503],[81.59204007228132,29.525657131913796],[81.59225771053843,29.526143527629753],[81.59234517738267,29.5264252357223],[81.5924100114394,29.526594161591916],[81.59239043729268,29.526894373694034],[81.59258594395693,29.527231913330944],[81.59308193970179,29.5276606692987],[81.59366415368665,29.528165824743443],[81.59439611373263,29.5285732026717],[81.5951488334322,29.528890242399694],[81.5960529205556,29.529391649828156],[81.59691511508325,29.530008278401993],[81.59778831169824,29.530735439516846],[81.59843517616012,29.531258287886338],[81.59925329358393,29.53170586570499],[81.60007072445615,29.532076797042492],[81.60075817176921,29.532242854021018],[81.60136102226662,29.5325199418527],[81.60168570130215,29.532987832667747],[81.60190296384084,29.533512614405847],[81.60232655081127,29.534336548589064],[81.60267205113583,29.5347298551794],[81.60327452817468,29.534932421777814],[81.6040049912653,29.535080286551757],[81.60466993328528,29.535056975076216],[81.6053359353556,29.535205088676744],[81.60587419853915,29.535464358969534],[81.60630523369318,29.53580090018122],[81.60699243058154,29.535948951536884],[81.60755039424264,29.53592607584568],[81.60808566443907,29.53567994817875],[81.60833013785339,29.53536060674834],[81.60892924674789,29.535001383210613],[81.60939986728765,29.534735186115554],[81.60991294217716,29.534453047001666],[81.61010808004711,29.534393468901943],[81.61009988890248,29.534429604691276],[81.61005073942746,29.534833722222434],[81.60998558129506,29.53537331731473],[81.60998844958661,29.53585170808703],[81.60973578268008,29.53642149686829],[81.60948236517324,29.536975469437238],[81.60927965608661,29.537380335801096],[81.6090931425207,29.53769480088212],[81.60900985647991,29.538008828704456],[81.6089600826904,29.538309166443973],[81.60899590423841,29.53857755827072],[81.60929745172541,29.538950734182066],[81.6095053982154,29.5394146220049],[81.6097123483473,29.539711524565377],[81.61007316910316,29.53996472772694],[81.61038309423351,29.540322148882638],[81.61079755635649,29.540902385894007],[81.61105721068459,29.54138184269927],[81.61123815020963,29.541649547774213],[81.61154901098631,29.542171579441504],[81.61180822894865,29.542574326312813],[81.61210127296235,29.54291592993241],[81.61235911660769,29.543214832816652],[81.61273769426937,29.543497419967238],[81.61306319139935,29.543660659574748],[81.61366204435825,29.543687174126525],[81.61423663517567,29.54386504547315],[81.61470018356887,29.54413144103377],[81.61506081620225,29.544443412190535],[81.61533660543196,29.544710618749736],[81.61562964747505,29.545158316154307],[81.61599184079392,29.545621455660044],[81.61631945943861,29.54602382794123],[81.61683414854589,29.546531420417192],[81.61686647298893,29.546549300598365],[81.61691249052217,29.54657618395339],[81.61739166694743,29.546971056004843],[81.61780794768674,29.547206067214447],[81.61830825802735,29.54756699142456],[81.61901452393057,29.547744238573266],[81.61967840122996,29.547849465021],[81.6203224573676,29.547975071449173],[81.62088354384251,29.54815294325354],[81.62127925325741,29.548403771323454],[81.62186296856596,29.548890732934375],[81.62211455635689,29.549415265367102],[81.62209766646453,29.550015566208906],[81.6219764869245,29.550577979752426],[81.62200968251253,29.550830554301243],[81.62215729528508,29.551229297719114],[81.62242945551968,29.551627354796285],[81.62247321609121,29.552026597661932],[81.62224712422609,29.552406706117708],[81.62189686087869,29.552735548579975],[81.62162894163203,29.553027881584057],[81.62121553002402,29.553264509019964],[81.62098893930285,29.55355665459395],[81.62101175516648,29.553919823411093],[81.62111754100816,29.554226164160355],[81.6213177346096,29.55467879993573],[81.62146840373731,29.555567124391388],[81.62157537277582,29.5561826184417],[81.6216205695406,29.556708211048623],[81.6217678705199,29.557052751137487],[81.62212349764357,29.55759485199297],[81.6222412216408,29.558174210730403],[81.62201562890455,29.558628840884957],[81.62158451598773,29.559355174294026],[81.62144257884488,29.559883827684015],[81.62146776464421,29.56062610801709],[81.62150589252359,29.561370514562093],[81.62142872783073,29.56204333630465],[81.62143278152924,29.562715720666457],[81.6219217745535,29.563103778079594],[81.62257008314762,29.563170680014977],[81.62333944040579,29.56309710435022],[81.62447225227974,29.56284360652335],[81.62580751634025,29.562552974205065],[81.6266185744624,29.562657451947047],[81.62738924129468,29.56279368756499],[81.6284434535544,29.5629670014008],[81.62921430735769,29.563139310069154],[81.63002455495482,29.563101620903392],[81.63087500441421,29.56309756774854],[81.63200912499734,29.5630560685818],[81.63229834745873,29.56390538369177],[81.63359983203799,29.5647136982491],[81.6347792714892,29.565416605842866],[81.63694213403916,29.567132384236942],[81.63811331510568,29.568144443959888],[81.64030069021248,29.569638907884656],[81.64121278818324,29.569679618092987],[81.64232914686204,29.569983344814812],[81.64329213706405,29.57011183130446],[81.6442069784919,29.570682759486985],[81.64466458744182,29.570901641494864],[81.64507379608952,29.57152020262028],[81.64553389844207,29.57222647709432],[81.64604389798079,29.572754262861775],[81.64619807581143,29.573152881164678],[81.64706264753035,29.57372405887498],[81.6477757851586,29.57434112350214],[81.64810802984573,29.57482458138701],[81.64862164669728,29.57593003620317],[81.64939091725232,29.57743129784752],[81.65051282900878,29.57857658444926],[81.65173515484061,29.57958820808243],[81.65250055892358,29.580471225390202],[81.6530105585703,29.58099894881427],[81.65382510825597,29.58170347742075],[81.65443789405357,29.582454079522837],[81.6547977685138,29.58329395493813],[81.65408809813928,29.584946931888897],[81.65510399349921,29.58444998507812],[81.65606824501843,29.583854009380108],[81.65749467668184,29.583070795838292],[81.66046431313107,29.582889026700805],[81.66167996835534,29.582650533196425],[81.66270429641361,29.582665674412087],[81.66281946481298,29.582708000069825],[81.66386436499684,29.582619361406415],[81.66483430731847,29.582002941656196],[81.666896728921,29.581378844641716],[81.66808624822997,29.581187802041114],[81.66863396093764,29.580954865127175],[81.66912296524085,29.58062752428906],[81.66924357704212,29.580423778679865],[81.66937406502161,29.580353196791325],[81.67005019937113,29.58031144299177],[81.67018938079477,29.5800873162061],[81.67116556912364,29.579845443835435]]]}},{"type":"Feature","properties":{"province":"Sudurpashchim Province","district":"Bajura","municipality":"Budhinanda Municipality","ward":"4","wardNumber":4,"sourceMunicipality":"Budhinanda","sourceType":"Nagarpalika"},"geometry":{"type":"Polygon","coordinates":[[[81.63916857188468,29.59842289971565],[81.63923228937452,29.598090928044048],[81.63926980289948,29.59810424479365],[81.63971753703196,29.598068239272603],[81.64072442677221,29.597742968101986],[81.64195384372522,29.597091666508803],[81.6427173210658,29.597173762262514],[81.6438282421448,29.59738271081931],[81.64426628737,29.597236173265483],[81.6455896137731,29.596636262180052],[81.64642487976663,29.596031970074097],[81.64652773394077,29.59587129878288],[81.647117841909,29.595378786536138],[81.64754513888936,29.594774175896607],[81.64763311203491,29.594602314245446],[81.64771314440341,29.594498097574835],[81.64821784776203,29.593784830993748],[81.64850296145936,29.593460802255304],[81.6485939981816,29.593356522687966],[81.64907813141234,29.592659198231686],[81.65007884033926,29.59169530287112],[81.6526303653149,29.588295834949648],[81.65326524992848,29.587162259638834],[81.65376058027749,29.58610383020048],[81.6540328857696,29.585195441116173],[81.65402313497285,29.584978815452338],[81.65408809813928,29.584946931888897],[81.6547977685138,29.58329395493813],[81.65443789405357,29.582454079522837],[81.65382510825597,29.58170347742075],[81.6530105585703,29.58099894881427],[81.65250055892358,29.580471225390202],[81.65173515484061,29.57958820808243],[81.65051282900878,29.57857658444926],[81.64939091725232,29.57743129784752],[81.64862164669728,29.57593003620317],[81.64810802984573,29.57482458138701],[81.6477757851586,29.57434112350214],[81.64706264753035,29.57372405887498],[81.64619807581143,29.573152881164678],[81.64604389798079,29.572754262861775],[81.64553389844207,29.57222647709432],[81.64507379608952,29.57152020262028],[81.64466458744182,29.570901641494864],[81.6442069784919,29.570682759486985],[81.64329213706405,29.57011183130446],[81.64232914686204,29.569983344814812],[81.64121278818324,29.569679618092987],[81.64030069021248,29.569638907884656],[81.63811331510568,29.568144443959888],[81.63694213403916,29.567132384236942],[81.6347792714892,29.565416605842866],[81.63359983203799,29.5647136982491],[81.63229834745873,29.56390538369177],[81.63200912499734,29.5630560685818],[81.63087500441421,29.56309756774854],[81.63002455495482,29.563101620903392],[81.62921430735769,29.563139310069154],[81.6284434535544,29.5629670014008],[81.62738924129468,29.56279368756499],[81.6266185744624,29.562657451947047],[81.62580751634025,29.562552974205065],[81.62447225227974,29.56284360652335],[81.62333944040579,29.56309710435022],[81.62257008314762,29.563170680014977],[81.6219217745535,29.563103778079594],[81.62143278152924,29.562715720666457],[81.62142872783073,29.56204333630465],[81.62150589252359,29.561370514562093],[81.62146776464421,29.56062610801709],[81.62144257884488,29.559883827684015],[81.62158451598773,29.559355174294026],[81.62201562890455,29.558628840884957],[81.6222412216408,29.558174210730403],[81.62212349764357,29.55759485199297],[81.6217678705199,29.557052751137487],[81.6216205695406,29.556708211048623],[81.62157537277582,29.5561826184417],[81.62146840373731,29.555567124391388],[81.6213177346096,29.55467879993573],[81.62111754100816,29.554226164160355],[81.62101175516648,29.553919823411093],[81.62098893930285,29.55355665459395],[81.62121553002402,29.553264509019964],[81.62162894163203,29.553027881584057],[81.62189686087869,29.552735548579975],[81.62224712422609,29.552406706117708],[81.62247321609121,29.552026597661932],[81.62242945551968,29.551627354796285],[81.62215729528508,29.551229297719114],[81.62200968251253,29.550830554301243],[81.6219764869245,29.550577979752426],[81.62209766646453,29.550015566208906],[81.62211455635689,29.549415265367102],[81.62186296856596,29.548890732934375],[81.62127925325741,29.548403771323454],[81.62088354384251,29.54815294325354],[81.6203224573676,29.547975071449173],[81.61967840122996,29.547849465021],[81.61901452393057,29.547744238573266],[81.61830825802735,29.54756699142456],[81.61780794768674,29.547206067214447],[81.61739166694743,29.546971056004843],[81.61691249052217,29.54657618395339],[81.61686647298893,29.546549300598365],[81.61683414854589,29.546531420417192],[81.61631945943861,29.54602382794123],[81.61599184079392,29.545621455660044],[81.61562964747505,29.545158316154307],[81.61533660543196,29.544710618749736],[81.61506081620225,29.544443412190535],[81.61470018356887,29.54413144103377],[81.61423663517567,29.54386504547315],[81.61366204435825,29.543687174126525],[81.61306319139935,29.543660659574748],[81.61273769426937,29.543497419967238],[81.61235911660769,29.543214832816652],[81.61210127296235,29.54291592993241],[81.61180822894865,29.542574326312813],[81.61154901098631,29.542171579441504],[81.61123815020963,29.541649547774213],[81.61105721068459,29.54138184269927],[81.61079755635649,29.540902385894007],[81.61038309423351,29.540322148882638],[81.61007316910316,29.53996472772694],[81.6097123483473,29.539711524565377],[81.6095053982154,29.5394146220049],[81.60929745172541,29.538950734182066],[81.60899590423841,29.53857755827072],[81.6089600826904,29.538309166443973],[81.60900985647991,29.538008828704456],[81.6090931425207,29.53769480088212],[81.60927965608661,29.537380335801096],[81.60948236517324,29.536975469437238],[81.60973578268008,29.53642149686829],[81.60998844958661,29.53585170808703],[81.60998558129506,29.53537331731473],[81.61005073942746,29.534833722222434],[81.61009988890248,29.534429604691276],[81.61010808004711,29.534393468901943],[81.60991294217716,29.534453047001666],[81.60939986728765,29.534735186115554],[81.60892924674789,29.535001383210613],[81.60833013785339,29.53536060674834],[81.60808566443907,29.53567994817875],[81.60755039424264,29.53592607584568],[81.60699243058154,29.535948951536884],[81.60630523369318,29.53580090018122],[81.60587419853915,29.535464358969534],[81.6053359353556,29.535205088676744],[81.60466993328528,29.535056975076216],[81.6040049912653,29.535080286551757],[81.60327452817468,29.534932421777814],[81.60267205113583,29.5347298551794],[81.60232655081127,29.534336548589064],[81.60190296384084,29.533512614405847],[81.60168570130215,29.532987832667747],[81.60136102226662,29.5325199418527],[81.60075817176921,29.532242854021018],[81.60007072445615,29.532076797042492],[81.59925329358393,29.53170586570499],[81.59843517616012,29.531258287886338],[81.59778831169824,29.530735439516846],[81.59691511508325,29.530008278401993],[81.5960529205556,29.529391649828156],[81.5951488334322,29.528890242399694],[81.59439611373263,29.5285732026717],[81.59366415368665,29.528165824743443],[81.59308193970179,29.5276606692987],[81.59258594395693,29.527231913330944],[81.59239043729268,29.526894373694034],[81.5924100114394,29.526594161591916],[81.59234517738267,29.5264252357223],[81.59225771053843,29.526143527629753],[81.59204007228132,29.525657131913796],[81.59180073990639,29.52509640247503],[81.59156209304086,29.524664147297283],[81.59134732524232,29.524554550667155],[81.59135026446255,29.524509412790852],[81.59200358494155,29.523931062698953],[81.59228238572523,29.52351919552405],[81.59284023733979,29.52261406181235],[81.59320658883124,29.521055420814637],[81.59319841950837,29.51966101229024],[81.59319106100853,29.51842902585972],[81.59346805281523,29.51768993697482],[81.59374348537911,29.51670490193409],[81.59429647278273,29.514978464343354],[81.59438477059238,29.51407551333408],[81.59400594721319,29.51350402870839],[81.5943770372247,29.51276450317598],[81.59530996836723,29.511938959426942],[81.5962458938887,29.511524098620125],[81.59699505759043,29.51135824643398],[81.59708609791477,29.51094718963801],[81.59707986256458,29.50987987694974],[81.59702954080352,29.509223495764758],[81.5967241177238,29.508827750940064],[81.59587167758534,29.508204245740025],[81.59526470194798,29.507852697924427],[81.59444908254724,29.50755853967308],[81.59398416035096,29.507246942942803],[81.59366066595699,29.506957416570966],[81.59319243900951,29.506074902475717],[81.59301549910259,29.505915478047797],[81.59085412505742,29.50509696281763],[81.59012285214735,29.504673768115133],[81.58906271171048,29.50378943356147],[81.58846261361305,29.50340400053727],[81.58838621070775,29.50335248495],[81.58797768404389,29.503072147743527],[81.58705734501137,29.502284218267743],[81.58663112702096,29.501850585769773],[81.58631557391188,29.501590255663977],[81.58620946074547,29.502202246364217],[81.58625090880598,29.502563102907544],[81.58607333784495,29.502751155595003],[81.58578885444308,29.502747901971073],[81.58485681962253,29.502260122815194],[81.58146072605442,29.501345376972125],[81.58019605994554,29.501120733314984],[81.57992989744457,29.501031641604406],[81.57818986884693,29.50043225765337],[81.57758926475948,29.500412307669066],[81.5772148692937,29.50057410039521],[81.57551782576117,29.501984931169638],[81.57369186199794,29.503085044999594],[81.5730848081461,29.503730789365285],[81.57233335481277,29.506453079037392],[81.57203885963384,29.506950784086527],[81.57128075567019,29.5071210124378],[81.57104816594232,29.507173900076136],[81.56964342744023,29.50819312003062],[81.56913666225145,29.508790976836174],[81.56887762543218,29.508828234794514],[81.56850734891674,29.50950674186343],[81.56813450980562,29.51007471658256],[81.5673630784719,29.51086099990114],[81.56713598201704,29.511543447753517],[81.56698572734196,29.512128492568536],[81.56697202105653,29.51302212929146],[81.56679694992552,29.51331621332295],[81.56648757737271,29.51359047833856],[81.56600882768394,29.51390175107913],[81.56584626369737,29.51400621725354],[81.5648901926711,29.515240067351506],[81.56447215124564,29.515690882849757],[81.56405348404277,29.516141697128315],[81.56332288746177,29.51651711063444],[81.56179279556676,29.517076444365593],[81.56079659459759,29.517590645762255],[81.55999985257183,29.517672972652395],[81.55938880764047,29.517639455684645],[81.5590637422266,29.5178777721406],[81.55844668455805,29.518487380369685],[81.55743710751284,29.51882559248824],[81.55663692652101,29.518871784127512],[81.55552612471543,29.51907501844089],[81.55402711676228,29.518966218698996],[81.55306969152048,29.518800970965078],[81.55225337992525,29.51885178869622],[81.55153684721806,29.519461709016262],[81.55076917822272,29.51956422932326],[81.55015844312528,29.519686320990637],[81.54956283255092,29.520237162853753],[81.54892008291385,29.520533116753892],[81.54821055788292,29.52077299080775],[81.54736829382453,29.52115102915303],[81.54694131288338,29.521513880169692],[81.54619839452401,29.522144244071796],[81.54417148022343,29.523179273556458],[81.54312564201327,29.523248968125465],[81.54115338164132,29.523789540723133],[81.53975115776925,29.52391937430849],[81.5385845236142,29.52396925039838],[81.53895697221157,29.524373935582613],[81.53916023122649,29.5247611768581],[81.53909826261206,29.52522856291652],[81.53888223153616,29.525971778339603],[81.53892968206257,29.52628074466627],[81.53915651154682,29.526726565929156],[81.53936101936789,29.52721089746],[81.53942192568492,29.53065853448478],[81.53995467597505,29.531619885097424],[81.54091909162234,29.532581741805423],[81.54157070367471,29.533316902610416],[81.54211489458145,29.534361715720213],[81.54232208702521,29.53509874677071],[81.54279306727899,29.535839157334824],[81.5428478933583,29.536310545734416],[81.54263204885036,29.537089896764392],[81.54295908923363,29.538528197253328],[81.5429600500724,29.540996796509994],[81.54245692033984,29.54100560577581],[81.53973492604209,29.54220136096322],[81.53900570196579,29.54276170406548],[81.53877872786752,29.54352304951113],[81.53885650062392,29.54394917532156],[81.53900735820116,29.544776669968602],[81.53904892179024,29.54567912296335],[81.53935889883458,29.54669779980151],[81.53945937161012,29.546907238220978],[81.53983512778169,29.54768640816585],[81.54071013731442,29.548438764588738],[81.5416175976969,29.549100719475263],[81.54292352787579,29.54946996897696],[81.54498567469028,29.550445279178756],[81.5458607461861,29.551195384648413],[81.54683885266373,29.552267648726716],[81.5480877437412,29.553774355270527],[81.54896831112032,29.554930518149458],[81.55022671480384,29.55579853710789],[81.55099255737768,29.556616724465584],[81.55147473256478,29.557131443115868],[81.55255456301805,29.558377008869176],[81.55369923389114,29.55941695237815],[81.55548715075888,29.56035718730551],[81.55655843460552,29.560379769805525],[81.55730302715719,29.56060228091937],[81.55817203956622,29.56104092052239],[81.55877595197228,29.561385841340705],[81.55951135673628,29.561468499303608],[81.56050955630434,29.56110778037734],[81.56174683744518,29.561274030790543],[81.56248074406172,29.561207707754807],[81.56347925496168,29.560907881735922],[81.56428212154535,29.56104662016256],[81.56491911071362,29.561303390167865],[81.56575748748882,29.561676635055925],[81.56616063657502,29.561993107488288],[81.56620133715533,29.562121520311518],[81.5667478311315,29.56385440974857],[81.5674948403593,29.565525534595913],[81.56689825647202,29.56834635422156],[81.56760532221284,29.56934971954838],[81.567900112296,29.570016355677893],[81.56897894104273,29.571361075860235],[81.5691576272195,29.57179808094193],[81.56940009079598,29.572006895466956],[81.56990415459204,29.57225066038373],[81.57141679140885,29.572463052741313],[81.57125948098677,29.57249981181939],[81.56983243011007,29.572916667101296],[81.56917023570143,29.57313384817432],[81.56593722416562,29.574900952376804],[81.56378169440681,29.576171486864947],[81.56311636494613,29.576984404632515],[81.56271070749199,29.577153074774365],[81.56233999518429,29.577687226555554],[81.56179096189747,29.578420685542575],[81.56140036866603,29.578853245408723],[81.5602497905894,29.579695290872834],[81.55877946675221,29.580495758238165],[81.55819304615373,29.581120996853883],[81.5578292681941,29.58198224529235],[81.55745404741987,29.58299247460128],[81.55723607952012,29.583616155136983],[81.55638260895513,29.584867574352675],[81.55525822542381,29.58592380768218],[81.55374468026574,29.587798464464083],[81.55239970884237,29.589115084454498],[81.55120173313713,29.590302418527187],[81.55003063677887,29.59181009678971],[81.54994478959804,29.591914250772515],[81.54947529195393,29.59234493424828],[81.54926064194728,29.592639142319417],[81.54902866823655,29.59331027427544],[81.54869622322414,29.5936546837774],[81.54820422290683,29.593638610629185],[81.54790892440556,29.593572150259924],[81.54747650897552,29.593589774796875],[81.5470062000842,29.593866975518534],[81.54641796981905,29.59419662778338],[81.54620350842276,29.594524659062955],[81.54598973231312,29.594972349922497],[81.54590387883266,29.595453302276997],[81.54586841692655,29.596175514366127],[81.54571353714144,29.596656778516447],[81.54532375324067,29.597276643269584],[81.54526560288085,29.59750027010977],[81.54534619125322,29.597845185212158],[81.54548511501393,29.59811764152341],[81.5457233244124,29.59847768731671],[81.5457552684316,29.59889049656259],[81.54573794114854,29.599389204974095],[81.54552584822268,29.60016405469061],[81.54519471192853,29.600765664296656],[81.54415636740484,29.6014242825525],[81.54316716454224,29.602218128696325],[81.54267791019124,29.602581104214487],[81.54244337734669,29.602909259816567],[81.54201195939592,29.60311637838724],[81.54126816421953,29.603807634526802],[81.54044534232911,29.604343469072944],[81.53909237573755,29.605086920724748],[81.53826818020114,29.60548515230074],[81.53734551124974,29.60569645346983],[81.53708047059534,29.605869063119233],[81.53597009104215,29.606958869451972],[81.53516345848963,29.60774965455495],[81.53550170099955,29.608470369793146],[81.53550556576243,29.609208148384567],[81.53558715105038,29.609740367898876],[81.5357659637026,29.61010072644874],[81.53594502599114,29.6105129118531],[81.53614665126865,29.611405613536306],[81.53656205087232,29.611936399413008],[81.53680057317966,29.612366465846787],[81.53791960755595,29.613494684614917],[81.53793076582038,29.615590862279813],[81.53747906380653,29.61744746377604],[81.53776589444803,29.619301136320182],[81.53795526564376,29.620187147826748],[81.53860456658721,29.62075088334692],[81.53928613313923,29.621188082237044],[81.5398207023623,29.621788389799182],[81.54013744147278,29.622215831392587],[81.54050463511062,29.622798757194797],[81.54060473079598,29.62315936456618],[81.54074533730518,29.623725156990243],[81.54092658355688,29.62441261025185],[81.54110558314413,29.62480679121494],[81.54110963560817,29.625562637417634],[81.54115089559599,29.625907739377944],[81.54113575032858,29.62681713089353],[81.54103958280103,29.627196615720784],[81.5406489884925,29.62767881503342],[81.54012189937538,29.628488858938894],[81.53992725783827,29.62879869747834],[81.53990887081767,29.62910791242569],[81.54024499381451,29.62941569450259],[81.54031407714021,29.629776426313256],[81.54151833828169,29.630498089488224],[81.542355826597,29.63170401660327],[81.54356576156725,29.633472674250445],[81.54487003593962,29.635726038220938],[81.54543066938818,29.636935399937073],[81.5456137148408,29.638437467524405],[81.54562871829184,29.638584073441482],[81.54566254146435,29.638746371624784],[81.54571843444353,29.638928925820135],[81.54575200853752,29.639052899709295],[81.54576369831625,29.639176873824233],[81.54583072074702,29.639397814597803],[81.54588636304301,29.639654765144787],[81.54592449846368,29.63989158558756],[81.54577424587369,29.64040892320996],[81.54559980006732,29.640639738577992],[81.54553620902894,29.640926633850615],[81.54548455430988,29.64153831263193],[81.54544365474462,29.642093537690506],[81.5453811851596,29.642608312655625],[81.54549228442863,29.642971171132945],[81.54555986850386,29.64327769858672],[81.54573379957199,29.64391557563593],[81.54564842820453,29.645572122753233],[81.54552124327795,29.64629920922491],[81.54526444056839,29.647408218915213],[81.54542124060836,29.647982952187252],[81.54551008226038,29.648287167372715],[81.54588671334412,29.649147674633344],[81.54609653772178,29.649489714824437],[81.5462531517744,29.65002381104832],[81.54643208370847,29.6507519010456],[81.54641263119218,29.651210035122816],[81.54652373102387,29.65157289377582],[81.54670166705361,29.65199183057786],[81.54681183107213,29.652183201001552],[81.5470546062999,29.65252742997989],[81.54723141839838,29.652851589682854],[81.5473647144035,29.653137549565614],[81.54735551879455,29.653462520282286],[81.5474666177702,29.653825377352543],[81.54742571853232,29.65438066467659],[81.54725314531031,29.65483942243077],[81.54634607418674,29.65717634680781],[81.54588574423875,29.65899462429994],[81.54573458499222,29.661499920374798],[81.54532403668541,29.662496707706797],[81.54504186085536,29.66287919111454],[81.54449963705132,29.66389454516997],[81.54426016585914,29.664164058685135],[81.54404282857402,29.66447183387217],[81.54431805427836,29.66471890951062],[81.5445618267095,29.665252694422765],[81.54496875675227,29.66764052388601],[81.54481061691317,29.668731029419483],[81.54442008229185,29.6693825280758],[81.54439969491193,29.669671425524513],[81.54444620581356,29.670147315272565],[81.54466684686888,29.670453282597006],[81.54521213264367,29.66952139103887],[81.54582055676865,29.66926163474041],[81.54668532909623,29.66900081910717],[81.54751033542688,29.668789829452837],[81.5479230577862,29.668652731968244],[81.5487470673967,29.668252186744343],[81.54894376852239,29.668201736402327],[81.54941258215611,29.667579247266364],[81.54989834881863,29.666392654935777],[81.55024955406998,29.665892512518294],[81.5506020672677,29.665615748474348],[81.5510149774851,29.665528290438566],[81.55154599368535,29.665422265751822],[81.55209714224421,29.66545603178735],[81.55278478291724,29.665279426206904],[81.55345322811736,29.665141268705376],[81.55405270871081,29.665034993969947],[81.55442472976337,29.66479198999855],[81.55523060288083,29.664650958382126],[81.55613476503262,29.66437188783919],[81.55662526770958,29.664182525315173],[81.55739118982699,29.66391983235394],[81.55848173676252,29.66360606622013],[81.55920658531096,29.66305478800643],[81.55979350696161,29.662431675165973],[81.56006568347699,29.66177842430436],[81.56020099141851,29.66136492938982],[81.56023483255511,29.660369700627296],[81.56030024301245,29.659699254561385],[81.56027668193336,29.659063068132657],[81.56052779104155,29.658220385794987],[81.56076120078956,29.657684606810975],[81.56046097554727,29.65677652442231],[81.56034825728773,29.656021113895516],[81.56042591500554,29.655813116466533],[81.56010306468217,29.6543208002163],[81.55994301028245,29.653890484503094],[81.55972299906058,29.65322128511526],[81.55990558074957,29.652482632978412],[81.55974577563282,29.65208845370135],[81.55982193784095,29.65160524982711],[81.56031025991518,29.650917241614724],[81.56109543939543,29.650656674766317],[81.5618025256978,29.650412298769158],[81.56267667677106,29.650115159614995],[81.564187327219,29.649438604622052],[81.5645026969432,29.649473368139216],[81.5657048378278,29.649863059838555],[81.56611974294515,29.650136581975286],[81.56688940483319,29.65056202912133],[81.56787134709275,29.6502666411086],[81.5686867870893,29.650107542056983],[81.56941462721441,29.650104424919096],[81.57022237076636,29.650306243641147],[81.57095146012944,29.650406968963875],[81.57148197607732,29.650336955223956],[81.57220763492923,29.64995472651893],[81.57263705759581,29.64936843481405],[81.57298919898149,29.648938188243157],[81.57306529823899,29.648473052528196],[81.57373470507672,29.646820700653343],[81.5739014838622,29.645032865619633],[81.57403660498797,29.644603553892377],[81.57441669672258,29.64399944395228],[81.57472907459257,29.643499488270653],[81.57513973680899,29.64315464194906],[81.57586570692912,29.642824303835905],[81.57643548984709,29.642632316605688],[81.57731858331462,29.642233585430994],[81.5778088362067,29.642026092686088],[81.57839806459415,29.641852048743146],[81.57916423457569,29.641677194663938],[81.57965511342341,29.64146745078186],[81.58021514146031,29.641361239380345],[81.58158942450345,29.640822659829766],[81.5819428109417,29.64073538895876],[81.58296401851581,29.640439813942592],[81.58388743727092,29.64021232040144],[81.58412246680193,29.64009172571571],[81.58457314397693,29.639744566272444],[81.58490421752,29.63915858620096],[81.58539091608843,29.638332850284115],[81.58568309773472,29.637832894133158],[81.5863760038708,29.63683248390308],[81.58717713663452,29.63590153268844],[81.58737146574533,29.635557684797675],[81.58754622810379,29.635074044538054],[81.58777907483761,29.634592406342346],[81.58803286376073,29.63424830839726],[81.5883401173903,29.633576740254046],[81.58837263096153,29.63350665762486],[81.58844885369398,29.633077595068357],[81.58840391391797,29.632114311712034],[81.58842024253698,29.63148018811457],[81.58827820041022,29.630706835274417],[81.58865405234127,29.629380700968063],[81.5893934796018,29.628073138431738],[81.58960594656175,29.62741782358845],[81.58985586993637,29.62642165952619],[81.59006796194754,29.62569863757092],[81.59000575989396,29.625114527633507],[81.58990341868606,29.6243930029237],[81.58982095941504,29.62377500785934],[81.58952416336344,29.62348298108331],[81.58887067656912,29.622678112753487],[81.58873168808954,29.622541070707687],[81.58843146142493,29.621648867483565],[81.58845003570268,29.621391542317873],[81.58891909688884,29.62090884356872],[81.58936946215155,29.620527800133218],[81.59013419807398,29.62012950454049],[81.59219431022468,29.61933054484341],[81.5942946871609,29.61858103764494],[81.59539355051005,29.61814736075898],[81.59621799362334,29.617920241262468],[81.59700485796239,29.61789868126525],[81.5984367271698,29.61722206259332],[81.60057487067063,29.61631882280258],[81.60118273366224,29.615939218399735],[81.60167329809174,29.615815125162886],[81.60251818562604,29.61567365657968],[81.60430337895951,29.61492758390425],[81.6051066937022,29.614425320734213],[81.60592013555217,29.613979324358557],[81.60629866293326,29.61347668118972],[81.6097290176839,29.610631387288706],[81.61281372340973,29.608834584216325],[81.61554729064451,29.607285223747034],[81.61758227022105,29.606355162744624],[81.62024612185586,29.604927899990276],[81.62207363659306,29.604612454117678],[81.62266886420826,29.604618712401592],[81.62369243957208,29.604785398464546],[81.62457715319127,29.604729330042574],[81.62606960366492,29.60441312918601],[81.62681595209828,29.604323861579566],[81.62973964714993,29.603278776940805],[81.63254392646796,29.601958922431624],[81.63450381509445,29.600936457654736],[81.63505221780925,29.600588549946746],[81.63556222791017,29.60039662403592],[81.6368581650807,29.600047411685566],[81.63764296872564,29.59982022942839],[81.63811265347005,29.599475008421628],[81.63822789150518,29.59900962348843],[81.6382467136075,29.5988200051317],[81.63814624197722,29.59856317896487],[81.63773133980479,29.598170371852657],[81.63847955985139,29.598372126671066],[81.63867657207953,29.598407264225436],[81.63909935843296,29.598405206613208],[81.63916857188468,29.59842289971565]]]}},{"type":"Feature","properties":{"province":"Sudurpashchim Province","district":"Bajura","municipality":"Budhinanda Municipality","ward":"5","wardNumber":5,"sourceMunicipality":"Budhinanda","sourceType":"Nagarpalika"},"geometry":{"type":"Polygon","coordinates":[[[81.65208410158164,29.513046194716093],[81.65180325243168,29.51250384453254],[81.65175305494422,29.51191748438701],[81.65179682819095,29.511495235817296],[81.65222975241927,29.510822981680157],[81.65314492986731,29.509821072734148],[81.65348768609235,29.50976524806889],[81.65367413454356,29.50957256873174],[81.65376754618129,29.50955856534146],[81.65393973632516,29.50955769264568],[81.65429849785642,29.50958301687473],[81.65471972218981,29.509499622014662],[81.65518752816341,29.509339518011856],[81.65481151781294,29.508826800839614],[81.6547358666057,29.50860154581113],[81.65400153089735,29.50814033997402],[81.65326875556342,29.507909263888845],[81.65286785765933,29.507563783160382],[81.65286417783116,29.506981612476846],[81.6524605336269,29.506286340779724],[81.65205826468754,29.505706166036916],[81.65198843332789,29.505183011515168],[81.65165119031437,29.5044873666953],[81.65118064849477,29.50361648086788],[81.65071135378162,29.5030388680228],[81.65017360071903,29.502053260466887],[81.64943639542571,29.50112485439786],[81.64909846710252,29.50031417582638],[81.6487629719608,29.499792331260352],[81.64876222346102,29.49967498426348],[81.64876035217763,29.499383961634614],[81.6492923676264,29.49938134186242],[81.64989352593706,29.499901875894505],[81.65062885909568,29.500539133906777],[81.65129897748005,29.50134812875418],[81.65216567675803,29.50175231981716],[81.6532293944751,29.50180578537827],[81.65376259527568,29.501976904516734],[81.65449237696201,29.501740843311854],[81.65458697601767,29.501706584348145],[81.65435502295183,29.501044325376828],[81.6537506186513,29.50011535795562],[81.65321186643737,29.49907110790159],[81.65260995854591,29.498435414669565],[81.65187200590638,29.497392037663936],[81.65133443813814,29.49652365202907],[81.65099713448318,29.495710722481206],[81.65045881965185,29.494725051591125],[81.64998690426415,29.4937390698812],[81.64951455448318,29.492577035781448],[81.64911022502255,29.491764417784758],[81.64877260928688,29.49089509623334],[81.6481701390021,29.490257152981712],[81.6476977887755,29.489097432008606],[81.64769254889809,29.488282880740105],[81.64768556333321,29.487179431579655],[81.6474819940935,29.486598321677587],[81.64714475307645,29.485785392067175],[81.6467426080165,29.485205154701227],[81.64607492335826,29.48474357401806],[81.6456732132135,29.4843393882197],[81.64546914677007,29.483584414278397],[81.64556394525624,29.48276942662269],[81.64555683450754,29.481663789187472],[81.64535039630658,29.48061779315274],[81.64521241880763,29.47980611573727],[81.64520686714538,29.47893292150324],[81.64540008110495,29.47788492965994],[81.64546280144693,29.47730476002967],[81.6455900504287,29.47643087997558],[81.64546713182793,29.476264454749778],[81.64544662198279,29.476384176848565],[81.64487006576817,29.477980013284515],[81.6441232008966,29.47915703733637],[81.64410468229276,29.479899505575787],[81.64347123781779,29.480960871684886],[81.64328353202755,29.481568735455348],[81.642734116859,29.482783147912006],[81.64256510864209,29.48317432310923],[81.64250470929214,29.483314488742643],[81.6422811203085,29.483541239763937],[81.6419714997055,29.483727790854935],[81.64184920095931,29.483856952278455],[81.64143541165312,29.48429220023606],[81.64103556693763,29.484591971190408],[81.64033010655376,29.48488648652321],[81.63997915893263,29.48495812866437],[81.63945489679276,29.484949370711632],[81.6392787654823,29.48502470302138],[81.63903923604286,29.48510028463495],[81.63870660811298,29.48520568722962],[81.63835566052042,29.485277328598947],[81.63795982000302,29.48538529323103],[81.63782783137968,29.485422053030064],[81.63677642871104,29.48555795572719],[81.63615581828694,29.48551130943354],[81.63612167999251,29.48550918380827],[81.63546148746629,29.485728990562365],[81.634753086275,29.486176863144067],[81.63422481895837,29.48635991110001],[81.63382459942126,29.486698067967588],[81.63292949231031,29.487715543615973],[81.63279206077729,29.488018505923655],[81.63236049389371,29.48984603719504],[81.6323235381392,29.490119242012042],[81.63225756732251,29.49060919683247],[81.6319259852645,29.491827050977836],[81.6322970476796,29.492903870452018],[81.63227916456793,29.493037097345578],[81.63219406013603,29.493667031237944],[81.63200629162716,29.494274894289855],[81.63178232711874,29.49453996929666],[81.63117396652218,29.49481135441315],[81.6310134645379,29.495031042143996],[81.63100001531646,29.495464356721648],[81.63048300018349,29.495800762208045],[81.63029773666135,29.496178495554037],[81.6302181413318,29.496341292000675],[81.63092396083496,29.497130032354818],[81.63161346798779,29.49746738863808],[81.63199754698981,29.4978401904521],[81.63226489177981,29.49831051870462],[81.63233497366203,29.498779469489378],[81.632696289881,29.499353204606344],[81.63289235917038,29.499760638791912],[81.63301096184097,29.500064729062146],[81.63305303225667,29.50060838899236],[81.63317169775934,29.500914668132175],[81.63332962713703,29.501322289466025],[81.63360310045078,29.50172716133709],[81.63391640103043,29.5021340969801],[81.6341893760127,29.50236748117223],[81.63409133754713,29.502464945523847],[81.63402656174885,29.502528463577878],[81.63358051502402,29.50267050009243],[81.63268760849955,29.50291393630048],[81.6324515193538,29.502802150941907],[81.63216941421493,29.502650103268003],[81.63200779712237,29.50217252323244],[81.63131866693045,29.50169743898818],[81.63093421628867,29.501162214398462],[81.62998259757886,29.50151649524131],[81.62752077833106,29.501884699892695],[81.62573883885293,29.5026038899827],[81.62324356852729,29.503006040867973],[81.62146588149612,29.50357393684267],[81.62076323832781,29.503620067111374],[81.61991035032015,29.503671447274606],[81.6196080471237,29.50369545114236],[81.61923215106378,29.503821296169548],[81.61903513668702,29.503977902101013],[81.6188592546606,29.504114127873322],[81.61831496549114,29.505389308143982],[81.6177261062932,29.506014859976357],[81.61718057721563,29.50655663712441],[81.61650243873966,29.50692311148848],[81.61584693315515,29.507309779530956],[81.61508063567852,29.507602169356712],[81.61492695087833,29.507677314477473],[81.61529696268094,29.507966653532808],[81.61570036253521,29.508240113889222],[81.61590274988545,29.508426421029156],[81.61611951583697,29.508653364780322],[81.6162605672577,29.508830917978695],[81.61723867908096,29.50953494910621],[81.61812038445417,29.50997083679692],[81.61954286302993,29.510036310227353],[81.62048190549233,29.510239631125543],[81.62167353684835,29.510944788637968],[81.62241931871766,29.51108346298538],[81.62414772827582,29.511070854658186],[81.62720152236577,29.51075636085317],[81.62722371758305,29.510801373826077],[81.62767263394096,29.511110657602494],[81.62827667495236,29.51127927651132],[81.62835670523167,29.511294656931884],[81.62892504510843,29.51141157305888],[81.6299736306848,29.511501361171884],[81.63191993371193,29.511584657708486],[81.63297776988583,29.51190676441744],[81.63355986257166,29.512172537349272],[81.63441094901167,29.511408010004356],[81.63501018193548,29.51111180507513],[81.63574590030181,29.51108799455999],[81.63645998495724,29.511100381311834],[81.63746386707805,29.511169975300433],[81.63788553142678,29.510933285704528],[81.63859674364797,29.51069522427952],[81.63923360864645,29.510854591102515],[81.64072053632009,29.511819954179025],[81.64147743554575,29.512802376180563],[81.6423446936909,29.51348189757007],[81.64259728838262,29.51354610725276],[81.64370727193945,29.51374605341882],[81.64438027453825,29.51400226080077],[81.6450051986051,29.514094045288708],[81.64599256764507,29.514581136891817],[81.64667951739384,29.51459133563418],[81.64735846373638,29.514561022222324],[81.64767077020204,29.51458640767373],[81.64837297774699,29.514461191822463],[81.64930939872579,29.514346043340915],[81.64986974105852,29.514126673100616],[81.65198506338099,29.513094144550706],[81.65208410158164,29.513046194716093]]]}},{"type":"Feature","properties":{"province":"Sudurpashchim Province","district":"Bajura","municipality":"Budhinanda Municipality","ward":"6","wardNumber":6,"sourceMunicipality":"Budhinanda","sourceType":"Nagarpalika"},"geometry":{"type":"Polygon","coordinates":[[[81.67151719976934,29.508826804429194],[81.67274541189329,29.509253818178088],[81.67278917860264,29.50925131771492],[81.67393536742024,29.50917787192598],[81.67512488472725,29.509101863065407],[81.67571986167265,29.509064983953632],[81.67641413016996,29.508829048065934],[81.67641162881395,29.508829047686397],[81.6767857741998,29.508651124598636],[81.67711058787373,29.508518652307085],[81.67750986618265,29.508428567528078],[81.67783799178117,29.50841331739138],[81.67793534104165,29.508408316559958],[81.67856114158018,29.50844583522705],[81.67906176997631,29.508465784369047],[81.67948755706718,29.50848391922615],[81.6796880702411,29.50857088437699],[81.67998880719547,29.508700175679753],[81.68011516664949,29.508787577564377],[81.68021201612551,29.50880058298565],[81.68045961054847,29.508797084821154],[81.68074009242811,29.50878433422407],[81.68119032798344,29.508694062862286],[81.68176604832155,29.508670749466802],[81.68233970846772,29.508426371920326],[81.68273855139785,29.508182867255265],[81.68291162074675,29.507922480645455],[81.68300891408762,29.507527115850205],[81.68303068001411,29.50702384339264],[81.68320506099263,29.506869487649077],[81.68380441726835,29.506712948902578],[81.6847032648255,29.50640142999861],[81.68542504826884,29.505849401416352],[81.68607255174449,29.505367705004865],[81.68667097133628,29.50507806442897],[81.6880205518244,29.504852200835682],[81.68887106574223,29.504739427259],[81.69004607734165,29.504645287833657],[81.69032168254083,29.504682301903884],[81.69081550181133,29.50427356199476],[81.6910060209185,29.503652007215855],[81.69119741331859,29.50315461370007],[81.69216966414598,29.502840407231037],[81.69261008767843,29.502449984809573],[81.69274721150177,29.501846809665924],[81.69304720439453,29.501581298196335],[81.69283207079062,29.50086708618228],[81.69292892673957,29.500408514664745],[81.692760429871,29.500100235386824],[81.69263300827308,29.499947501609537],[81.69224611461355,29.499671978743155],[81.69213301264934,29.499442410427196],[81.69203622856816,29.499248852643838],[81.69177925949468,29.49901553103786],[81.69126150315539,29.498740694840503],[81.69078513616775,29.498580704920748],[81.69013789486105,29.49822753115553],[81.68998571327643,29.498133564453333],[81.6897506253356,29.497990394914623],[81.68944845025295,29.4978339702283],[81.68923468482525,29.497600336720055],[81.68900928699965,29.497554196251638],[81.68880646476967,29.497212281058598],[81.68696150240359,29.493591198078022],[81.68625006519439,29.4921281983147],[81.68594472923036,29.49007190390401],[81.68545943429147,29.48905897605904],[81.68281994001347,29.48402715783533],[81.68174147418908,29.483486675049264],[81.68116151102068,29.48295707558046],[81.68086502466191,29.482877360760778],[81.67978874224956,29.48266403605789],[81.67936702086169,29.48255787580739],[81.67778029354984,29.482362925181786],[81.67776509931302,29.48240587522574],[81.67732549333964,29.48252765586098],[81.67633393001441,29.482340964838826],[81.67544796369586,29.482622974681252],[81.67506731846133,29.48258658493891],[81.67501698760952,29.482582333326143],[81.67245144417087,29.482775860625004],[81.67259487726528,29.482526914245028],[81.67286198456462,29.48216681148848],[81.67290881793825,29.48193862067234],[81.67286438556515,29.48048569388946],[81.67296149555376,29.47976091981781],[81.67280107403894,29.47880495017257],[81.67251429224618,29.477750387697473],[81.67219649707651,29.47688775622453],[81.67178816028495,29.47646112627169],[81.67151168806164,29.47589389362311],[81.67113199241828,29.475115098863466],[81.67106771842106,29.475047702980923],[81.67069114344967,29.474647956309173],[81.67003665446097,29.473956246569195],[81.66826174146183,29.47306265116132],[81.66473527783951,29.472680937024865],[81.66334719295108,29.47226817457722],[81.6628426252051,29.472318058859354],[81.66207464746506,29.472100798384663],[81.66142896478752,29.472052089481785],[81.66073394901579,29.47214129495418],[81.65952094085851,29.471001071970807],[81.65864437541849,29.469741755460326],[81.65834264009382,29.46943866287399],[81.65805734357761,29.469478420846006],[81.65647580669146,29.46926283968968],[81.65512836342843,29.468755050038858],[81.65317718667245,29.46849157564844],[81.6525214989357,29.468483565800323],[81.65174538762832,29.468701746019306],[81.65142664174331,29.468658229845854],[81.64943755787819,29.46953215104037],[81.64883395060498,29.46970431943915],[81.64779205236353,29.46980189791014],[81.64691441010935,29.469454161064743],[81.64668944966492,29.469457534709104],[81.64673845914152,29.470066526373795],[81.64666267955288,29.4701120385409],[81.64526575949286,29.47093570153397],[81.64481877127956,29.4713146828426],[81.6445894804484,29.47237180324868],[81.6446411084698,29.473499822043625],[81.6448387953188,29.4743743307105],[81.64537017468874,29.475105113286116],[81.64555729839807,29.475736050814596],[81.64546713182793,29.476264454749778],[81.6455900504287,29.47643087997558],[81.64546280144693,29.47730476002967],[81.64540008110495,29.47788492965994],[81.64520686714538,29.47893292150324],[81.64521241880763,29.47980611573727],[81.64535039630658,29.48061779315274],[81.64555683450754,29.481663789187472],[81.64556394525624,29.48276942662269],[81.64546914677007,29.483584414278397],[81.6456732132135,29.4843393882197],[81.64607492335826,29.48474357401806],[81.6467426080165,29.485205154701227],[81.64714475307645,29.485785392067175],[81.6474819940935,29.486598321677587],[81.64768556333321,29.487179431579655],[81.64769254889809,29.488282880740105],[81.6476977887755,29.489097432008606],[81.6481701390021,29.490257152981712],[81.64877260928688,29.49089509623334],[81.64911022502255,29.491764417784758],[81.64951455448318,29.492577035781448],[81.64998690426415,29.4937390698812],[81.65045881965185,29.494725051591125],[81.65099713448318,29.495710722481206],[81.65133443813814,29.49652365202907],[81.65187200590638,29.497392037663936],[81.65260995854591,29.498435414669565],[81.65321186643737,29.49907110790159],[81.6537506186513,29.50011535795562],[81.65435502295183,29.501044325376828],[81.65458697601767,29.501706584348145],[81.65449237696201,29.501740843311854],[81.65376259527568,29.501976904516734],[81.6532293944751,29.50180578537827],[81.65216567675803,29.50175231981716],[81.65129897748005,29.50134812875418],[81.65062885909568,29.500539133906777],[81.64989352593706,29.499901875894505],[81.6492923676264,29.49938134186242],[81.64876035217763,29.499383961634614],[81.64876222346102,29.49967498426348],[81.6487629719608,29.499792331260352],[81.64909846710252,29.50031417582638],[81.64943639542571,29.50112485439786],[81.65017360071903,29.502053260466887],[81.65071135378162,29.5030388680228],[81.65118064849477,29.50361648086788],[81.65165119031437,29.5044873666953],[81.65198843332789,29.505183011515168],[81.65205826468754,29.505706166036916],[81.6524605336269,29.506286340779724],[81.65286417783116,29.506981612476846],[81.65286785765933,29.507563783160382],[81.65326875556342,29.507909263888845],[81.65400153089735,29.50814033997402],[81.6547358666057,29.50860154581113],[81.65481151781294,29.508826800839614],[81.65518752816341,29.509339518011856],[81.65524936395407,29.50931882462792],[81.65568678099535,29.50934371246339],[81.65643669092576,29.509409989920382],[81.65699840686077,29.509310154655225],[81.65776244968043,29.509184564228995],[81.65844977530156,29.50915406308097],[81.65879190718377,29.509001146983866],[81.65892940006064,29.50882678496023],[81.65892358557335,29.50882678549704],[81.6597450915258,29.508497760736073],[81.66018238603345,29.508312836616508],[81.6605290810881,29.508270452580877],[81.66101420271686,29.508288338407144],[81.66159267242895,29.50838699908943],[81.66200789316703,29.50836462246393],[81.66263175606319,29.508402140494947],[81.66311762776058,29.50843809437372],[81.66337122460504,29.508459353424225],[81.66367165149131,29.50843528740664],[81.66408731066768,29.50839484220778],[81.66427194357672,29.508414225530643],[81.66438848652159,29.508492625028808],[81.6645278509622,29.508593468208346],[81.66475875028974,29.50869612639539],[81.66485184729443,29.508734013679575],[81.66515252468011,29.508752835082344],[81.66549828238429,29.508669876498914],[81.66616960383224,29.508458885326416],[81.6670425026229,29.50821757405445],[81.6678955832526,29.507890613047383],[81.66861073401425,29.50768393577324],[81.66907166185418,29.507562030088955],[81.66962524808939,29.507496079660733],[81.67004159438488,29.50755710194001],[81.67031944848027,29.50763469069889],[81.67048238346779,29.507796365377825],[81.67073872597489,29.50813796789928],[81.67092541697126,29.50848007029507],[81.67151719976934,29.508826804429194]]]}},{"type":"Feature","properties":{"province":"Sudurpashchim Province","district":"Bajura","municipality":"Budhinanda Municipality","ward":"7","wardNumber":7,"sourceMunicipality":"Budhinanda","sourceType":"Nagarpalika"},"geometry":{"type":"Polygon","coordinates":[[[81.61492695087833,29.507677314477473],[81.61508063567852,29.507602169356712],[81.61584693315515,29.507309779530956],[81.61650243873966,29.50692311148848],[81.61718057721563,29.50655663712441],[81.6177261062932,29.506014859976357],[81.61831496549114,29.505389308143982],[81.6188592546606,29.504114127873322],[81.61903513668702,29.503977902101013],[81.61923215106378,29.503821296169548],[81.6196080471237,29.50369545114236],[81.61991035032015,29.503671447274606],[81.62076323832781,29.503620067111374],[81.62146588149612,29.50357393684267],[81.62324356852729,29.503006040867973],[81.62573883885293,29.5026038899827],[81.62752077833106,29.501884699892695],[81.62998259757886,29.50151649524131],[81.63093421628867,29.501162214398462],[81.63131866693045,29.50169743898818],[81.63200779712237,29.50217252323244],[81.63216941421493,29.502650103268003],[81.6324515193538,29.502802150941907],[81.63268760849955,29.50291393630048],[81.63358051502402,29.50267050009243],[81.63402656174885,29.502528463577878],[81.63409133754713,29.502464945523847],[81.6341893760127,29.50236748117223],[81.63391640103043,29.5021340969801],[81.63360310045078,29.50172716133709],[81.63332962713703,29.501322289466025],[81.63317169775934,29.500914668132175],[81.63305303225667,29.50060838899236],[81.63301096184097,29.500064729062146],[81.63289235917038,29.499760638791912],[81.632696289881,29.499353204606344],[81.63233497366203,29.498779469489378],[81.63226489177981,29.49831051870462],[81.63199754698981,29.4978401904521],[81.63161346798779,29.49746738863808],[81.63092396083496,29.497130032354818],[81.6302181413318,29.496341292000675],[81.63029773666135,29.496178495554037],[81.63048300018349,29.495800762208045],[81.63100001531646,29.495464356721648],[81.6310134645379,29.495031042143996],[81.63117396652218,29.49481135441315],[81.63178232711874,29.49453996929666],[81.63200629162716,29.494274894289855],[81.63219406013603,29.493667031237944],[81.63227916456793,29.493037097345578],[81.6322970476796,29.492903870452018],[81.6319259852645,29.491827050977836],[81.63225756732251,29.49060919683247],[81.6323235381392,29.490119242012042],[81.63236049389371,29.48984603719504],[81.63279206077729,29.488018505923655],[81.63292949231031,29.487715543615973],[81.63382459942126,29.486698067967588],[81.63422481895837,29.48635991110001],[81.634753086275,29.486176863144067],[81.63546148746629,29.485728990562365],[81.63612167999251,29.48550918380827],[81.63615581828694,29.48551130943354],[81.63677642871104,29.48555795572719],[81.63782783137968,29.485422053030064],[81.63795982000302,29.48538529323103],[81.63835566052042,29.485277328598947],[81.63870660811298,29.48520568722962],[81.63903923604286,29.48510028463495],[81.6392787654823,29.48502470302138],[81.63945489679276,29.484949370711632],[81.63997915893263,29.48495812866437],[81.64033010655376,29.48488648652321],[81.64103556693763,29.484591971190408],[81.64143541165312,29.48429220023606],[81.64184920095931,29.483856952278455],[81.6419714997055,29.483727790854935],[81.6422811203085,29.483541239763937],[81.64250470929214,29.483314488742643],[81.64256510864209,29.48317432310923],[81.642734116859,29.482783147912006],[81.64328353202755,29.481568735455348],[81.64347123781779,29.480960871684886],[81.64410468229276,29.479899505575787],[81.6441232008966,29.47915703733637],[81.64487006576817,29.477980013284515],[81.64544662198279,29.476384176848565],[81.64546713182793,29.476264454749778],[81.64555729839807,29.475736050814596],[81.64537017468874,29.475105113286116],[81.6448387953188,29.4743743307105],[81.6446411084698,29.473499822043625],[81.6445894804484,29.47237180324868],[81.64481877127956,29.4713146828426],[81.64526575949286,29.47093570153397],[81.64666267955288,29.4701120385409],[81.64673845914152,29.470066526373795],[81.64668944966492,29.469457534709104],[81.64668669857308,29.469425962408113],[81.6466662541044,29.469384387507922],[81.64656521917146,29.469178326671],[81.64639928569669,29.468838412412676],[81.64594695571496,29.466848135421483],[81.64512422947725,29.465202706058367],[81.64421120629554,29.464358635227395],[81.6434534232539,29.463999146072723],[81.6426574417108,29.463409463808603],[81.64171885082777,29.462287999936205],[81.64130407934688,29.46153183576353],[81.64059494582425,29.460704897375685],[81.64046802778705,29.46041668580897],[81.64014403295461,29.460145227891825],[81.63879946908799,29.459445382081153],[81.63760982999383,29.45929313652316],[81.63608388174953,29.45876121229168],[81.63564327853777,29.458607599982916],[81.63511501701709,29.45844767228893],[81.63399621725867,29.45838307746231],[81.63323436892536,29.458091108104615],[81.63253705128814,29.45739039425186],[81.63201573686351,29.456792650657782],[81.63160871391173,29.45633651196933],[81.63079354002765,29.455543832779444],[81.63060359792061,29.45515890523574],[81.6306161793662,29.45428108555509],[81.63083546837642,29.453052477859686],[81.63055356673061,29.451873690814253],[81.62979729906124,29.45049408987874],[81.6297138337427,29.450225948222705],[81.6280773024945,29.44824572290629],[81.62797895393619,29.44818526691589],[81.62757641551656,29.4488663992634],[81.6264386492364,29.45020984240567],[81.62644763026218,29.451660705553188],[81.62518150276286,29.453002522110705],[81.62455430288394,29.454566973661496],[81.62366489656009,29.454905062757064],[81.62201101086016,29.455246768388346],[81.6206164643422,29.456257424082505],[81.61948200138464,29.45826875063814],[81.61923819391748,29.460054771299113],[81.61937266387906,29.461279382297743],[81.61912280679884,29.46206129653417],[81.61849067896269,29.462845019031175],[81.6176032058418,29.463517080692398],[81.61658674980433,29.463968576428783],[81.61538021733224,29.464648824012166],[81.61608691038353,29.46553009087771],[81.61774640908833,29.466079834297346],[81.61876429866606,29.46596443712504],[81.62041899567568,29.46573332610064],[81.62182252474811,29.466060751212996],[81.62285058250359,29.467506812260012],[81.62362610143519,29.469285780513044],[81.62452860496161,29.471064187551],[81.62517102412687,29.471954706443398],[81.62517719929859,29.472956562769987],[81.6260749632289,29.47395642831461],[81.62646209901826,29.474735348811496],[81.62646552898005,29.475292700489092],[81.62518886236636,29.47485193110814],[81.62471649590036,29.47478646872039],[81.62442357225886,29.474744953210294],[81.62506736306295,29.47585659888639],[81.62507834076479,29.477639184613174],[81.6252128745899,29.478753263218728],[81.62432053647184,29.478646908717195],[81.62381190166387,29.47887265707904],[81.62458542427366,29.480317714770855],[81.62420995146594,29.481434162507917],[81.62485517773521,29.482769186718222],[81.62524574322873,29.48410320797301],[81.62396826516134,29.483551843421626],[81.62269215878126,29.483223920233556],[81.62129118551425,29.48334325156641],[81.62040495864414,29.484238690942636],[81.62015703523579,29.48535457803221],[81.62066984724372,29.485909496359575],[81.62181484984447,29.485680755259402],[81.62258438089032,29.48645793033344],[81.62398953324858,29.487008670642616],[81.6243746102204,29.487453617870255],[81.62412406632919,29.488233281043478],[81.62451394591608,29.48945895756196],[81.62464779463834,29.49046019063901],[81.62427020091457,29.491242727601627],[81.62411088515405,29.491548128220167],[81.6233764280395,29.490912996163775],[81.62184559740568,29.490696789754406],[81.62031196249676,29.489923169847746],[81.6194107043118,29.488368203267623],[81.6178812485648,29.488262466744334],[81.61777683349688,29.488283283951873],[81.61698479174188,29.487598824179123],[81.61583024676828,29.48626610721208],[81.61563873615313,29.48626691783428],[81.61531550028529,29.485487685951657],[81.61467513921002,29.484933265499212],[81.6130106498995,29.483602918391473],[81.6127159147732,29.483486943958564],[81.61135090252822,29.482942643167522],[81.61019579496433,29.48160986395899],[81.60918616822188,29.48107744551649],[81.6095560579776,29.481168289112585],[81.60904281033105,29.480500461974803],[81.60814647927474,29.479836631735452],[81.60648280128532,29.47861675525178],[81.60469350868627,29.477623004767207],[81.60302602766718,29.47573518163738],[81.60098020406896,29.47451911374374],[81.59931733740342,29.4734097685365],[81.59803624271963,29.472190270542423],[81.59586019085454,29.470417412971475],[81.59394098193815,29.468975091959635],[81.59227636934466,29.467533900099475],[81.59009994459923,29.465648133745447],[81.5881814832586,29.464320784299087],[81.58626177469549,29.46287833908287],[81.58459679073796,29.461213643204108],[81.58395537053444,29.4604357203255],[81.58369339984542,29.460159323761218],[81.5835590303639,29.46055931395747],[81.58244490359746,29.461545777444993],[81.58127763593518,29.46223240295149],[81.58016032834605,29.462670455974298],[81.5791263526472,29.463929624875412],[81.57847984322548,29.46472897721085],[81.57785841055016,29.46530032517038],[81.5765876628675,29.466194947587706],[81.57561307268536,29.468160012108125],[81.57446384957733,29.470475614680087],[81.5741545347912,29.47107041098515],[81.57363975969533,29.47216478833439],[81.57354045937119,29.47296395881187],[81.57369882601034,29.47337401878762],[81.57375309078445,29.473737063370248],[81.57427784228841,29.474418518942997],[81.5749325179639,29.47514449020469],[81.57535360394814,29.47596404756976],[81.57531194812876,29.476914201092374],[81.57520105398436,29.47942612383438],[81.57435406153432,29.48230683360445],[81.57335499340866,29.486368262735965],[81.5738355274487,29.487880336947867],[81.57451812099298,29.4905761363127],[81.57450861775345,29.490600955748754],[81.57518078733722,29.492127973621024],[81.57622741552201,29.493504389755557],[81.57664818036034,29.494809028104832],[81.57685554266001,29.496687768807114],[81.57761123878768,29.498602526630197],[81.57829823723362,29.499432153243923],[81.57943178433449,29.50008835933188],[81.5795857793603,29.50017794940637],[81.57992989744457,29.501031641604406],[81.58019605994554,29.501120733314984],[81.58146072605442,29.501345376972125],[81.58485681962253,29.502260122815194],[81.58578885444308,29.502747901971073],[81.58607333784495,29.502751155595003],[81.58625090880598,29.502563102907544],[81.58620946074547,29.502202246364217],[81.58631557391188,29.501590255663977],[81.58663112702096,29.501850585769773],[81.58705734501137,29.502284218267743],[81.58797768404389,29.503072147743527],[81.58838621070775,29.50335248495],[81.58846261361305,29.50340400053727],[81.58906271171048,29.50378943356147],[81.59012285214735,29.504673768115133],[81.59085412505742,29.50509696281763],[81.59301549910259,29.505915478047797],[81.59319243900951,29.506074902475717],[81.59366066595699,29.506957416570966],[81.59398416035096,29.507246942942803],[81.59444908254724,29.50755853967308],[81.59526470194798,29.507852697924427],[81.59587167758534,29.508204245740025],[81.59690789497999,29.507592640729015],[81.59835319619401,29.507539767612265],[81.59961436280916,29.507641499717117],[81.60130588304689,29.50767209141975],[81.60197319368474,29.508078780741855],[81.60337335315789,29.508025031257414],[81.60347164063873,29.50802822103613],[81.60474868967172,29.508069560897567],[81.60512845713087,29.508234300912097],[81.60555643180099,29.50826168886411],[81.60588849144864,29.50858691301893],[81.60594657439331,29.50867762753522],[81.60780028742064,29.50829003616583],[81.61025722665782,29.50814114566161],[81.61179274939444,29.50813403701523],[81.61468710798557,29.507795784167328],[81.61492695087833,29.507677314477473]]]}},{"type":"Feature","properties":{"province":"Sudurpashchim Province","district":"Bajura","municipality":"Budhinanda Municipality","ward":"10","wardNumber":10,"sourceMunicipality":"Budhinanda","sourceType":"Nagarpalika"},"geometry":{"type":"Polygon","coordinates":[[[81.5909068816163,29.449079658649293],[81.59090124806845,29.449443015130967],[81.59093156108128,29.45021911804257],[81.59083163566062,29.45099353194853],[81.59070589032079,29.451655224302588],[81.59030947047155,29.452875514796414],[81.58994657730035,29.453195291784507],[81.58786979896331,29.456451535074425],[81.58776669288373,29.456679913762724],[81.58745831613088,29.457319847774315],[81.58675879010204,29.457959276746713],[81.58425599833727,29.459577034418594],[81.58371240855779,29.46010280734545],[81.58369339984542,29.460159323761218],[81.58395537053444,29.4604357203255],[81.58459679073796,29.461213643204108],[81.58626177469549,29.46287833908287],[81.5881814832586,29.464320784299087],[81.59009994459923,29.465648133745447],[81.59227636934466,29.467533900099475],[81.59394098193815,29.468975091959635],[81.59586019085454,29.470417412971475],[81.59803624271963,29.472190270542423],[81.59931733740342,29.4734097685365],[81.60098020406896,29.47451911374374],[81.60302602766718,29.47573518163738],[81.60469350868627,29.477623004767207],[81.60648280128532,29.47861675525178],[81.60814647927474,29.479836631735452],[81.60904281033105,29.480500461974803],[81.6095560579776,29.481168289112585],[81.60918616822188,29.48107744551649],[81.61019579496433,29.48160986395899],[81.61135090252822,29.482942643167522],[81.6127159147732,29.483486943958564],[81.61288023413232,29.483046128990118],[81.6132552083205,29.481819085939748],[81.61248311957252,29.480597530971995],[81.61209617174377,29.479818485755032],[81.61107017308527,29.47870858573108],[81.61004136732909,29.47715180413604],[81.60888370452822,29.475261674046372],[81.60836908420652,29.47437271957458],[81.60696218727998,29.473487881251046],[81.60632319829446,29.473156776417852],[81.60529333279999,29.47137661728096],[81.60426614942068,29.470043214538663],[81.60311328947633,29.468933750297435],[81.6020874789263,29.46782372487246],[81.60003460874786,29.465382485206327],[81.59760021900577,29.462940677660864],[81.59606134559914,29.461275483806887],[81.5961850272957,29.46060478830163],[81.59669035575502,29.45993459764295],[81.59629960376942,29.458487669338243],[81.59629567550634,29.4578175353849],[81.59731019885176,29.45703225379297],[81.59781552793727,29.456251468544956],[81.59857670040303,29.455801283067192],[81.59985174482415,29.456018923876137],[81.60010659301332,29.455943280343913],[81.59908396221951,29.45535215733535],[81.59703464847031,29.45346820562871],[81.59524005765631,29.451468035579527],[81.59370205766888,29.449915624565072],[81.5926784929448,29.449139509714037],[81.59153118379736,29.448921182254043],[81.5909068816163,29.449079658649293]]]}},{"type":"Feature","properties":{"province":"Sudurpashchim Province","district":"Bajura","municipality":"Budhinanda Municipality","ward":"9","wardNumber":9,"sourceMunicipality":"Budhinanda","sourceType":"Nagarpalika"},"geometry":{"type":"Polygon","coordinates":[[[81.61538021733224,29.464648824012166],[81.61519001755487,29.46475579085399],[81.61429580920208,29.46431315065024],[81.61340559142647,29.46454064491961],[81.61263500077226,29.46354009169334],[81.61186441153217,29.46242894492244],[81.61236562290475,29.461088494486315],[81.61197667880403,29.45997560185311],[81.61145600966032,29.458082602520555],[81.61094282205929,29.457527558846063],[81.6106768120542,29.45563556308503],[81.61003127607236,29.45418763124983],[81.60798514153261,29.452861218168604],[81.60670286300825,29.451416154043958],[81.60631198627703,29.449969287813563],[81.60553827953564,29.44830072722957],[81.60450928719688,29.446633350798898],[81.60272192951095,29.445973574095515],[81.60080502881034,29.444867539180603],[81.59926896425706,29.44353638102745],[81.59799086429953,29.442761388642175],[81.59607595939198,29.441989264492232],[81.59428548335622,29.440772011540485],[81.59363832671352,29.438990044530122],[81.59235642259839,29.43754710552063],[81.59057056374405,29.43699767349693],[81.58853278789186,29.43700671446635],[81.58779756786926,29.437143183996596],[81.58803477481851,29.43771291585675],[81.58861397893668,29.43877998572392],[81.58934743199,29.439688323385855],[81.5895845776729,29.44012051571823],[81.59013384224208,29.440596474076347],[81.59107637422933,29.441526445097367],[81.59118197190598,29.441844164992002],[81.59113282208168,29.442255034662104],[81.59107896409364,29.443859629578686],[81.59091063687818,29.44884046321723],[81.5909068816163,29.449079658649293],[81.59153118379736,29.448921182254043],[81.5926784929448,29.449139509714037],[81.59370205766888,29.449915624565072],[81.59524005765631,29.451468035579527],[81.59703464847031,29.45346820562871],[81.59908396221951,29.45535215733535],[81.60010659301332,29.455943280343913],[81.59985174482415,29.456018923876137],[81.59857670040303,29.455801283067192],[81.59781552793727,29.456251468544956],[81.59731019885176,29.45703225379297],[81.59629567550634,29.4578175353849],[81.59629960376942,29.458487669338243],[81.59669035575502,29.45993459764295],[81.5961850272957,29.46060478830163],[81.59606134559914,29.461275483806887],[81.59760021900577,29.462940677660864],[81.60003460874786,29.465382485206327],[81.6020874789263,29.46782372487246],[81.60311328947633,29.468933750297435],[81.60426614942068,29.470043214538663],[81.60529333279999,29.47137661728096],[81.60632319829446,29.473156776417852],[81.60696218727998,29.473487881251046],[81.60836908420652,29.47437271957458],[81.60888370452822,29.475261674046372],[81.61004136732909,29.47715180413604],[81.61107017308527,29.47870858573108],[81.61209617174377,29.479818485755032],[81.61248311957252,29.480597530971995],[81.6132552083205,29.481819085939748],[81.61288023413232,29.483046128990118],[81.6127159147732,29.483486943958564],[81.6130106498995,29.483602918391473],[81.61467513921002,29.484933265499212],[81.61531550028529,29.485487685951657],[81.61563873615313,29.48626691783428],[81.61583024676828,29.48626610721208],[81.61698479174188,29.487598824179123],[81.61777683349688,29.488283283951873],[81.6178812485648,29.488262466744334],[81.6194107043118,29.488368203267623],[81.62031196249676,29.489923169847746],[81.62184559740568,29.490696789754406],[81.6233764280395,29.490912996163775],[81.62411088515405,29.491548128220167],[81.62427020091457,29.491242727601627],[81.62464779463834,29.49046019063901],[81.62451394591608,29.48945895756196],[81.62412406632919,29.488233281043478],[81.6243746102204,29.487453617870255],[81.62398953324858,29.487008670642616],[81.62258438089032,29.48645793033344],[81.62181484984447,29.485680755259402],[81.62066984724372,29.485909496359575],[81.62015703523579,29.48535457803221],[81.62040495864414,29.484238690942636],[81.62129118551425,29.48334325156641],[81.62269215878126,29.483223920233556],[81.62396826516134,29.483551843421626],[81.62524574322873,29.48410320797301],[81.62485517773521,29.482769186718222],[81.62420995146594,29.481434162507917],[81.62458542427366,29.480317714770855],[81.62381190166387,29.47887265707904],[81.62432053647184,29.478646908717195],[81.6252128745899,29.478753263218728],[81.62507834076479,29.477639184613174],[81.62506736306295,29.47585659888639],[81.62442357225886,29.474744953210294],[81.62471649590036,29.47478646872039],[81.62518886236636,29.47485193110814],[81.62646552898005,29.475292700489092],[81.62646209901826,29.474735348811496],[81.6260749632289,29.47395642831461],[81.62517719929859,29.472956562769987],[81.62517102412687,29.471954706443398],[81.62452860496161,29.471064187551],[81.62362610143519,29.469285780513044],[81.62285058250359,29.467506812260012],[81.62182252474811,29.466060751212996],[81.62041899567568,29.46573332610064],[81.61876429866606,29.46596443712504],[81.61774640908833,29.466079834297346],[81.61608691038353,29.46553009087771],[81.61538021733224,29.464648824012166]]]}},{"type":"Feature","properties":{"province":"Sudurpashchim Province","district":"Bajura","municipality":"Budhinanda Municipality","ward":"8","wardNumber":8,"sourceMunicipality":"Budhinanda","sourceType":"Nagarpalika"},"geometry":{"type":"Polygon","coordinates":[[[81.61538021733224,29.464648824012166],[81.61658674980433,29.463968576428783],[81.6176032058418,29.463517080692398],[81.61849067896269,29.462845019031175],[81.61912280679884,29.46206129653417],[81.61937266387906,29.461279382297743],[81.61923819391748,29.460054771299113],[81.61948200138464,29.45826875063814],[81.6206164643422,29.456257424082505],[81.62201101086016,29.455246768388346],[81.62366489656009,29.454905062757064],[81.62455430288394,29.454566973661496],[81.62518150276286,29.453002522110705],[81.62644763026218,29.451660705553188],[81.6264386492364,29.45020984240567],[81.62757641551656,29.4488663992634],[81.62797895393619,29.44818526691589],[81.62656661673174,29.447327686297115],[81.62614852112084,29.44725747331312],[81.62592612367612,29.447256345505497],[81.62433882927805,29.447399118841428],[81.62411824747322,29.447267014714143],[81.62365963956417,29.446993867217735],[81.6233946119246,29.446241455764678],[81.62289505998879,29.445402141046557],[81.62279816258837,29.44441197455687],[81.62276023958547,29.442521232377924],[81.62164758216981,29.441443341255667],[81.6209145002459,29.44076307012424],[81.61747139434338,29.439571867921444],[81.61433903752722,29.438061076705623],[81.61316341142057,29.437405307558556],[81.61062784894767,29.435548608539882],[81.60995823386855,29.43458362994121],[81.60969270813875,29.433718373284695],[81.60950409024773,29.432672252223618],[81.60955105897553,29.431805498122394],[81.60956914897797,29.4304154653674],[81.60999232548333,29.429400360097848],[81.61064032997281,29.428918976976025],[81.6118141772192,29.42726181665807],[81.61202007399974,29.426895337040225],[81.6127421784031,29.425775016909764],[81.61293956818217,29.425593590193223],[81.6125219166199,29.425151018269016],[81.61149509978989,29.424350146640773],[81.61038986991069,29.424120566687513],[81.60830445353747,29.42399250476695],[81.60771416868238,29.423780747687402],[81.6075633632235,29.423668713749734],[81.60607431105085,29.42271873015299],[81.60145417938492,29.422523118623758],[81.59938507907488,29.422543725199105],[81.5986047180285,29.422639744434736],[81.5979027623049,29.422710631865087],[81.59688955937087,29.42301077000086],[81.59595370023459,29.423197751571895],[81.59572023295722,29.42338155253808],[81.59460573590161,29.42409293588203],[81.59358008937768,29.424472035461978],[81.59295622386733,29.424680151020684],[81.59054060392245,29.425489673193063],[81.58846261468332,29.42620517101043],[81.58784199312821,29.426869108598652],[81.58675213171755,29.427397437579938],[81.58385875717386,29.428879150596906],[81.58504551426833,29.429386126459672],[81.58564573838147,29.42965652467829],[81.58575115118938,29.429838829939488],[81.58630016610336,29.430269650033072],[81.58737349612231,29.43133447475902],[81.5879755910773,29.431925280707052],[81.5887741929965,29.432844684080443],[81.58924736096805,29.433639110261804],[81.58959004254841,29.43438902236804],[81.5893325634481,29.43477825796303],[81.5890488221968,29.435303033622766],[81.58805361235387,29.436503374114654],[81.58779756786926,29.437143183996596],[81.58853278789186,29.43700671446635],[81.59057056374405,29.43699767349693],[81.59235642259839,29.43754710552063],[81.59363832671352,29.438990044530122],[81.59428548335622,29.440772011540485],[81.59607595939198,29.441989264492232],[81.59799086429953,29.442761388642175],[81.59926896425706,29.44353638102745],[81.60080502881034,29.444867539180603],[81.60272192951095,29.445973574095515],[81.60450928719688,29.446633350798898],[81.60553827953564,29.44830072722957],[81.60631198627703,29.449969287813563],[81.60670286300825,29.451416154043958],[81.60798514153261,29.452861218168604],[81.61003127607236,29.45418763124983],[81.6106768120542,29.45563556308503],[81.61094282205929,29.457527558846063],[81.61145600966032,29.458082602520555],[81.61197667880403,29.45997560185311],[81.61236562290475,29.461088494486315],[81.61186441153217,29.46242894492244],[81.61263500077226,29.46354009169334],[81.61340559142647,29.46454064491961],[81.61429580920208,29.46431315065024],[81.61519001755487,29.46475579085399],[81.61538021733224,29.464648824012166]]]}}]}